-- Results for maxWorkers=1 and chunkSize=5 for 40 Requests --
28/Jul/2026:14:01:49.860255 27fc6732 Range=bytes=87478-974243
28/Jul/2026:14:01:49.860555 0a0d3c1d Range=bytes=974244-1851241
28/Jul/2026:14:01:49.860790 ebacc775 Range=bytes=1851242-2750474
28/Jul/2026:14:01:49.860894 b0ec38c0 Range=bytes=2750475-3652495
28/Jul/2026:14:01:49.860977 af72896e Range=bytes=3652496-3754243
28/Jul/2026:14:01:49.861054 87ae3031 Range=bytes=3754244-3850487
28/Jul/2026:14:01:49.861127 d940df96 Range=bytes=7415186-7591621
28/Jul/2026:14:01:49.861197 a423795b Range=bytes=7591622-7765295
28/Jul/2026:14:01:49.861268 11a16d47 Range=bytes=3850488-4735002
28/Jul/2026:14:01:49.861412 c5146c66 Range=bytes=4735003-5616507
28/Jul/2026:14:01:49.861540 311204af Range=bytes=5616508-6512596
28/Jul/2026:14:01:49.861630 07026044 Range=bytes=6512597-7415185
28/Jul/2026:14:01:49.861708 1d3a869d Range=bytes=7765296-7868753
28/Jul/2026:14:01:49.862538 8fc62ae7 Range=bytes=7868754-7968366
28/Jul/2026:14:01:49.862736 1e391e7a Range=bytes=11533999-11648621
28/Jul/2026:14:01:49.862830 ef3c0bbe Range=bytes=11648622-11768139
28/Jul/2026:14:01:49.862911 9e9cacc6 Range=bytes=7968367-8856069
28/Jul/2026:14:01:49.862986 a6444163 Range=bytes=8856070-9744491
28/Jul/2026:14:01:49.863172 cae3d714 Range=bytes=9744492-10652386
28/Jul/2026:14:01:49.863240 b254f989 Range=bytes=10652387-11533998
28/Jul/2026:14:01:49.863286 a48a5625 Range=bytes=11768140-11869466
28/Jul/2026:14:01:49.863327 4f36d45d Range=bytes=11869467-11975123
28/Jul/2026:14:01:49.863431 c2fc6400 Range=bytes=15553835-15652077
28/Jul/2026:14:01:49.863470 6af0c60a Range=bytes=15652078-15733139
28/Jul/2026:14:01:49.863634 90cb554f Range=bytes=11975124-12870473
28/Jul/2026:14:01:49.863710 20d17fda Range=bytes=12870474-13766804
28/Jul/2026:14:01:49.863794 fbc3201f Range=bytes=13766805-14670925
28/Jul/2026:14:01:49.863842 0011cad6 Range=bytes=14670926-15553834
28/Jul/2026:14:01:49.863888 ae3dc226 Range=bytes=15733140-15826720
28/Jul/2026:14:01:49.863929 c6aa60a1 Range=bytes=15826721-15930431
28/Jul/2026:14:01:49.864014 3db05b98 Range=bytes=19546918-19624247
28/Jul/2026:14:01:49.864063 4bafd6b9 Range=bytes=19624248-19703507
28/Jul/2026:14:01:49.911221 4bafd6b9 Range=bytes=19624248-19703507 Recieved
28/Jul/2026:14:01:49.915108 a48a5625 Range=bytes=11768140-11869466 Recieved
28/Jul/2026:14:01:49.918531 6af0c60a Range=bytes=15652078-15733139 Recieved
28/Jul/2026:14:01:49.918694 ef3c0bbe Range=bytes=11648622-11768139 Recieved
28/Jul/2026:14:01:49.919052 4f36d45d Range=bytes=11869467-11975123 Recieved
28/Jul/2026:14:01:49.921541 ae3dc226 Range=bytes=15733140-15826720 Recieved
28/Jul/2026:14:01:49.931191 c2fc6400 Range=bytes=15553835-15652077 Recieved
28/Jul/2026:14:01:49.931335 c6aa60a1 Range=bytes=15826721-15930431 Recieved
28/Jul/2026:14:01:49.933643 8fc62ae7 Range=bytes=7868754-7968366 Recieved
28/Jul/2026:14:01:49.939070 1e391e7a Range=bytes=11533999-11648621 Recieved
28/Jul/2026:14:01:49.942239 3db05b98 Range=bytes=19546918-19624247 Recieved
28/Jul/2026:14:01:49.944347 d940df96 Range=bytes=7415186-7591621 Recieved
28/Jul/2026:14:01:49.946060 a423795b Range=bytes=7591622-7765295 Recieved
28/Jul/2026:14:01:49.950302 87ae3031 Range=bytes=3754244-3850487 Recieved
28/Jul/2026:14:01:49.950367 1d3a869d Range=bytes=7765296-7868753 Recieved
28/Jul/2026:14:01:49.951251 af72896e Range=bytes=3652496-3754243 Recieved
28/Jul/2026:14:01:50.197345 fbc3201f Range=bytes=13766805-14670925 Recieved
28/Jul/2026:14:01:50.215663 311204af Range=bytes=5616508-6512596 Recieved
28/Jul/2026:14:01:50.225602 11a16d47 Range=bytes=3850488-4735002 Recieved
28/Jul/2026:14:01:50.226530 b254f989 Range=bytes=10652387-11533998 Recieved
28/Jul/2026:14:01:50.351993 27fc6732 Range=bytes=87478-974243 Recieved
28/Jul/2026:14:01:50.406375 a6444163 Range=bytes=8856070-9744491 Recieved
28/Jul/2026:14:01:50.414991 07026044 Range=bytes=6512597-7415185 Recieved
28/Jul/2026:14:01:50.415414 c5146c66 Range=bytes=4735003-5616507 Recieved
28/Jul/2026:14:01:50.424271 20d17fda Range=bytes=12870474-13766804 Recieved
28/Jul/2026:14:01:50.438230 0a0d3c1d Range=bytes=974244-1851241 Recieved
28/Jul/2026:14:01:50.438635 cae3d714 Range=bytes=9744492-10652386 Recieved
28/Jul/2026:14:01:50.451208 90cb554f Range=bytes=11975124-12870473 Recieved
28/Jul/2026:14:01:50.637846 9e9cacc6 Range=bytes=7968367-8856069 Recieved
28/Jul/2026:14:01:50.639066 0011cad6 Range=bytes=14670926-15553834 Recieved
28/Jul/2026:14:01:50.681262 ebacc775 Range=bytes=1851242-2750474 Recieved
28/Jul/2026:14:01:50.689685 b0ec38c0 Range=bytes=2750475-3652495 Recieved
Thread for range[0,4] completed | Latency: 0.9281s 
28/Jul/2026:14:01:50.788011 563a8bf8 Range=bytes=24234185-25131850
28/Jul/2026:14:01:50.788169 157c992a Range=bytes=25131851-26021337
28/Jul/2026:14:01:50.788239 49d84a4b Range=bytes=26021338-26949704
28/Jul/2026:14:01:50.788298 94d98f6c Range=bytes=26949705-27856487
28/Jul/2026:14:01:50.788358 c1bbdff4 Range=bytes=28040343-28228335
28/Jul/2026:14:01:50.788412 a2e0c164 Range=bytes=28228336-28434926
28/Jul/2026:14:01:50.788463 343d535b Range=bytes=32038768-32136927
28/Jul/2026:14:01:50.788523 37e48b35 Range=bytes=32136928-32236123
28/Jul/2026:14:01:50.788616 5b6f468f Range=bytes=28434927-29322116
28/Jul/2026:14:01:50.788681 bc6d0b24 Range=bytes=29322117-30208735
28/Jul/2026:14:01:50.788744 7c34d7da Range=bytes=30208736-31127958
28/Jul/2026:14:01:50.788796 6bed087a Range=bytes=31127959-32038767
28/Jul/2026:14:01:50.788844 acbede4f Range=bytes=32236124-32417063
28/Jul/2026:14:01:50.788894 9d3cb3e7 Range=bytes=32417064-32607768
28/Jul/2026:14:01:50.788940 a1ec206d Range=bytes=36212070-36319657
28/Jul/2026:14:01:50.788988 922090e7 Range=bytes=36319658-36416454
28/Jul/2026:14:01:50.789039 549dd437 Range=bytes=32607769-33501534
28/Jul/2026:14:01:50.789086 53e6a85c Range=bytes=33501535-34378949
28/Jul/2026:14:01:50.789133 b2100217 Range=bytes=34378950-35297118
28/Jul/2026:14:01:50.789181 c7a41ffc Range=bytes=35304431-36212069
28/Jul/2026:14:01:50.789235 d7f1217e Range=bytes=36416455-36543919
28/Jul/2026:14:01:50.789286 37f80f75 Range=bytes=36543920-36729573
28/Jul/2026:14:01:50.789334 761d15b8 Range=bytes=40334677-40433976
28/Jul/2026:14:01:50.789383 5f05cdd3 Range=bytes=40433977-40533620
28/Jul/2026:14:01:50.789431 89a4dc72 Range=bytes=36729574-37630193
28/Jul/2026:14:01:50.789586 9ae18086 Range=bytes=37630194-38517959
28/Jul/2026:14:01:50.789641 9253798f Range=bytes=38517960-39431120
28/Jul/2026:14:01:50.789694 2cda0b2f Range=bytes=39431121-40334676
28/Jul/2026:14:01:50.789744 3309229a Range=bytes=40533621-40629008
28/Jul/2026:14:01:50.789796 312aca7f Range=bytes=40629009-40727446
28/Jul/2026:14:01:50.789847 ab6e8702 Range=bytes=44312243-44399545
28/Jul/2026:14:01:50.789897 73e27593 Range=bytes=44399546-44497232
28/Jul/2026:14:01:50.802528 d7f1217e Range=bytes=36416455-36543919 Recieved
28/Jul/2026:14:01:50.806973 3309229a Range=bytes=40533621-40629008 Recieved
28/Jul/2026:14:01:50.810311 761d15b8 Range=bytes=40334677-40433976 Recieved
28/Jul/2026:14:01:50.811250 312aca7f Range=bytes=40629009-40727446 Recieved
28/Jul/2026:14:01:50.813400 5f05cdd3 Range=bytes=40433977-40533620 Recieved
28/Jul/2026:14:01:50.816799 343d535b Range=bytes=32038768-32136927 Recieved
28/Jul/2026:14:01:50.817925 37e48b35 Range=bytes=32136928-32236123 Recieved
28/Jul/2026:14:01:50.821206 73e27593 Range=bytes=44399546-44497232 Recieved
28/Jul/2026:14:01:50.828937 37f80f75 Range=bytes=36543920-36729573 Recieved
28/Jul/2026:14:01:50.834335 acbede4f Range=bytes=32236124-32417063 Recieved
28/Jul/2026:14:01:50.837792 a2e0c164 Range=bytes=28228336-28434926 Recieved
28/Jul/2026:14:01:50.839394 ab6e8702 Range=bytes=44312243-44399545 Recieved
28/Jul/2026:14:01:50.842222 a1ec206d Range=bytes=36212070-36319657 Recieved
28/Jul/2026:14:01:50.850973 922090e7 Range=bytes=36319658-36416454 Recieved
28/Jul/2026:14:01:50.852290 9d3cb3e7 Range=bytes=32417064-32607768 Recieved
28/Jul/2026:14:01:50.874139 c1bbdff4 Range=bytes=28040343-28228335 Recieved
28/Jul/2026:14:01:51.085550 89a4dc72 Range=bytes=36729574-37630193 Recieved
28/Jul/2026:14:01:51.289751 49d84a4b Range=bytes=26021338-26949704 Recieved
28/Jul/2026:14:01:51.291540 549dd437 Range=bytes=32607769-33501534 Recieved
28/Jul/2026:14:01:51.295697 bc6d0b24 Range=bytes=29322117-30208735 Recieved
28/Jul/2026:14:01:51.308092 6bed087a Range=bytes=31127959-32038767 Recieved
28/Jul/2026:14:01:51.333022 5b6f468f Range=bytes=28434927-29322116 Recieved
28/Jul/2026:14:01:51.337781 563a8bf8 Range=bytes=24234185-25131850 Recieved
28/Jul/2026:14:01:51.348377 157c992a Range=bytes=25131851-26021337 Recieved
28/Jul/2026:14:01:51.349286 53e6a85c Range=bytes=33501535-34378949 Recieved
28/Jul/2026:14:01:51.371117 2cda0b2f Range=bytes=39431121-40334676 Recieved
28/Jul/2026:14:01:51.385711 7c34d7da Range=bytes=30208736-31127958 Recieved
28/Jul/2026:14:01:51.421333 9253798f Range=bytes=38517960-39431120 Recieved
28/Jul/2026:14:01:51.427052 94d98f6c Range=bytes=26949705-27856487 Recieved
28/Jul/2026:14:01:51.497237 9ae18086 Range=bytes=37630194-38517959 Recieved
28/Jul/2026:14:01:51.590911 b2100217 Range=bytes=34378950-35297118 Recieved
28/Jul/2026:14:01:51.797151 c7a41ffc Range=bytes=35304431-36212069 Recieved
Thread for range[6,10] completed | Latency: 1.1085s 
28/Jul/2026:14:01:51.896827 b93380a5 Range=bytes=48584354-49489417
28/Jul/2026:14:01:51.896988 475b00fd Range=bytes=49489418-50366469
28/Jul/2026:14:01:51.897057 029bf465 Range=bytes=50366470-51261478
28/Jul/2026:14:01:51.897117 d2a0d4b5 Range=bytes=51261479-52138480
28/Jul/2026:14:01:51.897172 147efb43 Range=bytes=52399041-52496406
28/Jul/2026:14:01:51.897229 8dacad87 Range=bytes=52496407-52595389
28/Jul/2026:14:01:51.897281 c1ca7918 Range=bytes=56155737-56304528
28/Jul/2026:14:01:51.897336 43db0a93 Range=bytes=56304529-56371233
28/Jul/2026:14:01:51.897473 f25d3275 Range=bytes=52595390-53481900
28/Jul/2026:14:01:51.897535 223fdaed Range=bytes=53481901-54370983
28/Jul/2026:14:01:51.897591 26be707c Range=bytes=54370984-55273864
28/Jul/2026:14:01:51.897640 c22e4e11 Range=bytes=55273865-56155736
28/Jul/2026:14:01:51.897701 01fc0baf Range=bytes=56371234-56468679
28/Jul/2026:14:01:51.897748 a617bf66 Range=bytes=56468680-56567129
28/Jul/2026:14:01:51.897798 71fb492c Range=bytes=60118164-60193157
28/Jul/2026:14:01:51.897847 f3222e1a Range=bytes=60193158-60249182
28/Jul/2026:14:01:51.897893 0ab51be3 Range=bytes=56567130-57460713
28/Jul/2026:14:01:51.897940 939be108 Range=bytes=57460714-58353065
28/Jul/2026:14:01:51.897992 0e7b8b5b Range=bytes=58353066-59231727
28/Jul/2026:14:01:51.898041 ddc81127 Range=bytes=59231728-60118163
28/Jul/2026:14:01:51.898094 39b3408b Range=bytes=60249183-60347628
28/Jul/2026:14:01:51.898139 f20bb9ef Range=bytes=60347629-60436223
28/Jul/2026:14:01:51.898185 d9948a57 Range=bytes=64031676-64101355
28/Jul/2026:14:01:51.898229 5fa3ed4d Range=bytes=64101356-64165114
28/Jul/2026:14:01:51.898273 83fc28cd Range=bytes=60436224-61334060
28/Jul/2026:14:01:51.898387 f550ed78 Range=bytes=61334061-62230151
28/Jul/2026:14:01:51.898438 b76037c2 Range=bytes=62230152-63141298
28/Jul/2026:14:01:51.898488 5e1089f5 Range=bytes=63141299-64028019
28/Jul/2026:14:01:51.898541 dca0683c Range=bytes=64165115-64256436
28/Jul/2026:14:01:51.898596 8753e007 Range=bytes=64256437-64350430
28/Jul/2026:14:01:51.898644 74405a8c Range=bytes=67958953-68033485
28/Jul/2026:14:01:51.898700 21b07c71 Range=bytes=68033486-68105496
28/Jul/2026:14:01:51.914240 74405a8c Range=bytes=67958953-68033485 Recieved
28/Jul/2026:14:01:51.919659 f3222e1a Range=bytes=60193158-60249182 Recieved
28/Jul/2026:14:01:51.922195 dca0683c Range=bytes=64165115-64256436 Recieved
28/Jul/2026:14:01:51.924390 147efb43 Range=bytes=52399041-52496406 Recieved
28/Jul/2026:14:01:51.925884 71fb492c Range=bytes=60118164-60193157 Recieved
28/Jul/2026:14:01:51.927234 c1ca7918 Range=bytes=56155737-56304528 Recieved
28/Jul/2026:14:01:51.933760 21b07c71 Range=bytes=68033486-68105496 Recieved
28/Jul/2026:14:01:51.938850 5fa3ed4d Range=bytes=64101356-64165114 Recieved
28/Jul/2026:14:01:51.940008 01fc0baf Range=bytes=56371234-56468679 Recieved
28/Jul/2026:14:01:51.940034 8dacad87 Range=bytes=52496407-52595389 Recieved
28/Jul/2026:14:01:51.942475 f20bb9ef Range=bytes=60347629-60436223 Recieved
28/Jul/2026:14:01:51.943954 d9948a57 Range=bytes=64031676-64101355 Recieved
28/Jul/2026:14:01:51.945110 a617bf66 Range=bytes=56468680-56567129 Recieved
28/Jul/2026:14:01:51.945707 39b3408b Range=bytes=60249183-60347628 Recieved
28/Jul/2026:14:01:51.948207 8753e007 Range=bytes=64256437-64350430 Recieved
28/Jul/2026:14:01:51.951798 43db0a93 Range=bytes=56304529-56371233 Recieved
28/Jul/2026:14:01:51.994778 ddc81127 Range=bytes=59231728-60118163 Recieved
28/Jul/2026:14:01:52.160460 029bf465 Range=bytes=50366470-51261478 Recieved
28/Jul/2026:14:01:52.177489 475b00fd Range=bytes=49489418-50366469 Recieved
28/Jul/2026:14:01:52.222591 939be108 Range=bytes=57460714-58353065 Recieved
28/Jul/2026:14:01:52.245236 c22e4e11 Range=bytes=55273865-56155736 Recieved
28/Jul/2026:14:01:52.246212 0ab51be3 Range=bytes=56567130-57460713 Recieved
28/Jul/2026:14:01:52.252944 26be707c Range=bytes=54370984-55273864 Recieved
28/Jul/2026:14:01:52.281781 0e7b8b5b Range=bytes=58353066-59231727 Recieved
28/Jul/2026:14:01:52.341408 b93380a5 Range=bytes=48584354-49489417 Recieved
28/Jul/2026:14:01:52.349917 d2a0d4b5 Range=bytes=51261479-52138480 Recieved
28/Jul/2026:14:01:52.365975 5e1089f5 Range=bytes=63141299-64028019 Recieved
28/Jul/2026:14:01:52.391029 83fc28cd Range=bytes=60436224-61334060 Recieved
28/Jul/2026:14:01:52.451116 223fdaed Range=bytes=53481901-54370983 Recieved
28/Jul/2026:14:01:52.496874 f25d3275 Range=bytes=52595390-53481900 Recieved
28/Jul/2026:14:01:52.571417 f550ed78 Range=bytes=61334061-62230151 Recieved
28/Jul/2026:14:01:52.646962 b76037c2 Range=bytes=62230152-63141298 Recieved
Thread for range[12,16] completed | Latency: 0.8348s 
28/Jul/2026:14:01:52.731849 4c335b6e Range=bytes=76814203-77708296
28/Jul/2026:14:01:52.731993 5ce7f29d Range=bytes=77708297-78594374
28/Jul/2026:14:01:52.732063 21e2784c Range=bytes=78594375-79519446
28/Jul/2026:14:01:52.732124 bc44610e Range=bytes=79519447-80433544
28/Jul/2026:14:01:52.732183 dc6dd8ba Range=bytes=80633331-80806136
28/Jul/2026:14:01:52.732253 0969b291 Range=bytes=80806137-80991512
28/Jul/2026:14:01:52.732439 2eb9fb1b Range=bytes=84596744-84702380
28/Jul/2026:14:01:52.732546 0f325ddd Range=bytes=84702381-84801064
28/Jul/2026:14:01:52.732677 1ab967d6 Range=bytes=80991513-81885663
28/Jul/2026:14:01:52.732742 2e7dcff7 Range=bytes=81885664-82767056
28/Jul/2026:14:01:52.732795 2bdd7868 Range=bytes=82767057-83688363
28/Jul/2026:14:01:52.732853 2174a969 Range=bytes=83688364-84596743
28/Jul/2026:14:01:52.732905 cc3cd504 Range=bytes=84801065-84961422
28/Jul/2026:14:01:52.732960 954c6046 Range=bytes=84961423-85130457
28/Jul/2026:14:01:52.733008 5335e063 Range=bytes=88745993-88844907
28/Jul/2026:14:01:52.733060 8292ac5e Range=bytes=88844908-88943720
28/Jul/2026:14:01:52.733107 dc869d1c Range=bytes=85130458-86033739
28/Jul/2026:14:01:52.733151 3a0082fe Range=bytes=86033740-86918661
28/Jul/2026:14:01:52.733199 2e5532bb Range=bytes=86918662-87839550
28/Jul/2026:14:01:52.733248 b857706f Range=bytes=87839551-88745992
28/Jul/2026:14:01:52.733295 bd78a58b Range=bytes=88943721-89074012
28/Jul/2026:14:01:52.733345 d1331e26 Range=bytes=89074013-89192873
28/Jul/2026:14:01:52.733395 bdd5fe04 Range=bytes=92805846-92892538
28/Jul/2026:14:01:52.733441 fdc10d63 Range=bytes=92896195-92992577
28/Jul/2026:14:01:52.733489 90a9891a Range=bytes=89192874-90102088
28/Jul/2026:14:01:52.733623 1ec7e317 Range=bytes=90102089-90990899
28/Jul/2026:14:01:52.733678 bbe6f808 Range=bytes=90990900-91898868
28/Jul/2026:14:01:52.733728 334f2af7 Range=bytes=91898869-92805845
28/Jul/2026:14:01:52.733775 364f089a Range=bytes=92992578-93079692
28/Jul/2026:14:01:52.733827 aec7b1c2 Range=bytes=93079693-93177728
28/Jul/2026:14:01:52.733875 f49653db Range=bytes=96791068-96873783
28/Jul/2026:14:01:52.733931 3161f3db Range=bytes=96873784-96964377
28/Jul/2026:14:01:52.756162 0f325ddd Range=bytes=84702381-84801064 Recieved
28/Jul/2026:14:01:52.759164 d1331e26 Range=bytes=89074013-89192873 Recieved
28/Jul/2026:14:01:52.763281 f49653db Range=bytes=96791068-96873783 Recieved
28/Jul/2026:14:01:52.763991 2eb9fb1b Range=bytes=84596744-84702380 Recieved
28/Jul/2026:14:01:52.764364 3161f3db Range=bytes=96873784-96964377 Recieved
28/Jul/2026:14:01:52.767860 fdc10d63 Range=bytes=92896195-92992577 Recieved
28/Jul/2026:14:01:52.769878 aec7b1c2 Range=bytes=93079693-93177728 Recieved
28/Jul/2026:14:01:52.773606 364f089a Range=bytes=92992578-93079692 Recieved
28/Jul/2026:14:01:52.774170 5335e063 Range=bytes=88745993-88844907 Recieved
28/Jul/2026:14:01:52.777426 bdd5fe04 Range=bytes=92805846-92892538 Recieved
28/Jul/2026:14:01:52.779114 bd78a58b Range=bytes=88943721-89074012 Recieved
28/Jul/2026:14:01:52.782008 0969b291 Range=bytes=80806137-80991512 Recieved
28/Jul/2026:14:01:52.788071 cc3cd504 Range=bytes=84801065-84961422 Recieved
28/Jul/2026:14:01:52.788224 8292ac5e Range=bytes=88844908-88943720 Recieved
28/Jul/2026:14:01:52.800069 954c6046 Range=bytes=84961423-85130457 Recieved
28/Jul/2026:14:01:52.811668 dc6dd8ba Range=bytes=80633331-80806136 Recieved
28/Jul/2026:14:01:52.822072 4c335b6e Range=bytes=76814203-77708296 Recieved
28/Jul/2026:14:01:52.833319 90a9891a Range=bytes=89192874-90102088 Recieved
28/Jul/2026:14:01:52.999147 b857706f Range=bytes=87839551-88745992 Recieved
28/Jul/2026:14:01:53.000935 1ec7e317 Range=bytes=90102089-90990899 Recieved
28/Jul/2026:14:01:53.005694 2e5532bb Range=bytes=86918662-87839550 Recieved
28/Jul/2026:14:01:53.036658 3a0082fe Range=bytes=86033740-86918661 Recieved
28/Jul/2026:14:01:53.039754 dc869d1c Range=bytes=85130458-86033739 Recieved
28/Jul/2026:14:01:53.045183 bbe6f808 Range=bytes=90990900-91898868 Recieved
28/Jul/2026:14:01:53.053761 334f2af7 Range=bytes=91898869-92805845 Recieved
28/Jul/2026:14:01:53.090016 2bdd7868 Range=bytes=82767057-83688363 Recieved
28/Jul/2026:14:01:53.271443 21e2784c Range=bytes=78594375-79519446 Recieved
28/Jul/2026:14:01:53.283838 2174a969 Range=bytes=83688364-84596743 Recieved
28/Jul/2026:14:01:53.285977 1ab967d6 Range=bytes=80991513-81885663 Recieved
28/Jul/2026:14:01:53.292329 bc44610e Range=bytes=79519447-80433544 Recieved
28/Jul/2026:14:01:53.305224 5ce7f29d Range=bytes=77708297-78594374 Recieved
28/Jul/2026:14:01:53.335403 2e7dcff7 Range=bytes=81885664-82767056 Recieved
Thread for range[19,23] completed | Latency: 0.7005s 
28/Jul/2026:14:01:53.432607 f3303ebf Range=bytes=101109647-101996755
28/Jul/2026:14:01:53.432759 d7dfbf47 Range=bytes=101996756-102885289
28/Jul/2026:14:01:53.432825 6094803f Range=bytes=102885290-103782301
28/Jul/2026:14:01:53.432885 2da50c3e Range=bytes=103782302-104682993
28/Jul/2026:14:01:53.432943 ffd7a3a7 Range=bytes=104958942-105062263
28/Jul/2026:14:01:53.432999 e1c4d9be Range=bytes=105062264-105164289
28/Jul/2026:14:01:53.433054 e4dea355 Range=bytes=108774692-108881570
28/Jul/2026:14:01:53.433115 80300846 Range=bytes=108881571-108956846
28/Jul/2026:14:01:53.433209 86ddc492 Range=bytes=105164290-106057566
28/Jul/2026:14:01:53.433274 541cff7e Range=bytes=106057567-106946311
28/Jul/2026:14:01:53.433341 17f1e8d3 Range=bytes=106946312-107864873
28/Jul/2026:14:01:53.433392 6da91ae5 Range=bytes=107864874-108774691
28/Jul/2026:14:01:53.433456 e6390b5f Range=bytes=108956847-109060684
28/Jul/2026:14:01:53.433503 8ceca288 Range=bytes=109060685-109160291
28/Jul/2026:14:01:53.433550 926853a9 Range=bytes=112758631-112848799
28/Jul/2026:14:01:53.433596 1f58c61f Range=bytes=112848800-112934026
28/Jul/2026:14:01:53.433647 6703961a Range=bytes=109160292-110057072
28/Jul/2026:14:01:53.433695 a2540da1 Range=bytes=110057073-110958630
28/Jul/2026:14:01:53.433742 2f51f6d7 Range=bytes=110958631-111862687
28/Jul/2026:14:01:53.433790 f75617f6 Range=bytes=111862688-112758630
28/Jul/2026:14:01:53.433844 a56946b7 Range=bytes=112934027-113023753
28/Jul/2026:14:01:53.433898 f7560fc1 Range=bytes=113023754-113121790
28/Jul/2026:14:01:53.433947 52630e1d Range=bytes=116739249-116816907
28/Jul/2026:14:01:53.433990 8884d7ac Range=bytes=116816908-116895549
28/Jul/2026:14:01:53.434040 cd7e8d6b Range=bytes=113121791-114026306
28/Jul/2026:14:01:53.434180 8325c016 Range=bytes=114026307-114924633
28/Jul/2026:14:01:53.434240 08c5df1e Range=bytes=114924634-115845252
28/Jul/2026:14:01:53.434291 47ef5eda Range=bytes=115845253-116739248
28/Jul/2026:14:01:53.434341 bf9cb840 Range=bytes=116895550-117075558
28/Jul/2026:14:01:53.434395 10238e3b Range=bytes=117075559-117223897
28/Jul/2026:14:01:53.434443 2bd2a723 Range=bytes=120847528-120932588
28/Jul/2026:14:01:53.434496 74b9772a Range=bytes=120932589-121020335
28/Jul/2026:14:01:53.448781 52630e1d Range=bytes=116739249-116816907 Recieved
28/Jul/2026:14:01:53.449733 80300846 Range=bytes=108881571-108956846 Recieved
28/Jul/2026:14:01:53.456986 ffd7a3a7 Range=bytes=104958942-105062263 Recieved
28/Jul/2026:14:01:53.458223 2bd2a723 Range=bytes=120847528-120932588 Recieved
28/Jul/2026:14:01:53.465482 bf9cb840 Range=bytes=116895550-117075558 Recieved
28/Jul/2026:14:01:53.470546 e1c4d9be Range=bytes=105062264-105164289 Recieved
28/Jul/2026:14:01:53.470606 74b9772a Range=bytes=120932589-121020335 Recieved
28/Jul/2026:14:01:53.471767 a56946b7 Range=bytes=112934027-113023753 Recieved
28/Jul/2026:14:01:53.472080 8884d7ac Range=bytes=116816908-116895549 Recieved
28/Jul/2026:14:01:53.473627 e4dea355 Range=bytes=108774692-108881570 Recieved
28/Jul/2026:14:01:53.476382 f7560fc1 Range=bytes=113023754-113121790 Recieved
28/Jul/2026:14:01:53.476556 926853a9 Range=bytes=112758631-112848799 Recieved
28/Jul/2026:14:01:53.478132 10238e3b Range=bytes=117075559-117223897 Recieved
28/Jul/2026:14:01:53.484315 1f58c61f Range=bytes=112848800-112934026 Recieved
28/Jul/2026:14:01:53.487891 8ceca288 Range=bytes=109060685-109160291 Recieved
28/Jul/2026:14:01:53.490666 e6390b5f Range=bytes=108956847-109060684 Recieved
28/Jul/2026:14:01:53.535333 f75617f6 Range=bytes=111862688-112758630 Recieved
28/Jul/2026:14:01:53.537870 6703961a Range=bytes=109160292-110057072 Recieved
28/Jul/2026:14:01:53.541204 6094803f Range=bytes=102885290-103782301 Recieved
28/Jul/2026:14:01:53.543778 2f51f6d7 Range=bytes=110958631-111862687 Recieved
28/Jul/2026:14:01:53.555339 cd7e8d6b Range=bytes=113121791-114026306 Recieved
28/Jul/2026:14:01:53.559813 d7dfbf47 Range=bytes=101996756-102885289 Recieved
28/Jul/2026:14:01:53.560532 6da91ae5 Range=bytes=107864874-108774691 Recieved
28/Jul/2026:14:01:53.560883 a2540da1 Range=bytes=110057073-110958630 Recieved
28/Jul/2026:14:01:53.562609 17f1e8d3 Range=bytes=106946312-107864873 Recieved
28/Jul/2026:14:01:53.563931 08c5df1e Range=bytes=114924634-115845252 Recieved
28/Jul/2026:14:01:53.564816 541cff7e Range=bytes=106057567-106946311 Recieved
28/Jul/2026:14:01:53.567386 f3303ebf Range=bytes=101109647-101996755 Recieved
28/Jul/2026:14:01:53.573059 8325c016 Range=bytes=114026307-114924633 Recieved
28/Jul/2026:14:01:53.594318 2da50c3e Range=bytes=103782302-104682993 Recieved
28/Jul/2026:14:01:53.609263 47ef5eda Range=bytes=115845253-116739248 Recieved
28/Jul/2026:14:01:53.631687 86ddc492 Range=bytes=105164290-106057566 Recieved
Thread for range[25,29] completed | Latency: 0.2639s 
28/Jul/2026:14:01:53.696806 e7615798 Range=bytes=263235810-264136702
28/Jul/2026:14:01:53.696954 af679699 Range=bytes=264136703-265035310
28/Jul/2026:14:01:53.697036 73de5adf Range=bytes=265035311-265966653
28/Jul/2026:14:01:53.697107 58ab0a56 Range=bytes=265970310-266870599
28/Jul/2026:14:01:53.697174 2cf7af76 Range=bytes=267048300-267227489
28/Jul/2026:14:01:53.697237 35ecee59 Range=bytes=267227490-267438158
28/Jul/2026:14:01:53.697295 1b75537c Range=bytes=271068061-271165755
28/Jul/2026:14:01:53.697348 51b7e33d Range=bytes=271165756-271261132
28/Jul/2026:14:01:53.697409 a8c4d151 Range=bytes=267438159-268320644
28/Jul/2026:14:01:53.697468 8dcf32fe Range=bytes=268320645-269220265
28/Jul/2026:14:01:53.697522 3a4482e1 Range=bytes=269220266-270151585
28/Jul/2026:14:01:53.697579 7463ac75 Range=bytes=270151586-271068060
28/Jul/2026:14:01:53.697635 a2d6b9d2 Range=bytes=271261133-271452927
28/Jul/2026:14:01:53.697693 1036a7d5 Range=bytes=271452928-271664797
28/Jul/2026:14:01:53.697752 d0bc87e3 Range=bytes=275259621-275367257
28/Jul/2026:14:01:53.697807 acf98ae1 Range=bytes=275367258-275467977
28/Jul/2026:14:01:53.697863 6219f2c6 Range=bytes=271664798-272539140
28/Jul/2026:14:01:53.697922 fb9609da Range=bytes=272539141-273425414
28/Jul/2026:14:01:53.697974 f3c3c6b9 Range=bytes=273425415-274345814
28/Jul/2026:14:01:53.698029 05aae20d Range=bytes=274345815-275259620
28/Jul/2026:14:01:53.698087 80f7b2f1 Range=bytes=275467978-275662228
28/Jul/2026:14:01:53.698138 50e78946 Range=bytes=275662229-275862676
28/Jul/2026:14:01:53.698193 aafdfe3c Range=bytes=279454164-279561141
28/Jul/2026:14:01:53.698248 d80b3aa5 Range=bytes=279561142-279670462
28/Jul/2026:14:01:53.698302 8eac074c Range=bytes=275862677-276740054
28/Jul/2026:14:01:53.698436 105941c5 Range=bytes=276740055-277624150
28/Jul/2026:14:01:53.698496 8dd99d85 Range=bytes=277624151-278545403
28/Jul/2026:14:01:53.698555 a675e2cd Range=bytes=278545404-279454163
28/Jul/2026:14:01:53.698615 6021142e Range=bytes=279670463-279832339
28/Jul/2026:14:01:53.698666 820d2813 Range=bytes=279832340-280011509
28/Jul/2026:14:01:53.698726 f3d1d891 Range=bytes=283630508-283728232
28/Jul/2026:14:01:53.698787 64d771f5 Range=bytes=283728233-283843517
28/Jul/2026:14:01:53.709839 2cf7af76 Range=bytes=267048300-267227489 Recieved
28/Jul/2026:14:01:53.718593 1b75537c Range=bytes=271068061-271165755 Recieved
28/Jul/2026:14:01:53.722583 d80b3aa5 Range=bytes=279561142-279670462 Recieved
28/Jul/2026:14:01:53.727995 f3d1d891 Range=bytes=283630508-283728232 Recieved
28/Jul/2026:14:01:53.736007 aafdfe3c Range=bytes=279454164-279561141 Recieved
28/Jul/2026:14:01:53.736236 6021142e Range=bytes=279670463-279832339 Recieved
28/Jul/2026:14:01:53.736254 51b7e33d Range=bytes=271165756-271261132 Recieved
28/Jul/2026:14:01:53.739564 a2d6b9d2 Range=bytes=271261133-271452927 Recieved
28/Jul/2026:14:01:53.740129 50e78946 Range=bytes=275662229-275862676 Recieved
28/Jul/2026:14:01:53.748491 acf98ae1 Range=bytes=275367258-275467977 Recieved
28/Jul/2026:14:01:53.751137 80f7b2f1 Range=bytes=275467978-275662228 Recieved
28/Jul/2026:14:01:53.762382 d0bc87e3 Range=bytes=275259621-275367257 Recieved
28/Jul/2026:14:01:53.763740 820d2813 Range=bytes=279832340-280011509 Recieved
28/Jul/2026:14:01:53.773552 35ecee59 Range=bytes=267227490-267438158 Recieved
28/Jul/2026:14:01:53.782923 1036a7d5 Range=bytes=271452928-271664797 Recieved
28/Jul/2026:14:01:53.794298 6219f2c6 Range=bytes=271664798-272539140 Recieved
28/Jul/2026:14:01:53.795100 fb9609da Range=bytes=272539141-273425414 Recieved
28/Jul/2026:14:01:53.795986 f3c3c6b9 Range=bytes=273425415-274345814 Recieved
28/Jul/2026:14:01:53.800438 105941c5 Range=bytes=276740055-277624150 Recieved
28/Jul/2026:14:01:53.809848 05aae20d Range=bytes=274345815-275259620 Recieved
28/Jul/2026:14:01:53.814970 8eac074c Range=bytes=275862677-276740054 Recieved
28/Jul/2026:14:01:53.817115 a675e2cd Range=bytes=278545404-279454163 Recieved
28/Jul/2026:14:01:53.833327 8dd99d85 Range=bytes=277624151-278545403 Recieved
28/Jul/2026:14:01:53.947229 64d771f5 Range=bytes=283728233-283843517 Recieved
28/Jul/2026:14:01:53.985149 e7615798 Range=bytes=263235810-264136702 Recieved
28/Jul/2026:14:01:54.016438 af679699 Range=bytes=264136703-265035310 Recieved
28/Jul/2026:14:01:54.027809 3a4482e1 Range=bytes=269220266-270151585 Recieved
28/Jul/2026:14:01:54.047315 73de5adf Range=bytes=265035311-265966653 Recieved
28/Jul/2026:14:01:54.050126 58ab0a56 Range=bytes=265970310-266870599 Recieved
28/Jul/2026:14:01:54.173707 a8c4d151 Range=bytes=267438159-268320644 Recieved
28/Jul/2026:14:01:54.178576 7463ac75 Range=bytes=270151586-271068060 Recieved
28/Jul/2026:14:01:54.207247 8dcf32fe Range=bytes=268320645-269220265 Recieved
Thread for range[65,69] completed | Latency: 0.6041s 
28/Jul/2026:14:01:54.301150 3d36994e Range=bytes=296035699-296927648
28/Jul/2026:14:01:54.301306 084424e1 Range=bytes=296927649-297803306
28/Jul/2026:14:01:54.301376 f984593a Range=bytes=297803307-298711102
28/Jul/2026:14:01:54.301436 a086aa87 Range=bytes=298711103-299612937
28/Jul/2026:14:01:54.301494 c63c241a Range=bytes=299946572-300050268
28/Jul/2026:14:01:54.301549 cbf7a567 Range=bytes=300050269-300147833
28/Jul/2026:14:01:54.301601 aaf8c622 Range=bytes=303721609-303855189
28/Jul/2026:14:01:54.301651 84227645 Range=bytes=303855190-303954638
28/Jul/2026:14:01:54.301700 97b4ca39 Range=bytes=300147834-301031514
28/Jul/2026:14:01:54.301750 4ce9c8b3 Range=bytes=301031515-301913547
28/Jul/2026:14:01:54.301802 e017e5b8 Range=bytes=301913548-302822230
28/Jul/2026:14:01:54.301853 830c318b Range=bytes=302822231-303721608
28/Jul/2026:14:01:54.301904 391f0897 Range=bytes=303954639-304051802
28/Jul/2026:14:01:54.301954 37bec6a2 Range=bytes=304051803-304151344
28/Jul/2026:14:01:54.302004 bb635a65 Range=bytes=307753155-307836610
28/Jul/2026:14:01:54.302050 626edfa8 Range=bytes=307836611-307918881
28/Jul/2026:14:01:54.302100 85ef8ef1 Range=bytes=304151345-305039244
28/Jul/2026:14:01:54.302147 1e2a23d8 Range=bytes=305039245-305935461
28/Jul/2026:14:01:54.302193 39559c71 Range=bytes=305935462-306855809
28/Jul/2026:14:01:54.302242 a22d70fc Range=bytes=306855810-307753154
28/Jul/2026:14:01:54.302290 7620d6a2 Range=bytes=307918882-308012965
28/Jul/2026:14:01:54.302335 3cecc276 Range=bytes=308012966-308112265
28/Jul/2026:14:01:54.302383 21b32b50 Range=bytes=311732079-311821961
28/Jul/2026:14:01:54.302429 9b52aa0e Range=bytes=311821962-311899636
28/Jul/2026:14:01:54.302478 11b007a5 Range=bytes=308112266-309015044
28/Jul/2026:14:01:54.302600 087e218a Range=bytes=309015045-309911520
28/Jul/2026:14:01:54.302655 5d37845b Range=bytes=309911521-310837009
28/Jul/2026:14:01:54.302703 84518535 Range=bytes=310837010-311732078
28/Jul/2026:14:01:54.302751 54d3260f Range=bytes=311899637-312072875
28/Jul/2026:14:01:54.302799 fd56a80b Range=bytes=312072876-312248186
28/Jul/2026:14:01:54.302849 7570fbdb Range=bytes=315862472-315959803
28/Jul/2026:14:01:54.302900 40ea828b Range=bytes=315959804-316044705
28/Jul/2026:14:01:54.324382 cbf7a567 Range=bytes=300050269-300147833 Recieved
28/Jul/2026:14:01:54.328054 c63c241a Range=bytes=299946572-300050268 Recieved
28/Jul/2026:14:01:54.330478 40ea828b Range=bytes=315959804-316044705 Recieved
28/Jul/2026:14:01:54.331357 391f0897 Range=bytes=303954639-304051802 Recieved
28/Jul/2026:14:01:54.331724 626edfa8 Range=bytes=307836611-307918881 Recieved
28/Jul/2026:14:01:54.331738 84227645 Range=bytes=303855190-303954638 Recieved
28/Jul/2026:14:01:54.335503 7570fbdb Range=bytes=315862472-315959803 Recieved
28/Jul/2026:14:01:54.338733 37bec6a2 Range=bytes=304051803-304151344 Recieved
28/Jul/2026:14:01:54.342380 54d3260f Range=bytes=311899637-312072875 Recieved
28/Jul/2026:14:01:54.344674 bb635a65 Range=bytes=307753155-307836610 Recieved
28/Jul/2026:14:01:54.349194 3cecc276 Range=bytes=308012966-308112265 Recieved
28/Jul/2026:14:01:54.349360 7620d6a2 Range=bytes=307918882-308012965 Recieved
28/Jul/2026:14:01:54.349716 fd56a80b Range=bytes=312072876-312248186 Recieved
28/Jul/2026:14:01:54.350926 21b32b50 Range=bytes=311732079-311821961 Recieved
28/Jul/2026:14:01:54.358058 9b52aa0e Range=bytes=311821962-311899636 Recieved
28/Jul/2026:14:01:54.385793 3d36994e Range=bytes=296035699-296927648 Recieved
28/Jul/2026:14:01:54.405539 aaf8c622 Range=bytes=303721609-303855189 Recieved
28/Jul/2026:14:01:54.421376 f984593a Range=bytes=297803307-298711102 Recieved
28/Jul/2026:14:01:54.427887 1e2a23d8 Range=bytes=305039245-305935461 Recieved
28/Jul/2026:14:01:54.428088 85ef8ef1 Range=bytes=304151345-305039244 Recieved
28/Jul/2026:14:01:54.428177 a22d70fc Range=bytes=306855810-307753154 Recieved
28/Jul/2026:14:01:54.431322 a086aa87 Range=bytes=298711103-299612937 Recieved
28/Jul/2026:14:01:54.432221 39559c71 Range=bytes=305935462-306855809 Recieved
28/Jul/2026:14:01:54.434998 11b007a5 Range=bytes=308112266-309015044 Recieved
28/Jul/2026:14:01:54.437101 5d37845b Range=bytes=309911521-310837009 Recieved
28/Jul/2026:14:01:54.439296 087e218a Range=bytes=309015045-309911520 Recieved
28/Jul/2026:14:01:54.439440 084424e1 Range=bytes=296927649-297803306 Recieved
28/Jul/2026:14:01:54.442224 e017e5b8 Range=bytes=301913548-302822230 Recieved
28/Jul/2026:14:01:54.446027 84518535 Range=bytes=310837010-311732078 Recieved
28/Jul/2026:14:01:54.448249 97b4ca39 Range=bytes=300147834-301031514 Recieved
28/Jul/2026:14:01:54.449543 4ce9c8b3 Range=bytes=301031515-301913547 Recieved
28/Jul/2026:14:01:54.497568 830c318b Range=bytes=302822231-303721608 Recieved
Thread for range[73,77] completed | Latency: 0.2641s 
28/Jul/2026:14:01:54.565542 de7f1d04 Range=bytes=333004365-333910753
28/Jul/2026:14:01:54.565687 03b7e290 Range=bytes=333910754-334804946
28/Jul/2026:14:01:54.565763 1e6d4d29 Range=bytes=334804947-335712584
28/Jul/2026:14:01:54.565832 690ed315 Range=bytes=335712585-336613848
28/Jul/2026:14:01:54.565898 4d2601b3 Range=bytes=336799861-336888541
28/Jul/2026:14:01:54.565956 0feb8950 Range=bytes=336888542-336987888
28/Jul/2026:14:01:54.566017 4ca448fc Range=bytes=340549458-340630873
28/Jul/2026:14:01:54.566073 f1dc8426 Range=bytes=340630874-340716860
28/Jul/2026:14:01:54.566130 3e2bd573 Range=bytes=336987889-337891467
28/Jul/2026:14:01:54.566191 197195e5 Range=bytes=337891468-338758832
28/Jul/2026:14:01:54.566243 10baae3a Range=bytes=338758833-339651642
28/Jul/2026:14:01:54.566304 ac4f8fe3 Range=bytes=339651643-340549457
28/Jul/2026:14:01:54.566362 24b7614c Range=bytes=340716861-340808275
28/Jul/2026:14:01:54.566415 4c928526 Range=bytes=340808276-340891921
28/Jul/2026:14:01:54.566473 30dbdcef Range=bytes=344472510-344588849
28/Jul/2026:14:01:54.566529 d51d44d6 Range=bytes=344588850-344668840
28/Jul/2026:14:01:54.566581 fb12a110 Range=bytes=340891922-341794363
28/Jul/2026:14:01:54.566640 69ad76dc Range=bytes=341794364-342673354
28/Jul/2026:14:01:54.566695 dc480768 Range=bytes=342673355-343572512
28/Jul/2026:14:01:54.566750 3f0d5a39 Range=bytes=343572513-344472509
28/Jul/2026:14:01:54.566806 19da4a5f Range=bytes=344668841-344763864
28/Jul/2026:14:01:54.566861 6e226007 Range=bytes=344763865-344856647
28/Jul/2026:14:01:54.566915 03ee15f5 Range=bytes=348440682-348603442
28/Jul/2026:14:01:54.566995 6c636fa3 Range=bytes=348603443-348693025
28/Jul/2026:14:01:54.567107 21e55194 Range=bytes=344856648-345750897
28/Jul/2026:14:01:54.567277 5cfc3c55 Range=bytes=345750898-346640078
28/Jul/2026:14:01:54.567345 059d513e Range=bytes=346640079-347542569
28/Jul/2026:14:01:54.567408 99caa907 Range=bytes=347542570-348440681
28/Jul/2026:14:01:54.567473 6b24f14e Range=bytes=348693026-348791390
28/Jul/2026:14:01:54.567535 7a8e06e3 Range=bytes=348791391-348883624
28/Jul/2026:14:01:54.567597 0445035b Range=bytes=352468866-352605181
28/Jul/2026:14:01:54.567652 a5c221e3 Range=bytes=352605182-352749358
28/Jul/2026:14:01:54.575019 d51d44d6 Range=bytes=344588850-344668840 Recieved
28/Jul/2026:14:01:54.584671 6e226007 Range=bytes=344763865-344856647 Recieved
28/Jul/2026:14:01:54.585485 6b24f14e Range=bytes=348693026-348791390 Recieved
28/Jul/2026:14:01:54.586318 4d2601b3 Range=bytes=336799861-336888541 Recieved
28/Jul/2026:14:01:54.587632 24b7614c Range=bytes=340716861-340808275 Recieved
28/Jul/2026:14:01:54.587794 6c636fa3 Range=bytes=348603443-348693025 Recieved
28/Jul/2026:14:01:54.591596 4c928526 Range=bytes=340808276-340891921 Recieved
28/Jul/2026:14:01:54.592708 4ca448fc Range=bytes=340549458-340630873 Recieved
28/Jul/2026:14:01:54.593880 03ee15f5 Range=bytes=348440682-348603442 Recieved
28/Jul/2026:14:01:54.598193 f1dc8426 Range=bytes=340630874-340716860 Recieved
28/Jul/2026:14:01:54.598217 0feb8950 Range=bytes=336888542-336987888 Recieved
28/Jul/2026:14:01:54.600638 7a8e06e3 Range=bytes=348791391-348883624 Recieved
28/Jul/2026:14:01:54.607530 a5c221e3 Range=bytes=352605182-352749358 Recieved
28/Jul/2026:14:01:54.610332 19da4a5f Range=bytes=344668841-344763864 Recieved
28/Jul/2026:14:01:54.620236 0445035b Range=bytes=352468866-352605181 Recieved
28/Jul/2026:14:01:54.623965 30dbdcef Range=bytes=344472510-344588849 Recieved
28/Jul/2026:14:01:54.663294 5cfc3c55 Range=bytes=345750898-346640078 Recieved
28/Jul/2026:14:01:54.663463 21e55194 Range=bytes=344856648-345750897 Recieved
28/Jul/2026:14:01:54.665239 dc480768 Range=bytes=342673355-343572512 Recieved
28/Jul/2026:14:01:54.665782 99caa907 Range=bytes=347542570-348440681 Recieved
28/Jul/2026:14:01:54.666132 3f0d5a39 Range=bytes=343572513-344472509 Recieved
28/Jul/2026:14:01:54.869827 690ed315 Range=bytes=335712585-336613848 Recieved
28/Jul/2026:14:01:54.873695 10baae3a Range=bytes=338758833-339651642 Recieved
28/Jul/2026:14:01:54.877161 fb12a110 Range=bytes=340891922-341794363 Recieved
28/Jul/2026:14:01:54.891123 059d513e Range=bytes=346640079-347542569 Recieved
28/Jul/2026:14:01:54.905493 3e2bd573 Range=bytes=336987889-337891467 Recieved
28/Jul/2026:14:01:55.030267 69ad76dc Range=bytes=341794364-342673354 Recieved
28/Jul/2026:14:01:55.080807 1e6d4d29 Range=bytes=334804947-335712584 Recieved
28/Jul/2026:14:01:55.088561 ac4f8fe3 Range=bytes=339651643-340549457 Recieved
28/Jul/2026:14:01:55.100764 03b7e290 Range=bytes=333910754-334804946 Recieved
28/Jul/2026:14:01:55.149609 de7f1d04 Range=bytes=333004365-333910753 Recieved
28/Jul/2026:14:01:55.332261 197195e5 Range=bytes=337891468-338758832 Recieved
Thread for range[82,86] completed | Latency: 0.8651s 
28/Jul/2026:14:01:55.430917 aefc9720 Range=bytes=405743796-406647484
28/Jul/2026:14:01:55.431112 55cef397 Range=bytes=406647485-407544297
28/Jul/2026:14:01:55.431191 60576c5f Range=bytes=407544298-408465904
28/Jul/2026:14:01:55.431254 687decfb Range=bytes=408465905-409357834
28/Jul/2026:14:01:55.431309 ca55bef1 Range=bytes=409511670-409696329
28/Jul/2026:14:01:55.431362 bca97300 Range=bytes=409696330-409893901
28/Jul/2026:14:01:55.431415 c0909436 Range=bytes=413529453-413613255
28/Jul/2026:14:01:55.431469 2f040d2d Range=bytes=413613256-413698894
28/Jul/2026:14:01:55.431518 1d50870e Range=bytes=409897558-410790284
28/Jul/2026:14:01:55.431567 8ee5d9fd Range=bytes=410790285-411687734
28/Jul/2026:14:01:55.431616 c1e515b5 Range=bytes=411687735-412619640
28/Jul/2026:14:01:55.431666 0af98197 Range=bytes=412619641-413529452
28/Jul/2026:14:01:55.431715 b5b90c01 Range=bytes=413698895-413892165
28/Jul/2026:14:01:55.431763 12ca4404 Range=bytes=413892166-414096607
28/Jul/2026:14:01:55.431811 1f94a84e Range=bytes=417722196-417817752
28/Jul/2026:14:01:55.431859 6e671a79 Range=bytes=417817753-417916780
28/Jul/2026:14:01:55.431910 8a44aefa Range=bytes=414096608-414984526
28/Jul/2026:14:01:55.431962 9c46f436 Range=bytes=414984527-415878393
28/Jul/2026:14:01:55.432009 dc62c787 Range=bytes=415878394-416807682
28/Jul/2026:14:01:55.432057 c81c9e93 Range=bytes=416807683-417722195
28/Jul/2026:14:01:55.432110 3fa0751d Range=bytes=417916781-418097564
28/Jul/2026:14:01:55.432158 60fb7ed5 Range=bytes=418097565-418311418
28/Jul/2026:14:01:55.432204 bdb8c6b1 Range=bytes=421916934-422028696
28/Jul/2026:14:01:55.432251 75cc5be0 Range=bytes=422028697-422126700
28/Jul/2026:14:01:55.432298 d3dc7370 Range=bytes=418311419-419196885
28/Jul/2026:14:01:55.432446 a789ee57 Range=bytes=419196886-420082652
28/Jul/2026:14:01:55.432501 58875d29 Range=bytes=420082653-421008297
28/Jul/2026:14:01:55.432553 c6fb50b6 Range=bytes=421008298-421916933
28/Jul/2026:14:01:55.432602 4552d2af Range=bytes=422126701-422315958
28/Jul/2026:14:01:55.432651 58c8c626 Range=bytes=422315959-422482563
28/Jul/2026:14:01:55.432700 e0476876 Range=bytes=426088927-426202027
28/Jul/2026:14:01:55.432747 df63334d Range=bytes=426202028-426301152
28/Jul/2026:14:01:55.456219 c0909436 Range=bytes=413529453-413613255 Recieved
28/Jul/2026:14:01:55.456552 2f040d2d Range=bytes=413613256-413698894 Recieved
28/Jul/2026:14:01:55.456714 1f94a84e Range=bytes=417722196-417817752 Recieved
28/Jul/2026:14:01:55.462425 df63334d Range=bytes=426202028-426301152 Recieved
28/Jul/2026:14:01:55.469652 bdb8c6b1 Range=bytes=421916934-422028696 Recieved
28/Jul/2026:14:01:55.475425 bca97300 Range=bytes=409696330-409893901 Recieved
28/Jul/2026:14:01:55.477013 12ca4404 Range=bytes=413892166-414096607 Recieved
28/Jul/2026:14:01:55.478664 6e671a79 Range=bytes=417817753-417916780 Recieved
28/Jul/2026:14:01:55.478817 3fa0751d Range=bytes=417916781-418097564 Recieved
28/Jul/2026:14:01:55.481198 60fb7ed5 Range=bytes=418097565-418311418 Recieved
28/Jul/2026:14:01:55.481225 e0476876 Range=bytes=426088927-426202027 Recieved
28/Jul/2026:14:01:55.481363 75cc5be0 Range=bytes=422028697-422126700 Recieved
28/Jul/2026:14:01:55.483234 ca55bef1 Range=bytes=409511670-409696329 Recieved
28/Jul/2026:14:01:55.485133 4552d2af Range=bytes=422126701-422315958 Recieved
28/Jul/2026:14:01:55.486748 58c8c626 Range=bytes=422315959-422482563 Recieved
28/Jul/2026:14:01:55.496017 b5b90c01 Range=bytes=413698895-413892165 Recieved
28/Jul/2026:14:01:55.514759 aefc9720 Range=bytes=405743796-406647484 Recieved
28/Jul/2026:14:01:55.523791 8a44aefa Range=bytes=414096608-414984526 Recieved
28/Jul/2026:14:01:55.529654 c81c9e93 Range=bytes=416807683-417722195 Recieved
28/Jul/2026:14:01:55.542443 c6fb50b6 Range=bytes=421008298-421916933 Recieved
28/Jul/2026:14:01:55.549268 60576c5f Range=bytes=407544298-408465904 Recieved
28/Jul/2026:14:01:55.571850 58875d29 Range=bytes=420082653-421008297 Recieved
28/Jul/2026:14:01:55.594052 c1e515b5 Range=bytes=411687735-412619640 Recieved
28/Jul/2026:14:01:55.708563 a789ee57 Range=bytes=419196886-420082652 Recieved
28/Jul/2026:14:01:55.758552 d3dc7370 Range=bytes=418311419-419196885 Recieved
28/Jul/2026:14:01:55.759791 9c46f436 Range=bytes=414984527-415878393 Recieved
28/Jul/2026:14:01:55.760558 55cef397 Range=bytes=406647485-407544297 Recieved
28/Jul/2026:14:01:55.900505 1d50870e Range=bytes=409897558-410790284 Recieved
28/Jul/2026:14:01:55.933116 687decfb Range=bytes=408465905-409357834 Recieved
28/Jul/2026:14:01:56.093033 0af98197 Range=bytes=412619641-413529452 Recieved
28/Jul/2026:14:01:56.159535 dc62c787 Range=bytes=415878394-416807682 Recieved
28/Jul/2026:14:01:56.275235 8ee5d9fd Range=bytes=410790285-411687734 Recieved
Thread for range[100,104] completed | Latency: 0.9467s 
28/Jul/2026:14:01:56.377871 1e8acae0 Range=bytes=475861054-476764725
28/Jul/2026:14:01:56.378027 f343eb89 Range=bytes=476764726-477647971
28/Jul/2026:14:01:56.378098 124a5f28 Range=bytes=477647972-478566717
28/Jul/2026:14:01:56.378158 86226978 Range=bytes=478566718-479468962
28/Jul/2026:14:01:56.378213 ce738ea3 Range=bytes=479677043-479803259
28/Jul/2026:14:01:56.378277 dc6412a7 Range=bytes=479803260-479941552
28/Jul/2026:14:01:56.378332 b29a741e Range=bytes=483555320-483649408
28/Jul/2026:14:01:56.378467 819f9d8a Range=bytes=483649409-483749116
28/Jul/2026:14:01:56.378529 8d9bd5b7 Range=bytes=479941553-480850432
28/Jul/2026:14:01:56.378665 c6110217 Range=bytes=480850433-481743553
28/Jul/2026:14:01:56.378759 83ca4b57 Range=bytes=481743554-482655091
28/Jul/2026:14:01:56.378826 ee11b744 Range=bytes=482655092-483555319
28/Jul/2026:14:01:56.378885 3a6a7639 Range=bytes=483749117-483842754
28/Jul/2026:14:01:56.378940 350f76ca Range=bytes=483842755-483924364
28/Jul/2026:14:01:56.378990 6f4a757c Range=bytes=487518384-487597822
28/Jul/2026:14:01:56.379042 8c73d40a Range=bytes=487597823-487695244
28/Jul/2026:14:01:56.379094 00ea5442 Range=bytes=483924365-484820336
28/Jul/2026:14:01:56.379148 5e0112db Range=bytes=484820337-485708227
28/Jul/2026:14:01:56.379200 223b8145 Range=bytes=485708228-486618731
28/Jul/2026:14:01:56.379249 226c9a51 Range=bytes=486618732-487518383
28/Jul/2026:14:01:56.379300 646d52af Range=bytes=487695245-487785451
28/Jul/2026:14:01:56.379349 bf07a590 Range=bytes=487785452-487875761
28/Jul/2026:14:01:56.379402 9ffbf274 Range=bytes=491453400-491597571
28/Jul/2026:14:01:56.379453 462ff606 Range=bytes=491597572-491729510
28/Jul/2026:14:01:56.379501 3f40089c Range=bytes=487875762-488767977
28/Jul/2026:14:01:56.379646 2ae4fed7 Range=bytes=488767978-489647174
28/Jul/2026:14:01:56.379709 4097433c Range=bytes=489647175-490551932
28/Jul/2026:14:01:56.379766 f9f485ab Range=bytes=490551933-491453399
28/Jul/2026:14:01:56.379816 39156c9e Range=bytes=491729511-491831184
28/Jul/2026:14:01:56.379872 2d38e6f6 Range=bytes=491831185-491929018
28/Jul/2026:14:01:56.379924 4c8d6004 Range=bytes=495482629-495663224
28/Jul/2026:14:01:56.379978 33bbe25d Range=bytes=495663225-495828933
28/Jul/2026:14:01:56.397942 350f76ca Range=bytes=483842755-483924364 Recieved
28/Jul/2026:14:01:56.404770 dc6412a7 Range=bytes=479803260-479941552 Recieved
28/Jul/2026:14:01:56.411336 462ff606 Range=bytes=491597572-491729510 Recieved
28/Jul/2026:14:01:56.412728 bf07a590 Range=bytes=487785452-487875761 Recieved
28/Jul/2026:14:01:56.416746 b29a741e Range=bytes=483555320-483649408 Recieved
28/Jul/2026:14:01:56.417254 6f4a757c Range=bytes=487518384-487597822 Recieved
28/Jul/2026:14:01:56.421566 33bbe25d Range=bytes=495663225-495828933 Recieved
28/Jul/2026:14:01:56.425311 9ffbf274 Range=bytes=491453400-491597571 Recieved
28/Jul/2026:14:01:56.426338 819f9d8a Range=bytes=483649409-483749116 Recieved
28/Jul/2026:14:01:56.426693 3a6a7639 Range=bytes=483749117-483842754 Recieved
28/Jul/2026:14:01:56.428390 8c73d40a Range=bytes=487597823-487695244 Recieved
28/Jul/2026:14:01:56.428576 646d52af Range=bytes=487695245-487785451 Recieved
28/Jul/2026:14:01:56.431477 4c8d6004 Range=bytes=495482629-495663224 Recieved
28/Jul/2026:14:01:56.433677 ce738ea3 Range=bytes=479677043-479803259 Recieved
28/Jul/2026:14:01:56.442464 2d38e6f6 Range=bytes=491831185-491929018 Recieved
28/Jul/2026:14:01:56.445264 39156c9e Range=bytes=491729511-491831184 Recieved
28/Jul/2026:14:01:56.468622 223b8145 Range=bytes=485708228-486618731 Recieved
28/Jul/2026:14:01:56.629823 8d9bd5b7 Range=bytes=479941553-480850432 Recieved
28/Jul/2026:14:01:56.639423 f343eb89 Range=bytes=476764726-477647971 Recieved
28/Jul/2026:14:01:56.639615 226c9a51 Range=bytes=486618732-487518383 Recieved
28/Jul/2026:14:01:56.678078 00ea5442 Range=bytes=483924365-484820336 Recieved
28/Jul/2026:14:01:56.679425 1e8acae0 Range=bytes=475861054-476764725 Recieved
28/Jul/2026:14:01:56.688306 f9f485ab Range=bytes=490551933-491453399 Recieved
28/Jul/2026:14:01:56.688650 c6110217 Range=bytes=480850433-481743553 Recieved
28/Jul/2026:14:01:56.693457 4097433c Range=bytes=489647175-490551932 Recieved
28/Jul/2026:14:01:56.693780 124a5f28 Range=bytes=477647972-478566717 Recieved
28/Jul/2026:14:01:56.696711 86226978 Range=bytes=478566718-479468962 Recieved
28/Jul/2026:14:01:56.718345 83ca4b57 Range=bytes=481743554-482655091 Recieved
28/Jul/2026:14:01:56.837523 5e0112db Range=bytes=484820337-485708227 Recieved
28/Jul/2026:14:01:56.853217 3f40089c Range=bytes=487875762-488767977 Recieved
28/Jul/2026:14:01:56.879890 2ae4fed7 Range=bytes=488767978-489647174 Recieved
28/Jul/2026:14:01:56.935039 ee11b744 Range=bytes=482655092-483555319 Recieved
Thread for range[117,121] completed | Latency: 0.6551s 
28/Jul/2026:14:01:57.033324 73bfcf41 Range=bytes=516695123-517579977
28/Jul/2026:14:01:57.033499 f9f386a2 Range=bytes=517579978-518457445
28/Jul/2026:14:01:57.033570 d0c54fd2 Range=bytes=518457446-519381679
28/Jul/2026:14:01:57.033632 3c49d471 Range=bytes=519381680-520293486
28/Jul/2026:14:01:57.033691 d828deb7 Range=bytes=520508741-520694957
28/Jul/2026:14:01:57.033744 560d7864 Range=bytes=520694958-520894904
28/Jul/2026:14:01:57.033813 d3b16249 Range=bytes=524463483-524573381
28/Jul/2026:14:01:57.033902 10043e1c Range=bytes=524573382-524676354
28/Jul/2026:14:01:57.033965 db5ac0cd Range=bytes=520894905-521766381
28/Jul/2026:14:01:57.034025 c45faef9 Range=bytes=521766382-522642851
28/Jul/2026:14:01:57.034073 063df60c Range=bytes=522642852-523552586
28/Jul/2026:14:01:57.034122 2879a37e Range=bytes=523552587-524463482
28/Jul/2026:14:01:57.034178 5e05179d Range=bytes=524676355-524847305
28/Jul/2026:14:01:57.034233 1af66e0b Range=bytes=524847306-525013330
28/Jul/2026:14:01:57.034277 461579ef Range=bytes=528627516-528731142
28/Jul/2026:14:01:57.034326 b9e9d242 Range=bytes=528731143-528844494
28/Jul/2026:14:01:57.034374 cc23627c Range=bytes=525013331-525912395
28/Jul/2026:14:01:57.034422 57d583c4 Range=bytes=525912396-526795581
28/Jul/2026:14:01:57.034475 ecdd08d8 Range=bytes=526795582-527717796
28/Jul/2026:14:01:57.034522 bcf2b5a2 Range=bytes=527717797-528623859
28/Jul/2026:14:01:57.034575 9422002e Range=bytes=528844495-528937260
28/Jul/2026:14:01:57.034624 9a65c122 Range=bytes=528937261-529032096
28/Jul/2026:14:01:57.034677 f5c2e935 Range=bytes=532649117-532745252
28/Jul/2026:14:01:57.034726 6d7ed42c Range=bytes=532745253-532850845
28/Jul/2026:14:01:57.034768 5211ac32 Range=bytes=529032097-529940174
28/Jul/2026:14:01:57.034932 03c42a34 Range=bytes=529940175-530824944
28/Jul/2026:14:01:57.034988 bd5d1161 Range=bytes=530824945-531743954
28/Jul/2026:14:01:57.035039 09301a27 Range=bytes=531743955-532649116
28/Jul/2026:14:01:57.035094 7affbf89 Range=bytes=532850846-532931423
28/Jul/2026:14:01:57.035143 820ee08b Range=bytes=532931424-533028304
28/Jul/2026:14:01:57.035189 2ed60655 Range=bytes=536624682-536712587
28/Jul/2026:14:01:57.035236 ff85d744 Range=bytes=536712588-536810983
28/Jul/2026:14:01:57.053468 2ed60655 Range=bytes=536624682-536712587 Recieved
28/Jul/2026:14:01:57.055431 f5c2e935 Range=bytes=532649117-532745252 Recieved
28/Jul/2026:14:01:57.057114 820ee08b Range=bytes=532931424-533028304 Recieved
28/Jul/2026:14:01:57.061161 461579ef Range=bytes=528627516-528731142 Recieved
28/Jul/2026:14:01:57.062863 7affbf89 Range=bytes=532850846-532931423 Recieved
28/Jul/2026:14:01:57.063420 d3b16249 Range=bytes=524463483-524573381 Recieved
28/Jul/2026:14:01:57.065152 6d7ed42c Range=bytes=532745253-532850845 Recieved
28/Jul/2026:14:01:57.065335 9422002e Range=bytes=528844495-528937260 Recieved
28/Jul/2026:14:01:57.067803 ff85d744 Range=bytes=536712588-536810983 Recieved
28/Jul/2026:14:01:57.068769 1af66e0b Range=bytes=524847306-525013330 Recieved
28/Jul/2026:14:01:57.069266 9a65c122 Range=bytes=528937261-529032096 Recieved
28/Jul/2026:14:01:57.069612 10043e1c Range=bytes=524573382-524676354 Recieved
28/Jul/2026:14:01:57.070573 d828deb7 Range=bytes=520508741-520694957 Recieved
28/Jul/2026:14:01:57.078317 b9e9d242 Range=bytes=528731143-528844494 Recieved
28/Jul/2026:14:01:57.080670 560d7864 Range=bytes=520694958-520894904 Recieved
28/Jul/2026:14:01:57.083812 5e05179d Range=bytes=524676355-524847305 Recieved
28/Jul/2026:14:01:57.131341 cc23627c Range=bytes=525013331-525912395 Recieved
28/Jul/2026:14:01:57.140175 bd5d1161 Range=bytes=530824945-531743954 Recieved
28/Jul/2026:14:01:57.145379 5211ac32 Range=bytes=529032097-529940174 Recieved
28/Jul/2026:14:01:57.149334 f9f386a2 Range=bytes=517579978-518457445 Recieved
28/Jul/2026:14:01:57.153279 ecdd08d8 Range=bytes=526795582-527717796 Recieved
28/Jul/2026:14:01:57.156711 3c49d471 Range=bytes=519381680-520293486 Recieved
28/Jul/2026:14:01:57.177714 bcf2b5a2 Range=bytes=527717797-528623859 Recieved
28/Jul/2026:14:01:57.304157 57d583c4 Range=bytes=525912396-526795581 Recieved
28/Jul/2026:14:01:57.320189 c45faef9 Range=bytes=521766382-522642851 Recieved
28/Jul/2026:14:01:57.322716 063df60c Range=bytes=522642852-523552586 Recieved
28/Jul/2026:14:01:57.335178 03c42a34 Range=bytes=529940175-530824944 Recieved
28/Jul/2026:14:01:57.350465 2879a37e Range=bytes=523552587-524463482 Recieved
28/Jul/2026:14:01:57.355451 09301a27 Range=bytes=531743955-532649116 Recieved
28/Jul/2026:14:01:57.360140 d0c54fd2 Range=bytes=518457446-519381679 Recieved
28/Jul/2026:14:01:57.508365 73bfcf41 Range=bytes=516695123-517579977 Recieved
28/Jul/2026:14:01:57.580985 db5ac0cd Range=bytes=520894905-521766381 Recieved
Thread for range[127,131] completed | Latency: 0.6240s 
28/Jul/2026:14:01:57.657595 95d78ad0 Range=bytes=545181817-546065015
28/Jul/2026:14:01:57.657751 998ea2a9 Range=bytes=546065016-546956971
28/Jul/2026:14:01:57.657815 68a7eb0b Range=bytes=546956972-547857232
28/Jul/2026:14:01:57.657871 94651dcb Range=bytes=547857233-548739814
28/Jul/2026:14:01:57.657926 cb9248b7 Range=bytes=548884257-548979988
28/Jul/2026:14:01:57.657985 a1ece8a7 Range=bytes=548979989-549086862
28/Jul/2026:14:01:57.658033 1a94dbfa Range=bytes=552680388-552758884
28/Jul/2026:14:01:57.658195 b0af523f Range=bytes=552758885-552830568
28/Jul/2026:14:01:57.658334 43d0adca Range=bytes=549086863-549988998
28/Jul/2026:14:01:57.658392 a4246823 Range=bytes=549988999-550886409
28/Jul/2026:14:01:57.658443 4695e12f Range=bytes=550886410-551793790
28/Jul/2026:14:01:57.658493 f1fb2cc4 Range=bytes=551793791-552680387
28/Jul/2026:14:01:57.658539 d422b7f9 Range=bytes=552830569-552928218
28/Jul/2026:14:01:57.658589 ba0e0532 Range=bytes=552928219-553024806
28/Jul/2026:14:01:57.658638 3c89c059 Range=bytes=556652000-556736704
28/Jul/2026:14:01:57.658687 d1c69dab Range=bytes=556740361-556825487
28/Jul/2026:14:01:57.658735 9d0478ea Range=bytes=553024807-553927310
28/Jul/2026:14:01:57.658781 2b0b6dbd Range=bytes=553927311-554824723
28/Jul/2026:14:01:57.658829 1cb0a46d Range=bytes=554824724-555750334
28/Jul/2026:14:01:57.658873 4b1f6aa2 Range=bytes=555750335-556651999
28/Jul/2026:14:01:57.658920 c2ad38de Range=bytes=556825488-556996038
28/Jul/2026:14:01:57.658964 ca98cb73 Range=bytes=556996039-557197595
28/Jul/2026:14:01:57.659010 042c77a1 Range=bytes=560825434-560916004
28/Jul/2026:14:01:57.659055 ddab43e6 Range=bytes=560916005-561010763
28/Jul/2026:14:01:57.659099 dc5e8ef8 Range=bytes=557197596-558093135
28/Jul/2026:14:01:57.659245 dcfd229c Range=bytes=558093136-558993544
28/Jul/2026:14:01:57.659298 c7d000bb Range=bytes=558993545-559923493
28/Jul/2026:14:01:57.659345 3e625b3b Range=bytes=559923494-560825433
28/Jul/2026:14:01:57.659395 3303b63d Range=bytes=561010764-561223897
28/Jul/2026:14:01:57.659464 64b5a2c6 Range=bytes=561223898-561433958
28/Jul/2026:14:01:57.659515 b52d32ef Range=bytes=565046874-565147166
28/Jul/2026:14:01:57.659561 db255478 Range=bytes=565147167-565244005
28/Jul/2026:14:01:57.676865 ddab43e6 Range=bytes=560916005-561010763 Recieved
28/Jul/2026:14:01:57.677934 cb9248b7 Range=bytes=548884257-548979988 Recieved
28/Jul/2026:14:01:57.679403 b0af523f Range=bytes=552758885-552830568 Recieved
28/Jul/2026:14:01:57.682229 1a94dbfa Range=bytes=552680388-552758884 Recieved
28/Jul/2026:14:01:57.682684 d422b7f9 Range=bytes=552830569-552928218 Recieved
28/Jul/2026:14:01:57.689430 c2ad38de Range=bytes=556825488-556996038 Recieved
28/Jul/2026:14:01:57.690734 a1ece8a7 Range=bytes=548979989-549086862 Recieved
28/Jul/2026:14:01:57.691116 db255478 Range=bytes=565147167-565244005 Recieved
28/Jul/2026:14:01:57.692207 b52d32ef Range=bytes=565046874-565147166 Recieved
28/Jul/2026:14:01:57.692517 3c89c059 Range=bytes=556652000-556736704 Recieved
28/Jul/2026:14:01:57.694437 ba0e0532 Range=bytes=552928219-553024806 Recieved
28/Jul/2026:14:01:57.696259 042c77a1 Range=bytes=560825434-560916004 Recieved
28/Jul/2026:14:01:57.711364 ca98cb73 Range=bytes=556996039-557197595 Recieved
28/Jul/2026:14:01:57.717077 64b5a2c6 Range=bytes=561223898-561433958 Recieved
28/Jul/2026:14:01:57.729094 d1c69dab Range=bytes=556740361-556825487 Recieved
28/Jul/2026:14:01:57.755510 c7d000bb Range=bytes=558993545-559923493 Recieved
28/Jul/2026:14:01:57.758987 a4246823 Range=bytes=549988999-550886409 Recieved
28/Jul/2026:14:01:57.763268 2b0b6dbd Range=bytes=553927311-554824723 Recieved
28/Jul/2026:14:01:57.773003 4b1f6aa2 Range=bytes=555750335-556651999 Recieved
28/Jul/2026:14:01:57.775000 3303b63d Range=bytes=561010764-561223897 Recieved
28/Jul/2026:14:01:57.777603 9d0478ea Range=bytes=553024807-553927310 Recieved
28/Jul/2026:14:01:57.779455 dcfd229c Range=bytes=558093136-558993544 Recieved
28/Jul/2026:14:01:57.783971 68a7eb0b Range=bytes=546956972-547857232 Recieved
28/Jul/2026:14:01:57.794906 43d0adca Range=bytes=549086863-549988998 Recieved
28/Jul/2026:14:01:57.802132 95d78ad0 Range=bytes=545181817-546065015 Recieved
28/Jul/2026:14:01:57.808668 94651dcb Range=bytes=547857233-548739814 Recieved
28/Jul/2026:14:01:57.810148 dc5e8ef8 Range=bytes=557197596-558093135 Recieved
28/Jul/2026:14:01:57.815146 3e625b3b Range=bytes=559923494-560825433 Recieved
28/Jul/2026:14:01:57.827057 998ea2a9 Range=bytes=546065016-546956971 Recieved
28/Jul/2026:14:01:57.830960 4695e12f Range=bytes=550886410-551793790 Recieved
28/Jul/2026:14:01:57.831358 1cb0a46d Range=bytes=554824724-555750334 Recieved
28/Jul/2026:14:01:57.834541 f1fb2cc4 Range=bytes=551793791-552680387 Recieved
Thread for range[134,138] completed | Latency: 0.2417s 
28/Jul/2026:14:01:57.899533 3bb52c09 Range=bytes=578116000-579017068
28/Jul/2026:14:01:57.899689 8fa48dfd Range=bytes=579017069-579904054
28/Jul/2026:14:01:57.899770 3905e1ce Range=bytes=579904055-580817981
28/Jul/2026:14:01:57.899875 9c65b090 Range=bytes=580817982-581719631
28/Jul/2026:14:01:57.899951 eb25058c Range=bytes=581920233-582008219
28/Jul/2026:14:01:57.900013 28791ac2 Range=bytes=582008220-582091562
28/Jul/2026:14:01:57.900069 572fb37d Range=bytes=585679501-585771585
28/Jul/2026:14:01:57.900130 98b2a4b3 Range=bytes=585771586-585863644
28/Jul/2026:14:01:57.900192 2cc67ff2 Range=bytes=582091563-582993357
28/Jul/2026:14:01:57.900247 7e54993e Range=bytes=582993358-583873171
28/Jul/2026:14:01:57.900308 b3031760 Range=bytes=583873172-584776567
28/Jul/2026:14:01:57.900363 d37139c6 Range=bytes=584776568-585679500
28/Jul/2026:14:01:57.900420 f5d336eb Range=bytes=585867301-585970366
28/Jul/2026:14:01:57.900478 7161fd0a Range=bytes=585970367-586062657
28/Jul/2026:14:01:57.900532 0aa3ef5c Range=bytes=589628499-589797897
28/Jul/2026:14:01:57.900592 f8330eb3 Range=bytes=589797898-589945730
28/Jul/2026:14:01:57.900652 52531a2e Range=bytes=586062658-586953352
28/Jul/2026:14:01:57.900745 17afb33c Range=bytes=586953353-587835497
28/Jul/2026:14:01:57.900854 acc2042b Range=bytes=587835498-588740464
28/Jul/2026:14:01:57.900927 9c49e865 Range=bytes=588740465-589628498
28/Jul/2026:14:01:57.900995 10cd4ef8 Range=bytes=589945731-590059167
28/Jul/2026:14:01:57.901055 fb010a4c Range=bytes=590059168-590162247
28/Jul/2026:14:01:57.901118 cd36afbc Range=bytes=593727707-593827298
28/Jul/2026:14:01:57.901180 970f6063 Range=bytes=593827299-593917808
28/Jul/2026:14:01:57.901232 2668b608 Range=bytes=590162248-591060463
28/Jul/2026:14:01:57.901668 d4d6cfa1 Range=bytes=591060464-591949920
28/Jul/2026:14:01:57.901738 795fece8 Range=bytes=591949921-592841814
28/Jul/2026:14:01:57.901801 d0b950f5 Range=bytes=592841815-593727706
28/Jul/2026:14:01:57.901866 00a26ec9 Range=bytes=593917809-594033437
28/Jul/2026:14:01:57.901924 1cd4d469 Range=bytes=594033438-594148801
28/Jul/2026:14:01:57.901991 2dc6252b Range=bytes=597727898-597813335
28/Jul/2026:14:01:57.902047 346d2a83 Range=bytes=597813336-597894007
28/Jul/2026:14:01:57.911486 f5d336eb Range=bytes=585867301-585970366 Recieved
28/Jul/2026:14:01:57.915112 28791ac2 Range=bytes=582008220-582091562 Recieved
28/Jul/2026:14:01:57.915529 10cd4ef8 Range=bytes=589945731-590059167 Recieved
28/Jul/2026:14:01:57.918102 fb010a4c Range=bytes=590059168-590162247 Recieved
28/Jul/2026:14:01:57.919295 970f6063 Range=bytes=593827299-593917808 Recieved
28/Jul/2026:14:01:57.924288 cd36afbc Range=bytes=593727707-593827298 Recieved
28/Jul/2026:14:01:57.929356 2dc6252b Range=bytes=597727898-597813335 Recieved
28/Jul/2026:14:01:57.929868 572fb37d Range=bytes=585679501-585771585 Recieved
28/Jul/2026:14:01:57.931913 f8330eb3 Range=bytes=589797898-589945730 Recieved
28/Jul/2026:14:01:57.932606 eb25058c Range=bytes=581920233-582008219 Recieved
28/Jul/2026:14:01:57.932925 1cd4d469 Range=bytes=594033438-594148801 Recieved
28/Jul/2026:14:01:57.933986 00a26ec9 Range=bytes=593917809-594033437 Recieved
28/Jul/2026:14:01:57.934490 346d2a83 Range=bytes=597813336-597894007 Recieved
28/Jul/2026:14:01:57.941202 7161fd0a Range=bytes=585970367-586062657 Recieved
28/Jul/2026:14:01:57.952786 98b2a4b3 Range=bytes=585771586-585863644 Recieved
28/Jul/2026:14:01:57.985602 8fa48dfd Range=bytes=579017069-579904054 Recieved
28/Jul/2026:14:01:57.985641 0aa3ef5c Range=bytes=589628499-589797897 Recieved
28/Jul/2026:14:01:57.989330 17afb33c Range=bytes=586953353-587835497 Recieved
28/Jul/2026:14:01:57.993289 52531a2e Range=bytes=586062658-586953352 Recieved
28/Jul/2026:14:01:57.994653 acc2042b Range=bytes=587835498-588740464 Recieved
28/Jul/2026:14:01:58.006127 3905e1ce Range=bytes=579904055-580817981 Recieved
28/Jul/2026:14:01:58.015808 2668b608 Range=bytes=590162248-591060463 Recieved
28/Jul/2026:14:01:58.025691 7e54993e Range=bytes=582993358-583873171 Recieved
28/Jul/2026:14:01:58.066747 9c49e865 Range=bytes=588740465-589628498 Recieved
28/Jul/2026:14:01:58.213652 795fece8 Range=bytes=591949921-592841814 Recieved
28/Jul/2026:14:01:58.290226 9c65b090 Range=bytes=580817982-581719631 Recieved
28/Jul/2026:14:01:58.358790 3bb52c09 Range=bytes=578116000-579017068 Recieved
28/Jul/2026:14:01:58.385619 b3031760 Range=bytes=583873172-584776567 Recieved
28/Jul/2026:14:01:58.412978 2cc67ff2 Range=bytes=582091563-582993357 Recieved
28/Jul/2026:14:01:58.414603 d0b950f5 Range=bytes=592841815-593727706 Recieved
28/Jul/2026:14:01:58.417472 d4d6cfa1 Range=bytes=591060464-591949920 Recieved
28/Jul/2026:14:01:58.472409 d37139c6 Range=bytes=584776568-585679500 Recieved
Thread for range[142,146] completed | Latency: 0.6725s 
28/Jul/2026:14:01:58.572284 96c4f929 Range=bytes=614703514-615594074
28/Jul/2026:14:01:58.572444 dea2a78f Range=bytes=615594075-616472952
28/Jul/2026:14:01:58.572513 d72d6dbe Range=bytes=616472953-617393174
28/Jul/2026:14:01:58.572574 5425b9f1 Range=bytes=617393175-618305844
28/Jul/2026:14:01:58.572631 4c78f5e1 Range=bytes=618524459-618706705
28/Jul/2026:14:01:58.572685 583651c1 Range=bytes=618706706-618913577
28/Jul/2026:14:01:58.572736 c0a7ed28 Range=bytes=622494160-622605346
28/Jul/2026:14:01:58.572787 cacc52cb Range=bytes=622605347-622710908
28/Jul/2026:14:01:58.572835 7f3862b7 Range=bytes=618913578-619795434
28/Jul/2026:14:01:58.572884 6986be90 Range=bytes=619795435-620669466
28/Jul/2026:14:01:58.572934 1eb69af1 Range=bytes=620669467-621587755
28/Jul/2026:14:01:58.572981 14bd64f2 Range=bytes=621587756-622494159
28/Jul/2026:14:01:58.573031 e10f45aa Range=bytes=622710909-622878902
28/Jul/2026:14:01:58.573080 f7b07378 Range=bytes=622878903-623075491
28/Jul/2026:14:01:58.573129 695de418 Range=bytes=626678677-626782311
28/Jul/2026:14:01:58.573180 a4b2873a Range=bytes=626782312-626890299
28/Jul/2026:14:01:58.573230 f96501b8 Range=bytes=623075492-623981965
28/Jul/2026:14:01:58.573278 bae0ef3f Range=bytes=623981966-624857987
28/Jul/2026:14:01:58.573329 92057391 Range=bytes=624857988-625779421
28/Jul/2026:14:01:58.573375 44647985 Range=bytes=625779422-626678676
28/Jul/2026:14:01:58.573422 ec427b0e Range=bytes=626890300-626992406
28/Jul/2026:14:01:58.573468 f19cffe7 Range=bytes=626992407-627102778
28/Jul/2026:14:01:58.573517 e98b9b12 Range=bytes=630696498-630794134
28/Jul/2026:14:01:58.573563 31d0ff2f Range=bytes=630794135-630893868
28/Jul/2026:14:01:58.573609 4211c819 Range=bytes=627102779-628008708
28/Jul/2026:14:01:58.573767 9ca59e54 Range=bytes=628008709-628886393
28/Jul/2026:14:01:58.573820 a5c02b90 Range=bytes=628886394-629800883
28/Jul/2026:14:01:58.573869 df2d93ab Range=bytes=629800884-630696497
28/Jul/2026:14:01:58.573917 fe6d66cb Range=bytes=630893869-630990582
28/Jul/2026:14:01:58.573964 2503fc14 Range=bytes=630990583-631093220
28/Jul/2026:14:01:58.574012 4e2523e4 Range=bytes=634680302-634770927
28/Jul/2026:14:01:58.574062 81aeac42 Range=bytes=634770928-634863717
28/Jul/2026:14:01:58.596235 ec427b0e Range=bytes=626890300-626992406 Recieved
28/Jul/2026:14:01:58.600230 31d0ff2f Range=bytes=630794135-630893868 Recieved
28/Jul/2026:14:01:58.601322 81aeac42 Range=bytes=634770928-634863717 Recieved
28/Jul/2026:14:01:58.606429 2503fc14 Range=bytes=630990583-631093220 Recieved
28/Jul/2026:14:01:58.608511 fe6d66cb Range=bytes=630893869-630990582 Recieved
28/Jul/2026:14:01:58.609960 a4b2873a Range=bytes=626782312-626890299 Recieved
28/Jul/2026:14:01:58.615213 c0a7ed28 Range=bytes=622494160-622605346 Recieved
28/Jul/2026:14:01:58.622092 e98b9b12 Range=bytes=630696498-630794134 Recieved
28/Jul/2026:14:01:58.623605 f19cffe7 Range=bytes=626992407-627102778 Recieved
28/Jul/2026:14:01:58.626395 695de418 Range=bytes=626678677-626782311 Recieved
28/Jul/2026:14:01:58.628043 e10f45aa Range=bytes=622710909-622878902 Recieved
28/Jul/2026:14:01:58.631844 cacc52cb Range=bytes=622605347-622710908 Recieved
28/Jul/2026:14:01:58.632530 f7b07378 Range=bytes=622878903-623075491 Recieved
28/Jul/2026:14:01:58.632675 583651c1 Range=bytes=618706706-618913577 Recieved
28/Jul/2026:14:01:58.632872 4e2523e4 Range=bytes=634680302-634770927 Recieved
28/Jul/2026:14:01:58.648308 4c78f5e1 Range=bytes=618524459-618706705 Recieved
28/Jul/2026:14:01:58.662777 7f3862b7 Range=bytes=618913578-619795434 Recieved
28/Jul/2026:14:01:58.664783 92057391 Range=bytes=624857988-625779421 Recieved
28/Jul/2026:14:01:58.665832 bae0ef3f Range=bytes=623981966-624857987 Recieved
28/Jul/2026:14:01:58.701083 96c4f929 Range=bytes=614703514-615594074 Recieved
28/Jul/2026:14:01:58.701714 1eb69af1 Range=bytes=620669467-621587755 Recieved
28/Jul/2026:14:01:58.709955 dea2a78f Range=bytes=615594075-616472952 Recieved
28/Jul/2026:14:01:58.711152 14bd64f2 Range=bytes=621587756-622494159 Recieved
28/Jul/2026:14:01:58.730176 f96501b8 Range=bytes=623075492-623981965 Recieved
28/Jul/2026:14:01:58.839451 a5c02b90 Range=bytes=628886394-629800883 Recieved
28/Jul/2026:14:01:58.868595 9ca59e54 Range=bytes=628008709-628886393 Recieved
28/Jul/2026:14:01:58.946459 6986be90 Range=bytes=619795435-620669466 Recieved
28/Jul/2026:14:01:58.957893 5425b9f1 Range=bytes=617393175-618305844 Recieved
28/Jul/2026:14:01:59.033668 44647985 Range=bytes=625779422-626678676 Recieved
28/Jul/2026:14:01:59.056018 d72d6dbe Range=bytes=616472953-617393174 Recieved
28/Jul/2026:14:01:59.094285 4211c819 Range=bytes=627102779-628008708 Recieved
28/Jul/2026:14:01:59.120910 df2d93ab Range=bytes=629800884-630696497 Recieved
Thread for range[151,155] completed | Latency: 0.6399s 
28/Jul/2026:14:01:59.212422 f1bcf4b3 Range=bytes=663756106-664638262
28/Jul/2026:14:01:59.212573 9bcddf2a Range=bytes=664638263-665507766
28/Jul/2026:14:01:59.212637 49ce05aa Range=bytes=665507767-666434646
28/Jul/2026:14:01:59.212698 7e543564 Range=bytes=666434647-667343055
28/Jul/2026:14:01:59.212756 61d022f1 Range=bytes=667553315-667721186
28/Jul/2026:14:01:59.212807 5a0dc9a4 Range=bytes=667721187-667930099
28/Jul/2026:14:01:59.212858 89b32b77 Range=bytes=671515020-671626792
28/Jul/2026:14:01:59.212983 ed9dd2e6 Range=bytes=671626793-671730179
28/Jul/2026:14:01:59.213045 3b0bfe9e Range=bytes=667930100-668821039
28/Jul/2026:14:01:59.213098 17d41a1f Range=bytes=668821040-669698553
28/Jul/2026:14:01:59.213145 9418c594 Range=bytes=669698554-670606261
28/Jul/2026:14:01:59.213201 4b700e8f Range=bytes=670606262-671515019
28/Jul/2026:14:01:59.213250 75eda9ff Range=bytes=671730180-671887941
28/Jul/2026:14:01:59.213300 7fed70d9 Range=bytes=671887942-672069898
28/Jul/2026:14:01:59.213352 8e722e02 Range=bytes=675646303-675754357
28/Jul/2026:14:01:59.213400 aaa4d29d Range=bytes=675754358-675858112
28/Jul/2026:14:01:59.213449 c2ce68ea Range=bytes=672069899-672976450
28/Jul/2026:14:01:59.213493 8e5e6e91 Range=bytes=672980107-673860197
28/Jul/2026:14:01:59.213536 9782b3cd Range=bytes=673860198-674744882
28/Jul/2026:14:01:59.213587 f9dec9d1 Range=bytes=674744883-675646302
28/Jul/2026:14:01:59.213634 f2fa27a8 Range=bytes=675858113-675948804
28/Jul/2026:14:01:59.213678 57c17033 Range=bytes=675948805-676058941
28/Jul/2026:14:01:59.213727 d4d49234 Range=bytes=679660475-679755420
28/Jul/2026:14:01:59.213773 8d9b674e Range=bytes=679755421-679854015
28/Jul/2026:14:01:59.213820 f6f8f949 Range=bytes=676058942-676969141
28/Jul/2026:14:01:59.216060 47d6cae4 Range=bytes=676969142-677850779
28/Jul/2026:14:01:59.216127 e16aca03 Range=bytes=677850780-678759562
28/Jul/2026:14:01:59.216179 a56fa495 Range=bytes=678759563-679660474
28/Jul/2026:14:01:59.216227 3bfe34ac Range=bytes=679854016-679940509
28/Jul/2026:14:01:59.216274 254a298e Range=bytes=679940510-680029408
28/Jul/2026:14:01:59.216318 8af11c09 Range=bytes=683585728-683675932
28/Jul/2026:14:01:59.216362 486995b5 Range=bytes=683675933-683774342
28/Jul/2026:14:01:59.238201 3bfe34ac Range=bytes=679854016-679940509 Recieved
28/Jul/2026:14:01:59.238893 486995b5 Range=bytes=683675933-683774342 Recieved
28/Jul/2026:14:01:59.239279 8af11c09 Range=bytes=683585728-683675932 Recieved
28/Jul/2026:14:01:59.240227 f2fa27a8 Range=bytes=675858113-675948804 Recieved
28/Jul/2026:14:01:59.240858 57c17033 Range=bytes=675948805-676058941 Recieved
28/Jul/2026:14:01:59.250679 8e722e02 Range=bytes=675646303-675754357 Recieved
28/Jul/2026:14:01:59.251017 254a298e Range=bytes=679940510-680029408 Recieved
28/Jul/2026:14:01:59.252387 8d9b674e Range=bytes=679755421-679854015 Recieved
28/Jul/2026:14:01:59.252753 89b32b77 Range=bytes=671515020-671626792 Recieved
28/Jul/2026:14:01:59.255467 5a0dc9a4 Range=bytes=667721187-667930099 Recieved
28/Jul/2026:14:01:59.255639 ed9dd2e6 Range=bytes=671626793-671730179 Recieved
28/Jul/2026:14:01:59.258322 aaa4d29d Range=bytes=675754358-675858112 Recieved
28/Jul/2026:14:01:59.267098 75eda9ff Range=bytes=671730180-671887941 Recieved
28/Jul/2026:14:01:59.273478 d4d49234 Range=bytes=679660475-679755420 Recieved
28/Jul/2026:14:01:59.273803 7fed70d9 Range=bytes=671887942-672069898 Recieved
28/Jul/2026:14:01:59.276402 61d022f1 Range=bytes=667553315-667721186 Recieved
28/Jul/2026:14:01:59.289311 8e5e6e91 Range=bytes=672980107-673860197 Recieved
28/Jul/2026:14:01:59.312830 f9dec9d1 Range=bytes=674744883-675646302 Recieved
28/Jul/2026:14:01:59.320481 c2ce68ea Range=bytes=672069899-672976450 Recieved
28/Jul/2026:14:01:59.351405 e16aca03 Range=bytes=677850780-678759562 Recieved
28/Jul/2026:14:01:59.376464 4b700e8f Range=bytes=670606262-671515019 Recieved
28/Jul/2026:14:01:59.494192 17d41a1f Range=bytes=668821040-669698553 Recieved
28/Jul/2026:14:01:59.533915 49ce05aa Range=bytes=665507767-666434646 Recieved
28/Jul/2026:14:01:59.538145 7e543564 Range=bytes=666434647-667343055 Recieved
28/Jul/2026:14:01:59.697457 9782b3cd Range=bytes=673860198-674744882 Recieved
28/Jul/2026:14:01:59.724263 9bcddf2a Range=bytes=664638263-665507766 Recieved
28/Jul/2026:14:01:59.742826 47d6cae4 Range=bytes=676969142-677850779 Recieved
28/Jul/2026:14:01:59.743583 a56fa495 Range=bytes=678759563-679660474 Recieved
28/Jul/2026:14:01:59.746391 f6f8f949 Range=bytes=676058942-676969141 Recieved
28/Jul/2026:14:01:59.772443 f1bcf4b3 Range=bytes=663756106-664638262 Recieved
28/Jul/2026:14:01:59.802021 3b0bfe9e Range=bytes=667930100-668821039 Recieved
28/Jul/2026:14:01:59.924011 9418c594 Range=bytes=669698554-670606261 Recieved
Thread for range[163,167] completed | Latency: 0.8113s 
28/Jul/2026:14:02:00.024028 bb731e39 Range=bytes=696035109-696932641
28/Jul/2026:14:02:00.024182 f5135e79 Range=bytes=696932642-697831249
28/Jul/2026:14:02:00.024248 4d647b86 Range=bytes=697831250-698752900
28/Jul/2026:14:02:00.024307 b9e424a6 Range=bytes=698752901-699639778
28/Jul/2026:14:02:00.024364 b49bf07d Range=bytes=699842702-699932936
28/Jul/2026:14:02:00.024424 2ddd0e4c Range=bytes=699932937-700031043
28/Jul/2026:14:02:00.024475 41199214 Range=bytes=703663922-703757550
28/Jul/2026:14:02:00.024543 e4a36c96 Range=bytes=703757551-703831727
28/Jul/2026:14:02:00.024708 9d28fde7 Range=bytes=700031044-700934097
28/Jul/2026:14:02:00.024773 38c24db4 Range=bytes=700934098-701830244
28/Jul/2026:14:02:00.024833 19530473 Range=bytes=701833901-702760236
28/Jul/2026:14:02:00.024888 000a7eec Range=bytes=702760237-703663921
28/Jul/2026:14:02:00.024943 61b56ce7 Range=bytes=703831728-704015916
28/Jul/2026:14:02:00.024997 e59eff83 Range=bytes=704015917-704212929
28/Jul/2026:14:02:00.025052 72b11ba2 Range=bytes=707859338-707946661
28/Jul/2026:14:02:00.025099 060d7f0b Range=bytes=707946662-708035811
28/Jul/2026:14:02:00.025151 f4c55e2a Range=bytes=704212930-705115941
28/Jul/2026:14:02:00.025200 62e534bf Range=bytes=705115942-706012650
28/Jul/2026:14:02:00.025248 499dc03a Range=bytes=706012651-706944707
28/Jul/2026:14:02:00.025295 375b671c Range=bytes=706944708-707859337
28/Jul/2026:14:02:00.025349 769c3b93 Range=bytes=708035812-708221433
28/Jul/2026:14:02:00.025399 62a21bff Range=bytes=708221434-708454506
28/Jul/2026:14:02:00.025446 3e7d8173 Range=bytes=712073303-712167191
28/Jul/2026:14:02:00.025495 2d928ae5 Range=bytes=712167192-712265652
28/Jul/2026:14:02:00.025541 d2911c8a Range=bytes=708454507-709330375
28/Jul/2026:14:02:00.025588 6e237ed0 Range=bytes=709330376-710223011
28/Jul/2026:14:02:00.025632 3481c1ec Range=bytes=710223012-711154066
28/Jul/2026:14:02:00.025678 872df040 Range=bytes=711154067-712073302
28/Jul/2026:14:02:00.025732 85db9b36 Range=bytes=712265653-712469710
28/Jul/2026:14:02:00.025780 dae3bad6 Range=bytes=712469711-712676158
28/Jul/2026:14:02:00.025824 917f0f8a Range=bytes=716284551-716394143
28/Jul/2026:14:02:00.025874 13bcc522 Range=bytes=716394144-716497596
28/Jul/2026:14:02:00.050247 b49bf07d Range=bytes=699842702-699932936 Recieved
28/Jul/2026:14:02:00.053491 13bcc522 Range=bytes=716394144-716497596 Recieved
28/Jul/2026:14:02:00.054820 2ddd0e4c Range=bytes=699932937-700031043 Recieved
28/Jul/2026:14:02:00.055149 41199214 Range=bytes=703663922-703757550 Recieved
28/Jul/2026:14:02:00.057422 3e7d8173 Range=bytes=712073303-712167191 Recieved
28/Jul/2026:14:02:00.064501 917f0f8a Range=bytes=716284551-716394143 Recieved
28/Jul/2026:14:02:00.069965 060d7f0b Range=bytes=707946662-708035811 Recieved
28/Jul/2026:14:02:00.072528 72b11ba2 Range=bytes=707859338-707946661 Recieved
28/Jul/2026:14:02:00.073411 769c3b93 Range=bytes=708035812-708221433 Recieved
28/Jul/2026:14:02:00.079729 62a21bff Range=bytes=708221434-708454506 Recieved
28/Jul/2026:14:02:00.079898 85db9b36 Range=bytes=712265653-712469710 Recieved
28/Jul/2026:14:02:00.085817 e4a36c96 Range=bytes=703757551-703831727 Recieved
28/Jul/2026:14:02:00.087837 61b56ce7 Range=bytes=703831728-704015916 Recieved
28/Jul/2026:14:02:00.090055 e59eff83 Range=bytes=704015917-704212929 Recieved
28/Jul/2026:14:02:00.093873 dae3bad6 Range=bytes=712469711-712676158 Recieved
28/Jul/2026:14:02:00.101869 2d928ae5 Range=bytes=712167192-712265652 Recieved
28/Jul/2026:14:02:00.109332 f4c55e2a Range=bytes=704212930-705115941 Recieved
28/Jul/2026:14:02:00.109485 bb731e39 Range=bytes=696035109-696932641 Recieved
28/Jul/2026:14:02:00.132809 872df040 Range=bytes=711154067-712073302 Recieved
28/Jul/2026:14:02:00.138096 499dc03a Range=bytes=706012651-706944707 Recieved
28/Jul/2026:14:02:00.150155 4d647b86 Range=bytes=697831250-698752900 Recieved
28/Jul/2026:14:02:00.153153 62e534bf Range=bytes=705115942-706012650 Recieved
28/Jul/2026:14:02:00.169931 3481c1ec Range=bytes=710223012-711154066 Recieved
28/Jul/2026:14:02:00.175926 f5135e79 Range=bytes=696932642-697831249 Recieved
28/Jul/2026:14:02:00.176465 000a7eec Range=bytes=702760237-703663921 Recieved
28/Jul/2026:14:02:00.177217 6e237ed0 Range=bytes=709330376-710223011 Recieved
28/Jul/2026:14:02:00.191386 d2911c8a Range=bytes=708454507-709330375 Recieved
28/Jul/2026:14:02:00.194056 b9e424a6 Range=bytes=698752901-699639778 Recieved
28/Jul/2026:14:02:00.206383 38c24db4 Range=bytes=700934098-701830244 Recieved
28/Jul/2026:14:02:00.223173 19530473 Range=bytes=701833901-702760236 Recieved
28/Jul/2026:14:02:00.229178 375b671c Range=bytes=706944708-707859337 Recieved
28/Jul/2026:14:02:00.419304 9d28fde7 Range=bytes=700031044-700934097 Recieved
Thread for range[171,175] completed | Latency: 0.4911s 
28/Jul/2026:14:02:00.515441 a51d6e86 Range=bytes=721043833-721944039
28/Jul/2026:14:02:00.515595 389bbed4 Range=bytes=721944040-722831132
28/Jul/2026:14:02:00.515662 7cf0030d Range=bytes=722831133-723754923
28/Jul/2026:14:02:00.515723 42e1acf1 Range=bytes=723754924-724664422
28/Jul/2026:14:02:00.515778 18530572 Range=bytes=724874258-725031292
28/Jul/2026:14:02:00.515835 89494a62 Range=bytes=725031293-725184091
28/Jul/2026:14:02:00.515891 0c56f26d Range=bytes=728797327-728892940
28/Jul/2026:14:02:00.515947 26bfdce8 Range=bytes=728892941-729006661
28/Jul/2026:14:02:00.516089 233cd9e4 Range=bytes=725184092-726088638
28/Jul/2026:14:02:00.516151 2c76e14a Range=bytes=726088639-726983856
28/Jul/2026:14:02:00.516214 cf0339da Range=bytes=726983857-727894482
28/Jul/2026:14:02:00.516273 ecc561f3 Range=bytes=727894483-728797326
28/Jul/2026:14:02:00.516324 36107e04 Range=bytes=729006662-729104087
28/Jul/2026:14:02:00.516376 a0cdf789 Range=bytes=729104088-729196943
28/Jul/2026:14:02:00.516426 40f47e6d Range=bytes=732795988-732885009
28/Jul/2026:14:02:00.516472 a1c7d7bc Range=bytes=732885010-732982525
28/Jul/2026:14:02:00.516518 051e5762 Range=bytes=729196944-730098288
28/Jul/2026:14:02:00.516566 3e995df7 Range=bytes=730098289-730986407
28/Jul/2026:14:02:00.516611 0a2adc6b Range=bytes=730986408-731893617
28/Jul/2026:14:02:00.516660 3894c6f7 Range=bytes=731897274-732795987
28/Jul/2026:14:02:00.516708 b4d2503c Range=bytes=732982526-733087580
28/Jul/2026:14:02:00.516757 43f985f0 Range=bytes=733087581-733188612
28/Jul/2026:14:02:00.516803 32c365ce Range=bytes=736743407-736935668
28/Jul/2026:14:02:00.516849 2716ff2e Range=bytes=736935669-737069838
28/Jul/2026:14:02:00.516895 ed84c035 Range=bytes=733188613-734082604
28/Jul/2026:14:02:00.516943 d0019266 Range=bytes=734082605-734962529
28/Jul/2026:14:02:00.516987 5bbccc26 Range=bytes=734962530-735858719
28/Jul/2026:14:02:00.517034 64901657 Range=bytes=735858720-736743406
28/Jul/2026:14:02:00.517078 c74b72ff Range=bytes=737069839-737181073
28/Jul/2026:14:02:00.517128 6526da37 Range=bytes=737181074-737289353
28/Jul/2026:14:02:00.517176 ad28fade Range=bytes=740875408-741009892
28/Jul/2026:14:02:00.517222 23085486 Range=bytes=741009893-741096049
28/Jul/2026:14:02:00.544461 b4d2503c Range=bytes=732982526-733087580 Recieved
28/Jul/2026:14:02:00.544498 36107e04 Range=bytes=729006662-729104087 Recieved
28/Jul/2026:14:02:00.546071 40f47e6d Range=bytes=732795988-732885009 Recieved
28/Jul/2026:14:02:00.546797 6526da37 Range=bytes=737181074-737289353 Recieved
28/Jul/2026:14:02:00.554307 2716ff2e Range=bytes=736935669-737069838 Recieved
28/Jul/2026:14:02:00.556010 0c56f26d Range=bytes=728797327-728892940 Recieved
28/Jul/2026:14:02:00.556134 c74b72ff Range=bytes=737069839-737181073 Recieved
28/Jul/2026:14:02:00.556161 ad28fade Range=bytes=740875408-741009892 Recieved
28/Jul/2026:14:02:00.557494 89494a62 Range=bytes=725031293-725184091 Recieved
28/Jul/2026:14:02:00.558694 a0cdf789 Range=bytes=729104088-729196943 Recieved
28/Jul/2026:14:02:00.560753 23085486 Range=bytes=741009893-741096049 Recieved
28/Jul/2026:14:02:00.566632 a1c7d7bc Range=bytes=732885010-732982525 Recieved
28/Jul/2026:14:02:00.570525 32c365ce Range=bytes=736743407-736935668 Recieved
28/Jul/2026:14:02:00.575223 18530572 Range=bytes=724874258-725031292 Recieved
28/Jul/2026:14:02:00.588816 26bfdce8 Range=bytes=728892941-729006661 Recieved
28/Jul/2026:14:02:00.593698 43f985f0 Range=bytes=733087581-733188612 Recieved
28/Jul/2026:14:02:00.607656 3e995df7 Range=bytes=730098289-730986407 Recieved
28/Jul/2026:14:02:00.609588 051e5762 Range=bytes=729196944-730098288 Recieved
28/Jul/2026:14:02:00.636376 cf0339da Range=bytes=726983857-727894482 Recieved
28/Jul/2026:14:02:00.642045 0a2adc6b Range=bytes=730986408-731893617 Recieved
28/Jul/2026:14:02:00.646417 3894c6f7 Range=bytes=731897274-732795987 Recieved
28/Jul/2026:14:02:00.650953 ed84c035 Range=bytes=733188613-734082604 Recieved
28/Jul/2026:14:02:00.658916 d0019266 Range=bytes=734082605-734962529 Recieved
28/Jul/2026:14:02:00.678640 2c76e14a Range=bytes=726088639-726983856 Recieved
28/Jul/2026:14:02:00.804762 389bbed4 Range=bytes=721944040-722831132 Recieved
28/Jul/2026:14:02:00.809703 5bbccc26 Range=bytes=734962530-735858719 Recieved
28/Jul/2026:14:02:00.855705 7cf0030d Range=bytes=722831133-723754923 Recieved
28/Jul/2026:14:02:00.869246 a51d6e86 Range=bytes=721043833-721944039 Recieved
28/Jul/2026:14:02:00.875097 64901657 Range=bytes=735858720-736743406 Recieved
28/Jul/2026:14:02:00.882924 233cd9e4 Range=bytes=725184092-726088638 Recieved
28/Jul/2026:14:02:00.990385 42e1acf1 Range=bytes=723754924-724664422 Recieved
28/Jul/2026:14:02:01.104377 ecc561f3 Range=bytes=727894483-728797326 Recieved
Thread for range[177,181] completed | Latency: 0.6801s 
28/Jul/2026:14:02:01.195798 714bd6d1 Range=bytes=761969080-762851147
28/Jul/2026:14:02:01.195950 428ae523 Range=bytes=762851148-763738162
28/Jul/2026:14:02:01.196016 e6372e9e Range=bytes=763738163-764659981
28/Jul/2026:14:02:01.196076 2592ed5c Range=bytes=764659982-765574494
28/Jul/2026:14:02:01.196135 4d952d17 Range=bytes=765794577-765984714
28/Jul/2026:14:02:01.196189 2417634b Range=bytes=765984715-766203656
28/Jul/2026:14:02:01.196242 4a74ac20 Range=bytes=769788690-769898910
28/Jul/2026:14:02:01.196307 7ba7bdc8 Range=bytes=769898911-770005745
28/Jul/2026:14:02:01.196459 ab8e29fc Range=bytes=766203657-767083997
28/Jul/2026:14:02:01.196568 9373d826 Range=bytes=767083998-767964456
28/Jul/2026:14:02:01.196642 cbb74aa5 Range=bytes=767964457-768882397
28/Jul/2026:14:02:01.196705 a66b503c Range=bytes=768882398-769788689
28/Jul/2026:14:02:01.196768 de3250f2 Range=bytes=770005746-770163389
28/Jul/2026:14:02:01.196820 d708d094 Range=bytes=770163390-770351811
28/Jul/2026:14:02:01.196870 d65c0cd6 Range=bytes=773953894-774055947
28/Jul/2026:14:02:01.196921 e528e5cb Range=bytes=774055948-774162233
28/Jul/2026:14:02:01.196975 6f3f2a1c Range=bytes=770351812-771247302
28/Jul/2026:14:02:01.197024 e20041df Range=bytes=771247303-772124797
28/Jul/2026:14:02:01.197071 402bc966 Range=bytes=772124798-773049793
28/Jul/2026:14:02:01.197121 30e6b212 Range=bytes=773049794-773953893
28/Jul/2026:14:02:01.197168 36218b56 Range=bytes=774162234-774270380
28/Jul/2026:14:02:01.197218 f4eb334c Range=bytes=774270381-774382546
28/Jul/2026:14:02:01.197266 44ea6b82 Range=bytes=777974564-778081136
28/Jul/2026:14:02:01.197317 f9883a6e Range=bytes=778081137-778191782
28/Jul/2026:14:02:01.197363 2c2cf0c3 Range=bytes=774382547-775282913
28/Jul/2026:14:02:01.197411 5481f14d Range=bytes=775282914-776163131
28/Jul/2026:14:02:01.197457 a4be03ea Range=bytes=776163132-777071371
28/Jul/2026:14:02:01.197503 84829847 Range=bytes=777071372-777974563
28/Jul/2026:14:02:01.197550 6da40fba Range=bytes=778191783-778280107
28/Jul/2026:14:02:01.197600 376fb8e5 Range=bytes=778280108-778371145
28/Jul/2026:14:02:01.197648 f7cf54f6 Range=bytes=781964888-782056524
28/Jul/2026:14:02:01.197693 1d5f888a Range=bytes=782056525-782160080
28/Jul/2026:14:02:01.220417 44ea6b82 Range=bytes=777974564-778081136 Recieved
28/Jul/2026:14:02:01.223887 1d5f888a Range=bytes=782056525-782160080 Recieved
28/Jul/2026:14:02:01.225554 4a74ac20 Range=bytes=769788690-769898910 Recieved
28/Jul/2026:14:02:01.225901 f4eb334c Range=bytes=774270381-774382546 Recieved
28/Jul/2026:14:02:01.226749 376fb8e5 Range=bytes=778280108-778371145 Recieved
28/Jul/2026:14:02:01.228788 6da40fba Range=bytes=778191783-778280107 Recieved
28/Jul/2026:14:02:01.232511 f7cf54f6 Range=bytes=781964888-782056524 Recieved
28/Jul/2026:14:02:01.238705 de3250f2 Range=bytes=770005746-770163389 Recieved
28/Jul/2026:14:02:01.239873 f9883a6e Range=bytes=778081137-778191782 Recieved
28/Jul/2026:14:02:01.241085 36218b56 Range=bytes=774162234-774270380 Recieved
28/Jul/2026:14:02:01.249370 e528e5cb Range=bytes=774055948-774162233 Recieved
28/Jul/2026:14:02:01.256324 d65c0cd6 Range=bytes=773953894-774055947 Recieved
28/Jul/2026:14:02:01.259832 d708d094 Range=bytes=770163390-770351811 Recieved
28/Jul/2026:14:02:01.266369 2417634b Range=bytes=765984715-766203656 Recieved
28/Jul/2026:14:02:01.266496 7ba7bdc8 Range=bytes=769898911-770005745 Recieved
28/Jul/2026:14:02:01.276978 6f3f2a1c Range=bytes=770351812-771247302 Recieved
28/Jul/2026:14:02:01.285038 4d952d17 Range=bytes=765794577-765984714 Recieved
28/Jul/2026:14:02:01.308248 714bd6d1 Range=bytes=761969080-762851147 Recieved
28/Jul/2026:14:02:01.477714 2592ed5c Range=bytes=764659982-765574494 Recieved
28/Jul/2026:14:02:01.504492 9373d826 Range=bytes=767083998-767964456 Recieved
28/Jul/2026:14:02:01.507344 402bc966 Range=bytes=772124798-773049793 Recieved
28/Jul/2026:14:02:01.511865 cbb74aa5 Range=bytes=767964457-768882397 Recieved
28/Jul/2026:14:02:01.541407 ab8e29fc Range=bytes=766203657-767083997 Recieved
28/Jul/2026:14:02:01.557524 2c2cf0c3 Range=bytes=774382547-775282913 Recieved
28/Jul/2026:14:02:01.584708 e6372e9e Range=bytes=763738163-764659981 Recieved
28/Jul/2026:14:02:01.685363 e20041df Range=bytes=771247303-772124797 Recieved
28/Jul/2026:14:02:01.719374 a4be03ea Range=bytes=776163132-777071371 Recieved
28/Jul/2026:14:02:01.725019 30e6b212 Range=bytes=773049794-773953893 Recieved
28/Jul/2026:14:02:01.765371 5481f14d Range=bytes=775282914-776163131 Recieved
28/Jul/2026:14:02:01.789579 428ae523 Range=bytes=762851148-763738162 Recieved
28/Jul/2026:14:02:01.965349 a66b503c Range=bytes=768882398-769788689 Recieved
28/Jul/2026:14:02:01.993312 84829847 Range=bytes=777071372-777974563 Recieved
Thread for range[187,191] completed | Latency: 0.8974s 
28/Jul/2026:14:02:02.093446 84b19cb5 Range=bytes=786402018-787296380
28/Jul/2026:14:02:02.093601 fa668d97 Range=bytes=787296381-788182650
28/Jul/2026:14:02:02.093667 17bd2323 Range=bytes=788182651-789083127
28/Jul/2026:14:02:02.093728 671bdb16 Range=bytes=789083128-789959866
28/Jul/2026:14:02:02.093783 0ffe63f4 Range=bytes=790163598-790276520
28/Jul/2026:14:02:02.093835 43f840f3 Range=bytes=790276521-790387472
28/Jul/2026:14:02:02.093884 3a382ba5 Range=bytes=793999663-794095038
28/Jul/2026:14:02:02.093945 2296d0b4 Range=bytes=794095039-794177964
28/Jul/2026:14:02:02.094027 e9ed6d61 Range=bytes=790387473-791287727
28/Jul/2026:14:02:02.094089 12203df1 Range=bytes=791287728-792184752
28/Jul/2026:14:02:02.094162 a8c83985 Range=bytes=792184753-793106980
28/Jul/2026:14:02:02.094257 7a3164b8 Range=bytes=793106981-793999662
28/Jul/2026:14:02:02.094326 50219165 Range=bytes=794177965-794280907
28/Jul/2026:14:02:02.094384 18f2c091 Range=bytes=794280908-794388454
28/Jul/2026:14:02:02.094436 f789236a Range=bytes=797966647-798049573
28/Jul/2026:14:02:02.094488 b9aca449 Range=bytes=798049574-798125793
28/Jul/2026:14:02:02.094536 55fb2c09 Range=bytes=794388455-795285594
28/Jul/2026:14:02:02.094585 56ac7d54 Range=bytes=795285595-796181225
28/Jul/2026:14:02:02.094640 fcabbeec Range=bytes=796181226-797079637
28/Jul/2026:14:02:02.094690 0669ae92 Range=bytes=797079638-797966646
28/Jul/2026:14:02:02.094743 f9ace0e0 Range=bytes=798125794-798223019
28/Jul/2026:14:02:02.094792 f27bc7c8 Range=bytes=798223020-798323844
28/Jul/2026:14:02:02.094838 b8889478 Range=bytes=801938757-802021125
28/Jul/2026:14:02:02.094887 cc95b339 Range=bytes=802021126-802106002
28/Jul/2026:14:02:02.094933 038e44d1 Range=bytes=798323845-799227186
28/Jul/2026:14:02:02.094985 ca0ca616 Range=bytes=799227187-800127307
28/Jul/2026:14:02:02.095031 cf20330b Range=bytes=800127308-801045268
28/Jul/2026:14:02:02.095076 6c7f1032 Range=bytes=801045269-801938756
28/Jul/2026:14:02:02.095125 80ad5875 Range=bytes=802106003-802287695
28/Jul/2026:14:02:02.095175 e879da51 Range=bytes=802287696-802474179
28/Jul/2026:14:02:02.095219 815367ac Range=bytes=806093745-806190527
28/Jul/2026:14:02:02.095268 69d99ff7 Range=bytes=806190528-806279844
28/Jul/2026:14:02:02.116176 69d99ff7 Range=bytes=806190528-806279844 Recieved
28/Jul/2026:14:02:02.122665 815367ac Range=bytes=806093745-806190527 Recieved
28/Jul/2026:14:02:02.125571 b8889478 Range=bytes=801938757-802021125 Recieved
28/Jul/2026:14:02:02.125950 2296d0b4 Range=bytes=794095039-794177964 Recieved
28/Jul/2026:14:02:02.127642 f27bc7c8 Range=bytes=798223020-798323844 Recieved
28/Jul/2026:14:02:02.132486 cc95b339 Range=bytes=802021126-802106002 Recieved
28/Jul/2026:14:02:02.133464 b9aca449 Range=bytes=798049574-798125793 Recieved
28/Jul/2026:14:02:02.136382 e879da51 Range=bytes=802287696-802474179 Recieved
28/Jul/2026:14:02:02.137763 43f840f3 Range=bytes=790276521-790387472 Recieved
28/Jul/2026:14:02:02.139822 0ffe63f4 Range=bytes=790163598-790276520 Recieved
28/Jul/2026:14:02:02.141412 f9ace0e0 Range=bytes=798125794-798223019 Recieved
28/Jul/2026:14:02:02.141576 18f2c091 Range=bytes=794280908-794388454 Recieved
28/Jul/2026:14:02:02.142090 f789236a Range=bytes=797966647-798049573 Recieved
28/Jul/2026:14:02:02.144336 3a382ba5 Range=bytes=793999663-794095038 Recieved
28/Jul/2026:14:02:02.149272 80ad5875 Range=bytes=802106003-802287695 Recieved
28/Jul/2026:14:02:02.158083 50219165 Range=bytes=794177965-794280907 Recieved
28/Jul/2026:14:02:02.197704 84b19cb5 Range=bytes=786402018-787296380 Recieved
28/Jul/2026:14:02:02.203135 56ac7d54 Range=bytes=795285595-796181225 Recieved
28/Jul/2026:14:02:02.211472 fcabbeec Range=bytes=796181226-797079637 Recieved
28/Jul/2026:14:02:02.212883 6c7f1032 Range=bytes=801045269-801938756 Recieved
28/Jul/2026:14:02:02.214644 0669ae92 Range=bytes=797079638-797966646 Recieved
28/Jul/2026:14:02:02.214963 038e44d1 Range=bytes=798323845-799227186 Recieved
28/Jul/2026:14:02:02.215867 ca0ca616 Range=bytes=799227187-800127307 Recieved
28/Jul/2026:14:02:02.229377 cf20330b Range=bytes=800127308-801045268 Recieved
28/Jul/2026:14:02:02.231282 671bdb16 Range=bytes=789083128-789959866 Recieved
28/Jul/2026:14:02:02.244936 e9ed6d61 Range=bytes=790387473-791287727 Recieved
28/Jul/2026:14:02:02.248916 a8c83985 Range=bytes=792184753-793106980 Recieved
28/Jul/2026:14:02:02.252828 17bd2323 Range=bytes=788182651-789083127 Recieved
28/Jul/2026:14:02:02.262193 fa668d97 Range=bytes=787296381-788182650 Recieved
28/Jul/2026:14:02:02.281413 55fb2c09 Range=bytes=794388455-795285594 Recieved
28/Jul/2026:14:02:02.281507 7a3164b8 Range=bytes=793106981-793999662 Recieved
28/Jul/2026:14:02:02.671509 12203df1 Range=bytes=791287728-792184752 Recieved
Thread for range[193,197] completed | Latency: 0.6710s 
28/Jul/2026:14:02:02.764685 9f02312b Range=bytes=864526185-865408866
28/Jul/2026:14:02:02.764847 85457a86 Range=bytes=865408867-866295641
28/Jul/2026:14:02:02.765009 cbb0aae9 Range=bytes=866295642-867207380
28/Jul/2026:14:02:02.765080 80e11221 Range=bytes=867207381-868118911
28/Jul/2026:14:02:02.765215 7f67b7f3 Range=bytes=868342593-868498888
28/Jul/2026:14:02:02.765313 25f7cfd4 Range=bytes=868498889-868679397
28/Jul/2026:14:02:02.765380 048221ec Range=bytes=872308589-872425439
28/Jul/2026:14:02:02.765438 fe1f067f Range=bytes=872425440-872542443
28/Jul/2026:14:02:02.765491 5e97e48c Range=bytes=868679398-869584348
28/Jul/2026:14:02:02.765543 27d90121 Range=bytes=869584349-870472529
28/Jul/2026:14:02:02.765596 dcef8e8a Range=bytes=870472530-871396245
28/Jul/2026:14:02:02.765650 d4b54503 Range=bytes=871396246-872308588
28/Jul/2026:14:02:02.765705 9d116e6f Range=bytes=872542444-872623962
28/Jul/2026:14:02:02.765755 78c82a69 Range=bytes=872623963-872733771
28/Jul/2026:14:02:02.765803 57c2c26a Range=bytes=876343105-876447698
28/Jul/2026:14:02:02.765852 6394c5c0 Range=bytes=876447699-876555464
28/Jul/2026:14:02:02.765900 9e1648f6 Range=bytes=872733772-873638586
28/Jul/2026:14:02:02.765949 78c13ade Range=bytes=873638587-874524200
28/Jul/2026:14:02:02.765997 1ae5d9b9 Range=bytes=874524201-875440180
28/Jul/2026:14:02:02.766045 aa9ddaeb Range=bytes=875440181-876343104
28/Jul/2026:14:02:02.766095 2bc3bc58 Range=bytes=876555465-876650552
28/Jul/2026:14:02:02.766143 7b6febd2 Range=bytes=876650553-876748406
28/Jul/2026:14:02:02.766191 92aedb12 Range=bytes=880339311-880428846
28/Jul/2026:14:02:02.766237 2dbedbf2 Range=bytes=880428847-880528176
28/Jul/2026:14:02:02.766283 af224ce8 Range=bytes=876752063-877656791
28/Jul/2026:14:02:02.766332 bbdffbd6 Range=bytes=877656792-878540880
28/Jul/2026:14:02:02.766378 23b02074 Range=bytes=878540881-879440537
28/Jul/2026:14:02:02.766427 a9a0fc24 Range=bytes=879440538-880339310
28/Jul/2026:14:02:02.766475 f053d03c Range=bytes=880528177-880624899
28/Jul/2026:14:02:02.766522 ca152e81 Range=bytes=880624900-880718667
28/Jul/2026:14:02:02.766568 e6ab6182 Range=bytes=884315858-884471205
28/Jul/2026:14:02:02.766615 b2947af9 Range=bytes=884471206-884601010
28/Jul/2026:14:02:02.787463 2dbedbf2 Range=bytes=880428847-880528176 Recieved
28/Jul/2026:14:02:02.790239 fe1f067f Range=bytes=872425440-872542443 Recieved
28/Jul/2026:14:02:02.790560 7b6febd2 Range=bytes=876650553-876748406 Recieved
28/Jul/2026:14:02:02.793828 f053d03c Range=bytes=880528177-880624899 Recieved
28/Jul/2026:14:02:02.794014 2bc3bc58 Range=bytes=876555465-876650552 Recieved
28/Jul/2026:14:02:02.794733 ca152e81 Range=bytes=880624900-880718667 Recieved
28/Jul/2026:14:02:02.800172 e6ab6182 Range=bytes=884315858-884471205 Recieved
28/Jul/2026:14:02:02.800847 78c82a69 Range=bytes=872623963-872733771 Recieved
28/Jul/2026:14:02:02.801241 7f67b7f3 Range=bytes=868342593-868498888 Recieved
28/Jul/2026:14:02:02.804284 9d116e6f Range=bytes=872542444-872623962 Recieved
28/Jul/2026:14:02:02.809237 92aedb12 Range=bytes=880339311-880428846 Recieved
28/Jul/2026:14:02:02.809912 25f7cfd4 Range=bytes=868498889-868679397 Recieved
28/Jul/2026:14:02:02.809932 b2947af9 Range=bytes=884471206-884601010 Recieved
28/Jul/2026:14:02:02.812156 57c2c26a Range=bytes=876343105-876447698 Recieved
28/Jul/2026:14:02:02.814709 6394c5c0 Range=bytes=876447699-876555464 Recieved
28/Jul/2026:14:02:02.826676 048221ec Range=bytes=872308589-872425439 Recieved
28/Jul/2026:14:02:02.859235 78c13ade Range=bytes=873638587-874524200 Recieved
28/Jul/2026:14:02:02.867609 aa9ddaeb Range=bytes=875440181-876343104 Recieved
28/Jul/2026:14:02:02.872801 1ae5d9b9 Range=bytes=874524201-875440180 Recieved
28/Jul/2026:14:02:02.878447 23b02074 Range=bytes=878540881-879440537 Recieved
28/Jul/2026:14:02:02.879843 a9a0fc24 Range=bytes=879440538-880339310 Recieved
28/Jul/2026:14:02:02.893262 9e1648f6 Range=bytes=872733772-873638586 Recieved
28/Jul/2026:14:02:02.915204 85457a86 Range=bytes=865408867-866295641 Recieved
28/Jul/2026:14:02:02.933616 27d90121 Range=bytes=869584349-870472529 Recieved
28/Jul/2026:14:02:03.038208 5e97e48c Range=bytes=868679398-869584348 Recieved
28/Jul/2026:14:02:03.052069 dcef8e8a Range=bytes=870472530-871396245 Recieved
28/Jul/2026:14:02:03.059264 80e11221 Range=bytes=867207381-868118911 Recieved
28/Jul/2026:14:02:03.059674 bbdffbd6 Range=bytes=877656792-878540880 Recieved
28/Jul/2026:14:02:03.065268 d4b54503 Range=bytes=871396246-872308588 Recieved
28/Jul/2026:14:02:03.068674 af224ce8 Range=bytes=876752063-877656791 Recieved
28/Jul/2026:14:02:03.072120 cbb0aae9 Range=bytes=866295642-867207380 Recieved
28/Jul/2026:14:02:03.090467 9f02312b Range=bytes=864526185-865408866 Recieved
Thread for range[212,216] completed | Latency: 0.4004s 
28/Jul/2026:14:02:03.165288 21c08723 Range=bytes=893089596-893977926
28/Jul/2026:14:02:03.165441 ececb0f9 Range=bytes=893977927-894870784
28/Jul/2026:14:02:03.165504 e920039c Range=bytes=894870785-895784178
28/Jul/2026:14:02:03.165562 40827305 Range=bytes=895784179-896684115
28/Jul/2026:14:02:03.165617 707451bb Range=bytes=896891275-896987180
28/Jul/2026:14:02:03.165667 af623f0d Range=bytes=896987181-897086177
28/Jul/2026:14:02:03.165717 d770b6f7 Range=bytes=900724192-900816838
28/Jul/2026:14:02:03.165764 affc4c58 Range=bytes=900816839-900904258
28/Jul/2026:14:02:03.165809 59ff8523 Range=bytes=897086178-897985756
28/Jul/2026:14:02:03.165856 e5625481 Range=bytes=897985757-898883935
28/Jul/2026:14:02:03.165902 273bfec6 Range=bytes=898883936-899814410
28/Jul/2026:14:02:03.165948 598d79c2 Range=bytes=899814411-900724191
28/Jul/2026:14:02:03.165997 c5d356d7 Range=bytes=900904259-901089236
28/Jul/2026:14:02:03.166044 35786686 Range=bytes=901089237-901285645
28/Jul/2026:14:02:03.166089 ecd3af35 Range=bytes=904925130-905018760
28/Jul/2026:14:02:03.166134 682e4162 Range=bytes=905018761-905113119
28/Jul/2026:14:02:03.166178 c0825a5d Range=bytes=901285646-902184960
28/Jul/2026:14:02:03.166222 7572e65a Range=bytes=902184961-903079111
28/Jul/2026:14:02:03.166269 c3c85955 Range=bytes=903079112-904014757
28/Jul/2026:14:02:03.166313 c25871b6 Range=bytes=904014758-904925129
28/Jul/2026:14:02:03.166358 d6237e3a Range=bytes=905113120-905323510
28/Jul/2026:14:02:03.166403 9ecf8bea Range=bytes=905323511-905539406
28/Jul/2026:14:02:03.166451 514c8eee Range=bytes=909174226-909276221
28/Jul/2026:14:02:03.166496 61616370 Range=bytes=909276222-909375214
28/Jul/2026:14:02:03.166540 611782a9 Range=bytes=905539407-906426954
28/Jul/2026:14:02:03.166585 2c0f6514 Range=bytes=906430611-907318976
28/Jul/2026:14:02:03.166637 ad77a6d3 Range=bytes=907318977-908256745
28/Jul/2026:14:02:03.166680 ad8c6340 Range=bytes=908256746-909174225
28/Jul/2026:14:02:03.166724 b9a9e420 Range=bytes=909375215-909567985
28/Jul/2026:14:02:03.166767 1420651d Range=bytes=909567986-909777505
28/Jul/2026:14:02:03.166810 eee58407 Range=bytes=913375756-913488024
28/Jul/2026:14:02:03.166856 0b61e0ab Range=bytes=913488025-913599862
28/Jul/2026:14:02:03.184008 707451bb Range=bytes=896891275-896987180 Recieved
28/Jul/2026:14:02:03.184211 eee58407 Range=bytes=913375756-913488024 Recieved
28/Jul/2026:14:02:03.186142 af623f0d Range=bytes=896987181-897086177 Recieved
28/Jul/2026:14:02:03.186787 d770b6f7 Range=bytes=900724192-900816838 Recieved
28/Jul/2026:14:02:03.193621 61616370 Range=bytes=909276222-909375214 Recieved
28/Jul/2026:14:02:03.210058 ecd3af35 Range=bytes=904925130-905018760 Recieved
28/Jul/2026:14:02:03.211792 d6237e3a Range=bytes=905113120-905323510 Recieved
28/Jul/2026:14:02:03.211957 514c8eee Range=bytes=909174226-909276221 Recieved
28/Jul/2026:14:02:03.215821 1420651d Range=bytes=909567986-909777505 Recieved
28/Jul/2026:14:02:03.215944 b9a9e420 Range=bytes=909375215-909567985 Recieved
28/Jul/2026:14:02:03.217013 9ecf8bea Range=bytes=905323511-905539406 Recieved
28/Jul/2026:14:02:03.217210 affc4c58 Range=bytes=900816839-900904258 Recieved
28/Jul/2026:14:02:03.217363 0b61e0ab Range=bytes=913488025-913599862 Recieved
28/Jul/2026:14:02:03.228801 35786686 Range=bytes=901089237-901285645 Recieved
28/Jul/2026:14:02:03.228967 c5d356d7 Range=bytes=900904259-901089236 Recieved
28/Jul/2026:14:02:03.234163 682e4162 Range=bytes=905018761-905113119 Recieved
28/Jul/2026:14:02:03.265384 c25871b6 Range=bytes=904014758-904925129 Recieved
28/Jul/2026:14:02:03.284418 611782a9 Range=bytes=905539407-906426954 Recieved
28/Jul/2026:14:02:03.286382 2c0f6514 Range=bytes=906430611-907318976 Recieved
28/Jul/2026:14:02:03.289103 ad8c6340 Range=bytes=908256746-909174225 Recieved
28/Jul/2026:14:02:03.402737 40827305 Range=bytes=895784179-896684115 Recieved
28/Jul/2026:14:02:03.410081 273bfec6 Range=bytes=898883936-899814410 Recieved
28/Jul/2026:14:02:03.416111 c0825a5d Range=bytes=901285646-902184960 Recieved
28/Jul/2026:14:02:03.421244 ececb0f9 Range=bytes=893977927-894870784 Recieved
28/Jul/2026:14:02:03.422408 21c08723 Range=bytes=893089596-893977926 Recieved
28/Jul/2026:14:02:03.427594 7572e65a Range=bytes=902184961-903079111 Recieved
28/Jul/2026:14:02:03.431810 598d79c2 Range=bytes=899814411-900724191 Recieved
28/Jul/2026:14:02:03.453823 59ff8523 Range=bytes=897086178-897985756 Recieved
28/Jul/2026:14:02:03.458820 e5625481 Range=bytes=897985757-898883935 Recieved
28/Jul/2026:14:02:03.468367 e920039c Range=bytes=894870785-895784178 Recieved
28/Jul/2026:14:02:03.605591 c3c85955 Range=bytes=903079112-904014757 Recieved
28/Jul/2026:14:02:03.893542 ad77a6d3 Range=bytes=907318977-908256745 Recieved
Thread for range[219,223] completed | Latency: 0.8273s 
28/Jul/2026:14:02:03.992856 5ec9776d Range=bytes=926235180-927143996
28/Jul/2026:14:02:03.993009 29bf71f3 Range=bytes=927143997-928026000
28/Jul/2026:14:02:03.993074 11e80ba5 Range=bytes=928026001-928926360
28/Jul/2026:14:02:03.993132 0d53ce30 Range=bytes=928926361-929822321
28/Jul/2026:14:02:03.993189 7b6e38f7 Range=bytes=930024667-930126250
28/Jul/2026:14:02:03.993243 ad30b491 Range=bytes=930126251-930216946
28/Jul/2026:14:02:03.993293 9fdc4faa Range=bytes=933791249-933880744
28/Jul/2026:14:02:03.993346 0366906f Range=bytes=933880745-933962600
28/Jul/2026:14:02:03.993397 a47e6552 Range=bytes=930216947-931113769
28/Jul/2026:14:02:03.993444 1b4f30db Range=bytes=931113770-932001624
28/Jul/2026:14:02:03.993492 a35a04f2 Range=bytes=932001625-932897252
28/Jul/2026:14:02:03.993543 8ba4f572 Range=bytes=932897253-933791248
28/Jul/2026:14:02:03.993590 fd1077c3 Range=bytes=933962601-934073404
28/Jul/2026:14:02:03.993640 3391c532 Range=bytes=934073405-934176773
28/Jul/2026:14:02:03.993691 21b032b6 Range=bytes=937776304-937865292
28/Jul/2026:14:02:03.993738 1d06d786 Range=bytes=937865293-937946308
28/Jul/2026:14:02:03.993787 52c19b7b Range=bytes=934176774-935071967
28/Jul/2026:14:02:03.993834 c0ad8724 Range=bytes=935071968-935966828
28/Jul/2026:14:02:03.993881 580ebc43 Range=bytes=935970485-936881947
28/Jul/2026:14:02:03.993929 d5eb08b3 Range=bytes=936881948-937776303
28/Jul/2026:14:02:03.993981 163d6470 Range=bytes=937946309-938056931
28/Jul/2026:14:02:03.994030 a2a163f4 Range=bytes=938056932-938164807
28/Jul/2026:14:02:03.994076 4bff1cb9 Range=bytes=941762256-941837029
28/Jul/2026:14:02:03.994124 3c0b610b Range=bytes=941837030-941918262
28/Jul/2026:14:02:03.994171 f989613e Range=bytes=938164808-939057246
28/Jul/2026:14:02:03.994220 834dc293 Range=bytes=939057247-939950588
28/Jul/2026:14:02:03.994269 2658e5f6 Range=bytes=939950589-940860236
28/Jul/2026:14:02:03.994316 71ce1868 Range=bytes=940860237-941762255
28/Jul/2026:14:02:03.994363 e9370360 Range=bytes=941918263-942023508
28/Jul/2026:14:02:03.994408 e92aa58c Range=bytes=942023509-942136461
28/Jul/2026:14:02:03.994453 4c6e89ee Range=bytes=945756148-945853379
28/Jul/2026:14:02:03.994499 6d732b81 Range=bytes=945853380-945938517
28/Jul/2026:14:02:04.010889 6d732b81 Range=bytes=945853380-945938517 Recieved
28/Jul/2026:14:02:04.019471 9fdc4faa Range=bytes=933791249-933880744 Recieved
28/Jul/2026:14:02:04.020101 3c0b610b Range=bytes=941837030-941918262 Recieved
28/Jul/2026:14:02:04.020366 fd1077c3 Range=bytes=933962601-934073404 Recieved
28/Jul/2026:14:02:04.020909 4bff1cb9 Range=bytes=941762256-941837029 Recieved
28/Jul/2026:14:02:04.021955 7b6e38f7 Range=bytes=930024667-930126250 Recieved
28/Jul/2026:14:02:04.023030 4c6e89ee Range=bytes=945756148-945853379 Recieved
28/Jul/2026:14:02:04.023351 ad30b491 Range=bytes=930126251-930216946 Recieved
28/Jul/2026:14:02:04.026134 3391c532 Range=bytes=934073405-934176773 Recieved
28/Jul/2026:14:02:04.027156 e9370360 Range=bytes=941918263-942023508 Recieved
28/Jul/2026:14:02:04.027616 21b032b6 Range=bytes=937776304-937865292 Recieved
28/Jul/2026:14:02:04.033870 0366906f Range=bytes=933880745-933962600 Recieved
28/Jul/2026:14:02:04.034535 163d6470 Range=bytes=937946309-938056931 Recieved
28/Jul/2026:14:02:04.035048 a2a163f4 Range=bytes=938056932-938164807 Recieved
28/Jul/2026:14:02:04.040792 e92aa58c Range=bytes=942023509-942136461 Recieved
28/Jul/2026:14:02:04.061740 1d06d786 Range=bytes=937865293-937946308 Recieved
28/Jul/2026:14:02:04.093897 580ebc43 Range=bytes=935970485-936881947 Recieved
28/Jul/2026:14:02:04.094166 a47e6552 Range=bytes=930216947-931113769 Recieved
28/Jul/2026:14:02:04.102034 834dc293 Range=bytes=939057247-939950588 Recieved
28/Jul/2026:14:02:04.104441 5ec9776d Range=bytes=926235180-927143996 Recieved
28/Jul/2026:14:02:04.104534 29bf71f3 Range=bytes=927143997-928026000 Recieved
28/Jul/2026:14:02:04.117360 11e80ba5 Range=bytes=928026001-928926360 Recieved
28/Jul/2026:14:02:04.125154 0d53ce30 Range=bytes=928926361-929822321 Recieved
28/Jul/2026:14:02:04.276502 d5eb08b3 Range=bytes=936881948-937776303 Recieved
28/Jul/2026:14:02:04.364087 a35a04f2 Range=bytes=932001625-932897252 Recieved
28/Jul/2026:14:02:04.374552 f989613e Range=bytes=938164808-939057246 Recieved
28/Jul/2026:14:02:04.388141 2658e5f6 Range=bytes=939950589-940860236 Recieved
28/Jul/2026:14:02:04.450065 52c19b7b Range=bytes=934176774-935071967 Recieved
28/Jul/2026:14:02:04.501870 71ce1868 Range=bytes=940860237-941762255 Recieved
28/Jul/2026:14:02:04.512040 c0ad8724 Range=bytes=935071968-935966828 Recieved
28/Jul/2026:14:02:04.526168 1b4f30db Range=bytes=931113770-932001624 Recieved
28/Jul/2026:14:02:04.587372 8ba4f572 Range=bytes=932897253-933791248 Recieved
Thread for range[227,231] completed | Latency: 0.6929s 
28/Jul/2026:14:02:04.686042 4d6173d8 Range=bytes=1004032767-1004913911
28/Jul/2026:14:02:04.686192 c1005502 Range=bytes=1004913912-1005794314
28/Jul/2026:14:02:04.686258 8d92a54f Range=bytes=1005794315-1006721021
28/Jul/2026:14:02:04.686319 fdf9b035 Range=bytes=1006721022-1007629603
28/Jul/2026:14:02:04.686377 11e5baf9 Range=bytes=1007834352-1008036086
28/Jul/2026:14:02:04.686428 aa31ef0e Range=bytes=1008036087-1008256671
28/Jul/2026:14:02:04.686477 1647e332 Range=bytes=1011866246-1011983369
28/Jul/2026:14:02:04.686642 db1300d2 Range=bytes=1011983370-1012090523
28/Jul/2026:14:02:04.686706 21da2c5f Range=bytes=1008256672-1009147619
28/Jul/2026:14:02:04.686758 fd987c04 Range=bytes=1009147620-1010031742
28/Jul/2026:14:02:04.686810 feb497c2 Range=bytes=1010031743-1010957159
28/Jul/2026:14:02:04.686857 3186bd70 Range=bytes=1010957160-1011866245
28/Jul/2026:14:02:04.686914 dd776623 Range=bytes=1012090524-1012286158
28/Jul/2026:14:02:04.686962 f5469a06 Range=bytes=1012286159-1012497707
28/Jul/2026:14:02:04.687009 e4734c7c Range=bytes=1016099346-1016220610
28/Jul/2026:14:02:04.687059 07266c9a Range=bytes=1016220611-1016328466
28/Jul/2026:14:02:04.687103 5c5aeafe Range=bytes=1012497708-1013376538
28/Jul/2026:14:02:04.687150 c72e8909 Range=bytes=1013376539-1014261331
28/Jul/2026:14:02:04.687196 df864099 Range=bytes=1014261332-1015189155
28/Jul/2026:14:02:04.687241 0b7d9a8b Range=bytes=1015189156-1016099345
28/Jul/2026:14:02:04.687288 129187e3 Range=bytes=1016328467-1016507175
28/Jul/2026:14:02:04.687335 7f033abb Range=bytes=1016507176-1016701213
28/Jul/2026:14:02:04.687389 7696ee69 Range=bytes=1020317325-1020426014
28/Jul/2026:14:02:04.687437 86271601 Range=bytes=1020426015-1020540487
28/Jul/2026:14:02:04.687488 62579eac Range=bytes=1016701214-1017599755
28/Jul/2026:14:02:04.687537 6c3a0466 Range=bytes=1017599756-1018484981
28/Jul/2026:14:02:04.687589 fab62f48 Range=bytes=1018484982-1019409046
28/Jul/2026:14:02:04.687640 ac8c704e Range=bytes=1019409047-1020317324
28/Jul/2026:14:02:04.687690 1e38a395 Range=bytes=1020540488-1020658142
28/Jul/2026:14:02:04.687739 c898c853 Range=bytes=1020658143-1020772729
28/Jul/2026:14:02:04.687789 2057dfff Range=bytes=1024374468-1024471600
28/Jul/2026:14:02:04.687836 b3639340 Range=bytes=1024475257-1024591947
28/Jul/2026:14:02:04.717994 b3639340 Range=bytes=1024475257-1024591947 Recieved
28/Jul/2026:14:02:04.720321 c898c853 Range=bytes=1020658143-1020772729 Recieved
28/Jul/2026:14:02:04.724426 1e38a395 Range=bytes=1020540488-1020658142 Recieved
28/Jul/2026:14:02:04.729350 11e5baf9 Range=bytes=1007834352-1008036086 Recieved
28/Jul/2026:14:02:04.731906 7696ee69 Range=bytes=1020317325-1020426014 Recieved
28/Jul/2026:14:02:04.732436 aa31ef0e Range=bytes=1008036087-1008256671 Recieved
28/Jul/2026:14:02:04.732595 86271601 Range=bytes=1020426015-1020540487 Recieved
28/Jul/2026:14:02:04.733610 dd776623 Range=bytes=1012090524-1012286158 Recieved
28/Jul/2026:14:02:04.734456 2057dfff Range=bytes=1024374468-1024471600 Recieved
28/Jul/2026:14:02:04.740244 db1300d2 Range=bytes=1011983370-1012090523 Recieved
28/Jul/2026:14:02:04.741060 7f033abb Range=bytes=1016507176-1016701213 Recieved
28/Jul/2026:14:02:04.741132 1647e332 Range=bytes=1011866246-1011983369 Recieved
28/Jul/2026:14:02:04.741246 07266c9a Range=bytes=1016220611-1016328466 Recieved
28/Jul/2026:14:02:04.747194 129187e3 Range=bytes=1016328467-1016507175 Recieved
28/Jul/2026:14:02:04.761848 f5469a06 Range=bytes=1012286159-1012497707 Recieved
28/Jul/2026:14:02:04.767845 ac8c704e Range=bytes=1019409047-1020317324 Recieved
28/Jul/2026:14:02:04.787816 e4734c7c Range=bytes=1016099346-1016220610 Recieved
28/Jul/2026:14:02:04.788763 0b7d9a8b Range=bytes=1015189156-1016099345 Recieved
28/Jul/2026:14:02:04.803550 fab62f48 Range=bytes=1018484982-1019409046 Recieved
28/Jul/2026:14:02:04.810374 8d92a54f Range=bytes=1005794315-1006721021 Recieved
28/Jul/2026:14:02:04.822497 feb497c2 Range=bytes=1010031743-1010957159 Recieved
28/Jul/2026:14:02:04.957186 df864099 Range=bytes=1014261332-1015189155 Recieved
28/Jul/2026:14:02:04.959639 6c3a0466 Range=bytes=1017599756-1018484981 Recieved
28/Jul/2026:14:02:05.008490 4d6173d8 Range=bytes=1004032767-1004913911 Recieved
28/Jul/2026:14:02:05.024840 3186bd70 Range=bytes=1010957160-1011866245 Recieved
28/Jul/2026:14:02:05.068639 21da2c5f Range=bytes=1008256672-1009147619 Recieved
28/Jul/2026:14:02:05.190070 c72e8909 Range=bytes=1013376539-1014261331 Recieved
28/Jul/2026:14:02:05.244707 fd987c04 Range=bytes=1009147620-1010031742 Recieved
28/Jul/2026:14:02:05.250169 5c5aeafe Range=bytes=1012497708-1013376538 Recieved
28/Jul/2026:14:02:05.283447 c1005502 Range=bytes=1004913912-1005794314 Recieved
28/Jul/2026:14:02:05.290215 fdf9b035 Range=bytes=1006721022-1007629603 Recieved
28/Jul/2026:14:02:05.438317 62579eac Range=bytes=1016701214-1017599755 Recieved
Thread for range[246,250] completed | Latency: 0.8538s 
28/Jul/2026:14:02:05.540090 3664daaf Range=bytes=1032938983-1033835446
28/Jul/2026:14:02:05.540254 a04bff40 Range=bytes=1033835447-1034718240
28/Jul/2026:14:02:05.540323 53624ac7 Range=bytes=1034718241-1035617563
28/Jul/2026:14:02:05.540384 6bf6e9c2 Range=bytes=1035617564-1036516800
28/Jul/2026:14:02:05.540442 d54cc176 Range=bytes=1036829907-1036940578
28/Jul/2026:14:02:05.540495 3ba468f9 Range=bytes=1036940579-1037052995
28/Jul/2026:14:02:05.540681 25790a81 Range=bytes=1040634366-1040797752
28/Jul/2026:14:02:05.540748 c2c8de7c Range=bytes=1040797753-1040904773
28/Jul/2026:14:02:05.540815 e614a3ba Range=bytes=1037052996-1037951793
28/Jul/2026:14:02:05.540876 ce753da9 Range=bytes=1037951794-1038841519
28/Jul/2026:14:02:05.540935 62719c99 Range=bytes=1038841520-1039744173
28/Jul/2026:14:02:05.540989 acbcbe73 Range=bytes=1039744174-1040634365
28/Jul/2026:14:02:05.541045 9746073b Range=bytes=1040904774-1041016743
28/Jul/2026:14:02:05.541095 fad583f6 Range=bytes=1041016744-1041131963
28/Jul/2026:14:02:05.541144 b66781a0 Range=bytes=1044733553-1044835500
28/Jul/2026:14:02:05.541191 d6bb2a71 Range=bytes=1044835501-1044914701
28/Jul/2026:14:02:05.541248 9fb6a3ca Range=bytes=1041131964-1042030338
28/Jul/2026:14:02:05.541295 5cf134c5 Range=bytes=1042030339-1042928619
28/Jul/2026:14:02:05.541343 2023081f Range=bytes=1042928620-1043846129
28/Jul/2026:14:02:05.541390 1da57d20 Range=bytes=1043846130-1044733552
28/Jul/2026:14:02:05.541437 9e6c90c6 Range=bytes=1044914702-1045019965
28/Jul/2026:14:02:05.541482 42e61d5f Range=bytes=1045019966-1045128671
28/Jul/2026:14:02:05.541533 d7ad9fa2 Range=bytes=1048748111-1048842730
28/Jul/2026:14:02:05.541579 8731262a Range=bytes=1048842731-1048931148
28/Jul/2026:14:02:05.541626 74298c2e Range=bytes=1045128672-1046030386
28/Jul/2026:14:02:05.541670 2ff35296 Range=bytes=1046030387-1046935225
28/Jul/2026:14:02:05.541718 b31f465a Range=bytes=1046935226-1047850139
28/Jul/2026:14:02:05.541768 3ca97fd9 Range=bytes=1047850140-1048748110
28/Jul/2026:14:02:05.541812 403bc93e Range=bytes=1048931149-1049125980
28/Jul/2026:14:02:05.541863 9e7f2e80 Range=bytes=1049125981-1049339161
28/Jul/2026:14:02:05.541909 421cf5c3 Range=bytes=1052972426-1053068010
28/Jul/2026:14:02:05.541954 03bac02f Range=bytes=1053068011-1053167262
28/Jul/2026:14:02:05.563604 d6bb2a71 Range=bytes=1044835501-1044914701 Recieved
28/Jul/2026:14:02:05.570917 c2c8de7c Range=bytes=1040797753-1040904773 Recieved
28/Jul/2026:14:02:05.571483 d54cc176 Range=bytes=1036829907-1036940578 Recieved
28/Jul/2026:14:02:05.577054 8731262a Range=bytes=1048842731-1048931148 Recieved
28/Jul/2026:14:02:05.577401 d7ad9fa2 Range=bytes=1048748111-1048842730 Recieved
28/Jul/2026:14:02:05.579262 fad583f6 Range=bytes=1041016744-1041131963 Recieved
28/Jul/2026:14:02:05.580272 42e61d5f Range=bytes=1045019966-1045128671 Recieved
28/Jul/2026:14:02:05.582819 421cf5c3 Range=bytes=1052972426-1053068010 Recieved
28/Jul/2026:14:02:05.584752 03bac02f Range=bytes=1053068011-1053167262 Recieved
28/Jul/2026:14:02:05.584912 3ba468f9 Range=bytes=1036940579-1037052995 Recieved
28/Jul/2026:14:02:05.586294 9746073b Range=bytes=1040904774-1041016743 Recieved
28/Jul/2026:14:02:05.591614 b66781a0 Range=bytes=1044733553-1044835500 Recieved
28/Jul/2026:14:02:05.592965 9e7f2e80 Range=bytes=1049125981-1049339161 Recieved
28/Jul/2026:14:02:05.594022 9e6c90c6 Range=bytes=1044914702-1045019965 Recieved
28/Jul/2026:14:02:05.595081 403bc93e Range=bytes=1048931149-1049125980 Recieved
28/Jul/2026:14:02:05.609499 25790a81 Range=bytes=1040634366-1040797752 Recieved
28/Jul/2026:14:02:05.638142 2023081f Range=bytes=1042928620-1043846129 Recieved
28/Jul/2026:14:02:05.643874 62719c99 Range=bytes=1038841520-1039744173 Recieved
28/Jul/2026:14:02:05.796434 1da57d20 Range=bytes=1043846130-1044733552 Recieved
28/Jul/2026:14:02:05.861166 74298c2e Range=bytes=1045128672-1046030386 Recieved
28/Jul/2026:14:02:05.877537 a04bff40 Range=bytes=1033835447-1034718240 Recieved
28/Jul/2026:14:02:05.889073 b31f465a Range=bytes=1046935226-1047850139 Recieved
28/Jul/2026:14:02:05.889432 53624ac7 Range=bytes=1034718241-1035617563 Recieved
28/Jul/2026:14:02:05.897548 e614a3ba Range=bytes=1037052996-1037951793 Recieved
28/Jul/2026:14:02:06.003033 9fb6a3ca Range=bytes=1041131964-1042030338 Recieved
28/Jul/2026:14:02:06.007637 ce753da9 Range=bytes=1037951794-1038841519 Recieved
28/Jul/2026:14:02:06.028359 3ca97fd9 Range=bytes=1047850140-1048748110 Recieved
28/Jul/2026:14:02:06.052269 2ff35296 Range=bytes=1046030387-1046935225 Recieved
28/Jul/2026:14:02:06.059724 acbcbe73 Range=bytes=1039744174-1040634365 Recieved
28/Jul/2026:14:02:06.095839 5cf134c5 Range=bytes=1042030339-1042928619 Recieved
28/Jul/2026:14:02:06.105164 6bf6e9c2 Range=bytes=1035617564-1036516800 Recieved
28/Jul/2026:14:02:06.119269 3664daaf Range=bytes=1032938983-1033835446 Recieved
Thread for range[253,257] completed | Latency: 0.6767s 
28/Jul/2026:14:02:06.216992 c6d3ef71 Range=bytes=1057865718-1058751852
28/Jul/2026:14:02:06.217146 19febfc8 Range=bytes=1058751853-1059634789
28/Jul/2026:14:02:06.217216 53a2e1c9 Range=bytes=1059634790-1060562702
28/Jul/2026:14:02:06.217276 ac530cd8 Range=bytes=1060562703-1061477706
28/Jul/2026:14:02:06.217332 53f9125c Range=bytes=1061700988-1061896035
28/Jul/2026:14:02:06.217384 73a82061 Range=bytes=1061896036-1062109256
28/Jul/2026:14:02:06.217437 068bba61 Range=bytes=1065719949-1065840716
28/Jul/2026:14:02:06.217494 722e2f0f Range=bytes=1065840717-1065954158
28/Jul/2026:14:02:06.217633 874a2cfe Range=bytes=1062109257-1062994300
28/Jul/2026:14:02:06.217695 e529346f Range=bytes=1062994301-1063874193
28/Jul/2026:14:02:06.217755 e08e03b0 Range=bytes=1063874194-1064806522
28/Jul/2026:14:02:06.217805 03612e78 Range=bytes=1064806523-1065719948
28/Jul/2026:14:02:06.217854 a6060704 Range=bytes=1065954159-1066111354
28/Jul/2026:14:02:06.217914 532e1cca Range=bytes=1066111355-1066316726
28/Jul/2026:14:02:06.217963 0b0384f6 Range=bytes=1069925889-1070045802
28/Jul/2026:14:02:06.218011 d4a3a6a0 Range=bytes=1070045803-1070167398
28/Jul/2026:14:02:06.218057 31734639 Range=bytes=1066316727-1067210268
28/Jul/2026:14:02:06.218103 78045e9e Range=bytes=1067210269-1068090588
28/Jul/2026:14:02:06.218152 5492e90e Range=bytes=1068090589-1069016958
28/Jul/2026:14:02:06.218198 3d9d7364 Range=bytes=1069016959-1069925888
28/Jul/2026:14:02:06.218245 cdfdd7bf Range=bytes=1070167399-1070266394
28/Jul/2026:14:02:06.218292 448ee499 Range=bytes=1070266395-1070386652
28/Jul/2026:14:02:06.218341 b3ebbf30 Range=bytes=1073983986-1074098702
28/Jul/2026:14:02:06.218389 6c9a00a6 Range=bytes=1074098703-1074215422
28/Jul/2026:14:02:06.218434 3294f751 Range=bytes=1070386653-1071287542
28/Jul/2026:14:02:06.218482 5f20b61e Range=bytes=1071287543-1072163061
28/Jul/2026:14:02:06.218529 207ccce0 Range=bytes=1072163062-1073081723
28/Jul/2026:14:02:06.218574 d62dc80f Range=bytes=1073081724-1073983985
28/Jul/2026:14:02:06.218620 f98bcb63 Range=bytes=1074215423-1074304773
28/Jul/2026:14:02:06.218668 8eb3edd7 Range=bytes=1074304774-1074402902
28/Jul/2026:14:02:06.218717 45a4bd3d Range=bytes=1077992591-1078088312
28/Jul/2026:14:02:06.218769 601ed5c3 Range=bytes=1078088313-1078197660
28/Jul/2026:14:02:06.239164 601ed5c3 Range=bytes=1078088313-1078197660 Recieved
28/Jul/2026:14:02:06.243189 f98bcb63 Range=bytes=1074215423-1074304773 Recieved
28/Jul/2026:14:02:06.245824 45a4bd3d Range=bytes=1077992591-1078088312 Recieved
28/Jul/2026:14:02:06.254045 448ee499 Range=bytes=1070266395-1070386652 Recieved
28/Jul/2026:14:02:06.254859 b3ebbf30 Range=bytes=1073983986-1074098702 Recieved
28/Jul/2026:14:02:06.258818 6c9a00a6 Range=bytes=1074098703-1074215422 Recieved
28/Jul/2026:14:02:06.259654 8eb3edd7 Range=bytes=1074304774-1074402902 Recieved
28/Jul/2026:14:02:06.265843 a6060704 Range=bytes=1065954159-1066111354 Recieved
28/Jul/2026:14:02:06.267031 722e2f0f Range=bytes=1065840717-1065954158 Recieved
28/Jul/2026:14:02:06.267536 068bba61 Range=bytes=1065719949-1065840716 Recieved
28/Jul/2026:14:02:06.272546 d4a3a6a0 Range=bytes=1070045803-1070167398 Recieved
28/Jul/2026:14:02:06.274636 0b0384f6 Range=bytes=1069925889-1070045802 Recieved
28/Jul/2026:14:02:06.282138 53f9125c Range=bytes=1061700988-1061896035 Recieved
28/Jul/2026:14:02:06.282303 73a82061 Range=bytes=1061896036-1062109256 Recieved
28/Jul/2026:14:02:06.283334 cdfdd7bf Range=bytes=1070167399-1070266394 Recieved
28/Jul/2026:14:02:06.307114 ac530cd8 Range=bytes=1060562703-1061477706 Recieved
28/Jul/2026:14:02:06.308090 532e1cca Range=bytes=1066111355-1066316726 Recieved
28/Jul/2026:14:02:06.320222 c6d3ef71 Range=bytes=1057865718-1058751852 Recieved
28/Jul/2026:14:02:06.333178 5f20b61e Range=bytes=1071287543-1072163061 Recieved
28/Jul/2026:14:02:06.340571 d62dc80f Range=bytes=1073081724-1073983985 Recieved
28/Jul/2026:14:02:06.374634 5492e90e Range=bytes=1068090589-1069016958 Recieved
28/Jul/2026:14:02:06.399755 31734639 Range=bytes=1066316727-1067210268 Recieved
28/Jul/2026:14:02:06.486700 19febfc8 Range=bytes=1058751853-1059634789 Recieved
28/Jul/2026:14:02:06.488001 78045e9e Range=bytes=1067210269-1068090588 Recieved
28/Jul/2026:14:02:06.491328 53a2e1c9 Range=bytes=1059634790-1060562702 Recieved
28/Jul/2026:14:02:06.502269 03612e78 Range=bytes=1064806523-1065719948 Recieved
28/Jul/2026:14:02:06.505055 e529346f Range=bytes=1062994301-1063874193 Recieved
28/Jul/2026:14:02:06.528957 3294f751 Range=bytes=1070386653-1071287542 Recieved
28/Jul/2026:14:02:06.546737 3d9d7364 Range=bytes=1069016959-1069925888 Recieved
28/Jul/2026:14:02:06.725122 207ccce0 Range=bytes=1072163062-1073081723 Recieved
28/Jul/2026:14:02:06.727054 e08e03b0 Range=bytes=1063874194-1064806522 Recieved
28/Jul/2026:14:02:06.753095 874a2cfe Range=bytes=1062109257-1062994300 Recieved
Thread for range[259,263] completed | Latency: 0.6354s 
28/Jul/2026:14:02:06.852634 eb609edd Range=bytes=1094528005-1095426904
28/Jul/2026:14:02:06.852789 760729fb Range=bytes=1095426905-1096323739
28/Jul/2026:14:02:06.852855 cf087492 Range=bytes=1096323740-1097251480
28/Jul/2026:14:02:06.852921 a7b50475 Range=bytes=1097251481-1098154946
28/Jul/2026:14:02:06.852982 a4c57abb Range=bytes=1098325334-1098506811
28/Jul/2026:14:02:06.853126 815d290a Range=bytes=1098506812-1098693553
28/Jul/2026:14:02:06.853191 af9e7c06 Range=bytes=1102334116-1102430706
28/Jul/2026:14:02:06.853252 6b5fd2f7 Range=bytes=1102430707-1102520262
28/Jul/2026:14:02:06.853303 cf3bf55f Range=bytes=1098693554-1099594636
28/Jul/2026:14:02:06.853357 3adc0d9b Range=bytes=1099594637-1100491154
28/Jul/2026:14:02:06.853412 744adfde Range=bytes=1100491155-1101426708
28/Jul/2026:14:02:06.853460 c2ca2602 Range=bytes=1101426709-1102334115
28/Jul/2026:14:02:06.853508 591311f4 Range=bytes=1102520263-1102744410
28/Jul/2026:14:02:06.853562 9971915d Range=bytes=1102744411-1102968694
28/Jul/2026:14:02:06.853610 62fd8f4d Range=bytes=1106574066-1106674926
28/Jul/2026:14:02:06.853661 f9992213 Range=bytes=1106674927-1106775256
28/Jul/2026:14:02:06.853711 f95768e4 Range=bytes=1102968695-1103849526
28/Jul/2026:14:02:06.853760 efc0c857 Range=bytes=1103849527-1104733463
28/Jul/2026:14:02:06.853810 869226cf Range=bytes=1104733464-1105658797
28/Jul/2026:14:02:06.853858 5b2667b5 Range=bytes=1105658798-1106574065
28/Jul/2026:14:02:06.853913 58c3cc98 Range=bytes=1106775257-1106992725
28/Jul/2026:14:02:06.853960 deae0482 Range=bytes=1106992726-1107227441
28/Jul/2026:14:02:06.854011 fb9ea090 Range=bytes=1110801264-1110920774
28/Jul/2026:14:02:06.854060 19ffaba5 Range=bytes=1110920775-1111028965
28/Jul/2026:14:02:06.854109 7cdfc45c Range=bytes=1107227442-1108097473
28/Jul/2026:14:02:06.854162 d31f29ad Range=bytes=1108097474-1108969614
28/Jul/2026:14:02:06.854208 ce441801 Range=bytes=1108969615-1109894901
28/Jul/2026:14:02:06.854251 e4db1585 Range=bytes=1109894902-1110801263
28/Jul/2026:14:02:06.854299 cac1392f Range=bytes=1111028966-1111221071
28/Jul/2026:14:02:06.854346 99399a11 Range=bytes=1111221072-1111422287
28/Jul/2026:14:02:06.854392 84d76bd0 Range=bytes=1115033977-1115152159
28/Jul/2026:14:02:06.854441 6a878414 Range=bytes=1115152160-1115254536
28/Jul/2026:14:02:06.876503 f9992213 Range=bytes=1106674927-1106775256 Recieved
28/Jul/2026:14:02:06.882007 6b5fd2f7 Range=bytes=1102430707-1102520262 Recieved
28/Jul/2026:14:02:06.882260 19ffaba5 Range=bytes=1110920775-1111028965 Recieved
28/Jul/2026:14:02:06.882311 cac1392f Range=bytes=1111028966-1111221071 Recieved
28/Jul/2026:14:02:06.895192 a4c57abb Range=bytes=1098325334-1098506811 Recieved
28/Jul/2026:14:02:06.897013 815d290a Range=bytes=1098506812-1098693553 Recieved
28/Jul/2026:14:02:06.900778 fb9ea090 Range=bytes=1110801264-1110920774 Recieved
28/Jul/2026:14:02:06.904565 84d76bd0 Range=bytes=1115033977-1115152159 Recieved
28/Jul/2026:14:02:06.904881 af9e7c06 Range=bytes=1102334116-1102430706 Recieved
28/Jul/2026:14:02:06.908352 6a878414 Range=bytes=1115152160-1115254536 Recieved
28/Jul/2026:14:02:06.908690 62fd8f4d Range=bytes=1106574066-1106674926 Recieved
28/Jul/2026:14:02:06.909028 99399a11 Range=bytes=1111221072-1111422287 Recieved
28/Jul/2026:14:02:06.925255 58c3cc98 Range=bytes=1106775257-1106992725 Recieved
28/Jul/2026:14:02:06.931784 deae0482 Range=bytes=1106992726-1107227441 Recieved
28/Jul/2026:14:02:06.932125 9971915d Range=bytes=1102744411-1102968694 Recieved
28/Jul/2026:14:02:06.940747 591311f4 Range=bytes=1102520263-1102744410 Recieved
28/Jul/2026:14:02:06.972266 e4db1585 Range=bytes=1109894902-1110801263 Recieved
28/Jul/2026:14:02:06.980564 869226cf Range=bytes=1104733464-1105658797 Recieved
28/Jul/2026:14:02:06.981062 5b2667b5 Range=bytes=1105658798-1106574065 Recieved
28/Jul/2026:14:02:06.981905 efc0c857 Range=bytes=1103849527-1104733463 Recieved
28/Jul/2026:14:02:06.983955 7cdfc45c Range=bytes=1107227442-1108097473 Recieved
28/Jul/2026:14:02:06.984651 d31f29ad Range=bytes=1108097474-1108969614 Recieved
28/Jul/2026:14:02:06.985646 ce441801 Range=bytes=1108969615-1109894901 Recieved
28/Jul/2026:14:02:06.999075 eb609edd Range=bytes=1094528005-1095426904 Recieved
28/Jul/2026:14:02:07.000026 a7b50475 Range=bytes=1097251481-1098154946 Recieved
28/Jul/2026:14:02:07.001408 c2ca2602 Range=bytes=1101426709-1102334115 Recieved
28/Jul/2026:14:02:07.006949 760729fb Range=bytes=1095426905-1096323739 Recieved
28/Jul/2026:14:02:07.008800 cf087492 Range=bytes=1096323740-1097251480 Recieved
28/Jul/2026:14:02:07.015064 744adfde Range=bytes=1100491155-1101426708 Recieved
28/Jul/2026:14:02:07.028550 3adc0d9b Range=bytes=1099594637-1100491154 Recieved
28/Jul/2026:14:02:07.030314 cf3bf55f Range=bytes=1098693554-1099594636 Recieved
28/Jul/2026:14:02:07.206846 f95768e4 Range=bytes=1102968695-1103849526 Recieved
Thread for range[268,272] completed | Latency: 0.4508s 
28/Jul/2026:14:02:07.303646 47fb34ab Range=bytes=1123742627-1124643377
28/Jul/2026:14:02:07.303792 dd93b0f3 Range=bytes=1124643378-1125517830
28/Jul/2026:14:02:07.303855 ce036641 Range=bytes=1125517831-1126415455
28/Jul/2026:14:02:07.303915 6dbed80d Range=bytes=1126415456-1127316506
28/Jul/2026:14:02:07.303970 bb4fd10f Range=bytes=1127510188-1127617438
28/Jul/2026:14:02:07.304026 f32a4fd0 Range=bytes=1127617439-1127711780
28/Jul/2026:14:02:07.304089 6b8eeab1 Range=bytes=1131299525-1131494045
28/Jul/2026:14:02:07.304268 f5320432 Range=bytes=1131494046-1131662979
28/Jul/2026:14:02:07.304333 9a5cfcaa Range=bytes=1127711781-1128609552
28/Jul/2026:14:02:07.304399 d1ee6128 Range=bytes=1128609553-1129491367
28/Jul/2026:14:02:07.304448 ca61f638 Range=bytes=1129491368-1130398511
28/Jul/2026:14:02:07.304498 db576981 Range=bytes=1130398512-1131299524
28/Jul/2026:14:02:07.304546 5e316a05 Range=bytes=1131662980-1131770167
28/Jul/2026:14:02:07.304600 43fc970f Range=bytes=1131770168-1131872360
28/Jul/2026:14:02:07.304647 b3ff74c0 Range=bytes=1135450991-1135624981
28/Jul/2026:14:02:07.304697 253443ef Range=bytes=1135624982-1135755550
28/Jul/2026:14:02:07.304742 e8adc0f1 Range=bytes=1131872361-1132765132
28/Jul/2026:14:02:07.304791 2db05dcd Range=bytes=1132765133-1133642629
28/Jul/2026:14:02:07.304842 c744b5c4 Range=bytes=1133642630-1134550326
28/Jul/2026:14:02:07.304887 36b55583 Range=bytes=1134550327-1135450990
28/Jul/2026:14:02:07.304931 d7a2ebbc Range=bytes=1135755551-1135870747
28/Jul/2026:14:02:07.304977 56c4391f Range=bytes=1135870748-1135976822
28/Jul/2026:14:02:07.305022 f5ba3869 Range=bytes=1139586354-1139689323
28/Jul/2026:14:02:07.305066 ef2db8e7 Range=bytes=1139689324-1139780327
28/Jul/2026:14:02:07.305113 d7f0ab25 Range=bytes=1135976823-1136872615
28/Jul/2026:14:02:07.305158 99d4c758 Range=bytes=1136872616-1137764879
28/Jul/2026:14:02:07.305205 3f2d72d3 Range=bytes=1137764880-1138685227
28/Jul/2026:14:02:07.305254 cd34753a Range=bytes=1138685228-1139586353
28/Jul/2026:14:02:07.305306 7c67b600 Range=bytes=1139780328-1139885051
28/Jul/2026:14:02:07.305353 4a973f05 Range=bytes=1139885052-1139991854
28/Jul/2026:14:02:07.305397 32ce184a Range=bytes=1143580945-1143693810
28/Jul/2026:14:02:07.305444 424ee6f8 Range=bytes=1143693811-1143775144
28/Jul/2026:14:02:07.330409 424ee6f8 Range=bytes=1143693811-1143775144 Recieved
28/Jul/2026:14:02:07.331341 f32a4fd0 Range=bytes=1127617439-1127711780 Recieved
28/Jul/2026:14:02:07.334265 ef2db8e7 Range=bytes=1139689324-1139780327 Recieved
28/Jul/2026:14:02:07.335273 56c4391f Range=bytes=1135870748-1135976822 Recieved
28/Jul/2026:14:02:07.336094 4a973f05 Range=bytes=1139885052-1139991854 Recieved
28/Jul/2026:14:02:07.337280 5e316a05 Range=bytes=1131662980-1131770167 Recieved
28/Jul/2026:14:02:07.337442 d7a2ebbc Range=bytes=1135755551-1135870747 Recieved
28/Jul/2026:14:02:07.339247 43fc970f Range=bytes=1131770168-1131872360 Recieved
28/Jul/2026:14:02:07.345062 7c67b600 Range=bytes=1139780328-1139885051 Recieved
28/Jul/2026:14:02:07.345727 6b8eeab1 Range=bytes=1131299525-1131494045 Recieved
28/Jul/2026:14:02:07.345886 32ce184a Range=bytes=1143580945-1143693810 Recieved
28/Jul/2026:14:02:07.351994 bb4fd10f Range=bytes=1127510188-1127617438 Recieved
28/Jul/2026:14:02:07.352150 f5320432 Range=bytes=1131494046-1131662979 Recieved
28/Jul/2026:14:02:07.359535 f5ba3869 Range=bytes=1139586354-1139689323 Recieved
28/Jul/2026:14:02:07.360213 b3ff74c0 Range=bytes=1135450991-1135624981 Recieved
28/Jul/2026:14:02:07.368954 253443ef Range=bytes=1135624982-1135755550 Recieved
28/Jul/2026:14:02:07.399832 6dbed80d Range=bytes=1126415456-1127316506 Recieved
28/Jul/2026:14:02:07.406095 d7f0ab25 Range=bytes=1135976823-1136872615 Recieved
28/Jul/2026:14:02:07.409952 99d4c758 Range=bytes=1136872616-1137764879 Recieved
28/Jul/2026:14:02:07.415766 36b55583 Range=bytes=1134550327-1135450990 Recieved
28/Jul/2026:14:02:07.419602 cd34753a Range=bytes=1138685228-1139586353 Recieved
28/Jul/2026:14:02:07.424962 c744b5c4 Range=bytes=1133642630-1134550326 Recieved
28/Jul/2026:14:02:07.443846 dd93b0f3 Range=bytes=1124643378-1125517830 Recieved
28/Jul/2026:14:02:07.447676 3f2d72d3 Range=bytes=1137764880-1138685227 Recieved
28/Jul/2026:14:02:07.465478 ca61f638 Range=bytes=1129491368-1130398511 Recieved
28/Jul/2026:14:02:07.568635 9a5cfcaa Range=bytes=1127711781-1128609552 Recieved
28/Jul/2026:14:02:07.582873 2db05dcd Range=bytes=1132765133-1133642629 Recieved
28/Jul/2026:14:02:07.588897 47fb34ab Range=bytes=1123742627-1124643377 Recieved
28/Jul/2026:14:02:07.622203 db576981 Range=bytes=1130398512-1131299524 Recieved
28/Jul/2026:14:02:07.751985 e8adc0f1 Range=bytes=1131872361-1132765132 Recieved
28/Jul/2026:14:02:07.756799 ce036641 Range=bytes=1125517831-1126415455 Recieved
28/Jul/2026:14:02:07.825351 d1ee6128 Range=bytes=1128609553-1129491367 Recieved
Thread for range[275,279] completed | Latency: 0.6206s 
28/Jul/2026:14:02:07.924494 92758207 Range=bytes=1148106083-1149008867
28/Jul/2026:14:02:07.924648 426f80fd Range=bytes=1149008868-1149907224
28/Jul/2026:14:02:07.924714 5855b1c4 Range=bytes=1149907225-1150840459
28/Jul/2026:14:02:07.924774 ec260b62 Range=bytes=1150840460-1151743336
28/Jul/2026:14:02:07.924835 359ea6aa Range=bytes=1151930820-1152133993
28/Jul/2026:14:02:07.924886 b3fbdcae Range=bytes=1152133994-1152351945
28/Jul/2026:14:02:07.924938 095aa01b Range=bytes=1155966324-1156067607
28/Jul/2026:14:02:07.925145 f9cd9f90 Range=bytes=1156067608-1156165204
28/Jul/2026:14:02:07.925209 ae6fd33d Range=bytes=1152351946-1153240738
28/Jul/2026:14:02:07.925267 67886792 Range=bytes=1153240739-1154122775
28/Jul/2026:14:02:07.925318 515cc8c9 Range=bytes=1154122776-1155051557
28/Jul/2026:14:02:07.925422 c938d9ae Range=bytes=1155051558-1155966323
28/Jul/2026:14:02:07.925481 3f61085b Range=bytes=1156165205-1156366250
28/Jul/2026:14:02:07.925533 a308aa7b Range=bytes=1156366251-1156590784
28/Jul/2026:14:02:07.925597 4a25d395 Range=bytes=1160189423-1160305916
28/Jul/2026:14:02:07.925657 b58382cb Range=bytes=1160305917-1160410984
28/Jul/2026:14:02:07.925715 d3dd457c Range=bytes=1156590785-1157476670
28/Jul/2026:14:02:07.925761 8489e655 Range=bytes=1157476671-1158359808
28/Jul/2026:14:02:07.925807 0fb813fd Range=bytes=1158359809-1159275300
28/Jul/2026:14:02:07.925854 2381f5eb Range=bytes=1159275301-1160189422
28/Jul/2026:14:02:07.925903 205d1c84 Range=bytes=1160410985-1160593756
28/Jul/2026:14:02:07.925955 19b263d7 Range=bytes=1160593757-1160804421
28/Jul/2026:14:02:07.926002 1798ae6d Range=bytes=1164386203-1164503490
28/Jul/2026:14:02:07.926055 3e7f3db2 Range=bytes=1164503491-1164613268
28/Jul/2026:14:02:07.926103 390810cb Range=bytes=1160804422-1161692902
28/Jul/2026:14:02:07.926154 488a0e1e Range=bytes=1161692903-1162568150
28/Jul/2026:14:02:07.926206 9d472ee8 Range=bytes=1162568151-1163476335
28/Jul/2026:14:02:07.926255 e78763f6 Range=bytes=1163476336-1164386202
28/Jul/2026:14:02:07.926298 dbe7ea3e Range=bytes=1164613269-1164784906
28/Jul/2026:14:02:07.926343 129fabda Range=bytes=1164784907-1164986061
28/Jul/2026:14:02:07.926390 868c7163 Range=bytes=1168583200-1168694938
28/Jul/2026:14:02:07.926438 910c94e8 Range=bytes=1168694939-1168809910
28/Jul/2026:14:02:07.952762 095aa01b Range=bytes=1155966324-1156067607 Recieved
28/Jul/2026:14:02:07.962836 f9cd9f90 Range=bytes=1156067608-1156165204 Recieved
28/Jul/2026:14:02:07.963621 b58382cb Range=bytes=1160305917-1160410984 Recieved
28/Jul/2026:14:02:07.966168 129fabda Range=bytes=1164784907-1164986061 Recieved
28/Jul/2026:14:02:07.968392 910c94e8 Range=bytes=1168694939-1168809910 Recieved
28/Jul/2026:14:02:07.969078 868c7163 Range=bytes=1168583200-1168694938 Recieved
28/Jul/2026:14:02:07.970626 205d1c84 Range=bytes=1160410985-1160593756 Recieved
28/Jul/2026:14:02:07.970766 4a25d395 Range=bytes=1160189423-1160305916 Recieved
28/Jul/2026:14:02:07.976391 359ea6aa Range=bytes=1151930820-1152133993 Recieved
28/Jul/2026:14:02:07.978197 dbe7ea3e Range=bytes=1164613269-1164784906 Recieved
28/Jul/2026:14:02:07.980675 b3fbdcae Range=bytes=1152133994-1152351945 Recieved
28/Jul/2026:14:02:07.985582 3f61085b Range=bytes=1156165205-1156366250 Recieved
28/Jul/2026:14:02:07.992454 19b263d7 Range=bytes=1160593757-1160804421 Recieved
28/Jul/2026:14:02:07.999052 3e7f3db2 Range=bytes=1164503491-1164613268 Recieved
28/Jul/2026:14:02:08.003473 1798ae6d Range=bytes=1164386203-1164503490 Recieved
28/Jul/2026:14:02:08.016013 a308aa7b Range=bytes=1156366251-1156590784 Recieved
28/Jul/2026:14:02:08.026726 488a0e1e Range=bytes=1161692903-1162568150 Recieved
28/Jul/2026:14:02:08.048571 2381f5eb Range=bytes=1159275301-1160189422 Recieved
28/Jul/2026:14:02:08.073211 67886792 Range=bytes=1153240739-1154122775 Recieved
28/Jul/2026:14:02:08.101022 c938d9ae Range=bytes=1155051558-1155966323 Recieved
28/Jul/2026:14:02:08.216148 e78763f6 Range=bytes=1163476336-1164386202 Recieved
28/Jul/2026:14:02:08.220851 9d472ee8 Range=bytes=1162568151-1163476335 Recieved
28/Jul/2026:14:02:08.233351 5855b1c4 Range=bytes=1149907225-1150840459 Recieved
28/Jul/2026:14:02:08.242508 ec260b62 Range=bytes=1150840460-1151743336 Recieved
28/Jul/2026:14:02:08.245307 426f80fd Range=bytes=1149008868-1149907224 Recieved
28/Jul/2026:14:02:08.273163 d3dd457c Range=bytes=1156590785-1157476670 Recieved
28/Jul/2026:14:02:08.285524 92758207 Range=bytes=1148106083-1149008867 Recieved
28/Jul/2026:14:02:08.291349 8489e655 Range=bytes=1157476671-1158359808 Recieved
28/Jul/2026:14:02:08.291982 ae6fd33d Range=bytes=1152351946-1153240738 Recieved
28/Jul/2026:14:02:08.389038 0fb813fd Range=bytes=1158359809-1159275300 Recieved
28/Jul/2026:14:02:08.446382 515cc8c9 Range=bytes=1154122776-1155051557 Recieved
28/Jul/2026:14:02:08.487614 390810cb Range=bytes=1160804422-1161692902 Recieved
Thread for range[281,285] completed | Latency: 0.6642s 
28/Jul/2026:14:02:08.588947 62418d80 Range=bytes=1210309343-1211191041
28/Jul/2026:14:02:08.589101 9d0555f5 Range=bytes=1211191042-1212064718
28/Jul/2026:14:02:08.589167 84337721 Range=bytes=1212064719-1212985327
28/Jul/2026:14:02:08.589225 de3d5169 Range=bytes=1212985328-1213897730
28/Jul/2026:14:02:08.589285 476beb66 Range=bytes=1214129063-1214297948
28/Jul/2026:14:02:08.589353 a7b47ce1 Range=bytes=1214297949-1214484452
28/Jul/2026:14:02:08.589493 d3d02f27 Range=bytes=1218096867-1218209693
28/Jul/2026:14:02:08.589556 e8c9490c Range=bytes=1218209694-1218324326
28/Jul/2026:14:02:08.589614 81029635 Range=bytes=1214484453-1215379021
28/Jul/2026:14:02:08.589669 825715a0 Range=bytes=1215379022-1216267395
28/Jul/2026:14:02:08.589721 a9046170 Range=bytes=1216267396-1217192240
28/Jul/2026:14:02:08.589773 e2f77185 Range=bytes=1217192241-1218096866
28/Jul/2026:14:02:08.589822 a5f4e696 Range=bytes=1218324327-1218439191
28/Jul/2026:14:02:08.589870 00b845aa Range=bytes=1218439192-1218578403
28/Jul/2026:14:02:08.589915 482b4412 Range=bytes=1222176967-1222286700
28/Jul/2026:14:02:08.589963 19e25bdf Range=bytes=1222286701-1222401493
28/Jul/2026:14:02:08.590010 1496272a Range=bytes=1218578404-1219479880
28/Jul/2026:14:02:08.590059 3fd6b4b5 Range=bytes=1219479881-1220358277
28/Jul/2026:14:02:08.590109 db17097a Range=bytes=1220358278-1221275791
28/Jul/2026:14:02:08.590156 2b3f5380 Range=bytes=1221275792-1222176966
28/Jul/2026:14:02:08.590202 0f25f042 Range=bytes=1222401494-1222491657
28/Jul/2026:14:02:08.590248 7570223c Range=bytes=1222491658-1222581335
28/Jul/2026:14:02:08.590294 40620a6e Range=bytes=1226155841-1226247207
28/Jul/2026:14:02:08.590340 8330f770 Range=bytes=1226247208-1226344341
28/Jul/2026:14:02:08.590387 6786ff8b Range=bytes=1222581336-1223478369
28/Jul/2026:14:02:08.590433 6f535fe3 Range=bytes=1223478370-1224351173
28/Jul/2026:14:02:08.590481 df684bce Range=bytes=1224351174-1225256115
28/Jul/2026:14:02:08.590529 4821a25e Range=bytes=1225256116-1226155840
28/Jul/2026:14:02:08.590578 79ef7482 Range=bytes=1226344342-1226446784
28/Jul/2026:14:02:08.590624 c7d290bd Range=bytes=1226446785-1226545539
28/Jul/2026:14:02:08.590673 11aefda4 Range=bytes=1230130554-1230313674
28/Jul/2026:14:02:08.590721 a3fd423c Range=bytes=1230313675-1230454211
28/Jul/2026:14:02:08.610031 0f25f042 Range=bytes=1222401494-1222491657 Recieved
28/Jul/2026:14:02:08.613196 8330f770 Range=bytes=1226247208-1226344341 Recieved
28/Jul/2026:14:02:08.613385 c7d290bd Range=bytes=1226446785-1226545539 Recieved
28/Jul/2026:14:02:08.613399 d3d02f27 Range=bytes=1218096867-1218209693 Recieved
28/Jul/2026:14:02:08.619985 a3fd423c Range=bytes=1230313675-1230454211 Recieved
28/Jul/2026:14:02:08.622696 476beb66 Range=bytes=1214129063-1214297948 Recieved
28/Jul/2026:14:02:08.623569 40620a6e Range=bytes=1226155841-1226247207 Recieved
28/Jul/2026:14:02:08.628827 e8c9490c Range=bytes=1218209694-1218324326 Recieved
28/Jul/2026:14:02:08.631840 79ef7482 Range=bytes=1226344342-1226446784 Recieved
28/Jul/2026:14:02:08.634172 19e25bdf Range=bytes=1222286701-1222401493 Recieved
28/Jul/2026:14:02:08.635012 7570223c Range=bytes=1222491658-1222581335 Recieved
28/Jul/2026:14:02:08.637534 a5f4e696 Range=bytes=1218324327-1218439191 Recieved
28/Jul/2026:14:02:08.639760 482b4412 Range=bytes=1222176967-1222286700 Recieved
28/Jul/2026:14:02:08.642271 a7b47ce1 Range=bytes=1214297949-1214484452 Recieved
28/Jul/2026:14:02:08.643373 11aefda4 Range=bytes=1230130554-1230313674 Recieved
28/Jul/2026:14:02:08.647486 00b845aa Range=bytes=1218439192-1218578403 Recieved
28/Jul/2026:14:02:08.686198 df684bce Range=bytes=1224351174-1225256115 Recieved
28/Jul/2026:14:02:08.704864 81029635 Range=bytes=1214484453-1215379021 Recieved
28/Jul/2026:14:02:08.723636 6786ff8b Range=bytes=1222581336-1223478369 Recieved
28/Jul/2026:14:02:08.743077 9d0555f5 Range=bytes=1211191042-1212064718 Recieved
28/Jul/2026:14:02:08.863850 de3d5169 Range=bytes=1212985328-1213897730 Recieved
28/Jul/2026:14:02:08.866351 2b3f5380 Range=bytes=1221275792-1222176966 Recieved
28/Jul/2026:14:02:08.881358 84337721 Range=bytes=1212064719-1212985327 Recieved
28/Jul/2026:14:02:08.894125 e2f77185 Range=bytes=1217192241-1218096866 Recieved
28/Jul/2026:14:02:08.900324 db17097a Range=bytes=1220358278-1221275791 Recieved
28/Jul/2026:14:02:08.924945 4821a25e Range=bytes=1225256116-1226155840 Recieved
28/Jul/2026:14:02:09.057160 1496272a Range=bytes=1218578404-1219479880 Recieved
28/Jul/2026:14:02:09.082131 3fd6b4b5 Range=bytes=1219479881-1220358277 Recieved
28/Jul/2026:14:02:09.086551 62418d80 Range=bytes=1210309343-1211191041 Recieved
28/Jul/2026:14:02:09.100544 a9046170 Range=bytes=1216267396-1217192240 Recieved
28/Jul/2026:14:02:09.107975 6f535fe3 Range=bytes=1223478370-1224351173 Recieved
28/Jul/2026:14:02:09.152366 825715a0 Range=bytes=1215379022-1216267395 Recieved
Thread for range[296,300] completed | Latency: 0.6536s 
28/Jul/2026:14:02:09.242864 5dee1adf Range=bytes=1280342538-1281237337
28/Jul/2026:14:02:09.243049 61172193 Range=bytes=1281237338-1282119680
28/Jul/2026:14:02:09.243192 abd5b89b Range=bytes=1282119681-1283007566
28/Jul/2026:14:02:09.243322 4bf881b4 Range=bytes=1283007567-1283898209
28/Jul/2026:14:02:09.243403 81d49816 Range=bytes=1284178329-1284289116
28/Jul/2026:14:02:09.243474 5bbff048 Range=bytes=1284289117-1284392424
28/Jul/2026:14:02:09.243528 c0410313 Range=bytes=1287968374-1288120321
28/Jul/2026:14:02:09.243580 ef9e8cb0 Range=bytes=1288120322-1288269205
28/Jul/2026:14:02:09.243631 6c9d5622 Range=bytes=1284392425-1285284857
28/Jul/2026:14:02:09.243680 6c752d85 Range=bytes=1285284858-1286175265
28/Jul/2026:14:02:09.243731 5e910d82 Range=bytes=1286175266-1287078885
28/Jul/2026:14:02:09.243782 bfc1f66d Range=bytes=1287078886-1287968373
28/Jul/2026:14:02:09.243833 83ae3a31 Range=bytes=1288272862-1288385153
28/Jul/2026:14:02:09.243880 a06081be Range=bytes=1288385154-1288499519
28/Jul/2026:14:02:09.243926 3fe82ffe Range=bytes=1292101114-1292221361
28/Jul/2026:14:02:09.243972 90ed07e2 Range=bytes=1292221362-1292332168
28/Jul/2026:14:02:09.244018 8a40a33b Range=bytes=1288499520-1289403244
28/Jul/2026:14:02:09.244066 eb138e5a Range=bytes=1289403245-1290293744
28/Jul/2026:14:02:09.244111 56768877 Range=bytes=1290293745-1291209638
28/Jul/2026:14:02:09.244156 dee2e408 Range=bytes=1291209639-1292101113
28/Jul/2026:14:02:09.244201 b76ce92d Range=bytes=1292332169-1292447687
28/Jul/2026:14:02:09.244248 f6339e6f Range=bytes=1292447688-1292562903
28/Jul/2026:14:02:09.244292 6a0ec1d1 Range=bytes=1296181031-1296274306
28/Jul/2026:14:02:09.244336 f6511a44 Range=bytes=1296274307-1296365531
28/Jul/2026:14:02:09.244381 2116413e Range=bytes=1292562904-1293463653
28/Jul/2026:14:02:09.244426 f729f776 Range=bytes=1293463654-1294363155
28/Jul/2026:14:02:09.244472 c9342722 Range=bytes=1294363156-1295281715
28/Jul/2026:14:02:09.244516 9cc3a647 Range=bytes=1295281716-1296181030
28/Jul/2026:14:02:09.244563 7308f6bc Range=bytes=1296365532-1296549278
28/Jul/2026:14:02:09.244606 e4da7a05 Range=bytes=1296549279-1296749087
28/Jul/2026:14:02:09.244650 7d5ffee8 Range=bytes=1300381180-1300484390
28/Jul/2026:14:02:09.244697 8e10dd98 Range=bytes=1300484391-1300581860
28/Jul/2026:14:02:09.265250 b76ce92d Range=bytes=1292332169-1292447687 Recieved
28/Jul/2026:14:02:09.266266 6a0ec1d1 Range=bytes=1296181031-1296274306 Recieved
28/Jul/2026:14:02:09.270586 7d5ffee8 Range=bytes=1300381180-1300484390 Recieved
28/Jul/2026:14:02:09.270759 3fe82ffe Range=bytes=1292101114-1292221361 Recieved
28/Jul/2026:14:02:09.273765 7308f6bc Range=bytes=1296365532-1296549278 Recieved
28/Jul/2026:14:02:09.277011 8e10dd98 Range=bytes=1300484391-1300581860 Recieved
28/Jul/2026:14:02:09.281312 5bbff048 Range=bytes=1284289117-1284392424 Recieved
28/Jul/2026:14:02:09.282111 a06081be Range=bytes=1288385154-1288499519 Recieved
28/Jul/2026:14:02:09.284821 f6511a44 Range=bytes=1296274307-1296365531 Recieved
28/Jul/2026:14:02:09.287271 c0410313 Range=bytes=1287968374-1288120321 Recieved
28/Jul/2026:14:02:09.287818 81d49816 Range=bytes=1284178329-1284289116 Recieved
28/Jul/2026:14:02:09.289136 f6339e6f Range=bytes=1292447688-1292562903 Recieved
28/Jul/2026:14:02:09.295243 ef9e8cb0 Range=bytes=1288120322-1288269205 Recieved
28/Jul/2026:14:02:09.299526 90ed07e2 Range=bytes=1292221362-1292332168 Recieved
28/Jul/2026:14:02:09.306418 e4da7a05 Range=bytes=1296549279-1296749087 Recieved
28/Jul/2026:14:02:09.321320 83ae3a31 Range=bytes=1288272862-1288385153 Recieved
28/Jul/2026:14:02:09.354524 56768877 Range=bytes=1290293745-1291209638 Recieved
28/Jul/2026:14:02:09.356043 8a40a33b Range=bytes=1288499520-1289403244 Recieved
28/Jul/2026:14:02:09.357028 9cc3a647 Range=bytes=1295281716-1296181030 Recieved
28/Jul/2026:14:02:09.357925 f729f776 Range=bytes=1293463654-1294363155 Recieved
28/Jul/2026:14:02:09.361207 2116413e Range=bytes=1292562904-1293463653 Recieved
28/Jul/2026:14:02:09.375751 eb138e5a Range=bytes=1289403245-1290293744 Recieved
28/Jul/2026:14:02:09.375937 6c9d5622 Range=bytes=1284392425-1285284857 Recieved
28/Jul/2026:14:02:09.379489 dee2e408 Range=bytes=1291209639-1292101113 Recieved
28/Jul/2026:14:02:09.379838 c9342722 Range=bytes=1294363156-1295281715 Recieved
28/Jul/2026:14:02:09.384501 4bf881b4 Range=bytes=1283007567-1283898209 Recieved
28/Jul/2026:14:02:09.391396 bfc1f66d Range=bytes=1287078886-1287968373 Recieved
28/Jul/2026:14:02:09.391585 5dee1adf Range=bytes=1280342538-1281237337 Recieved
28/Jul/2026:14:02:09.392117 abd5b89b Range=bytes=1282119681-1283007566 Recieved
28/Jul/2026:14:02:09.394899 61172193 Range=bytes=1281237338-1282119680 Recieved
28/Jul/2026:14:02:09.402965 5e910d82 Range=bytes=1286175266-1287078885 Recieved
28/Jul/2026:14:02:09.424194 6c752d85 Range=bytes=1285284858-1286175265 Recieved
Thread for range[313,317] completed | Latency: 0.2488s 
28/Jul/2026:14:02:09.491926 133a2bbb Range=bytes=1341989553-1342891967
28/Jul/2026:14:02:09.492083 b1959c23 Range=bytes=1342891968-1343786376
28/Jul/2026:14:02:09.492163 76f3c6ca Range=bytes=1343786377-1344709828
28/Jul/2026:14:02:09.492236 398c78de Range=bytes=1344709829-1345598586
28/Jul/2026:14:02:09.492303 2f4db87c Range=bytes=1345763080-1345957950
28/Jul/2026:14:02:09.492372 80fb76ea Range=bytes=1345957951-1346168962
28/Jul/2026:14:02:09.492441 9af31a4e Range=bytes=1349810168-1349907953
28/Jul/2026:14:02:09.492587 95367056 Range=bytes=1349907954-1349995148
28/Jul/2026:14:02:09.492651 f0ffc59a Range=bytes=1346172619-1347077764
28/Jul/2026:14:02:09.492725 c7c36782 Range=bytes=1347077765-1347969754
28/Jul/2026:14:02:09.492787 807eb6f5 Range=bytes=1347969755-1348899001
28/Jul/2026:14:02:09.492852 cc74dc13 Range=bytes=1348899002-1349810167
28/Jul/2026:14:02:09.492917 43d70d40 Range=bytes=1349995149-1350205141
28/Jul/2026:14:02:09.492979 bc4493b5 Range=bytes=1350205142-1350429564
28/Jul/2026:14:02:09.493040 b5244092 Range=bytes=1354044118-1354147862
28/Jul/2026:14:02:09.493101 3dd88249 Range=bytes=1354147863-1354247117
28/Jul/2026:14:02:09.493162 4888e043 Range=bytes=1350429565-1351319049
28/Jul/2026:14:02:09.493210 1e632a67 Range=bytes=1351319050-1352202287
28/Jul/2026:14:02:09.493264 19aa6032 Range=bytes=1352202288-1353132433
28/Jul/2026:14:02:09.493321 e84b2338 Range=bytes=1353132434-1354044117
28/Jul/2026:14:02:09.493380 7aa8c219 Range=bytes=1354247118-1354446110
28/Jul/2026:14:02:09.493438 a4b9bedc Range=bytes=1354446111-1354668246
28/Jul/2026:14:02:09.493486 80577cd1 Range=bytes=1358262931-1358379817
28/Jul/2026:14:02:09.493546 600f182b Range=bytes=1358379818-1358480174
28/Jul/2026:14:02:09.493608 ef34a2b4 Range=bytes=1354668247-1355560280
28/Jul/2026:14:02:09.493659 740da97a Range=bytes=1355560281-1356440317
28/Jul/2026:14:02:09.493802 e2d7c3b2 Range=bytes=1356440318-1357355607
28/Jul/2026:14:02:09.493908 dd03ac81 Range=bytes=1357355608-1358262930
28/Jul/2026:14:02:09.493989 b8df7be2 Range=bytes=1358480175-1358670388
28/Jul/2026:14:02:09.494058 9e9c6480 Range=bytes=1358670389-1358881720
28/Jul/2026:14:02:09.494124 1d9be61f Range=bytes=1362486599-1362612606
28/Jul/2026:14:02:09.494193 d6e5ab33 Range=bytes=1362612607-1362714700
28/Jul/2026:14:02:09.507569 600f182b Range=bytes=1358379818-1358480174 Recieved
28/Jul/2026:14:02:09.515304 9af31a4e Range=bytes=1349810168-1349907953 Recieved
28/Jul/2026:14:02:09.518580 1d9be61f Range=bytes=1362486599-1362612606 Recieved
28/Jul/2026:14:02:09.527859 7aa8c219 Range=bytes=1354247118-1354446110 Recieved
28/Jul/2026:14:02:09.530644 95367056 Range=bytes=1349907954-1349995148 Recieved
28/Jul/2026:14:02:09.534377 d6e5ab33 Range=bytes=1362612607-1362714700 Recieved
28/Jul/2026:14:02:09.541562 9e9c6480 Range=bytes=1358670389-1358881720 Recieved
28/Jul/2026:14:02:09.542650 80577cd1 Range=bytes=1358262931-1358379817 Recieved
28/Jul/2026:14:02:09.544572 b5244092 Range=bytes=1354044118-1354147862 Recieved
28/Jul/2026:14:02:09.547836 2f4db87c Range=bytes=1345763080-1345957950 Recieved
28/Jul/2026:14:02:09.555222 a4b9bedc Range=bytes=1354446111-1354668246 Recieved
28/Jul/2026:14:02:09.559667 3dd88249 Range=bytes=1354147863-1354247117 Recieved
28/Jul/2026:14:02:09.563746 43d70d40 Range=bytes=1349995149-1350205141 Recieved
28/Jul/2026:14:02:09.576327 b8df7be2 Range=bytes=1358480175-1358670388 Recieved
28/Jul/2026:14:02:09.578014 80fb76ea Range=bytes=1345957951-1346168962 Recieved
28/Jul/2026:14:02:09.595199 4888e043 Range=bytes=1350429565-1351319049 Recieved
28/Jul/2026:14:02:09.600979 bc4493b5 Range=bytes=1350205142-1350429564 Recieved
28/Jul/2026:14:02:09.603923 e84b2338 Range=bytes=1353132434-1354044117 Recieved
28/Jul/2026:14:02:09.609039 e2d7c3b2 Range=bytes=1356440318-1357355607 Recieved
28/Jul/2026:14:02:09.611334 807eb6f5 Range=bytes=1347969755-1348899001 Recieved
28/Jul/2026:14:02:09.614414 ef34a2b4 Range=bytes=1354668247-1355560280 Recieved
28/Jul/2026:14:02:09.620117 1e632a67 Range=bytes=1351319050-1352202287 Recieved
28/Jul/2026:14:02:09.649845 c7c36782 Range=bytes=1347077765-1347969754 Recieved
28/Jul/2026:14:02:09.759752 f0ffc59a Range=bytes=1346172619-1347077764 Recieved
28/Jul/2026:14:02:09.769170 19aa6032 Range=bytes=1352202288-1353132433 Recieved
28/Jul/2026:14:02:09.813107 dd03ac81 Range=bytes=1357355608-1358262930 Recieved
28/Jul/2026:14:02:09.814980 740da97a Range=bytes=1355560281-1356440317 Recieved
28/Jul/2026:14:02:09.857615 cc74dc13 Range=bytes=1348899002-1349810167 Recieved
28/Jul/2026:14:02:09.955096 76f3c6ca Range=bytes=1343786377-1344709828 Recieved
28/Jul/2026:14:02:10.052526 398c78de Range=bytes=1344709829-1345598586 Recieved
28/Jul/2026:14:02:10.067356 b1959c23 Range=bytes=1342891968-1343786376 Recieved
28/Jul/2026:14:02:10.069611 133a2bbb Range=bytes=1341989553-1342891967 Recieved
Thread for range[328,332] completed | Latency: 0.6644s 
28/Jul/2026:14:02:10.156591 4072bcb1 Range=bytes=1408305570-1409201550
28/Jul/2026:14:02:10.156748 35c99be8 Range=bytes=1409201551-1410079751
28/Jul/2026:14:02:10.156814 ba058266 Range=bytes=1410079752-1410999811
28/Jul/2026:14:02:10.156872 59f955b3 Range=bytes=1410999812-1411903763
28/Jul/2026:14:02:10.156927 e00c9eed Range=bytes=1412130008-1412278429
28/Jul/2026:14:02:10.156980 fc4b210d Range=bytes=1412278430-1412465871
28/Jul/2026:14:02:10.157030 ca97262d Range=bytes=1416070100-1416180800
28/Jul/2026:14:02:10.157078 9fcde643 Range=bytes=1416180801-1416292472
28/Jul/2026:14:02:10.157126 ab160295 Range=bytes=1412465872-1413367245
28/Jul/2026:14:02:10.157173 5e3aeef3 Range=bytes=1413367246-1414244461
28/Jul/2026:14:02:10.157223 39f53d0b Range=bytes=1414244462-1415165373
28/Jul/2026:14:02:10.157272 269402e7 Range=bytes=1415165374-1416070099
28/Jul/2026:14:02:10.157321 69d6dd15 Range=bytes=1416292473-1416425564
28/Jul/2026:14:02:10.157370 90ef506b Range=bytes=1416425565-1416558525
28/Jul/2026:14:02:10.157416 a4a1cd90 Range=bytes=1420154835-1420260149
28/Jul/2026:14:02:10.157463 c7255f1c Range=bytes=1420260150-1420371912
28/Jul/2026:14:02:10.157514 456e85ea Range=bytes=1416558526-1417461570
28/Jul/2026:14:02:10.157571 6c576f84 Range=bytes=1417461571-1418339385
28/Jul/2026:14:02:10.157681 e54caf00 Range=bytes=1418339386-1419253502
28/Jul/2026:14:02:10.157797 4fbd5e47 Range=bytes=1419253503-1420154834
28/Jul/2026:14:02:10.157868 94796b76 Range=bytes=1420371913-1420456723
28/Jul/2026:14:02:10.157935 ee28996c Range=bytes=1420456724-1420551045
28/Jul/2026:14:02:10.157989 3f47246a Range=bytes=1424147924-1424248208
28/Jul/2026:14:02:10.158039 f6efecbd Range=bytes=1424248209-1424354690
28/Jul/2026:14:02:10.158089 fa9d0e22 Range=bytes=1420551046-1421456987
28/Jul/2026:14:02:10.158139 6b3ee026 Range=bytes=1421456988-1422337868
28/Jul/2026:14:02:10.158187 eabc68e3 Range=bytes=1422337869-1423243900
28/Jul/2026:14:02:10.158234 b2348e4c Range=bytes=1423243901-1424147923
28/Jul/2026:14:02:10.158284 a6258ebc Range=bytes=1424354691-1424456687
28/Jul/2026:14:02:10.158335 5f23a361 Range=bytes=1424456688-1424551419
28/Jul/2026:14:02:10.158383 0f8a7c4a Range=bytes=1428131245-1428329355
28/Jul/2026:14:02:10.158432 e6db91e5 Range=bytes=1428329356-1428495161
28/Jul/2026:14:02:10.180738 5f23a361 Range=bytes=1424456688-1424551419 Recieved
28/Jul/2026:14:02:10.182523 94796b76 Range=bytes=1420371913-1420456723 Recieved
28/Jul/2026:14:02:10.185670 3f47246a Range=bytes=1424147924-1424248208 Recieved
28/Jul/2026:14:02:10.186530 9fcde643 Range=bytes=1416180801-1416292472 Recieved
28/Jul/2026:14:02:10.186899 ee28996c Range=bytes=1420456724-1420551045 Recieved
28/Jul/2026:14:02:10.187380 a6258ebc Range=bytes=1424354691-1424456687 Recieved
28/Jul/2026:14:02:10.196095 c7255f1c Range=bytes=1420260150-1420371912 Recieved
28/Jul/2026:14:02:10.197602 a4a1cd90 Range=bytes=1420154835-1420260149 Recieved
28/Jul/2026:14:02:10.202160 e6db91e5 Range=bytes=1428329356-1428495161 Recieved
28/Jul/2026:14:02:10.202344 fc4b210d Range=bytes=1412278430-1412465871 Recieved
28/Jul/2026:14:02:10.205446 69d6dd15 Range=bytes=1416292473-1416425564 Recieved
28/Jul/2026:14:02:10.206911 ca97262d Range=bytes=1416070100-1416180800 Recieved
28/Jul/2026:14:02:10.211185 e00c9eed Range=bytes=1412130008-1412278429 Recieved
28/Jul/2026:14:02:10.217060 f6efecbd Range=bytes=1424248209-1424354690 Recieved
28/Jul/2026:14:02:10.219051 0f8a7c4a Range=bytes=1428131245-1428329355 Recieved
28/Jul/2026:14:02:10.228837 90ef506b Range=bytes=1416425565-1416558525 Recieved
28/Jul/2026:14:02:10.253605 59f955b3 Range=bytes=1410999812-1411903763 Recieved
28/Jul/2026:14:02:10.256831 39f53d0b Range=bytes=1414244462-1415165373 Recieved
28/Jul/2026:14:02:10.260847 4072bcb1 Range=bytes=1408305570-1409201550 Recieved
28/Jul/2026:14:02:10.261315 e54caf00 Range=bytes=1418339386-1419253502 Recieved
28/Jul/2026:14:02:10.321980 ab160295 Range=bytes=1412465872-1413367245 Recieved
28/Jul/2026:14:02:10.413315 eabc68e3 Range=bytes=1422337869-1423243900 Recieved
28/Jul/2026:14:02:10.418772 4fbd5e47 Range=bytes=1419253503-1420154834 Recieved
28/Jul/2026:14:02:10.427004 35c99be8 Range=bytes=1409201551-1410079751 Recieved
28/Jul/2026:14:02:10.433524 fa9d0e22 Range=bytes=1420551046-1421456987 Recieved
28/Jul/2026:14:02:10.467184 6b3ee026 Range=bytes=1421456988-1422337868 Recieved
28/Jul/2026:14:02:10.495948 5e3aeef3 Range=bytes=1413367246-1414244461 Recieved
28/Jul/2026:14:02:10.504143 ba058266 Range=bytes=1410079752-1410999811 Recieved
28/Jul/2026:14:02:10.504616 6c576f84 Range=bytes=1417461571-1418339385 Recieved
28/Jul/2026:14:02:10.582460 269402e7 Range=bytes=1415165374-1416070099 Recieved
28/Jul/2026:14:02:10.748958 456e85ea Range=bytes=1416558526-1417461570 Recieved
28/Jul/2026:14:02:10.915073 b2348e4c Range=bytes=1423243901-1424147923 Recieved
Thread for range[344,348] completed | Latency: 0.8610s 
28/Jul/2026:14:02:11.017930 b1734821 Range=bytes=1461981238-1462883749
28/Jul/2026:14:02:11.018102 35ddf7c3 Range=bytes=1462883750-1463759629
28/Jul/2026:14:02:11.018175 474ce1fb Range=bytes=1463759630-1464677062
28/Jul/2026:14:02:11.018240 1de85f65 Range=bytes=1464677063-1465582488
28/Jul/2026:14:02:11.018306 6c718698 Range=bytes=1465809862-1465944726
28/Jul/2026:14:02:11.018365 9a3827a3 Range=bytes=1465944727-1466082930
28/Jul/2026:14:02:11.018508 60b28543 Range=bytes=1469694212-1469801039
28/Jul/2026:14:02:11.018575 759502b9 Range=bytes=1469801040-1469916621
28/Jul/2026:14:02:11.018715 7fbf4b63 Range=bytes=1466082931-1466989932
28/Jul/2026:14:02:11.018821 cd568734 Range=bytes=1466989933-1467875790
28/Jul/2026:14:02:11.018896 f4379ac3 Range=bytes=1467875791-1468789003
28/Jul/2026:14:02:11.018964 50628b86 Range=bytes=1468789004-1469694211
28/Jul/2026:14:02:11.019022 162a830e Range=bytes=1469916622-1470012928
28/Jul/2026:14:02:11.019076 13a234b1 Range=bytes=1470012929-1470112442
28/Jul/2026:14:02:11.019133 f0e09b30 Range=bytes=1473723708-1473821257
28/Jul/2026:14:02:11.019193 766f23a1 Range=bytes=1473821258-1473929925
28/Jul/2026:14:02:11.019248 983d9ea6 Range=bytes=1470112443-1471020401
28/Jul/2026:14:02:11.019308 5126b3c6 Range=bytes=1471020402-1471909920
28/Jul/2026:14:02:11.019360 5791d08a Range=bytes=1471909921-1472818690
28/Jul/2026:14:02:11.019411 4aafa05f Range=bytes=1472818691-1473723707
28/Jul/2026:14:02:11.019459 cc5626fa Range=bytes=1473929926-1474029343
28/Jul/2026:14:02:11.019509 f98ce79b Range=bytes=1474029344-1474134358
28/Jul/2026:14:02:11.019559 109f4e79 Range=bytes=1477734559-1477913759
28/Jul/2026:14:02:11.019606 a1d29d10 Range=bytes=1477913760-1478041719
28/Jul/2026:14:02:11.019653 87ea930b Range=bytes=1474134359-1475031751
28/Jul/2026:14:02:11.019701 56cb2b1d Range=bytes=1475031752-1475921471
28/Jul/2026:14:02:11.019750 77877383 Range=bytes=1475921472-1476827261
28/Jul/2026:14:02:11.019798 92f3fc4c Range=bytes=1476827262-1477734558
28/Jul/2026:14:02:11.019845 91f2b285 Range=bytes=1478041720-1478154240
28/Jul/2026:14:02:11.019892 952b816a Range=bytes=1478154241-1478267136
28/Jul/2026:14:02:11.019943 1fbc4b81 Range=bytes=1481853963-1482043845
28/Jul/2026:14:02:11.019989 5837df9d Range=bytes=1482043846-1482223600
28/Jul/2026:14:02:11.040346 f98ce79b Range=bytes=1474029344-1474134358 Recieved
28/Jul/2026:14:02:11.042365 60b28543 Range=bytes=1469694212-1469801039 Recieved
28/Jul/2026:14:02:11.043079 9a3827a3 Range=bytes=1465944727-1466082930 Recieved
28/Jul/2026:14:02:11.046707 13a234b1 Range=bytes=1470012929-1470112442 Recieved
28/Jul/2026:14:02:11.047879 f0e09b30 Range=bytes=1473723708-1473821257 Recieved
28/Jul/2026:14:02:11.051925 5837df9d Range=bytes=1482043846-1482223600 Recieved
28/Jul/2026:14:02:11.057068 952b816a Range=bytes=1478154241-1478267136 Recieved
28/Jul/2026:14:02:11.057238 a1d29d10 Range=bytes=1477913760-1478041719 Recieved
28/Jul/2026:14:02:11.057528 766f23a1 Range=bytes=1473821258-1473929925 Recieved
28/Jul/2026:14:02:11.062682 6c718698 Range=bytes=1465809862-1465944726 Recieved
28/Jul/2026:14:02:11.064321 759502b9 Range=bytes=1469801040-1469916621 Recieved
28/Jul/2026:14:02:11.066456 91f2b285 Range=bytes=1478041720-1478154240 Recieved
28/Jul/2026:14:02:11.066645 cc5626fa Range=bytes=1473929926-1474029343 Recieved
28/Jul/2026:14:02:11.069770 162a830e Range=bytes=1469916622-1470012928 Recieved
28/Jul/2026:14:02:11.071935 109f4e79 Range=bytes=1477734559-1477913759 Recieved
28/Jul/2026:14:02:11.078537 1fbc4b81 Range=bytes=1481853963-1482043845 Recieved
28/Jul/2026:14:02:11.108579 4aafa05f Range=bytes=1472818691-1473723707 Recieved
28/Jul/2026:14:02:11.110231 56cb2b1d Range=bytes=1475031752-1475921471 Recieved
28/Jul/2026:14:02:11.129471 7fbf4b63 Range=bytes=1466082931-1466989932 Recieved
28/Jul/2026:14:02:11.143884 50628b86 Range=bytes=1468789004-1469694211 Recieved
28/Jul/2026:14:02:11.309027 5126b3c6 Range=bytes=1471020402-1471909920 Recieved
28/Jul/2026:14:02:11.314833 87ea930b Range=bytes=1474134359-1475031751 Recieved
28/Jul/2026:14:02:11.331542 35ddf7c3 Range=bytes=1462883750-1463759629 Recieved
28/Jul/2026:14:02:11.337340 77877383 Range=bytes=1475921472-1476827261 Recieved
28/Jul/2026:14:02:11.347090 1de85f65 Range=bytes=1464677063-1465582488 Recieved
28/Jul/2026:14:02:11.352639 92f3fc4c Range=bytes=1476827262-1477734558 Recieved
28/Jul/2026:14:02:11.513611 cd568734 Range=bytes=1466989933-1467875790 Recieved
28/Jul/2026:14:02:11.523570 5791d08a Range=bytes=1471909921-1472818690 Recieved
28/Jul/2026:14:02:11.550561 b1734821 Range=bytes=1461981238-1462883749 Recieved
28/Jul/2026:14:02:11.551182 983d9ea6 Range=bytes=1470112443-1471020401 Recieved
28/Jul/2026:14:02:11.575695 f4379ac3 Range=bytes=1467875791-1468789003 Recieved
28/Jul/2026:14:02:11.629868 474ce1fb Range=bytes=1463759630-1464677062 Recieved
Thread for range[357,361] completed | Latency: 0.6795s 
28/Jul/2026:14:02:11.697662 ef31c542 Range=bytes=1536262503-1537167632
28/Jul/2026:14:02:11.697834 4aa01242 Range=bytes=1537167633-1538063971
28/Jul/2026:14:02:11.697906 fe6e6c2c Range=bytes=1538063972-1538975340
28/Jul/2026:14:02:11.697967 7cfb89f5 Range=bytes=1538975341-1539862448
28/Jul/2026:14:02:11.698024 6215dd5a Range=bytes=1540037817-1540150703
28/Jul/2026:14:02:11.698085 9178e7d9 Range=bytes=1540150704-1540275677
28/Jul/2026:14:02:11.698142 17a4ff28 Range=bytes=1543906327-1543997920
28/Jul/2026:14:02:11.698309 d55a07e5 Range=bytes=1543997921-1544084197
28/Jul/2026:14:02:11.698370 8516053c Range=bytes=1540275678-1541177113
28/Jul/2026:14:02:11.698426 02eaa6d1 Range=bytes=1541177114-1542077526
28/Jul/2026:14:02:11.698476 a303a04d Range=bytes=1542077527-1543008563
28/Jul/2026:14:02:11.698527 7686146c Range=bytes=1543008564-1543906326
28/Jul/2026:14:02:11.698577 7b851b9c Range=bytes=1544084198-1544301779
28/Jul/2026:14:02:11.698629 a209a964 Range=bytes=1544301780-1544504953
28/Jul/2026:14:02:11.698677 1364d413 Range=bytes=1548137257-1548236610
28/Jul/2026:14:02:11.698723 998ef66e Range=bytes=1548236611-1548333499
28/Jul/2026:14:02:11.698768 ea663a6d Range=bytes=1544504954-1545403185
28/Jul/2026:14:02:11.698817 2f08107a Range=bytes=1545403186-1546297567
28/Jul/2026:14:02:11.698860 78f04496 Range=bytes=1546297568-1547233841
28/Jul/2026:14:02:11.698908 c969957f Range=bytes=1547233842-1548137256
28/Jul/2026:14:02:11.698960 fbaea78d Range=bytes=1548333500-1548548150
28/Jul/2026:14:02:11.699007 efec8d56 Range=bytes=1548548151-1548785268
28/Jul/2026:14:02:11.699054 40628864 Range=bytes=1552398909-1552514844
28/Jul/2026:14:02:11.699099 3c70a347 Range=bytes=1552514845-1552618728
28/Jul/2026:14:02:11.699145 87b78bfd Range=bytes=1548785269-1549671410
28/Jul/2026:14:02:11.699191 06ff3c50 Range=bytes=1549671411-1550559657
28/Jul/2026:14:02:11.699238 d732bec8 Range=bytes=1550559658-1551484085
28/Jul/2026:14:02:11.699282 64335217 Range=bytes=1551484086-1552398908
28/Jul/2026:14:02:11.699333 d33706c9 Range=bytes=1552618729-1552841604
28/Jul/2026:14:02:11.699376 3c51cea6 Range=bytes=1552845261-1553076050
28/Jul/2026:14:02:11.699421 4ee4631e Range=bytes=1556680459-1556800515
28/Jul/2026:14:02:11.699466 7aafd401 Range=bytes=1556800516-1556909515
28/Jul/2026:14:02:11.726954 1364d413 Range=bytes=1548137257-1548236610 Recieved
28/Jul/2026:14:02:11.728136 40628864 Range=bytes=1552398909-1552514844 Recieved
28/Jul/2026:14:02:11.736484 3c70a347 Range=bytes=1552514845-1552618728 Recieved
28/Jul/2026:14:02:11.737404 7aafd401 Range=bytes=1556800516-1556909515 Recieved
28/Jul/2026:14:02:11.739870 17a4ff28 Range=bytes=1543906327-1543997920 Recieved
28/Jul/2026:14:02:11.741359 6215dd5a Range=bytes=1540037817-1540150703 Recieved
28/Jul/2026:14:02:11.741378 4ee4631e Range=bytes=1556680459-1556800515 Recieved
28/Jul/2026:14:02:11.744161 d33706c9 Range=bytes=1552618729-1552841604 Recieved
28/Jul/2026:14:02:11.753594 3c51cea6 Range=bytes=1552845261-1553076050 Recieved
28/Jul/2026:14:02:11.757863 efec8d56 Range=bytes=1548548151-1548785268 Recieved
28/Jul/2026:14:02:11.761968 d55a07e5 Range=bytes=1543997921-1544084197 Recieved
28/Jul/2026:14:02:11.762836 7b851b9c Range=bytes=1544084198-1544301779 Recieved
28/Jul/2026:14:02:11.764292 998ef66e Range=bytes=1548236611-1548333499 Recieved
28/Jul/2026:14:02:11.764334 fbaea78d Range=bytes=1548333500-1548548150 Recieved
28/Jul/2026:14:02:11.774409 9178e7d9 Range=bytes=1540150704-1540275677 Recieved
28/Jul/2026:14:02:11.774455 a209a964 Range=bytes=1544301780-1544504953 Recieved
28/Jul/2026:14:02:11.798307 64335217 Range=bytes=1551484086-1552398908 Recieved
28/Jul/2026:14:02:11.805983 7686146c Range=bytes=1543008564-1543906326 Recieved
28/Jul/2026:14:02:11.852611 7cfb89f5 Range=bytes=1538975341-1539862448 Recieved
28/Jul/2026:14:02:11.950320 4aa01242 Range=bytes=1537167633-1538063971 Recieved
28/Jul/2026:14:02:11.963432 8516053c Range=bytes=1540275678-1541177113 Recieved
28/Jul/2026:14:02:11.977042 a303a04d Range=bytes=1542077527-1543008563 Recieved
28/Jul/2026:14:02:11.982558 ef31c542 Range=bytes=1536262503-1537167632 Recieved
28/Jul/2026:14:02:12.001367 2f08107a Range=bytes=1545403186-1546297567 Recieved
28/Jul/2026:14:02:12.002927 87b78bfd Range=bytes=1548785269-1549671410 Recieved
28/Jul/2026:14:02:12.008780 78f04496 Range=bytes=1546297568-1547233841 Recieved
28/Jul/2026:14:02:12.026792 c969957f Range=bytes=1547233842-1548137256 Recieved
28/Jul/2026:14:02:12.063663 d732bec8 Range=bytes=1550559658-1551484085 Recieved
28/Jul/2026:14:02:12.159102 fe6e6c2c Range=bytes=1538063972-1538975340 Recieved
28/Jul/2026:14:02:12.213492 ea663a6d Range=bytes=1544504954-1545403185 Recieved
28/Jul/2026:14:02:12.219097 06ff3c50 Range=bytes=1549671411-1550559657 Recieved
28/Jul/2026:14:02:12.260855 02eaa6d1 Range=bytes=1541177114-1542077526 Recieved
Thread for range[375,379] completed | Latency: 0.6357s 
28/Jul/2026:14:02:12.333626 65104da3 Range=bytes=1569626027-1570528440
28/Jul/2026:14:02:12.333786 c57e177f Range=bytes=1570528441-1571410928
28/Jul/2026:14:02:12.333853 54638446 Range=bytes=1571410929-1572319046
28/Jul/2026:14:02:12.333912 dab99d28 Range=bytes=1572319047-1573219185
28/Jul/2026:14:02:12.333970 afb13109 Range=bytes=1573421244-1573523377
28/Jul/2026:14:02:12.334031 57a3e854 Range=bytes=1573523378-1573626334
28/Jul/2026:14:02:12.334083 433483d2 Range=bytes=1577230199-1577428286
28/Jul/2026:14:02:12.334164 88c3162a Range=bytes=1577428287-1577597875
28/Jul/2026:14:02:12.334230 2a216195 Range=bytes=1573626335-1574525660
28/Jul/2026:14:02:12.334289 40ee9157 Range=bytes=1574525661-1575415327
28/Jul/2026:14:02:12.334340 ea6659fe Range=bytes=1575415328-1576323757
28/Jul/2026:14:02:12.334388 580f63ef Range=bytes=1576323758-1577230198
28/Jul/2026:14:02:12.334442 9726dbfe Range=bytes=1577597876-1577714637
28/Jul/2026:14:02:12.334489 84672e4f Range=bytes=1577714638-1577820331
28/Jul/2026:14:02:12.334541 06aeb3b3 Range=bytes=1581416635-1581618813
28/Jul/2026:14:02:12.334587 b5c7a88b Range=bytes=1581618814-1581797739
28/Jul/2026:14:02:12.334630 7171214c Range=bytes=1577820332-1578714513
28/Jul/2026:14:02:12.334676 727a2854 Range=bytes=1578714514-1579605577
28/Jul/2026:14:02:12.334725 0dbf06ab Range=bytes=1579605578-1580516103
28/Jul/2026:14:02:12.334774 bb726be6 Range=bytes=1580516104-1581416634
28/Jul/2026:14:02:12.334821 623c5d9c Range=bytes=1581797740-1581917340
28/Jul/2026:14:02:12.334866 8cdeb080 Range=bytes=1581917341-1582029485
28/Jul/2026:14:02:12.334910 4ba41f99 Range=bytes=1585619758-1585797663
28/Jul/2026:14:02:12.334952 1635892c Range=bytes=1585797664-1585918829
28/Jul/2026:14:02:12.334996 948de5aa Range=bytes=1582033142-1582928914
28/Jul/2026:14:02:12.335040 28938444 Range=bytes=1582928915-1583819347
28/Jul/2026:14:02:12.335083 524610a1 Range=bytes=1583819348-1584728298
28/Jul/2026:14:02:12.335126 922c931a Range=bytes=1584728299-1585619757
28/Jul/2026:14:02:12.335171 310217d6 Range=bytes=1585918830-1586030133
28/Jul/2026:14:02:12.335217 2b0ee34c Range=bytes=1586030134-1586138810
28/Jul/2026:14:02:12.335262 2e69e1da Range=bytes=1589749045-1589850105
28/Jul/2026:14:02:12.335305 99ff72d7 Range=bytes=1589850106-1589956665
28/Jul/2026:14:02:12.345043 310217d6 Range=bytes=1585918830-1586030133 Recieved
28/Jul/2026:14:02:12.353286 2e69e1da Range=bytes=1589749045-1589850105 Recieved
28/Jul/2026:14:02:12.357669 2b0ee34c Range=bytes=1586030134-1586138810 Recieved
28/Jul/2026:14:02:12.363020 1635892c Range=bytes=1585797664-1585918829 Recieved
28/Jul/2026:14:02:12.365707 57a3e854 Range=bytes=1573523378-1573626334 Recieved
28/Jul/2026:14:02:12.366865 99ff72d7 Range=bytes=1589850106-1589956665 Recieved
28/Jul/2026:14:02:12.380045 8cdeb080 Range=bytes=1581917341-1582029485 Recieved
28/Jul/2026:14:02:12.380201 84672e4f Range=bytes=1577714638-1577820331 Recieved
28/Jul/2026:14:02:12.382519 433483d2 Range=bytes=1577230199-1577428286 Recieved
28/Jul/2026:14:02:12.384145 afb13109 Range=bytes=1573421244-1573523377 Recieved
28/Jul/2026:14:02:12.386314 88c3162a Range=bytes=1577428287-1577597875 Recieved
28/Jul/2026:14:02:12.388935 623c5d9c Range=bytes=1581797740-1581917340 Recieved
28/Jul/2026:14:02:12.389257 9726dbfe Range=bytes=1577597876-1577714637 Recieved
28/Jul/2026:14:02:12.391536 4ba41f99 Range=bytes=1585619758-1585797663 Recieved
28/Jul/2026:14:02:12.398260 b5c7a88b Range=bytes=1581618814-1581797739 Recieved
28/Jul/2026:14:02:12.412254 06aeb3b3 Range=bytes=1581416635-1581618813 Recieved
28/Jul/2026:14:02:12.425386 28938444 Range=bytes=1582928915-1583819347 Recieved
28/Jul/2026:14:02:12.443085 2a216195 Range=bytes=1573626335-1574525660 Recieved
28/Jul/2026:14:02:12.466816 580f63ef Range=bytes=1576323758-1577230198 Recieved
28/Jul/2026:14:02:12.581781 948de5aa Range=bytes=1582033142-1582928914 Recieved
28/Jul/2026:14:02:12.596976 727a2854 Range=bytes=1578714514-1579605577 Recieved
28/Jul/2026:14:02:12.610272 524610a1 Range=bytes=1583819348-1584728298 Recieved
28/Jul/2026:14:02:12.615457 0dbf06ab Range=bytes=1579605578-1580516103 Recieved
28/Jul/2026:14:02:12.619013 54638446 Range=bytes=1571410929-1572319046 Recieved
28/Jul/2026:14:02:12.642061 7171214c Range=bytes=1577820332-1578714513 Recieved
28/Jul/2026:14:02:12.648397 c57e177f Range=bytes=1570528441-1571410928 Recieved
28/Jul/2026:14:02:12.650345 65104da3 Range=bytes=1569626027-1570528440 Recieved
28/Jul/2026:14:02:12.657363 40ee9157 Range=bytes=1574525661-1575415327 Recieved
28/Jul/2026:14:02:12.676566 922c931a Range=bytes=1584728299-1585619757 Recieved
28/Jul/2026:14:02:12.685819 ea6659fe Range=bytes=1575415328-1576323757 Recieved
28/Jul/2026:14:02:12.706904 dab99d28 Range=bytes=1572319047-1573219185 Recieved
28/Jul/2026:14:02:12.827896 bb726be6 Range=bytes=1580516104-1581416634 Recieved
Thread for range[383,387] completed | Latency: 0.5885s 
28/Jul/2026:14:02:12.922470 e3355412 Range=bytes=1615455773-1616366611
28/Jul/2026:14:02:12.922875 d5820081 Range=bytes=1616366612-1617249635
28/Jul/2026:14:02:12.922975 7efc595b Range=bytes=1617249636-1618162112
28/Jul/2026:14:02:12.923106 bfd8ce6f Range=bytes=1618162113-1619064761
28/Jul/2026:14:02:12.923214 c246c773 Range=bytes=1619285811-1619379555
28/Jul/2026:14:02:12.923291 20ca7937 Range=bytes=1619379556-1619476434
28/Jul/2026:14:02:12.923360 c542ef0f Range=bytes=1623075604-1623171853
28/Jul/2026:14:02:12.923415 e5b29dd4 Range=bytes=1623171854-1623287239
28/Jul/2026:14:02:12.923468 253f2276 Range=bytes=1619476435-1620387923
28/Jul/2026:14:02:12.923526 4c7be0d3 Range=bytes=1620387924-1621266174
28/Jul/2026:14:02:12.923592 d8bf49ee Range=bytes=1621266175-1622172846
28/Jul/2026:14:02:12.923653 923278e5 Range=bytes=1622172847-1623075603
28/Jul/2026:14:02:12.923712 74a2f7d8 Range=bytes=1623287240-1623391613
28/Jul/2026:14:02:12.923763 e12a5639 Range=bytes=1623391614-1623490235
28/Jul/2026:14:02:12.923814 24545863 Range=bytes=1627088920-1627291683
28/Jul/2026:14:02:12.923864 047d2438 Range=bytes=1627291684-1627479651
28/Jul/2026:14:02:12.923915 dbb68649 Range=bytes=1623490236-1624396393
28/Jul/2026:14:02:12.923967 12134079 Range=bytes=1624396394-1625286583
28/Jul/2026:14:02:12.924016 06a25e49 Range=bytes=1625286584-1626188568
28/Jul/2026:14:02:12.924065 4d243e29 Range=bytes=1626188569-1627088919
28/Jul/2026:14:02:12.924119 f33912d3 Range=bytes=1627479652-1627592322
28/Jul/2026:14:02:12.924167 ee47390c Range=bytes=1627592323-1627709244
28/Jul/2026:14:02:12.924214 8f76fb8a Range=bytes=1631293355-1631518879
28/Jul/2026:14:02:12.924260 83078fb1 Range=bytes=1631518880-1631706528
28/Jul/2026:14:02:12.924311 16c92529 Range=bytes=1627709245-1628610626
28/Jul/2026:14:02:12.924365 aedac06e Range=bytes=1628610627-1629493632
28/Jul/2026:14:02:12.924418 5070aa3c Range=bytes=1629493633-1630389957
28/Jul/2026:14:02:12.924468 066c3284 Range=bytes=1630389958-1631293354
28/Jul/2026:14:02:12.924523 be6417c4 Range=bytes=1631706529-1631822703
28/Jul/2026:14:02:12.924569 bb49a437 Range=bytes=1631822704-1631932942
28/Jul/2026:14:02:12.924619 53249d86 Range=bytes=1635518176-1635698052
28/Jul/2026:14:02:12.924670 edd045c0 Range=bytes=1635698053-1635827908
28/Jul/2026:14:02:12.938454 edd045c0 Range=bytes=1635698053-1635827908 Recieved
28/Jul/2026:14:02:12.945569 ee47390c Range=bytes=1627592323-1627709244 Recieved
28/Jul/2026:14:02:12.947766 c542ef0f Range=bytes=1623075604-1623171853 Recieved
28/Jul/2026:14:02:12.951960 be6417c4 Range=bytes=1631706529-1631822703 Recieved
28/Jul/2026:14:02:12.959179 20ca7937 Range=bytes=1619379556-1619476434 Recieved
28/Jul/2026:14:02:12.960348 c246c773 Range=bytes=1619285811-1619379555 Recieved
28/Jul/2026:14:02:12.971881 f33912d3 Range=bytes=1627479652-1627592322 Recieved
28/Jul/2026:14:02:12.972215 53249d86 Range=bytes=1635518176-1635698052 Recieved
28/Jul/2026:14:02:12.972771 e12a5639 Range=bytes=1623391614-1623490235 Recieved
28/Jul/2026:14:02:12.972801 74a2f7d8 Range=bytes=1623287240-1623391613 Recieved
28/Jul/2026:14:02:12.973238 e5b29dd4 Range=bytes=1623171854-1623287239 Recieved
28/Jul/2026:14:02:12.974984 8f76fb8a Range=bytes=1631293355-1631518879 Recieved
28/Jul/2026:14:02:12.976868 bb49a437 Range=bytes=1631822704-1631932942 Recieved
28/Jul/2026:14:02:12.977694 83078fb1 Range=bytes=1631518880-1631706528 Recieved
28/Jul/2026:14:02:12.996054 24545863 Range=bytes=1627088920-1627291683 Recieved
28/Jul/2026:14:02:12.996229 047d2438 Range=bytes=1627291684-1627479651 Recieved
28/Jul/2026:14:02:13.019824 16c92529 Range=bytes=1627709245-1628610626 Recieved
28/Jul/2026:14:02:13.037114 5070aa3c Range=bytes=1629493633-1630389957 Recieved
28/Jul/2026:14:02:13.040594 aedac06e Range=bytes=1628610627-1629493632 Recieved
28/Jul/2026:14:02:13.043004 253f2276 Range=bytes=1619476435-1620387923 Recieved
28/Jul/2026:14:02:13.188276 d5820081 Range=bytes=1616366612-1617249635 Recieved
28/Jul/2026:14:02:13.190687 e3355412 Range=bytes=1615455773-1616366611 Recieved
28/Jul/2026:14:02:13.212440 066c3284 Range=bytes=1630389958-1631293354 Recieved
28/Jul/2026:14:02:13.235138 4d243e29 Range=bytes=1626188569-1627088919 Recieved
28/Jul/2026:14:02:13.263791 d8bf49ee Range=bytes=1621266175-1622172846 Recieved
28/Jul/2026:14:02:13.311605 4c7be0d3 Range=bytes=1620387924-1621266174 Recieved
28/Jul/2026:14:02:13.422620 7efc595b Range=bytes=1617249636-1618162112 Recieved
28/Jul/2026:14:02:13.434884 dbb68649 Range=bytes=1623490236-1624396393 Recieved
28/Jul/2026:14:02:13.461930 bfd8ce6f Range=bytes=1618162113-1619064761 Recieved
28/Jul/2026:14:02:13.485975 923278e5 Range=bytes=1622172847-1623075603 Recieved
28/Jul/2026:14:02:13.496010 06a25e49 Range=bytes=1625286584-1626188568 Recieved
28/Jul/2026:14:02:13.498692 12134079 Range=bytes=1624396394-1625286583 Recieved
Thread for range[394,398] completed | Latency: 0.6740s 
28/Jul/2026:14:02:13.596747 7b0e4a92 Range=bytes=1661235302-1662116852
28/Jul/2026:14:02:13.596903 257e1a88 Range=bytes=1662116853-1662994173
28/Jul/2026:14:02:13.596969 fc928169 Range=bytes=1662994174-1663919213
28/Jul/2026:14:02:13.597028 a2e6fd92 Range=bytes=1663919214-1664825933
28/Jul/2026:14:02:13.597086 7a42f4be Range=bytes=1665069362-1665163539
28/Jul/2026:14:02:13.597140 d3ec2fab Range=bytes=1665163540-1665283881
28/Jul/2026:14:02:13.597196 afaea044 Range=bytes=1668898969-1669015664
28/Jul/2026:14:02:13.597350 4ab90b97 Range=bytes=1669015665-1669136876
28/Jul/2026:14:02:13.597456 69cf333e Range=bytes=1665283882-1666193746
28/Jul/2026:14:02:13.597531 5210c062 Range=bytes=1666193747-1667080899
28/Jul/2026:14:02:13.597595 adddd45c Range=bytes=1667080900-1667993877
28/Jul/2026:14:02:13.597647 775b31b2 Range=bytes=1667993878-1668898968
28/Jul/2026:14:02:13.597700 b30665ab Range=bytes=1669136877-1669229697
28/Jul/2026:14:02:13.597756 4bb3a488 Range=bytes=1669229698-1669327601
28/Jul/2026:14:02:13.597809 437521a3 Range=bytes=1672935012-1673050623
28/Jul/2026:14:02:13.597867 43a8e22b Range=bytes=1673050624-1673163340
28/Jul/2026:14:02:13.597922 04f1623c Range=bytes=1669327602-1670237709
28/Jul/2026:14:02:13.597972 21c75faf Range=bytes=1670237710-1671124992
28/Jul/2026:14:02:13.598021 5188d9ed Range=bytes=1671124993-1672030556
28/Jul/2026:14:02:13.598070 ecb2e7eb Range=bytes=1672034213-1672935011
28/Jul/2026:14:02:13.598119 25c8ec1c Range=bytes=1673163341-1673260172
28/Jul/2026:14:02:13.598168 365b5b8b Range=bytes=1673260173-1673357556
28/Jul/2026:14:02:13.598214 cd1c2718 Range=bytes=1676932348-1677140718
28/Jul/2026:14:02:13.598260 dd8402ca Range=bytes=1677140719-1677271129
28/Jul/2026:14:02:13.598305 f8cf96ed Range=bytes=1673357557-1674253420
28/Jul/2026:14:02:13.598354 2efa340f Range=bytes=1674253421-1675134211
28/Jul/2026:14:02:13.598403 e81d462a Range=bytes=1675134212-1676037584
28/Jul/2026:14:02:13.598449 326806b5 Range=bytes=1676037585-1676932347
28/Jul/2026:14:02:13.598494 f2b49e5e Range=bytes=1677271130-1677379704
28/Jul/2026:14:02:13.598538 cd1a4100 Range=bytes=1677379705-1677493825
28/Jul/2026:14:02:13.598591 6833bc26 Range=bytes=1681077120-1681187507
28/Jul/2026:14:02:13.598638 5c8b2a89 Range=bytes=1681187508-1681277532
28/Jul/2026:14:02:13.609920 cd1a4100 Range=bytes=1677379705-1677493825 Recieved
28/Jul/2026:14:02:13.611757 365b5b8b Range=bytes=1673260173-1673357556 Recieved
28/Jul/2026:14:02:13.624890 dd8402ca Range=bytes=1677140719-1677271129 Recieved
28/Jul/2026:14:02:13.625892 4ab90b97 Range=bytes=1669015665-1669136876 Recieved
28/Jul/2026:14:02:13.626621 f2b49e5e Range=bytes=1677271130-1677379704 Recieved
28/Jul/2026:14:02:13.628576 6833bc26 Range=bytes=1681077120-1681187507 Recieved
28/Jul/2026:14:02:13.628718 d3ec2fab Range=bytes=1665163540-1665283881 Recieved
28/Jul/2026:14:02:13.641999 5c8b2a89 Range=bytes=1681187508-1681277532 Recieved
28/Jul/2026:14:02:13.643692 4bb3a488 Range=bytes=1669229698-1669327601 Recieved
28/Jul/2026:14:02:13.647100 afaea044 Range=bytes=1668898969-1669015664 Recieved
28/Jul/2026:14:02:13.647966 7a42f4be Range=bytes=1665069362-1665163539 Recieved
28/Jul/2026:14:02:13.648272 b30665ab Range=bytes=1669136877-1669229697 Recieved
28/Jul/2026:14:02:13.650768 cd1c2718 Range=bytes=1676932348-1677140718 Recieved
28/Jul/2026:14:02:13.651206 25c8ec1c Range=bytes=1673163341-1673260172 Recieved
28/Jul/2026:14:02:13.651524 437521a3 Range=bytes=1672935012-1673050623 Recieved
28/Jul/2026:14:02:13.656969 43a8e22b Range=bytes=1673050624-1673163340 Recieved
28/Jul/2026:14:02:13.689997 326806b5 Range=bytes=1676037585-1676932347 Recieved
28/Jul/2026:14:02:13.698514 04f1623c Range=bytes=1669327602-1670237709 Recieved
28/Jul/2026:14:02:13.702731 7b0e4a92 Range=bytes=1661235302-1662116852 Recieved
28/Jul/2026:14:02:13.709403 257e1a88 Range=bytes=1662116853-1662994173 Recieved
28/Jul/2026:14:02:13.721217 5188d9ed Range=bytes=1671124993-1672030556 Recieved
28/Jul/2026:14:02:13.721870 21c75faf Range=bytes=1670237710-1671124992 Recieved
28/Jul/2026:14:02:13.722420 ecb2e7eb Range=bytes=1672034213-1672935011 Recieved
28/Jul/2026:14:02:13.724141 69cf333e Range=bytes=1665283882-1666193746 Recieved
28/Jul/2026:14:02:13.733626 775b31b2 Range=bytes=1667993878-1668898968 Recieved
28/Jul/2026:14:02:13.733991 e81d462a Range=bytes=1675134212-1676037584 Recieved
28/Jul/2026:14:02:13.740855 2efa340f Range=bytes=1674253421-1675134211 Recieved
28/Jul/2026:14:02:13.742650 a2e6fd92 Range=bytes=1663919214-1664825933 Recieved
28/Jul/2026:14:02:13.743013 f8cf96ed Range=bytes=1673357557-1674253420 Recieved
28/Jul/2026:14:02:13.748020 fc928169 Range=bytes=1662994174-1663919213 Recieved
28/Jul/2026:14:02:13.778006 adddd45c Range=bytes=1667080900-1667993877 Recieved
28/Jul/2026:14:02:13.791377 5210c062 Range=bytes=1666193747-1667080899 Recieved
Thread for range[405,409] completed | Latency: 0.2610s 
28/Jul/2026:14:02:13.858017 c7128236 Range=bytes=1718915264-1719814526
28/Jul/2026:14:02:13.858159 cf029ae1 Range=bytes=1719814527-1720706409
28/Jul/2026:14:02:13.858234 da19f8b4 Range=bytes=1720706410-1721618380
28/Jul/2026:14:02:13.858337 45720932 Range=bytes=1721618381-1722516742
28/Jul/2026:14:02:13.858564 f0caa2e2 Range=bytes=1722738985-1722836788
28/Jul/2026:14:02:13.858640 303c7eb6 Range=bytes=1722836789-1722941472
28/Jul/2026:14:02:13.858764 58ff8cb4 Range=bytes=1726525914-1726699647
28/Jul/2026:14:02:13.858849 a65653ca Range=bytes=1726699648-1726806622
28/Jul/2026:14:02:13.858916 da1ddcef Range=bytes=1722941473-1723838485
28/Jul/2026:14:02:13.858980 22bce4d2 Range=bytes=1723838486-1724725622
28/Jul/2026:14:02:13.859042 0cb51907 Range=bytes=1724725623-1725621468
28/Jul/2026:14:02:13.859106 6188b152 Range=bytes=1725621469-1726525913
28/Jul/2026:14:02:13.859168 8b4a2c67 Range=bytes=1726806623-1726916519
28/Jul/2026:14:02:13.859223 24051460 Range=bytes=1726916520-1727026583
28/Jul/2026:14:02:13.859286 6e3a1610 Range=bytes=1730607335-1730761246
28/Jul/2026:14:02:13.859343 c3a4d9a9 Range=bytes=1730764903-1730891983
28/Jul/2026:14:02:13.859405 9b860530 Range=bytes=1727026584-1727917932
28/Jul/2026:14:02:13.859467 6f9337cc Range=bytes=1727917933-1728806130
28/Jul/2026:14:02:13.859527 c346fdeb Range=bytes=1728806131-1729710489
28/Jul/2026:14:02:13.859584 cd14bb75 Range=bytes=1729710490-1730607334
28/Jul/2026:14:02:13.859650 bb29ac13 Range=bytes=1730891984-1731011212
28/Jul/2026:14:02:13.859705 52bc88b3 Range=bytes=1731011213-1731129848
28/Jul/2026:14:02:13.859767 55395165 Range=bytes=1734710937-1734825343
28/Jul/2026:14:02:13.859825 85e3daa7 Range=bytes=1734825344-1734910513
28/Jul/2026:14:02:13.859878 7336dfd0 Range=bytes=1731129849-1732020986
28/Jul/2026:14:02:13.859938 ddeb00cc Range=bytes=1732020987-1732915200
28/Jul/2026:14:02:13.859989 f693cf28 Range=bytes=1732915201-1733821411
28/Jul/2026:14:02:13.860043 4a4a2eb2 Range=bytes=1733821412-1734710936
28/Jul/2026:14:02:13.860102 04ee1b71 Range=bytes=1734910514-1735025338
28/Jul/2026:14:02:13.860156 c2502f4c Range=bytes=1735025339-1735145681
28/Jul/2026:14:02:13.860217 b3d62164 Range=bytes=1738743630-1738841880
28/Jul/2026:14:02:13.860276 5d9101af Range=bytes=1738841881-1738932821
28/Jul/2026:14:02:13.879294 bb29ac13 Range=bytes=1730891984-1731011212 Recieved
28/Jul/2026:14:02:13.881003 85e3daa7 Range=bytes=1734825344-1734910513 Recieved
28/Jul/2026:14:02:13.890047 b3d62164 Range=bytes=1738743630-1738841880 Recieved
28/Jul/2026:14:02:13.891085 f0caa2e2 Range=bytes=1722738985-1722836788 Recieved
28/Jul/2026:14:02:13.892467 52bc88b3 Range=bytes=1731011213-1731129848 Recieved
28/Jul/2026:14:02:13.895249 c2502f4c Range=bytes=1735025339-1735145681 Recieved
28/Jul/2026:14:02:13.904371 55395165 Range=bytes=1734710937-1734825343 Recieved
28/Jul/2026:14:02:13.905910 5d9101af Range=bytes=1738841881-1738932821 Recieved
28/Jul/2026:14:02:13.907254 24051460 Range=bytes=1726916520-1727026583 Recieved
28/Jul/2026:14:02:13.908650 04ee1b71 Range=bytes=1734910514-1735025338 Recieved
28/Jul/2026:14:02:13.908669 a65653ca Range=bytes=1726699648-1726806622 Recieved
28/Jul/2026:14:02:13.911378 303c7eb6 Range=bytes=1722836789-1722941472 Recieved
28/Jul/2026:14:02:13.913596 58ff8cb4 Range=bytes=1726525914-1726699647 Recieved
28/Jul/2026:14:02:13.917243 c3a4d9a9 Range=bytes=1730764903-1730891983 Recieved
28/Jul/2026:14:02:13.927492 8b4a2c67 Range=bytes=1726806623-1726916519 Recieved
28/Jul/2026:14:02:13.934986 9b860530 Range=bytes=1727026584-1727917932 Recieved
28/Jul/2026:14:02:13.951356 6e3a1610 Range=bytes=1730607335-1730761246 Recieved
28/Jul/2026:14:02:13.966459 6f9337cc Range=bytes=1727917933-1728806130 Recieved
28/Jul/2026:14:02:13.969720 7336dfd0 Range=bytes=1731129849-1732020986 Recieved
28/Jul/2026:14:02:13.980000 22bce4d2 Range=bytes=1723838486-1724725622 Recieved
28/Jul/2026:14:02:13.982609 cd14bb75 Range=bytes=1729710490-1730607334 Recieved
28/Jul/2026:14:02:13.985758 f693cf28 Range=bytes=1732915201-1733821411 Recieved
28/Jul/2026:14:02:13.985947 c346fdeb Range=bytes=1728806131-1729710489 Recieved
28/Jul/2026:14:02:13.991048 45720932 Range=bytes=1721618381-1722516742 Recieved
28/Jul/2026:14:02:13.993236 ddeb00cc Range=bytes=1732020987-1732915200 Recieved
28/Jul/2026:14:02:13.994188 4a4a2eb2 Range=bytes=1733821412-1734710936 Recieved
28/Jul/2026:14:02:14.134559 da19f8b4 Range=bytes=1720706410-1721618380 Recieved
28/Jul/2026:14:02:14.157331 c7128236 Range=bytes=1718915264-1719814526 Recieved
28/Jul/2026:14:02:14.194911 0cb51907 Range=bytes=1724725623-1725621468 Recieved
28/Jul/2026:14:02:14.211907 da1ddcef Range=bytes=1722941473-1723838485 Recieved
28/Jul/2026:14:02:14.375448 cf029ae1 Range=bytes=1719814527-1720706409 Recieved
28/Jul/2026:14:02:14.400821 6188b152 Range=bytes=1725621469-1726525913 Recieved
Thread for range[419,423] completed | Latency: 0.6417s 
28/Jul/2026:14:02:14.500054 a833479a Range=bytes=1784634465-1785534911
28/Jul/2026:14:02:14.500213 cc3131c0 Range=bytes=1785534912-1786429535
28/Jul/2026:14:02:14.500281 6c75b992 Range=bytes=1786429536-1787344217
28/Jul/2026:14:02:14.500343 81780e56 Range=bytes=1787344218-1788244410
28/Jul/2026:14:02:14.500404 355a3f2e Range=bytes=1788438107-1788540205
28/Jul/2026:14:02:14.500457 4e837c62 Range=bytes=1788543862-1788654371
28/Jul/2026:14:02:14.500511 86efc575 Range=bytes=1792281422-1792375027
28/Jul/2026:14:02:14.500602 c053c491 Range=bytes=1792375028-1792467517
28/Jul/2026:14:02:14.500665 97c67b55 Range=bytes=1788654372-1789555541
28/Jul/2026:14:02:14.500718 114464ef Range=bytes=1789555542-1790455299
28/Jul/2026:14:02:14.500767 08bc0036 Range=bytes=1790455300-1791379964
28/Jul/2026:14:02:14.500822 5a6a2762 Range=bytes=1791379965-1792281421
28/Jul/2026:14:02:14.500883 62cabf81 Range=bytes=1792467518-1792678204
28/Jul/2026:14:02:14.500935 d33eb413 Range=bytes=1792678205-1792897967
28/Jul/2026:14:02:14.500980 edb78ea7 Range=bytes=1796537438-1796641349
28/Jul/2026:14:02:14.501028 6b6deb8a Range=bytes=1796641350-1796737778
28/Jul/2026:14:02:14.501083 59940c47 Range=bytes=1792897968-1793797134
28/Jul/2026:14:02:14.501137 21c043c4 Range=bytes=1793797135-1794686891
28/Jul/2026:14:02:14.501185 f72f3942 Range=bytes=1794686892-1795624604
28/Jul/2026:14:02:14.501234 eb7eb2dd Range=bytes=1795624605-1796537437
28/Jul/2026:14:02:14.501279 0e403215 Range=bytes=1796737779-1796950405
28/Jul/2026:14:02:14.501326 745fd348 Range=bytes=1796950406-1797189218
28/Jul/2026:14:02:14.501378 e896c05b Range=bytes=1800791117-1800905408
28/Jul/2026:14:02:14.501428 9e77f588 Range=bytes=1800905409-1801008113
28/Jul/2026:14:02:14.501472 92d16b9c Range=bytes=1797189219-1798075690
28/Jul/2026:14:02:14.501520 30e40c87 Range=bytes=1798075691-1798949236
28/Jul/2026:14:02:14.501565 22e0e70b Range=bytes=1798949237-1799872911
28/Jul/2026:14:02:14.501610 b5628480 Range=bytes=1799872912-1800791116
28/Jul/2026:14:02:14.501661 1f90790a Range=bytes=1801008114-1801212263
28/Jul/2026:14:02:14.501713 7a6a8b86 Range=bytes=1801212264-1801447881
28/Jul/2026:14:02:14.501760 8c5304c9 Range=bytes=1805040238-1805162640
28/Jul/2026:14:02:14.501812 cbb1b6c6 Range=bytes=1805162641-1805279229
28/Jul/2026:14:02:14.521990 6b6deb8a Range=bytes=1796641350-1796737778 Recieved
28/Jul/2026:14:02:14.529570 355a3f2e Range=bytes=1788438107-1788540205 Recieved
28/Jul/2026:14:02:14.530462 c053c491 Range=bytes=1792375028-1792467517 Recieved
28/Jul/2026:14:02:14.531012 86efc575 Range=bytes=1792281422-1792375027 Recieved
28/Jul/2026:14:02:14.533382 cbb1b6c6 Range=bytes=1805162641-1805279229 Recieved
28/Jul/2026:14:02:14.534759 9e77f588 Range=bytes=1800905409-1801008113 Recieved
28/Jul/2026:14:02:14.546267 4e837c62 Range=bytes=1788543862-1788654371 Recieved
28/Jul/2026:14:02:14.553215 e896c05b Range=bytes=1800791117-1800905408 Recieved
28/Jul/2026:14:02:14.554941 edb78ea7 Range=bytes=1796537438-1796641349 Recieved
28/Jul/2026:14:02:14.555469 0e403215 Range=bytes=1796737779-1796950405 Recieved
28/Jul/2026:14:02:14.556059 1f90790a Range=bytes=1801008114-1801212263 Recieved
28/Jul/2026:14:02:14.557812 745fd348 Range=bytes=1796950406-1797189218 Recieved
28/Jul/2026:14:02:14.558450 8c5304c9 Range=bytes=1805040238-1805162640 Recieved
28/Jul/2026:14:02:14.565474 7a6a8b86 Range=bytes=1801212264-1801447881 Recieved
28/Jul/2026:14:02:14.578442 62cabf81 Range=bytes=1792467518-1792678204 Recieved
28/Jul/2026:14:02:14.581920 d33eb413 Range=bytes=1792678205-1792897967 Recieved
28/Jul/2026:14:02:14.593679 a833479a Range=bytes=1784634465-1785534911 Recieved
28/Jul/2026:14:02:14.599348 cc3131c0 Range=bytes=1785534912-1786429535 Recieved
28/Jul/2026:14:02:14.604317 114464ef Range=bytes=1789555542-1790455299 Recieved
28/Jul/2026:14:02:14.614369 6c75b992 Range=bytes=1786429536-1787344217 Recieved
28/Jul/2026:14:02:14.620135 f72f3942 Range=bytes=1794686892-1795624604 Recieved
28/Jul/2026:14:02:14.744407 81780e56 Range=bytes=1787344218-1788244410 Recieved
28/Jul/2026:14:02:14.758600 21c043c4 Range=bytes=1793797135-1794686891 Recieved
28/Jul/2026:14:02:14.793128 92d16b9c Range=bytes=1797189219-1798075690 Recieved
28/Jul/2026:14:02:14.814706 eb7eb2dd Range=bytes=1795624605-1796537437 Recieved
28/Jul/2026:14:02:14.819994 b5628480 Range=bytes=1799872912-1800791116 Recieved
28/Jul/2026:14:02:14.824937 22e0e70b Range=bytes=1798949237-1799872911 Recieved
28/Jul/2026:14:02:14.851590 08bc0036 Range=bytes=1790455300-1791379964 Recieved
28/Jul/2026:14:02:14.869292 59940c47 Range=bytes=1792897968-1793797134 Recieved
28/Jul/2026:14:02:15.020785 30e40c87 Range=bytes=1798075691-1798949236 Recieved
28/Jul/2026:14:02:15.068805 97c67b55 Range=bytes=1788654372-1789555541 Recieved
28/Jul/2026:14:02:15.074524 5a6a2762 Range=bytes=1791379965-1792281421 Recieved
Thread for range[435,439] completed | Latency: 0.6669s 
28/Jul/2026:14:02:15.167219 13da7f9f Range=bytes=1851122677-1852002535
28/Jul/2026:14:02:15.167367 60fea567 Range=bytes=1852002536-1852879233
28/Jul/2026:14:02:15.167431 1427c628 Range=bytes=1852879234-1853795833
28/Jul/2026:14:02:15.167488 5328b67e Range=bytes=1853795834-1854703604
28/Jul/2026:14:02:15.167541 cf09a9ff Range=bytes=1854939220-1855128196
28/Jul/2026:14:02:15.167597 f748b161 Range=bytes=1855128197-1855337947
28/Jul/2026:14:02:15.167739 59f4c2e9 Range=bytes=1858924780-1859054563
28/Jul/2026:14:02:15.167803 7d7c9f35 Range=bytes=1859054564-1859171999
28/Jul/2026:14:02:15.167862 ebfdba02 Range=bytes=1855337948-1856220187
28/Jul/2026:14:02:15.167911 576a626b Range=bytes=1856220188-1857098813
28/Jul/2026:14:02:15.167963 dbe2dcb5 Range=bytes=1857098814-1858011977
28/Jul/2026:14:02:15.168018 86c270da Range=bytes=1858011978-1858924779
28/Jul/2026:14:02:15.168064 038ef72f Range=bytes=1859172000-1859354332
28/Jul/2026:14:02:15.168112 16c7a7f9 Range=bytes=1859354333-1859541814
28/Jul/2026:14:02:15.168159 bd9788b0 Range=bytes=1863150783-1863278790
28/Jul/2026:14:02:15.168203 d845b777 Range=bytes=1863278791-1863401000
28/Jul/2026:14:02:15.168250 3ac0b0fe Range=bytes=1859541815-1860436808
28/Jul/2026:14:02:15.168308 c83bd7a9 Range=bytes=1860436809-1861322234
28/Jul/2026:14:02:15.168353 69cd42a8 Range=bytes=1861322235-1862240855
28/Jul/2026:14:02:15.168398 84901076 Range=bytes=1862240856-1863150782
28/Jul/2026:14:02:15.168446 86abe101 Range=bytes=1863401001-1863499138
28/Jul/2026:14:02:15.168491 bb775308 Range=bytes=1863499139-1863626865
28/Jul/2026:14:02:15.168543 e0a82ef4 Range=bytes=1867247510-1867361081
28/Jul/2026:14:02:15.168595 088cdaab Range=bytes=1867361082-1867481997
28/Jul/2026:14:02:15.168642 40b66b00 Range=bytes=1863626866-1864533979
28/Jul/2026:14:02:15.168686 68d52c11 Range=bytes=1864533980-1865422371
28/Jul/2026:14:02:15.168733 eb0b427b Range=bytes=1865422372-1866338266
28/Jul/2026:14:02:15.168780 d9d69586 Range=bytes=1866338267-1867247509
28/Jul/2026:14:02:15.168829 24a7df25 Range=bytes=1867481998-1867575486
28/Jul/2026:14:02:15.168878 dda212ea Range=bytes=1867575487-1867687770
28/Jul/2026:14:02:15.168930 11b55bf5 Range=bytes=1871277523-1871464302
28/Jul/2026:14:02:15.168976 68b59ab4 Range=bytes=1871464303-1871605821
28/Jul/2026:14:02:15.199684 7d7c9f35 Range=bytes=1859054564-1859171999 Recieved
28/Jul/2026:14:02:15.202051 088cdaab Range=bytes=1867361082-1867481997 Recieved
28/Jul/2026:14:02:15.203048 dda212ea Range=bytes=1867575487-1867687770 Recieved
28/Jul/2026:14:02:15.204271 86abe101 Range=bytes=1863401001-1863499138 Recieved
28/Jul/2026:14:02:15.204434 24a7df25 Range=bytes=1867481998-1867575486 Recieved
28/Jul/2026:14:02:15.208954 68b59ab4 Range=bytes=1871464303-1871605821 Recieved
28/Jul/2026:14:02:15.215161 bd9788b0 Range=bytes=1863150783-1863278790 Recieved
28/Jul/2026:14:02:15.216199 59f4c2e9 Range=bytes=1858924780-1859054563 Recieved
28/Jul/2026:14:02:15.219238 f748b161 Range=bytes=1855128197-1855337947 Recieved
28/Jul/2026:14:02:15.219785 bb775308 Range=bytes=1863499139-1863626865 Recieved
28/Jul/2026:14:02:15.228274 11b55bf5 Range=bytes=1871277523-1871464302 Recieved
28/Jul/2026:14:02:15.230666 cf09a9ff Range=bytes=1854939220-1855128196 Recieved
28/Jul/2026:14:02:15.241503 16c7a7f9 Range=bytes=1859354333-1859541814 Recieved
28/Jul/2026:14:02:15.246705 d845b777 Range=bytes=1863278791-1863401000 Recieved
28/Jul/2026:14:02:15.257307 038ef72f Range=bytes=1859172000-1859354332 Recieved
28/Jul/2026:14:02:15.261177 69cd42a8 Range=bytes=1861322235-1862240855 Recieved
28/Jul/2026:14:02:15.277283 c83bd7a9 Range=bytes=1860436809-1861322234 Recieved
28/Jul/2026:14:02:15.416086 e0a82ef4 Range=bytes=1867247510-1867361081 Recieved
28/Jul/2026:14:02:15.418275 60fea567 Range=bytes=1852002536-1852879233 Recieved
28/Jul/2026:14:02:15.421673 3ac0b0fe Range=bytes=1859541815-1860436808 Recieved
28/Jul/2026:14:02:15.428483 13da7f9f Range=bytes=1851122677-1852002535 Recieved
28/Jul/2026:14:02:15.444189 576a626b Range=bytes=1856220188-1857098813 Recieved
28/Jul/2026:14:02:15.496230 d9d69586 Range=bytes=1866338267-1867247509 Recieved
28/Jul/2026:14:02:15.501012 68d52c11 Range=bytes=1864533980-1865422371 Recieved
28/Jul/2026:14:02:15.514372 eb0b427b Range=bytes=1865422372-1866338266 Recieved
28/Jul/2026:14:02:15.518281 40b66b00 Range=bytes=1863626866-1864533979 Recieved
28/Jul/2026:14:02:15.556358 84901076 Range=bytes=1862240856-1863150782 Recieved
28/Jul/2026:14:02:15.637054 ebfdba02 Range=bytes=1855337948-1856220187 Recieved
28/Jul/2026:14:02:15.662512 86c270da Range=bytes=1858011978-1858924779 Recieved
28/Jul/2026:14:02:15.677148 5328b67e Range=bytes=1853795834-1854703604 Recieved
28/Jul/2026:14:02:15.740551 dbe2dcb5 Range=bytes=1857098814-1858011977 Recieved
28/Jul/2026:14:02:15.745250 1427c628 Range=bytes=1852879234-1853795833 Recieved
Thread for range[451,455] completed | Latency: 0.6787s 
