--- Running Test on CEDA ---
Dataset reference established: https://esgf.ceda.ac.uk/thredds/fileServer/esg_cmip6/CMIP6/AerChemMIP/MOHC/UKESM1-0-LL/ssp370SST-lowNTCF/r1i1p1f2/Amon/cl/gn/latest/cl_Amon_UKESM1-0-LL_ssp370SST-lowNTCF_r1i1p1f2_gn_205001-209912.nc
28/Jul/2026:14:19:42.138912 c5cca1a2 Range=bytes=11975124-12870473
28/Jul/2026:14:19:42.139917 2b716b6c Range=bytes=12870474-13766804
28/Jul/2026:14:19:42.141527 0f16ea3c Range=bytes=13766805-14670925
28/Jul/2026:14:19:42.141631 14e077b5 Range=bytes=14670926-15553834
28/Jul/2026:14:19:42.141687 a0f74c4f Range=bytes=15733140-15826720
28/Jul/2026:14:19:42.141730 98e09833 Range=bytes=15826721-15930431
28/Jul/2026:14:19:42.141767 b456427e Range=bytes=19546918-19624247
28/Jul/2026:14:19:42.141806 99e92929 Range=bytes=19624248-19703507
28/Jul/2026:14:19:42.141841 5e32adab Range=bytes=15930432-16834770
28/Jul/2026:14:19:42.141878 04cf0165 Range=bytes=16834771-17733156
28/Jul/2026:14:19:42.141915 01319943 Range=bytes=17733157-18648159
28/Jul/2026:14:19:42.141951 19faf597 Range=bytes=18648160-19546917
28/Jul/2026:14:19:42.141986 93c82760 Range=bytes=19703508-19848010
28/Jul/2026:14:19:42.142019 3dd6bdef Range=bytes=19848011-20032816
28/Jul/2026:14:19:42.142052 04bce22a Range=bytes=23662341-23748271
28/Jul/2026:14:19:42.142094 d7f956c6 Range=bytes=23748272-23833272
28/Jul/2026:14:19:42.142128 d340163c Range=bytes=20032817-20940272
28/Jul/2026:14:19:42.142335 49ebff43 Range=bytes=20940273-21836258
28/Jul/2026:14:19:42.142457 bd245bac Range=bytes=21836259-22760621
28/Jul/2026:14:19:42.142555 74f84a57 Range=bytes=22760622-23662340
28/Jul/2026:14:19:42.142724 63f8b8ac Range=bytes=23833273-24032813
28/Jul/2026:14:19:42.142858 c9b82551 Range=bytes=24032814-24234184
28/Jul/2026:14:19:42.142960 5a5126c9 Range=bytes=27856488-27948609
28/Jul/2026:14:19:42.143019 d7648332 Range=bytes=27948610-28040342
28/Jul/2026:14:19:42.143489 5a6c5859 Range=bytes=24234185-25131850
28/Jul/2026:14:19:42.143992 fcebf208 Range=bytes=25131851-26021337
28/Jul/2026:14:19:42.144098 f716576e Range=bytes=26021338-26949704
28/Jul/2026:14:19:42.144184 5e30671b Range=bytes=26949705-27856487
28/Jul/2026:14:19:42.144269 c3fb3efe Range=bytes=28040343-28228335
28/Jul/2026:14:19:42.144347 d95d6a95 Range=bytes=28228336-28434926
28/Jul/2026:14:19:42.144639 df958924 Range=bytes=32038768-32136927
28/Jul/2026:14:19:42.144853 5e145c2b Range=bytes=32136928-32236123
28/Jul/2026:14:19:42.145726 ef3d4d6b Range=bytes=101109647-101996755
28/Jul/2026:14:19:42.145914 bb5f0636 Range=bytes=101996756-102885289
28/Jul/2026:14:19:42.145975 c16355f9 Range=bytes=102885290-103782301
28/Jul/2026:14:19:42.146017 66393a79 Range=bytes=103782302-104682993
28/Jul/2026:14:19:42.146055 c41985a2 Range=bytes=104958942-105062263
28/Jul/2026:14:19:42.146093 e5934019 Range=bytes=105062264-105164289
28/Jul/2026:14:19:42.146128 6348df2b Range=bytes=108774692-108881570
28/Jul/2026:14:19:42.146164 f345e57c Range=bytes=108881571-108956846
28/Jul/2026:14:19:42.146238 1b51c4e2 Range=bytes=105164290-106057566
28/Jul/2026:14:19:42.146311 b1b8d7c8 Range=bytes=106057567-106946311
28/Jul/2026:14:19:42.146360 6bc0ebc7 Range=bytes=106946312-107864873
28/Jul/2026:14:19:42.146402 f66de70a Range=bytes=107864874-108774691
28/Jul/2026:14:19:42.146674 abe063a4 Range=bytes=108956847-109060684
28/Jul/2026:14:19:42.146723 c2819038 Range=bytes=109060685-109160291
28/Jul/2026:14:19:42.146763 bece62c0 Range=bytes=112758631-112848799
28/Jul/2026:14:19:42.146801 75084608 Range=bytes=112848800-112934026
28/Jul/2026:14:19:42.146838 58e421d3 Range=bytes=109160292-110057072
28/Jul/2026:14:19:42.146873 60a23e96 Range=bytes=110057073-110958630
28/Jul/2026:14:19:42.146909 68a37186 Range=bytes=110958631-111862687
28/Jul/2026:14:19:42.146942 d52a95f8 Range=bytes=111862688-112758630
28/Jul/2026:14:19:42.146974 3e549bd3 Range=bytes=112934027-113023753
28/Jul/2026:14:19:42.147008 2c70bfc2 Range=bytes=113023754-113121790
28/Jul/2026:14:19:42.147040 c916d470 Range=bytes=116739249-116816907
28/Jul/2026:14:19:42.147073 a5fbc909 Range=bytes=116816908-116895549
28/Jul/2026:14:19:42.147247 4ca564a9 Range=bytes=113121791-114026306
28/Jul/2026:14:19:42.147390 48a8534a Range=bytes=114026307-114924633
28/Jul/2026:14:19:42.147431 8f11cd2c Range=bytes=114924634-115845252
28/Jul/2026:14:19:42.147467 b7f0efbb Range=bytes=115845253-116739248
28/Jul/2026:14:19:42.147572 60fa7a36 Range=bytes=116895550-117075558
28/Jul/2026:14:19:42.147866 0aba51d7 Range=bytes=117075559-117223897
28/Jul/2026:14:19:42.147975 293a67b8 Range=bytes=120847528-120932588
28/Jul/2026:14:19:42.148965 08f158b3 Range=bytes=120932589-121020335
28/Jul/2026:14:19:42.150660 c5bff42b Range=bytes=129793216-130690294
28/Jul/2026:14:19:42.150810 a22f8471 Range=bytes=130690295-131568698
28/Jul/2026:14:19:42.150904 af3460b9 Range=bytes=131568699-132484979
28/Jul/2026:14:19:42.150990 ed7866f9 Range=bytes=132484980-133389993
28/Jul/2026:14:19:42.151064 f190b18f Range=bytes=133596015-133768878
28/Jul/2026:14:19:42.151137 9fb853e5 Range=bytes=133768879-133955355
28/Jul/2026:14:19:42.151211 6111a708 Range=bytes=137561855-137658424
28/Jul/2026:14:19:42.151283 7b570ab6 Range=bytes=137658425-137758749
28/Jul/2026:14:19:42.151368 3f2d77be Range=bytes=133955356-134855393
28/Jul/2026:14:19:42.151443 17b0c1a7 Range=bytes=134855394-135741531
28/Jul/2026:14:19:42.151516 1377ad5c Range=bytes=135741532-136661144
28/Jul/2026:14:19:42.151588 95290db2 Range=bytes=136661145-137561854
28/Jul/2026:14:19:42.151659 1d7bc46f Range=bytes=137758750-137856973
28/Jul/2026:14:19:42.151739 303f9303 Range=bytes=137856974-137941086
28/Jul/2026:14:19:42.151813 15b8e7a6 Range=bytes=141544733-141634968
28/Jul/2026:14:19:42.151885 c0f6d74f Range=bytes=141634969-141731596
28/Jul/2026:14:19:42.151954 c5e130db Range=bytes=137941087-138851284
28/Jul/2026:14:19:42.152032 eac64208 Range=bytes=138851285-139737971
28/Jul/2026:14:19:42.152121 81d797f6 Range=bytes=139737972-140650253
28/Jul/2026:14:19:42.152195 54abb815 Range=bytes=140650254-141544732
28/Jul/2026:14:19:42.152260 3e41664f Range=bytes=141731597-141819094
28/Jul/2026:14:19:42.152332 f4322ef9 Range=bytes=141819095-141917244
28/Jul/2026:14:19:42.152396 8d84d89c Range=bytes=145507303-145585440
28/Jul/2026:14:19:42.152461 d74bd1e0 Range=bytes=145585441-145671251
28/Jul/2026:14:19:42.152526 46bca5e6 Range=bytes=141917245-142819882
28/Jul/2026:14:19:42.152594 e157322d Range=bytes=142819883-143703949
28/Jul/2026:14:19:42.152665 09730ec3 Range=bytes=143703950-144608063
28/Jul/2026:14:19:42.153230 c6d9c3df Range=bytes=144608064-145507302
28/Jul/2026:14:19:42.153391 3d69eb7a Range=bytes=145671252-145765176
28/Jul/2026:14:19:42.153469 0a84a192 Range=bytes=145765177-145855643
28/Jul/2026:14:19:42.153513 c6dd32f6 Range=bytes=149423177-149514088
28/Jul/2026:14:19:42.153551 012522a6 Range=bytes=149514089-149597325
28/Jul/2026:14:19:42.153652 662afd55 Range=bytes=186728404-187637230
28/Jul/2026:14:19:42.153715 ab33c795 Range=bytes=187637231-188519625
28/Jul/2026:14:19:42.153772 a0717976 Range=bytes=188519626-189422253
28/Jul/2026:14:19:42.153847 af7bcce2 Range=bytes=189422254-190320566
28/Jul/2026:14:19:42.153926 c65da182 Range=bytes=190521429-190616079
28/Jul/2026:14:19:42.154012 23cabec4 Range=bytes=190616080-190706826
28/Jul/2026:14:19:42.154054 487c0b03 Range=bytes=194301901-194391279
28/Jul/2026:14:19:42.154101 9602b80b Range=bytes=194391280-194483396
28/Jul/2026:14:19:42.154137 2bffb64d Range=bytes=190706827-191620224
28/Jul/2026:14:19:42.154178 c638755c Range=bytes=191620225-192509922
28/Jul/2026:14:19:42.154210 973fb297 Range=bytes=192509923-193413918
28/Jul/2026:14:19:42.154241 b23621cd Range=bytes=193413919-194301900
28/Jul/2026:14:19:42.154271 fa8970de Range=bytes=194483397-194581780
28/Jul/2026:14:19:42.154374 87ff3ed2 Range=bytes=194581781-194669977
28/Jul/2026:14:19:42.154440 ea89b35a Range=bytes=198243867-198316800
28/Jul/2026:14:19:42.154474 65cf9865 Range=bytes=198316801-198387229
28/Jul/2026:14:19:42.154514 c07d1cd9 Range=bytes=194669978-195569361
28/Jul/2026:14:19:42.154546 e28aef2c Range=bytes=195569362-196458496
28/Jul/2026:14:19:42.154575 ed0c40d8 Range=bytes=196458497-197345469
28/Jul/2026:14:19:42.154644 d1d88f3a Range=bytes=197345470-198243866
28/Jul/2026:14:19:42.154704 ff9be6c1 Range=bytes=198387230-198481386
28/Jul/2026:14:19:42.154736 21d63e3a Range=bytes=198481387-198570717
28/Jul/2026:14:19:42.154766 1a59c1e0 Range=bytes=202135189-202210891
28/Jul/2026:14:19:42.154801 c14d3e97 Range=bytes=202210892-202289492
28/Jul/2026:14:19:42.154830 c15bc9bb Range=bytes=198570718-199462267
28/Jul/2026:14:19:42.154860 e549859b Range=bytes=199462268-200345842
28/Jul/2026:14:19:42.154889 c141b798 Range=bytes=200345843-201239512
28/Jul/2026:14:19:42.154919 187d9b41 Range=bytes=201239513-202135188
28/Jul/2026:14:19:42.154947 77eea3dc Range=bytes=202289493-202391545
28/Jul/2026:14:19:42.154976 b0f67c05 Range=bytes=202391546-202490488
28/Jul/2026:14:19:42.155816 e5e16f5c Range=bytes=206066378-206141118
28/Jul/2026:14:19:42.155965 7aba3ec1 Range=bytes=206141119-206207459
28/Jul/2026:14:19:42.156045 1e972f69 Range=bytes=214424172-215318826
28/Jul/2026:14:19:42.156118 07137347 Range=bytes=215318827-216215808
28/Jul/2026:14:19:42.156226 425a5e29 Range=bytes=216215809-217140565
28/Jul/2026:14:19:42.157360 94428b96 Range=bytes=217140566-218048429
28/Jul/2026:14:19:42.157476 b43f168e Range=bytes=218212016-218398594
28/Jul/2026:14:19:42.157601 6fef76e7 Range=bytes=218398595-218621076
28/Jul/2026:14:19:42.157682 aa4e1551 Range=bytes=222249683-222339354
28/Jul/2026:14:19:42.157857 58908067 Range=bytes=222339355-222425936
28/Jul/2026:14:19:42.157916 a92c16d0 Range=bytes=218621077-219512660
28/Jul/2026:14:19:42.157977 797ce67c Range=bytes=219512661-220406320
28/Jul/2026:14:19:42.158031 a2170e58 Range=bytes=220406321-221333953
28/Jul/2026:14:19:42.158112 60a76e62 Range=bytes=221333954-222249682
28/Jul/2026:14:19:42.158154 f977c328 Range=bytes=222425937-222613730
28/Jul/2026:14:19:42.158217 a45f1fc4 Range=bytes=222613731-222817249
28/Jul/2026:14:19:42.158253 55eec73c Range=bytes=226421795-226522244
28/Jul/2026:14:19:42.158289 9f8aa80c Range=bytes=226522245-226620042
28/Jul/2026:14:19:42.158322 8e55d980 Range=bytes=222817250-223703489
28/Jul/2026:14:19:42.158362 41752681 Range=bytes=223703490-224582646
28/Jul/2026:14:19:42.158391 410e90e2 Range=bytes=224582647-225508888
28/Jul/2026:14:19:42.158424 fd9615da Range=bytes=225508889-226421794
28/Jul/2026:14:19:42.158453 1a69be73 Range=bytes=226620043-226801955
28/Jul/2026:14:19:42.158482 781abd9b Range=bytes=226801956-227000490
28/Jul/2026:14:19:42.158513 7753187d Range=bytes=230599640-230710874
28/Jul/2026:14:19:42.158554 050e1c07 Range=bytes=230710875-230812357
28/Jul/2026:14:19:42.158608 9f4c149f Range=bytes=227000491-227885816
28/Jul/2026:14:19:42.158635 46a1bdee Range=bytes=227885817-228771173
28/Jul/2026:14:19:42.158665 74b7f2e2 Range=bytes=228771174-229689336
28/Jul/2026:14:19:42.158722 da115e95 Range=bytes=229689337-230599639
28/Jul/2026:14:19:42.158920 0bc1b917 Range=bytes=230812358-230973919
28/Jul/2026:14:19:42.158990 05dc978f Range=bytes=230973920-231144478
28/Jul/2026:14:19:42.159105 94262553 Range=bytes=234745544-234844686
28/Jul/2026:14:19:42.159204 09df4163 Range=bytes=234844687-234959608
28/Jul/2026:14:19:42.161550 e1473d9c Range=bytes=243060073-243950234
28/Jul/2026:14:19:42.161656 7afd22bd Range=bytes=243950235-244835070
28/Jul/2026:14:19:42.161817 fa11c59d Range=bytes=244835071-245732602
28/Jul/2026:14:19:42.161871 4c1786ab Range=bytes=245732603-246620475
28/Jul/2026:14:19:42.162016 a5d09c61 Range=bytes=246877762-246978778
28/Jul/2026:14:19:42.162121 844c0ea9 Range=bytes=246978779-247076166
28/Jul/2026:14:19:42.162205 bf50672e Range=bytes=250632731-250784207
28/Jul/2026:14:19:42.162282 de257c9b Range=bytes=250784208-250950560
28/Jul/2026:14:19:42.162356 c5ea3ae6 Range=bytes=247076167-247957532
28/Jul/2026:14:19:42.162429 9fc19f29 Range=bytes=247957533-248837276
28/Jul/2026:14:19:42.162499 a68b4c35 Range=bytes=248837277-249736121
28/Jul/2026:14:19:42.162619 ea43fdce Range=bytes=249736122-250632730
28/Jul/2026:14:19:42.162707 944fc203 Range=bytes=250950561-251053472
28/Jul/2026:14:19:42.162786 f82ef27d Range=bytes=251053473-251149835
28/Jul/2026:14:19:42.163334 b3fc6daf Range=bytes=254723841-254852526
28/Jul/2026:14:19:42.163548 54fffd52 Range=bytes=254852527-254937026
28/Jul/2026:14:19:42.163708 9418ea62 Range=bytes=251149836-252035494
28/Jul/2026:14:19:42.163840 4dcfa00c Range=bytes=252035495-252924192
28/Jul/2026:14:19:42.163942 e498ed36 Range=bytes=252924193-253823465
28/Jul/2026:14:19:42.164058 9356ae92 Range=bytes=253823466-254723840
28/Jul/2026:14:19:42.164158 d3097916 Range=bytes=254937027-255036590
28/Jul/2026:14:19:42.164294 44e8fe2d Range=bytes=255036591-255137808
28/Jul/2026:14:19:42.164415 c9c45048 Range=bytes=258746982-258854694
28/Jul/2026:14:19:42.164508 c32a3408 Range=bytes=258854695-258943323
28/Jul/2026:14:19:42.164553 efc64440 Range=bytes=255137809-256033692
28/Jul/2026:14:19:42.164649 2b3b9b82 Range=bytes=256033693-256930902
28/Jul/2026:14:19:42.164713 5f90319c Range=bytes=256930903-257841226
28/Jul/2026:14:19:42.164790 7fd112fe Range=bytes=257841227-258746981
28/Jul/2026:14:19:42.164843 5cf73243 Range=bytes=258943324-259039678
28/Jul/2026:14:19:42.164934 7a7c0cb3 Range=bytes=259039679-259142262
28/Jul/2026:14:19:42.165031 cb80c667 Range=bytes=262764448-262842984
28/Jul/2026:14:19:42.165665 25d60e5b Range=bytes=262842985-262922243
28/Jul/2026:14:19:42.165736 725d1cef Range=bytes=320668843-321553734
28/Jul/2026:14:19:42.165782 f7405287 Range=bytes=321553735-322428761
28/Jul/2026:14:19:42.165859 3a8c0dc2 Range=bytes=322428762-323341433
28/Jul/2026:14:19:42.165926 9cb2ccc3 Range=bytes=323341434-324254586
28/Jul/2026:14:19:42.165961 95e945bd Range=bytes=324468075-324655798
28/Jul/2026:14:19:42.166095 c5376d9d Range=bytes=324655799-324853181
28/Jul/2026:14:19:42.166130 b356cc5f Range=bytes=328449166-328561210
28/Jul/2026:14:19:42.166162 9bcff7e4 Range=bytes=328561211-328660518
28/Jul/2026:14:19:42.166192 a74ee60a Range=bytes=324853182-325737834
28/Jul/2026:14:19:42.166289 5ce934ec Range=bytes=325737835-326623523
28/Jul/2026:14:19:42.166424 b717ec9f Range=bytes=326623524-327540731
28/Jul/2026:14:19:42.166477 f4e82d60 Range=bytes=327540732-328449165
28/Jul/2026:14:19:42.166558 ac7fd683 Range=bytes=328660519-328837695
28/Jul/2026:14:19:42.166599 da6a9c76 Range=bytes=328837696-328995603
28/Jul/2026:14:19:42.166641 3771bbca Range=bytes=332596750-332696830
28/Jul/2026:14:19:42.166686 86bb2f36 Range=bytes=332696831-332798845
28/Jul/2026:14:19:42.166720 c2a9b02b Range=bytes=328995604-329887365
28/Jul/2026:14:19:42.166751 d2830ad6 Range=bytes=329887366-330775036
28/Jul/2026:14:19:42.166788 6a2a6901 Range=bytes=330775037-331689551
28/Jul/2026:14:19:42.166819 21407eef Range=bytes=331689552-332596749
28/Jul/2026:14:19:42.166847 112fdd6e Range=bytes=332798846-332900129
28/Jul/2026:14:19:42.166875 06926002 Range=bytes=332900130-333004364
28/Jul/2026:14:19:42.166903 3c0cacd1 Range=bytes=336613849-336701983
28/Jul/2026:14:19:42.166939 c1c2a01e Range=bytes=336701984-336799860
28/Jul/2026:14:19:42.167031 0bc3dffc Range=bytes=333004365-333910753
28/Jul/2026:14:19:42.167108 a0a9fb84 Range=bytes=333910754-334804946
28/Jul/2026:14:19:42.167154 d54aff7e Range=bytes=334804947-335712584
28/Jul/2026:14:19:42.171505 6fdfc51e Range=bytes=335712585-336613848
28/Jul/2026:14:19:42.171561 80125c0d Range=bytes=336799861-336888541
28/Jul/2026:14:19:42.171598 224a4f69 Range=bytes=336888542-336987888
28/Jul/2026:14:19:42.171657 a89ed046 Range=bytes=340549458-340630873
28/Jul/2026:14:19:42.171689 92b2c81c Range=bytes=340630874-340716860
28/Jul/2026:14:19:42.171719 ac2ab5a6 Range=bytes=344856648-345750897
28/Jul/2026:14:19:42.171750 48af259a Range=bytes=345750898-346640078
28/Jul/2026:14:19:42.171780 440b0f38 Range=bytes=346640079-347542569
28/Jul/2026:14:19:42.171809 6c788556 Range=bytes=347542570-348440681
28/Jul/2026:14:19:42.171837 6c64c31c Range=bytes=348693026-348791390
28/Jul/2026:14:19:42.171866 af112fc2 Range=bytes=348791391-348883624
28/Jul/2026:14:19:42.171893 a2a80512 Range=bytes=352468866-352605181
28/Jul/2026:14:19:42.171919 f5e7fbd9 Range=bytes=352605182-352749358
28/Jul/2026:14:19:42.171949 583ed75f Range=bytes=348883625-349775546
28/Jul/2026:14:19:42.171978 18d4f2e9 Range=bytes=349775547-350658583
28/Jul/2026:14:19:42.172004 83452656 Range=bytes=350658584-351562970
28/Jul/2026:14:19:42.172067 22d5b74b Range=bytes=351562971-352468865
28/Jul/2026:14:19:42.172258 ca280fd6 Range=bytes=352753015-352849587
28/Jul/2026:14:19:42.172312 5b08dfbd Range=bytes=352849588-352948511
28/Jul/2026:14:19:42.172354 80c90aff Range=bytes=356564852-356699354
28/Jul/2026:14:19:42.172399 c91787a3 Range=bytes=356699355-356813978
28/Jul/2026:14:19:42.172451 7697931a Range=bytes=352948512-353842502
28/Jul/2026:14:19:42.172494 9df5c109 Range=bytes=353842503-354740173
28/Jul/2026:14:19:42.172530 18c918b1 Range=bytes=354740174-355663975
28/Jul/2026:14:19:42.172564 d95f3992 Range=bytes=355663976-356564851
28/Jul/2026:14:19:42.172602 c155af8f Range=bytes=356813979-356907188
28/Jul/2026:14:19:42.172641 cfc034f3 Range=bytes=356907189-357003731
28/Jul/2026:14:19:42.172672 5b5c69fc Range=bytes=360638263-360738146
28/Jul/2026:14:19:42.172716 c1b7d3c1 Range=bytes=360738147-360814686
28/Jul/2026:14:19:42.172749 e9bf7570 Range=bytes=357003732-357907040
28/Jul/2026:14:19:42.172779 89e8fb09 Range=bytes=357907041-358812543
28/Jul/2026:14:19:42.172808 a6bdbb24 Range=bytes=358812544-359737660
28/Jul/2026:14:19:42.172835 680b3e67 Range=bytes=359737661-360638262
28/Jul/2026:14:19:42.172863 d98bc2c4 Range=bytes=360814687-360987592
28/Jul/2026:14:19:42.172889 0d13b1d7 Range=bytes=360987593-361173208
28/Jul/2026:14:19:42.172919 aacdf412 Range=bytes=364786456-364873418
28/Jul/2026:14:19:42.172947 030a1f4d Range=bytes=364873419-364951443
28/Jul/2026:14:19:42.172974 ec86699d Range=bytes=377909506-378813203
28/Jul/2026:14:19:42.173001 1860d0c9 Range=bytes=378813204-379686937
28/Jul/2026:14:19:42.173028 3d0a8ae5 Range=bytes=379686938-380610562
28/Jul/2026:14:19:42.173055 215472fb Range=bytes=380610563-381516911
28/Jul/2026:14:19:42.173086 209cd0b7 Range=bytes=381723900-381803305
28/Jul/2026:14:19:42.173113 0b6c43fd Range=bytes=381806962-381914446
28/Jul/2026:14:19:42.173140 ff66ab03 Range=bytes=385509523-385600051
28/Jul/2026:14:19:42.173168 037fd63c Range=bytes=385600052-385701537
28/Jul/2026:14:19:42.173195 52bfde6e Range=bytes=381914447-382819664
28/Jul/2026:14:19:42.173222 2871d75a Range=bytes=382819665-383694759
28/Jul/2026:14:19:42.173253 9703eb65 Range=bytes=383694760-384607391
28/Jul/2026:14:19:42.173279 24dede07 Range=bytes=384607392-385509522
28/Jul/2026:14:19:42.173306 a52d26cb Range=bytes=385701538-385780323
28/Jul/2026:14:19:42.173332 456a9919 Range=bytes=385780324-385865750
28/Jul/2026:14:19:42.173358 5fe814b1 Range=bytes=389466135-389551735
28/Jul/2026:14:19:42.173389 acb61907 Range=bytes=389551736-389641700
28/Jul/2026:14:19:42.173420 b5cc90ff Range=bytes=385865751-386772233
28/Jul/2026:14:19:42.173447 09f5d252 Range=bytes=386772234-387653070
28/Jul/2026:14:19:42.173474 83e89a57 Range=bytes=387653071-388560400
28/Jul/2026:14:19:42.173502 2f0ec790 Range=bytes=388560401-389466134
28/Jul/2026:14:19:42.173527 a5302234 Range=bytes=389641701-389731350
28/Jul/2026:14:19:42.173553 743259c2 Range=bytes=389731351-389820653
28/Jul/2026:14:19:42.173585 4523168b Range=bytes=393391276-393478532
28/Jul/2026:14:19:42.173611 a70d34dd Range=bytes=393478533-393564246
28/Jul/2026:14:19:42.173637 c9b3e740 Range=bytes=389820654-390718147
28/Jul/2026:14:19:42.173665 2c7e0d86 Range=bytes=390718148-391592468
28/Jul/2026:14:19:42.173693 f5385875 Range=bytes=391592469-392490561
28/Jul/2026:14:19:42.173719 6fe822ec Range=bytes=392490562-393391275
28/Jul/2026:14:19:42.173745 0755d021 Range=bytes=393564247-393661500
28/Jul/2026:14:19:42.173772 603b0522 Range=bytes=393661501-393747917
28/Jul/2026:14:19:42.173797 be354efa Range=bytes=397270077-397470084
28/Jul/2026:14:19:42.173823 360fcd51 Range=bytes=397470085-397604781
28/Jul/2026:14:19:42.173983 0eb738e1 Range=bytes=405743796-406647484
28/Jul/2026:14:19:42.174025 34a03a5a Range=bytes=406647485-407544297
28/Jul/2026:14:19:42.174060 1be1a7db Range=bytes=407544298-408465904
28/Jul/2026:14:19:42.174092 9124470e Range=bytes=408465905-409357834
28/Jul/2026:14:19:42.174123 199b11ed Range=bytes=409511670-409696329
28/Jul/2026:14:19:42.174152 3aae42c2 Range=bytes=409696330-409893901
28/Jul/2026:14:19:42.174179 ae3fcfd2 Range=bytes=413529453-413613255
28/Jul/2026:14:19:42.174210 16ce98ff Range=bytes=413613256-413698894
28/Jul/2026:14:19:42.174237 e516f045 Range=bytes=409897558-410790284
28/Jul/2026:14:19:42.174265 c04a0426 Range=bytes=410790285-411687734
28/Jul/2026:14:19:42.174295 e6f71bf0 Range=bytes=411687735-412619640
28/Jul/2026:14:19:42.174323 fd4896b3 Range=bytes=412619641-413529452
28/Jul/2026:14:19:42.174350 5b447d47 Range=bytes=413698895-413892165
28/Jul/2026:14:19:42.174376 9fbce10e Range=bytes=413892166-414096607
28/Jul/2026:14:19:42.174402 7a76b2c7 Range=bytes=417722196-417817752
28/Jul/2026:14:19:42.174431 81507189 Range=bytes=417817753-417916780
28/Jul/2026:14:19:42.174459 5d33e195 Range=bytes=414096608-414984526
28/Jul/2026:14:19:42.174486 6cfed233 Range=bytes=414984527-415878393
28/Jul/2026:14:19:42.174513 dd74dc5c Range=bytes=415878394-416807682
28/Jul/2026:14:19:42.174541 2fb4cf1c Range=bytes=416807683-417722195
28/Jul/2026:14:19:42.174571 0aa89e9d Range=bytes=417916781-418097564
28/Jul/2026:14:19:42.174602 495f15b1 Range=bytes=418097565-418311418
28/Jul/2026:14:19:42.174630 11e92e2c Range=bytes=421916934-422028696
28/Jul/2026:14:19:42.174656 e8210b53 Range=bytes=422028697-422126700
28/Jul/2026:14:19:42.174684 777ff91a Range=bytes=418311419-419196885
28/Jul/2026:14:19:42.174714 3f199ac7 Range=bytes=419196886-420082652
28/Jul/2026:14:19:42.174740 7701d873 Range=bytes=420082653-421008297
28/Jul/2026:14:19:42.174766 18091cb6 Range=bytes=421008298-421916933
28/Jul/2026:14:19:42.174793 6073d0f4 Range=bytes=422126701-422315958
28/Jul/2026:14:19:42.174819 296966e4 Range=bytes=422315959-422482563
28/Jul/2026:14:19:42.174845 25f13c20 Range=bytes=426088927-426202027
28/Jul/2026:14:19:42.174871 6368ef25 Range=bytes=426202028-426301152
28/Jul/2026:14:19:42.174899 9383d02b Range=bytes=434701608-435608382
28/Jul/2026:14:19:42.174926 05c9a759 Range=bytes=435608383-436493582
28/Jul/2026:14:19:42.174952 fa7ff2c1 Range=bytes=436493583-437389647
28/Jul/2026:14:19:42.174978 af7edced Range=bytes=437389648-438290461
28/Jul/2026:14:19:42.175004 da1c7603 Range=bytes=438481285-438578454
28/Jul/2026:14:19:42.175032 08164572 Range=bytes=438578455-438672914
28/Jul/2026:14:19:42.175059 bd107b4d Range=bytes=442256569-442413724
28/Jul/2026:14:19:42.175087 178bdd89 Range=bytes=442413725-442564998
28/Jul/2026:14:19:42.175114 f9465415 Range=bytes=438672915-439565381
28/Jul/2026:14:19:42.175142 91ace0a8 Range=bytes=439569038-440451196
28/Jul/2026:14:19:42.175174 19a37a41 Range=bytes=440451197-441349145
28/Jul/2026:14:19:42.175200 ab602fbb Range=bytes=441349146-442256568
28/Jul/2026:14:19:42.175228 5a217c0b Range=bytes=442564999-442664491
28/Jul/2026:14:19:42.175255 61e84817 Range=bytes=442664492-442760520
28/Jul/2026:14:19:42.175283 8e5e3799 Range=bytes=446343269-446547542
28/Jul/2026:14:19:42.175310 61d5c804 Range=bytes=446547543-446689478
28/Jul/2026:14:19:42.175336 0fb4e73a Range=bytes=442760521-443657331
28/Jul/2026:14:19:42.175362 f7a72ce4 Range=bytes=443657332-444537942
28/Jul/2026:14:19:42.175387 6f041f60 Range=bytes=444537943-445445322
28/Jul/2026:14:19:42.175414 acbd706c Range=bytes=445445323-446343268
28/Jul/2026:14:19:42.175440 65f06b3b Range=bytes=446689479-446788888
28/Jul/2026:14:19:42.175467 1feae589 Range=bytes=446788889-446882870
28/Jul/2026:14:19:42.175495 c7c63a33 Range=bytes=450456773-450590285
28/Jul/2026:14:19:42.175522 8172aefc Range=bytes=450590286-450738054
28/Jul/2026:14:19:42.175549 a9e9bae4 Range=bytes=446882871-447774146
28/Jul/2026:14:19:42.175580 5a21c812 Range=bytes=447774147-448661458
28/Jul/2026:14:19:42.175607 0dc7c565 Range=bytes=448661459-449558010
28/Jul/2026:14:19:42.175632 d9b1d45c Range=bytes=449558011-450456772
28/Jul/2026:14:19:42.175659 7c7365a3 Range=bytes=450738055-450836344
28/Jul/2026:14:19:42.175686 9a47c3d6 Range=bytes=450836345-450930966
28/Jul/2026:14:19:42.175712 0b028612 Range=bytes=454542800-454652303
28/Jul/2026:14:19:42.175740 941129be Range=bytes=454652304-454740884
28/Jul/2026:14:19:42.175797 087487e9 Range=bytes=463302669-464183329
28/Jul/2026:14:19:42.175849 0fd93734 Range=bytes=464183330-465071913
28/Jul/2026:14:19:42.175901 b2560cec Range=bytes=465071914-466000761
28/Jul/2026:14:19:42.175934 50d69dc3 Range=bytes=466000762-466912682
28/Jul/2026:14:19:42.175997 5335a07e Range=bytes=467103933-467295865
28/Jul/2026:14:19:42.176029 e1e6eda0 Range=bytes=467295866-467516813
28/Jul/2026:14:19:42.176063 0aa3f92f Range=bytes=471132378-471238932
28/Jul/2026:14:19:42.176091 e5f35c00 Range=bytes=471238933-471326782
28/Jul/2026:14:19:42.176121 4ec65ae0 Range=bytes=467516814-468397469
28/Jul/2026:14:19:42.176151 903a18af Range=bytes=468397470-469287530
28/Jul/2026:14:19:42.176180 60c0284e Range=bytes=469291187-470216926
28/Jul/2026:14:19:42.176208 ad026a2e Range=bytes=470216927-471132377
28/Jul/2026:14:19:42.176236 655984af Range=bytes=471326783-471499488
28/Jul/2026:14:19:42.176264 ea2a7849 Range=bytes=471499489-471695438
28/Jul/2026:14:19:42.176292 86468365 Range=bytes=475291963-475400029
28/Jul/2026:14:19:42.176321 a9cf99fb Range=bytes=475400030-475499794
28/Jul/2026:14:19:42.176347 ecc19f2b Range=bytes=471695439-472580559
28/Jul/2026:14:19:42.176373 60088b92 Range=bytes=472580560-473463475
28/Jul/2026:14:19:42.176402 fdae6d94 Range=bytes=473463476-474388240
28/Jul/2026:14:19:42.176444 c8c3deb3 Range=bytes=474388241-475291962
28/Jul/2026:14:19:42.176492 9ac2a731 Range=bytes=475499795-475666335
28/Jul/2026:14:19:42.176526 1bfb8af4 Range=bytes=475666336-475861053
28/Jul/2026:14:19:42.176557 6d28d01a Range=bytes=479468963-479568919
28/Jul/2026:14:19:42.176587 d6e895f8 Range=bytes=479568920-479677042
28/Jul/2026:14:19:42.176616 ddefe6f3 Range=bytes=475861054-476764725
28/Jul/2026:14:19:42.176645 90aa9fca Range=bytes=476764726-477647971
28/Jul/2026:14:19:42.176673 9deaba5b Range=bytes=477647972-478566717
28/Jul/2026:14:19:42.176701 a524d2fd Range=bytes=478566718-479468962
28/Jul/2026:14:19:42.176728 2106ee09 Range=bytes=479677043-479803259
28/Jul/2026:14:19:42.176759 3e66c1f9 Range=bytes=479803260-479941552
28/Jul/2026:14:19:42.176786 594a3ea1 Range=bytes=483555320-483649408
28/Jul/2026:14:19:42.176813 e7491f9f Range=bytes=483649409-483749116
28/Jul/2026:14:19:42.209859 7a0ac69a Range=bytes=557197596-558093135
28/Jul/2026:14:19:42.209999 5545fe27 Range=bytes=558093136-558993544
28/Jul/2026:14:19:42.210046 e549aa0a Range=bytes=558993545-559923493
28/Jul/2026:14:19:42.210082 e600f3dc Range=bytes=559923494-560825433
28/Jul/2026:14:19:42.210117 efce75c2 Range=bytes=561010764-561223897
28/Jul/2026:14:19:42.210149 06ca8461 Range=bytes=561223898-561433958
28/Jul/2026:14:19:42.210180 9f2d3938 Range=bytes=565046874-565147166
28/Jul/2026:14:19:42.210209 4954c7c7 Range=bytes=565147167-565244005
28/Jul/2026:14:19:42.210240 87b62a00 Range=bytes=561433959-562307026
28/Jul/2026:14:19:42.210269 32b0f429 Range=bytes=562307027-563197505
28/Jul/2026:14:19:42.210298 dd2ee3bf Range=bytes=563197506-564130997
28/Jul/2026:14:19:42.210328 f6ee7c26 Range=bytes=564130998-565046873
28/Jul/2026:14:19:42.210356 cb6c6725 Range=bytes=565244006-565446215
28/Jul/2026:14:19:42.210385 a4b63600 Range=bytes=565446216-565662707
28/Jul/2026:14:19:42.210413 89e72c91 Range=bytes=569265183-569370811
28/Jul/2026:14:19:42.210448 b83a1e67 Range=bytes=569370812-569475465
28/Jul/2026:14:19:42.210701 45cb2519 Range=bytes=565662708-566543610
28/Jul/2026:14:19:42.210776 d442beb7 Range=bytes=566543611-567430106
28/Jul/2026:14:19:42.210819 58f90a8c Range=bytes=567430107-568354229
28/Jul/2026:14:19:42.210854 3c8d3caf Range=bytes=568354230-569265182
28/Jul/2026:14:19:42.210890 4efc5c89 Range=bytes=569475466-569653345
28/Jul/2026:14:19:42.210922 bb204d35 Range=bytes=569653346-569832356
28/Jul/2026:14:19:42.210952 9ea4f0bc Range=bytes=573433341-573539383
28/Jul/2026:14:19:42.210981 e9de3532 Range=bytes=573539384-573644370
28/Jul/2026:14:19:42.211014 e0adc61f Range=bytes=569832357-570733180
28/Jul/2026:14:19:42.211044 6db110ea Range=bytes=570733181-571623486
28/Jul/2026:14:19:42.211074 171f33fb Range=bytes=571623487-572526863
28/Jul/2026:14:19:42.211103 9a3d3502 Range=bytes=572526864-573433340
28/Jul/2026:14:19:42.211131 693c3d93 Range=bytes=573644371-573813792
28/Jul/2026:14:19:42.211160 93208ffa Range=bytes=573813793-574007590
28/Jul/2026:14:19:42.211211 f18737d7 Range=bytes=577614166-577712977
28/Jul/2026:14:19:42.211242 62c51c27 Range=bytes=577712978-577821803
28/Jul/2026:14:19:42.212112 8b2bc7c6 Range=bytes=647169189-648066373
28/Jul/2026:14:19:42.212186 4f37339c Range=bytes=648066374-648964501
28/Jul/2026:14:19:42.212232 6f085175 Range=bytes=648964502-649882760
28/Jul/2026:14:19:42.212267 fe4cf3ee Range=bytes=649882761-650790070
28/Jul/2026:14:19:42.212302 06efeaaf Range=bytes=651027138-651124890
28/Jul/2026:14:19:42.212334 e4ecdbe4 Range=bytes=651124891-651228523
28/Jul/2026:14:19:42.212394 77dce9ef Range=bytes=654838511-654922995
28/Jul/2026:14:19:42.212435 17e641aa Range=bytes=654922996-655003102
28/Jul/2026:14:19:42.212468 e9fce563 Range=bytes=651228524-652133222
28/Jul/2026:14:19:42.212500 0f6ff280 Range=bytes=652133223-653029732
28/Jul/2026:14:19:42.212529 a11e6185 Range=bytes=653029733-653951200
28/Jul/2026:14:19:42.212559 5f1cca94 Range=bytes=653951201-654838510
28/Jul/2026:14:19:42.212590 e038530b Range=bytes=655003103-655192748
28/Jul/2026:14:19:42.212618 e5d6c560 Range=bytes=655192749-655357470
28/Jul/2026:14:19:42.212649 467a247e Range=bytes=658970860-659067521
28/Jul/2026:14:19:42.212678 8456a17b Range=bytes=659067522-659151289
28/Jul/2026:14:19:42.212707 e2f5d396 Range=bytes=655357471-656251227
28/Jul/2026:14:19:42.212735 9c45364c Range=bytes=656251228-657145332
28/Jul/2026:14:19:42.212763 1824544d Range=bytes=657145333-658069610
28/Jul/2026:14:19:42.212792 c58ca251 Range=bytes=658069611-658970859
28/Jul/2026:14:19:42.212822 814039b3 Range=bytes=659151290-659347481
28/Jul/2026:14:19:42.212850 eccc44ac Range=bytes=659347482-659554981
28/Jul/2026:14:19:42.212877 adbbb765 Range=bytes=663160013-663256945
28/Jul/2026:14:19:42.212903 cd75115e Range=bytes=663256946-663352984
28/Jul/2026:14:19:42.212933 54cd1c07 Range=bytes=659554982-660448532
28/Jul/2026:14:19:42.212960 91c77d63 Range=bytes=660448533-661337988
28/Jul/2026:14:19:42.213021 fecaaaac Range=bytes=661337989-662250191
28/Jul/2026:14:19:42.213051 dffff61a Range=bytes=662250192-663160012
28/Jul/2026:14:19:42.213079 a41668bc Range=bytes=663352985-663542636
28/Jul/2026:14:19:42.213125 28555ebd Range=bytes=663542637-663756105
28/Jul/2026:14:19:42.213165 2a1893df Range=bytes=667343056-667458091
28/Jul/2026:14:19:42.213197 0ddba722 Range=bytes=667458092-667553314
28/Jul/2026:14:19:42.213821 f0e484a9 Range=bytes=672069899-672976450
28/Jul/2026:14:19:42.214015 d8d940b9 Range=bytes=672980107-673860197
28/Jul/2026:14:19:42.214162 57a4ac02 Range=bytes=673860198-674744882
28/Jul/2026:14:19:42.214335 5fe45daf Range=bytes=674744883-675646302
28/Jul/2026:14:19:42.214448 bcac89eb Range=bytes=675858113-675948804
28/Jul/2026:14:19:42.214558 a24986bb Range=bytes=675948805-676058941
28/Jul/2026:14:19:42.214632 ef9c8552 Range=bytes=679660475-679755420
28/Jul/2026:14:19:42.214712 6adaf640 Range=bytes=679755421-679854015
28/Jul/2026:14:19:42.214753 b8b5ddfa Range=bytes=676058942-676969141
28/Jul/2026:14:19:42.214884 385eb14e Range=bytes=676969142-677850779
28/Jul/2026:14:19:42.214980 19e5128a Range=bytes=677850780-678759562
28/Jul/2026:14:19:42.215042 95441c66 Range=bytes=678759563-679660474
28/Jul/2026:14:19:42.215089 872175ea Range=bytes=679854016-679940509
28/Jul/2026:14:19:42.215127 f27f822c Range=bytes=679940510-680029408
28/Jul/2026:14:19:42.215164 d6885af8 Range=bytes=683585728-683675932
28/Jul/2026:14:19:42.215196 5dcc03b8 Range=bytes=683675933-683774342
28/Jul/2026:14:19:42.215225 608c8887 Range=bytes=680029409-680927022
28/Jul/2026:14:19:42.215257 e922a39c Range=bytes=680927023-681795884
28/Jul/2026:14:19:42.215308 ef8c7ecc Range=bytes=681795885-682697995
28/Jul/2026:14:19:42.215384 36e1e31c Range=bytes=682697996-683585727
28/Jul/2026:14:19:42.215423 e1daa1f5 Range=bytes=683774343-683870731
28/Jul/2026:14:19:42.215455 8f2d4f65 Range=bytes=683870732-683956835
28/Jul/2026:14:19:42.215491 d5be0a61 Range=bytes=687528236-687609819
28/Jul/2026:14:19:42.215522 b81d261d Range=bytes=687609820-687686345
28/Jul/2026:14:19:42.215552 52e4bd8e Range=bytes=683956836-684851507
28/Jul/2026:14:19:42.215696 0f40d5e2 Range=bytes=684851508-685734459
28/Jul/2026:14:19:42.215734 8f015512 Range=bytes=685734460-686626394
28/Jul/2026:14:19:42.215764 324bd519 Range=bytes=686626395-687528235
28/Jul/2026:14:19:42.215797 ae40620b Range=bytes=687686346-687786994
28/Jul/2026:14:19:42.215827 c3de4526 Range=bytes=687786995-687880296
28/Jul/2026:14:19:42.215856 8f404037 Range=bytes=691438027-691600608
28/Jul/2026:14:19:42.215887 56b8ba10 Range=bytes=691600609-691750300
28/Jul/2026:14:19:42.247990 c5cca1a2 Range=bytes=11975124-12870473 Recieved
28/Jul/2026:14:19:42.294867 5e145c2b Range=bytes=32136928-32236123 Recieved
28/Jul/2026:14:19:42.294911 8d84d89c Range=bytes=145507303-145585440 Recieved
28/Jul/2026:14:19:42.294930 c916d470 Range=bytes=116739249-116816907 Recieved
28/Jul/2026:14:19:42.294988 a5fbc909 Range=bytes=116816908-116895549 Recieved
28/Jul/2026:14:19:42.295037 f4322ef9 Range=bytes=141819095-141917244 Recieved
28/Jul/2026:14:19:42.295072 9fb853e5 Range=bytes=133768879-133955355 Recieved
28/Jul/2026:14:19:42.295092 d74bd1e0 Range=bytes=145585441-145671251 Recieved
28/Jul/2026:14:19:42.295236 c65da182 Range=bytes=190521429-190616079 Recieved
28/Jul/2026:14:19:42.295995 e5934019 Range=bytes=105062264-105164289 Recieved
28/Jul/2026:14:19:42.296095 c9b82551 Range=bytes=24032814-24234184 Recieved
28/Jul/2026:14:19:42.306263 63f8b8ac Range=bytes=23833273-24032813 Recieved
28/Jul/2026:14:19:42.335107 9602b80b Range=bytes=194391280-194483396 Recieved
28/Jul/2026:14:19:42.339920 23cabec4 Range=bytes=190616080-190706826 Recieved
28/Jul/2026:14:19:42.343264 65cf9865 Range=bytes=198316801-198387229 Recieved
28/Jul/2026:14:19:42.344512 ea89b35a Range=bytes=198243867-198316800 Recieved
28/Jul/2026:14:19:42.347021 487c0b03 Range=bytes=194301901-194391279 Recieved
28/Jul/2026:14:19:42.365603 bece62c0 Range=bytes=112758631-112848799 Recieved
28/Jul/2026:14:19:42.369730 75084608 Range=bytes=112848800-112934026 Recieved
28/Jul/2026:14:19:42.370794 7b570ab6 Range=bytes=137658425-137758749 Recieved
28/Jul/2026:14:19:42.373704 6348df2b Range=bytes=108774692-108881570 Recieved
28/Jul/2026:14:19:42.374379 c2819038 Range=bytes=109060685-109160291 Recieved
28/Jul/2026:14:19:42.375384 87ff3ed2 Range=bytes=194581781-194669977 Recieved
28/Jul/2026:14:19:42.375575 99e92929 Range=bytes=19624248-19703507 Recieved
28/Jul/2026:14:19:42.381628 ff9be6c1 Range=bytes=198387230-198481386 Recieved
28/Jul/2026:14:19:42.382628 15b8e7a6 Range=bytes=141544733-141634968 Recieved
28/Jul/2026:14:19:42.383092 0aba51d7 Range=bytes=117075559-117223897 Recieved
28/Jul/2026:14:19:42.383913 5a5126c9 Range=bytes=27856488-27948609 Recieved
28/Jul/2026:14:19:42.384921 c0f6d74f Range=bytes=141634969-141731596 Recieved
28/Jul/2026:14:19:42.392371 df958924 Range=bytes=32038768-32136927 Recieved
28/Jul/2026:14:19:42.392541 f345e57c Range=bytes=108881571-108956846 Recieved
28/Jul/2026:14:19:42.399822 abe063a4 Range=bytes=108956847-109060684 Recieved
28/Jul/2026:14:19:42.400708 3d69eb7a Range=bytes=145671252-145765176 Recieved
28/Jul/2026:14:19:42.402400 303f9303 Range=bytes=137856974-137941086 Recieved
28/Jul/2026:14:19:42.404098 c6dd32f6 Range=bytes=149423177-149514088 Recieved
28/Jul/2026:14:19:42.405551 2c70bfc2 Range=bytes=113023754-113121790 Recieved
28/Jul/2026:14:19:42.417026 77eea3dc Range=bytes=202289493-202391545 Recieved
28/Jul/2026:14:19:42.419043 21d63e3a Range=bytes=198481387-198570717 Recieved
28/Jul/2026:14:19:42.425639 d7648332 Range=bytes=27948610-28040342 Recieved
28/Jul/2026:14:19:42.426690 b456427e Range=bytes=19546918-19624247 Recieved
28/Jul/2026:14:19:42.427733 93c82760 Range=bytes=19703508-19848010 Recieved
28/Jul/2026:14:19:42.428511 6111a708 Range=bytes=137561855-137658424 Recieved
28/Jul/2026:14:19:42.432854 46bca5e6 Range=bytes=141917245-142819882 Recieved
28/Jul/2026:14:19:42.434936 e5e16f5c Range=bytes=206066378-206141118 Recieved
28/Jul/2026:14:19:42.435863 17b0c1a7 Range=bytes=134855394-135741531 Recieved
28/Jul/2026:14:19:42.441208 95290db2 Range=bytes=136661145-137561854 Recieved
28/Jul/2026:14:19:42.441400 4ca564a9 Range=bytes=113121791-114026306 Recieved
28/Jul/2026:14:19:42.444139 3e549bd3 Range=bytes=112934027-113023753 Recieved
28/Jul/2026:14:19:42.445915 7aba3ec1 Range=bytes=206141119-206207459 Recieved
28/Jul/2026:14:19:42.451814 012522a6 Range=bytes=149514089-149597325 Recieved
28/Jul/2026:14:19:42.456319 55eec73c Range=bytes=226421795-226522244 Recieved
28/Jul/2026:14:19:42.456681 98e09833 Range=bytes=15826721-15930431 Recieved
28/Jul/2026:14:19:42.456744 c41985a2 Range=bytes=104958942-105062263 Recieved
28/Jul/2026:14:19:42.458902 0a84a192 Range=bytes=145765177-145855643 Recieved
28/Jul/2026:14:19:42.461075 c14d3e97 Range=bytes=202210892-202289492 Recieved
28/Jul/2026:14:19:42.464061 b0f67c05 Range=bytes=202391546-202490488 Recieved
28/Jul/2026:14:19:42.470114 1a59c1e0 Range=bytes=202135189-202210891 Recieved
28/Jul/2026:14:19:42.471311 7753187d Range=bytes=230599640-230710874 Recieved
28/Jul/2026:14:19:42.478247 3e41664f Range=bytes=141731597-141819094 Recieved
28/Jul/2026:14:19:42.482568 aa4e1551 Range=bytes=222249683-222339354 Recieved
28/Jul/2026:14:19:42.490274 f190b18f Range=bytes=133596015-133768878 Recieved
28/Jul/2026:14:19:42.490462 293a67b8 Range=bytes=120847528-120932588 Recieved
28/Jul/2026:14:19:42.495739 05dc978f Range=bytes=230973920-231144478 Recieved
28/Jul/2026:14:19:42.495907 9f8aa80c Range=bytes=226522245-226620042 Recieved
28/Jul/2026:14:19:42.497357 c6d9c3df Range=bytes=144608064-145507302 Recieved
28/Jul/2026:14:19:42.497640 a0f74c4f Range=bytes=15733140-15826720 Recieved
28/Jul/2026:14:19:42.517530 b7f0efbb Range=bytes=115845253-116739248 Recieved
28/Jul/2026:14:19:42.518026 3f2d77be Range=bytes=133955356-134855393 Recieved
28/Jul/2026:14:19:42.522871 6bc0ebc7 Range=bytes=106946312-107864873 Recieved
28/Jul/2026:14:19:42.523194 d7f956c6 Range=bytes=23748272-23833272 Recieved
28/Jul/2026:14:19:42.526310 60fa7a36 Range=bytes=116895550-117075558 Recieved
28/Jul/2026:14:19:42.529303 58908067 Range=bytes=222339355-222425936 Recieved
28/Jul/2026:14:19:42.530808 04bce22a Range=bytes=23662341-23748271 Recieved
28/Jul/2026:14:19:42.531140 a5d09c61 Range=bytes=246877762-246978778 Recieved
28/Jul/2026:14:19:42.536297 8f11cd2c Range=bytes=114924634-115845252 Recieved
28/Jul/2026:14:19:42.548764 050e1c07 Range=bytes=230710875-230812357 Recieved
28/Jul/2026:14:19:42.552336 d95d6a95 Range=bytes=28228336-28434926 Recieved
28/Jul/2026:14:19:42.559558 b43f168e Range=bytes=218212016-218398594 Recieved
28/Jul/2026:14:19:42.565517 f82ef27d Range=bytes=251053473-251149835 Recieved
28/Jul/2026:14:19:42.568168 bf50672e Range=bytes=250632731-250784207 Recieved
28/Jul/2026:14:19:42.568512 de257c9b Range=bytes=250784208-250950560 Recieved
28/Jul/2026:14:19:42.569065 94262553 Range=bytes=234745544-234844686 Recieved
28/Jul/2026:14:19:42.575566 1a69be73 Range=bytes=226620043-226801955 Recieved
28/Jul/2026:14:19:42.576063 844c0ea9 Range=bytes=246978779-247076166 Recieved
28/Jul/2026:14:19:42.577095 5e32adab Range=bytes=15930432-16834770 Recieved
28/Jul/2026:14:19:42.585793 f977c328 Range=bytes=222425937-222613730 Recieved
28/Jul/2026:14:19:42.586711 b3fc6daf Range=bytes=254723841-254852526 Recieved
28/Jul/2026:14:19:42.590479 781abd9b Range=bytes=226801956-227000490 Recieved
28/Jul/2026:14:19:42.597325 fa8970de Range=bytes=194483397-194581780 Recieved
28/Jul/2026:14:19:42.603570 0bc1b917 Range=bytes=230812358-230973919 Recieved
28/Jul/2026:14:19:42.608464 54fffd52 Range=bytes=254852527-254937026 Recieved
28/Jul/2026:14:19:42.610005 3dd6bdef Range=bytes=19848011-20032816 Recieved
28/Jul/2026:14:19:42.611493 6fef76e7 Range=bytes=218398595-218621076 Recieved
28/Jul/2026:14:19:42.612822 d3097916 Range=bytes=254937027-255036590 Recieved
28/Jul/2026:14:19:42.615032 09730ec3 Range=bytes=143703950-144608063 Recieved
28/Jul/2026:14:19:42.619042 1d7bc46f Range=bytes=137758750-137856973 Recieved
28/Jul/2026:14:19:42.639139 c9c45048 Range=bytes=258746982-258854694 Recieved
28/Jul/2026:14:19:42.639925 c32a3408 Range=bytes=258854695-258943323 Recieved
28/Jul/2026:14:19:42.644758 44e8fe2d Range=bytes=255036591-255137808 Recieved
28/Jul/2026:14:19:42.647956 5cf73243 Range=bytes=258943324-259039678 Recieved
28/Jul/2026:14:19:42.650779 a45f1fc4 Range=bytes=222613731-222817249 Recieved
28/Jul/2026:14:19:42.658108 cb80c667 Range=bytes=262764448-262842984 Recieved
28/Jul/2026:14:19:42.659993 944fc203 Range=bytes=250950561-251053472 Recieved
28/Jul/2026:14:19:42.662465 7a7c0cb3 Range=bytes=259039679-259142262 Recieved
28/Jul/2026:14:19:42.677426 c3fb3efe Range=bytes=28040343-28228335 Recieved
28/Jul/2026:14:19:42.679617 9bcff7e4 Range=bytes=328561211-328660518 Recieved
28/Jul/2026:14:19:42.684249 25d60e5b Range=bytes=262842985-262922243 Recieved
28/Jul/2026:14:19:42.696749 08f158b3 Range=bytes=120932589-121020335 Recieved
28/Jul/2026:14:19:42.711874 da6a9c76 Range=bytes=328837696-328995603 Recieved
28/Jul/2026:14:19:42.732604 95e945bd Range=bytes=324468075-324655798 Recieved
28/Jul/2026:14:19:42.745754 b356cc5f Range=bytes=328449166-328561210 Recieved
28/Jul/2026:14:19:42.752021 3771bbca Range=bytes=332596750-332696830 Recieved
28/Jul/2026:14:19:42.773644 c5376d9d Range=bytes=324655799-324853181 Recieved
28/Jul/2026:14:19:42.777529 ac7fd683 Range=bytes=328660519-328837695 Recieved
28/Jul/2026:14:19:42.793604 86bb2f36 Range=bytes=332696831-332798845 Recieved
28/Jul/2026:14:19:42.806728 09df4163 Range=bytes=234844687-234959608 Recieved
28/Jul/2026:14:19:42.814885 fcebf208 Range=bytes=25131851-26021337 Recieved
28/Jul/2026:14:19:42.816086 112fdd6e Range=bytes=332798846-332900129 Recieved
28/Jul/2026:14:19:42.824158 06926002 Range=bytes=332900130-333004364 Recieved
28/Jul/2026:14:19:42.828829 c5bff42b Range=bytes=129793216-130690294 Recieved
28/Jul/2026:14:19:42.839794 58e421d3 Range=bytes=109160292-110057072 Recieved
28/Jul/2026:14:19:42.846051 3c0cacd1 Range=bytes=336613849-336701983 Recieved
28/Jul/2026:14:19:42.865450 c1c2a01e Range=bytes=336701984-336799860 Recieved
28/Jul/2026:14:19:42.871656 80125c0d Range=bytes=336799861-336888541 Recieved
28/Jul/2026:14:19:42.872770 af3460b9 Range=bytes=131568699-132484979 Recieved
28/Jul/2026:14:19:42.894190 224a4f69 Range=bytes=336888542-336987888 Recieved
28/Jul/2026:14:19:42.898768 92b2c81c Range=bytes=340630874-340716860 Recieved
28/Jul/2026:14:19:42.908145 bb5f0636 Range=bytes=101996756-102885289 Recieved
28/Jul/2026:14:19:42.913619 a89ed046 Range=bytes=340549458-340630873 Recieved
28/Jul/2026:14:19:42.950213 d1d88f3a Range=bytes=197345470-198243866 Recieved
28/Jul/2026:14:19:42.951711 e28aef2c Range=bytes=195569362-196458496 Recieved
28/Jul/2026:14:19:42.953474 8e55d980 Range=bytes=222817250-223703489 Recieved
28/Jul/2026:14:19:42.970137 6c64c31c Range=bytes=348693026-348791390 Recieved
28/Jul/2026:14:19:42.979377 410e90e2 Range=bytes=224582647-225508888 Recieved
28/Jul/2026:14:19:42.982867 41752681 Range=bytes=223703490-224582646 Recieved
28/Jul/2026:14:19:42.983904 af112fc2 Range=bytes=348791391-348883624 Recieved
28/Jul/2026:14:19:42.990589 19faf597 Range=bytes=18648160-19546917 Recieved
28/Jul/2026:14:19:42.991887 ed0c40d8 Range=bytes=196458497-197345469 Recieved
28/Jul/2026:14:19:42.998654 f5e7fbd9 Range=bytes=352605182-352749358 Recieved
28/Jul/2026:14:19:43.001236 04cf0165 Range=bytes=16834771-17733156 Recieved
28/Jul/2026:14:19:43.010152 c638755c Range=bytes=191620225-192509922 Recieved
28/Jul/2026:14:19:43.020102 a92c16d0 Range=bytes=218621077-219512660 Recieved
28/Jul/2026:14:19:43.038539 c07d1cd9 Range=bytes=194669978-195569361 Recieved
28/Jul/2026:14:19:43.045171 a2a80512 Range=bytes=352468866-352605181 Recieved
28/Jul/2026:14:19:43.053876 80c90aff Range=bytes=356564852-356699354 Recieved
28/Jul/2026:14:19:43.058792 5b08dfbd Range=bytes=352849588-352948511 Recieved
28/Jul/2026:14:19:43.065276 c16355f9 Range=bytes=102885290-103782301 Recieved
28/Jul/2026:14:19:43.069832 6fdfc51e Range=bytes=335712585-336613848 Recieved
28/Jul/2026:14:19:43.073562 01319943 Range=bytes=17733157-18648159 Recieved
28/Jul/2026:14:19:43.086485 c91787a3 Range=bytes=356699355-356813978 Recieved
28/Jul/2026:14:19:43.087544 b23621cd Range=bytes=193413919-194301900 Recieved
28/Jul/2026:14:19:43.088399 a22f8471 Range=bytes=130690295-131568698 Recieved
28/Jul/2026:14:19:43.093194 f66de70a Range=bytes=107864874-108774691 Recieved
28/Jul/2026:14:19:43.098768 2b716b6c Range=bytes=12870474-13766804 Recieved
28/Jul/2026:14:19:43.100820 e157322d Range=bytes=142819883-143703949 Recieved
28/Jul/2026:14:19:43.102732 94428b96 Range=bytes=217140566-218048429 Recieved
28/Jul/2026:14:19:43.103899 c5e130db Range=bytes=137941087-138851284 Recieved
28/Jul/2026:14:19:43.107765 973fb297 Range=bytes=192509923-193413918 Recieved
28/Jul/2026:14:19:43.111579 d52a95f8 Range=bytes=111862688-112758630 Recieved
28/Jul/2026:14:19:43.113443 c1b7d3c1 Range=bytes=360738147-360814686 Recieved
28/Jul/2026:14:19:43.118753 c2a9b02b Range=bytes=328995604-329887365 Recieved
28/Jul/2026:14:19:43.120486 c155af8f Range=bytes=356813979-356907188 Recieved
28/Jul/2026:14:19:43.127332 2bffb64d Range=bytes=190706827-191620224 Recieved
28/Jul/2026:14:19:43.129817 5b5c69fc Range=bytes=360638263-360738146 Recieved
28/Jul/2026:14:19:43.135608 cfc034f3 Range=bytes=356907189-357003731 Recieved
28/Jul/2026:14:19:43.136585 60a76e62 Range=bytes=221333954-222249682 Recieved
28/Jul/2026:14:19:43.143342 030a1f4d Range=bytes=364873419-364951443 Recieved
28/Jul/2026:14:19:43.146030 aacdf412 Range=bytes=364786456-364873418 Recieved
28/Jul/2026:14:19:43.146558 a74ee60a Range=bytes=324853182-325737834 Recieved
28/Jul/2026:14:19:43.152054 187d9b41 Range=bytes=201239513-202135188 Recieved
28/Jul/2026:14:19:43.153156 209cd0b7 Range=bytes=381723900-381803305 Recieved
28/Jul/2026:14:19:43.163246 c141b798 Range=bytes=200345843-201239512 Recieved
28/Jul/2026:14:19:43.172155 d54aff7e Range=bytes=334804947-335712584 Recieved
28/Jul/2026:14:19:43.173426 ef3d4d6b Range=bytes=101109647-101996755 Recieved
28/Jul/2026:14:19:43.175356 eac64208 Range=bytes=138851285-139737971 Recieved
28/Jul/2026:14:19:43.183922 5fe814b1 Range=bytes=389466135-389551735 Recieved
28/Jul/2026:14:19:43.185858 a52d26cb Range=bytes=385701538-385780323 Recieved
28/Jul/2026:14:19:43.188378 037fd63c Range=bytes=385600052-385701537 Recieved
28/Jul/2026:14:19:43.193729 e549859b Range=bytes=199462268-200345842 Recieved
28/Jul/2026:14:19:43.193872 acb61907 Range=bytes=389551736-389641700 Recieved
28/Jul/2026:14:19:43.195446 ff66ab03 Range=bytes=385509523-385600051 Recieved
28/Jul/2026:14:19:43.200836 725d1cef Range=bytes=320668843-321553734 Recieved
28/Jul/2026:14:19:43.208144 0b6c43fd Range=bytes=381806962-381914446 Recieved
28/Jul/2026:14:19:43.209862 c15bc9bb Range=bytes=198570718-199462267 Recieved
28/Jul/2026:14:19:43.210957 c5ea3ae6 Range=bytes=247076167-247957532 Recieved
28/Jul/2026:14:19:43.213504 456a9919 Range=bytes=385780324-385865750 Recieved
28/Jul/2026:14:19:43.218273 fa11c59d Range=bytes=244835071-245732602 Recieved
28/Jul/2026:14:19:43.226730 a70d34dd Range=bytes=393478533-393564246 Recieved
28/Jul/2026:14:19:43.226921 4c1786ab Range=bytes=245732603-246620475 Recieved
28/Jul/2026:14:19:43.227957 a5302234 Range=bytes=389641701-389731350 Recieved
28/Jul/2026:14:19:43.228856 7fd112fe Range=bytes=257841227-258746981 Recieved
28/Jul/2026:14:19:43.231625 b1b8d7c8 Range=bytes=106057567-106946311 Recieved
28/Jul/2026:14:19:43.231768 743259c2 Range=bytes=389731351-389820653 Recieved
28/Jul/2026:14:19:43.233432 07137347 Range=bytes=215318827-216215808 Recieved
28/Jul/2026:14:19:43.245960 4523168b Range=bytes=393391276-393478532 Recieved
28/Jul/2026:14:19:43.248434 ab33c795 Range=bytes=187637231-188519625 Recieved
28/Jul/2026:14:19:43.251594 be354efa Range=bytes=397270077-397470084 Recieved
28/Jul/2026:14:19:43.255784 0d13b1d7 Range=bytes=360987593-361173208 Recieved
28/Jul/2026:14:19:43.259415 425a5e29 Range=bytes=216215809-217140565 Recieved
28/Jul/2026:14:19:43.269516 603b0522 Range=bytes=393661501-393747917 Recieved
28/Jul/2026:14:19:43.270049 f4e82d60 Range=bytes=327540732-328449165 Recieved
28/Jul/2026:14:19:43.270814 66393a79 Range=bytes=103782302-104682993 Recieved
28/Jul/2026:14:19:43.277248 0755d021 Range=bytes=393564247-393661500 Recieved
28/Jul/2026:14:19:43.278441 360fcd51 Range=bytes=397470085-397604781 Recieved
28/Jul/2026:14:19:43.282895 5ce934ec Range=bytes=325737835-326623523 Recieved
28/Jul/2026:14:19:43.285515 d340163c Range=bytes=20032817-20940272 Recieved
28/Jul/2026:14:19:43.287487 a2170e58 Range=bytes=220406321-221333953 Recieved
28/Jul/2026:14:19:43.287913 ae3fcfd2 Range=bytes=413529453-413613255 Recieved
28/Jul/2026:14:19:43.287972 ca280fd6 Range=bytes=352753015-352849587 Recieved
28/Jul/2026:14:19:43.288614 797ce67c Range=bytes=219512661-220406320 Recieved
28/Jul/2026:14:19:43.289983 68a37186 Range=bytes=110958631-111862687 Recieved
28/Jul/2026:14:19:43.293045 48a8534a Range=bytes=114026307-114924633 Recieved
28/Jul/2026:14:19:43.293390 ed7866f9 Range=bytes=132484980-133389993 Recieved
28/Jul/2026:14:19:43.293543 da115e95 Range=bytes=229689337-230599639 Recieved
28/Jul/2026:14:19:43.296531 ac2ab5a6 Range=bytes=344856648-345750897 Recieved
28/Jul/2026:14:19:43.325505 4dcfa00c Range=bytes=252035495-252924192 Recieved
28/Jul/2026:14:19:43.325775 e1473d9c Range=bytes=243060073-243950234 Recieved
28/Jul/2026:14:19:43.328800 16ce98ff Range=bytes=413613256-413698894 Recieved
28/Jul/2026:14:19:43.329080 2b3b9b82 Range=bytes=256033693-256930902 Recieved
28/Jul/2026:14:19:43.330636 81507189 Range=bytes=417817753-417916780 Recieved
28/Jul/2026:14:19:43.333773 5e30671b Range=bytes=26949705-27856487 Recieved
28/Jul/2026:14:19:43.336135 1b51c4e2 Range=bytes=105164290-106057566 Recieved
28/Jul/2026:14:19:43.336854 199b11ed Range=bytes=409511670-409696329 Recieved
28/Jul/2026:14:19:43.339106 9fc19f29 Range=bytes=247957533-248837276 Recieved
28/Jul/2026:14:19:43.339316 3aae42c2 Range=bytes=409696330-409893901 Recieved
28/Jul/2026:14:19:43.345433 a0717976 Range=bytes=188519626-189422253 Recieved
28/Jul/2026:14:19:43.348364 74b7f2e2 Range=bytes=228771174-229689336 Recieved
28/Jul/2026:14:19:43.349634 7a76b2c7 Range=bytes=417722196-417817752 Recieved
28/Jul/2026:14:19:43.350051 1e972f69 Range=bytes=214424172-215318826 Recieved
28/Jul/2026:14:19:43.351066 af7bcce2 Range=bytes=189422254-190320566 Recieved
28/Jul/2026:14:19:43.355477 ea43fdce Range=bytes=249736122-250632730 Recieved
28/Jul/2026:14:19:43.358788 60a23e96 Range=bytes=110057073-110958630 Recieved
28/Jul/2026:14:19:43.365963 3a8c0dc2 Range=bytes=322428762-323341433 Recieved
28/Jul/2026:14:19:43.376091 e8210b53 Range=bytes=422028697-422126700 Recieved
28/Jul/2026:14:19:43.380059 7afd22bd Range=bytes=243950235-244835070 Recieved
28/Jul/2026:14:19:43.380365 e498ed36 Range=bytes=252924193-253823465 Recieved
28/Jul/2026:14:19:43.382771 5b447d47 Range=bytes=413698895-413892165 Recieved
28/Jul/2026:14:19:43.384923 11e92e2c Range=bytes=421916934-422028696 Recieved
28/Jul/2026:14:19:43.391564 f716576e Range=bytes=26021338-26949704 Recieved
28/Jul/2026:14:19:43.392457 da1c7603 Range=bytes=438481285-438578454 Recieved
28/Jul/2026:14:19:43.396777 5f90319c Range=bytes=256930903-257841226 Recieved
28/Jul/2026:14:19:43.397054 bd245bac Range=bytes=21836259-22760621 Recieved
28/Jul/2026:14:19:43.398378 0f16ea3c Range=bytes=13766805-14670925 Recieved
28/Jul/2026:14:19:43.399355 48af259a Range=bytes=345750898-346640078 Recieved
28/Jul/2026:14:19:43.399809 08164572 Range=bytes=438578455-438672914 Recieved
28/Jul/2026:14:19:43.404730 6368ef25 Range=bytes=426202028-426301152 Recieved
28/Jul/2026:14:19:43.424047 25f13c20 Range=bytes=426088927-426202027 Recieved
28/Jul/2026:14:19:43.426346 495f15b1 Range=bytes=418097565-418311418 Recieved
28/Jul/2026:14:19:43.428396 9418ea62 Range=bytes=251149836-252035494 Recieved
Thread for range[25,29] completed | Latency: 1.2959s 
28/Jul/2026:14:19:43.435389 d97c7a98 Range=bytes=716889748-717771845
28/Jul/2026:14:19:43.435480 8be35c8a Range=bytes=717771846-718653541
28/Jul/2026:14:19:43.435526 8d5799ca Range=bytes=718653542-719579416
28/Jul/2026:14:19:43.435573 1860f01a Range=bytes=719579417-720489990
28/Jul/2026:14:19:43.435611 c2bf82d5 Range=bytes=720699574-720866020
28/Jul/2026:14:19:43.435644 697cd3d2 Range=bytes=720866021-721043832
28/Jul/2026:14:19:43.435673 e107bb32 Range=bytes=724664423-724764463
28/Jul/2026:14:19:43.435707 2f850b1e Range=bytes=724764464-724874257
28/Jul/2026:14:19:43.435746 d9059cd4 Range=bytes=721043833-721944039
28/Jul/2026:14:19:43.435784 d407fc29 Range=bytes=721944040-722831132
28/Jul/2026:14:19:43.435818 543f545a Range=bytes=722831133-723754923
28/Jul/2026:14:19:43.435848 61d289a0 Range=bytes=723754924-724664422
28/Jul/2026:14:19:43.435887 ef2f69a3 Range=bytes=724874258-725031292
28/Jul/2026:14:19:43.435923 af0bded2 Range=bytes=725031293-725184091
28/Jul/2026:14:19:43.435955 08ae98e6 Range=bytes=728797327-728892940
28/Jul/2026:14:19:43.435988 8a8d079a Range=bytes=728892941-729006661
28/Jul/2026:14:19:43.436020 9ebd86e5 Range=bytes=725184092-726088638
28/Jul/2026:14:19:43.436055 941f9adb Range=bytes=726088639-726983856
28/Jul/2026:14:19:43.436104 e23d4cb6 Range=bytes=726983857-727894482
28/Jul/2026:14:19:43.436173 eaf95202 Range=bytes=727894483-728797326
28/Jul/2026:14:19:43.436223 4b4d5e1b Range=bytes=729006662-729104087
28/Jul/2026:14:19:43.436295 dc8b173d Range=bytes=729104088-729196943
28/Jul/2026:14:19:43.436358 14558d84 Range=bytes=732795988-732885009
28/Jul/2026:14:19:43.436439 c2b91374 Range=bytes=732885010-732982525
28/Jul/2026:14:19:43.436479 f0174d2b Range=bytes=729196944-730098288
28/Jul/2026:14:19:43.436519 d3af1240 Range=bytes=730098289-730986407
28/Jul/2026:14:19:43.436572 9d3b8ac6 Range=bytes=730986408-731893617
28/Jul/2026:14:19:43.436627 1ca58d18 Range=bytes=731897274-732795987
28/Jul/2026:14:19:43.436659 9e9e3ac5 Range=bytes=732982526-733087580
28/Jul/2026:14:19:43.436699 352e1b72 Range=bytes=733087581-733188612
28/Jul/2026:14:19:43.436742 395d832e Range=bytes=736743407-736935668
28/Jul/2026:14:19:43.436775 5fc9ae43 Range=bytes=736935669-737069838
28/Jul/2026:14:19:43.437375 5a217c0b Range=bytes=442564999-442664491 Recieved
28/Jul/2026:14:19:43.438174 65f06b3b Range=bytes=446689479-446788888 Recieved
28/Jul/2026:14:19:43.441307 61d5c804 Range=bytes=446547543-446689478 Recieved
28/Jul/2026:14:19:43.445284 178bdd89 Range=bytes=442413725-442564998 Recieved
28/Jul/2026:14:19:43.446138 6073d0f4 Range=bytes=422126701-422315958 Recieved
28/Jul/2026:14:19:43.450332 0aa89e9d Range=bytes=417916781-418097564 Recieved
28/Jul/2026:14:19:43.452159 efc64440 Range=bytes=255137809-256033692 Recieved
28/Jul/2026:14:19:43.453870 9f4c149f Range=bytes=227000491-227885816 Recieved
28/Jul/2026:14:19:43.456558 662afd55 Range=bytes=186728404-187637230 Recieved
28/Jul/2026:14:19:43.457828 c7c63a33 Range=bytes=450456773-450590285 Recieved
28/Jul/2026:14:19:43.460850 54abb815 Range=bytes=140650254-141544732 Recieved
28/Jul/2026:14:19:43.464331 61e84817 Range=bytes=442664492-442760520 Recieved
28/Jul/2026:14:19:43.465205 6c788556 Range=bytes=347542570-348440681 Recieved
28/Jul/2026:14:19:43.465642 bd107b4d Range=bytes=442256569-442413724 Recieved
28/Jul/2026:14:19:43.466786 8172aefc Range=bytes=450590286-450738054 Recieved
28/Jul/2026:14:19:43.471280 46a1bdee Range=bytes=227885817-228771173 Recieved
28/Jul/2026:14:19:43.474334 1feae589 Range=bytes=446788889-446882870 Recieved
28/Jul/2026:14:19:43.474728 49ebff43 Range=bytes=20940273-21836258 Recieved
28/Jul/2026:14:19:43.476577 0b028612 Range=bytes=454542800-454652303 Recieved
28/Jul/2026:14:19:43.479688 941129be Range=bytes=454652304-454740884 Recieved
28/Jul/2026:14:19:43.483404 7c7365a3 Range=bytes=450738055-450836344 Recieved
28/Jul/2026:14:19:43.484566 fd9615da Range=bytes=225508889-226421794 Recieved
28/Jul/2026:14:19:43.485088 9a47c3d6 Range=bytes=450836345-450930966 Recieved
28/Jul/2026:14:19:43.487910 d98bc2c4 Range=bytes=360814687-360987592 Recieved
28/Jul/2026:14:19:43.490115 b717ec9f Range=bytes=326623524-327540731 Recieved
28/Jul/2026:14:19:43.490242 14e077b5 Range=bytes=14670926-15553834 Recieved
28/Jul/2026:14:19:43.494787 8e5e3799 Range=bytes=446343269-446547542 Recieved
28/Jul/2026:14:19:43.496061 296966e4 Range=bytes=422315959-422482563 Recieved
28/Jul/2026:14:19:43.499212 0aa3f92f Range=bytes=471132378-471238932 Recieved
28/Jul/2026:14:19:43.507553 9fbce10e Range=bytes=413892166-414096607 Recieved
28/Jul/2026:14:19:43.511282 e5f35c00 Range=bytes=471238933-471326782 Recieved
28/Jul/2026:14:19:43.520400 74f84a57 Range=bytes=22760622-23662340 Recieved
28/Jul/2026:14:19:43.522655 9356ae92 Range=bytes=253823466-254723840 Recieved
28/Jul/2026:14:19:43.529838 a9cf99fb Range=bytes=475400030-475499794 Recieved
Thread for range[46,50] completed | Latency: 1.4026s 
28/Jul/2026:14:19:43.542621 5335a07e Range=bytes=467103933-467295865 Recieved
28/Jul/2026:14:19:43.542836 1b82bc27 Range=bytes=753484099-754377061
28/Jul/2026:14:19:43.542918 49322f3a Range=bytes=754377062-755262882
28/Jul/2026:14:19:43.542962 9e010eab Range=bytes=755262883-756191588
28/Jul/2026:14:19:43.543000 8b818a4e Range=bytes=756191589-757091712
28/Jul/2026:14:19:43.543041 6399bf91 Range=bytes=757276058-757490361
28/Jul/2026:14:19:43.543083 8cd88c3d Range=bytes=757490362-757708076
28/Jul/2026:14:19:43.543117 a3615106 Range=bytes=761339271-761437008
28/Jul/2026:14:19:43.543185 24b45590 Range=bytes=761437009-761535436
28/Jul/2026:14:19:43.543240 d18d99c9 Range=bytes=757708077-758605299
28/Jul/2026:14:19:43.543282 68facf92 Range=bytes=758605300-759497059
28/Jul/2026:14:19:43.543355 16f31593 Range=bytes=759497060-760426075
28/Jul/2026:14:19:43.543406 26a89cde Range=bytes=760426076-761335614
28/Jul/2026:14:19:43.543444 f2226db6 Range=bytes=761535437-761745241
28/Jul/2026:14:19:43.543490 c0b5814a Range=bytes=761745242-761969079
28/Jul/2026:14:19:43.543534 63b5a8dc Range=bytes=765574495-765684330
28/Jul/2026:14:19:43.543568 d7d0a080 Range=bytes=765684331-765794576
28/Jul/2026:14:19:43.543607 8f8b63e5 Range=bytes=761969080-762851147
28/Jul/2026:14:19:43.543639 f799a614 Range=bytes=762851148-763738162
28/Jul/2026:14:19:43.543672 ab6690c2 Range=bytes=763738163-764659981
28/Jul/2026:14:19:43.543708 6c53473f Range=bytes=764659982-765574494
28/Jul/2026:14:19:43.543744 3f6db44c Range=bytes=765794577-765984714
28/Jul/2026:14:19:43.543774 309fe167 Range=bytes=765984715-766203656
28/Jul/2026:14:19:43.543828 02377bd2 Range=bytes=769788690-769898910
28/Jul/2026:14:19:43.543858 d7216586 Range=bytes=769898911-770005745
28/Jul/2026:14:19:43.543886 693b47b3 Range=bytes=766203657-767083997
28/Jul/2026:14:19:43.543920 245e82cd Range=bytes=767083998-767964456
28/Jul/2026:14:19:43.543948 42aaa1c9 Range=bytes=767964457-768882397
28/Jul/2026:14:19:43.544002 4a2340f1 Range=bytes=768882398-769788689
28/Jul/2026:14:19:43.544032 91028b9d Range=bytes=770005746-770163389
28/Jul/2026:14:19:43.544060 37c86829 Range=bytes=770163390-770351811
28/Jul/2026:14:19:43.544092 3847cc72 Range=bytes=773953894-774055947
28/Jul/2026:14:19:43.544130 75cf97cb Range=bytes=774055948-774162233
28/Jul/2026:14:19:43.547869 86468365 Range=bytes=475291963-475400029 Recieved
28/Jul/2026:14:19:43.549703 d6e895f8 Range=bytes=479568920-479677042 Recieved
28/Jul/2026:14:19:43.552886 6d28d01a Range=bytes=479468963-479568919 Recieved
28/Jul/2026:14:19:43.556899 9cb2ccc3 Range=bytes=323341434-324254586 Recieved
28/Jul/2026:14:19:43.561194 1377ad5c Range=bytes=135741532-136661144 Recieved
28/Jul/2026:14:19:43.566279 655984af Range=bytes=471326783-471499488 Recieved
28/Jul/2026:14:19:43.573340 594a3ea1 Range=bytes=483555320-483649408 Recieved
Thread for range[53,57] completed | Latency: 1.4344s 
28/Jul/2026:14:19:43.574779 2106ee09 Range=bytes=479677043-479803259 Recieved
28/Jul/2026:14:19:43.574858 be65c150 Range=bytes=790387473-791287727
28/Jul/2026:14:19:43.574926 77ae218c Range=bytes=791287728-792184752
28/Jul/2026:14:19:43.574966 b2331412 Range=bytes=792184753-793106980
28/Jul/2026:14:19:43.574999 20741b45 Range=bytes=793106981-793999662
28/Jul/2026:14:19:43.575029 6cdf83a9 Range=bytes=794177965-794280907
28/Jul/2026:14:19:43.575060 3287a48f Range=bytes=794280908-794388454
28/Jul/2026:14:19:43.575095 cad04de1 Range=bytes=797966647-798049573
28/Jul/2026:14:19:43.575129 ff4b1453 Range=bytes=798049574-798125793
28/Jul/2026:14:19:43.575158 e9d6c30a Range=bytes=794388455-795285594
28/Jul/2026:14:19:43.575186 e0114dfd Range=bytes=795285595-796181225
28/Jul/2026:14:19:43.575215 6c104c2f Range=bytes=796181226-797079637
28/Jul/2026:14:19:43.575247 b1ee4d5b Range=bytes=797079638-797966646
28/Jul/2026:14:19:43.575276 262dc4f0 Range=bytes=798125794-798223019
28/Jul/2026:14:19:43.575304 877d5b0b Range=bytes=798223020-798323844
28/Jul/2026:14:19:43.575331 4951f89d Range=bytes=801938757-802021125
28/Jul/2026:14:19:43.575363 29cabf58 Range=bytes=802021126-802106002
28/Jul/2026:14:19:43.575392 33341e5b Range=bytes=798323845-799227186
28/Jul/2026:14:19:43.575426 f4c7aeb3 Range=bytes=799227187-800127307
28/Jul/2026:14:19:43.575485 d2058b94 Range=bytes=800127308-801045268
28/Jul/2026:14:19:43.575524 8ec6392d Range=bytes=801045269-801938756
28/Jul/2026:14:19:43.575558 b9f641fd Range=bytes=802106003-802287695
28/Jul/2026:14:19:43.575594 504b6ca8 Range=bytes=802287696-802474179
28/Jul/2026:14:19:43.575625 0b378689 Range=bytes=806093745-806190527
28/Jul/2026:14:19:43.575654 41e3f5c5 Range=bytes=806190528-806279844
28/Jul/2026:14:19:43.575684 039847d1 Range=bytes=802474180-803368536
28/Jul/2026:14:19:43.575712 2f336503 Range=bytes=803368537-804259728
28/Jul/2026:14:19:43.575746 15ed477f Range=bytes=804259729-805192594
28/Jul/2026:14:19:43.575775 706f7e0b Range=bytes=805192595-806093744
28/Jul/2026:14:19:43.575813 0348f786 Range=bytes=806279845-806482748
28/Jul/2026:14:19:43.575845 5568d813 Range=bytes=806482749-806688871
28/Jul/2026:14:19:43.575872 9c7bd994 Range=bytes=810302189-810403113
28/Jul/2026:14:19:43.575904 8291ae2b Range=bytes=810403114-810498889
28/Jul/2026:14:19:43.584108 ea2a7849 Range=bytes=471499489-471695438 Recieved
28/Jul/2026:14:19:43.585923 3e66c1f9 Range=bytes=479803260-479941552 Recieved
28/Jul/2026:14:19:43.586828 e7491f9f Range=bytes=483649409-483749116 Recieved
28/Jul/2026:14:19:43.614127 4954c7c7 Range=bytes=565147167-565244005 Recieved
28/Jul/2026:14:19:43.615502 440b0f38 Range=bytes=346640079-347542569 Recieved
28/Jul/2026:14:19:43.618718 6a2a6901 Range=bytes=330775037-331689551 Recieved
28/Jul/2026:14:19:43.620911 a68b4c35 Range=bytes=248837277-249736121 Recieved
28/Jul/2026:14:19:43.621336 9f2d3938 Range=bytes=565046874-565147166 Recieved
28/Jul/2026:14:19:43.628890 efce75c2 Range=bytes=561010764-561223897 Recieved
28/Jul/2026:14:19:43.630361 1bfb8af4 Range=bytes=475666336-475861053 Recieved
28/Jul/2026:14:19:43.634038 f7405287 Range=bytes=321553735-322428761 Recieved
28/Jul/2026:14:19:43.646785 06ca8461 Range=bytes=561223898-561433958 Recieved
28/Jul/2026:14:19:43.659818 3f199ac7 Range=bytes=419196886-420082652 Recieved
28/Jul/2026:14:19:43.660246 9ac2a731 Range=bytes=475499795-475666335 Recieved
28/Jul/2026:14:19:43.667113 b83a1e67 Range=bytes=569370812-569475465 Recieved
28/Jul/2026:14:19:43.676981 583ed75f Range=bytes=348883625-349775546 Recieved
28/Jul/2026:14:19:43.678733 0bc3dffc Range=bytes=333004365-333910753 Recieved
28/Jul/2026:14:19:43.680256 89e72c91 Range=bytes=569265183-569370811 Recieved
28/Jul/2026:14:19:43.688103 e1e6eda0 Range=bytes=467295866-467516813 Recieved
28/Jul/2026:14:19:43.690530 d2830ad6 Range=bytes=329887366-330775036 Recieved
Thread for range[60,64] completed | Latency: 1.5597s 
28/Jul/2026:14:19:43.700488 9ea4f0bc Range=bytes=573433341-573539383 Recieved
28/Jul/2026:14:19:43.700835 a65eb618 Range=bytes=823353710-824262415
28/Jul/2026:14:19:43.700905 f3c89d09 Range=bytes=824262416-825149655
28/Jul/2026:14:19:43.700944 5528c874 Range=bytes=825149656-826059436
28/Jul/2026:14:19:43.700983 d1b39cee Range=bytes=826059437-826966466
28/Jul/2026:14:19:43.701021 9c1720d4 Range=bytes=827170828-827264790
28/Jul/2026:14:19:43.701050 b9dfec0c Range=bytes=827264791-827353499
28/Jul/2026:14:19:43.701080 4b9c108f Range=bytes=830943653-831033454
28/Jul/2026:14:19:43.701108 d8254c65 Range=bytes=831033455-831132033
28/Jul/2026:14:19:43.701142 a7a5ab95 Range=bytes=827353500-828260586
28/Jul/2026:14:19:43.701172 b0a71820 Range=bytes=828260587-829140935
28/Jul/2026:14:19:43.701204 4a034199 Range=bytes=829140936-830047086
28/Jul/2026:14:19:43.701231 6274b06f Range=bytes=830047087-830943652
28/Jul/2026:14:19:43.701259 8a11ff55 Range=bytes=831132034-831223478
28/Jul/2026:14:19:43.701286 107e0ebd Range=bytes=831223479-831318248
28/Jul/2026:14:19:43.701318 ba1d0e83 Range=bytes=834907026-835095198
28/Jul/2026:14:19:43.701347 ad5b78d8 Range=bytes=835095199-835234220
28/Jul/2026:14:19:43.701372 6e8b8f97 Range=bytes=831318249-832210565
28/Jul/2026:14:19:43.701398 194a9610 Range=bytes=832210566-833099401
28/Jul/2026:14:19:43.701424 b36123d5 Range=bytes=833099402-834004340
28/Jul/2026:14:19:43.701462 b4488753 Range=bytes=834004341-834907025
28/Jul/2026:14:19:43.701493 1262fbb7 Range=bytes=835234221-835337754
28/Jul/2026:14:19:43.701525 b5b2afa0 Range=bytes=835337755-835436006
28/Jul/2026:14:19:43.701550 4b2151a5 Range=bytes=839008891-839203005
28/Jul/2026:14:19:43.701578 b7e2e78f Range=bytes=839203006-839374748
28/Jul/2026:14:19:43.701604 d989b3e6 Range=bytes=835436007-836323267
28/Jul/2026:14:19:43.701634 73e6295a Range=bytes=836323268-837205753
28/Jul/2026:14:19:43.701664 384b81c6 Range=bytes=837205754-838109957
28/Jul/2026:14:19:43.701693 acb33baf Range=bytes=838109958-839008890
28/Jul/2026:14:19:43.701720 1670d21e Range=bytes=839374749-839483692
28/Jul/2026:14:19:43.701746 1151cb90 Range=bytes=839483693-839586950
28/Jul/2026:14:19:43.701771 5c87edbc Range=bytes=843158687-843327226
28/Jul/2026:14:19:43.701800 a37b9b0d Range=bytes=843327227-843480778
28/Jul/2026:14:19:43.708685 cb6c6725 Range=bytes=565244006-565446215 Recieved
28/Jul/2026:14:19:43.711363 4efc5c89 Range=bytes=569475466-569653345 Recieved
28/Jul/2026:14:19:43.722436 7697931a Range=bytes=352948512-353842502 Recieved
28/Jul/2026:14:19:43.722882 1860d0c9 Range=bytes=378813204-379686937 Recieved
28/Jul/2026:14:19:43.729031 09f5d252 Range=bytes=386772234-387653070 Recieved
28/Jul/2026:14:19:43.730108 a4b63600 Range=bytes=565446216-565662707 Recieved
28/Jul/2026:14:19:43.739140 e9de3532 Range=bytes=573539384-573644370 Recieved
28/Jul/2026:14:19:43.748134 f18737d7 Range=bytes=577614166-577712977 Recieved
28/Jul/2026:14:19:43.763577 693c3d93 Range=bytes=573644371-573813792 Recieved
28/Jul/2026:14:19:43.765019 b5cc90ff Range=bytes=385865751-386772233 Recieved
28/Jul/2026:14:19:43.766639 9703eb65 Range=bytes=383694760-384607391 Recieved
28/Jul/2026:14:19:43.767774 215472fb Range=bytes=380610563-381516911 Recieved
28/Jul/2026:14:19:43.767958 777ff91a Range=bytes=418311419-419196885 Recieved
28/Jul/2026:14:19:43.774482 5a6c5859 Range=bytes=24234185-25131850 Recieved
28/Jul/2026:14:19:43.784374 62c51c27 Range=bytes=577712978-577821803 Recieved
28/Jul/2026:14:19:43.788373 2fb4cf1c Range=bytes=416807683-417722195 Recieved
28/Jul/2026:14:19:43.793700 24dede07 Range=bytes=384607392-385509522 Recieved
28/Jul/2026:14:19:43.802060 06efeaaf Range=bytes=651027138-651124890 Recieved
28/Jul/2026:14:19:43.803703 a0a9fb84 Range=bytes=333910754-334804946 Recieved
28/Jul/2026:14:19:43.808641 0fd93734 Range=bytes=464183330-465071913 Recieved
28/Jul/2026:14:19:43.815019 fd4896b3 Range=bytes=412619641-413529452 Recieved
28/Jul/2026:14:19:43.816253 e4ecdbe4 Range=bytes=651124891-651228523 Recieved
28/Jul/2026:14:19:43.829975 bb204d35 Range=bytes=569653346-569832356 Recieved
28/Jul/2026:14:19:43.832517 6fe822ec Range=bytes=392490562-393391275 Recieved
28/Jul/2026:14:19:43.836225 903a18af Range=bytes=468397470-469287530 Recieved
28/Jul/2026:14:19:43.839821 52bfde6e Range=bytes=381914447-382819664 Recieved
28/Jul/2026:14:19:43.840393 18d4f2e9 Range=bytes=349775547-350658583 Recieved
28/Jul/2026:14:19:43.842404 91ace0a8 Range=bytes=439569038-440451196 Recieved
28/Jul/2026:14:19:43.845681 21407eef Range=bytes=331689552-332596749 Recieved
28/Jul/2026:14:19:43.847388 8456a17b Range=bytes=659067522-659151289 Recieved
28/Jul/2026:14:19:43.852360 93208ffa Range=bytes=573813793-574007590 Recieved
Thread for range[3,7] completed | Latency: 1.7158s 
28/Jul/2026:14:19:43.855031 9f662748 Range=bytes=856077755-856963479
28/Jul/2026:14:19:43.855136 01ea5efd Range=bytes=856963480-857854294
28/Jul/2026:14:19:43.855194 c262b611 Range=bytes=857854295-858788537
28/Jul/2026:14:19:43.855244 63b1914f Range=bytes=858788538-859702062
28/Jul/2026:14:19:43.855283 4c84c7f0 Range=bytes=859906909-860111158
28/Jul/2026:14:19:43.855317 a2f0497d Range=bytes=860111159-860341447
28/Jul/2026:14:19:43.855351 36f17580 Range=bytes=863925524-864038540
28/Jul/2026:14:19:43.855389 9168d6ec Range=bytes=864038541-864144805
28/Jul/2026:14:19:43.855428 3a7e009f Range=bytes=860341448-861219480
28/Jul/2026:14:19:43.855460 e19164b4 Range=bytes=861219481-862094681
28/Jul/2026:14:19:43.855489 857e8c51 Range=bytes=862094682-863013541
28/Jul/2026:14:19:43.855526 a6242d2f Range=bytes=863013542-863925523
28/Jul/2026:14:19:43.855561 e36a62c5 Range=bytes=864144806-864305908
28/Jul/2026:14:19:43.855593 e288bf6e Range=bytes=864305909-864526184
28/Jul/2026:14:19:43.855624 1e7c7bf1 Range=bytes=868118912-868235250
28/Jul/2026:14:19:43.855651 d0e7afbd Range=bytes=868235251-868342592
28/Jul/2026:14:19:43.855689 eae68243 Range=bytes=864526185-865408866
28/Jul/2026:14:19:43.855723 1625b6d6 Range=bytes=865408867-866295641
28/Jul/2026:14:19:43.855755 db0c7fa3 Range=bytes=866295642-867207380
28/Jul/2026:14:19:43.855783 9cb8b6a4 Range=bytes=867207381-868118911
28/Jul/2026:14:19:43.855811 a2d46f83 Range=bytes=868342593-868498888
28/Jul/2026:14:19:43.855845 aca33885 Range=bytes=868498889-868679397
28/Jul/2026:14:19:43.855878 e8a5ac77 Range=bytes=872308589-872425439
28/Jul/2026:14:19:43.855910 e0fbba71 Range=bytes=872425440-872542443
28/Jul/2026:14:19:43.855940 c6b04e6a Range=bytes=868679398-869584348
28/Jul/2026:14:19:43.855975 b3f76360 Range=bytes=869584349-870472529
28/Jul/2026:14:19:43.856007 be195095 Range=bytes=870472530-871396245
28/Jul/2026:14:19:43.856042 ac1b78b7 Range=bytes=871396246-872308588
28/Jul/2026:14:19:43.856083 485b6496 Range=bytes=872542444-872623962
28/Jul/2026:14:19:43.856114 f323a46f Range=bytes=872623963-872733771
28/Jul/2026:14:19:43.856144 3961e24e Range=bytes=876343105-876447698
28/Jul/2026:14:19:43.856178 cea869bb Range=bytes=876447699-876555464
28/Jul/2026:14:19:43.856343 467a247e Range=bytes=658970860-659067521 Recieved
28/Jul/2026:14:19:43.861267 18c918b1 Range=bytes=354740174-355663975 Recieved
28/Jul/2026:14:19:43.878579 77dce9ef Range=bytes=654838511-654922995 Recieved
28/Jul/2026:14:19:43.886729 ec86699d Range=bytes=377909506-378813203 Recieved
28/Jul/2026:14:19:43.902324 22d5b74b Range=bytes=351562971-352468865 Recieved
28/Jul/2026:14:19:43.912683 9124470e Range=bytes=408465905-409357834 Recieved
28/Jul/2026:14:19:43.913275 adbbb765 Range=bytes=663160013-663256945 Recieved
28/Jul/2026:14:19:43.924554 05c9a759 Range=bytes=435608383-436493582 Recieved
28/Jul/2026:14:19:43.925175 cd75115e Range=bytes=663256946-663352984 Recieved
Thread for range[79,83] completed | Latency: 1.7870s 
28/Jul/2026:14:19:43.928146 e5d6c560 Range=bytes=655192749-655357470 Recieved
28/Jul/2026:14:19:43.928447 1cba1805 Range=bytes=909777506-910654116
28/Jul/2026:14:19:43.928528 d7e71dd7 Range=bytes=910654117-911532912
28/Jul/2026:14:19:43.928571 45af3e35 Range=bytes=911532913-912461087
28/Jul/2026:14:19:43.928651 836eac6b Range=bytes=912461088-913375755
28/Jul/2026:14:19:43.928697 ce79425d Range=bytes=913599863-913792536
28/Jul/2026:14:19:43.928738 a90afcac Range=bytes=913792537-913976409
28/Jul/2026:14:19:43.928772 bf4d7898 Range=bytes=917562539-917678111
28/Jul/2026:14:19:43.928803 39da078b Range=bytes=917678112-917785463
28/Jul/2026:14:19:43.928835 1ced0959 Range=bytes=913976410-914849595
28/Jul/2026:14:19:43.928865 87d6af85 Range=bytes=914849596-915733968
28/Jul/2026:14:19:43.928899 cc94182a Range=bytes=915733969-916648941
28/Jul/2026:14:19:43.928930 344adbc6 Range=bytes=916648942-917562538
28/Jul/2026:14:19:43.928960 5704b7b5 Range=bytes=917785464-917957361
28/Jul/2026:14:19:43.928988 f550a936 Range=bytes=917957362-918141925
28/Jul/2026:14:19:43.929015 5a230fff Range=bytes=921753407-921862905
28/Jul/2026:14:19:43.929043 6c74d94e Range=bytes=921862906-921984858
28/Jul/2026:14:19:43.929075 d1f7059c Range=bytes=918141926-919041090
28/Jul/2026:14:19:43.929103 074c4329 Range=bytes=919041091-919924426
28/Jul/2026:14:19:43.929130 a44f73be Range=bytes=919924427-920846152
28/Jul/2026:14:19:43.929157 d030e4c9 Range=bytes=920846153-921753406
28/Jul/2026:14:19:43.929184 1468e016 Range=bytes=921984859-922113373
28/Jul/2026:14:19:43.929213 6fbe4566 Range=bytes=922113374-922232210
28/Jul/2026:14:19:43.929242 c6e97d65 Range=bytes=925836357-925939785
28/Jul/2026:14:19:43.929276 dc400368 Range=bytes=925939786-926048877
28/Jul/2026:14:19:43.929301 d136f5a6 Range=bytes=922232211-923137339
28/Jul/2026:14:19:43.929326 a6c14e0b Range=bytes=923137340-924025959
28/Jul/2026:14:19:43.929359 44c3849a Range=bytes=924025960-924935721
28/Jul/2026:14:19:43.929392 60e6e7ac Range=bytes=924935722-925836356
28/Jul/2026:14:19:43.929420 c4c52211 Range=bytes=926048878-926145715
28/Jul/2026:14:19:43.929445 ef23b6e9 Range=bytes=926145716-926235179
28/Jul/2026:14:19:43.929470 f27a685b Range=bytes=929822322-929918593
28/Jul/2026:14:19:43.929496 8aed6548 Range=bytes=929918594-930024666
28/Jul/2026:14:19:43.929911 680b3e67 Range=bytes=359737661-360638262 Recieved
28/Jul/2026:14:19:43.930021 e600f3dc Range=bytes=559923494-560825433 Recieved
28/Jul/2026:14:19:43.937906 1be1a7db Range=bytes=407544298-408465904 Recieved
28/Jul/2026:14:19:43.938802 0ddba722 Range=bytes=667458092-667553314 Recieved
28/Jul/2026:14:19:43.941723 e516f045 Range=bytes=409897558-410790284 Recieved
28/Jul/2026:14:19:43.943596 9df5c109 Range=bytes=353842503-354740173 Recieved
28/Jul/2026:14:19:43.946409 e038530b Range=bytes=655003103-655192748 Recieved
28/Jul/2026:14:19:43.947282 814039b3 Range=bytes=659151290-659347481 Recieved
28/Jul/2026:14:19:43.957923 81d797f6 Range=bytes=139737972-140650253 Recieved
28/Jul/2026:14:19:43.968367 28555ebd Range=bytes=663542637-663756105 Recieved
28/Jul/2026:14:19:43.968971 ddefe6f3 Range=bytes=475861054-476764725 Recieved
28/Jul/2026:14:19:43.980473 bcac89eb Range=bytes=675858113-675948804 Recieved
28/Jul/2026:14:19:43.986056 6adaf640 Range=bytes=679755421-679854015 Recieved
28/Jul/2026:14:19:43.989707 32b0f429 Range=bytes=562307027-563197505 Recieved
28/Jul/2026:14:19:43.993712 2a1893df Range=bytes=667343056-667458091 Recieved
28/Jul/2026:14:19:43.994672 c04a0426 Range=bytes=410790285-411687734 Recieved
28/Jul/2026:14:19:43.996344 f6ee7c26 Range=bytes=564130998-565046873 Recieved
28/Jul/2026:14:19:43.999152 50d69dc3 Range=bytes=466000762-466912682 Recieved
28/Jul/2026:14:19:44.001956 5d33e195 Range=bytes=414096608-414984526 Recieved
28/Jul/2026:14:19:44.002938 89e8fb09 Range=bytes=357907041-358812543 Recieved
28/Jul/2026:14:19:44.004885 a41668bc Range=bytes=663352985-663542636 Recieved
28/Jul/2026:14:19:44.008176 d95f3992 Range=bytes=355663976-356564851 Recieved
28/Jul/2026:14:19:44.013269 5dcc03b8 Range=bytes=683675933-683774342 Recieved
28/Jul/2026:14:19:44.015154 f27f822c Range=bytes=679940510-680029408 Recieved
28/Jul/2026:14:19:44.017986 83452656 Range=bytes=350658584-351562970 Recieved
28/Jul/2026:14:19:44.024506 ef9c8552 Range=bytes=679660475-679755420 Recieved
28/Jul/2026:14:19:44.031442 872175ea Range=bytes=679854016-679940509 Recieved
28/Jul/2026:14:19:44.031687 d6885af8 Range=bytes=683585728-683675932 Recieved
28/Jul/2026:14:19:44.033096 17e641aa Range=bytes=654922996-655003102 Recieved
Thread for range[32,36] completed | Latency: 1.8963s 
28/Jul/2026:14:19:44.036082 c4f4b94a Range=bytes=946152956-947055887
28/Jul/2026:14:19:44.036154 0cfe2f73 Range=bytes=947055888-947954487
28/Jul/2026:14:19:44.036197 f5324278 Range=bytes=947954488-948878951
28/Jul/2026:14:19:44.036236 848b8c7e Range=bytes=948878952-949773604
28/Jul/2026:14:19:44.036269 b20674bd Range=bytes=949951435-950144913
28/Jul/2026:14:19:44.036297 d1bdaa65 Range=bytes=950144914-950343103
28/Jul/2026:14:19:44.036327 e6caf617 Range=bytes=953982742-954081266
28/Jul/2026:14:19:44.036358 f13da7b3 Range=bytes=954081267-954172013
28/Jul/2026:14:19:44.036394 8b21a9fe Range=bytes=950343104-951236065
28/Jul/2026:14:19:44.036424 c8db045b Range=bytes=951236066-952136962
28/Jul/2026:14:19:44.036452 056342bd Range=bytes=952136963-953072214
28/Jul/2026:14:19:44.036479 a56a8554 Range=bytes=953072215-953982741
28/Jul/2026:14:19:44.036506 d480db0c Range=bytes=954172014-954385482
28/Jul/2026:14:19:44.036539 593008bd Range=bytes=954385483-954618363
28/Jul/2026:14:19:44.036570 4354483e Range=bytes=958235021-958341732
28/Jul/2026:14:19:44.036597 d73c3409 Range=bytes=958341733-958446338
28/Jul/2026:14:19:44.036623 01663503 Range=bytes=954618364-955502077
28/Jul/2026:14:19:44.036650 4c71699c Range=bytes=955502078-956395727
28/Jul/2026:14:19:44.036677 91072d24 Range=bytes=956395728-957322517
28/Jul/2026:14:19:44.036710 7f3f3ca4 Range=bytes=957322518-958235020
28/Jul/2026:14:19:44.036741 9f44f112 Range=bytes=958446339-958644349
28/Jul/2026:14:19:44.036768 190cb503 Range=bytes=958644350-958866359
28/Jul/2026:14:19:44.036795 df6bd114 Range=bytes=962468537-962584544
28/Jul/2026:14:19:44.036821 8077095f Range=bytes=962584545-962689839
28/Jul/2026:14:19:44.036852 e7ecbd11 Range=bytes=958866360-959747614
28/Jul/2026:14:19:44.036883 3b070e04 Range=bytes=959747615-960627516
28/Jul/2026:14:19:44.036914 563cb857 Range=bytes=960627517-961555275
28/Jul/2026:14:19:44.036940 3a71800b Range=bytes=961555276-962468536
28/Jul/2026:14:19:44.036966 a09047a8 Range=bytes=962689840-962868607
28/Jul/2026:14:19:44.036992 592833ff Range=bytes=962868608-963077046
28/Jul/2026:14:19:44.037021 2e376bb8 Range=bytes=966664809-966780862
28/Jul/2026:14:19:44.037051 41ee51ba Range=bytes=966780863-966886278
28/Jul/2026:14:19:44.038615 2871d75a Range=bytes=382819665-383694759 Recieved
28/Jul/2026:14:19:44.039904 d5be0a61 Range=bytes=687528236-687609819 Recieved
28/Jul/2026:14:19:44.040007 a6bdbb24 Range=bytes=358812544-359737660 Recieved
28/Jul/2026:14:19:44.042336 a24986bb Range=bytes=675948805-676058941 Recieved
28/Jul/2026:14:19:44.053729 b81d261d Range=bytes=687609820-687686345 Recieved
28/Jul/2026:14:19:44.055853 e1daa1f5 Range=bytes=683774343-683870731 Recieved
28/Jul/2026:14:19:44.060233 5a21c812 Range=bytes=447774147-448661458 Recieved
28/Jul/2026:14:19:44.062108 9383d02b Range=bytes=434701608-435608382 Recieved
28/Jul/2026:14:19:44.066470 ae40620b Range=bytes=687686346-687786994 Recieved
28/Jul/2026:14:19:44.084469 3d0a8ae5 Range=bytes=379686938-380610562 Recieved
28/Jul/2026:14:19:44.084686 8f404037 Range=bytes=691438027-691600608 Recieved
28/Jul/2026:14:19:44.090371 7701d873 Range=bytes=420082653-421008297 Recieved
28/Jul/2026:14:19:44.091425 e9bf7570 Range=bytes=357003732-357907040 Recieved
28/Jul/2026:14:19:44.093494 eccc44ac Range=bytes=659347482-659554981 Recieved
28/Jul/2026:14:19:44.095497 f7a72ce4 Range=bytes=443657332-444537942 Recieved
28/Jul/2026:14:19:44.107980 c3de4526 Range=bytes=687786995-687880296 Recieved
28/Jul/2026:14:19:44.109700 2c7e0d86 Range=bytes=390718148-391592468 Recieved
28/Jul/2026:14:19:44.109873 2f0ec790 Range=bytes=388560401-389466134 Recieved
28/Jul/2026:14:19:44.113977 c9b3e740 Range=bytes=389820654-390718147 Recieved
28/Jul/2026:14:19:44.114892 c2bf82d5 Range=bytes=720699574-720866020 Recieved
28/Jul/2026:14:19:44.117889 56b8ba10 Range=bytes=691600609-691750300 Recieved
28/Jul/2026:14:19:44.128981 2f850b1e Range=bytes=724764464-724874257 Recieved
28/Jul/2026:14:19:44.136445 fa7ff2c1 Range=bytes=436493583-437389647 Recieved
28/Jul/2026:14:19:44.142836 e107bb32 Range=bytes=724664423-724764463 Recieved
28/Jul/2026:14:19:44.143332 58f90a8c Range=bytes=567430107-568354229 Recieved
28/Jul/2026:14:19:44.144748 08ae98e6 Range=bytes=728797327-728892940 Recieved
28/Jul/2026:14:19:44.144852 90aa9fca Range=bytes=476764726-477647971 Recieved
28/Jul/2026:14:19:44.147915 14558d84 Range=bytes=732795988-732885009 Recieved
28/Jul/2026:14:19:44.150410 af0bded2 Range=bytes=725031293-725184091 Recieved
28/Jul/2026:14:19:44.156238 0eb738e1 Range=bytes=405743796-406647484 Recieved
28/Jul/2026:14:19:44.156719 8a8d079a Range=bytes=728892941-729006661 Recieved
28/Jul/2026:14:19:44.162938 8f2d4f65 Range=bytes=683870732-683956835 Recieved
28/Jul/2026:14:19:44.164505 3c8d3caf Range=bytes=568354230-569265182 Recieved
Thread for range[85,89] completed | Latency: 2.0241s 
28/Jul/2026:14:19:44.165758 5c011068 Range=bytes=983347193-984239698
28/Jul/2026:14:19:44.165841 e369d67a Range=bytes=984239699-985128989
28/Jul/2026:14:19:44.165882 d4bd40fb Range=bytes=985128990-986029237
28/Jul/2026:14:19:44.165915 8f3bcdec Range=bytes=986029238-986922112
28/Jul/2026:14:19:44.165945 71575d04 Range=bytes=987257866-987368604
28/Jul/2026:14:19:44.165975 787af482 Range=bytes=987368605-987481768
28/Jul/2026:14:19:44.166011 be90d423 Range=bytes=991073383-991256065
28/Jul/2026:14:19:44.166044 1eb222e2 Range=bytes=991256066-991385861
28/Jul/2026:14:19:44.166075 a97a0dcc Range=bytes=987481769-988374395
28/Jul/2026:14:19:44.166102 0228473c Range=bytes=988374396-989266404
28/Jul/2026:14:19:44.166141 4a1b7e5a Range=bytes=989266405-990180068
28/Jul/2026:14:19:44.166174 348208f0 Range=bytes=990180069-991073382
28/Jul/2026:14:19:44.166202 bfbb1942 Range=bytes=991385862-991494456
28/Jul/2026:14:19:44.166230 3e4362c7 Range=bytes=991494457-991606601
28/Jul/2026:14:19:44.166256 bc1327a4 Range=bytes=995205733-995306741
28/Jul/2026:14:19:44.166284 e04ba98e Range=bytes=995306742-995400537
28/Jul/2026:14:19:44.166310 32d54331 Range=bytes=991606602-992500833
28/Jul/2026:14:19:44.166343 43cacac3 Range=bytes=992500834-993395320
28/Jul/2026:14:19:44.166372 4ae226d8 Range=bytes=993395321-994315721
28/Jul/2026:14:19:44.166398 1a326163 Range=bytes=994315722-995202076
28/Jul/2026:14:19:44.166428 c96ba9ae Range=bytes=995400538-995506541
28/Jul/2026:14:19:44.166458 1ba2a379 Range=bytes=995506542-995614503
28/Jul/2026:14:19:44.166491 92d97699 Range=bytes=999237455-999333796
28/Jul/2026:14:19:44.166527 fd412748 Range=bytes=999333797-999414189
28/Jul/2026:14:19:44.166556 e269317d Range=bytes=995614504-996518527
28/Jul/2026:14:19:44.166584 fd1e274e Range=bytes=996518528-997419037
28/Jul/2026:14:19:44.166618 3b3ea91f Range=bytes=997419038-998340707
28/Jul/2026:14:19:44.166652 65dcfbf3 Range=bytes=998340708-999237454
28/Jul/2026:14:19:44.166686 7f905614 Range=bytes=999414190-999614522
28/Jul/2026:14:19:44.166714 7f5aadcf Range=bytes=999614523-999794361
28/Jul/2026:14:19:44.166741 8addf423 Range=bytes=1003425932-1003522845
28/Jul/2026:14:19:44.166768 7eb4b4bc Range=bytes=1003522846-1003611197
28/Jul/2026:14:19:44.168680 dc8b173d Range=bytes=729104088-729196943 Recieved
28/Jul/2026:14:19:44.171221 d9b1d45c Range=bytes=449558011-450456772 Recieved
28/Jul/2026:14:19:44.173480 4b4d5e1b Range=bytes=729006662-729104087 Recieved
28/Jul/2026:14:19:44.178640 697cd3d2 Range=bytes=720866021-721043832 Recieved
28/Jul/2026:14:19:44.181519 0dc7c565 Range=bytes=448661459-449558010 Recieved
28/Jul/2026:14:19:44.190839 c2b91374 Range=bytes=732885010-732982525 Recieved
28/Jul/2026:14:19:44.191043 f5385875 Range=bytes=391592469-392490561 Recieved
28/Jul/2026:14:19:44.196368 af7edced Range=bytes=437389648-438290461 Recieved
28/Jul/2026:14:19:44.198558 ef2f69a3 Range=bytes=724874258-725031292 Recieved
28/Jul/2026:14:19:44.201814 fdae6d94 Range=bytes=473463476-474388240 Recieved
28/Jul/2026:14:19:44.205285 a9e9bae4 Range=bytes=446882871-447774146 Recieved
28/Jul/2026:14:19:44.206969 9e9e3ac5 Range=bytes=732982526-733087580 Recieved
28/Jul/2026:14:19:44.218995 352e1b72 Range=bytes=733087581-733188612 Recieved
28/Jul/2026:14:19:44.223831 5fc9ae43 Range=bytes=736935669-737069838 Recieved
28/Jul/2026:14:19:44.223985 395d832e Range=bytes=736743407-736935668 Recieved
28/Jul/2026:14:19:44.226964 a3615106 Range=bytes=761339271-761437008 Recieved
28/Jul/2026:14:19:44.242389 83e89a57 Range=bytes=387653071-388560400 Recieved
28/Jul/2026:14:19:44.252476 24b45590 Range=bytes=761437009-761535436 Recieved
28/Jul/2026:14:19:44.256904 4ec65ae0 Range=bytes=467516814-468397469 Recieved
28/Jul/2026:14:19:44.266021 9deaba5b Range=bytes=477647972-478566717 Recieved
28/Jul/2026:14:19:44.266673 60c0284e Range=bytes=469291187-470216926 Recieved
28/Jul/2026:14:19:44.273463 6cfed233 Range=bytes=414984527-415878393 Recieved
28/Jul/2026:14:19:44.289227 8cd88c3d Range=bytes=757490362-757708076 Recieved
28/Jul/2026:14:19:44.290223 63b5a8dc Range=bytes=765574495-765684330 Recieved
28/Jul/2026:14:19:44.292128 c8c3deb3 Range=bytes=474388241-475291962 Recieved
28/Jul/2026:14:19:44.292234 d7d0a080 Range=bytes=765684331-765794576 Recieved
28/Jul/2026:14:19:44.293412 dd74dc5c Range=bytes=415878394-416807682 Recieved
28/Jul/2026:14:19:44.298471 6f041f60 Range=bytes=444537943-445445322 Recieved
28/Jul/2026:14:19:44.300267 ad026a2e Range=bytes=470216927-471132377 Recieved
28/Jul/2026:14:19:44.312156 02377bd2 Range=bytes=769788690-769898910 Recieved
28/Jul/2026:14:19:44.314319 d7216586 Range=bytes=769898911-770005745 Recieved
28/Jul/2026:14:19:44.314583 6399bf91 Range=bytes=757276058-757490361 Recieved
Thread for range[93,97] completed | Latency: 2.1755s 
28/Jul/2026:14:19:44.317284 d442beb7 Range=bytes=566543611-567430106 Recieved
28/Jul/2026:14:19:44.317581 68ac9991 Range=bytes=1012497708-1013376538
28/Jul/2026:14:19:44.317664 e90cd7cc Range=bytes=1013376539-1014261331
28/Jul/2026:14:19:44.317704 502ff942 Range=bytes=1014261332-1015189155
28/Jul/2026:14:19:44.317739 186fc1bc Range=bytes=1015189156-1016099345
28/Jul/2026:14:19:44.317774 f557a63d Range=bytes=1016328467-1016507175
28/Jul/2026:14:19:44.317806 f27fc5de Range=bytes=1016507176-1016701213
28/Jul/2026:14:19:44.317836 c607d273 Range=bytes=1020317325-1020426014
28/Jul/2026:14:19:44.317863 479d950c Range=bytes=1020426015-1020540487
28/Jul/2026:14:19:44.317893 5521ff07 Range=bytes=1016701214-1017599755
28/Jul/2026:14:19:44.317927 7f395de9 Range=bytes=1017599756-1018484981
28/Jul/2026:14:19:44.317959 1316a73c Range=bytes=1018484982-1019409046
28/Jul/2026:14:19:44.317990 e833aa86 Range=bytes=1019409047-1020317324
28/Jul/2026:14:19:44.318017 f45b1142 Range=bytes=1020540488-1020658142
28/Jul/2026:14:19:44.318044 7e25b808 Range=bytes=1020658143-1020772729
28/Jul/2026:14:19:44.318073 e9738d35 Range=bytes=1024374468-1024471600
28/Jul/2026:14:19:44.318105 a702986e Range=bytes=1024475257-1024591947
28/Jul/2026:14:19:44.318135 1d86484e Range=bytes=1020772730-1021679686
28/Jul/2026:14:19:44.318162 8d3a55cb Range=bytes=1021679687-1022569747
28/Jul/2026:14:19:44.318189 d5087db5 Range=bytes=1022569748-1023477131
28/Jul/2026:14:19:44.318216 eb593c6c Range=bytes=1023477132-1024374467
28/Jul/2026:14:19:44.318242 63b595b3 Range=bytes=1024591948-1024688513
28/Jul/2026:14:19:44.318276 2dd165b6 Range=bytes=1024688514-1024796170
28/Jul/2026:14:19:44.318307 559cc550 Range=bytes=1028376424-1028477446
28/Jul/2026:14:19:44.318334 091f603c Range=bytes=1028477447-1028580892
28/Jul/2026:14:19:44.318359 a1e091fc Range=bytes=1024796171-1025696775
28/Jul/2026:14:19:44.318385 92edc303 Range=bytes=1025696776-1026583341
28/Jul/2026:14:19:44.318411 f61dc2e7 Range=bytes=1026583342-1027476541
28/Jul/2026:14:19:44.318444 736fa6b3 Range=bytes=1027476542-1028376423
28/Jul/2026:14:19:44.318478 5932bdb3 Range=bytes=1028580893-1028678930
28/Jul/2026:14:19:44.318504 6c005358 Range=bytes=1028678931-1028783509
28/Jul/2026:14:19:44.318531 f2eaf346 Range=bytes=1032368482-1032565080
28/Jul/2026:14:19:44.318556 3821069b Range=bytes=1032565081-1032726839
28/Jul/2026:14:19:44.325113 7a0ac69a Range=bytes=557197596-558093135 Recieved
28/Jul/2026:14:19:44.325987 e6f71bf0 Range=bytes=411687735-412619640 Recieved
28/Jul/2026:14:19:44.332304 0fb4e73a Range=bytes=442760521-443657331 Recieved
28/Jul/2026:14:19:44.335399 45cb2519 Range=bytes=565662708-566543610 Recieved
28/Jul/2026:14:19:44.341380 19a37a41 Range=bytes=440451197-441349145 Recieved
28/Jul/2026:14:19:44.344546 e549aa0a Range=bytes=558993545-559923493 Recieved
28/Jul/2026:14:19:44.346203 3847cc72 Range=bytes=773953894-774055947 Recieved
28/Jul/2026:14:19:44.364387 f2226db6 Range=bytes=761535437-761745241 Recieved
28/Jul/2026:14:19:44.365541 c0b5814a Range=bytes=761745242-761969079 Recieved
28/Jul/2026:14:19:44.366191 3f6db44c Range=bytes=765794577-765984714 Recieved
28/Jul/2026:14:19:44.366932 6cdf83a9 Range=bytes=794177965-794280907 Recieved
28/Jul/2026:14:19:44.367156 b2560cec Range=bytes=465071914-466000761 Recieved
28/Jul/2026:14:19:44.367699 8b2bc7c6 Range=bytes=647169189-648066373 Recieved
28/Jul/2026:14:19:44.369873 75cf97cb Range=bytes=774055948-774162233 Recieved
28/Jul/2026:14:19:44.376443 cad04de1 Range=bytes=797966647-798049573 Recieved
28/Jul/2026:14:19:44.377172 dd2ee3bf Range=bytes=563197506-564130997 Recieved
28/Jul/2026:14:19:44.382787 ff4b1453 Range=bytes=798049574-798125793 Recieved
28/Jul/2026:14:19:44.385739 309fe167 Range=bytes=765984715-766203656 Recieved
28/Jul/2026:14:19:44.398343 18091cb6 Range=bytes=421008298-421916933 Recieved
28/Jul/2026:14:19:44.405072 29cabf58 Range=bytes=802021126-802106002 Recieved
28/Jul/2026:14:19:44.412889 3287a48f Range=bytes=794280908-794388454 Recieved
28/Jul/2026:14:19:44.413386 877d5b0b Range=bytes=798223020-798323844 Recieved
28/Jul/2026:14:19:44.414467 acbd706c Range=bytes=445445323-446343268 Recieved
28/Jul/2026:14:19:44.414645 54cd1c07 Range=bytes=659554982-660448532 Recieved
28/Jul/2026:14:19:44.414700 4951f89d Range=bytes=801938757-802021125 Recieved
28/Jul/2026:14:19:44.421490 262dc4f0 Range=bytes=798125794-798223019 Recieved
28/Jul/2026:14:19:44.423705 a524d2fd Range=bytes=478566718-479468962 Recieved
28/Jul/2026:14:19:44.438739 91028b9d Range=bytes=770005746-770163389 Recieved
28/Jul/2026:14:19:44.439799 37c86829 Range=bytes=770163390-770351811 Recieved
28/Jul/2026:14:19:44.439887 d8d940b9 Range=bytes=672980107-673860197 Recieved
28/Jul/2026:14:19:44.440675 5545fe27 Range=bytes=558093136-558993544 Recieved
28/Jul/2026:14:19:44.441861 087487e9 Range=bytes=463302669-464183329 Recieved
28/Jul/2026:14:19:44.442548 0b378689 Range=bytes=806093745-806190527 Recieved
28/Jul/2026:14:19:44.447894 34a03a5a Range=bytes=406647485-407544297 Recieved
28/Jul/2026:14:19:44.478935 87b62a00 Range=bytes=561433959-562307026 Recieved
28/Jul/2026:14:19:44.479169 504b6ca8 Range=bytes=802287696-802474179 Recieved
28/Jul/2026:14:19:44.480752 385eb14e Range=bytes=676969142-677850779 Recieved
28/Jul/2026:14:19:44.481990 1824544d Range=bytes=657145333-658069610 Recieved
28/Jul/2026:14:19:44.483888 b9f641fd Range=bytes=802106003-802287695 Recieved
28/Jul/2026:14:19:44.484349 8291ae2b Range=bytes=810403114-810498889 Recieved
28/Jul/2026:14:19:44.485043 9c7bd994 Range=bytes=810302189-810403113 Recieved
28/Jul/2026:14:19:44.486523 41e3f5c5 Range=bytes=806190528-806279844 Recieved
28/Jul/2026:14:19:44.486989 6db110ea Range=bytes=570733181-571623486 Recieved
28/Jul/2026:14:19:44.487818 0f6ff280 Range=bytes=652133223-653029732 Recieved
28/Jul/2026:14:19:44.488026 9c45364c Range=bytes=656251228-657145332 Recieved
28/Jul/2026:14:19:44.492505 9c1720d4 Range=bytes=827170828-827264790 Recieved
28/Jul/2026:14:19:44.494641 0348f786 Range=bytes=806279845-806482748 Recieved
28/Jul/2026:14:19:44.498564 4b9c108f Range=bytes=830943653-831033454 Recieved
28/Jul/2026:14:19:44.503480 ecc19f2b Range=bytes=471695439-472580559 Recieved
28/Jul/2026:14:19:44.506866 b9dfec0c Range=bytes=827264791-827353499 Recieved
28/Jul/2026:14:19:44.523301 ab602fbb Range=bytes=441349146-442256568 Recieved
28/Jul/2026:14:19:44.524409 171f33fb Range=bytes=571623487-572526863 Recieved
Thread for range[100,104] completed | Latency: 2.3813s 
28/Jul/2026:14:19:44.527361 6e2a1dfb Range=bytes=1173080027-1173990336
28/Jul/2026:14:19:44.527436 00bcb49b Range=bytes=1173990337-1174884533
28/Jul/2026:14:19:44.527478 6998d4fe Range=bytes=1174884534-1175790558
28/Jul/2026:14:19:44.527512 8818baba Range=bytes=1175790559-1176690287
28/Jul/2026:14:19:44.527549 4bf4303b Range=bytes=1176903555-1177002925
28/Jul/2026:14:19:44.527582 84156b41 Range=bytes=1177002926-1177110086
28/Jul/2026:14:19:44.527613 2d7097ae Range=bytes=1180699054-1180904564
28/Jul/2026:14:19:44.527642 21723aad Range=bytes=1180904565-1181071878
28/Jul/2026:14:19:44.527670 d58bd235 Range=bytes=1177110087-1178006848
28/Jul/2026:14:19:44.527701 d70f148c Range=bytes=1178006849-1178890180
28/Jul/2026:14:19:44.527733 d718de2e Range=bytes=1178890181-1179798087
28/Jul/2026:14:19:44.527769 3d3dfa68 Range=bytes=1179798088-1180699053
28/Jul/2026:14:19:44.527806 12259f34 Range=bytes=1181071879-1181175097
28/Jul/2026:14:19:44.527834 37ae98ee Range=bytes=1181175098-1181274319
28/Jul/2026:14:19:44.527866 e111f338 Range=bytes=1184843816-1185011139
28/Jul/2026:14:19:44.527915 343ebc13 Range=bytes=1185011140-1185161662
28/Jul/2026:14:19:44.527943 c91e9a18 Range=bytes=1181274320-1182162348
28/Jul/2026:14:19:44.527971 900f6c4b Range=bytes=1182162349-1183042656
28/Jul/2026:14:19:44.527998 f14ff0f0 Range=bytes=1183042657-1183952770
28/Jul/2026:14:19:44.528028 c0549744 Range=bytes=1183952771-1184843815
28/Jul/2026:14:19:44.528066 b3908941 Range=bytes=1185161663-1185275505
28/Jul/2026:14:19:44.528095 f84fae25 Range=bytes=1185275506-1185387123
28/Jul/2026:14:19:44.528121 c71d2750 Range=bytes=1188967182-1189089705
28/Jul/2026:14:19:44.528149 1006930e Range=bytes=1189089706-1189195268
28/Jul/2026:14:19:44.528175 03b9c236 Range=bytes=1185387124-1186289766
28/Jul/2026:14:19:44.528207 ee0b18a9 Range=bytes=1186289767-1187185378
28/Jul/2026:14:19:44.528237 260e536f Range=bytes=1187185379-1188081832
28/Jul/2026:14:19:44.528265 de03f884 Range=bytes=1188081833-1188967181
28/Jul/2026:14:19:44.528294 3db45796 Range=bytes=1189195269-1189301665
28/Jul/2026:14:19:44.528328 03aa7fdb Range=bytes=1189301666-1189414011
28/Jul/2026:14:19:44.528360 88b57878 Range=bytes=1193008035-1193097805
28/Jul/2026:14:19:44.528389 99c8bdf7 Range=bytes=1193097806-1193180880
28/Jul/2026:14:19:44.528784 6f085175 Range=bytes=648964502-649882760 Recieved
28/Jul/2026:14:19:44.533194 d8254c65 Range=bytes=831033455-831132033 Recieved
28/Jul/2026:14:19:44.539954 e0adc61f Range=bytes=569832357-570733180 Recieved
28/Jul/2026:14:19:44.541286 60088b92 Range=bytes=472580560-473463475 Recieved
28/Jul/2026:14:19:44.550309 36e1e31c Range=bytes=682697996-683585727 Recieved
28/Jul/2026:14:19:44.552911 e2f5d396 Range=bytes=655357471-656251227 Recieved
28/Jul/2026:14:19:44.553523 ad5b78d8 Range=bytes=835095199-835234220 Recieved
28/Jul/2026:14:19:44.556805 b5b2afa0 Range=bytes=835337755-835436006 Recieved
28/Jul/2026:14:19:44.559089 5568d813 Range=bytes=806482749-806688871 Recieved
28/Jul/2026:14:19:44.559769 107e0ebd Range=bytes=831223479-831318248 Recieved
28/Jul/2026:14:19:44.559929 8a11ff55 Range=bytes=831132034-831223478 Recieved
28/Jul/2026:14:19:44.580836 f9465415 Range=bytes=438672915-439565381 Recieved
28/Jul/2026:14:19:44.584752 1262fbb7 Range=bytes=835234221-835337754 Recieved
28/Jul/2026:14:19:44.591367 fe4cf3ee Range=bytes=649882761-650790070 Recieved
28/Jul/2026:14:19:44.616395 1151cb90 Range=bytes=839483693-839586950 Recieved
28/Jul/2026:14:19:44.624257 543f545a Range=bytes=722831133-723754923 Recieved
Thread for range[114,118] completed | Latency: 2.4777s 
28/Jul/2026:14:19:44.626822 1670d21e Range=bytes=839374749-839483692 Recieved
28/Jul/2026:14:19:44.626919 e78087a8 Range=bytes=1197551734-1198442236
28/Jul/2026:14:19:44.626994 391de71f Range=bytes=1198442237-1199326597
28/Jul/2026:14:19:44.627035 e971038f Range=bytes=1199326598-1200262517
28/Jul/2026:14:19:44.627073 09cc09f8 Range=bytes=1200266174-1201170855
28/Jul/2026:14:19:44.627108 a8e83954 Range=bytes=1201365105-1201568097
28/Jul/2026:14:19:44.627141 abd57840 Range=bytes=1201568098-1201780893
28/Jul/2026:14:19:44.627175 aa95185e Range=bytes=1205407775-1205513195
28/Jul/2026:14:19:44.627206 5a1c3b92 Range=bytes=1205513196-1205612698
28/Jul/2026:14:19:44.627245 db9ae6d0 Range=bytes=1201780894-1202675134
28/Jul/2026:14:19:44.627282 c9d2e5b5 Range=bytes=1202675135-1203559718
28/Jul/2026:14:19:44.627315 7994ed16 Range=bytes=1203559719-1204492694
28/Jul/2026:14:19:44.627349 6ef1c82d Range=bytes=1204492695-1205407774
28/Jul/2026:14:19:44.627387 4930308a Range=bytes=1205612699-1205806360
28/Jul/2026:14:19:44.627422 a26f164f Range=bytes=1205806361-1206032085
28/Jul/2026:14:19:44.627460 b753525a Range=bytes=1209652294-1209765457
28/Jul/2026:14:19:44.627524 9ce2b0e6 Range=bytes=1209765458-1209877652
28/Jul/2026:14:19:44.627569 47ae90ab Range=bytes=1206032086-1206923726
28/Jul/2026:14:19:44.627605 9c4903a6 Range=bytes=1206923727-1207811697
28/Jul/2026:14:19:44.627640 83b028f3 Range=bytes=1207811698-1208739430
28/Jul/2026:14:19:44.627674 f71e7bbf Range=bytes=1208739431-1209652293
28/Jul/2026:14:19:44.627706 caa7aad1 Range=bytes=1209877653-1210092024
28/Jul/2026:14:19:44.627746 5b537d67 Range=bytes=1210092025-1210309342
28/Jul/2026:14:19:44.627784 d172a34c Range=bytes=1213897731-1214015633
28/Jul/2026:14:19:44.627815 a6b4edfc Range=bytes=1214015634-1214129062
28/Jul/2026:14:19:44.627843 7b94586c Range=bytes=1210309343-1211191041
28/Jul/2026:14:19:44.627880 9af8915d Range=bytes=1211191042-1212064718
28/Jul/2026:14:19:44.627914 0f2ba7bf Range=bytes=1212064719-1212985327
28/Jul/2026:14:19:44.627946 e5ebdacc Range=bytes=1212985328-1213897730
28/Jul/2026:14:19:44.627976 6ffae46b Range=bytes=1214129063-1214297948
28/Jul/2026:14:19:44.628005 74cd90d7 Range=bytes=1214297949-1214484452
28/Jul/2026:14:19:44.628041 f7dae743 Range=bytes=1218096867-1218209693
28/Jul/2026:14:19:44.628074 40423b86 Range=bytes=1218209694-1218324326
28/Jul/2026:14:19:44.628305 324bd519 Range=bytes=686626395-687528235 Recieved
28/Jul/2026:14:19:44.630376 f0e484a9 Range=bytes=672069899-672976450 Recieved
28/Jul/2026:14:19:44.645091 4b2151a5 Range=bytes=839008891-839203005 Recieved
28/Jul/2026:14:19:44.648937 fecaaaac Range=bytes=661337989-662250191 Recieved
28/Jul/2026:14:19:44.651647 b7e2e78f Range=bytes=839203006-839374748 Recieved
28/Jul/2026:14:19:44.654283 36f17580 Range=bytes=863925524-864038540 Recieved
Thread for range[107,111] completed | Latency: 2.5180s 
28/Jul/2026:14:19:44.664414 68caa9f3 Range=bytes=1222581336-1223478369
28/Jul/2026:14:19:44.664483 9df74a87 Range=bytes=1223478370-1224351173
28/Jul/2026:14:19:44.664526 bb01dcdc Range=bytes=1224351174-1225256115
28/Jul/2026:14:19:44.664569 a5ef5588 Range=bytes=1225256116-1226155840
28/Jul/2026:14:19:44.664601 851e92e4 Range=bytes=1226344342-1226446784
28/Jul/2026:14:19:44.664630 e141467d Range=bytes=1226446785-1226545539
28/Jul/2026:14:19:44.664673 3c398653 Range=bytes=1230130554-1230313674
28/Jul/2026:14:19:44.664742 ee036287 Range=bytes=1230313675-1230454211
28/Jul/2026:14:19:44.664781 dd894993 Range=bytes=1226545540-1227440495
28/Jul/2026:14:19:44.664817 b46d6cd8 Range=bytes=1227440496-1228321107
28/Jul/2026:14:19:44.664854 83a914ab Range=bytes=1228321108-1229225231
28/Jul/2026:14:19:44.664887 2bdb14fd Range=bytes=1229225232-1230126897
28/Jul/2026:14:19:44.664915 adae44fb Range=bytes=1230454212-1230555523
28/Jul/2026:14:19:44.664945 ef0c3651 Range=bytes=1230555524-1230653469
28/Jul/2026:14:19:44.664973 6b41bc8d Range=bytes=1234248263-1234447121
28/Jul/2026:14:19:44.665007 4040c16e Range=bytes=1234447122-1234621463
28/Jul/2026:14:19:44.665036 f9acef4d Range=bytes=1230653470-1231545750
28/Jul/2026:14:19:44.665064 88a2addc Range=bytes=1231545751-1232433619
28/Jul/2026:14:19:44.665091 501adb2a Range=bytes=1232433620-1233344013
28/Jul/2026:14:19:44.665118 e36b4c6d Range=bytes=1233344014-1234248262
28/Jul/2026:14:19:44.665148 9f400e63 Range=bytes=1234621464-1234726707
28/Jul/2026:14:19:44.665178 f5eaff03 Range=bytes=1234726708-1234834076
28/Jul/2026:14:19:44.665208 a42dca37 Range=bytes=1238423361-1238592089
28/Jul/2026:14:19:44.665233 5b14b0e8 Range=bytes=1238592090-1238766274
28/Jul/2026:14:19:44.665259 9d76f0bd Range=bytes=1234834077-1235731161
28/Jul/2026:14:19:44.665284 b4908534 Range=bytes=1235731162-1236628005
28/Jul/2026:14:19:44.665314 217cdb24 Range=bytes=1236628006-1237534165
28/Jul/2026:14:19:44.665343 460b6009 Range=bytes=1237534166-1238423360
28/Jul/2026:14:19:44.665369 656a5b3d Range=bytes=1238766275-1238870726
28/Jul/2026:14:19:44.665393 2f8f5e23 Range=bytes=1238870727-1238975832
28/Jul/2026:14:19:44.665418 8ab129cd Range=bytes=1242568913-1242667105
28/Jul/2026:14:19:44.665444 383acef3 Range=bytes=1242667106-1242747990
28/Jul/2026:14:19:44.667537 a37b9b0d Range=bytes=843327227-843480778 Recieved
28/Jul/2026:14:19:44.674244 608c8887 Range=bytes=680029409-680927022 Recieved
28/Jul/2026:14:19:44.678491 a11e6185 Range=bytes=653029733-653951200 Recieved
28/Jul/2026:14:19:44.686854 5c87edbc Range=bytes=843158687-843327226 Recieved
28/Jul/2026:14:19:44.687566 0f40d5e2 Range=bytes=684851508-685734459 Recieved
28/Jul/2026:14:19:44.688948 d97c7a98 Range=bytes=716889748-717771845 Recieved
28/Jul/2026:14:19:44.689048 4f37339c Range=bytes=648066374-648964501 Recieved
28/Jul/2026:14:19:44.691577 9168d6ec Range=bytes=864038541-864144805 Recieved
28/Jul/2026:14:19:44.692785 52e4bd8e Range=bytes=683956836-684851507 Recieved
28/Jul/2026:14:19:44.695256 dffff61a Range=bytes=662250192-663160012 Recieved
28/Jul/2026:14:19:44.695766 9a3d3502 Range=bytes=572526864-573433340 Recieved
28/Jul/2026:14:19:44.702227 9d3b8ac6 Range=bytes=730986408-731893617 Recieved
28/Jul/2026:14:19:44.710342 d407fc29 Range=bytes=721944040-722831132 Recieved
28/Jul/2026:14:19:44.715907 693b47b3 Range=bytes=766203657-767083997 Recieved
28/Jul/2026:14:19:44.720740 d0e7afbd Range=bytes=868235251-868342592 Recieved
28/Jul/2026:14:19:44.734506 8be35c8a Range=bytes=717771846-718653541 Recieved
28/Jul/2026:14:19:44.743130 5fe45daf Range=bytes=674744883-675646302 Recieved
28/Jul/2026:14:19:44.747166 e23d4cb6 Range=bytes=726983857-727894482 Recieved
28/Jul/2026:14:19:44.760097 f323a46f Range=bytes=872623963-872733771 Recieved
28/Jul/2026:14:19:44.760327 d3af1240 Range=bytes=730098289-730986407 Recieved
28/Jul/2026:14:19:44.763197 4c84c7f0 Range=bytes=859906909-860111158 Recieved
28/Jul/2026:14:19:44.767176 5f1cca94 Range=bytes=653951201-654838510 Recieved
28/Jul/2026:14:19:44.770431 a2d46f83 Range=bytes=868342593-868498888 Recieved
Thread for range[137,141] completed | Latency: 2.6262s 
28/Jul/2026:14:19:44.775698 debf54ff Range=bytes=1259870837-1260745814
28/Jul/2026:14:19:44.775782 a0a4e0b0 Range=bytes=1260745815-1261622240
28/Jul/2026:14:19:44.775820 febf5f83 Range=bytes=1261622241-1262551367
28/Jul/2026:14:19:44.775855 d6e750e3 Range=bytes=1262551368-1263462554
28/Jul/2026:14:19:44.775895 6ee0f28c Range=bytes=1263699455-1263864704
28/Jul/2026:14:19:44.775927 0205db2f Range=bytes=1263864705-1264059242
28/Jul/2026:14:19:44.775955 72bc9603 Range=bytes=1267671705-1267784216
28/Jul/2026:14:19:44.775988 ea9c2af2 Range=bytes=1267784217-1267903691
28/Jul/2026:14:19:44.776023 85b40cdd Range=bytes=1264059243-1264951590
28/Jul/2026:14:19:44.776057 778ed860 Range=bytes=1264951591-1265833623
28/Jul/2026:14:19:44.776086 d631cb81 Range=bytes=1265833624-1266759445
28/Jul/2026:14:19:44.776118 4c801ad4 Range=bytes=1266759446-1267671704
28/Jul/2026:14:19:44.776146 1020d9da Range=bytes=1267903692-1268026566
28/Jul/2026:14:19:44.776173 941ff92a Range=bytes=1268026567-1268180234
28/Jul/2026:14:19:44.776206 3b4117d9 Range=bytes=1271792929-1271904651
28/Jul/2026:14:19:44.776265 34b7efab Range=bytes=1271904652-1272025343
28/Jul/2026:14:19:44.776314 0790ab0a Range=bytes=1268180235-1269087228
28/Jul/2026:14:19:44.776352 6fd870c2 Range=bytes=1269087229-1269974735
28/Jul/2026:14:19:44.776388 49837385 Range=bytes=1269974736-1270889997
28/Jul/2026:14:19:44.776422 43dc1ed4 Range=bytes=1270889998-1271792928
28/Jul/2026:14:19:44.776452 f44cdece Range=bytes=1272025344-1272114330
28/Jul/2026:14:19:44.776483 5031aa2d Range=bytes=1272114331-1272219782
28/Jul/2026:14:19:44.776514 f40fcc23 Range=bytes=1275821518-1275921607
28/Jul/2026:14:19:44.776548 5ccd973b Range=bytes=1275921608-1276029505
28/Jul/2026:14:19:44.776578 4e769dab Range=bytes=1272219783-1273123361
28/Jul/2026:14:19:44.776605 b63b507e Range=bytes=1273123362-1274006926
28/Jul/2026:14:19:44.776636 88f17b1f Range=bytes=1274006927-1274918562
28/Jul/2026:14:19:44.776668 f3f2e290 Range=bytes=1274918563-1275821517
28/Jul/2026:14:19:44.776696 fb86459b Range=bytes=1276029506-1276135291
28/Jul/2026:14:19:44.776728 756c2744 Range=bytes=1276135292-1276232856
28/Jul/2026:14:19:44.776754 bb9ddf01 Range=bytes=1279795873-1279988950
28/Jul/2026:14:19:44.776781 197c14f8 Range=bytes=1279988951-1280133994
28/Jul/2026:14:19:44.777075 e0fbba71 Range=bytes=872425440-872542443 Recieved
28/Jul/2026:14:19:44.778482 d9059cd4 Range=bytes=721043833-721944039 Recieved
28/Jul/2026:14:19:44.780244 ba1d0e83 Range=bytes=834907026-835095198 Recieved
28/Jul/2026:14:19:44.780747 b8b5ddfa Range=bytes=676058942-676969141 Recieved
28/Jul/2026:14:19:44.783485 aca33885 Range=bytes=868498889-868679397 Recieved
28/Jul/2026:14:19:44.784677 e36a62c5 Range=bytes=864144806-864305908 Recieved
28/Jul/2026:14:19:44.785300 3961e24e Range=bytes=876343105-876447698 Recieved
28/Jul/2026:14:19:44.786837 e9fce563 Range=bytes=651228524-652133222 Recieved
28/Jul/2026:14:19:44.789051 a2f0497d Range=bytes=860111159-860341447 Recieved
28/Jul/2026:14:19:44.805670 e288bf6e Range=bytes=864305909-864526184 Recieved
28/Jul/2026:14:19:44.815021 485b6496 Range=bytes=872542444-872623962 Recieved
28/Jul/2026:14:19:44.818386 cea869bb Range=bytes=876447699-876555464 Recieved
28/Jul/2026:14:19:44.819583 57a4ac02 Range=bytes=673860198-674744882 Recieved
28/Jul/2026:14:19:44.820090 19e5128a Range=bytes=677850780-678759562 Recieved
28/Jul/2026:14:19:44.821876 1e7c7bf1 Range=bytes=868118912-868235250 Recieved
28/Jul/2026:14:19:44.822320 ef8c7ecc Range=bytes=681795885-682697995 Recieved
28/Jul/2026:14:19:44.822625 1ca58d18 Range=bytes=731897274-732795987 Recieved
28/Jul/2026:14:19:44.826241 d18d99c9 Range=bytes=757708077-758605299 Recieved
28/Jul/2026:14:19:44.828336 61d289a0 Range=bytes=723754924-724664422 Recieved
28/Jul/2026:14:19:44.835145 bf4d7898 Range=bytes=917562539-917678111 Recieved
28/Jul/2026:14:19:44.842308 39da078b Range=bytes=917678112-917785463 Recieved
28/Jul/2026:14:19:44.845406 e8a5ac77 Range=bytes=872308589-872425439 Recieved
28/Jul/2026:14:19:44.865352 6c53473f Range=bytes=764659982-765574494 Recieved
28/Jul/2026:14:19:44.880945 8d5799ca Range=bytes=718653542-719579416 Recieved
28/Jul/2026:14:19:44.882310 c58ca251 Range=bytes=658069611-658970859 Recieved
28/Jul/2026:14:19:44.883851 8f8b63e5 Range=bytes=761969080-762851147 Recieved
28/Jul/2026:14:19:44.884480 6c74d94e Range=bytes=921862906-921984858 Recieved
28/Jul/2026:14:19:44.885761 8f015512 Range=bytes=685734460-686626394 Recieved
28/Jul/2026:14:19:44.886766 f550a936 Range=bytes=917957362-918141925 Recieved
28/Jul/2026:14:19:44.889601 4a2340f1 Range=bytes=768882398-769788689 Recieved
28/Jul/2026:14:19:44.890275 5704b7b5 Range=bytes=917785464-917957361 Recieved
28/Jul/2026:14:19:44.894027 194a9610 Range=bytes=832210566-833099401 Recieved
28/Jul/2026:14:19:44.911351 eaf95202 Range=bytes=727894483-728797326 Recieved
28/Jul/2026:14:19:44.912164 ce79425d Range=bytes=913599863-913792536 Recieved
28/Jul/2026:14:19:44.913978 1468e016 Range=bytes=921984859-922113373 Recieved
28/Jul/2026:14:19:44.917173 1b82bc27 Range=bytes=753484099-754377061 Recieved
28/Jul/2026:14:19:44.920423 b1ee4d5b Range=bytes=797079638-797966646 Recieved
28/Jul/2026:14:19:44.925792 f799a614 Range=bytes=762851148-763738162 Recieved
28/Jul/2026:14:19:44.926855 941f9adb Range=bytes=726088639-726983856 Recieved
28/Jul/2026:14:19:44.926998 1860f01a Range=bytes=719579417-720489990 Recieved
28/Jul/2026:14:19:44.929151 ef23b6e9 Range=bytes=926145716-926235179 Recieved
28/Jul/2026:14:19:44.934839 f27a685b Range=bytes=929822322-929918593 Recieved
28/Jul/2026:14:19:44.938656 dc400368 Range=bytes=925939786-926048877 Recieved
28/Jul/2026:14:19:44.938877 d1b39cee Range=bytes=826059437-826966466 Recieved
28/Jul/2026:14:19:44.940818 c4c52211 Range=bytes=926048878-926145715 Recieved
28/Jul/2026:14:19:44.943554 ab6690c2 Range=bytes=763738163-764659981 Recieved
28/Jul/2026:14:19:44.948808 e6caf617 Range=bytes=953982742-954081266 Recieved
28/Jul/2026:14:19:44.949327 c6e97d65 Range=bytes=925836357-925939785 Recieved
28/Jul/2026:14:19:44.952265 e9d6c30a Range=bytes=794388455-795285594 Recieved
28/Jul/2026:14:19:44.952852 33341e5b Range=bytes=798323845-799227186 Recieved
28/Jul/2026:14:19:44.957977 6fbe4566 Range=bytes=922113374-922232210 Recieved
28/Jul/2026:14:19:44.959938 77ae218c Range=bytes=791287728-792184752 Recieved
28/Jul/2026:14:19:44.975979 9ebd86e5 Range=bytes=725184092-726088638 Recieved
28/Jul/2026:14:19:44.976069 5a230fff Range=bytes=921753407-921862905 Recieved
28/Jul/2026:14:19:44.977417 f13da7b3 Range=bytes=954081267-954172013 Recieved
28/Jul/2026:14:19:44.977676 8aed6548 Range=bytes=929918594-930024666 Recieved
28/Jul/2026:14:19:44.985255 d1bdaa65 Range=bytes=950144914-950343103 Recieved
28/Jul/2026:14:19:44.985773 b20674bd Range=bytes=949951435-950144913 Recieved
28/Jul/2026:14:19:44.987229 8b818a4e Range=bytes=756191589-757091712 Recieved
28/Jul/2026:14:19:44.993342 68facf92 Range=bytes=758605300-759497059 Recieved
28/Jul/2026:14:19:44.994730 d73c3409 Range=bytes=958341733-958446338 Recieved
28/Jul/2026:14:19:44.997055 95441c66 Range=bytes=678759563-679660474 Recieved
28/Jul/2026:14:19:45.005118 e922a39c Range=bytes=680927023-681795884 Recieved
28/Jul/2026:14:19:45.011215 42aaa1c9 Range=bytes=767964457-768882397 Recieved
28/Jul/2026:14:19:45.012614 4354483e Range=bytes=958235021-958341732 Recieved
28/Jul/2026:14:19:45.015069 49322f3a Range=bytes=754377062-755262882 Recieved
28/Jul/2026:14:19:45.020348 20741b45 Range=bytes=793106981-793999662 Recieved
28/Jul/2026:14:19:45.022730 b2331412 Range=bytes=792184753-793106980 Recieved
28/Jul/2026:14:19:45.025496 8077095f Range=bytes=962584545-962689839 Recieved
28/Jul/2026:14:19:45.028634 245e82cd Range=bytes=767083998-767964456 Recieved
28/Jul/2026:14:19:45.028725 41ee51ba Range=bytes=966780863-966886278 Recieved
28/Jul/2026:14:19:45.029592 91c77d63 Range=bytes=660448533-661337988 Recieved
28/Jul/2026:14:19:45.034641 df6bd114 Range=bytes=962468537-962584544 Recieved
28/Jul/2026:14:19:45.040931 5528c874 Range=bytes=825149656-826059436 Recieved
28/Jul/2026:14:19:45.053007 190cb503 Range=bytes=958644350-958866359 Recieved
28/Jul/2026:14:19:45.056449 f3c89d09 Range=bytes=824262416-825149655 Recieved
28/Jul/2026:14:19:45.060635 6c104c2f Range=bytes=796181226-797079637 Recieved
28/Jul/2026:14:19:45.061175 2e376bb8 Range=bytes=966664809-966780862 Recieved
28/Jul/2026:14:19:45.062658 a90afcac Range=bytes=913792537-913976409 Recieved
28/Jul/2026:14:19:45.072244 3e4362c7 Range=bytes=991494457-991606601 Recieved
28/Jul/2026:14:19:45.073883 16f31593 Range=bytes=759497060-760426075 Recieved
28/Jul/2026:14:19:45.082936 bfbb1942 Range=bytes=991385862-991494456 Recieved
Thread for range[165,169] completed | Latency: 2.9253s 
28/Jul/2026:14:19:45.088990 e04ba98e Range=bytes=995306742-995400537 Recieved
28/Jul/2026:14:19:45.089295 e35d9064 Range=bytes=1284392425-1285284857
28/Jul/2026:14:19:45.089394 8a857664 Range=bytes=1285284858-1286175265
28/Jul/2026:14:19:45.089445 ac7731a3 Range=bytes=1286175266-1287078885
28/Jul/2026:14:19:45.089484 dbfa89dd Range=bytes=1287078886-1287968373
28/Jul/2026:14:19:45.089518 46092376 Range=bytes=1288272862-1288385153
28/Jul/2026:14:19:45.089552 f4078bd0 Range=bytes=1288385154-1288499519
28/Jul/2026:14:19:45.089585 d84e6938 Range=bytes=1292101114-1292221361
28/Jul/2026:14:19:45.089621 e8e47080 Range=bytes=1292221362-1292332168
28/Jul/2026:14:19:45.089721 6d58e7cd Range=bytes=1288499520-1289403244
28/Jul/2026:14:19:45.089768 5924ea08 Range=bytes=1289403245-1290293744
28/Jul/2026:14:19:45.089858 a7e536f1 Range=bytes=1290293745-1291209638
28/Jul/2026:14:19:45.089896 f9aa23ad Range=bytes=1291209639-1292101113
28/Jul/2026:14:19:45.089926 056784a3 Range=bytes=1292332169-1292447687
28/Jul/2026:14:19:45.089962 4a7087a4 Range=bytes=1292447688-1292562903
28/Jul/2026:14:19:45.089993 909fa3d7 Range=bytes=1296181031-1296274306
28/Jul/2026:14:19:45.090062 d129da00 Range=bytes=1296274307-1296365531
28/Jul/2026:14:19:45.090104 c7b85876 Range=bytes=1292562904-1293463653
28/Jul/2026:14:19:45.090148 3b4f2b75 Range=bytes=1293463654-1294363155
28/Jul/2026:14:19:45.090206 82850a73 Range=bytes=1294363156-1295281715
28/Jul/2026:14:19:45.090248 a373f2e1 Range=bytes=1295281716-1296181030
28/Jul/2026:14:19:45.090284 45def7ea Range=bytes=1296365532-1296549278
28/Jul/2026:14:19:45.090623 3740755d Range=bytes=1296549279-1296749087
28/Jul/2026:14:19:45.090714 7b00cf1f Range=bytes=1300381180-1300484390
28/Jul/2026:14:19:45.090757 f0a9e335 Range=bytes=1300484391-1300581860
28/Jul/2026:14:19:45.090803 7f5546d2 Range=bytes=1296749088-1297648870
28/Jul/2026:14:19:45.090841 4db412e0 Range=bytes=1297648871-1298546223
28/Jul/2026:14:19:45.090873 5244cb1f Range=bytes=1298546224-1299480402
28/Jul/2026:14:19:45.090907 ffdf5d66 Range=bytes=1299480403-1300381179
28/Jul/2026:14:19:45.090945 90a995d3 Range=bytes=1300581861-1300799751
28/Jul/2026:14:19:45.090983 502395fd Range=bytes=1300799752-1301026423
28/Jul/2026:14:19:45.091013 ea500b05 Range=bytes=1304636733-1304747440
28/Jul/2026:14:19:45.091041 ddfa837e Range=bytes=1304747441-1304851647
28/Jul/2026:14:19:45.091679 71575d04 Range=bytes=987257866-987368604 Recieved
28/Jul/2026:14:19:45.092403 d480db0c Range=bytes=954172014-954385482 Recieved
28/Jul/2026:14:19:45.092615 b0a71820 Range=bytes=828260587-829140935 Recieved
28/Jul/2026:14:19:45.099466 e0114dfd Range=bytes=795285595-796181225 Recieved
28/Jul/2026:14:19:45.101197 be65c150 Range=bytes=790387473-791287727 Recieved
28/Jul/2026:14:19:45.102879 593008bd Range=bytes=954385483-954618363 Recieved
28/Jul/2026:14:19:45.104353 bc1327a4 Range=bytes=995205733-995306741 Recieved
Thread for range[159,163] completed | Latency: 2.9631s 
28/Jul/2026:14:19:45.114259 68e130a0 Range=bytes=1317790284-1318698416
28/Jul/2026:14:19:45.114327 e7c6cd6c Range=bytes=1318698417-1319577434
28/Jul/2026:14:19:45.114372 f1ddf51b Range=bytes=1319577435-1320486669
28/Jul/2026:14:19:45.114407 54057d51 Range=bytes=1320486670-1321390558
28/Jul/2026:14:19:45.114445 a1254de3 Range=bytes=1321614720-1321709429
28/Jul/2026:14:19:45.114478 b83a3e0c Range=bytes=1321709430-1321809059
28/Jul/2026:14:19:45.114507 7ba0f48a Range=bytes=1325400910-1325538163
28/Jul/2026:14:19:45.114536 aed46907 Range=bytes=1325538164-1325645901
28/Jul/2026:14:19:45.114564 76906fbe Range=bytes=1321809060-1322719379
28/Jul/2026:14:19:45.114598 d72ac366 Range=bytes=1322719380-1323593277
28/Jul/2026:14:19:45.114628 4a18b90e Range=bytes=1323593278-1324497107
28/Jul/2026:14:19:45.114657 f91070f6 Range=bytes=1324497108-1325400909
28/Jul/2026:14:19:45.114683 c4eaa25b Range=bytes=1325645902-1325755820
28/Jul/2026:14:19:45.114710 1e250c42 Range=bytes=1325755821-1325855758
28/Jul/2026:14:19:45.114737 49ef27f1 Range=bytes=1329414861-1329626227
28/Jul/2026:14:19:45.114768 63d4dc0c Range=bytes=1329626228-1329802577
28/Jul/2026:14:19:45.114800 e036a652 Range=bytes=1325855759-1326749874
28/Jul/2026:14:19:45.114827 8c1bb0b1 Range=bytes=1326749875-1327632339
28/Jul/2026:14:19:45.114853 ce33ee23 Range=bytes=1327632340-1328522718
28/Jul/2026:14:19:45.114879 b7c3e6de Range=bytes=1328522719-1329414860
28/Jul/2026:14:19:45.114905 648af256 Range=bytes=1329802578-1329918845
28/Jul/2026:14:19:45.114937 c4281ca3 Range=bytes=1329918846-1330019952
28/Jul/2026:14:19:45.114965 15128f24 Range=bytes=1333578230-1333735718
28/Jul/2026:14:19:45.114992 99bf8e8a Range=bytes=1333735719-1333845251
28/Jul/2026:14:19:45.115017 afa45dc5 Range=bytes=1330019953-1330914266
28/Jul/2026:14:19:45.115045 53f51ff9 Range=bytes=1330914267-1331786773
28/Jul/2026:14:19:45.115071 96f2d9ae Range=bytes=1331786774-1332677859
28/Jul/2026:14:19:45.115104 6fdd95db Range=bytes=1332677860-1333578229
28/Jul/2026:14:19:45.115132 f271b840 Range=bytes=1333845252-1333961690
28/Jul/2026:14:19:45.115158 9d7772aa Range=bytes=1333961691-1334069936
28/Jul/2026:14:19:45.115184 e5c2e491 Range=bytes=1337628031-1337726230
28/Jul/2026:14:19:45.115211 7fe19306 Range=bytes=1337726231-1337808241
28/Jul/2026:14:19:45.119633 9f44f112 Range=bytes=958446339-958644349 Recieved
28/Jul/2026:14:19:45.120298 1eb222e2 Range=bytes=991256066-991385861 Recieved
28/Jul/2026:14:19:45.121629 fd412748 Range=bytes=999333797-999414189 Recieved
28/Jul/2026:14:19:45.127781 92d97699 Range=bytes=999237455-999333796 Recieved
28/Jul/2026:14:19:45.128849 a7a5ab95 Range=bytes=827353500-828260586 Recieved
28/Jul/2026:14:19:45.130873 a09047a8 Range=bytes=962689840-962868607 Recieved
28/Jul/2026:14:19:45.135246 4a034199 Range=bytes=829140936-830047086 Recieved
28/Jul/2026:14:19:45.136360 c96ba9ae Range=bytes=995400538-995506541 Recieved
28/Jul/2026:14:19:45.137427 9f662748 Range=bytes=856077755-856963479 Recieved
28/Jul/2026:14:19:45.142007 be90d423 Range=bytes=991073383-991256065 Recieved
28/Jul/2026:14:19:45.147410 1ba2a379 Range=bytes=995506542-995614503 Recieved
28/Jul/2026:14:19:45.148891 787af482 Range=bytes=987368605-987481768 Recieved
28/Jul/2026:14:19:45.151517 592833ff Range=bytes=962868608-963077046 Recieved
28/Jul/2026:14:19:45.155780 7eb4b4bc Range=bytes=1003522846-1003611197 Recieved
28/Jul/2026:14:19:45.164312 9e010eab Range=bytes=755262883-756191588 Recieved
28/Jul/2026:14:19:45.173312 8addf423 Range=bytes=1003425932-1003522845 Recieved
28/Jul/2026:14:19:45.180207 f0174d2b Range=bytes=729196944-730098288 Recieved
28/Jul/2026:14:19:45.181922 384b81c6 Range=bytes=837205754-838109957 Recieved
28/Jul/2026:14:19:45.187493 26a89cde Range=bytes=760426076-761335614 Recieved
28/Jul/2026:14:19:45.187950 b36123d5 Range=bytes=833099402-834004340 Recieved
28/Jul/2026:14:19:45.202040 2f336503 Range=bytes=803368537-804259728 Recieved
28/Jul/2026:14:19:45.203407 d2058b94 Range=bytes=800127308-801045268 Recieved
28/Jul/2026:14:19:45.209913 e9738d35 Range=bytes=1024374468-1024471600 Recieved
28/Jul/2026:14:19:45.212133 7f5aadcf Range=bytes=999614523-999794361 Recieved
28/Jul/2026:14:19:45.213184 f4c7aeb3 Range=bytes=799227187-800127307 Recieved
28/Jul/2026:14:19:45.214246 c607d273 Range=bytes=1020317325-1020426014 Recieved
28/Jul/2026:14:19:45.218632 479d950c Range=bytes=1020426015-1020540487 Recieved
28/Jul/2026:14:19:45.224464 7e25b808 Range=bytes=1020658143-1020772729 Recieved
28/Jul/2026:14:19:45.238264 7f905614 Range=bytes=999414190-999614522 Recieved
28/Jul/2026:14:19:45.241730 8ec6392d Range=bytes=801045269-801938756 Recieved
28/Jul/2026:14:19:45.241900 f27fc5de Range=bytes=1016507176-1016701213 Recieved
28/Jul/2026:14:19:45.247875 a702986e Range=bytes=1024475257-1024591947 Recieved
28/Jul/2026:14:19:45.250274 f557a63d Range=bytes=1016328467-1016507175 Recieved
28/Jul/2026:14:19:45.251438 091f603c Range=bytes=1028477447-1028580892 Recieved
28/Jul/2026:14:19:45.251752 f45b1142 Range=bytes=1020540488-1020658142 Recieved
28/Jul/2026:14:19:45.259369 63b595b3 Range=bytes=1024591948-1024688513 Recieved
Thread for range[176,180] completed | Latency: 1.8295s 
28/Jul/2026:14:19:45.265851 52d25090 Range=bytes=1363111433-1364026104
28/Jul/2026:14:19:45.265956 733a84ed Range=bytes=1364026105-1364900579
28/Jul/2026:14:19:45.266005 3baf8073 Range=bytes=1364900580-1365800136
28/Jul/2026:14:19:45.266073 3c103221 Range=bytes=1365800137-1366699954
28/Jul/2026:14:19:45.266128 59139622 Range=bytes=1366926798-1367041586
28/Jul/2026:14:19:45.266169 447344f8 Range=bytes=1367041587-1367179169
28/Jul/2026:14:19:45.266204 052816ad Range=bytes=1370772023-1370873808
28/Jul/2026:14:19:45.266237 a9383e78 Range=bytes=1370873809-1370986062
28/Jul/2026:14:19:45.266271 5120a674 Range=bytes=1367179170-1368089298
28/Jul/2026:14:19:45.266305 88ebb4d3 Range=bytes=1368089299-1368966773
28/Jul/2026:14:19:45.266353 a354b94d Range=bytes=1368966774-1369873756
28/Jul/2026:14:19:45.266429 7a05bdc2 Range=bytes=1369873757-1370772022
28/Jul/2026:14:19:45.266476 8645a9b3 Range=bytes=1370986063-1371084385
28/Jul/2026:14:19:45.266521 e62b47cc Range=bytes=1371084386-1371186797
28/Jul/2026:14:19:45.266580 4be5d7bd Range=bytes=1374767610-1374868609
28/Jul/2026:14:19:45.266617 9e1dc9d8 Range=bytes=1374868610-1374968118
28/Jul/2026:14:19:45.266651 49c2c792 Range=bytes=1371186798-1372099400
28/Jul/2026:14:19:45.266686 5b8bcaa2 Range=bytes=1372099401-1372976874
28/Jul/2026:14:19:45.266720 faf0d349 Range=bytes=1372976875-1373877305
28/Jul/2026:14:19:45.266755 7dac636a Range=bytes=1373877306-1374767609
28/Jul/2026:14:19:45.266785 cc8135c7 Range=bytes=1374968119-1375072335
28/Jul/2026:14:19:45.266822 b711cd41 Range=bytes=1375072336-1375166098
28/Jul/2026:14:19:45.266858 510c1a41 Range=bytes=1378726300-1378812115
28/Jul/2026:14:19:45.266888 cb6ed165 Range=bytes=1378812116-1378892119
28/Jul/2026:14:19:45.266919 c03e237e Range=bytes=1375166099-1376068386
28/Jul/2026:14:19:45.266947 c29bcf6d Range=bytes=1376072043-1376954190
28/Jul/2026:14:19:45.266984 fc0f1baf Range=bytes=1376954191-1377835012
28/Jul/2026:14:19:45.267019 9feb7b34 Range=bytes=1377835013-1378726299
28/Jul/2026:14:19:45.267049 b165bdef Range=bytes=1378892120-1378996000
28/Jul/2026:14:19:45.267077 aa9c24e5 Range=bytes=1378996001-1379091208
28/Jul/2026:14:19:45.267105 1eef3893 Range=bytes=1382661020-1382804330
28/Jul/2026:14:19:45.267140 46124c46 Range=bytes=1382804331-1382919232
28/Jul/2026:14:19:45.274497 559cc550 Range=bytes=1028376424-1028477446 Recieved
28/Jul/2026:14:19:45.276155 5932bdb3 Range=bytes=1028580893-1028678930 Recieved
Thread for range[185,189] completed | Latency: 1.7366s 
28/Jul/2026:14:19:45.279531 b0acdbbb Range=bytes=1416558526-1417461570
28/Jul/2026:14:19:45.279591 2ffb8897 Range=bytes=1417461571-1418339385
28/Jul/2026:14:19:45.279629 01d7042f Range=bytes=1418339386-1419253502
28/Jul/2026:14:19:45.279667 6c9eed1f Range=bytes=1419253503-1420154834
28/Jul/2026:14:19:45.279699 8aa60a62 Range=bytes=1420371913-1420456723
28/Jul/2026:14:19:45.279726 f8438b30 Range=bytes=1420456724-1420551045
28/Jul/2026:14:19:45.279756 ea660b6e Range=bytes=1424147924-1424248208
28/Jul/2026:14:19:45.279783 8388e0dc Range=bytes=1424248209-1424354690
28/Jul/2026:14:19:45.279817 0f8da479 Range=bytes=1420551046-1421456987
28/Jul/2026:14:19:45.279851 38dc898c Range=bytes=1421456988-1422337868
28/Jul/2026:14:19:45.279885 d03b16b2 Range=bytes=1422337869-1423243900
28/Jul/2026:14:19:45.279913 6c4e9c75 Range=bytes=1423243901-1424147923
28/Jul/2026:14:19:45.279943 30ee829a Range=bytes=1424354691-1424456687
28/Jul/2026:14:19:45.279980 461b99d6 Range=bytes=1424456688-1424551419
28/Jul/2026:14:19:45.280013 feb6b7d5 Range=bytes=1428131245-1428329355
28/Jul/2026:14:19:45.280040 3ae03aa7 Range=bytes=1428329356-1428495161
28/Jul/2026:14:19:45.280066 638b07c6 Range=bytes=1424551420-1425448506
28/Jul/2026:14:19:45.280092 5a05db25 Range=bytes=1425448507-1426330955
28/Jul/2026:14:19:45.280119 2b840f01 Range=bytes=1426330956-1427232674
28/Jul/2026:14:19:45.280151 63b72f68 Range=bytes=1427232675-1428131244
28/Jul/2026:14:19:45.280178 711e26e2 Range=bytes=1428495162-1428604279
28/Jul/2026:14:19:45.280206 b7abe135 Range=bytes=1428604280-1428702704
28/Jul/2026:14:19:45.280232 ddb6005e Range=bytes=1432283413-1432488049
28/Jul/2026:14:19:45.280258 920ae897 Range=bytes=1432488050-1432607175
28/Jul/2026:14:19:45.280284 03f1c981 Range=bytes=1428702705-1429592370
28/Jul/2026:14:19:45.280317 3338b206 Range=bytes=1429592371-1430483311
28/Jul/2026:14:19:45.280349 87d04e0c Range=bytes=1430483312-1431383059
28/Jul/2026:14:19:45.280376 9cda2fc9 Range=bytes=1431383060-1432283412
28/Jul/2026:14:19:45.280403 6528081a Range=bytes=1432607176-1432718128
28/Jul/2026:14:19:45.280430 31ceb69f Range=bytes=1432718129-1432833595
28/Jul/2026:14:19:45.280457 30b91346 Range=bytes=1436421161-1436549332
28/Jul/2026:14:19:45.280488 eb43e485 Range=bytes=1436549333-1436641456
28/Jul/2026:14:19:45.282277 d989b3e6 Range=bytes=835436007-836323267 Recieved
28/Jul/2026:14:19:45.290935 706f7e0b Range=bytes=805192595-806093744 Recieved
28/Jul/2026:14:19:45.301214 a65eb618 Range=bytes=823353710-824262415 Recieved
28/Jul/2026:14:19:45.302128 2dd165b6 Range=bytes=1024688514-1024796170 Recieved
28/Jul/2026:14:19:45.303535 039847d1 Range=bytes=802474180-803368536 Recieved
28/Jul/2026:14:19:45.315242 3821069b Range=bytes=1032565081-1032726839 Recieved
28/Jul/2026:14:19:45.315896 4bf4303b Range=bytes=1176903555-1177002925 Recieved
28/Jul/2026:14:19:45.320708 6c005358 Range=bytes=1028678931-1028783509 Recieved
28/Jul/2026:14:19:45.353569 f2eaf346 Range=bytes=1032368482-1032565080 Recieved
28/Jul/2026:14:19:45.353743 15ed477f Range=bytes=804259729-805192594 Recieved
28/Jul/2026:14:19:45.356054 12259f34 Range=bytes=1181071879-1181175097 Recieved
28/Jul/2026:14:19:45.356169 73e6295a Range=bytes=836323268-837205753 Recieved
28/Jul/2026:14:19:45.357689 84156b41 Range=bytes=1177002926-1177110086 Recieved
28/Jul/2026:14:19:45.367273 37ae98ee Range=bytes=1181175098-1181274319 Recieved
28/Jul/2026:14:19:45.371827 d7e71dd7 Range=bytes=910654117-911532912 Recieved
28/Jul/2026:14:19:45.372913 21723aad Range=bytes=1180904565-1181071878 Recieved
28/Jul/2026:14:19:45.379207 2d7097ae Range=bytes=1180699054-1180904564 Recieved
28/Jul/2026:14:19:45.408532 b4488753 Range=bytes=834004341-834907025 Recieved
28/Jul/2026:14:19:45.415121 eae68243 Range=bytes=864526185-865408866 Recieved
28/Jul/2026:14:19:45.419970 60e6e7ac Range=bytes=924935722-925836356 Recieved
28/Jul/2026:14:19:45.421070 b3908941 Range=bytes=1185161663-1185275505 Recieved
28/Jul/2026:14:19:45.425114 e111f338 Range=bytes=1184843816-1185011139 Recieved
Thread for range[194,198] completed | Latency: 1.8533s 
28/Jul/2026:14:19:45.428443 0899a47c Range=bytes=1440839659-1441735757
28/Jul/2026:14:19:45.428526 715e4cf6 Range=bytes=1441735758-1442635422
28/Jul/2026:14:19:45.428573 b887ddb7 Range=bytes=1442635423-1443557219
28/Jul/2026:14:19:45.428611 d72edb90 Range=bytes=1443557220-1444456722
28/Jul/2026:14:19:45.428644 5ba35828 Range=bytes=1444612864-1444836775
28/Jul/2026:14:19:45.428675 f3b21ac2 Range=bytes=1444836776-1445029288
28/Jul/2026:14:19:45.428709 08c59c5c Range=bytes=1448667938-1448764432
28/Jul/2026:14:19:45.428743 7ce3a0de Range=bytes=1448764433-1448856722
28/Jul/2026:14:19:45.428773 eb2f78fd Range=bytes=1445029289-1445924562
28/Jul/2026:14:19:45.428803 e17cf77e Range=bytes=1445924563-1446822379
28/Jul/2026:14:19:45.428831 b6a3b277 Range=bytes=1446822380-1447754490
28/Jul/2026:14:19:45.428860 b1d125d7 Range=bytes=1447754491-1448667937
28/Jul/2026:14:19:45.428893 3ef46053 Range=bytes=1448856723-1449081046
28/Jul/2026:14:19:45.428923 827c2c15 Range=bytes=1449081047-1449314185
28/Jul/2026:14:19:45.428950 f218e37a Range=bytes=1452920192-1453024519
28/Jul/2026:14:19:45.428977 9b91bcfb Range=bytes=1453024520-1453122933
28/Jul/2026:14:19:45.429005 2ed38875 Range=bytes=1449314186-1450195657
28/Jul/2026:14:19:45.429034 a4a89a0a Range=bytes=1450195658-1451080699
28/Jul/2026:14:19:45.429066 9d9628ea Range=bytes=1451080700-1452005269
28/Jul/2026:14:19:45.429095 a2ddc07e Range=bytes=1452005270-1452920191
28/Jul/2026:14:19:45.429122 111a676e Range=bytes=1453122934-1453329839
28/Jul/2026:14:19:45.429149 fa00c4d6 Range=bytes=1453329840-1453549915
28/Jul/2026:14:19:45.429176 331d03bc Range=bytes=1457161496-1457279875
28/Jul/2026:14:19:45.429208 661350a6 Range=bytes=1457279876-1457391330
28/Jul/2026:14:19:45.429237 2a702144 Range=bytes=1453549916-1454431325
28/Jul/2026:14:19:45.429265 42bce839 Range=bytes=1454431326-1455315920
28/Jul/2026:14:19:45.429291 43f24811 Range=bytes=1455315921-1456245762
28/Jul/2026:14:19:45.429317 7ef0fac3 Range=bytes=1456245763-1457161495
28/Jul/2026:14:19:45.429343 8f1ec922 Range=bytes=1457391331-1457575476
28/Jul/2026:14:19:45.429374 d4f5b5f4 Range=bytes=1457575477-1457781999
28/Jul/2026:14:19:45.429403 c25a9e78 Range=bytes=1461365432-1461484146
28/Jul/2026:14:19:45.429432 da3a6aa3 Range=bytes=1461484147-1461600815
28/Jul/2026:14:19:45.431777 1006930e Range=bytes=1189089706-1189195268 Recieved
28/Jul/2026:14:19:45.436062 343ebc13 Range=bytes=1185011140-1185161662 Recieved
28/Jul/2026:14:19:45.436882 6e8b8f97 Range=bytes=831318249-832210565 Recieved
28/Jul/2026:14:19:45.437729 348208f0 Range=bytes=990180069-991073382 Recieved
28/Jul/2026:14:19:45.445192 a6242d2f Range=bytes=863013542-863925523 Recieved
28/Jul/2026:14:19:45.448212 f84fae25 Range=bytes=1185275506-1185387123 Recieved
28/Jul/2026:14:19:45.474858 01ea5efd Range=bytes=856963480-857854294 Recieved
28/Jul/2026:14:19:45.478787 c6b04e6a Range=bytes=868679398-869584348 Recieved
28/Jul/2026:14:19:45.480660 3a7e009f Range=bytes=860341448-861219480 Recieved
28/Jul/2026:14:19:45.480846 acb33baf Range=bytes=838109958-839008890 Recieved
28/Jul/2026:14:19:45.485222 c71d2750 Range=bytes=1188967182-1189089705 Recieved
28/Jul/2026:14:19:45.505648 87d6af85 Range=bytes=914849596-915733968 Recieved
28/Jul/2026:14:19:45.510542 a6c14e0b Range=bytes=923137340-924025959 Recieved
28/Jul/2026:14:19:45.513060 c4f4b94a Range=bytes=946152956-947055887 Recieved
28/Jul/2026:14:19:45.515769 836eac6b Range=bytes=912461088-913375755 Recieved
28/Jul/2026:14:19:45.518892 d030e4c9 Range=bytes=920846153-921753406 Recieved
28/Jul/2026:14:19:45.520395 a56a8554 Range=bytes=953072215-953982741 Recieved
28/Jul/2026:14:19:45.526567 e19164b4 Range=bytes=861219481-862094681 Recieved
28/Jul/2026:14:19:45.532082 c8db045b Range=bytes=951236066-952136962 Recieved
28/Jul/2026:14:19:45.544024 88b57878 Range=bytes=1193008035-1193097805 Recieved
28/Jul/2026:14:19:45.544070 99c8bdf7 Range=bytes=1193097806-1193180880 Recieved
28/Jul/2026:14:19:45.549053 03aa7fdb Range=bytes=1189301666-1189414011 Recieved
28/Jul/2026:14:19:45.549879 be195095 Range=bytes=870472530-871396245 Recieved
28/Jul/2026:14:19:45.550144 857e8c51 Range=bytes=862094682-863013541 Recieved
28/Jul/2026:14:19:45.553122 d136f5a6 Range=bytes=922232211-923137339 Recieved
28/Jul/2026:14:19:45.559260 6274b06f Range=bytes=830047087-830943652 Recieved
28/Jul/2026:14:19:45.575817 db0c7fa3 Range=bytes=866295642-867207380 Recieved
28/Jul/2026:14:19:45.579336 5a1c3b92 Range=bytes=1205513196-1205612698 Recieved
28/Jul/2026:14:19:45.584390 aa95185e Range=bytes=1205407775-1205513195 Recieved
28/Jul/2026:14:19:45.584892 9ce2b0e6 Range=bytes=1209765458-1209877652 Recieved
28/Jul/2026:14:19:45.586212 3db45796 Range=bytes=1189195269-1189301665 Recieved
28/Jul/2026:14:19:45.591046 8b21a9fe Range=bytes=950343104-951236065 Recieved
28/Jul/2026:14:19:45.613692 344adbc6 Range=bytes=916648942-917562538 Recieved
28/Jul/2026:14:19:45.615706 a8e83954 Range=bytes=1201365105-1201568097 Recieved
28/Jul/2026:14:19:45.616821 01663503 Range=bytes=954618364-955502077 Recieved
28/Jul/2026:14:19:45.616963 3b070e04 Range=bytes=959747615-960627516 Recieved
28/Jul/2026:14:19:45.620318 b753525a Range=bytes=1209652294-1209765457 Recieved
28/Jul/2026:14:19:45.624700 cc94182a Range=bytes=915733969-916648941 Recieved
28/Jul/2026:14:19:45.626062 1ced0959 Range=bytes=913976410-914849595 Recieved
28/Jul/2026:14:19:45.632046 a44f73be Range=bytes=919924427-920846152 Recieved
28/Jul/2026:14:19:45.632315 8f3bcdec Range=bytes=986029238-986922112 Recieved
Thread for range[202,206] completed | Latency: 1.9367s 
28/Jul/2026:14:19:45.637586 1a758f46 Range=bytes=1470112443-1471020401
28/Jul/2026:14:19:45.637659 8b8579dc Range=bytes=1471020402-1471909920
28/Jul/2026:14:19:45.637698 e67e421e Range=bytes=1471909921-1472818690
28/Jul/2026:14:19:45.637737 fbf51263 Range=bytes=1472818691-1473723707
28/Jul/2026:14:19:45.637774 9473af60 Range=bytes=1473929926-1474029343
28/Jul/2026:14:19:45.637805 5f2b64d6 Range=bytes=1474029344-1474134358
28/Jul/2026:14:19:45.637836 e037c628 Range=bytes=1477734559-1477913759
28/Jul/2026:14:19:45.637866 b03456c4 Range=bytes=1477913760-1478041719
28/Jul/2026:14:19:45.637903 5998cbde Range=bytes=1474134359-1475031751
28/Jul/2026:14:19:45.637934 c666fdb4 Range=bytes=1475031752-1475921471
28/Jul/2026:14:19:45.637963 904189da Range=bytes=1475921472-1476827261
28/Jul/2026:14:19:45.637990 de51c36e Range=bytes=1476827262-1477734558
28/Jul/2026:14:19:45.638018 abc7d1e9 Range=bytes=1478041720-1478154240
28/Jul/2026:14:19:45.638047 4413b2c3 Range=bytes=1478154241-1478267136
28/Jul/2026:14:19:45.638079 0822facf Range=bytes=1481853963-1482043845
28/Jul/2026:14:19:45.638108 2a340aaf Range=bytes=1482043846-1482223600
28/Jul/2026:14:19:45.638135 5544426b Range=bytes=1478267137-1479162818
28/Jul/2026:14:19:45.638162 1166939a Range=bytes=1479162819-1480057985
28/Jul/2026:14:19:45.638190 e060c41c Range=bytes=1480057986-1480957527
28/Jul/2026:14:19:45.638220 1a753d97 Range=bytes=1480957528-1481853962
28/Jul/2026:14:19:45.638250 79a2dc79 Range=bytes=1482223601-1482337203
28/Jul/2026:14:19:45.638282 77bf3ea5 Range=bytes=1482337204-1482454921
28/Jul/2026:14:19:45.638308 6e6a7eee Range=bytes=1486029279-1486160245
28/Jul/2026:14:19:45.638336 16b985dc Range=bytes=1486160246-1486269076
28/Jul/2026:14:19:45.638362 b9add4ef Range=bytes=1482454922-1483353321
28/Jul/2026:14:19:45.638394 f8add685 Range=bytes=1483353322-1484245762
28/Jul/2026:14:19:45.638461 1ec56f56 Range=bytes=1484245763-1485141054
28/Jul/2026:14:19:45.638504 a078a8e1 Range=bytes=1485141055-1486029278
28/Jul/2026:14:19:45.638539 bda09728 Range=bytes=1486269077-1486387302
28/Jul/2026:14:19:45.638576 e3f2f0ab Range=bytes=1486387303-1486508121
28/Jul/2026:14:19:45.638608 42b81d0c Range=bytes=1490078377-1490160122
28/Jul/2026:14:19:45.638637 1d447bc0 Range=bytes=1490160123-1490239682
28/Jul/2026:14:19:45.639123 a6b4edfc Range=bytes=1214015634-1214129062 Recieved
28/Jul/2026:14:19:45.645243 91072d24 Range=bytes=956395728-957322517 Recieved
28/Jul/2026:14:19:45.650780 d1f7059c Range=bytes=918141926-919041090 Recieved
28/Jul/2026:14:19:45.659851 d172a34c Range=bytes=1213897731-1214015633 Recieved
28/Jul/2026:14:19:45.660701 abd57840 Range=bytes=1201568098-1201780893 Recieved
28/Jul/2026:14:19:45.667925 4930308a Range=bytes=1205612699-1205806360 Recieved
28/Jul/2026:14:19:45.668132 1a326163 Range=bytes=994315722-995202076 Recieved
28/Jul/2026:14:19:45.677366 074c4329 Range=bytes=919041091-919924426 Recieved
28/Jul/2026:14:19:45.677777 45af3e35 Range=bytes=911532913-912461087 Recieved
28/Jul/2026:14:19:45.689207 5b537d67 Range=bytes=1210092025-1210309342 Recieved
28/Jul/2026:14:19:45.690090 4c71699c Range=bytes=955502078-956395727 Recieved
28/Jul/2026:14:19:45.693869 d4bd40fb Range=bytes=985128990-986029237 Recieved
28/Jul/2026:14:19:45.698425 e369d67a Range=bytes=984239699-985128989 Recieved
28/Jul/2026:14:19:45.702019 851e92e4 Range=bytes=1226344342-1226446784 Recieved
28/Jul/2026:14:19:45.703160 a26f164f Range=bytes=1205806361-1206032085 Recieved
28/Jul/2026:14:19:45.703813 f7dae743 Range=bytes=1218096867-1218209693 Recieved
28/Jul/2026:14:19:45.705295 d5087db5 Range=bytes=1022569748-1023477131 Recieved
28/Jul/2026:14:19:45.706538 5c011068 Range=bytes=983347193-984239698 Recieved
28/Jul/2026:14:19:45.708819 40423b86 Range=bytes=1218209694-1218324326 Recieved
28/Jul/2026:14:19:45.712448 44c3849a Range=bytes=924025960-924935721 Recieved
28/Jul/2026:14:19:45.712543 e141467d Range=bytes=1226446785-1226545539 Recieved
28/Jul/2026:14:19:45.714408 848b8c7e Range=bytes=948878952-949773604 Recieved
28/Jul/2026:14:19:45.718037 0cfe2f73 Range=bytes=947055888-947954487 Recieved
28/Jul/2026:14:19:45.722606 b3f76360 Range=bytes=869584349-870472529 Recieved
28/Jul/2026:14:19:45.732581 adae44fb Range=bytes=1230454212-1230555523 Recieved
28/Jul/2026:14:19:45.734118 3b3ea91f Range=bytes=997419038-998340707 Recieved
28/Jul/2026:14:19:45.744946 9cb8b6a4 Range=bytes=867207381-868118911 Recieved
28/Jul/2026:14:19:45.745255 63b1914f Range=bytes=858788538-859702062 Recieved
28/Jul/2026:14:19:45.745441 6ffae46b Range=bytes=1214129063-1214297948 Recieved
28/Jul/2026:14:19:45.747804 caa7aad1 Range=bytes=1209877653-1210092024 Recieved
28/Jul/2026:14:19:45.754231 74cd90d7 Range=bytes=1214297949-1214484452 Recieved
28/Jul/2026:14:19:45.764157 c262b611 Range=bytes=857854295-858788537 Recieved
28/Jul/2026:14:19:45.764603 ee036287 Range=bytes=1230313675-1230454211 Recieved
28/Jul/2026:14:19:45.766309 736fa6b3 Range=bytes=1027476542-1028376423 Recieved
28/Jul/2026:14:19:45.769714 3a71800b Range=bytes=961555276-962468536 Recieved
28/Jul/2026:14:19:45.773513 563cb857 Range=bytes=960627517-961555275 Recieved
28/Jul/2026:14:19:45.775058 3c398653 Range=bytes=1230130554-1230313674 Recieved
28/Jul/2026:14:19:45.780189 9f400e63 Range=bytes=1234621464-1234726707 Recieved
28/Jul/2026:14:19:45.783010 ef0c3651 Range=bytes=1230555524-1230653469 Recieved
28/Jul/2026:14:19:45.785940 8ab129cd Range=bytes=1242568913-1242667105 Recieved
28/Jul/2026:14:19:45.796045 8818baba Range=bytes=1175790559-1176690287 Recieved
28/Jul/2026:14:19:45.796265 f5eaff03 Range=bytes=1234726708-1234834076 Recieved
28/Jul/2026:14:19:45.798788 383acef3 Range=bytes=1242667106-1242747990 Recieved
28/Jul/2026:14:19:45.800040 1625b6d6 Range=bytes=865408867-866295641 Recieved
28/Jul/2026:14:19:45.801154 a42dca37 Range=bytes=1238423361-1238592089 Recieved
28/Jul/2026:14:19:45.802157 1cba1805 Range=bytes=909777506-910654116 Recieved
28/Jul/2026:14:19:45.803368 7f395de9 Range=bytes=1017599756-1018484981 Recieved
28/Jul/2026:14:19:45.809865 2f8f5e23 Range=bytes=1238870727-1238975832 Recieved
28/Jul/2026:14:19:45.814371 0228473c Range=bytes=988374396-989266404 Recieved
28/Jul/2026:14:19:45.823830 186fc1bc Range=bytes=1015189156-1016099345 Recieved
28/Jul/2026:14:19:45.825467 32d54331 Range=bytes=991606602-992500833 Recieved
28/Jul/2026:14:19:45.825521 4040c16e Range=bytes=1234447122-1234621463 Recieved
28/Jul/2026:14:19:45.842022 056342bd Range=bytes=952136963-953072214 Recieved
28/Jul/2026:14:19:45.844639 656a5b3d Range=bytes=1238766275-1238870726 Recieved
28/Jul/2026:14:19:45.850760 e7ecbd11 Range=bytes=958866360-959747614 Recieved
28/Jul/2026:14:19:45.853556 5521ff07 Range=bytes=1016701214-1017599755 Recieved
28/Jul/2026:14:19:45.854290 502ff942 Range=bytes=1014261332-1015189155 Recieved
28/Jul/2026:14:19:45.859368 43cacac3 Range=bytes=992500834-993395320 Recieved
28/Jul/2026:14:19:45.861705 ea9c2af2 Range=bytes=1267784217-1267903691 Recieved
28/Jul/2026:14:19:45.866466 1d86484e Range=bytes=1020772730-1021679686 Recieved
28/Jul/2026:14:19:45.870435 72bc9603 Range=bytes=1267671705-1267784216 Recieved
28/Jul/2026:14:19:45.871157 34b7efab Range=bytes=1271904652-1272025343 Recieved
28/Jul/2026:14:19:45.878377 f44cdece Range=bytes=1272025344-1272114330 Recieved
28/Jul/2026:14:19:45.879176 f40fcc23 Range=bytes=1275821518-1275921607 Recieved
28/Jul/2026:14:19:45.880137 e269317d Range=bytes=995614504-996518527 Recieved
Thread for range[223,227] completed | Latency: 1.9549s 
28/Jul/2026:14:19:45.883450 7f5cb125 Range=bytes=1565566275-1566469009
28/Jul/2026:14:19:45.883538 ec67985d Range=bytes=1566469010-1567353145
28/Jul/2026:14:19:45.883580 9aefea6f Range=bytes=1567353146-1568262676
28/Jul/2026:14:19:45.883613 76213065 Range=bytes=1568262677-1569169490
28/Jul/2026:14:19:45.883644 2c7f9de5 Range=bytes=1569423068-1569521924
28/Jul/2026:14:19:45.883680 f0c20842 Range=bytes=1569521925-1569626026
28/Jul/2026:14:19:45.883713 cbeee11f Range=bytes=1573219186-1573320778
28/Jul/2026:14:19:45.883742 730a15ac Range=bytes=1573320779-1573421243
28/Jul/2026:14:19:45.883771 d46063ca Range=bytes=1569626027-1570528440
28/Jul/2026:14:19:45.883800 c6d79d08 Range=bytes=1570528441-1571410928
28/Jul/2026:14:19:45.883833 be51d771 Range=bytes=1571410929-1572319046
28/Jul/2026:14:19:45.883864 5a4b2cf6 Range=bytes=1572319047-1573219185
28/Jul/2026:14:19:45.883893 8b0b6258 Range=bytes=1573421244-1573523377
28/Jul/2026:14:19:45.883919 8f9b2e44 Range=bytes=1573523378-1573626334
28/Jul/2026:14:19:45.883949 5aebf6c6 Range=bytes=1577230199-1577428286
28/Jul/2026:14:19:45.883976 ae8b8ed9 Range=bytes=1577428287-1577597875
28/Jul/2026:14:19:45.884009 b08dbe1b Range=bytes=1573626335-1574525660
28/Jul/2026:14:19:45.884038 5e4ad170 Range=bytes=1574525661-1575415327
28/Jul/2026:14:19:45.884069 97e0f612 Range=bytes=1575415328-1576323757
28/Jul/2026:14:19:45.884097 fdf3625d Range=bytes=1576323758-1577230198
28/Jul/2026:14:19:45.884129 bb973278 Range=bytes=1577597876-1577714637
28/Jul/2026:14:19:45.884161 7d85e289 Range=bytes=1577714638-1577820331
28/Jul/2026:14:19:45.884195 c761ba52 Range=bytes=1581416635-1581618813
28/Jul/2026:14:19:45.884222 b4ac4e28 Range=bytes=1581618814-1581797739
28/Jul/2026:14:19:45.884248 f4b6e765 Range=bytes=1577820332-1578714513
28/Jul/2026:14:19:45.884275 fb0a26d0 Range=bytes=1578714514-1579605577
28/Jul/2026:14:19:45.884308 79ec7786 Range=bytes=1579605578-1580516103
28/Jul/2026:14:19:45.884344 5416637c Range=bytes=1580516104-1581416634
28/Jul/2026:14:19:45.884372 0d7a75cb Range=bytes=1581797740-1581917340
28/Jul/2026:14:19:45.884399 53409164 Range=bytes=1581917341-1582029485
28/Jul/2026:14:19:45.884425 31786ff4 Range=bytes=1585619758-1585797663
28/Jul/2026:14:19:45.884456 44132301 Range=bytes=1585797664-1585918829
28/Jul/2026:14:19:45.884847 941ff92a Range=bytes=1268026567-1268180234 Recieved
28/Jul/2026:14:19:45.886122 3b4117d9 Range=bytes=1271792929-1271904651 Recieved
28/Jul/2026:14:19:45.889079 6ee0f28c Range=bytes=1263699455-1263864704 Recieved
28/Jul/2026:14:19:45.889553 65dcfbf3 Range=bytes=998340708-999237454 Recieved
28/Jul/2026:14:19:45.893142 a1e091fc Range=bytes=1024796171-1025696775 Recieved
28/Jul/2026:14:19:45.895052 e78087a8 Range=bytes=1197551734-1198442236 Recieved
28/Jul/2026:14:19:45.896418 fd1e274e Range=bytes=996518528-997419037 Recieved
28/Jul/2026:14:19:45.901507 0205db2f Range=bytes=1263864705-1264059242 Recieved
28/Jul/2026:14:19:45.908186 5b14b0e8 Range=bytes=1238592090-1238766274 Recieved
28/Jul/2026:14:19:45.908341 5ccd973b Range=bytes=1275921608-1276029505 Recieved
28/Jul/2026:14:19:45.910812 ac1b78b7 Range=bytes=871396246-872308588 Recieved
28/Jul/2026:14:19:45.925030 eb593c6c Range=bytes=1023477132-1024374467 Recieved
28/Jul/2026:14:19:45.926090 756c2744 Range=bytes=1276135292-1276232856 Recieved
28/Jul/2026:14:19:45.927158 6b41bc8d Range=bytes=1234248263-1234447121 Recieved
28/Jul/2026:14:19:45.929829 900f6c4b Range=bytes=1182162349-1183042656 Recieved
28/Jul/2026:14:19:45.930937 f14ff0f0 Range=bytes=1183042657-1183952770 Recieved
28/Jul/2026:14:19:45.931225 f5324278 Range=bytes=947954488-948878951 Recieved
28/Jul/2026:14:19:45.931535 4ae226d8 Range=bytes=993395321-994315721 Recieved
28/Jul/2026:14:19:45.931812 e90cd7cc Range=bytes=1013376539-1014261331 Recieved
28/Jul/2026:14:19:45.933957 92edc303 Range=bytes=1025696776-1026583341 Recieved
28/Jul/2026:14:19:45.937306 5031aa2d Range=bytes=1272114331-1272219782 Recieved
28/Jul/2026:14:19:45.941734 f4078bd0 Range=bytes=1288385154-1288499519 Recieved
28/Jul/2026:14:19:45.941800 197c14f8 Range=bytes=1279988951-1280133994 Recieved
28/Jul/2026:14:19:45.947801 d70f148c Range=bytes=1178006849-1178890180 Recieved
28/Jul/2026:14:19:45.951375 d84e6938 Range=bytes=1292101114-1292221361 Recieved
28/Jul/2026:14:19:45.958434 6998d4fe Range=bytes=1174884534-1175790558 Recieved
28/Jul/2026:14:19:45.958694 056784a3 Range=bytes=1292332169-1292447687 Recieved
28/Jul/2026:14:19:45.961355 1020d9da Range=bytes=1267903692-1268026566 Recieved
28/Jul/2026:14:19:45.962658 fb86459b Range=bytes=1276029506-1276135291 Recieved
28/Jul/2026:14:19:45.963279 909fa3d7 Range=bytes=1296181031-1296274306 Recieved
28/Jul/2026:14:19:45.966281 8d3a55cb Range=bytes=1021679687-1022569747 Recieved
28/Jul/2026:14:19:45.972907 c91e9a18 Range=bytes=1181274320-1182162348 Recieved
28/Jul/2026:14:19:45.978880 bb9ddf01 Range=bytes=1279795873-1279988950 Recieved
28/Jul/2026:14:19:45.988159 e8e47080 Range=bytes=1292221362-1292332168 Recieved
Thread for range[210,214] completed | Latency: 2.1353s 
28/Jul/2026:14:19:45.990269 804d4aa3 Range=bytes=1594386911-1595275499
28/Jul/2026:14:19:45.990343 5088559c Range=bytes=1595275500-1596165509
28/Jul/2026:14:19:45.990387 efa4e08f Range=bytes=1596165510-1597096777
28/Jul/2026:14:19:45.990422 13984547 Range=bytes=1597096778-1598006242
28/Jul/2026:14:19:45.990453 db97989c Range=bytes=1598199346-1598430109
28/Jul/2026:14:19:45.990485 8db4fe1f Range=bytes=1598430110-1598650587
28/Jul/2026:14:19:45.990518 df17f0a9 Range=bytes=1602250077-1602363332
28/Jul/2026:14:19:45.990548 b773ecc6 Range=bytes=1602363333-1602461005
28/Jul/2026:14:19:45.990577 07ac67a0 Range=bytes=1598650588-1599535563
28/Jul/2026:14:19:45.990606 14f8a2c5 Range=bytes=1599535564-1600420562
28/Jul/2026:14:19:45.990633 faca5cf9 Range=bytes=1600420563-1601341925
28/Jul/2026:14:19:45.990666 d261aa68 Range=bytes=1601341926-1602250076
28/Jul/2026:14:19:45.990696 d5660587 Range=bytes=1602461006-1602672888
28/Jul/2026:14:19:45.990723 9c1b3f98 Range=bytes=1602672889-1602896221
28/Jul/2026:14:19:45.990750 0503afb1 Range=bytes=1606501661-1606616506
28/Jul/2026:14:19:45.990777 b7b505dc Range=bytes=1606616507-1606723310
28/Jul/2026:14:19:45.990804 9ce7cccc Range=bytes=1602896222-1603791648
28/Jul/2026:14:19:45.990836 96cab131 Range=bytes=1603791649-1604663289
28/Jul/2026:14:19:45.990865 a9726b54 Range=bytes=1604663290-1605586618
28/Jul/2026:14:19:45.990892 69edb67a Range=bytes=1605586619-1606501660
28/Jul/2026:14:19:45.990919 e4042c04 Range=bytes=1606723311-1606941030
28/Jul/2026:14:19:45.990945 4e6cb3ed Range=bytes=1606941031-1607140374
28/Jul/2026:14:19:45.990975 fb6133e3 Range=bytes=1610720422-1610838749
28/Jul/2026:14:19:45.991006 dba9bc46 Range=bytes=1610838750-1610947477
28/Jul/2026:14:19:45.991039 0c79330b Range=bytes=1607140375-1608021240
28/Jul/2026:14:19:45.991064 bb58a43b Range=bytes=1608021241-1608897746
28/Jul/2026:14:19:45.991091 e3afa39d Range=bytes=1608897747-1609811532
28/Jul/2026:14:19:45.991118 35abf036 Range=bytes=1609811533-1610720421
28/Jul/2026:14:19:45.991146 7f179166 Range=bytes=1610947478-1611122854
28/Jul/2026:14:19:45.991176 0540e021 Range=bytes=1611122855-1611331801
28/Jul/2026:14:19:45.991204 0e062573 Range=bytes=1614931818-1615044244
28/Jul/2026:14:19:45.991231 27791ff3 Range=bytes=1615044245-1615161828
28/Jul/2026:14:19:45.991659 d129da00 Range=bytes=1296274307-1296365531 Recieved
28/Jul/2026:14:19:45.992061 4a7087a4 Range=bytes=1292447688-1292562903 Recieved
28/Jul/2026:14:19:45.992380 46092376 Range=bytes=1288272862-1288385153 Recieved
28/Jul/2026:14:19:45.993588 a97a0dcc Range=bytes=987481769-988374395 Recieved
28/Jul/2026:14:19:46.002443 ea500b05 Range=bytes=1304636733-1304747440 Recieved
28/Jul/2026:14:19:46.002786 d58bd235 Range=bytes=1177110087-1178006848 Recieved
28/Jul/2026:14:19:46.004479 ddfa837e Range=bytes=1304747441-1304851647 Recieved
28/Jul/2026:14:19:46.006224 f0a9e335 Range=bytes=1300484391-1300581860 Recieved
28/Jul/2026:14:19:46.008321 f61dc2e7 Range=bytes=1026583342-1027476541 Recieved
28/Jul/2026:14:19:46.008611 e833aa86 Range=bytes=1019409047-1020317324 Recieved
28/Jul/2026:14:19:46.009726 6e2a1dfb Range=bytes=1173080027-1173990336 Recieved
28/Jul/2026:14:19:46.016236 a1254de3 Range=bytes=1321614720-1321709429 Recieved
28/Jul/2026:14:19:46.019280 4a1b7e5a Range=bytes=989266405-990180068 Recieved
28/Jul/2026:14:19:46.019515 68ac9991 Range=bytes=1012497708-1013376538 Recieved
28/Jul/2026:14:19:46.036270 7ba0f48a Range=bytes=1325400910-1325538163 Recieved
28/Jul/2026:14:19:46.037696 7b00cf1f Range=bytes=1300381180-1300484390 Recieved
28/Jul/2026:14:19:46.040953 aed46907 Range=bytes=1325538164-1325645901 Recieved
28/Jul/2026:14:19:46.044886 3740755d Range=bytes=1296549279-1296749087 Recieved
28/Jul/2026:14:19:46.047051 502395fd Range=bytes=1300799752-1301026423 Recieved
28/Jul/2026:14:19:46.050808 7f3f3ca4 Range=bytes=957322518-958235020 Recieved
28/Jul/2026:14:19:46.050951 45def7ea Range=bytes=1296365532-1296549278 Recieved
28/Jul/2026:14:19:46.055506 1e250c42 Range=bytes=1325755821-1325855758 Recieved
28/Jul/2026:14:19:46.057484 ee0b18a9 Range=bytes=1186289767-1187185378 Recieved
28/Jul/2026:14:19:46.063223 c4eaa25b Range=bytes=1325645902-1325755820 Recieved
28/Jul/2026:14:19:46.067649 260e536f Range=bytes=1187185379-1188081832 Recieved
28/Jul/2026:14:19:46.067934 648af256 Range=bytes=1329802578-1329918845 Recieved
28/Jul/2026:14:19:46.076425 90a995d3 Range=bytes=1300581861-1300799751 Recieved
28/Jul/2026:14:19:46.077541 00bcb49b Range=bytes=1173990337-1174884533 Recieved
28/Jul/2026:14:19:46.077823 db9ae6d0 Range=bytes=1201780894-1202675134 Recieved
28/Jul/2026:14:19:46.078234 63d4dc0c Range=bytes=1329626228-1329802577 Recieved
28/Jul/2026:14:19:46.085787 c4281ca3 Range=bytes=1329918846-1330019952 Recieved
28/Jul/2026:14:19:46.093693 15128f24 Range=bytes=1333578230-1333735718 Recieved
28/Jul/2026:14:19:46.098109 b83a3e0c Range=bytes=1321709430-1321809059 Recieved
28/Jul/2026:14:19:46.100181 99bf8e8a Range=bytes=1333735719-1333845251 Recieved
Thread for range[241,245] completed | Latency: 1.9375s 
28/Jul/2026:14:19:46.104012 8aacff83 Range=bytes=1631932943-1632824561
28/Jul/2026:14:19:46.104107 85f61576 Range=bytes=1632824562-1633711840
28/Jul/2026:14:19:46.104151 02c1eb89 Range=bytes=1633711841-1634615136
28/Jul/2026:14:19:46.104196 3e41a85c Range=bytes=1634615137-1635518175
28/Jul/2026:14:19:46.104273 3ed8451d Range=bytes=1635827909-1635938938
28/Jul/2026:14:19:46.104323 8e2b971e Range=bytes=1635938939-1636052116
28/Jul/2026:14:19:46.104386 154d8856 Range=bytes=1639657031-1639740972
28/Jul/2026:14:19:46.104442 8389f93f Range=bytes=1639740973-1639831648
28/Jul/2026:14:19:46.104490 acc70279 Range=bytes=1636052117-1636947753
28/Jul/2026:14:19:46.104532 a594fdcc Range=bytes=1636947754-1637847360
28/Jul/2026:14:19:46.104567 a7ff2c3a Range=bytes=1637847361-1638761078
28/Jul/2026:14:19:46.104601 e89b5289 Range=bytes=1638761079-1639657030
28/Jul/2026:14:19:46.104635 005e07ea Range=bytes=1639831649-1639937300
28/Jul/2026:14:19:46.104676 69a047b9 Range=bytes=1639937301-1640048702
28/Jul/2026:14:19:46.104711 b7e73692 Range=bytes=1643670811-1643756937
28/Jul/2026:14:19:46.104746 5c0ae266 Range=bytes=1643756938-1643840184
28/Jul/2026:14:19:46.104783 69e08d72 Range=bytes=1640048703-1640950567
28/Jul/2026:14:19:46.104816 92534671 Range=bytes=1640950568-1641848931
28/Jul/2026:14:19:46.104850 b3ece890 Range=bytes=1641852588-1642770736
28/Jul/2026:14:19:46.104940 81955e39 Range=bytes=1642770737-1643670810
28/Jul/2026:14:19:46.104992 14d8a535 Range=bytes=1643840185-1644061968
28/Jul/2026:14:19:46.105031 2c65be81 Range=bytes=1644061969-1644277102
28/Jul/2026:14:19:46.105066 0f12ab62 Range=bytes=1647897673-1647994059
28/Jul/2026:14:19:46.105099 58832527 Range=bytes=1647994060-1648089717
28/Jul/2026:14:19:46.105132 0b547ac7 Range=bytes=1644277103-1645163149
28/Jul/2026:14:19:46.105170 d8385d9b Range=bytes=1645163150-1646055920
28/Jul/2026:14:19:46.105207 34b09ec6 Range=bytes=1646055921-1646991575
28/Jul/2026:14:19:46.105243 4bf0032f Range=bytes=1646991576-1647897672
28/Jul/2026:14:19:46.105272 1a0db7c9 Range=bytes=1648089718-1648320000
28/Jul/2026:14:19:46.105305 68ccbf7a Range=bytes=1648320001-1648547224
28/Jul/2026:14:19:46.105336 8efd5de4 Range=bytes=1652157320-1652269896
28/Jul/2026:14:19:46.105377 06b2897f Range=bytes=1652269897-1652378505
28/Jul/2026:14:19:46.110082 3d3dfa68 Range=bytes=1179798088-1180699053 Recieved
28/Jul/2026:14:19:46.111016 e5c2e491 Range=bytes=1337628031-1337726230 Recieved
28/Jul/2026:14:19:46.125607 9d7772aa Range=bytes=1333961691-1334069936 Recieved
28/Jul/2026:14:19:46.131073 1316a73c Range=bytes=1018484982-1019409046 Recieved
28/Jul/2026:14:19:46.131722 052816ad Range=bytes=1370772023-1370873808 Recieved
28/Jul/2026:14:19:46.134487 7fe19306 Range=bytes=1337726231-1337808241 Recieved
28/Jul/2026:14:19:46.138608 49ef27f1 Range=bytes=1329414861-1329626227 Recieved
Thread for range[232,236] completed | Latency: 2.1039s 
28/Jul/2026:14:19:46.140488 4e411ec3 Range=bytes=1665283882-1666193746
28/Jul/2026:14:19:46.140562 1815ae1f Range=bytes=1666193747-1667080899
28/Jul/2026:14:19:46.140605 7040f714 Range=bytes=1667080900-1667993877
28/Jul/2026:14:19:46.140641 942dcb30 Range=bytes=1667993878-1668898968
28/Jul/2026:14:19:46.140675 927c4a71 Range=bytes=1669136877-1669229697
28/Jul/2026:14:19:46.140708 3f14b08b Range=bytes=1669229698-1669327601
28/Jul/2026:14:19:46.140743 e3c38297 Range=bytes=1672935012-1673050623
28/Jul/2026:14:19:46.140775 9e71b2c3 Range=bytes=1673050624-1673163340
28/Jul/2026:14:19:46.140834 fd1d56db Range=bytes=1669327602-1670237709
28/Jul/2026:14:19:46.140890 af8006cc Range=bytes=1670237710-1671124992
28/Jul/2026:14:19:46.140930 3cb85c64 Range=bytes=1671124993-1672030556
28/Jul/2026:14:19:46.141001 10b19d87 Range=bytes=1672034213-1672935011
28/Jul/2026:14:19:46.141051 91bda057 Range=bytes=1673163341-1673260172
28/Jul/2026:14:19:46.141091 1a69d3d4 Range=bytes=1673260173-1673357556
28/Jul/2026:14:19:46.141131 d0cc0b0b Range=bytes=1676932348-1677140718
28/Jul/2026:14:19:46.141178 b2c29014 Range=bytes=1677140719-1677271129
28/Jul/2026:14:19:46.141215 0834805f Range=bytes=1673357557-1674253420
28/Jul/2026:14:19:46.141253 2374e431 Range=bytes=1674253421-1675134211
28/Jul/2026:14:19:46.141289 8dbd7175 Range=bytes=1675134212-1676037584
28/Jul/2026:14:19:46.141322 24a8a6f1 Range=bytes=1676037585-1676932347
28/Jul/2026:14:19:46.141354 a4ba74df Range=bytes=1677271130-1677379704
28/Jul/2026:14:19:46.141384 61e64d46 Range=bytes=1677379705-1677493825
28/Jul/2026:14:19:46.141420 1dedece3 Range=bytes=1681077120-1681187507
28/Jul/2026:14:19:46.141454 30e0a213 Range=bytes=1681187508-1681277532
28/Jul/2026:14:19:46.141487 b2ee62a3 Range=bytes=1677493826-1678390033
28/Jul/2026:14:19:46.141523 7dc69cd5 Range=bytes=1678390034-1679271343
28/Jul/2026:14:19:46.141553 dac51946 Range=bytes=1679271344-1680180476
28/Jul/2026:14:19:46.141589 150e784b Range=bytes=1680180477-1681077119
28/Jul/2026:14:19:46.141644 2da79edc Range=bytes=1681277533-1681392847
28/Jul/2026:14:19:46.141695 8f7b504b Range=bytes=1681392848-1681502459
28/Jul/2026:14:19:46.141753 f6afbf30 Range=bytes=1685078692-1685171915
28/Jul/2026:14:19:46.141831 5e471405 Range=bytes=1685171916-1685262768
28/Jul/2026:14:19:46.150920 a9383e78 Range=bytes=1370873809-1370986062 Recieved
28/Jul/2026:14:19:46.166834 c0549744 Range=bytes=1183952771-1184843815 Recieved
28/Jul/2026:14:19:46.174179 59139622 Range=bytes=1366926798-1367041586 Recieved
28/Jul/2026:14:19:46.174385 447344f8 Range=bytes=1367041587-1367179169 Recieved
28/Jul/2026:14:19:46.176931 f271b840 Range=bytes=1333845252-1333961690 Recieved
28/Jul/2026:14:19:46.185270 8645a9b3 Range=bytes=1370986063-1371084385 Recieved
28/Jul/2026:14:19:46.186383 9e1dc9d8 Range=bytes=1374868610-1374968118 Recieved
28/Jul/2026:14:19:46.193936 03b9c236 Range=bytes=1185387124-1186289766 Recieved
28/Jul/2026:14:19:46.200666 e62b47cc Range=bytes=1371084386-1371186797 Recieved
Thread for range[248,252] completed | Latency: 1.8923s 
28/Jul/2026:14:19:46.210152 25f5e53d Range=bytes=1780607111-1781501997
28/Jul/2026:14:19:46.210229 14d0c65c Range=bytes=1781501998-1782387452
28/Jul/2026:14:19:46.210267 35beb7f6 Range=bytes=1782387453-1783289925
28/Jul/2026:14:19:46.210301 f229ac2c Range=bytes=1783289926-1784188873
28/Jul/2026:14:19:46.210335 0b6c8972 Range=bytes=1784412680-1784527550
28/Jul/2026:14:19:46.210371 3b1a9f77 Range=bytes=1784527551-1784634464
28/Jul/2026:14:19:46.210403 19f99b09 Range=bytes=1788244411-1788351526
28/Jul/2026:14:19:46.210437 ad2fdc1f Range=bytes=1788351527-1788438106
28/Jul/2026:14:19:46.210467 8901b084 Range=bytes=1784634465-1785534911
28/Jul/2026:14:19:46.210498 fc6f07e8 Range=bytes=1785534912-1786429535
28/Jul/2026:14:19:46.210531 c830a9cf Range=bytes=1786429536-1787344217
28/Jul/2026:14:19:46.210561 40e4cb9c Range=bytes=1787344218-1788244410
28/Jul/2026:14:19:46.210588 390542da Range=bytes=1788438107-1788540205
28/Jul/2026:14:19:46.210615 1f99bdab Range=bytes=1788543862-1788654371
28/Jul/2026:14:19:46.210642 bd7da596 Range=bytes=1792281422-1792375027
28/Jul/2026:14:19:46.210673 d36af6c9 Range=bytes=1792375028-1792467517
28/Jul/2026:14:19:46.210703 a6d26efc Range=bytes=1788654372-1789555541
28/Jul/2026:14:19:46.210730 8d2b1de8 Range=bytes=1789555542-1790455299
28/Jul/2026:14:19:46.210756 1740fbaa Range=bytes=1790455300-1791379964
28/Jul/2026:14:19:46.210784 155acffc Range=bytes=1791379965-1792281421
28/Jul/2026:14:19:46.210810 83205985 Range=bytes=1792467518-1792678204
28/Jul/2026:14:19:46.210842 e96de8bd Range=bytes=1792678205-1792897967
28/Jul/2026:14:19:46.210870 4c48aeb0 Range=bytes=1796537438-1796641349
28/Jul/2026:14:19:46.210896 15eed810 Range=bytes=1796641350-1796737778
28/Jul/2026:14:19:46.210922 33ce3661 Range=bytes=1792897968-1793797134
28/Jul/2026:14:19:46.210948 6b1281ee Range=bytes=1793797135-1794686891
28/Jul/2026:14:19:46.210974 fd3492d2 Range=bytes=1794686892-1795624604
28/Jul/2026:14:19:46.211006 cc9f98dd Range=bytes=1795624605-1796537437
28/Jul/2026:14:19:46.211033 348d81c2 Range=bytes=1796737779-1796950405
28/Jul/2026:14:19:46.211059 c6482a23 Range=bytes=1796950406-1797189218
28/Jul/2026:14:19:46.211084 8e11eddd Range=bytes=1800791117-1800905408
28/Jul/2026:14:19:46.211110 f3b79229 Range=bytes=1800905409-1801008113
28/Jul/2026:14:19:46.225797 4be5d7bd Range=bytes=1374767610-1374868609 Recieved
28/Jul/2026:14:19:46.229293 b711cd41 Range=bytes=1375072336-1375166098 Recieved
28/Jul/2026:14:19:46.237294 cb6ed165 Range=bytes=1378812116-1378892119 Recieved
28/Jul/2026:14:19:46.238100 cc8135c7 Range=bytes=1374968119-1375072335 Recieved
28/Jul/2026:14:19:46.256535 d718de2e Range=bytes=1178890181-1179798087 Recieved
28/Jul/2026:14:19:46.259114 510c1a41 Range=bytes=1378726300-1378812115 Recieved
28/Jul/2026:14:19:46.265556 9df74a87 Range=bytes=1223478370-1224351173 Recieved
28/Jul/2026:14:19:46.272683 85b40cdd Range=bytes=1264059243-1264951590 Recieved
28/Jul/2026:14:19:46.280652 b165bdef Range=bytes=1378892120-1378996000 Recieved
28/Jul/2026:14:19:46.282765 de03f884 Range=bytes=1188081833-1188967181 Recieved
28/Jul/2026:14:19:46.295010 aa9c24e5 Range=bytes=1378996001-1379091208 Recieved
28/Jul/2026:14:19:46.298341 6ef1c82d Range=bytes=1204492695-1205407774 Recieved
28/Jul/2026:14:19:46.309092 1eef3893 Range=bytes=1382661020-1382804330 Recieved
28/Jul/2026:14:19:46.322192 0f2ba7bf Range=bytes=1212064719-1212985327 Recieved
28/Jul/2026:14:19:46.331044 88a2addc Range=bytes=1231545751-1232433619 Recieved
28/Jul/2026:14:19:46.333277 83b028f3 Range=bytes=1207811698-1208739430 Recieved
28/Jul/2026:14:19:46.337145 f8438b30 Range=bytes=1420456724-1420551045 Recieved
28/Jul/2026:14:19:46.341227 ea660b6e Range=bytes=1424147924-1424248208 Recieved
28/Jul/2026:14:19:46.343472 8aa60a62 Range=bytes=1420371913-1420456723 Recieved
28/Jul/2026:14:19:46.352654 46124c46 Range=bytes=1382804331-1382919232 Recieved
28/Jul/2026:14:19:46.353032 8388e0dc Range=bytes=1424248209-1424354690 Recieved
Thread for range[287,291] completed | Latency: 1.8308s 
28/Jul/2026:14:19:46.358599 f2c61314 Range=bytes=1813924340-1814830763
28/Jul/2026:14:19:46.358686 d1b087c3 Range=bytes=1814830764-1815713903
28/Jul/2026:14:19:46.358726 ead47f28 Range=bytes=1815713904-1816619562
28/Jul/2026:14:19:46.358762 0c24b995 Range=bytes=1816619563-1817519671
28/Jul/2026:14:19:46.358798 cef46a6c Range=bytes=1817760076-1817854731
28/Jul/2026:14:19:46.358831 61ea362f Range=bytes=1817854732-1817965254
28/Jul/2026:14:19:46.358861 2ddec2e8 Range=bytes=1821543711-1821705591
28/Jul/2026:14:19:46.358890 ac74fb66 Range=bytes=1821705592-1821817434
28/Jul/2026:14:19:46.358918 e13111c4 Range=bytes=1817968911-1818869768
28/Jul/2026:14:19:46.358948 2e4052ab Range=bytes=1818869769-1819746262
28/Jul/2026:14:19:46.358979 2fbad796 Range=bytes=1819746263-1820641285
28/Jul/2026:14:19:46.359009 d279bf0a Range=bytes=1820641286-1821543710
28/Jul/2026:14:19:46.359036 3a3c10e1 Range=bytes=1821817435-1821930585
28/Jul/2026:14:19:46.359068 366a12d6 Range=bytes=1821930586-1822031651
28/Jul/2026:14:19:46.359100 c6a629a4 Range=bytes=1825615276-1825808109
28/Jul/2026:14:19:46.359129 29f6a30c Range=bytes=1825808110-1825977452
28/Jul/2026:14:19:46.359159 a9ce1dae Range=bytes=1822031652-1822924157
28/Jul/2026:14:19:46.359189 40d8a692 Range=bytes=1822924158-1823800724
28/Jul/2026:14:19:46.359215 8d6dfb1b Range=bytes=1823800725-1824709833
28/Jul/2026:14:19:46.359243 0871c303 Range=bytes=1824709834-1825615275
28/Jul/2026:14:19:46.359271 fbf22f6e Range=bytes=1825977453-1826089895
28/Jul/2026:14:19:46.359304 b8d92ac0 Range=bytes=1826089896-1826199659
28/Jul/2026:14:19:46.359332 c36e6dc8 Range=bytes=1829777387-1829982046
28/Jul/2026:14:19:46.359359 b970154a Range=bytes=1829982047-1830092225
28/Jul/2026:14:19:46.359384 896de0d9 Range=bytes=1826199660-1827097821
28/Jul/2026:14:19:46.359415 421de132 Range=bytes=1827097822-1827979339
28/Jul/2026:14:19:46.359441 ef2a06b9 Range=bytes=1827979340-1828871401
28/Jul/2026:14:19:46.359472 ba7b0322 Range=bytes=1828871402-1829777386
28/Jul/2026:14:19:46.359500 2ec1429f Range=bytes=1830092226-1830212578
28/Jul/2026:14:19:46.359526 c27f853f Range=bytes=1830212579-1830328857
28/Jul/2026:14:19:46.359551 a66ebc61 Range=bytes=1833897375-1833995285
28/Jul/2026:14:19:46.359577 32875868 Range=bytes=1833995286-1834076348
28/Jul/2026:14:19:46.364194 f71e7bbf Range=bytes=1208739431-1209652293 Recieved
28/Jul/2026:14:19:46.367146 9af8915d Range=bytes=1211191042-1212064718 Recieved
28/Jul/2026:14:19:46.369380 bb01dcdc Range=bytes=1224351174-1225256115 Recieved
28/Jul/2026:14:19:46.373764 7b94586c Range=bytes=1210309343-1211191041 Recieved
28/Jul/2026:14:19:46.383981 30ee829a Range=bytes=1424354691-1424456687 Recieved
28/Jul/2026:14:19:46.384735 2bdb14fd Range=bytes=1229225232-1230126897 Recieved
28/Jul/2026:14:19:46.388631 7994ed16 Range=bytes=1203559719-1204492694 Recieved
28/Jul/2026:14:19:46.392706 a5ef5588 Range=bytes=1225256116-1226155840 Recieved
28/Jul/2026:14:19:46.410797 49837385 Range=bytes=1269974736-1270889997 Recieved
28/Jul/2026:14:19:46.415019 461b99d6 Range=bytes=1424456688-1424551419 Recieved
28/Jul/2026:14:19:46.417087 778ed860 Range=bytes=1264951591-1265833623 Recieved
28/Jul/2026:14:19:46.423994 e5ebdacc Range=bytes=1212985328-1213897730 Recieved
28/Jul/2026:14:19:46.427443 3ae03aa7 Range=bytes=1428329356-1428495161 Recieved
28/Jul/2026:14:19:46.427826 3b4f2b75 Range=bytes=1293463654-1294363155 Recieved
28/Jul/2026:14:19:46.442534 711e26e2 Range=bytes=1428495162-1428604279 Recieved
28/Jul/2026:14:19:46.447867 391de71f Range=bytes=1198442237-1199326597 Recieved
28/Jul/2026:14:19:46.461524 920ae897 Range=bytes=1432488050-1432607175 Recieved
28/Jul/2026:14:19:46.461978 9c4903a6 Range=bytes=1206923727-1207811697 Recieved
28/Jul/2026:14:19:46.473611 09cc09f8 Range=bytes=1200266174-1201170855 Recieved
28/Jul/2026:14:19:46.478540 8a857664 Range=bytes=1285284858-1286175265 Recieved
28/Jul/2026:14:19:46.481793 6528081a Range=bytes=1432607176-1432718128 Recieved
28/Jul/2026:14:19:46.497822 feb6b7d5 Range=bytes=1428131245-1428329355 Recieved
28/Jul/2026:14:19:46.508741 68caa9f3 Range=bytes=1222581336-1223478369 Recieved
28/Jul/2026:14:19:46.510937 31ceb69f Range=bytes=1432718129-1432833595 Recieved
28/Jul/2026:14:19:46.512739 ddb6005e Range=bytes=1432283413-1432488049 Recieved
28/Jul/2026:14:19:46.519763 b7abe135 Range=bytes=1428604280-1428702704 Recieved
28/Jul/2026:14:19:46.523035 30b91346 Range=bytes=1436421161-1436549332 Recieved
28/Jul/2026:14:19:46.525988 f9acef4d Range=bytes=1230653470-1231545750 Recieved
28/Jul/2026:14:19:46.526382 e7c6cd6c Range=bytes=1318698417-1319577434 Recieved
28/Jul/2026:14:19:46.528421 eb43e485 Range=bytes=1436549333-1436641456 Recieved
28/Jul/2026:14:19:46.536259 0790ab0a Range=bytes=1268180235-1269087228 Recieved
28/Jul/2026:14:19:46.537296 e36b4c6d Range=bytes=1233344014-1234248262 Recieved
28/Jul/2026:14:19:46.543000 b4908534 Range=bytes=1235731162-1236628005 Recieved
28/Jul/2026:14:19:46.554574 e971038f Range=bytes=1199326598-1200262517 Recieved
28/Jul/2026:14:19:46.557950 217cdb24 Range=bytes=1236628006-1237534165 Recieved
28/Jul/2026:14:19:46.562255 7ce3a0de Range=bytes=1448764433-1448856722 Recieved
28/Jul/2026:14:19:46.572302 5ba35828 Range=bytes=1444612864-1444836775 Recieved
28/Jul/2026:14:19:46.573559 e35d9064 Range=bytes=1284392425-1285284857 Recieved
28/Jul/2026:14:19:46.580376 08c59c5c Range=bytes=1448667938-1448764432 Recieved
28/Jul/2026:14:19:46.593273 d631cb81 Range=bytes=1265833624-1266759445 Recieved
28/Jul/2026:14:19:46.594341 debf54ff Range=bytes=1259870837-1260745814 Recieved
28/Jul/2026:14:19:46.599055 b46d6cd8 Range=bytes=1227440496-1228321107 Recieved
28/Jul/2026:14:19:46.600357 f218e37a Range=bytes=1452920192-1453024519 Recieved
28/Jul/2026:14:19:46.600823 88f17b1f Range=bytes=1274006927-1274918562 Recieved
28/Jul/2026:14:19:46.601242 5924ea08 Range=bytes=1289403245-1290293744 Recieved
28/Jul/2026:14:19:46.605481 dd894993 Range=bytes=1226545540-1227440495 Recieved
28/Jul/2026:14:19:46.609368 f3b21ac2 Range=bytes=1444836776-1445029288 Recieved
28/Jul/2026:14:19:46.609647 6d58e7cd Range=bytes=1288499520-1289403244 Recieved
28/Jul/2026:14:19:46.611078 9b91bcfb Range=bytes=1453024520-1453122933 Recieved
28/Jul/2026:14:19:46.614745 4c801ad4 Range=bytes=1266759446-1267671704 Recieved
28/Jul/2026:14:19:46.624949 43dc1ed4 Range=bytes=1270889998-1271792928 Recieved
28/Jul/2026:14:19:46.626446 501adb2a Range=bytes=1232433620-1233344013 Recieved
28/Jul/2026:14:19:46.631775 47ae90ab Range=bytes=1206032086-1206923726 Recieved
28/Jul/2026:14:19:46.635018 a0a4e0b0 Range=bytes=1260745815-1261622240 Recieved
28/Jul/2026:14:19:46.638346 b63b507e Range=bytes=1273123362-1274006926 Recieved
28/Jul/2026:14:19:46.640055 f3f2e290 Range=bytes=1274918563-1275821517 Recieved
28/Jul/2026:14:19:46.645797 3ef46053 Range=bytes=1448856723-1449081046 Recieved
28/Jul/2026:14:19:46.646585 661350a6 Range=bytes=1457279876-1457391330 Recieved
28/Jul/2026:14:19:46.652646 f9aa23ad Range=bytes=1291209639-1292101113 Recieved
28/Jul/2026:14:19:46.658897 6fd870c2 Range=bytes=1269087229-1269974735 Recieved
28/Jul/2026:14:19:46.670690 82850a73 Range=bytes=1294363156-1295281715 Recieved
28/Jul/2026:14:19:46.678169 88ebb4d3 Range=bytes=1368089299-1368966773 Recieved
28/Jul/2026:14:19:46.681540 c25a9e78 Range=bytes=1461365432-1461484146 Recieved
28/Jul/2026:14:19:46.681786 7a05bdc2 Range=bytes=1369873757-1370772022 Recieved
28/Jul/2026:14:19:46.681889 331d03bc Range=bytes=1457161496-1457279875 Recieved
28/Jul/2026:14:19:46.682340 111a676e Range=bytes=1453122934-1453329839 Recieved
28/Jul/2026:14:19:46.685586 83a914ab Range=bytes=1228321108-1229225231 Recieved
28/Jul/2026:14:19:46.688726 9d76f0bd Range=bytes=1234834077-1235731161 Recieved
28/Jul/2026:14:19:46.692103 c9d2e5b5 Range=bytes=1202675135-1203559718 Recieved
28/Jul/2026:14:19:46.692364 ac7731a3 Range=bytes=1286175266-1287078885 Recieved
28/Jul/2026:14:19:46.693340 f1ddf51b Range=bytes=1319577435-1320486669 Recieved
28/Jul/2026:14:19:46.699647 d72ac366 Range=bytes=1322719380-1323593277 Recieved
28/Jul/2026:14:19:46.700101 ce33ee23 Range=bytes=1327632340-1328522718 Recieved
28/Jul/2026:14:19:46.700652 4db412e0 Range=bytes=1297648871-1298546223 Recieved
28/Jul/2026:14:19:46.705034 460b6009 Range=bytes=1237534166-1238423360 Recieved
28/Jul/2026:14:19:46.705421 827c2c15 Range=bytes=1449081047-1449314185 Recieved
28/Jul/2026:14:19:46.709158 da3a6aa3 Range=bytes=1461484147-1461600815 Recieved
28/Jul/2026:14:19:46.709689 ffdf5d66 Range=bytes=1299480403-1300381179 Recieved
28/Jul/2026:14:19:46.714422 c7b85876 Range=bytes=1292562904-1293463653 Recieved
28/Jul/2026:14:19:46.716002 54057d51 Range=bytes=1320486670-1321390558 Recieved
28/Jul/2026:14:19:46.724943 abc7d1e9 Range=bytes=1478041720-1478154240 Recieved
28/Jul/2026:14:19:46.726043 68e130a0 Range=bytes=1317790284-1318698416 Recieved
28/Jul/2026:14:19:46.732316 96f2d9ae Range=bytes=1331786774-1332677859 Recieved
28/Jul/2026:14:19:46.733643 733a84ed Range=bytes=1364026105-1364900579 Recieved
28/Jul/2026:14:19:46.737587 49c2c792 Range=bytes=1371186798-1372099400 Recieved
28/Jul/2026:14:19:46.742999 dbfa89dd Range=bytes=1287078886-1287968373 Recieved
28/Jul/2026:14:19:46.748346 f91070f6 Range=bytes=1324497108-1325400909 Recieved
28/Jul/2026:14:19:46.752032 9473af60 Range=bytes=1473929926-1474029343 Recieved
28/Jul/2026:14:19:46.752421 4413b2c3 Range=bytes=1478154241-1478267136 Recieved
28/Jul/2026:14:19:46.755164 53f51ff9 Range=bytes=1330914267-1331786773 Recieved
28/Jul/2026:14:19:46.757850 a7e536f1 Range=bytes=1290293745-1291209638 Recieved
28/Jul/2026:14:19:46.758603 febf5f83 Range=bytes=1261622241-1262551367 Recieved
28/Jul/2026:14:19:46.761612 b03456c4 Range=bytes=1477913760-1478041719 Recieved
28/Jul/2026:14:19:46.766067 d6e750e3 Range=bytes=1262551368-1263462554 Recieved
28/Jul/2026:14:19:46.769614 fa00c4d6 Range=bytes=1453329840-1453549915 Recieved
28/Jul/2026:14:19:46.778580 79a2dc79 Range=bytes=1482223601-1482337203 Recieved
28/Jul/2026:14:19:46.781595 4e769dab Range=bytes=1272219783-1273123361 Recieved
28/Jul/2026:14:19:46.785295 e037c628 Range=bytes=1477734559-1477913759 Recieved
Thread for range[293,297] completed | Latency: 2.1601s 
28/Jul/2026:14:19:46.787865 bda09728 Range=bytes=1486269077-1486387302 Recieved
28/Jul/2026:14:19:46.788159 e3f2f0ab Range=bytes=1486387303-1486508121 Recieved
28/Jul/2026:14:19:46.790571 5f2b64d6 Range=bytes=1474029344-1474134358 Recieved
28/Jul/2026:14:19:46.792362 1d447bc0 Range=bytes=1490160123-1490239682 Recieved
28/Jul/2026:14:19:46.797038 d4f5b5f4 Range=bytes=1457575477-1457781999 Recieved
Thread for range[299,303] completed | Latency: 2.1344s 
28/Jul/2026:14:19:46.798938 42b81d0c Range=bytes=1490078377-1490160122 Recieved
28/Jul/2026:14:19:46.801422 cbeee11f Range=bytes=1573219186-1573320778 Recieved
28/Jul/2026:14:19:46.802026 b7c3e6de Range=bytes=1328522719-1329414860 Recieved
28/Jul/2026:14:19:46.807217 7f5546d2 Range=bytes=1296749088-1297648870 Recieved
28/Jul/2026:14:19:46.814545 fc0f1baf Range=bytes=1376954191-1377835012 Recieved
28/Jul/2026:14:19:46.817314 f0c20842 Range=bytes=1569521925-1569626026 Recieved
28/Jul/2026:14:19:46.818424 0822facf Range=bytes=1481853963-1482043845 Recieved
28/Jul/2026:14:19:46.821865 2c7f9de5 Range=bytes=1569423068-1569521924 Recieved
28/Jul/2026:14:19:46.824212 6e6a7eee Range=bytes=1486029279-1486160245 Recieved
28/Jul/2026:14:19:46.824557 e036a652 Range=bytes=1325855759-1326749874 Recieved
28/Jul/2026:14:19:46.824759 2a340aaf Range=bytes=1482043846-1482223600 Recieved
28/Jul/2026:14:19:46.834736 77bf3ea5 Range=bytes=1482337204-1482454921 Recieved
28/Jul/2026:14:19:46.840169 9feb7b34 Range=bytes=1377835013-1378726299 Recieved
28/Jul/2026:14:19:46.840509 5b8bcaa2 Range=bytes=1372099401-1372976874 Recieved
28/Jul/2026:14:19:46.850947 6c9eed1f Range=bytes=1419253503-1420154834 Recieved
28/Jul/2026:14:19:46.858484 a373f2e1 Range=bytes=1295281716-1296181030 Recieved
Thread for range[308,312] completed | Latency: 2.0864s 
28/Jul/2026:14:19:46.866356 7dac636a Range=bytes=1373877306-1374767609 Recieved
28/Jul/2026:14:19:46.867780 730a15ac Range=bytes=1573320779-1573421243 Recieved
28/Jul/2026:14:19:46.868036 38dc898c Range=bytes=1421456988-1422337868 Recieved
28/Jul/2026:14:19:46.868160 7d85e289 Range=bytes=1577714638-1577820331 Recieved
28/Jul/2026:14:19:46.880973 8f9b2e44 Range=bytes=1573523378-1573626334 Recieved
28/Jul/2026:14:19:46.881506 c03e237e Range=bytes=1375166099-1376068386 Recieved
28/Jul/2026:14:19:46.883368 ae8b8ed9 Range=bytes=1577428287-1577597875 Recieved
28/Jul/2026:14:19:46.883549 16b985dc Range=bytes=1486160246-1486269076 Recieved
28/Jul/2026:14:19:46.883785 a354b94d Range=bytes=1368966774-1369873756 Recieved
28/Jul/2026:14:19:46.883915 53409164 Range=bytes=1581917341-1582029485 Recieved
28/Jul/2026:14:19:46.886003 01d7042f Range=bytes=1418339386-1419253502 Recieved
28/Jul/2026:14:19:46.891019 0f8da479 Range=bytes=1420551046-1421456987 Recieved
28/Jul/2026:14:19:46.898355 8b0b6258 Range=bytes=1573421244-1573523377 Recieved
28/Jul/2026:14:19:46.903495 3baf8073 Range=bytes=1364900580-1365800136 Recieved
28/Jul/2026:14:19:46.906237 b4ac4e28 Range=bytes=1581618814-1581797739 Recieved
28/Jul/2026:14:19:46.906662 8c1bb0b1 Range=bytes=1326749875-1327632339 Recieved
28/Jul/2026:14:19:46.907293 2b840f01 Range=bytes=1426330956-1427232674 Recieved
28/Jul/2026:14:19:46.921320 87d04e0c Range=bytes=1430483312-1431383059 Recieved
28/Jul/2026:14:19:46.922110 0d7a75cb Range=bytes=1581797740-1581917340 Recieved
28/Jul/2026:14:19:46.927305 8f1ec922 Range=bytes=1457391331-1457575476 Recieved
28/Jul/2026:14:19:46.936086 faf0d349 Range=bytes=1372976875-1373877305 Recieved
28/Jul/2026:14:19:46.938235 bb973278 Range=bytes=1577597876-1577714637 Recieved
28/Jul/2026:14:19:46.954432 df17f0a9 Range=bytes=1602250077-1602363332 Recieved
28/Jul/2026:14:19:46.960340 44132301 Range=bytes=1585797664-1585918829 Recieved
28/Jul/2026:14:19:46.960654 b773ecc6 Range=bytes=1602363333-1602461005 Recieved
28/Jul/2026:14:19:46.968844 4a18b90e Range=bytes=1323593278-1324497107 Recieved
28/Jul/2026:14:19:46.969438 5aebf6c6 Range=bytes=1577230199-1577428286 Recieved
28/Jul/2026:14:19:46.970359 5120a674 Range=bytes=1367179170-1368089298 Recieved
28/Jul/2026:14:19:46.979957 31786ff4 Range=bytes=1585619758-1585797663 Recieved
28/Jul/2026:14:19:46.980509 b7b505dc Range=bytes=1606616507-1606723310 Recieved
28/Jul/2026:14:19:46.984461 52d25090 Range=bytes=1363111433-1364026104 Recieved
28/Jul/2026:14:19:46.990345 9c1b3f98 Range=bytes=1602672889-1602896221 Recieved
28/Jul/2026:14:19:46.992708 dba9bc46 Range=bytes=1610838750-1610947477 Recieved
28/Jul/2026:14:19:46.992870 4e6cb3ed Range=bytes=1606941031-1607140374 Recieved
28/Jul/2026:14:19:46.997407 5244cb1f Range=bytes=1298546224-1299480402 Recieved
28/Jul/2026:14:19:46.999556 2ffb8897 Range=bytes=1417461571-1418339385 Recieved
28/Jul/2026:14:19:47.000716 3c103221 Range=bytes=1365800137-1366699954 Recieved
28/Jul/2026:14:19:47.003157 6fdd95db Range=bytes=1332677860-1333578229 Recieved
28/Jul/2026:14:19:47.007845 8db4fe1f Range=bytes=1598430110-1598650587 Recieved
28/Jul/2026:14:19:47.009143 db97989c Range=bytes=1598199346-1598430109 Recieved
28/Jul/2026:14:19:47.010826 0503afb1 Range=bytes=1606501661-1606616506 Recieved
28/Jul/2026:14:19:47.016804 d5660587 Range=bytes=1602461006-1602672888 Recieved
28/Jul/2026:14:19:47.026515 9d9628ea Range=bytes=1451080700-1452005269 Recieved
28/Jul/2026:14:19:47.035319 27791ff3 Range=bytes=1615044245-1615161828 Recieved
28/Jul/2026:14:19:47.044669 154d8856 Range=bytes=1639657031-1639740972 Recieved
28/Jul/2026:14:19:47.047418 76906fbe Range=bytes=1321809060-1322719379 Recieved
28/Jul/2026:14:19:47.051399 63b72f68 Range=bytes=1427232675-1428131244 Recieved
28/Jul/2026:14:19:47.053611 c761ba52 Range=bytes=1581416635-1581618813 Recieved
28/Jul/2026:14:19:47.055735 fb6133e3 Range=bytes=1610720422-1610838749 Recieved
28/Jul/2026:14:19:47.057371 5a05db25 Range=bytes=1425448507-1426330955 Recieved
28/Jul/2026:14:19:47.069395 005e07ea Range=bytes=1639831649-1639937300 Recieved
28/Jul/2026:14:19:47.071380 8389f93f Range=bytes=1639740973-1639831648 Recieved
28/Jul/2026:14:19:47.071806 b1d125d7 Range=bytes=1447754491-1448667937 Recieved
Thread for range[314,318] completed | Latency: 1.9854s 
28/Jul/2026:14:19:47.075612 7f179166 Range=bytes=1610947478-1611122854 Recieved
28/Jul/2026:14:19:47.076403 3ed8451d Range=bytes=1635827909-1635938938 Recieved
28/Jul/2026:14:19:47.076878 0e062573 Range=bytes=1614931818-1615044244 Recieved
28/Jul/2026:14:19:47.080519 8e2b971e Range=bytes=1635938939-1636052116 Recieved
28/Jul/2026:14:19:47.081090 0540e021 Range=bytes=1611122855-1611331801 Recieved
28/Jul/2026:14:19:47.090398 e4042c04 Range=bytes=1606723311-1606941030 Recieved
28/Jul/2026:14:19:47.092389 b7e73692 Range=bytes=1643670811-1643756937 Recieved
28/Jul/2026:14:19:47.100687 b0acdbbb Range=bytes=1416558526-1417461570 Recieved
28/Jul/2026:14:19:47.106244 9cda2fc9 Range=bytes=1431383060-1432283412 Recieved
28/Jul/2026:14:19:47.107947 afa45dc5 Range=bytes=1330019953-1330914266 Recieved
28/Jul/2026:14:19:47.114617 69a047b9 Range=bytes=1639937301-1640048702 Recieved
28/Jul/2026:14:19:47.140041 5c0ae266 Range=bytes=1643756938-1643840184 Recieved
28/Jul/2026:14:19:47.144544 06b2897f Range=bytes=1652269897-1652378505 Recieved
28/Jul/2026:14:19:47.152118 58832527 Range=bytes=1647994060-1648089717 Recieved
28/Jul/2026:14:19:47.163923 8efd5de4 Range=bytes=1652157320-1652269896 Recieved
28/Jul/2026:14:19:47.167502 2c65be81 Range=bytes=1644061969-1644277102 Recieved
28/Jul/2026:14:19:47.177502 6c4e9c75 Range=bytes=1423243901-1424147923 Recieved
28/Jul/2026:14:19:47.180287 927c4a71 Range=bytes=1669136877-1669229697 Recieved
28/Jul/2026:14:19:47.180536 42bce839 Range=bytes=1454431326-1455315920 Recieved
Thread for range[322,326] completed | Latency: 2.0704s 
28/Jul/2026:14:19:47.190825 b6a3b277 Range=bytes=1446822380-1447754490 Recieved
28/Jul/2026:14:19:47.195277 fbf51263 Range=bytes=1472818691-1473723707 Recieved
28/Jul/2026:14:19:47.200039 0f12ab62 Range=bytes=1647897673-1647994059 Recieved
28/Jul/2026:14:19:47.208573 d03b16b2 Range=bytes=1422337869-1423243900 Recieved
28/Jul/2026:14:19:47.208665 d72edb90 Range=bytes=1443557220-1444456722 Recieved
28/Jul/2026:14:19:47.211825 e3c38297 Range=bytes=1672935012-1673050623 Recieved
28/Jul/2026:14:19:47.214811 3f14b08b Range=bytes=1669229698-1669327601 Recieved
28/Jul/2026:14:19:47.219926 638b07c6 Range=bytes=1424551420-1425448506 Recieved
28/Jul/2026:14:19:47.227323 eb2f78fd Range=bytes=1445029289-1445924562 Recieved
28/Jul/2026:14:19:47.230491 91bda057 Range=bytes=1673163341-1673260172 Recieved
28/Jul/2026:14:19:47.232653 68ccbf7a Range=bytes=1648320001-1648547224 Recieved
28/Jul/2026:14:19:47.233153 9e71b2c3 Range=bytes=1673050624-1673163340 Recieved
28/Jul/2026:14:19:47.240320 1166939a Range=bytes=1479162819-1480057985 Recieved
28/Jul/2026:14:19:47.240371 1a69d3d4 Range=bytes=1673260173-1673357556 Recieved
28/Jul/2026:14:19:47.240624 0899a47c Range=bytes=1440839659-1441735757 Recieved
28/Jul/2026:14:19:47.242576 1ec56f56 Range=bytes=1484245763-1485141054 Recieved
28/Jul/2026:14:19:47.243490 03f1c981 Range=bytes=1428702705-1429592370 Recieved
28/Jul/2026:14:19:47.249293 5998cbde Range=bytes=1474134359-1475031751 Recieved
28/Jul/2026:14:19:47.270764 d0cc0b0b Range=bytes=1676932348-1677140718 Recieved
28/Jul/2026:14:19:47.271188 b2c29014 Range=bytes=1677140719-1677271129 Recieved
28/Jul/2026:14:19:47.274470 de51c36e Range=bytes=1476827262-1477734558 Recieved
28/Jul/2026:14:19:47.281764 a4ba74df Range=bytes=1677271130-1677379704 Recieved
28/Jul/2026:14:19:47.283098 a9726b54 Range=bytes=1604663290-1605586618 Recieved
28/Jul/2026:14:19:47.286002 f6afbf30 Range=bytes=1685078692-1685171915 Recieved
28/Jul/2026:14:19:47.290180 8b8579dc Range=bytes=1471020402-1471909920 Recieved
28/Jul/2026:14:19:47.296535 5e471405 Range=bytes=1685171916-1685262768 Recieved
28/Jul/2026:14:19:47.300798 30e0a213 Range=bytes=1681187508-1681277532 Recieved
28/Jul/2026:14:19:47.301640 1dedece3 Range=bytes=1681077120-1681187507 Recieved
28/Jul/2026:14:19:47.303894 14d8a535 Range=bytes=1643840185-1644061968 Recieved
28/Jul/2026:14:19:47.307285 61e64d46 Range=bytes=1677379705-1677493825 Recieved
28/Jul/2026:14:19:47.321293 e17cf77e Range=bytes=1445924563-1446822379 Recieved
28/Jul/2026:14:19:47.326995 3338b206 Range=bytes=1429592371-1430483311 Recieved
28/Jul/2026:14:19:47.329078 a4a89a0a Range=bytes=1450195658-1451080699 Recieved
28/Jul/2026:14:19:47.330656 1a0db7c9 Range=bytes=1648089718-1648320000 Recieved
28/Jul/2026:14:19:47.331498 2da79edc Range=bytes=1681277533-1681392847 Recieved
28/Jul/2026:14:19:47.341624 3b1a9f77 Range=bytes=1784527551-1784634464 Recieved
28/Jul/2026:14:19:47.344365 e060c41c Range=bytes=1480057986-1480957527 Recieved
28/Jul/2026:14:19:47.346351 0b6c8972 Range=bytes=1784412680-1784527550 Recieved
28/Jul/2026:14:19:47.347200 715e4cf6 Range=bytes=1441735758-1442635422 Recieved
28/Jul/2026:14:19:47.356777 5544426b Range=bytes=1478267137-1479162818 Recieved
28/Jul/2026:14:19:47.364248 ad2fdc1f Range=bytes=1788351527-1788438106 Recieved
28/Jul/2026:14:19:47.368851 1a758f46 Range=bytes=1470112443-1471020401 Recieved
28/Jul/2026:14:19:47.373221 c666fdb4 Range=bytes=1475031752-1475921471 Recieved
28/Jul/2026:14:19:47.375758 19f99b09 Range=bytes=1788244411-1788351526 Recieved
28/Jul/2026:14:19:47.386166 c6d79d08 Range=bytes=1570528441-1571410928 Recieved
28/Jul/2026:14:19:47.393535 2ed38875 Range=bytes=1449314186-1450195657 Recieved
28/Jul/2026:14:19:47.393696 390542da Range=bytes=1788438107-1788540205 Recieved
28/Jul/2026:14:19:47.395734 d36af6c9 Range=bytes=1792375028-1792467517 Recieved
28/Jul/2026:14:19:47.398355 8f7b504b Range=bytes=1681392848-1681502459 Recieved
Thread for range[346,350] completed | Latency: 2.1249s 
28/Jul/2026:14:19:47.404549 bd7da596 Range=bytes=1792281422-1792375027 Recieved
28/Jul/2026:14:19:47.404610 1f99bdab Range=bytes=1788543862-1788654371 Recieved
28/Jul/2026:14:19:47.407556 b9add4ef Range=bytes=1482454922-1483353321 Recieved
28/Jul/2026:14:19:47.414461 904189da Range=bytes=1475921472-1476827261 Recieved
28/Jul/2026:14:19:47.435872 97e0f612 Range=bytes=1575415328-1576323757 Recieved
28/Jul/2026:14:19:47.437096 83205985 Range=bytes=1792467518-1792678204 Recieved
28/Jul/2026:14:19:47.443570 4c48aeb0 Range=bytes=1796537438-1796641349 Recieved
28/Jul/2026:14:19:47.448433 9ce7cccc Range=bytes=1602896222-1603791648 Recieved
28/Jul/2026:14:19:47.457695 1a753d97 Range=bytes=1480957528-1481853962 Recieved
28/Jul/2026:14:19:47.462175 a2ddc07e Range=bytes=1452005270-1452920191 Recieved
28/Jul/2026:14:19:47.470062 13984547 Range=bytes=1597096778-1598006242 Recieved
28/Jul/2026:14:19:47.481364 cef46a6c Range=bytes=1817760076-1817854731 Recieved
28/Jul/2026:14:19:47.483593 15eed810 Range=bytes=1796641350-1796737778 Recieved
28/Jul/2026:14:19:47.497856 f3b79229 Range=bytes=1800905409-1801008113 Recieved
28/Jul/2026:14:19:47.500420 c6482a23 Range=bytes=1796950406-1797189218 Recieved
28/Jul/2026:14:19:47.504086 61ea362f Range=bytes=1817854732-1817965254 Recieved
28/Jul/2026:14:19:47.504146 8e11eddd Range=bytes=1800791117-1800905408 Recieved
28/Jul/2026:14:19:47.504578 ec67985d Range=bytes=1566469010-1567353145 Recieved
28/Jul/2026:14:19:47.506639 e96de8bd Range=bytes=1792678205-1792897967 Recieved
28/Jul/2026:14:19:47.509768 0c79330b Range=bytes=1607140375-1608021240 Recieved
28/Jul/2026:14:19:47.513741 b3ece890 Range=bytes=1641852588-1642770736 Recieved
28/Jul/2026:14:19:47.518032 7ef0fac3 Range=bytes=1456245763-1457161495 Recieved
28/Jul/2026:14:19:47.527412 b887ddb7 Range=bytes=1442635423-1443557219 Recieved
28/Jul/2026:14:19:47.527822 9aefea6f Range=bytes=1567353146-1568262676 Recieved
28/Jul/2026:14:19:47.531554 76213065 Range=bytes=1568262677-1569169490 Recieved
28/Jul/2026:14:19:47.538051 f8add685 Range=bytes=1483353322-1484245762 Recieved
28/Jul/2026:14:19:47.538313 fdf3625d Range=bytes=1576323758-1577230198 Recieved
28/Jul/2026:14:19:47.541794 348d81c2 Range=bytes=1796737779-1796950405 Recieved
28/Jul/2026:14:19:47.544946 43f24811 Range=bytes=1455315921-1456245762 Recieved
28/Jul/2026:14:19:47.545912 804d4aa3 Range=bytes=1594386911-1595275499 Recieved
28/Jul/2026:14:19:47.548027 2ddec2e8 Range=bytes=1821543711-1821705591 Recieved
28/Jul/2026:14:19:47.550496 f4b6e765 Range=bytes=1577820332-1578714513 Recieved
28/Jul/2026:14:19:47.572877 ac74fb66 Range=bytes=1821705592-1821817434 Recieved
28/Jul/2026:14:19:47.578491 c6a629a4 Range=bytes=1825615276-1825808109 Recieved
28/Jul/2026:14:19:47.584935 10b19d87 Range=bytes=1672034213-1672935011 Recieved
28/Jul/2026:14:19:47.589528 366a12d6 Range=bytes=1821930586-1822031651 Recieved
28/Jul/2026:14:19:47.591210 fb0a26d0 Range=bytes=1578714514-1579605577 Recieved
28/Jul/2026:14:19:47.600279 a66ebc61 Range=bytes=1833897375-1833995285 Recieved
28/Jul/2026:14:19:47.604154 fbf22f6e Range=bytes=1825977453-1826089895 Recieved
28/Jul/2026:14:19:47.604176 32875868 Range=bytes=1833995286-1834076348 Recieved
28/Jul/2026:14:19:47.609251 b8d92ac0 Range=bytes=1826089896-1826199659 Recieved
28/Jul/2026:14:19:47.615688 29f6a30c Range=bytes=1825808110-1825977452 Recieved
28/Jul/2026:14:19:47.617711 b2ee62a3 Range=bytes=1677493826-1678390033 Recieved
28/Jul/2026:14:19:47.621002 be51d771 Range=bytes=1571410929-1572319046 Recieved
28/Jul/2026:14:19:47.626601 c27f853f Range=bytes=1830212579-1830328857 Recieved
28/Jul/2026:14:19:47.632972 3a3c10e1 Range=bytes=1821817435-1821930585 Recieved
28/Jul/2026:14:19:47.634377 2ec1429f Range=bytes=1830092226-1830212578 Recieved
28/Jul/2026:14:19:47.635983 5a4b2cf6 Range=bytes=1572319047-1573219185 Recieved
28/Jul/2026:14:19:47.644325 acc70279 Range=bytes=1636052117-1636947753 Recieved
28/Jul/2026:14:19:47.645221 81955e39 Range=bytes=1642770737-1643670810 Recieved
28/Jul/2026:14:19:47.660171 bb58a43b Range=bytes=1608021241-1608897746 Recieved
28/Jul/2026:14:19:47.665088 96cab131 Range=bytes=1603791649-1604663289 Recieved
28/Jul/2026:14:19:47.672045 85f61576 Range=bytes=1632824562-1633711840 Recieved
28/Jul/2026:14:19:47.675016 4bf0032f Range=bytes=1646991576-1647897672 Recieved
28/Jul/2026:14:19:47.675116 7f5cb125 Range=bytes=1565566275-1566469009 Recieved
28/Jul/2026:14:19:47.676798 b970154a Range=bytes=1829982047-1830092225 Recieved
28/Jul/2026:14:19:47.683487 e67e421e Range=bytes=1471909921-1472818690 Recieved
28/Jul/2026:14:19:47.685142 c36e6dc8 Range=bytes=1829777387-1829982046 Recieved
28/Jul/2026:14:19:47.688545 14f8a2c5 Range=bytes=1599535564-1600420562 Recieved
28/Jul/2026:14:19:47.690659 5088559c Range=bytes=1595275500-1596165509 Recieved
28/Jul/2026:14:19:47.692458 2a702144 Range=bytes=1453549916-1454431325 Recieved
28/Jul/2026:14:19:47.693796 e89b5289 Range=bytes=1638761079-1639657030 Recieved
28/Jul/2026:14:19:47.700580 c29bcf6d Range=bytes=1376072043-1376954190 Recieved
28/Jul/2026:14:19:47.705107 35abf036 Range=bytes=1609811533-1610720421 Recieved
28/Jul/2026:14:19:47.708636 0b547ac7 Range=bytes=1644277103-1645163149 Recieved
28/Jul/2026:14:19:47.710884 942dcb30 Range=bytes=1667993878-1668898968 Recieved
28/Jul/2026:14:19:47.712808 a7ff2c3a Range=bytes=1637847361-1638761078 Recieved
28/Jul/2026:14:19:47.712896 14d0c65c Range=bytes=1781501998-1782387452 Recieved
28/Jul/2026:14:19:47.713345 5e4ad170 Range=bytes=1574525661-1575415327 Recieved
28/Jul/2026:14:19:47.713458 dac51946 Range=bytes=1679271344-1680180476 Recieved
28/Jul/2026:14:19:47.714253 efa4e08f Range=bytes=1596165510-1597096777 Recieved
28/Jul/2026:14:19:47.716953 b08dbe1b Range=bytes=1573626335-1574525660 Recieved
28/Jul/2026:14:19:47.718744 5416637c Range=bytes=1580516104-1581416634 Recieved
28/Jul/2026:14:19:47.719302 92534671 Range=bytes=1640950568-1641848931 Recieved
28/Jul/2026:14:19:47.719608 07ac67a0 Range=bytes=1598650588-1599535563 Recieved
28/Jul/2026:14:19:47.722385 e3afa39d Range=bytes=1608897747-1609811532 Recieved
28/Jul/2026:14:19:47.726531 35beb7f6 Range=bytes=1782387453-1783289925 Recieved
28/Jul/2026:14:19:47.737608 150e784b Range=bytes=1680180477-1681077119 Recieved
28/Jul/2026:14:19:47.741064 4e411ec3 Range=bytes=1665283882-1666193746 Recieved
28/Jul/2026:14:19:47.742704 69e08d72 Range=bytes=1640048703-1640950567 Recieved
28/Jul/2026:14:19:47.742914 fd1d56db Range=bytes=1669327602-1670237709 Recieved
28/Jul/2026:14:19:47.742997 25f5e53d Range=bytes=1780607111-1781501997 Recieved
28/Jul/2026:14:19:47.744109 e13111c4 Range=bytes=1817968911-1818869768 Recieved
28/Jul/2026:14:19:47.747385 3e41a85c Range=bytes=1634615137-1635518175 Recieved
28/Jul/2026:14:19:47.754403 40e4cb9c Range=bytes=1787344218-1788244410 Recieved
28/Jul/2026:14:19:47.755732 af8006cc Range=bytes=1670237710-1671124992 Recieved
28/Jul/2026:14:19:47.757936 d46063ca Range=bytes=1569626027-1570528440 Recieved
28/Jul/2026:14:19:47.764844 34b09ec6 Range=bytes=1646055921-1646991575 Recieved
28/Jul/2026:14:19:47.772615 8aacff83 Range=bytes=1631932943-1632824561 Recieved
28/Jul/2026:14:19:47.773353 02c1eb89 Range=bytes=1633711841-1634615136 Recieved
28/Jul/2026:14:19:47.773771 d261aa68 Range=bytes=1601341926-1602250076 Recieved
28/Jul/2026:14:19:47.776697 69edb67a Range=bytes=1605586619-1606501660 Recieved
28/Jul/2026:14:19:47.777682 6b1281ee Range=bytes=1793797135-1794686891 Recieved
28/Jul/2026:14:19:47.777887 d8385d9b Range=bytes=1645163150-1646055920 Recieved
Thread for range[352,356] completed | Latency: 2.3537s 
28/Jul/2026:14:19:47.784701 8901b084 Range=bytes=1784634465-1785534911 Recieved
Thread for range[333,337] completed | Latency: 2.5224s 
28/Jul/2026:14:19:47.814479 c830a9cf Range=bytes=1786429536-1787344217 Recieved
28/Jul/2026:14:19:47.818878 3cb85c64 Range=bytes=1671124993-1672030556 Recieved
28/Jul/2026:14:19:47.834607 7040f714 Range=bytes=1667080900-1667993877 Recieved
28/Jul/2026:14:19:47.838727 79ec7786 Range=bytes=1579605578-1580516103 Recieved
28/Jul/2026:14:19:47.845185 2374e431 Range=bytes=1674253421-1675134211 Recieved
28/Jul/2026:14:19:47.850384 0871c303 Range=bytes=1824709834-1825615275 Recieved
28/Jul/2026:14:19:47.855889 ba7b0322 Range=bytes=1828871402-1829777386 Recieved
28/Jul/2026:14:19:47.856357 8d2b1de8 Range=bytes=1789555542-1790455299 Recieved
28/Jul/2026:14:19:47.861018 40d8a692 Range=bytes=1822924158-1823800724 Recieved
28/Jul/2026:14:19:47.872216 a9ce1dae Range=bytes=1822031652-1822924157 Recieved
28/Jul/2026:14:19:47.874014 a078a8e1 Range=bytes=1485141055-1486029278 Recieved
28/Jul/2026:14:19:47.884190 ef2a06b9 Range=bytes=1827979340-1828871401 Recieved
28/Jul/2026:14:19:47.885961 896de0d9 Range=bytes=1826199660-1827097821 Recieved
28/Jul/2026:14:19:47.891625 faca5cf9 Range=bytes=1600420563-1601341925 Recieved
28/Jul/2026:14:19:47.893825 7dc69cd5 Range=bytes=1678390034-1679271343 Recieved
28/Jul/2026:14:19:47.905843 cc9f98dd Range=bytes=1795624605-1796537437 Recieved
28/Jul/2026:14:19:47.906999 fd3492d2 Range=bytes=1794686892-1795624604 Recieved
28/Jul/2026:14:19:47.909232 f2c61314 Range=bytes=1813924340-1814830763 Recieved
28/Jul/2026:14:19:47.909666 2fbad796 Range=bytes=1819746263-1820641285 Recieved
Thread for range[382,386] completed | Latency: 2.0330s 
28/Jul/2026:14:19:47.930646 8dbd7175 Range=bytes=1675134212-1676037584 Recieved
28/Jul/2026:14:19:47.943218 ead47f28 Range=bytes=1815713904-1816619562 Recieved
28/Jul/2026:14:19:47.946138 1815ae1f Range=bytes=1666193747-1667080899 Recieved
28/Jul/2026:14:19:47.950822 0c24b995 Range=bytes=1816619563-1817519671 Recieved
Thread for range[359,363] completed | Latency: 2.3161s 
28/Jul/2026:14:19:47.955696 fc6f07e8 Range=bytes=1785534912-1786429535 Recieved
28/Jul/2026:14:19:47.957107 155acffc Range=bytes=1791379965-1792281421 Recieved
28/Jul/2026:14:19:47.965314 24a8a6f1 Range=bytes=1676037585-1676932347 Recieved
Thread for range[389,393] completed | Latency: 1.9829s 
28/Jul/2026:14:19:47.975271 a6d26efc Range=bytes=1788654372-1789555541 Recieved
28/Jul/2026:14:19:47.995749 8d6dfb1b Range=bytes=1823800725-1824709833 Recieved
28/Jul/2026:14:19:48.010482 d1b087c3 Range=bytes=1814830764-1815713903 Recieved
28/Jul/2026:14:19:48.026338 2e4052ab Range=bytes=1818869769-1819746262 Recieved
28/Jul/2026:14:19:48.035884 d279bf0a Range=bytes=1820641286-1821543710 Recieved
28/Jul/2026:14:19:48.039167 f229ac2c Range=bytes=1783289926-1784188873 Recieved
28/Jul/2026:14:19:48.080030 1740fbaa Range=bytes=1790455300-1791379964 Recieved
28/Jul/2026:14:19:48.096289 33ce3661 Range=bytes=1792897968-1793797134 Recieved
28/Jul/2026:14:19:48.137677 0834805f Range=bytes=1673357557-1674253420 Recieved
Thread for range[434,438] completed | Latency: 1.9623s 
Thread for range[406,410] completed | Latency: 2.0646s 
28/Jul/2026:14:19:48.240810 421de132 Range=bytes=1827097822-1827979339 Recieved
Thread for range[442,446] completed | Latency: 1.9503s 
28/Jul/2026:14:19:48.318472 a594fdcc Range=bytes=1636947754-1637847360 Recieved
Thread for range[398,402] completed | Latency: 2.2798s 
