maxWorkers,chunkSize,StartIndex,Status,Error,StartClock,EndClock,Slice_Latency,HTTPSRequestCount,HTTPSRequestClocks,HTTPSRequestLatencies
1,5,25,success,None,22/Jul/2026:11:42:08.944338,22/Jul/2026:11:42:09.616746,0.6724,1,22/Jul/2026:11:42:08.945409,0.0574
1,5,51,success,None,22/Jul/2026:11:42:09.617223,22/Jul/2026:11:42:10.424160,0.8069,1,22/Jul/2026:11:42:09.619669,0.0275
1,5,61,success,None,22/Jul/2026:11:42:10.424442,22/Jul/2026:11:42:10.886664,0.4622,3,22/Jul/2026:11:42:08.945965;22/Jul/2026:11:42:08.945558;22/Jul/2026:11:42:09.619507,1.4849;1.4879;0.8169
1,5,76,success,None,22/Jul/2026:11:42:10.886933,22/Jul/2026:11:42:11.547722,0.6608,2,22/Jul/2026:11:42:09.618631;22/Jul/2026:11:42:08.945485,1.2754;1.9802
1,5,133,success,None,22/Jul/2026:11:42:11.548032,22/Jul/2026:11:42:11.839978,0.2919,10,22/Jul/2026:11:42:10.426899;22/Jul/2026:11:42:10.888639;22/Jul/2026:11:42:08.945925;22/Jul/2026:11:42:10.425215;22/Jul/2026:11:42:10.425310;22/Jul/2026:11:42:08.945811;22/Jul/2026:11:42:10.888056;22/Jul/2026:11:42:11.549768;22/Jul/2026:11:42:11.550392;22/Jul/2026:11:42:10.888881,1.1285;0.6678;2.6111;1.1345;1.1401;2.6209;0.6808;0.0315;0.0396;0.7154
1,5,151,success,None,22/Jul/2026:11:42:11.840242,22/Jul/2026:11:42:12.518589,0.6783,12,22/Jul/2026:11:42:10.888105;22/Jul/2026:11:42:10.426122;22/Jul/2026:11:42:08.945522;22/Jul/2026:11:42:11.549864;22/Jul/2026:11:42:10.888978;22/Jul/2026:11:42:11.549408;22/Jul/2026:11:42:10.426743;22/Jul/2026:11:42:10.426342;22/Jul/2026:11:42:11.548430;22/Jul/2026:11:42:10.888351;22/Jul/2026:11:42:10.888831;22/Jul/2026:11:42:11.842864,0.9582;1.4205;2.9016;0.2980;0.9591;0.2995;1.4238;1.4256;0.3163;0.9854;0.9880;0.0355
1,5,161,success,None,22/Jul/2026:11:42:12.518885,22/Jul/2026:11:42:13.171804,0.6529,2,22/Jul/2026:11:42:11.549518;22/Jul/2026:11:42:09.619394,0.9817;2.9123
1,5,203,success,None,22/Jul/2026:11:42:13.172081,22/Jul/2026:11:42:13.828731,0.6566,3,22/Jul/2026:11:42:12.519534;22/Jul/2026:11:42:11.842131;22/Jul/2026:11:42:12.521165,0.6625;1.3403;0.6724
1,5,212,success,None,22/Jul/2026:11:42:13.829012,22/Jul/2026:11:42:14.246579,0.4176,2,22/Jul/2026:11:42:11.842310;22/Jul/2026:11:42:13.831246,1.9979;0.0131
1,5,315,success,None,22/Jul/2026:11:42:14.246849,22/Jul/2026:11:42:14.850369,0.6035,5,22/Jul/2026:11:42:12.520477;22/Jul/2026:11:42:13.173545;22/Jul/2026:11:42:11.842531;22/Jul/2026:11:42:14.247742;22/Jul/2026:11:42:09.617706,1.7348;1.0822;2.4135;0.0371;4.6711
1,5,324,success,None,22/Jul/2026:11:42:14.850685,22/Jul/2026:11:42:15.478801,0.6281,5,22/Jul/2026:11:42:14.247955;22/Jul/2026:11:42:13.830951;22/Jul/2026:11:42:13.173390;22/Jul/2026:11:42:10.426015;22/Jul/2026:11:42:10.426690,0.6093;1.0279;1.6878;4.4679;4.4757
1,5,334,success,None,22/Jul/2026:11:42:15.479057,22/Jul/2026:11:42:16.081737,0.6027,9,22/Jul/2026:11:42:13.830718;22/Jul/2026:11:42:13.830006;22/Jul/2026:11:42:11.841826;22/Jul/2026:11:42:14.248381;22/Jul/2026:11:42:10.889075;22/Jul/2026:11:42:14.247524;22/Jul/2026:11:42:10.888251;22/Jul/2026:11:42:13.173233;22/Jul/2026:11:42:14.851420,1.6562;1.6586;3.6471;1.2413;4.6011;1.2434;4.6082;2.3343;0.6612
1,5,343,success,None,22/Jul/2026:11:42:16.082026,22/Jul/2026:11:42:16.536433,0.4544,4,22/Jul/2026:11:42:13.173000;22/Jul/2026:11:42:14.852622;22/Jul/2026:11:42:15.480617;22/Jul/2026:11:42:09.618946,2.9150;1.2394;0.6127;6.4900
1,5,366,success,None,22/Jul/2026:11:42:16.536715,22/Jul/2026:11:42:17.146206,0.6095,8,22/Jul/2026:11:42:15.481344;22/Jul/2026:11:42:13.173750;22/Jul/2026:11:42:12.519865;22/Jul/2026:11:42:14.248113;22/Jul/2026:11:42:16.083010;22/Jul/2026:11:42:14.851705;22/Jul/2026:11:42:16.083614;22/Jul/2026:11:42:16.538115,1.0620;3.3699;4.0278;2.3006;0.4680;1.7121;0.4875;0.0412
1,5,415,success,None,22/Jul/2026:11:42:17.146487,22/Jul/2026:11:42:17.631485,0.4850,2,22/Jul/2026:11:42:16.539309;22/Jul/2026:11:42:16.084075,0.6212;1.0767
2,5,25,success,None,22/Jul/2026:11:42:17.632737,22/Jul/2026:11:42:18.265171,0.6324,0,None,None
2,5,61,success,None,22/Jul/2026:11:42:18.265447,22/Jul/2026:11:42:18.518316,0.2529,0,None,None
2,5,51,success,None,22/Jul/2026:11:42:17.632942,22/Jul/2026:11:42:19.020452,1.3875,3,22/Jul/2026:11:42:18.267287;22/Jul/2026:11:42:18.265992;22/Jul/2026:11:42:18.266890,0.2847;0.3921;0.3953
2,5,76,success,None,22/Jul/2026:11:42:18.518587,22/Jul/2026:11:42:19.184631,0.6660,7,22/Jul/2026:11:42:18.267287;22/Jul/2026:11:42:18.265992;22/Jul/2026:11:42:18.266890;22/Jul/2026:11:42:18.267142;22/Jul/2026:11:42:18.519858;22/Jul/2026:11:42:19.021910;22/Jul/2026:11:42:19.021848,0.2847;0.3921;0.3953;0.7597;0.5207;0.0191;0.0257
2,5,133,success,None,22/Jul/2026:11:42:19.020783,22/Jul/2026:11:42:19.656074,0.6353,9,22/Jul/2026:11:42:18.267142;22/Jul/2026:11:42:18.519858;22/Jul/2026:11:42:19.021910;22/Jul/2026:11:42:19.021848;22/Jul/2026:11:42:18.266113;22/Jul/2026:11:42:19.021977;22/Jul/2026:11:42:19.022660;22/Jul/2026:11:42:18.519940;22/Jul/2026:11:42:18.266789,0.7597;0.5207;0.0191;0.0257;0.9277;0.1731;0.1739;0.6797;0.9369
2,5,151,success,None,22/Jul/2026:11:42:19.184934,22/Jul/2026:11:42:19.671250,0.4863,9,22/Jul/2026:11:42:18.266113;22/Jul/2026:11:42:19.021977;22/Jul/2026:11:42:19.022660;22/Jul/2026:11:42:18.519940;22/Jul/2026:11:42:18.266789;22/Jul/2026:11:42:19.185658;22/Jul/2026:11:42:13.829944;22/Jul/2026:11:42:17.633966;22/Jul/2026:11:42:18.267442,0.9277;0.1731;0.1739;0.6797;0.9369;0.4788;5.8363;2.0342;1.4018
2,5,203,success,None,22/Jul/2026:11:42:19.671582,22/Jul/2026:11:42:20.323003,0.6514,5,22/Jul/2026:11:42:19.186808;22/Jul/2026:11:42:19.658894;22/Jul/2026:11:42:19.659459;22/Jul/2026:11:42:19.657469;22/Jul/2026:11:42:17.633744,0.4931;0.0329;0.0412;0.0485;2.0746
2,5,161,success,None,22/Jul/2026:11:42:19.656394,22/Jul/2026:11:42:20.356932,0.7005,15,22/Jul/2026:11:42:19.185658;22/Jul/2026:11:42:13.829944;22/Jul/2026:11:42:17.633966;22/Jul/2026:11:42:18.267442;22/Jul/2026:11:42:19.186808;22/Jul/2026:11:42:19.658894;22/Jul/2026:11:42:19.659459;22/Jul/2026:11:42:19.657469;22/Jul/2026:11:42:17.633744;22/Jul/2026:11:42:19.659052;22/Jul/2026:11:42:16.537430;22/Jul/2026:11:42:17.634284;22/Jul/2026:11:42:18.521016;22/Jul/2026:11:42:19.658782;22/Jul/2026:11:42:20.324349,0.4788;5.8363;2.0342;1.4018;0.4931;0.0329;0.0412;0.0485;2.0746;0.6752;3.7969;2.7048;1.8298;0.6969;0.0313
2,5,315,success,None,22/Jul/2026:11:42:20.357259,22/Jul/2026:11:42:20.806885,0.4496,11,22/Jul/2026:11:42:20.324909;22/Jul/2026:11:42:20.324512;22/Jul/2026:11:42:20.325602;22/Jul/2026:11:42:19.672962;22/Jul/2026:11:42:18.266257;22/Jul/2026:11:42:18.266377;22/Jul/2026:11:42:19.022722;22/Jul/2026:11:42:18.520272;22/Jul/2026:11:42:20.326000;22/Jul/2026:11:42:19.657171;22/Jul/2026:11:42:20.324632,0.0416;0.0454;0.0446;0.6996;2.1066;2.1076;1.3584;1.8752;0.0700;0.7390;0.0722
2,5,212,success,None,22/Jul/2026:11:42:20.323289,22/Jul/2026:11:42:20.832173,0.5089,17,22/Jul/2026:11:42:19.659052;22/Jul/2026:11:42:16.537430;22/Jul/2026:11:42:17.634284;22/Jul/2026:11:42:18.521016;22/Jul/2026:11:42:19.658782;22/Jul/2026:11:42:20.324349;22/Jul/2026:11:42:20.324909;22/Jul/2026:11:42:20.324512;22/Jul/2026:11:42:20.325602;22/Jul/2026:11:42:19.672962;22/Jul/2026:11:42:18.266257;22/Jul/2026:11:42:18.266377;22/Jul/2026:11:42:19.022722;22/Jul/2026:11:42:18.520272;22/Jul/2026:11:42:20.326000;22/Jul/2026:11:42:19.657171;22/Jul/2026:11:42:20.324632,0.6752;3.7969;2.7048;1.8298;0.6969;0.0313;0.0416;0.0454;0.0446;0.6996;2.1066;2.1076;1.3584;1.8752;0.0700;0.7390;0.0722
2,5,324,success,None,22/Jul/2026:11:42:20.807205,22/Jul/2026:11:42:21.306787,0.4996,8,22/Jul/2026:11:42:19.658128;22/Jul/2026:11:42:20.325466;22/Jul/2026:11:42:19.673045;22/Jul/2026:11:42:19.673804;22/Jul/2026:11:42:20.808667;22/Jul/2026:11:42:20.358950;22/Jul/2026:11:42:20.358161;22/Jul/2026:11:42:20.834007,1.1812;0.5157;1.1697;1.1706;0.0379;0.4921;0.5059;0.0373
2,5,334,success,None,22/Jul/2026:11:42:20.832476,22/Jul/2026:11:42:21.449126,0.6166,15,22/Jul/2026:11:42:19.658128;22/Jul/2026:11:42:20.325466;22/Jul/2026:11:42:19.673045;22/Jul/2026:11:42:19.673804;22/Jul/2026:11:42:20.808667;22/Jul/2026:11:42:20.358950;22/Jul/2026:11:42:20.358161;22/Jul/2026:11:42:20.834007;22/Jul/2026:11:42:19.659107;22/Jul/2026:11:42:19.672499;22/Jul/2026:11:42:20.324272;22/Jul/2026:11:42:19.023078;22/Jul/2026:11:42:20.357876;22/Jul/2026:11:42:20.359533;22/Jul/2026:11:42:19.021484,1.1812;0.5157;1.1697;1.1706;0.0379;0.4921;0.5059;0.0373;1.6573;1.6446;0.9934;2.2956;0.9611;0.9652;2.3061
2,5,343,success,None,22/Jul/2026:11:42:21.307095,22/Jul/2026:11:42:21.623094,0.3160,10,22/Jul/2026:11:42:19.659107;22/Jul/2026:11:42:19.672499;22/Jul/2026:11:42:20.324272;22/Jul/2026:11:42:19.023078;22/Jul/2026:11:42:20.357876;22/Jul/2026:11:42:20.359533;22/Jul/2026:11:42:19.021484;22/Jul/2026:11:42:20.809094;22/Jul/2026:11:42:21.451635;22/Jul/2026:11:42:21.451575,1.6573;1.6446;0.9934;2.2956;0.9611;0.9652;2.3061;0.6492;0.0282;0.0287
2,5,366,success,None,22/Jul/2026:11:42:21.449464,22/Jul/2026:11:42:21.714502,0.2650,9,22/Jul/2026:11:42:20.809094;22/Jul/2026:11:42:21.451635;22/Jul/2026:11:42:21.451575;22/Jul/2026:11:42:18.519607;22/Jul/2026:11:42:18.519668;22/Jul/2026:11:42:18.520009;22/Jul/2026:11:42:21.307963;22/Jul/2026:11:42:19.672579;22/Jul/2026:11:42:17.637013,0.6492;0.0282;0.0287;3.1095;3.1114;3.1116;0.3268;1.9679;4.0057
2,5,415,success,None,22/Jul/2026:11:42:21.623438,22/Jul/2026:11:42:22.260641,0.6372,6,22/Jul/2026:11:42:18.519607;22/Jul/2026:11:42:18.519668;22/Jul/2026:11:42:18.520009;22/Jul/2026:11:42:21.307963;22/Jul/2026:11:42:19.672579;22/Jul/2026:11:42:17.637013,3.1095;3.1114;3.1116;0.3268;1.9679;4.0057
3,5,25,success,None,22/Jul/2026:11:42:22.261917,22/Jul/2026:11:42:22.890129,0.6282,14,22/Jul/2026:11:42:16.539201;22/Jul/2026:11:42:17.147749;22/Jul/2026:11:42:21.451454;22/Jul/2026:11:42:20.809535;22/Jul/2026:11:42:18.519134;22/Jul/2026:11:42:17.147059;22/Jul/2026:11:42:20.358476;22/Jul/2026:11:42:20.359010;22/Jul/2026:11:42:21.626246;22/Jul/2026:11:42:22.263410;22/Jul/2026:11:42:22.263767;22/Jul/2026:11:42:22.263925;22/Jul/2026:11:42:21.625011;22/Jul/2026:11:42:22.265234,5.7464;5.1379;0.8342;1.4761;3.7666;5.1386;1.9285;1.9310;0.6686;0.0345;0.0488;0.0587;0.7059;0.0961
3,5,51,success,None,22/Jul/2026:11:42:22.262132,22/Jul/2026:11:42:22.922562,0.6604,17,22/Jul/2026:11:42:16.539201;22/Jul/2026:11:42:17.147749;22/Jul/2026:11:42:21.451454;22/Jul/2026:11:42:20.809535;22/Jul/2026:11:42:18.519134;22/Jul/2026:11:42:17.147059;22/Jul/2026:11:42:20.358476;22/Jul/2026:11:42:20.359010;22/Jul/2026:11:42:21.626246;22/Jul/2026:11:42:22.263410;22/Jul/2026:11:42:22.263767;22/Jul/2026:11:42:22.263925;22/Jul/2026:11:42:21.625011;22/Jul/2026:11:42:22.265234;22/Jul/2026:11:42:22.265331;22/Jul/2026:11:42:22.263567;22/Jul/2026:11:42:17.148518,5.7464;5.1379;0.8342;1.4761;3.7666;5.1386;1.9285;1.9310;0.6686;0.0345;0.0488;0.0587;0.7059;0.0961;0.6405;0.6461;5.7612
3,5,76,success,None,22/Jul/2026:11:42:22.890480,22/Jul/2026:11:42:23.738674,0.8482,11,22/Jul/2026:11:42:22.265331;22/Jul/2026:11:42:22.263567;22/Jul/2026:11:42:17.148518;22/Jul/2026:11:42:22.891621;22/Jul/2026:11:42:22.893981;22/Jul/2026:11:42:22.893438;22/Jul/2026:11:42:17.147701;22/Jul/2026:11:42:22.892300;22/Jul/2026:11:42:22.924915;22/Jul/2026:11:42:22.925726;22/Jul/2026:11:42:22.925282,0.6405;0.6461;5.7612;0.0420;0.0422;0.0450;5.7929;0.0492;0.0379;0.0401;0.3723
3,5,133,success,None,22/Jul/2026:11:42:22.922861,22/Jul/2026:11:42:23.742602,0.8197,8,22/Jul/2026:11:42:22.891621;22/Jul/2026:11:42:22.893981;22/Jul/2026:11:42:22.893438;22/Jul/2026:11:42:17.147701;22/Jul/2026:11:42:22.892300;22/Jul/2026:11:42:22.924915;22/Jul/2026:11:42:22.925726;22/Jul/2026:11:42:22.925282,0.0420;0.0422;0.0450;5.7929;0.0492;0.0379;0.0401;0.3723
3,5,61,success,None,22/Jul/2026:11:42:22.262258,22/Jul/2026:11:42:23.947176,1.6849,29,22/Jul/2026:11:42:16.539201;22/Jul/2026:11:42:17.147749;22/Jul/2026:11:42:21.451454;22/Jul/2026:11:42:20.809535;22/Jul/2026:11:42:18.519134;22/Jul/2026:11:42:17.147059;22/Jul/2026:11:42:20.358476;22/Jul/2026:11:42:20.359010;22/Jul/2026:11:42:21.626246;22/Jul/2026:11:42:22.263410;22/Jul/2026:11:42:22.263767;22/Jul/2026:11:42:22.263925;22/Jul/2026:11:42:21.625011;22/Jul/2026:11:42:22.265234;22/Jul/2026:11:42:22.265331;22/Jul/2026:11:42:22.263567;22/Jul/2026:11:42:17.148518;22/Jul/2026:11:42:22.891621;22/Jul/2026:11:42:22.893981;22/Jul/2026:11:42:22.893438;22/Jul/2026:11:42:17.147701;22/Jul/2026:11:42:22.892300;22/Jul/2026:11:42:22.924915;22/Jul/2026:11:42:22.925726;22/Jul/2026:11:42:22.925282;22/Jul/2026:11:42:22.924998;22/Jul/2026:11:42:22.892933;22/Jul/2026:11:42:22.924591;22/Jul/2026:11:42:20.358229,5.7464;5.1379;0.8342;1.4761;3.7666;5.1386;1.9285;1.9310;0.6686;0.0345;0.0488;0.0587;0.7059;0.0961;0.6405;0.6461;5.7612;0.0420;0.0422;0.0450;5.7929;0.0492;0.0379;0.0401;0.3723;0.8577;0.8912;0.8630;3.4679
3,5,151,success,None,22/Jul/2026:11:42:23.738990,22/Jul/2026:11:42:24.277583,0.5386,9,22/Jul/2026:11:42:22.924998;22/Jul/2026:11:42:22.892933;22/Jul/2026:11:42:22.924591;22/Jul/2026:11:42:20.358229;22/Jul/2026:11:42:22.263301;22/Jul/2026:11:42:23.741938;22/Jul/2026:11:42:23.744716;22/Jul/2026:11:42:20.325542;22/Jul/2026:11:42:23.950291,0.8577;0.8912;0.8630;3.4679;1.7164;0.2393;0.2370;3.6635;0.0482
3,5,161,success,None,22/Jul/2026:11:42:23.742864,22/Jul/2026:11:42:24.283684,0.5408,9,22/Jul/2026:11:42:22.924998;22/Jul/2026:11:42:22.892933;22/Jul/2026:11:42:22.924591;22/Jul/2026:11:42:20.358229;22/Jul/2026:11:42:22.263301;22/Jul/2026:11:42:23.741938;22/Jul/2026:11:42:23.744716;22/Jul/2026:11:42:20.325542;22/Jul/2026:11:42:23.950291,0.8577;0.8912;0.8630;3.4679;1.7164;0.2393;0.2370;3.6635;0.0482
3,5,203,success,None,22/Jul/2026:11:42:23.947549,22/Jul/2026:11:42:24.700869,0.7533,14,22/Jul/2026:11:42:22.263301;22/Jul/2026:11:42:23.741938;22/Jul/2026:11:42:23.744716;22/Jul/2026:11:42:20.325542;22/Jul/2026:11:42:23.950291;22/Jul/2026:11:42:19.673303;22/Jul/2026:11:42:22.925457;22/Jul/2026:11:42:22.264672;22/Jul/2026:11:42:19.674016;22/Jul/2026:11:42:24.279727;22/Jul/2026:11:42:23.741079;22/Jul/2026:11:42:16.083824;22/Jul/2026:11:42:19.672371;22/Jul/2026:11:42:24.284943,1.7164;0.2393;0.2370;3.6635;0.0482;4.6139;1.3704;2.0314;4.6257;0.0290;0.5680;8.2260;4.6385;0.0359
3,5,212,success,None,22/Jul/2026:11:42:24.277915,22/Jul/2026:11:42:24.728848,0.4509,17,22/Jul/2026:11:42:19.673303;22/Jul/2026:11:42:22.925457;22/Jul/2026:11:42:22.264672;22/Jul/2026:11:42:19.674016;22/Jul/2026:11:42:24.279727;22/Jul/2026:11:42:23.741079;22/Jul/2026:11:42:16.083824;22/Jul/2026:11:42:19.672371;22/Jul/2026:11:42:24.284943;22/Jul/2026:11:42:24.704209;22/Jul/2026:11:42:24.280751;22/Jul/2026:11:42:22.263013;22/Jul/2026:11:42:23.739793;22/Jul/2026:11:42:24.278394;22/Jul/2026:11:42:23.741886;22/Jul/2026:11:42:24.280471;22/Jul/2026:11:42:22.891515,4.6139;1.3704;2.0314;4.6257;0.0290;0.5680;8.2260;4.6385;0.0359;0.0060;0.4301;2.4497;0.9729;0.4363;0.9744;0.4417;1.8341
3,5,315,success,None,22/Jul/2026:11:42:24.283974,22/Jul/2026:11:42:24.746696,0.4627,19,22/Jul/2026:11:42:19.673303;22/Jul/2026:11:42:22.925457;22/Jul/2026:11:42:22.264672;22/Jul/2026:11:42:19.674016;22/Jul/2026:11:42:24.279727;22/Jul/2026:11:42:23.741079;22/Jul/2026:11:42:16.083824;22/Jul/2026:11:42:19.672371;22/Jul/2026:11:42:24.284943;22/Jul/2026:11:42:24.704209;22/Jul/2026:11:42:24.280751;22/Jul/2026:11:42:22.263013;22/Jul/2026:11:42:23.739793;22/Jul/2026:11:42:24.278394;22/Jul/2026:11:42:23.741886;22/Jul/2026:11:42:24.280471;22/Jul/2026:11:42:22.891515;22/Jul/2026:11:42:24.278799;22/Jul/2026:11:42:24.703140,4.6139;1.3704;2.0314;4.6257;0.0290;0.5680;8.2260;4.6385;0.0359;0.0060;0.4301;2.4497;0.9729;0.4363;0.9744;0.4417;1.8341;0.4508;0.0422
3,5,343,success,None,22/Jul/2026:11:42:24.747007,22/Jul/2026:11:42:25.463317,0.7163,4,22/Jul/2026:11:42:21.625700;22/Jul/2026:11:42:24.284804;22/Jul/2026:11:42:22.923479;22/Jul/2026:11:42:20.358414,3.1246;0.4747;1.8362;4.4208
3,5,334,success,None,22/Jul/2026:11:42:24.729196,22/Jul/2026:11:42:25.517901,0.7887,12,22/Jul/2026:11:42:24.278799;22/Jul/2026:11:42:24.703140;22/Jul/2026:11:42:21.625700;22/Jul/2026:11:42:24.284804;22/Jul/2026:11:42:22.923479;22/Jul/2026:11:42:20.358414;22/Jul/2026:11:42:24.285073;22/Jul/2026:11:42:24.702753;22/Jul/2026:11:42:19.022099;22/Jul/2026:11:42:22.893523;22/Jul/2026:11:42:23.743885;22/Jul/2026:11:42:24.748615,0.4508;0.0422;3.1246;0.4747;1.8362;4.4208;1.1881;0.7704;6.4522;2.5841;1.7399;0.7380
3,5,324,success,None,22/Jul/2026:11:42:24.701207,22/Jul/2026:11:42:25.538755,0.8375,26,22/Jul/2026:11:42:24.704209;22/Jul/2026:11:42:24.280751;22/Jul/2026:11:42:22.263013;22/Jul/2026:11:42:23.739793;22/Jul/2026:11:42:24.278394;22/Jul/2026:11:42:23.741886;22/Jul/2026:11:42:24.280471;22/Jul/2026:11:42:22.891515;22/Jul/2026:11:42:24.278799;22/Jul/2026:11:42:24.703140;22/Jul/2026:11:42:21.625700;22/Jul/2026:11:42:24.284804;22/Jul/2026:11:42:22.923479;22/Jul/2026:11:42:20.358414;22/Jul/2026:11:42:24.285073;22/Jul/2026:11:42:24.702753;22/Jul/2026:11:42:19.022099;22/Jul/2026:11:42:22.893523;22/Jul/2026:11:42:23.743885;22/Jul/2026:11:42:24.748615;22/Jul/2026:11:42:25.468422;22/Jul/2026:11:42:24.278654;22/Jul/2026:11:42:24.285814;22/Jul/2026:11:42:23.743931;22/Jul/2026:11:42:24.285469;22/Jul/2026:11:42:24.704293,0.0060;0.4301;2.4497;0.9729;0.4363;0.9744;0.4417;1.8341;0.4508;0.0422;3.1246;0.4747;1.8362;4.4208;1.1881;0.7704;6.4522;2.5841;1.7399;0.7380;0.0597;1.2531;1.2473;1.7892;1.2506;0.8333
3,5,366,success,None,22/Jul/2026:11:42:25.463618,22/Jul/2026:11:42:26.119586,0.6560,13,22/Jul/2026:11:42:24.285073;22/Jul/2026:11:42:24.702753;22/Jul/2026:11:42:19.022099;22/Jul/2026:11:42:22.893523;22/Jul/2026:11:42:23.743885;22/Jul/2026:11:42:24.748615;22/Jul/2026:11:42:25.468422;22/Jul/2026:11:42:24.278654;22/Jul/2026:11:42:24.285814;22/Jul/2026:11:42:23.743931;22/Jul/2026:11:42:24.285469;22/Jul/2026:11:42:24.704293;22/Jul/2026:11:42:25.467890,1.1881;0.7704;6.4522;2.5841;1.7399;0.7380;0.0597;1.2531;1.2473;1.7892;1.2506;0.8333;0.0720
3,5,415,success,None,22/Jul/2026:11:42:25.518242,22/Jul/2026:11:42:26.386506,0.8683,7,22/Jul/2026:11:42:25.468422;22/Jul/2026:11:42:24.278654;22/Jul/2026:11:42:24.285814;22/Jul/2026:11:42:23.743931;22/Jul/2026:11:42:24.285469;22/Jul/2026:11:42:24.704293;22/Jul/2026:11:42:25.467890,0.0597;1.2531;1.2473;1.7892;1.2506;0.8333;0.0720
4,5,61,success,None,22/Jul/2026:11:42:26.388115,22/Jul/2026:11:42:27.170472,0.7824,16,22/Jul/2026:11:42:24.749516;22/Jul/2026:11:42:26.389486;22/Jul/2026:11:42:24.286242;22/Jul/2026:11:42:22.924251;22/Jul/2026:11:42:26.389129;22/Jul/2026:11:42:25.519485;22/Jul/2026:11:42:24.703826;22/Jul/2026:11:42:26.389944;22/Jul/2026:11:42:26.390733;22/Jul/2026:11:42:24.730541;22/Jul/2026:11:42:26.391081;22/Jul/2026:11:42:26.389795;22/Jul/2026:11:42:20.325723;22/Jul/2026:11:42:26.389537;22/Jul/2026:11:42:26.388967;22/Jul/2026:11:42:22.892135,1.6915;0.0562;2.1631;3.5272;0.0646;0.9361;1.7656;0.0942;0.1153;1.7859;0.1273;0.1358;6.2039;0.1408;0.2871;3.8091
4,5,76,success,None,22/Jul/2026:11:42:26.388254,22/Jul/2026:11:42:27.197611,0.8094,23,22/Jul/2026:11:42:24.749516;22/Jul/2026:11:42:26.389486;22/Jul/2026:11:42:24.286242;22/Jul/2026:11:42:22.924251;22/Jul/2026:11:42:26.389129;22/Jul/2026:11:42:25.519485;22/Jul/2026:11:42:24.703826;22/Jul/2026:11:42:26.389944;22/Jul/2026:11:42:26.390733;22/Jul/2026:11:42:24.730541;22/Jul/2026:11:42:26.391081;22/Jul/2026:11:42:26.389795;22/Jul/2026:11:42:20.325723;22/Jul/2026:11:42:26.389537;22/Jul/2026:11:42:26.388967;22/Jul/2026:11:42:22.892135;22/Jul/2026:11:42:24.279036;22/Jul/2026:11:42:19.185872;22/Jul/2026:11:42:26.390045;22/Jul/2026:11:42:27.172543;22/Jul/2026:11:42:24.703054;22/Jul/2026:11:42:26.391129;22/Jul/2026:11:42:26.389179,1.6915;0.0562;2.1631;3.5272;0.0646;0.9361;1.7656;0.0942;0.1153;1.7859;0.1273;0.1358;6.2039;0.1408;0.2871;3.8091;2.8998;7.9934;0.7898;0.0076;2.4810;0.7942;0.7985
4,5,25,success,None,22/Jul/2026:11:42:26.387803,22/Jul/2026:11:42:27.279849,0.8920,32,22/Jul/2026:11:42:24.749516;22/Jul/2026:11:42:26.389486;22/Jul/2026:11:42:24.286242;22/Jul/2026:11:42:22.924251;22/Jul/2026:11:42:26.389129;22/Jul/2026:11:42:25.519485;22/Jul/2026:11:42:24.703826;22/Jul/2026:11:42:26.389944;22/Jul/2026:11:42:26.390733;22/Jul/2026:11:42:24.730541;22/Jul/2026:11:42:26.391081;22/Jul/2026:11:42:26.389795;22/Jul/2026:11:42:20.325723;22/Jul/2026:11:42:26.389537;22/Jul/2026:11:42:26.388967;22/Jul/2026:11:42:22.892135;22/Jul/2026:11:42:24.279036;22/Jul/2026:11:42:19.185872;22/Jul/2026:11:42:26.390045;22/Jul/2026:11:42:27.172543;22/Jul/2026:11:42:24.703054;22/Jul/2026:11:42:26.391129;22/Jul/2026:11:42:26.389179;22/Jul/2026:11:42:27.172991;22/Jul/2026:11:42:19.659277;22/Jul/2026:11:42:21.451317;22/Jul/2026:11:42:25.467837;22/Jul/2026:11:42:24.702623;22/Jul/2026:11:42:27.173382;22/Jul/2026:11:42:20.834480;22/Jul/2026:11:42:27.200474;22/Jul/2026:11:42:26.390828,1.6915;0.0562;2.1631;3.5272;0.0646;0.9361;1.7656;0.0942;0.1153;1.7859;0.1273;0.1358;6.2039;0.1408;0.2871;3.8091;2.8998;7.9934;0.7898;0.0076;2.4810;0.7942;0.7985;0.0342;7.5520;5.7626;1.7466;2.5121;0.0479;6.3888;0.0293;0.8490
4,5,51,success,None,22/Jul/2026:11:42:26.387985,22/Jul/2026:11:42:27.453531,1.0655,35,22/Jul/2026:11:42:24.749516;22/Jul/2026:11:42:26.389486;22/Jul/2026:11:42:24.286242;22/Jul/2026:11:42:22.924251;22/Jul/2026:11:42:26.389129;22/Jul/2026:11:42:25.519485;22/Jul/2026:11:42:24.703826;22/Jul/2026:11:42:26.389944;22/Jul/2026:11:42:26.390733;22/Jul/2026:11:42:24.730541;22/Jul/2026:11:42:26.391081;22/Jul/2026:11:42:26.389795;22/Jul/2026:11:42:20.325723;22/Jul/2026:11:42:26.389537;22/Jul/2026:11:42:26.388967;22/Jul/2026:11:42:22.892135;22/Jul/2026:11:42:24.279036;22/Jul/2026:11:42:19.185872;22/Jul/2026:11:42:26.390045;22/Jul/2026:11:42:27.172543;22/Jul/2026:11:42:24.703054;22/Jul/2026:11:42:26.391129;22/Jul/2026:11:42:26.389179;22/Jul/2026:11:42:27.172991;22/Jul/2026:11:42:19.659277;22/Jul/2026:11:42:21.451317;22/Jul/2026:11:42:25.467837;22/Jul/2026:11:42:24.702623;22/Jul/2026:11:42:27.173382;22/Jul/2026:11:42:20.834480;22/Jul/2026:11:42:27.200474;22/Jul/2026:11:42:26.390828;22/Jul/2026:11:42:24.731060;22/Jul/2026:11:42:23.741575;22/Jul/2026:11:42:27.173105,1.6915;0.0562;2.1631;3.5272;0.0646;0.9361;1.7656;0.0942;0.1153;1.7859;0.1273;0.1358;6.2039;0.1408;0.2871;3.8091;2.8998;7.9934;0.7898;0.0076;2.4810;0.7942;0.7985;0.0342;7.5520;5.7626;1.7466;2.5121;0.0479;6.3888;0.0293;0.8490;2.5601;3.5501;0.1201
4,5,151,success,None,22/Jul/2026:11:42:27.197991,22/Jul/2026:11:42:27.887458,0.6895,17,22/Jul/2026:11:42:27.172991;22/Jul/2026:11:42:19.659277;22/Jul/2026:11:42:21.451317;22/Jul/2026:11:42:25.467837;22/Jul/2026:11:42:24.702623;22/Jul/2026:11:42:27.173382;22/Jul/2026:11:42:20.834480;22/Jul/2026:11:42:27.200474;22/Jul/2026:11:42:26.390828;22/Jul/2026:11:42:24.731060;22/Jul/2026:11:42:23.741575;22/Jul/2026:11:42:27.173105;22/Jul/2026:11:42:24.280803;22/Jul/2026:11:42:19.673965;22/Jul/2026:11:42:20.808182;22/Jul/2026:11:42:27.282492;22/Jul/2026:11:42:25.519684,0.0342;7.5520;5.7626;1.7466;2.5121;0.0479;6.3888;0.0293;0.8490;2.5601;3.5501;0.1201;3.1876;7.7954;6.6629;0.1902;1.9540
4,5,161,success,None,22/Jul/2026:11:42:27.280279,22/Jul/2026:11:42:27.927779,0.6475,13,22/Jul/2026:11:42:24.731060;22/Jul/2026:11:42:23.741575;22/Jul/2026:11:42:27.173105;22/Jul/2026:11:42:24.280803;22/Jul/2026:11:42:19.673965;22/Jul/2026:11:42:20.808182;22/Jul/2026:11:42:27.282492;22/Jul/2026:11:42:25.519684;22/Jul/2026:11:42:27.283086;22/Jul/2026:11:42:27.173325;22/Jul/2026:11:42:20.833540;22/Jul/2026:11:42:24.286300;22/Jul/2026:11:42:20.325832,2.5601;3.5501;0.1201;3.1876;7.7954;6.6629;0.1902;1.9540;0.6166;0.7264;7.0699;3.6171;7.5798
4,5,133,success,None,22/Jul/2026:11:42:27.170801,22/Jul/2026:11:42:27.962574,0.7918,33,22/Jul/2026:11:42:24.279036;22/Jul/2026:11:42:19.185872;22/Jul/2026:11:42:26.390045;22/Jul/2026:11:42:27.172543;22/Jul/2026:11:42:24.703054;22/Jul/2026:11:42:26.391129;22/Jul/2026:11:42:26.389179;22/Jul/2026:11:42:27.172991;22/Jul/2026:11:42:19.659277;22/Jul/2026:11:42:21.451317;22/Jul/2026:11:42:25.467837;22/Jul/2026:11:42:24.702623;22/Jul/2026:11:42:27.173382;22/Jul/2026:11:42:20.834480;22/Jul/2026:11:42:27.200474;22/Jul/2026:11:42:26.390828;22/Jul/2026:11:42:24.731060;22/Jul/2026:11:42:23.741575;22/Jul/2026:11:42:27.173105;22/Jul/2026:11:42:24.280803;22/Jul/2026:11:42:19.673965;22/Jul/2026:11:42:20.808182;22/Jul/2026:11:42:27.282492;22/Jul/2026:11:42:25.519684;22/Jul/2026:11:42:27.283086;22/Jul/2026:11:42:27.173325;22/Jul/2026:11:42:20.833540;22/Jul/2026:11:42:24.286300;22/Jul/2026:11:42:20.325832;22/Jul/2026:11:42:24.730858;22/Jul/2026:11:42:27.891293;22/Jul/2026:11:42:24.750042;22/Jul/2026:11:42:27.454571,2.8998;7.9934;0.7898;0.0076;2.4810;0.7942;0.7985;0.0342;7.5520;5.7626;1.7466;2.5121;0.0479;6.3888;0.0293;0.8490;2.5601;3.5501;0.1201;3.1876;7.7954;6.6629;0.1902;1.9540;0.6166;0.7264;7.0699;3.6171;7.5798;3.2055;0.0497;3.1922;0.4891
4,5,203,success,None,22/Jul/2026:11:42:27.453827,22/Jul/2026:11:42:28.213304,0.7595,21,22/Jul/2026:11:42:24.280803;22/Jul/2026:11:42:19.673965;22/Jul/2026:11:42:20.808182;22/Jul/2026:11:42:27.282492;22/Jul/2026:11:42:25.519684;22/Jul/2026:11:42:27.283086;22/Jul/2026:11:42:27.173325;22/Jul/2026:11:42:20.833540;22/Jul/2026:11:42:24.286300;22/Jul/2026:11:42:20.325832;22/Jul/2026:11:42:24.730858;22/Jul/2026:11:42:27.891293;22/Jul/2026:11:42:24.750042;22/Jul/2026:11:42:27.454571;22/Jul/2026:11:42:27.930191;22/Jul/2026:11:42:27.455875;22/Jul/2026:11:42:27.282254;22/Jul/2026:11:42:27.199123;22/Jul/2026:11:42:27.930137;22/Jul/2026:11:42:27.456365;22/Jul/2026:11:42:27.173543,3.1876;7.7954;6.6629;0.1902;1.9540;0.6166;0.7264;7.0699;3.6171;7.5798;3.2055;0.0497;3.1922;0.4891;0.0463;0.5267;0.7004;0.7961;0.0710;0.5529;0.8469
4,5,212,success,None,22/Jul/2026:11:42:27.887808,22/Jul/2026:11:42:28.684519,0.7967,23,22/Jul/2026:11:42:27.283086;22/Jul/2026:11:42:27.173325;22/Jul/2026:11:42:20.833540;22/Jul/2026:11:42:24.286300;22/Jul/2026:11:42:20.325832;22/Jul/2026:11:42:24.730858;22/Jul/2026:11:42:27.891293;22/Jul/2026:11:42:24.750042;22/Jul/2026:11:42:27.454571;22/Jul/2026:11:42:27.930191;22/Jul/2026:11:42:27.455875;22/Jul/2026:11:42:27.282254;22/Jul/2026:11:42:27.199123;22/Jul/2026:11:42:27.930137;22/Jul/2026:11:42:27.456365;22/Jul/2026:11:42:27.173543;22/Jul/2026:11:42:27.171791;22/Jul/2026:11:42:25.464253;22/Jul/2026:11:42:27.890408;22/Jul/2026:11:42:27.929168;22/Jul/2026:11:42:19.187817;22/Jul/2026:11:42:24.704531;22/Jul/2026:11:42:28.214952,0.6166;0.7264;7.0699;3.6171;7.5798;3.2055;0.0497;3.1922;0.4891;0.0463;0.5267;0.7004;0.7961;0.0710;0.5529;0.8469;1.0510;2.7602;0.3461;0.3080;9.0499;3.5413;0.0311
4,5,315,success,None,22/Jul/2026:11:42:27.928105,22/Jul/2026:11:42:28.755690,0.8276,25,22/Jul/2026:11:42:24.730858;22/Jul/2026:11:42:27.891293;22/Jul/2026:11:42:24.750042;22/Jul/2026:11:42:27.454571;22/Jul/2026:11:42:27.930191;22/Jul/2026:11:42:27.455875;22/Jul/2026:11:42:27.282254;22/Jul/2026:11:42:27.199123;22/Jul/2026:11:42:27.930137;22/Jul/2026:11:42:27.456365;22/Jul/2026:11:42:27.173543;22/Jul/2026:11:42:27.171791;22/Jul/2026:11:42:25.464253;22/Jul/2026:11:42:27.890408;22/Jul/2026:11:42:27.929168;22/Jul/2026:11:42:19.187817;22/Jul/2026:11:42:24.704531;22/Jul/2026:11:42:28.214952;22/Jul/2026:11:42:19.658669;22/Jul/2026:11:42:27.456178;22/Jul/2026:11:42:22.924165;22/Jul/2026:11:42:27.281170;22/Jul/2026:11:42:27.890905;22/Jul/2026:11:42:27.281499;22/Jul/2026:11:42:27.929719,3.2055;0.0497;3.1922;0.4891;0.0463;0.5267;0.7004;0.7961;0.0710;0.5529;0.8469;1.0510;2.7602;0.3461;0.3080;9.0499;3.5413;0.0311;9.0365;1.2392;5.7719;1.4154;0.8065;1.4173;0.7758
4,5,324,success,None,22/Jul/2026:11:42:27.963332,22/Jul/2026:11:42:28.873218,0.9099,26,22/Jul/2026:11:42:27.930191;22/Jul/2026:11:42:27.455875;22/Jul/2026:11:42:27.282254;22/Jul/2026:11:42:27.199123;22/Jul/2026:11:42:27.930137;22/Jul/2026:11:42:27.456365;22/Jul/2026:11:42:27.173543;22/Jul/2026:11:42:27.171791;22/Jul/2026:11:42:25.464253;22/Jul/2026:11:42:27.890408;22/Jul/2026:11:42:27.929168;22/Jul/2026:11:42:19.187817;22/Jul/2026:11:42:24.704531;22/Jul/2026:11:42:28.214952;22/Jul/2026:11:42:19.658669;22/Jul/2026:11:42:27.456178;22/Jul/2026:11:42:22.924165;22/Jul/2026:11:42:27.281170;22/Jul/2026:11:42:27.890905;22/Jul/2026:11:42:27.281499;22/Jul/2026:11:42:27.929719;22/Jul/2026:11:42:28.216447;22/Jul/2026:11:42:28.687790;22/Jul/2026:11:42:27.200310;22/Jul/2026:11:42:27.968577;22/Jul/2026:11:42:28.758784,0.0463;0.5267;0.7004;0.7961;0.0710;0.5529;0.8469;1.0510;2.7602;0.3461;0.3080;9.0499;3.5413;0.0311;9.0365;1.2392;5.7719;1.4154;0.8065;1.4173;0.7758;0.5495;0.0884;1.5763;0.8172;0.0370
4,5,334,success,None,22/Jul/2026:11:42:28.213610,22/Jul/2026:11:42:29.011284,0.7977,28,22/Jul/2026:11:42:27.171791;22/Jul/2026:11:42:25.464253;22/Jul/2026:11:42:27.890408;22/Jul/2026:11:42:27.929168;22/Jul/2026:11:42:19.187817;22/Jul/2026:11:42:24.704531;22/Jul/2026:11:42:28.214952;22/Jul/2026:11:42:19.658669;22/Jul/2026:11:42:27.456178;22/Jul/2026:11:42:22.924165;22/Jul/2026:11:42:27.281170;22/Jul/2026:11:42:27.890905;22/Jul/2026:11:42:27.281499;22/Jul/2026:11:42:27.929719;22/Jul/2026:11:42:28.216447;22/Jul/2026:11:42:28.687790;22/Jul/2026:11:42:27.200310;22/Jul/2026:11:42:27.968577;22/Jul/2026:11:42:28.758784;22/Jul/2026:11:42:22.923661;22/Jul/2026:11:42:27.454670;22/Jul/2026:11:42:25.519598;22/Jul/2026:11:42:28.686659;22/Jul/2026:11:42:27.454824;22/Jul/2026:11:42:24.278926;22/Jul/2026:11:42:26.391274;22/Jul/2026:11:42:20.809162;22/Jul/2026:11:42:27.930531,1.0510;2.7602;0.3461;0.3080;9.0499;3.5413;0.0311;9.0365;1.2392;5.7719;1.4154;0.8065;1.4173;0.7758;0.5495;0.0884;1.5763;0.8172;0.0370;5.9559;1.4251;3.3630;0.1967;1.4292;4.6051;2.4931;8.0767;0.9605
4,5,366,success,None,22/Jul/2026:11:42:28.756031,22/Jul/2026:11:42:29.398272,0.6422,14,22/Jul/2026:11:42:28.216447;22/Jul/2026:11:42:28.687790;22/Jul/2026:11:42:27.200310;22/Jul/2026:11:42:27.968577;22/Jul/2026:11:42:28.758784;22/Jul/2026:11:42:22.923661;22/Jul/2026:11:42:27.454670;22/Jul/2026:11:42:25.519598;22/Jul/2026:11:42:28.686659;22/Jul/2026:11:42:27.454824;22/Jul/2026:11:42:24.278926;22/Jul/2026:11:42:26.391274;22/Jul/2026:11:42:20.809162;22/Jul/2026:11:42:27.930531,0.5495;0.0884;1.5763;0.8172;0.0370;5.9559;1.4251;3.3630;0.1967;1.4292;4.6051;2.4931;8.0767;0.9605
4,5,343,success,None,22/Jul/2026:11:42:28.684840,22/Jul/2026:11:42:29.451721,0.7669,21,22/Jul/2026:11:42:19.658669;22/Jul/2026:11:42:27.456178;22/Jul/2026:11:42:22.924165;22/Jul/2026:11:42:27.281170;22/Jul/2026:11:42:27.890905;22/Jul/2026:11:42:27.281499;22/Jul/2026:11:42:27.929719;22/Jul/2026:11:42:28.216447;22/Jul/2026:11:42:28.687790;22/Jul/2026:11:42:27.200310;22/Jul/2026:11:42:27.968577;22/Jul/2026:11:42:28.758784;22/Jul/2026:11:42:22.923661;22/Jul/2026:11:42:27.454670;22/Jul/2026:11:42:25.519598;22/Jul/2026:11:42:28.686659;22/Jul/2026:11:42:27.454824;22/Jul/2026:11:42:24.278926;22/Jul/2026:11:42:26.391274;22/Jul/2026:11:42:20.809162;22/Jul/2026:11:42:27.930531,9.0365;1.2392;5.7719;1.4154;0.8065;1.4173;0.7758;0.5495;0.0884;1.5763;0.8172;0.0370;5.9559;1.4251;3.3630;0.1967;1.4292;4.6051;2.4931;8.0767;0.9605
4,5,415,success,None,22/Jul/2026:11:42:28.873534,22/Jul/2026:11:42:29.482696,0.6092,9,22/Jul/2026:11:42:22.923661;22/Jul/2026:11:42:27.454670;22/Jul/2026:11:42:25.519598;22/Jul/2026:11:42:28.686659;22/Jul/2026:11:42:27.454824;22/Jul/2026:11:42:24.278926;22/Jul/2026:11:42:26.391274;22/Jul/2026:11:42:20.809162;22/Jul/2026:11:42:27.930531,5.9559;1.4251;3.3630;0.1967;1.4292;4.6051;2.4931;8.0767;0.9605
5,5,25,success,None,22/Jul/2026:11:42:29.491168,22/Jul/2026:11:42:30.347670,0.8565,21,22/Jul/2026:11:42:24.284869;22/Jul/2026:11:42:22.893153;22/Jul/2026:11:42:25.521643;22/Jul/2026:11:42:26.388641;22/Jul/2026:11:42:29.492775;22/Jul/2026:11:42:29.493327;22/Jul/2026:11:42:29.493147;22/Jul/2026:11:42:17.633252;22/Jul/2026:11:42:28.215819;22/Jul/2026:11:42:27.968449;22/Jul/2026:11:42:27.455057;22/Jul/2026:11:42:28.874231;22/Jul/2026:11:42:29.493632;22/Jul/2026:11:42:25.464181;22/Jul/2026:11:42:28.214586;22/Jul/2026:11:42:28.687504;22/Jul/2026:11:42:24.704364;22/Jul/2026:11:42:27.455186;22/Jul/2026:11:42:28.686779;22/Jul/2026:11:42:29.498850;22/Jul/2026:11:42:29.499525,5.2181;6.6098;3.9814;3.1144;0.0320;0.0438;0.0595;11.9265;1.3463;1.5955;2.1268;0.7102;0.0919;4.1219;1.3785;0.9205;4.9224;2.1772;0.9715;0.1649;0.2250
5,5,61,success,None,22/Jul/2026:11:42:29.491485,22/Jul/2026:11:42:30.370556,0.8791,27,22/Jul/2026:11:42:24.284869;22/Jul/2026:11:42:22.893153;22/Jul/2026:11:42:25.521643;22/Jul/2026:11:42:26.388641;22/Jul/2026:11:42:29.492775;22/Jul/2026:11:42:29.493327;22/Jul/2026:11:42:29.493147;22/Jul/2026:11:42:17.633252;22/Jul/2026:11:42:28.215819;22/Jul/2026:11:42:27.968449;22/Jul/2026:11:42:27.455057;22/Jul/2026:11:42:28.874231;22/Jul/2026:11:42:29.493632;22/Jul/2026:11:42:25.464181;22/Jul/2026:11:42:28.214586;22/Jul/2026:11:42:28.687504;22/Jul/2026:11:42:24.704364;22/Jul/2026:11:42:27.455186;22/Jul/2026:11:42:28.686779;22/Jul/2026:11:42:29.498850;22/Jul/2026:11:42:29.499525;22/Jul/2026:11:42:30.355032;22/Jul/2026:11:42:28.685742;22/Jul/2026:11:42:22.926334;22/Jul/2026:11:42:29.498796;22/Jul/2026:11:42:29.499024;22/Jul/2026:11:42:27.889241,5.2181;6.6098;3.9814;3.1144;0.0320;0.0438;0.0595;11.9265;1.3463;1.5955;2.1268;0.7102;0.0919;4.1219;1.3785;0.9205;4.9224;2.1772;0.9715;0.1649;0.2250;0.0054;1.6796;7.4390;0.8666;0.8663;2.4769
5,5,133,success,None,22/Jul/2026:11:42:29.491743,22/Jul/2026:11:42:30.376028,0.8843,28,22/Jul/2026:11:42:24.284869;22/Jul/2026:11:42:22.893153;22/Jul/2026:11:42:25.521643;22/Jul/2026:11:42:26.388641;22/Jul/2026:11:42:29.492775;22/Jul/2026:11:42:29.493327;22/Jul/2026:11:42:29.493147;22/Jul/2026:11:42:17.633252;22/Jul/2026:11:42:28.215819;22/Jul/2026:11:42:27.968449;22/Jul/2026:11:42:27.455057;22/Jul/2026:11:42:28.874231;22/Jul/2026:11:42:29.493632;22/Jul/2026:11:42:25.464181;22/Jul/2026:11:42:28.214586;22/Jul/2026:11:42:28.687504;22/Jul/2026:11:42:24.704364;22/Jul/2026:11:42:27.455186;22/Jul/2026:11:42:28.686779;22/Jul/2026:11:42:29.498850;22/Jul/2026:11:42:29.499525;22/Jul/2026:11:42:30.355032;22/Jul/2026:11:42:28.685742;22/Jul/2026:11:42:22.926334;22/Jul/2026:11:42:29.498796;22/Jul/2026:11:42:29.499024;22/Jul/2026:11:42:27.889241;22/Jul/2026:11:42:24.702013,5.2181;6.6098;3.9814;3.1144;0.0320;0.0438;0.0595;11.9265;1.3463;1.5955;2.1268;0.7102;0.0919;4.1219;1.3785;0.9205;4.9224;2.1772;0.9715;0.1649;0.2250;0.0054;1.6796;7.4390;0.8666;0.8663;2.4769;5.6701
5,5,76,success,None,22/Jul/2026:11:42:29.491619,22/Jul/2026:11:42:30.407865,0.9162,37,22/Jul/2026:11:42:24.284869;22/Jul/2026:11:42:22.893153;22/Jul/2026:11:42:25.521643;22/Jul/2026:11:42:26.388641;22/Jul/2026:11:42:29.492775;22/Jul/2026:11:42:29.493327;22/Jul/2026:11:42:29.493147;22/Jul/2026:11:42:17.633252;22/Jul/2026:11:42:28.215819;22/Jul/2026:11:42:27.968449;22/Jul/2026:11:42:27.455057;22/Jul/2026:11:42:28.874231;22/Jul/2026:11:42:29.493632;22/Jul/2026:11:42:25.464181;22/Jul/2026:11:42:28.214586;22/Jul/2026:11:42:28.687504;22/Jul/2026:11:42:24.704364;22/Jul/2026:11:42:27.455186;22/Jul/2026:11:42:28.686779;22/Jul/2026:11:42:29.498850;22/Jul/2026:11:42:29.499525;22/Jul/2026:11:42:30.355032;22/Jul/2026:11:42:28.685742;22/Jul/2026:11:42:22.926334;22/Jul/2026:11:42:29.498796;22/Jul/2026:11:42:29.499024;22/Jul/2026:11:42:27.889241;22/Jul/2026:11:42:24.702013;22/Jul/2026:11:42:29.498293;22/Jul/2026:11:42:30.353088;22/Jul/2026:11:42:14.852134;22/Jul/2026:11:42:30.349542;22/Jul/2026:11:42:27.200196;22/Jul/2026:11:42:30.387252;22/Jul/2026:11:42:29.495039;22/Jul/2026:11:42:29.493025;22/Jul/2026:11:42:30.376933,5.2181;6.6098;3.9814;3.1144;0.0320;0.0438;0.0595;11.9265;1.3463;1.5955;2.1268;0.7102;0.0919;4.1219;1.3785;0.9205;4.9224;2.1772;0.9715;0.1649;0.2250;0.0054;1.6796;7.4390;0.8666;0.8663;2.4769;5.6701;0.8915;0.0372;15.5384;0.0419;3.1918;0.0094;0.9016;0.9044;0.0292
5,5,51,success,None,22/Jul/2026:11:42:29.491337,22/Jul/2026:11:42:30.413931,0.9226,38,22/Jul/2026:11:42:24.284869;22/Jul/2026:11:42:22.893153;22/Jul/2026:11:42:25.521643;22/Jul/2026:11:42:26.388641;22/Jul/2026:11:42:29.492775;22/Jul/2026:11:42:29.493327;22/Jul/2026:11:42:29.493147;22/Jul/2026:11:42:17.633252;22/Jul/2026:11:42:28.215819;22/Jul/2026:11:42:27.968449;22/Jul/2026:11:42:27.455057;22/Jul/2026:11:42:28.874231;22/Jul/2026:11:42:29.493632;22/Jul/2026:11:42:25.464181;22/Jul/2026:11:42:28.214586;22/Jul/2026:11:42:28.687504;22/Jul/2026:11:42:24.704364;22/Jul/2026:11:42:27.455186;22/Jul/2026:11:42:28.686779;22/Jul/2026:11:42:29.498850;22/Jul/2026:11:42:29.499525;22/Jul/2026:11:42:30.355032;22/Jul/2026:11:42:28.685742;22/Jul/2026:11:42:22.926334;22/Jul/2026:11:42:29.498796;22/Jul/2026:11:42:29.499024;22/Jul/2026:11:42:27.889241;22/Jul/2026:11:42:24.702013;22/Jul/2026:11:42:29.498293;22/Jul/2026:11:42:30.353088;22/Jul/2026:11:42:14.852134;22/Jul/2026:11:42:30.349542;22/Jul/2026:11:42:27.200196;22/Jul/2026:11:42:30.387252;22/Jul/2026:11:42:29.495039;22/Jul/2026:11:42:29.493025;22/Jul/2026:11:42:30.376933;22/Jul/2026:11:42:28.756635,5.2181;6.6098;3.9814;3.1144;0.0320;0.0438;0.0595;11.9265;1.3463;1.5955;2.1268;0.7102;0.0919;4.1219;1.3785;0.9205;4.9224;2.1772;0.9715;0.1649;0.2250;0.0054;1.6796;7.4390;0.8666;0.8663;2.4769;5.6701;0.8915;0.0372;15.5384;0.0419;3.1918;0.0094;0.9016;0.9044;0.0292;1.6553
5,5,203,success,None,22/Jul/2026:11:42:30.376385,22/Jul/2026:11:42:31.308932,0.9325,34,22/Jul/2026:11:42:29.498293;22/Jul/2026:11:42:30.353088;22/Jul/2026:11:42:14.852134;22/Jul/2026:11:42:30.349542;22/Jul/2026:11:42:27.200196;22/Jul/2026:11:42:30.387252;22/Jul/2026:11:42:29.495039;22/Jul/2026:11:42:29.493025;22/Jul/2026:11:42:30.376933;22/Jul/2026:11:42:28.756635;22/Jul/2026:11:42:29.495507;22/Jul/2026:11:42:29.493957;22/Jul/2026:11:42:28.686475;22/Jul/2026:11:42:28.686358;22/Jul/2026:11:42:29.493906;22/Jul/2026:11:42:29.494225;22/Jul/2026:11:42:29.494523;22/Jul/2026:11:42:30.374147;22/Jul/2026:11:42:30.374248;22/Jul/2026:11:42:24.279900;22/Jul/2026:11:42:23.740976;22/Jul/2026:11:42:30.386618;22/Jul/2026:11:42:30.385614;22/Jul/2026:11:42:24.749461;22/Jul/2026:11:42:30.377705;22/Jul/2026:11:42:29.498427;22/Jul/2026:11:42:24.732068;22/Jul/2026:11:42:30.352904;22/Jul/2026:11:42:18.520713;22/Jul/2026:11:42:30.374897;22/Jul/2026:11:42:30.374658;22/Jul/2026:11:42:30.374035;22/Jul/2026:11:42:30.385760;22/Jul/2026:11:42:30.387072,0.8915;0.0372;15.5384;0.0419;3.1918;0.0094;0.9016;0.9044;0.0292;1.6553;0.9209;0.9225;1.7353;1.7357;0.9318;0.9395;0.9424;0.0672;0.0753;6.1743;6.7245;0.0811;0.0849;5.7239;0.1120;1.0019;5.7707;0.1520;11.9869;0.1397;0.1573;0.1631;0.1756;0.1821
5,5,151,success,None,22/Jul/2026:11:42:30.348007,22/Jul/2026:11:42:31.415480,1.0675,47,22/Jul/2026:11:42:30.355032;22/Jul/2026:11:42:28.685742;22/Jul/2026:11:42:22.926334;22/Jul/2026:11:42:29.498796;22/Jul/2026:11:42:29.499024;22/Jul/2026:11:42:27.889241;22/Jul/2026:11:42:24.702013;22/Jul/2026:11:42:29.498293;22/Jul/2026:11:42:30.353088;22/Jul/2026:11:42:14.852134;22/Jul/2026:11:42:30.349542;22/Jul/2026:11:42:27.200196;22/Jul/2026:11:42:30.387252;22/Jul/2026:11:42:29.495039;22/Jul/2026:11:42:29.493025;22/Jul/2026:11:42:30.376933;22/Jul/2026:11:42:28.756635;22/Jul/2026:11:42:29.495507;22/Jul/2026:11:42:29.493957;22/Jul/2026:11:42:28.686475;22/Jul/2026:11:42:28.686358;22/Jul/2026:11:42:29.493906;22/Jul/2026:11:42:29.494225;22/Jul/2026:11:42:29.494523;22/Jul/2026:11:42:30.374147;22/Jul/2026:11:42:30.374248;22/Jul/2026:11:42:24.279900;22/Jul/2026:11:42:23.740976;22/Jul/2026:11:42:30.386618;22/Jul/2026:11:42:30.385614;22/Jul/2026:11:42:24.749461;22/Jul/2026:11:42:30.377705;22/Jul/2026:11:42:29.498427;22/Jul/2026:11:42:24.732068;22/Jul/2026:11:42:30.352904;22/Jul/2026:11:42:18.520713;22/Jul/2026:11:42:30.374897;22/Jul/2026:11:42:30.374658;22/Jul/2026:11:42:30.374035;22/Jul/2026:11:42:30.385760;22/Jul/2026:11:42:30.387072;22/Jul/2026:11:42:27.171728;22/Jul/2026:11:42:24.749980;22/Jul/2026:11:42:31.309590;22/Jul/2026:11:42:27.200364;22/Jul/2026:11:42:29.498969;22/Jul/2026:11:42:29.492840,0.0054;1.6796;7.4390;0.8666;0.8663;2.4769;5.6701;0.8915;0.0372;15.5384;0.0419;3.1918;0.0094;0.9016;0.9044;0.0292;1.6553;0.9209;0.9225;1.7353;1.7357;0.9318;0.9395;0.9424;0.0672;0.0753;6.1743;6.7245;0.0811;0.0849;5.7239;0.1120;1.0019;5.7707;0.1520;11.9869;0.1397;0.1573;0.1631;0.1756;0.1821;4.1429;6.5691;0.0099;4.1192;1.8234;1.8479
5,5,212,success,None,22/Jul/2026:11:42:30.408176,22/Jul/2026:11:42:31.476986,1.0688,38,22/Jul/2026:11:42:28.756635;22/Jul/2026:11:42:29.495507;22/Jul/2026:11:42:29.493957;22/Jul/2026:11:42:28.686475;22/Jul/2026:11:42:28.686358;22/Jul/2026:11:42:29.493906;22/Jul/2026:11:42:29.494225;22/Jul/2026:11:42:29.494523;22/Jul/2026:11:42:30.374147;22/Jul/2026:11:42:30.374248;22/Jul/2026:11:42:24.279900;22/Jul/2026:11:42:23.740976;22/Jul/2026:11:42:30.386618;22/Jul/2026:11:42:30.385614;22/Jul/2026:11:42:24.749461;22/Jul/2026:11:42:30.377705;22/Jul/2026:11:42:29.498427;22/Jul/2026:11:42:24.732068;22/Jul/2026:11:42:30.352904;22/Jul/2026:11:42:18.520713;22/Jul/2026:11:42:30.374897;22/Jul/2026:11:42:30.374658;22/Jul/2026:11:42:30.374035;22/Jul/2026:11:42:30.385760;22/Jul/2026:11:42:30.387072;22/Jul/2026:11:42:27.171728;22/Jul/2026:11:42:24.749980;22/Jul/2026:11:42:31.309590;22/Jul/2026:11:42:27.200364;22/Jul/2026:11:42:29.498969;22/Jul/2026:11:42:29.492840;22/Jul/2026:11:42:29.497924;22/Jul/2026:11:42:25.467783;22/Jul/2026:11:42:19.658552;22/Jul/2026:11:42:24.701911;22/Jul/2026:11:42:27.173490;22/Jul/2026:11:42:28.875013;22/Jul/2026:11:42:29.499673,1.6553;0.9209;0.9225;1.7353;1.7357;0.9318;0.9395;0.9424;0.0672;0.0753;6.1743;6.7245;0.0811;0.0849;5.7239;0.1120;1.0019;5.7707;0.1520;11.9869;0.1397;0.1573;0.1631;0.1756;0.1821;4.1429;6.5691;0.0099;4.1192;1.8234;1.8479;1.9288;5.9642;11.7734;6.7305;4.2601;2.5590;1.9384
5,5,315,success,None,22/Jul/2026:11:42:30.414384,22/Jul/2026:11:42:31.507029,1.0926,40,22/Jul/2026:11:42:29.495507;22/Jul/2026:11:42:29.493957;22/Jul/2026:11:42:28.686475;22/Jul/2026:11:42:28.686358;22/Jul/2026:11:42:29.493906;22/Jul/2026:11:42:29.494225;22/Jul/2026:11:42:29.494523;22/Jul/2026:11:42:30.374147;22/Jul/2026:11:42:30.374248;22/Jul/2026:11:42:24.279900;22/Jul/2026:11:42:23.740976;22/Jul/2026:11:42:30.386618;22/Jul/2026:11:42:30.385614;22/Jul/2026:11:42:24.749461;22/Jul/2026:11:42:30.377705;22/Jul/2026:11:42:29.498427;22/Jul/2026:11:42:24.732068;22/Jul/2026:11:42:30.352904;22/Jul/2026:11:42:18.520713;22/Jul/2026:11:42:30.374897;22/Jul/2026:11:42:30.374658;22/Jul/2026:11:42:30.374035;22/Jul/2026:11:42:30.385760;22/Jul/2026:11:42:30.387072;22/Jul/2026:11:42:27.171728;22/Jul/2026:11:42:24.749980;22/Jul/2026:11:42:31.309590;22/Jul/2026:11:42:27.200364;22/Jul/2026:11:42:29.498969;22/Jul/2026:11:42:29.492840;22/Jul/2026:11:42:29.497924;22/Jul/2026:11:42:25.467783;22/Jul/2026:11:42:19.658552;22/Jul/2026:11:42:24.701911;22/Jul/2026:11:42:27.173490;22/Jul/2026:11:42:28.875013;22/Jul/2026:11:42:29.499673;22/Jul/2026:11:42:27.930696;22/Jul/2026:11:42:30.378112;22/Jul/2026:11:42:31.310790,0.9209;0.9225;1.7353;1.7357;0.9318;0.9395;0.9424;0.0672;0.0753;6.1743;6.7245;0.0811;0.0849;5.7239;0.1120;1.0019;5.7707;0.1520;11.9869;0.1397;0.1573;0.1631;0.1756;0.1821;4.1429;6.5691;0.0099;4.1192;1.8234;1.8479;1.9288;5.9642;11.7734;6.7305;4.2601;2.5590;1.9384;3.5549;1.1119;0.1855
5,5,161,success,None,22/Jul/2026:11:42:30.370925,22/Jul/2026:11:42:31.562228,1.1913,57,22/Jul/2026:11:42:24.702013;22/Jul/2026:11:42:29.498293;22/Jul/2026:11:42:30.353088;22/Jul/2026:11:42:14.852134;22/Jul/2026:11:42:30.349542;22/Jul/2026:11:42:27.200196;22/Jul/2026:11:42:30.387252;22/Jul/2026:11:42:29.495039;22/Jul/2026:11:42:29.493025;22/Jul/2026:11:42:30.376933;22/Jul/2026:11:42:28.756635;22/Jul/2026:11:42:29.495507;22/Jul/2026:11:42:29.493957;22/Jul/2026:11:42:28.686475;22/Jul/2026:11:42:28.686358;22/Jul/2026:11:42:29.493906;22/Jul/2026:11:42:29.494225;22/Jul/2026:11:42:29.494523;22/Jul/2026:11:42:30.374147;22/Jul/2026:11:42:30.374248;22/Jul/2026:11:42:24.279900;22/Jul/2026:11:42:23.740976;22/Jul/2026:11:42:30.386618;22/Jul/2026:11:42:30.385614;22/Jul/2026:11:42:24.749461;22/Jul/2026:11:42:30.377705;22/Jul/2026:11:42:29.498427;22/Jul/2026:11:42:24.732068;22/Jul/2026:11:42:30.352904;22/Jul/2026:11:42:18.520713;22/Jul/2026:11:42:30.374897;22/Jul/2026:11:42:30.374658;22/Jul/2026:11:42:30.374035;22/Jul/2026:11:42:30.385760;22/Jul/2026:11:42:30.387072;22/Jul/2026:11:42:27.171728;22/Jul/2026:11:42:24.749980;22/Jul/2026:11:42:31.309590;22/Jul/2026:11:42:27.200364;22/Jul/2026:11:42:29.498969;22/Jul/2026:11:42:29.492840;22/Jul/2026:11:42:29.497924;22/Jul/2026:11:42:25.467783;22/Jul/2026:11:42:19.658552;22/Jul/2026:11:42:24.701911;22/Jul/2026:11:42:27.173490;22/Jul/2026:11:42:28.875013;22/Jul/2026:11:42:29.499673;22/Jul/2026:11:42:27.930696;22/Jul/2026:11:42:30.378112;22/Jul/2026:11:42:31.310790;22/Jul/2026:11:42:31.479089;22/Jul/2026:11:42:30.415380;22/Jul/2026:11:42:30.415797;22/Jul/2026:11:42:29.499498;22/Jul/2026:11:42:30.415856;22/Jul/2026:11:42:31.478830,5.6701;0.8915;0.0372;15.5384;0.0419;3.1918;0.0094;0.9016;0.9044;0.0292;1.6553;0.9209;0.9225;1.7353;1.7357;0.9318;0.9395;0.9424;0.0672;0.0753;6.1743;6.7245;0.0811;0.0849;5.7239;0.1120;1.0019;5.7707;0.1520;11.9869;0.1397;0.1573;0.1631;0.1756;0.1821;4.1429;6.5691;0.0099;4.1192;1.8234;1.8479;1.9288;5.9642;11.7734;6.7305;4.2601;2.5590;1.9384;3.5549;1.1119;0.1855;0.0394;1.1040;1.1036;2.0353;1.1273;0.0698
5,5,324,success,None,22/Jul/2026:11:42:31.309246,22/Jul/2026:11:42:31.972321,0.6631,29,22/Jul/2026:11:42:27.171728;22/Jul/2026:11:42:24.749980;22/Jul/2026:11:42:31.309590;22/Jul/2026:11:42:27.200364;22/Jul/2026:11:42:29.498969;22/Jul/2026:11:42:29.492840;22/Jul/2026:11:42:29.497924;22/Jul/2026:11:42:25.467783;22/Jul/2026:11:42:19.658552;22/Jul/2026:11:42:24.701911;22/Jul/2026:11:42:27.173490;22/Jul/2026:11:42:28.875013;22/Jul/2026:11:42:29.499673;22/Jul/2026:11:42:27.930696;22/Jul/2026:11:42:30.378112;22/Jul/2026:11:42:31.310790;22/Jul/2026:11:42:31.479089;22/Jul/2026:11:42:30.415380;22/Jul/2026:11:42:30.415797;22/Jul/2026:11:42:29.499498;22/Jul/2026:11:42:30.415856;22/Jul/2026:11:42:31.478830;22/Jul/2026:11:42:31.510800;22/Jul/2026:11:42:31.482317;22/Jul/2026:11:42:16.083774;22/Jul/2026:11:42:31.510868;22/Jul/2026:11:42:31.510386;22/Jul/2026:11:42:27.931743;22/Jul/2026:11:42:30.351988,4.1429;6.5691;0.0099;4.1192;1.8234;1.8479;1.9288;5.9642;11.7734;6.7305;4.2601;2.5590;1.9384;3.5549;1.1119;0.1855;0.0394;1.1040;1.1036;2.0353;1.1273;0.0698;0.0630;0.0989;15.5066;0.0834;0.0894;3.6966;1.2767
5,5,334,success,None,22/Jul/2026:11:42:31.415892,22/Jul/2026:11:42:32.051443,0.6356,23,22/Jul/2026:11:42:29.497924;22/Jul/2026:11:42:25.467783;22/Jul/2026:11:42:19.658552;22/Jul/2026:11:42:24.701911;22/Jul/2026:11:42:27.173490;22/Jul/2026:11:42:28.875013;22/Jul/2026:11:42:29.499673;22/Jul/2026:11:42:27.930696;22/Jul/2026:11:42:30.378112;22/Jul/2026:11:42:31.310790;22/Jul/2026:11:42:31.479089;22/Jul/2026:11:42:30.415380;22/Jul/2026:11:42:30.415797;22/Jul/2026:11:42:29.499498;22/Jul/2026:11:42:30.415856;22/Jul/2026:11:42:31.478830;22/Jul/2026:11:42:31.510800;22/Jul/2026:11:42:31.482317;22/Jul/2026:11:42:16.083774;22/Jul/2026:11:42:31.510868;22/Jul/2026:11:42:31.510386;22/Jul/2026:11:42:27.931743;22/Jul/2026:11:42:30.351988,1.9288;5.9642;11.7734;6.7305;4.2601;2.5590;1.9384;3.5549;1.1119;0.1855;0.0394;1.1040;1.1036;2.0353;1.1273;0.0698;0.0630;0.0989;15.5066;0.0834;0.0894;3.6966;1.2767
5,5,366,success,None,22/Jul/2026:11:42:31.507401,22/Jul/2026:11:42:32.184908,0.6775,13,22/Jul/2026:11:42:31.479089;22/Jul/2026:11:42:30.415380;22/Jul/2026:11:42:30.415797;22/Jul/2026:11:42:29.499498;22/Jul/2026:11:42:30.415856;22/Jul/2026:11:42:31.478830;22/Jul/2026:11:42:31.510800;22/Jul/2026:11:42:31.482317;22/Jul/2026:11:42:16.083774;22/Jul/2026:11:42:31.510868;22/Jul/2026:11:42:31.510386;22/Jul/2026:11:42:27.931743;22/Jul/2026:11:42:30.351988,0.0394;1.1040;1.1036;2.0353;1.1273;0.0698;0.0630;0.0989;15.5066;0.0834;0.0894;3.6966;1.2767
5,5,343,success,None,22/Jul/2026:11:42:31.477307,22/Jul/2026:11:42:32.220605,0.7433,16,22/Jul/2026:11:42:27.930696;22/Jul/2026:11:42:30.378112;22/Jul/2026:11:42:31.310790;22/Jul/2026:11:42:31.479089;22/Jul/2026:11:42:30.415380;22/Jul/2026:11:42:30.415797;22/Jul/2026:11:42:29.499498;22/Jul/2026:11:42:30.415856;22/Jul/2026:11:42:31.478830;22/Jul/2026:11:42:31.510800;22/Jul/2026:11:42:31.482317;22/Jul/2026:11:42:16.083774;22/Jul/2026:11:42:31.510868;22/Jul/2026:11:42:31.510386;22/Jul/2026:11:42:27.931743;22/Jul/2026:11:42:30.351988,3.5549;1.1119;0.1855;0.0394;1.1040;1.1036;2.0353;1.1273;0.0698;0.0630;0.0989;15.5066;0.0834;0.0894;3.6966;1.2767
5,5,415,success,None,22/Jul/2026:11:42:31.562534,22/Jul/2026:11:42:32.245188,0.6827,7,22/Jul/2026:11:42:31.510800;22/Jul/2026:11:42:31.482317;22/Jul/2026:11:42:16.083774;22/Jul/2026:11:42:31.510868;22/Jul/2026:11:42:31.510386;22/Jul/2026:11:42:27.931743;22/Jul/2026:11:42:30.351988,0.0630;0.0989;15.5066;0.0834;0.0894;3.6966;1.2767
6,5,61,success,None,22/Jul/2026:11:42:32.258059,22/Jul/2026:11:42:33.331504,1.0734,28,22/Jul/2026:11:42:27.890708;22/Jul/2026:11:42:23.741734;22/Jul/2026:11:42:28.686060;22/Jul/2026:11:42:27.172875;22/Jul/2026:11:42:31.310124;22/Jul/2026:11:42:31.508800;22/Jul/2026:11:42:32.259737;22/Jul/2026:11:42:29.495261;22/Jul/2026:11:42:32.262472;22/Jul/2026:11:42:25.519753;22/Jul/2026:11:42:32.259927;22/Jul/2026:11:42:32.260825;22/Jul/2026:11:42:32.263561;22/Jul/2026:11:42:32.261520;22/Jul/2026:11:42:30.415226;22/Jul/2026:11:42:30.415714;22/Jul/2026:11:42:16.083341;22/Jul/2026:11:42:32.260412;22/Jul/2026:11:42:28.757745;22/Jul/2026:11:42:32.265803;22/Jul/2026:11:42:32.260766;22/Jul/2026:11:42:31.509981;22/Jul/2026:11:42:32.266871;22/Jul/2026:11:42:31.508879;22/Jul/2026:11:42:31.510314;22/Jul/2026:11:42:26.392123;22/Jul/2026:11:42:32.260708;22/Jul/2026:11:42:31.310372,4.3802;8.5292;3.5848;5.0980;0.9608;0.7755;0.0273;2.7958;0.0295;6.7747;0.0494;0.0693;0.0910;0.1097;1.9641;1.9638;16.3120;0.1389;3.6497;0.1477;0.1664;0.9225;0.1821;0.9806;1.0124;6.1683;0.3297;1.4348
6,5,76,success,None,22/Jul/2026:11:42:32.258188,22/Jul/2026:11:42:33.332704,1.0745,28,22/Jul/2026:11:42:27.890708;22/Jul/2026:11:42:23.741734;22/Jul/2026:11:42:28.686060;22/Jul/2026:11:42:27.172875;22/Jul/2026:11:42:31.310124;22/Jul/2026:11:42:31.508800;22/Jul/2026:11:42:32.259737;22/Jul/2026:11:42:29.495261;22/Jul/2026:11:42:32.262472;22/Jul/2026:11:42:25.519753;22/Jul/2026:11:42:32.259927;22/Jul/2026:11:42:32.260825;22/Jul/2026:11:42:32.263561;22/Jul/2026:11:42:32.261520;22/Jul/2026:11:42:30.415226;22/Jul/2026:11:42:30.415714;22/Jul/2026:11:42:16.083341;22/Jul/2026:11:42:32.260412;22/Jul/2026:11:42:28.757745;22/Jul/2026:11:42:32.265803;22/Jul/2026:11:42:32.260766;22/Jul/2026:11:42:31.509981;22/Jul/2026:11:42:32.266871;22/Jul/2026:11:42:31.508879;22/Jul/2026:11:42:31.510314;22/Jul/2026:11:42:26.392123;22/Jul/2026:11:42:32.260708;22/Jul/2026:11:42:31.310372,4.3802;8.5292;3.5848;5.0980;0.9608;0.7755;0.0273;2.7958;0.0295;6.7747;0.0494;0.0693;0.0910;0.1097;1.9641;1.9638;16.3120;0.1389;3.6497;0.1477;0.1664;0.9225;0.1821;0.9806;1.0124;6.1683;0.3297;1.4348
6,5,25,success,None,22/Jul/2026:11:42:32.257715,22/Jul/2026:11:42:33.352679,1.0950,29,22/Jul/2026:11:42:27.890708;22/Jul/2026:11:42:23.741734;22/Jul/2026:11:42:28.686060;22/Jul/2026:11:42:27.172875;22/Jul/2026:11:42:31.310124;22/Jul/2026:11:42:31.508800;22/Jul/2026:11:42:32.259737;22/Jul/2026:11:42:29.495261;22/Jul/2026:11:42:32.262472;22/Jul/2026:11:42:25.519753;22/Jul/2026:11:42:32.259927;22/Jul/2026:11:42:32.260825;22/Jul/2026:11:42:32.263561;22/Jul/2026:11:42:32.261520;22/Jul/2026:11:42:30.415226;22/Jul/2026:11:42:30.415714;22/Jul/2026:11:42:16.083341;22/Jul/2026:11:42:32.260412;22/Jul/2026:11:42:28.757745;22/Jul/2026:11:42:32.265803;22/Jul/2026:11:42:32.260766;22/Jul/2026:11:42:31.509981;22/Jul/2026:11:42:32.266871;22/Jul/2026:11:42:31.508879;22/Jul/2026:11:42:31.510314;22/Jul/2026:11:42:26.392123;22/Jul/2026:11:42:32.260708;22/Jul/2026:11:42:31.310372;22/Jul/2026:11:42:27.929805,4.3802;8.5292;3.5848;5.0980;0.9608;0.7755;0.0273;2.7958;0.0295;6.7747;0.0494;0.0693;0.0910;0.1097;1.9641;1.9638;16.3120;0.1389;3.6497;0.1477;0.1664;0.9225;0.1821;0.9806;1.0124;6.1683;0.3297;1.4348;5.4213
6,5,51,success,None,22/Jul/2026:11:42:32.257892,22/Jul/2026:11:42:33.370558,1.1127,34,22/Jul/2026:11:42:27.890708;22/Jul/2026:11:42:23.741734;22/Jul/2026:11:42:28.686060;22/Jul/2026:11:42:27.172875;22/Jul/2026:11:42:31.310124;22/Jul/2026:11:42:31.508800;22/Jul/2026:11:42:32.259737;22/Jul/2026:11:42:29.495261;22/Jul/2026:11:42:32.262472;22/Jul/2026:11:42:25.519753;22/Jul/2026:11:42:32.259927;22/Jul/2026:11:42:32.260825;22/Jul/2026:11:42:32.263561;22/Jul/2026:11:42:32.261520;22/Jul/2026:11:42:30.415226;22/Jul/2026:11:42:30.415714;22/Jul/2026:11:42:16.083341;22/Jul/2026:11:42:32.260412;22/Jul/2026:11:42:28.757745;22/Jul/2026:11:42:32.265803;22/Jul/2026:11:42:32.260766;22/Jul/2026:11:42:31.509981;22/Jul/2026:11:42:32.266871;22/Jul/2026:11:42:31.508879;22/Jul/2026:11:42:31.510314;22/Jul/2026:11:42:26.392123;22/Jul/2026:11:42:32.260708;22/Jul/2026:11:42:31.310372;22/Jul/2026:11:42:27.929805;22/Jul/2026:11:42:33.359493;22/Jul/2026:11:42:28.216679;22/Jul/2026:11:42:33.337910;22/Jul/2026:11:42:31.311304;22/Jul/2026:11:42:33.335019,4.3802;8.5292;3.5848;5.0980;0.9608;0.7755;0.0273;2.7958;0.0295;6.7747;0.0494;0.0693;0.0910;0.1097;1.9641;1.9638;16.3120;0.1389;3.6497;0.1477;0.1664;0.9225;0.1821;0.9806;1.0124;6.1683;0.3297;1.4348;5.4213;0.0021;5.1461;0.0249;2.0515;0.0289
6,5,133,success,None,22/Jul/2026:11:42:32.258436,22/Jul/2026:11:42:33.389832,1.1314,39,22/Jul/2026:11:42:27.890708;22/Jul/2026:11:42:23.741734;22/Jul/2026:11:42:28.686060;22/Jul/2026:11:42:27.172875;22/Jul/2026:11:42:31.310124;22/Jul/2026:11:42:31.508800;22/Jul/2026:11:42:32.259737;22/Jul/2026:11:42:29.495261;22/Jul/2026:11:42:32.262472;22/Jul/2026:11:42:25.519753;22/Jul/2026:11:42:32.259927;22/Jul/2026:11:42:32.260825;22/Jul/2026:11:42:32.263561;22/Jul/2026:11:42:32.261520;22/Jul/2026:11:42:30.415226;22/Jul/2026:11:42:30.415714;22/Jul/2026:11:42:16.083341;22/Jul/2026:11:42:32.260412;22/Jul/2026:11:42:28.757745;22/Jul/2026:11:42:32.265803;22/Jul/2026:11:42:32.260766;22/Jul/2026:11:42:31.509981;22/Jul/2026:11:42:32.266871;22/Jul/2026:11:42:31.508879;22/Jul/2026:11:42:31.510314;22/Jul/2026:11:42:26.392123;22/Jul/2026:11:42:32.260708;22/Jul/2026:11:42:31.310372;22/Jul/2026:11:42:27.929805;22/Jul/2026:11:42:33.359493;22/Jul/2026:11:42:28.216679;22/Jul/2026:11:42:33.337910;22/Jul/2026:11:42:31.311304;22/Jul/2026:11:42:33.335019;22/Jul/2026:11:42:30.411379;22/Jul/2026:11:42:28.687120;22/Jul/2026:11:42:28.215599;22/Jul/2026:11:42:30.372459;22/Jul/2026:11:42:30.415131,4.3802;8.5292;3.5848;5.0980;0.9608;0.7755;0.0273;2.7958;0.0295;6.7747;0.0494;0.0693;0.0910;0.1097;1.9641;1.9638;16.3120;0.1389;3.6497;0.1477;0.1664;0.9225;0.1821;0.9806;1.0124;6.1683;0.3297;1.4348;5.4213;0.0021;5.1461;0.0249;2.0515;0.0289;2.9609;4.6852;5.1590;3.0033;2.9613
6,5,151,success,None,22/Jul/2026:11:42:32.258677,22/Jul/2026:11:42:33.576220,1.3175,65,22/Jul/2026:11:42:27.890708;22/Jul/2026:11:42:23.741734;22/Jul/2026:11:42:28.686060;22/Jul/2026:11:42:27.172875;22/Jul/2026:11:42:31.310124;22/Jul/2026:11:42:31.508800;22/Jul/2026:11:42:32.259737;22/Jul/2026:11:42:29.495261;22/Jul/2026:11:42:32.262472;22/Jul/2026:11:42:25.519753;22/Jul/2026:11:42:32.259927;22/Jul/2026:11:42:32.260825;22/Jul/2026:11:42:32.263561;22/Jul/2026:11:42:32.261520;22/Jul/2026:11:42:30.415226;22/Jul/2026:11:42:30.415714;22/Jul/2026:11:42:16.083341;22/Jul/2026:11:42:32.260412;22/Jul/2026:11:42:28.757745;22/Jul/2026:11:42:32.265803;22/Jul/2026:11:42:32.260766;22/Jul/2026:11:42:31.509981;22/Jul/2026:11:42:32.266871;22/Jul/2026:11:42:31.508879;22/Jul/2026:11:42:31.510314;22/Jul/2026:11:42:26.392123;22/Jul/2026:11:42:32.260708;22/Jul/2026:11:42:31.310372;22/Jul/2026:11:42:27.929805;22/Jul/2026:11:42:33.359493;22/Jul/2026:11:42:28.216679;22/Jul/2026:11:42:33.337910;22/Jul/2026:11:42:31.311304;22/Jul/2026:11:42:33.335019;22/Jul/2026:11:42:30.411379;22/Jul/2026:11:42:28.687120;22/Jul/2026:11:42:28.215599;22/Jul/2026:11:42:30.372459;22/Jul/2026:11:42:30.415131;22/Jul/2026:11:42:24.279663;22/Jul/2026:11:42:33.339560;22/Jul/2026:11:42:25.466014;22/Jul/2026:11:42:32.265961;22/Jul/2026:11:42:33.339281;22/Jul/2026:11:42:33.347964;22/Jul/2026:11:42:32.265675;22/Jul/2026:11:42:26.392558;22/Jul/2026:11:42:33.340305;22/Jul/2026:11:42:32.262177;22/Jul/2026:11:42:33.374596;22/Jul/2026:11:42:32.262719;22/Jul/2026:11:42:33.357642;22/Jul/2026:11:42:32.260532;22/Jul/2026:11:42:33.356949;22/Jul/2026:11:42:32.267470;22/Jul/2026:11:42:33.355656;22/Jul/2026:11:42:31.564768;22/Jul/2026:11:42:33.356841;22/Jul/2026:11:42:19.021200;22/Jul/2026:11:42:22.892196;22/Jul/2026:11:42:30.411202;22/Jul/2026:11:42:11.842368;22/Jul/2026:11:42:33.336762;22/Jul/2026:11:42:31.563979;22/Jul/2026:11:42:32.263437,4.3802;8.5292;3.5848;5.0980;0.9608;0.7755;0.0273;2.7958;0.0295;6.7747;0.0494;0.0693;0.0910;0.1097;1.9641;1.9638;16.3120;0.1389;3.6497;0.1477;0.1664;0.9225;0.1821;0.9806;1.0124;6.1683;0.3297;1.4348;5.4213;0.0021;5.1461;0.0249;2.0515;0.0289;2.9609;4.6852;5.1590;3.0033;2.9613;9.1127;0.0528;7.9291;1.1308;0.0576;0.0489;1.1322;7.0055;0.0735;1.1593;0.0476;1.1613;0.0976;1.2055;0.1146;1.2044;0.1238;1.9163;0.1335;14.4750;10.6062;3.0946;21.6771;0.1951;1.9843;1.2976
6,5,161,success,None,22/Jul/2026:11:42:33.331940,22/Jul/2026:11:42:34.355436,1.0235,44,22/Jul/2026:11:42:27.929805;22/Jul/2026:11:42:33.359493;22/Jul/2026:11:42:28.216679;22/Jul/2026:11:42:33.337910;22/Jul/2026:11:42:31.311304;22/Jul/2026:11:42:33.335019;22/Jul/2026:11:42:30.411379;22/Jul/2026:11:42:28.687120;22/Jul/2026:11:42:28.215599;22/Jul/2026:11:42:30.372459;22/Jul/2026:11:42:30.415131;22/Jul/2026:11:42:24.279663;22/Jul/2026:11:42:33.339560;22/Jul/2026:11:42:25.466014;22/Jul/2026:11:42:32.265961;22/Jul/2026:11:42:33.339281;22/Jul/2026:11:42:33.347964;22/Jul/2026:11:42:32.265675;22/Jul/2026:11:42:26.392558;22/Jul/2026:11:42:33.340305;22/Jul/2026:11:42:32.262177;22/Jul/2026:11:42:33.374596;22/Jul/2026:11:42:32.262719;22/Jul/2026:11:42:33.357642;22/Jul/2026:11:42:32.260532;22/Jul/2026:11:42:33.356949;22/Jul/2026:11:42:32.267470;22/Jul/2026:11:42:33.355656;22/Jul/2026:11:42:31.564768;22/Jul/2026:11:42:33.356841;22/Jul/2026:11:42:19.021200;22/Jul/2026:11:42:22.892196;22/Jul/2026:11:42:30.411202;22/Jul/2026:11:42:11.842368;22/Jul/2026:11:42:33.336762;22/Jul/2026:11:42:31.563979;22/Jul/2026:11:42:32.263437;22/Jul/2026:11:42:30.377891;22/Jul/2026:11:42:28.875196;22/Jul/2026:11:42:24.278513;22/Jul/2026:11:42:20.833220;22/Jul/2026:11:42:30.415992;22/Jul/2026:11:42:33.333711;22/Jul/2026:11:42:23.744353,5.4213;0.0021;5.1461;0.0249;2.0515;0.0289;2.9609;4.6852;5.1590;3.0033;2.9613;9.1127;0.0528;7.9291;1.1308;0.0576;0.0489;1.1322;7.0055;0.0735;1.1593;0.0476;1.1613;0.0976;1.2055;0.1146;1.2044;0.1238;1.9163;0.1335;14.4750;10.6062;3.0946;21.6771;0.1951;1.9843;1.2976;3.2103;4.7373;9.3358;12.8262;3.2849;0.4085;10.0338
6,5,324,success,None,22/Jul/2026:11:42:33.390284,22/Jul/2026:11:42:34.359518,0.9692,33,22/Jul/2026:11:42:24.279663;22/Jul/2026:11:42:33.339560;22/Jul/2026:11:42:25.466014;22/Jul/2026:11:42:32.265961;22/Jul/2026:11:42:33.339281;22/Jul/2026:11:42:33.347964;22/Jul/2026:11:42:32.265675;22/Jul/2026:11:42:26.392558;22/Jul/2026:11:42:33.340305;22/Jul/2026:11:42:32.262177;22/Jul/2026:11:42:33.374596;22/Jul/2026:11:42:32.262719;22/Jul/2026:11:42:33.357642;22/Jul/2026:11:42:32.260532;22/Jul/2026:11:42:33.356949;22/Jul/2026:11:42:32.267470;22/Jul/2026:11:42:33.355656;22/Jul/2026:11:42:31.564768;22/Jul/2026:11:42:33.356841;22/Jul/2026:11:42:19.021200;22/Jul/2026:11:42:22.892196;22/Jul/2026:11:42:30.411202;22/Jul/2026:11:42:11.842368;22/Jul/2026:11:42:33.336762;22/Jul/2026:11:42:31.563979;22/Jul/2026:11:42:32.263437;22/Jul/2026:11:42:30.377891;22/Jul/2026:11:42:28.875196;22/Jul/2026:11:42:24.278513;22/Jul/2026:11:42:20.833220;22/Jul/2026:11:42:30.415992;22/Jul/2026:11:42:33.333711;22/Jul/2026:11:42:23.744353,9.1127;0.0528;7.9291;1.1308;0.0576;0.0489;1.1322;7.0055;0.0735;1.1593;0.0476;1.1613;0.0976;1.2055;0.1146;1.2044;0.1238;1.9163;0.1335;14.4750;10.6062;3.0946;21.6771;0.1951;1.9843;1.2976;3.2103;4.7373;9.3358;12.8262;3.2849;0.4085;10.0338
6,5,203,success,None,22/Jul/2026:11:42:33.333126,22/Jul/2026:11:42:34.440393,1.1073,58,22/Jul/2026:11:42:27.929805;22/Jul/2026:11:42:33.359493;22/Jul/2026:11:42:28.216679;22/Jul/2026:11:42:33.337910;22/Jul/2026:11:42:31.311304;22/Jul/2026:11:42:33.335019;22/Jul/2026:11:42:30.411379;22/Jul/2026:11:42:28.687120;22/Jul/2026:11:42:28.215599;22/Jul/2026:11:42:30.372459;22/Jul/2026:11:42:30.415131;22/Jul/2026:11:42:24.279663;22/Jul/2026:11:42:33.339560;22/Jul/2026:11:42:25.466014;22/Jul/2026:11:42:32.265961;22/Jul/2026:11:42:33.339281;22/Jul/2026:11:42:33.347964;22/Jul/2026:11:42:32.265675;22/Jul/2026:11:42:26.392558;22/Jul/2026:11:42:33.340305;22/Jul/2026:11:42:32.262177;22/Jul/2026:11:42:33.374596;22/Jul/2026:11:42:32.262719;22/Jul/2026:11:42:33.357642;22/Jul/2026:11:42:32.260532;22/Jul/2026:11:42:33.356949;22/Jul/2026:11:42:32.267470;22/Jul/2026:11:42:33.355656;22/Jul/2026:11:42:31.564768;22/Jul/2026:11:42:33.356841;22/Jul/2026:11:42:19.021200;22/Jul/2026:11:42:22.892196;22/Jul/2026:11:42:30.411202;22/Jul/2026:11:42:11.842368;22/Jul/2026:11:42:33.336762;22/Jul/2026:11:42:31.563979;22/Jul/2026:11:42:32.263437;22/Jul/2026:11:42:30.377891;22/Jul/2026:11:42:28.875196;22/Jul/2026:11:42:24.278513;22/Jul/2026:11:42:20.833220;22/Jul/2026:11:42:30.415992;22/Jul/2026:11:42:33.333711;22/Jul/2026:11:42:23.744353;22/Jul/2026:11:42:32.259469;22/Jul/2026:11:42:32.267598;22/Jul/2026:11:42:34.360104;22/Jul/2026:11:42:25.519289;22/Jul/2026:11:42:32.267751;22/Jul/2026:11:42:32.267566;22/Jul/2026:11:42:34.364502;22/Jul/2026:11:42:31.418158;22/Jul/2026:11:42:33.347354;22/Jul/2026:11:42:32.261391;22/Jul/2026:11:42:33.579049;22/Jul/2026:11:42:32.260227;22/Jul/2026:11:42:34.361383;22/Jul/2026:11:42:33.372461,5.4213;0.0021;5.1461;0.0249;2.0515;0.0289;2.9609;4.6852;5.1590;3.0033;2.9613;9.1127;0.0528;7.9291;1.1308;0.0576;0.0489;1.1322;7.0055;0.0735;1.1593;0.0476;1.1613;0.0976;1.2055;0.1146;1.2044;0.1238;1.9163;0.1335;14.4750;10.6062;3.0946;21.6771;0.1951;1.9843;1.2976;3.2103;4.7373;9.3358;12.8262;3.2849;0.4085;10.0338;2.1072;2.0991;0.0068;8.8480;2.0998;2.1004;0.0064;2.9534;1.0263;2.1123;0.8043;2.1336;0.0366;1.0346
6,5,212,success,None,22/Jul/2026:11:42:33.353062,22/Jul/2026:11:42:34.480404,1.1273,62,22/Jul/2026:11:42:33.359493;22/Jul/2026:11:42:28.216679;22/Jul/2026:11:42:33.337910;22/Jul/2026:11:42:31.311304;22/Jul/2026:11:42:33.335019;22/Jul/2026:11:42:30.411379;22/Jul/2026:11:42:28.687120;22/Jul/2026:11:42:28.215599;22/Jul/2026:11:42:30.372459;22/Jul/2026:11:42:30.415131;22/Jul/2026:11:42:24.279663;22/Jul/2026:11:42:33.339560;22/Jul/2026:11:42:25.466014;22/Jul/2026:11:42:32.265961;22/Jul/2026:11:42:33.339281;22/Jul/2026:11:42:33.347964;22/Jul/2026:11:42:32.265675;22/Jul/2026:11:42:26.392558;22/Jul/2026:11:42:33.340305;22/Jul/2026:11:42:32.262177;22/Jul/2026:11:42:33.374596;22/Jul/2026:11:42:32.262719;22/Jul/2026:11:42:33.357642;22/Jul/2026:11:42:32.260532;22/Jul/2026:11:42:33.356949;22/Jul/2026:11:42:32.267470;22/Jul/2026:11:42:33.355656;22/Jul/2026:11:42:31.564768;22/Jul/2026:11:42:33.356841;22/Jul/2026:11:42:19.021200;22/Jul/2026:11:42:22.892196;22/Jul/2026:11:42:30.411202;22/Jul/2026:11:42:11.842368;22/Jul/2026:11:42:33.336762;22/Jul/2026:11:42:31.563979;22/Jul/2026:11:42:32.263437;22/Jul/2026:11:42:30.377891;22/Jul/2026:11:42:28.875196;22/Jul/2026:11:42:24.278513;22/Jul/2026:11:42:20.833220;22/Jul/2026:11:42:30.415992;22/Jul/2026:11:42:33.333711;22/Jul/2026:11:42:23.744353;22/Jul/2026:11:42:32.259469;22/Jul/2026:11:42:32.267598;22/Jul/2026:11:42:34.360104;22/Jul/2026:11:42:25.519289;22/Jul/2026:11:42:32.267751;22/Jul/2026:11:42:32.267566;22/Jul/2026:11:42:34.364502;22/Jul/2026:11:42:31.418158;22/Jul/2026:11:42:33.347354;22/Jul/2026:11:42:32.261391;22/Jul/2026:11:42:33.579049;22/Jul/2026:11:42:32.260227;22/Jul/2026:11:42:34.361383;22/Jul/2026:11:42:33.372461;22/Jul/2026:11:42:34.448575;22/Jul/2026:11:42:34.360657;22/Jul/2026:11:42:26.391223;22/Jul/2026:11:42:33.346004;22/Jul/2026:11:42:34.364668,0.0021;5.1461;0.0249;2.0515;0.0289;2.9609;4.6852;5.1590;3.0033;2.9613;9.1127;0.0528;7.9291;1.1308;0.0576;0.0489;1.1322;7.0055;0.0735;1.1593;0.0476;1.1613;0.0976;1.2055;0.1146;1.2044;0.1238;1.9163;0.1335;14.4750;10.6062;3.0946;21.6771;0.1951;1.9843;1.2976;3.2103;4.7373;9.3358;12.8262;3.2849;0.4085;10.0338;2.1072;2.0991;0.0068;8.8480;2.0998;2.1004;0.0064;2.9534;1.0263;2.1123;0.8043;2.1336;0.0366;1.0346;0.0073;0.0952;8.0678;1.1164;0.1018
6,5,315,success,None,22/Jul/2026:11:42:33.370916,22/Jul/2026:11:42:34.481478,1.1106,57,22/Jul/2026:11:42:30.411379;22/Jul/2026:11:42:28.687120;22/Jul/2026:11:42:28.215599;22/Jul/2026:11:42:30.372459;22/Jul/2026:11:42:30.415131;22/Jul/2026:11:42:24.279663;22/Jul/2026:11:42:33.339560;22/Jul/2026:11:42:25.466014;22/Jul/2026:11:42:32.265961;22/Jul/2026:11:42:33.339281;22/Jul/2026:11:42:33.347964;22/Jul/2026:11:42:32.265675;22/Jul/2026:11:42:26.392558;22/Jul/2026:11:42:33.340305;22/Jul/2026:11:42:32.262177;22/Jul/2026:11:42:33.374596;22/Jul/2026:11:42:32.262719;22/Jul/2026:11:42:33.357642;22/Jul/2026:11:42:32.260532;22/Jul/2026:11:42:33.356949;22/Jul/2026:11:42:32.267470;22/Jul/2026:11:42:33.355656;22/Jul/2026:11:42:31.564768;22/Jul/2026:11:42:33.356841;22/Jul/2026:11:42:19.021200;22/Jul/2026:11:42:22.892196;22/Jul/2026:11:42:30.411202;22/Jul/2026:11:42:11.842368;22/Jul/2026:11:42:33.336762;22/Jul/2026:11:42:31.563979;22/Jul/2026:11:42:32.263437;22/Jul/2026:11:42:30.377891;22/Jul/2026:11:42:28.875196;22/Jul/2026:11:42:24.278513;22/Jul/2026:11:42:20.833220;22/Jul/2026:11:42:30.415992;22/Jul/2026:11:42:33.333711;22/Jul/2026:11:42:23.744353;22/Jul/2026:11:42:32.259469;22/Jul/2026:11:42:32.267598;22/Jul/2026:11:42:34.360104;22/Jul/2026:11:42:25.519289;22/Jul/2026:11:42:32.267751;22/Jul/2026:11:42:32.267566;22/Jul/2026:11:42:34.364502;22/Jul/2026:11:42:31.418158;22/Jul/2026:11:42:33.347354;22/Jul/2026:11:42:32.261391;22/Jul/2026:11:42:33.579049;22/Jul/2026:11:42:32.260227;22/Jul/2026:11:42:34.361383;22/Jul/2026:11:42:33.372461;22/Jul/2026:11:42:34.448575;22/Jul/2026:11:42:34.360657;22/Jul/2026:11:42:26.391223;22/Jul/2026:11:42:33.346004;22/Jul/2026:11:42:34.364668,2.9609;4.6852;5.1590;3.0033;2.9613;9.1127;0.0528;7.9291;1.1308;0.0576;0.0489;1.1322;7.0055;0.0735;1.1593;0.0476;1.1613;0.0976;1.2055;0.1146;1.2044;0.1238;1.9163;0.1335;14.4750;10.6062;3.0946;21.6771;0.1951;1.9843;1.2976;3.2103;4.7373;9.3358;12.8262;3.2849;0.4085;10.0338;2.1072;2.0991;0.0068;8.8480;2.0998;2.1004;0.0064;2.9534;1.0263;2.1123;0.8043;2.1336;0.0366;1.0346;0.0073;0.0952;8.0678;1.1164;0.1018
6,5,334,success,None,22/Jul/2026:11:42:33.576654,22/Jul/2026:11:42:34.567438,0.9908,26,22/Jul/2026:11:42:30.377891;22/Jul/2026:11:42:28.875196;22/Jul/2026:11:42:24.278513;22/Jul/2026:11:42:20.833220;22/Jul/2026:11:42:30.415992;22/Jul/2026:11:42:33.333711;22/Jul/2026:11:42:23.744353;22/Jul/2026:11:42:32.259469;22/Jul/2026:11:42:32.267598;22/Jul/2026:11:42:34.360104;22/Jul/2026:11:42:25.519289;22/Jul/2026:11:42:32.267751;22/Jul/2026:11:42:32.267566;22/Jul/2026:11:42:34.364502;22/Jul/2026:11:42:31.418158;22/Jul/2026:11:42:33.347354;22/Jul/2026:11:42:32.261391;22/Jul/2026:11:42:33.579049;22/Jul/2026:11:42:32.260227;22/Jul/2026:11:42:34.361383;22/Jul/2026:11:42:33.372461;22/Jul/2026:11:42:34.448575;22/Jul/2026:11:42:34.360657;22/Jul/2026:11:42:26.391223;22/Jul/2026:11:42:33.346004;22/Jul/2026:11:42:34.364668,3.2103;4.7373;9.3358;12.8262;3.2849;0.4085;10.0338;2.1072;2.0991;0.0068;8.8480;2.0998;2.1004;0.0064;2.9534;1.0263;2.1123;0.8043;2.1336;0.0366;1.0346;0.0073;0.0952;8.0678;1.1164;0.1018
6,5,366,failed,"429, message='Too Many Requests', url='https://esgf.ceda.ac.uk/thredds/fileServer/esg_cmip6/CMIP6/AerChemMIP/MOHC/UKESM1-0-LL/ssp370SST-lowNTCF/r1i1p1f2/Amon/cl/gn/latest/cl_Amon_UKESM1-0-LL_ssp370SST-lowNTCF_r1i1p1f2_gn_205001-209912.nc'",22/Jul/2026:11:42:34.359883,22/Jul/2026:11:42:34.868414,0.5085,19,22/Jul/2026:11:42:32.259469;22/Jul/2026:11:42:32.267598;22/Jul/2026:11:42:34.360104;22/Jul/2026:11:42:25.519289;22/Jul/2026:11:42:32.267751;22/Jul/2026:11:42:32.267566;22/Jul/2026:11:42:34.364502;22/Jul/2026:11:42:31.418158;22/Jul/2026:11:42:33.347354;22/Jul/2026:11:42:32.261391;22/Jul/2026:11:42:33.579049;22/Jul/2026:11:42:32.260227;22/Jul/2026:11:42:34.361383;22/Jul/2026:11:42:33.372461;22/Jul/2026:11:42:34.448575;22/Jul/2026:11:42:34.360657;22/Jul/2026:11:42:26.391223;22/Jul/2026:11:42:33.346004;22/Jul/2026:11:42:34.364668,2.1072;2.0991;0.0068;8.8480;2.0998;2.1004;0.0064;2.9534;1.0263;2.1123;0.8043;2.1336;0.0366;1.0346;0.0073;0.0952;8.0678;1.1164;0.1018
6,5,343,success,None,22/Jul/2026:11:42:34.355804,22/Jul/2026:11:42:34.981901,0.6261,19,22/Jul/2026:11:42:32.259469;22/Jul/2026:11:42:32.267598;22/Jul/2026:11:42:34.360104;22/Jul/2026:11:42:25.519289;22/Jul/2026:11:42:32.267751;22/Jul/2026:11:42:32.267566;22/Jul/2026:11:42:34.364502;22/Jul/2026:11:42:31.418158;22/Jul/2026:11:42:33.347354;22/Jul/2026:11:42:32.261391;22/Jul/2026:11:42:33.579049;22/Jul/2026:11:42:32.260227;22/Jul/2026:11:42:34.361383;22/Jul/2026:11:42:33.372461;22/Jul/2026:11:42:34.448575;22/Jul/2026:11:42:34.360657;22/Jul/2026:11:42:26.391223;22/Jul/2026:11:42:33.346004;22/Jul/2026:11:42:34.364668,2.1072;2.0991;0.0068;8.8480;2.0998;2.1004;0.0064;2.9534;1.0263;2.1123;0.8043;2.1336;0.0366;1.0346;0.0073;0.0952;8.0678;1.1164;0.1018
6,5,415,success,None,22/Jul/2026:11:42:34.440779,22/Jul/2026:11:42:35.336427,0.8956,5,22/Jul/2026:11:42:34.448575;22/Jul/2026:11:42:34.360657;22/Jul/2026:11:42:26.391223;22/Jul/2026:11:42:33.346004;22/Jul/2026:11:42:34.364668,0.0073;0.0952;8.0678;1.1164;0.1018
7,5,61,failed,"429, message='Too Many Requests', url='https://esgf.ceda.ac.uk/thredds/fileServer/esg_cmip6/CMIP6/AerChemMIP/MOHC/UKESM1-0-LL/ssp370SST-lowNTCF/r1i1p1f2/Amon/cl/gn/latest/cl_Amon_UKESM1-0-LL_ssp370SST-lowNTCF_r1i1p1f2_gn_205001-209912.nc'",22/Jul/2026:11:42:35.338013,22/Jul/2026:11:42:36.229067,0.8910,38,22/Jul/2026:11:42:33.339975;22/Jul/2026:11:42:29.492585;22/Jul/2026:11:42:29.493851;22/Jul/2026:11:42:30.415599;22/Jul/2026:11:42:33.345601;22/Jul/2026:11:42:34.365034;22/Jul/2026:11:42:34.447624;22/Jul/2026:11:42:35.341584;22/Jul/2026:11:42:34.363310;22/Jul/2026:11:42:34.360514;22/Jul/2026:11:42:28.876125;22/Jul/2026:11:42:35.339918;22/Jul/2026:11:42:33.347837;22/Jul/2026:11:42:34.449132;22/Jul/2026:11:42:35.339512;22/Jul/2026:11:42:35.344580;22/Jul/2026:11:42:35.339432;22/Jul/2026:11:42:35.343239;22/Jul/2026:11:42:34.448934;22/Jul/2026:11:42:35.342083;22/Jul/2026:11:42:35.340444;22/Jul/2026:11:42:35.343161;22/Jul/2026:11:42:34.364594;22/Jul/2026:11:42:35.345837;22/Jul/2026:11:42:31.480734;22/Jul/2026:11:42:35.340284;22/Jul/2026:11:42:31.480069;22/Jul/2026:11:42:24.278591;22/Jul/2026:11:42:35.345777;22/Jul/2026:11:42:35.345068;22/Jul/2026:11:42:34.363124;22/Jul/2026:11:42:35.341467;22/Jul/2026:11:42:35.340699;22/Jul/2026:11:42:32.267807;22/Jul/2026:11:42:34.363484;22/Jul/2026:11:42:35.342025;22/Jul/2026:11:42:34.362472;22/Jul/2026:11:42:34.362394,2.0118;5.8592;5.8624;4.9413;2.0135;0.9952;0.9180;0.0303;1.0086;1.0142;6.5058;0.0435;2.0357;0.9452;0.0775;0.0964;0.1279;0.1258;1.0215;0.1294;0.1615;0.1597;1.1799;0.2040;4.0837;0.2256;4.0862;11.2887;0.2519;0.2735;1.5283;0.5883;0.5913;3.7615;1.6677;0.7048;1.7110;1.7158
7,5,76,success,None,22/Jul/2026:11:42:35.338347,22/Jul/2026:11:42:36.288374,0.9500,40,22/Jul/2026:11:42:33.339975;22/Jul/2026:11:42:29.492585;22/Jul/2026:11:42:29.493851;22/Jul/2026:11:42:30.415599;22/Jul/2026:11:42:33.345601;22/Jul/2026:11:42:34.365034;22/Jul/2026:11:42:34.447624;22/Jul/2026:11:42:35.341584;22/Jul/2026:11:42:34.363310;22/Jul/2026:11:42:34.360514;22/Jul/2026:11:42:28.876125;22/Jul/2026:11:42:35.339918;22/Jul/2026:11:42:33.347837;22/Jul/2026:11:42:34.449132;22/Jul/2026:11:42:35.339512;22/Jul/2026:11:42:35.344580;22/Jul/2026:11:42:35.339432;22/Jul/2026:11:42:35.343239;22/Jul/2026:11:42:34.448934;22/Jul/2026:11:42:35.342083;22/Jul/2026:11:42:35.340444;22/Jul/2026:11:42:35.343161;22/Jul/2026:11:42:34.364594;22/Jul/2026:11:42:35.345837;22/Jul/2026:11:42:31.480734;22/Jul/2026:11:42:35.340284;22/Jul/2026:11:42:31.480069;22/Jul/2026:11:42:24.278591;22/Jul/2026:11:42:35.345777;22/Jul/2026:11:42:35.345068;22/Jul/2026:11:42:34.363124;22/Jul/2026:11:42:35.341467;22/Jul/2026:11:42:35.340699;22/Jul/2026:11:42:32.267807;22/Jul/2026:11:42:34.363484;22/Jul/2026:11:42:35.342025;22/Jul/2026:11:42:34.362472;22/Jul/2026:11:42:34.362394;22/Jul/2026:11:42:31.509337;22/Jul/2026:11:42:33.343812,2.0118;5.8592;5.8624;4.9413;2.0135;0.9952;0.9180;0.0303;1.0086;1.0142;6.5058;0.0435;2.0357;0.9452;0.0775;0.0964;0.1279;0.1258;1.0215;0.1294;0.1615;0.1597;1.1799;0.2040;4.0837;0.2256;4.0862;11.2887;0.2519;0.2735;1.5283;0.5883;0.5913;3.7615;1.6677;0.7048;1.7110;1.7158;4.7273;2.9108
7,5,133,success,None,22/Jul/2026:11:42:35.338472,22/Jul/2026:11:42:36.388197,1.0497,42,22/Jul/2026:11:42:33.339975;22/Jul/2026:11:42:29.492585;22/Jul/2026:11:42:29.493851;22/Jul/2026:11:42:30.415599;22/Jul/2026:11:42:33.345601;22/Jul/2026:11:42:34.365034;22/Jul/2026:11:42:34.447624;22/Jul/2026:11:42:35.341584;22/Jul/2026:11:42:34.363310;22/Jul/2026:11:42:34.360514;22/Jul/2026:11:42:28.876125;22/Jul/2026:11:42:35.339918;22/Jul/2026:11:42:33.347837;22/Jul/2026:11:42:34.449132;22/Jul/2026:11:42:35.339512;22/Jul/2026:11:42:35.344580;22/Jul/2026:11:42:35.339432;22/Jul/2026:11:42:35.343239;22/Jul/2026:11:42:34.448934;22/Jul/2026:11:42:35.342083;22/Jul/2026:11:42:35.340444;22/Jul/2026:11:42:35.343161;22/Jul/2026:11:42:34.364594;22/Jul/2026:11:42:35.345837;22/Jul/2026:11:42:31.480734;22/Jul/2026:11:42:35.340284;22/Jul/2026:11:42:31.480069;22/Jul/2026:11:42:24.278591;22/Jul/2026:11:42:35.345777;22/Jul/2026:11:42:35.345068;22/Jul/2026:11:42:34.363124;22/Jul/2026:11:42:35.341467;22/Jul/2026:11:42:35.340699;22/Jul/2026:11:42:32.267807;22/Jul/2026:11:42:34.363484;22/Jul/2026:11:42:35.342025;22/Jul/2026:11:42:34.362472;22/Jul/2026:11:42:34.362394;22/Jul/2026:11:42:31.509337;22/Jul/2026:11:42:33.343812;22/Jul/2026:11:42:36.230923;22/Jul/2026:11:42:36.230429,2.0118;5.8592;5.8624;4.9413;2.0135;0.9952;0.9180;0.0303;1.0086;1.0142;6.5058;0.0435;2.0357;0.9452;0.0775;0.0964;0.1279;0.1258;1.0215;0.1294;0.1615;0.1597;1.1799;0.2040;4.0837;0.2256;4.0862;11.2887;0.2519;0.2735;1.5283;0.5883;0.5913;3.7615;1.6677;0.7048;1.7110;1.7158;4.7273;2.9108;0.0809;0.0880
7,5,51,success,None,22/Jul/2026:11:42:35.337891,22/Jul/2026:11:42:36.409770,1.0719,43,22/Jul/2026:11:42:33.339975;22/Jul/2026:11:42:29.492585;22/Jul/2026:11:42:29.493851;22/Jul/2026:11:42:30.415599;22/Jul/2026:11:42:33.345601;22/Jul/2026:11:42:34.365034;22/Jul/2026:11:42:34.447624;22/Jul/2026:11:42:35.341584;22/Jul/2026:11:42:34.363310;22/Jul/2026:11:42:34.360514;22/Jul/2026:11:42:28.876125;22/Jul/2026:11:42:35.339918;22/Jul/2026:11:42:33.347837;22/Jul/2026:11:42:34.449132;22/Jul/2026:11:42:35.339512;22/Jul/2026:11:42:35.344580;22/Jul/2026:11:42:35.339432;22/Jul/2026:11:42:35.343239;22/Jul/2026:11:42:34.448934;22/Jul/2026:11:42:35.342083;22/Jul/2026:11:42:35.340444;22/Jul/2026:11:42:35.343161;22/Jul/2026:11:42:34.364594;22/Jul/2026:11:42:35.345837;22/Jul/2026:11:42:31.480734;22/Jul/2026:11:42:35.340284;22/Jul/2026:11:42:31.480069;22/Jul/2026:11:42:24.278591;22/Jul/2026:11:42:35.345777;22/Jul/2026:11:42:35.345068;22/Jul/2026:11:42:34.363124;22/Jul/2026:11:42:35.341467;22/Jul/2026:11:42:35.340699;22/Jul/2026:11:42:32.267807;22/Jul/2026:11:42:34.363484;22/Jul/2026:11:42:35.342025;22/Jul/2026:11:42:34.362472;22/Jul/2026:11:42:34.362394;22/Jul/2026:11:42:31.509337;22/Jul/2026:11:42:33.343812;22/Jul/2026:11:42:36.230923;22/Jul/2026:11:42:36.230429;22/Jul/2026:11:42:32.267725,2.0118;5.8592;5.8624;4.9413;2.0135;0.9952;0.9180;0.0303;1.0086;1.0142;6.5058;0.0435;2.0357;0.9452;0.0775;0.0964;0.1279;0.1258;1.0215;0.1294;0.1615;0.1597;1.1799;0.2040;4.0837;0.2256;4.0862;11.2887;0.2519;0.2735;1.5283;0.5883;0.5913;3.7615;1.6677;0.7048;1.7110;1.7158;4.7273;2.9108;0.0809;0.0880;4.1378
7,5,25,success,None,22/Jul/2026:11:42:35.337669,22/Jul/2026:11:42:36.699780,1.3621,54,22/Jul/2026:11:42:33.339975;22/Jul/2026:11:42:29.492585;22/Jul/2026:11:42:29.493851;22/Jul/2026:11:42:30.415599;22/Jul/2026:11:42:33.345601;22/Jul/2026:11:42:34.365034;22/Jul/2026:11:42:34.447624;22/Jul/2026:11:42:35.341584;22/Jul/2026:11:42:34.363310;22/Jul/2026:11:42:34.360514;22/Jul/2026:11:42:28.876125;22/Jul/2026:11:42:35.339918;22/Jul/2026:11:42:33.347837;22/Jul/2026:11:42:34.449132;22/Jul/2026:11:42:35.339512;22/Jul/2026:11:42:35.344580;22/Jul/2026:11:42:35.339432;22/Jul/2026:11:42:35.343239;22/Jul/2026:11:42:34.448934;22/Jul/2026:11:42:35.342083;22/Jul/2026:11:42:35.340444;22/Jul/2026:11:42:35.343161;22/Jul/2026:11:42:34.364594;22/Jul/2026:11:42:35.345837;22/Jul/2026:11:42:31.480734;22/Jul/2026:11:42:35.340284;22/Jul/2026:11:42:31.480069;22/Jul/2026:11:42:24.278591;22/Jul/2026:11:42:35.345777;22/Jul/2026:11:42:35.345068;22/Jul/2026:11:42:34.363124;22/Jul/2026:11:42:35.341467;22/Jul/2026:11:42:35.340699;22/Jul/2026:11:42:32.267807;22/Jul/2026:11:42:34.363484;22/Jul/2026:11:42:35.342025;22/Jul/2026:11:42:34.362472;22/Jul/2026:11:42:34.362394;22/Jul/2026:11:42:31.509337;22/Jul/2026:11:42:33.343812;22/Jul/2026:11:42:36.230923;22/Jul/2026:11:42:36.230429;22/Jul/2026:11:42:32.267725;22/Jul/2026:11:42:35.348282;22/Jul/2026:11:42:33.357147;22/Jul/2026:11:42:36.390019;22/Jul/2026:11:42:35.348743;22/Jul/2026:11:42:33.578742;22/Jul/2026:11:42:33.373790;22/Jul/2026:11:42:33.394233;22/Jul/2026:11:42:35.348832;22/Jul/2026:11:42:32.266898;22/Jul/2026:11:42:36.391211;22/Jul/2026:11:42:36.390511,2.0118;5.8592;5.8624;4.9413;2.0135;0.9952;0.9180;0.0303;1.0086;1.0142;6.5058;0.0435;2.0357;0.9452;0.0775;0.0964;0.1279;0.1258;1.0215;0.1294;0.1615;0.1597;1.1799;0.2040;4.0837;0.2256;4.0862;11.2887;0.2519;0.2735;1.5283;0.5883;0.5913;3.7615;1.6677;0.7048;1.7110;1.7158;4.7273;2.9108;0.0809;0.0880;4.1378;1.0649;3.0623;0.0354;1.0778;2.8495;3.0545;3.0410;1.0864;4.1804;0.0936;0.0959
7,5,151,success,None,22/Jul/2026:11:42:35.338715,22/Jul/2026:11:42:36.740800,1.4021,57,22/Jul/2026:11:42:33.339975;22/Jul/2026:11:42:29.492585;22/Jul/2026:11:42:29.493851;22/Jul/2026:11:42:30.415599;22/Jul/2026:11:42:33.345601;22/Jul/2026:11:42:34.365034;22/Jul/2026:11:42:34.447624;22/Jul/2026:11:42:35.341584;22/Jul/2026:11:42:34.363310;22/Jul/2026:11:42:34.360514;22/Jul/2026:11:42:28.876125;22/Jul/2026:11:42:35.339918;22/Jul/2026:11:42:33.347837;22/Jul/2026:11:42:34.449132;22/Jul/2026:11:42:35.339512;22/Jul/2026:11:42:35.344580;22/Jul/2026:11:42:35.339432;22/Jul/2026:11:42:35.343239;22/Jul/2026:11:42:34.448934;22/Jul/2026:11:42:35.342083;22/Jul/2026:11:42:35.340444;22/Jul/2026:11:42:35.343161;22/Jul/2026:11:42:34.364594;22/Jul/2026:11:42:35.345837;22/Jul/2026:11:42:31.480734;22/Jul/2026:11:42:35.340284;22/Jul/2026:11:42:31.480069;22/Jul/2026:11:42:24.278591;22/Jul/2026:11:42:35.345777;22/Jul/2026:11:42:35.345068;22/Jul/2026:11:42:34.363124;22/Jul/2026:11:42:35.341467;22/Jul/2026:11:42:35.340699;22/Jul/2026:11:42:32.267807;22/Jul/2026:11:42:34.363484;22/Jul/2026:11:42:35.342025;22/Jul/2026:11:42:34.362472;22/Jul/2026:11:42:34.362394;22/Jul/2026:11:42:31.509337;22/Jul/2026:11:42:33.343812;22/Jul/2026:11:42:36.230923;22/Jul/2026:11:42:36.230429;22/Jul/2026:11:42:32.267725;22/Jul/2026:11:42:35.348282;22/Jul/2026:11:42:33.357147;22/Jul/2026:11:42:36.390019;22/Jul/2026:11:42:35.348743;22/Jul/2026:11:42:33.578742;22/Jul/2026:11:42:33.373790;22/Jul/2026:11:42:33.394233;22/Jul/2026:11:42:35.348832;22/Jul/2026:11:42:32.266898;22/Jul/2026:11:42:36.391211;22/Jul/2026:11:42:36.390511;22/Jul/2026:11:42:35.346560;22/Jul/2026:11:42:35.341528;22/Jul/2026:11:42:34.358999,2.0118;5.8592;5.8624;4.9413;2.0135;0.9952;0.9180;0.0303;1.0086;1.0142;6.5058;0.0435;2.0357;0.9452;0.0775;0.0964;0.1279;0.1258;1.0215;0.1294;0.1615;0.1597;1.1799;0.2040;4.0837;0.2256;4.0862;11.2887;0.2519;0.2735;1.5283;0.5883;0.5913;3.7615;1.6677;0.7048;1.7110;1.7158;4.7273;2.9108;0.0809;0.0880;4.1378;1.0649;3.0623;0.0354;1.0778;2.8495;3.0545;3.0410;1.0864;4.1804;0.0936;0.0959;1.3815;1.3947;2.3808
7,5,161,success,None,22/Jul/2026:11:42:35.338942,22/Jul/2026:11:42:37.007808,1.6689,60,22/Jul/2026:11:42:33.339975;22/Jul/2026:11:42:29.492585;22/Jul/2026:11:42:29.493851;22/Jul/2026:11:42:30.415599;22/Jul/2026:11:42:33.345601;22/Jul/2026:11:42:34.365034;22/Jul/2026:11:42:34.447624;22/Jul/2026:11:42:35.341584;22/Jul/2026:11:42:34.363310;22/Jul/2026:11:42:34.360514;22/Jul/2026:11:42:28.876125;22/Jul/2026:11:42:35.339918;22/Jul/2026:11:42:33.347837;22/Jul/2026:11:42:34.449132;22/Jul/2026:11:42:35.339512;22/Jul/2026:11:42:35.344580;22/Jul/2026:11:42:35.339432;22/Jul/2026:11:42:35.343239;22/Jul/2026:11:42:34.448934;22/Jul/2026:11:42:35.342083;22/Jul/2026:11:42:35.340444;22/Jul/2026:11:42:35.343161;22/Jul/2026:11:42:34.364594;22/Jul/2026:11:42:35.345837;22/Jul/2026:11:42:31.480734;22/Jul/2026:11:42:35.340284;22/Jul/2026:11:42:31.480069;22/Jul/2026:11:42:24.278591;22/Jul/2026:11:42:35.345777;22/Jul/2026:11:42:35.345068;22/Jul/2026:11:42:34.363124;22/Jul/2026:11:42:35.341467;22/Jul/2026:11:42:35.340699;22/Jul/2026:11:42:32.267807;22/Jul/2026:11:42:34.363484;22/Jul/2026:11:42:35.342025;22/Jul/2026:11:42:34.362472;22/Jul/2026:11:42:34.362394;22/Jul/2026:11:42:31.509337;22/Jul/2026:11:42:33.343812;22/Jul/2026:11:42:36.230923;22/Jul/2026:11:42:36.230429;22/Jul/2026:11:42:32.267725;22/Jul/2026:11:42:35.348282;22/Jul/2026:11:42:33.357147;22/Jul/2026:11:42:36.390019;22/Jul/2026:11:42:35.348743;22/Jul/2026:11:42:33.578742;22/Jul/2026:11:42:33.373790;22/Jul/2026:11:42:33.394233;22/Jul/2026:11:42:35.348832;22/Jul/2026:11:42:32.266898;22/Jul/2026:11:42:36.391211;22/Jul/2026:11:42:36.390511;22/Jul/2026:11:42:35.346560;22/Jul/2026:11:42:35.341528;22/Jul/2026:11:42:34.358999;22/Jul/2026:11:42:35.347195;22/Jul/2026:11:42:33.579120;22/Jul/2026:11:42:36.742833,2.0118;5.8592;5.8624;4.9413;2.0135;0.9952;0.9180;0.0303;1.0086;1.0142;6.5058;0.0435;2.0357;0.9452;0.0775;0.0964;0.1279;0.1258;1.0215;0.1294;0.1615;0.1597;1.1799;0.2040;4.0837;0.2256;4.0862;11.2887;0.2519;0.2735;1.5283;0.5883;0.5913;3.7615;1.6677;0.7048;1.7110;1.7158;4.7273;2.9108;0.0809;0.0880;4.1378;1.0649;3.0623;0.0354;1.0778;2.8495;3.0545;3.0410;1.0864;4.1804;0.0936;0.0959;1.3815;1.3947;2.3808;1.4322;3.2205;0.0827
7,5,212,success,None,22/Jul/2026:11:42:36.288713,22/Jul/2026:11:42:37.206335,0.9176,31,22/Jul/2026:11:42:36.230923;22/Jul/2026:11:42:36.230429;22/Jul/2026:11:42:32.267725;22/Jul/2026:11:42:35.348282;22/Jul/2026:11:42:33.357147;22/Jul/2026:11:42:36.390019;22/Jul/2026:11:42:35.348743;22/Jul/2026:11:42:33.578742;22/Jul/2026:11:42:33.373790;22/Jul/2026:11:42:33.394233;22/Jul/2026:11:42:35.348832;22/Jul/2026:11:42:32.266898;22/Jul/2026:11:42:36.391211;22/Jul/2026:11:42:36.390511;22/Jul/2026:11:42:35.346560;22/Jul/2026:11:42:35.341528;22/Jul/2026:11:42:34.358999;22/Jul/2026:11:42:35.347195;22/Jul/2026:11:42:33.579120;22/Jul/2026:11:42:36.742833;22/Jul/2026:11:42:36.412069;22/Jul/2026:11:42:36.701322;22/Jul/2026:11:42:36.391536;22/Jul/2026:11:42:35.339326;22/Jul/2026:11:42:34.356583;22/Jul/2026:11:42:35.340748;22/Jul/2026:11:42:35.344326;22/Jul/2026:11:42:30.415883;22/Jul/2026:11:42:36.701904;22/Jul/2026:11:42:36.703768;22/Jul/2026:11:42:36.412570,0.0809;0.0880;4.1378;1.0649;3.0623;0.0354;1.0778;2.8495;3.0545;3.0410;1.0864;4.1804;0.0936;0.0959;1.3815;1.3947;2.3808;1.4322;3.2205;0.0827;0.6024;0.3167;0.6280;1.6804;2.6666;1.6834;1.6800;6.6093;0.3237;0.3273;0.6185
7,5,324,success,None,22/Jul/2026:11:42:36.410120,22/Jul/2026:11:42:37.292738,0.8826,33,22/Jul/2026:11:42:35.348282;22/Jul/2026:11:42:33.357147;22/Jul/2026:11:42:36.390019;22/Jul/2026:11:42:35.348743;22/Jul/2026:11:42:33.578742;22/Jul/2026:11:42:33.373790;22/Jul/2026:11:42:33.394233;22/Jul/2026:11:42:35.348832;22/Jul/2026:11:42:32.266898;22/Jul/2026:11:42:36.391211;22/Jul/2026:11:42:36.390511;22/Jul/2026:11:42:35.346560;22/Jul/2026:11:42:35.341528;22/Jul/2026:11:42:34.358999;22/Jul/2026:11:42:35.347195;22/Jul/2026:11:42:33.579120;22/Jul/2026:11:42:36.742833;22/Jul/2026:11:42:36.412069;22/Jul/2026:11:42:36.701322;22/Jul/2026:11:42:36.391536;22/Jul/2026:11:42:35.339326;22/Jul/2026:11:42:34.356583;22/Jul/2026:11:42:35.340748;22/Jul/2026:11:42:35.344326;22/Jul/2026:11:42:30.415883;22/Jul/2026:11:42:36.701904;22/Jul/2026:11:42:36.703768;22/Jul/2026:11:42:36.412570;22/Jul/2026:11:42:37.010363;22/Jul/2026:11:42:37.210909;22/Jul/2026:11:42:37.210204;22/Jul/2026:11:42:32.267256;22/Jul/2026:11:42:36.230997,1.0649;3.0623;0.0354;1.0778;2.8495;3.0545;3.0410;1.0864;4.1804;0.0936;0.0959;1.3815;1.3947;2.3808;1.4322;3.2205;0.0827;0.6024;0.3167;0.6280;1.6804;2.6666;1.6834;1.6800;6.6093;0.3237;0.3273;0.6185;0.2076;0.0087;0.0100;4.9530;0.9946
7,5,315,success,None,22/Jul/2026:11:42:36.388547,22/Jul/2026:11:42:37.294565,0.9060,34,22/Jul/2026:11:42:32.267725;22/Jul/2026:11:42:35.348282;22/Jul/2026:11:42:33.357147;22/Jul/2026:11:42:36.390019;22/Jul/2026:11:42:35.348743;22/Jul/2026:11:42:33.578742;22/Jul/2026:11:42:33.373790;22/Jul/2026:11:42:33.394233;22/Jul/2026:11:42:35.348832;22/Jul/2026:11:42:32.266898;22/Jul/2026:11:42:36.391211;22/Jul/2026:11:42:36.390511;22/Jul/2026:11:42:35.346560;22/Jul/2026:11:42:35.341528;22/Jul/2026:11:42:34.358999;22/Jul/2026:11:42:35.347195;22/Jul/2026:11:42:33.579120;22/Jul/2026:11:42:36.742833;22/Jul/2026:11:42:36.412069;22/Jul/2026:11:42:36.701322;22/Jul/2026:11:42:36.391536;22/Jul/2026:11:42:35.339326;22/Jul/2026:11:42:34.356583;22/Jul/2026:11:42:35.340748;22/Jul/2026:11:42:35.344326;22/Jul/2026:11:42:30.415883;22/Jul/2026:11:42:36.701904;22/Jul/2026:11:42:36.703768;22/Jul/2026:11:42:36.412570;22/Jul/2026:11:42:37.010363;22/Jul/2026:11:42:37.210909;22/Jul/2026:11:42:37.210204;22/Jul/2026:11:42:32.267256;22/Jul/2026:11:42:36.230997,4.1378;1.0649;3.0623;0.0354;1.0778;2.8495;3.0545;3.0410;1.0864;4.1804;0.0936;0.0959;1.3815;1.3947;2.3808;1.4322;3.2205;0.0827;0.6024;0.3167;0.6280;1.6804;2.6666;1.6834;1.6800;6.6093;0.3237;0.3273;0.6185;0.2076;0.0087;0.0100;4.9530;0.9946
7,5,203,success,None,22/Jul/2026:11:42:36.229107,22/Jul/2026:11:42:37.403664,1.1746,38,22/Jul/2026:11:42:31.509337;22/Jul/2026:11:42:33.343812;22/Jul/2026:11:42:36.230923;22/Jul/2026:11:42:36.230429;22/Jul/2026:11:42:32.267725;22/Jul/2026:11:42:35.348282;22/Jul/2026:11:42:33.357147;22/Jul/2026:11:42:36.390019;22/Jul/2026:11:42:35.348743;22/Jul/2026:11:42:33.578742;22/Jul/2026:11:42:33.373790;22/Jul/2026:11:42:33.394233;22/Jul/2026:11:42:35.348832;22/Jul/2026:11:42:32.266898;22/Jul/2026:11:42:36.391211;22/Jul/2026:11:42:36.390511;22/Jul/2026:11:42:35.346560;22/Jul/2026:11:42:35.341528;22/Jul/2026:11:42:34.358999;22/Jul/2026:11:42:35.347195;22/Jul/2026:11:42:33.579120;22/Jul/2026:11:42:36.742833;22/Jul/2026:11:42:36.412069;22/Jul/2026:11:42:36.701322;22/Jul/2026:11:42:36.391536;22/Jul/2026:11:42:35.339326;22/Jul/2026:11:42:34.356583;22/Jul/2026:11:42:35.340748;22/Jul/2026:11:42:35.344326;22/Jul/2026:11:42:30.415883;22/Jul/2026:11:42:36.701904;22/Jul/2026:11:42:36.703768;22/Jul/2026:11:42:36.412570;22/Jul/2026:11:42:37.010363;22/Jul/2026:11:42:37.210909;22/Jul/2026:11:42:37.210204;22/Jul/2026:11:42:32.267256;22/Jul/2026:11:42:36.230997,4.7273;2.9108;0.0809;0.0880;4.1378;1.0649;3.0623;0.0354;1.0778;2.8495;3.0545;3.0410;1.0864;4.1804;0.0936;0.0959;1.3815;1.3947;2.3808;1.4322;3.2205;0.0827;0.6024;0.3167;0.6280;1.6804;2.6666;1.6834;1.6800;6.6093;0.3237;0.3273;0.6185;0.2076;0.0087;0.0100;4.9530;0.9946
7,5,343,success,None,22/Jul/2026:11:42:36.741176,22/Jul/2026:11:42:37.473169,0.7320,19,22/Jul/2026:11:42:35.347195;22/Jul/2026:11:42:33.579120;22/Jul/2026:11:42:36.742833;22/Jul/2026:11:42:36.412069;22/Jul/2026:11:42:36.701322;22/Jul/2026:11:42:36.391536;22/Jul/2026:11:42:35.339326;22/Jul/2026:11:42:34.356583;22/Jul/2026:11:42:35.340748;22/Jul/2026:11:42:35.344326;22/Jul/2026:11:42:30.415883;22/Jul/2026:11:42:36.701904;22/Jul/2026:11:42:36.703768;22/Jul/2026:11:42:36.412570;22/Jul/2026:11:42:37.010363;22/Jul/2026:11:42:37.210909;22/Jul/2026:11:42:37.210204;22/Jul/2026:11:42:32.267256;22/Jul/2026:11:42:36.230997,1.4322;3.2205;0.0827;0.6024;0.3167;0.6280;1.6804;2.6666;1.6834;1.6800;6.6093;0.3237;0.3273;0.6185;0.2076;0.0087;0.0100;4.9530;0.9946
7,5,334,success,None,22/Jul/2026:11:42:36.700148,22/Jul/2026:11:42:37.558388,0.8582,22,22/Jul/2026:11:42:35.346560;22/Jul/2026:11:42:35.341528;22/Jul/2026:11:42:34.358999;22/Jul/2026:11:42:35.347195;22/Jul/2026:11:42:33.579120;22/Jul/2026:11:42:36.742833;22/Jul/2026:11:42:36.412069;22/Jul/2026:11:42:36.701322;22/Jul/2026:11:42:36.391536;22/Jul/2026:11:42:35.339326;22/Jul/2026:11:42:34.356583;22/Jul/2026:11:42:35.340748;22/Jul/2026:11:42:35.344326;22/Jul/2026:11:42:30.415883;22/Jul/2026:11:42:36.701904;22/Jul/2026:11:42:36.703768;22/Jul/2026:11:42:36.412570;22/Jul/2026:11:42:37.010363;22/Jul/2026:11:42:37.210909;22/Jul/2026:11:42:37.210204;22/Jul/2026:11:42:32.267256;22/Jul/2026:11:42:36.230997,1.3815;1.3947;2.3808;1.4322;3.2205;0.0827;0.6024;0.3167;0.6280;1.6804;2.6666;1.6834;1.6800;6.6093;0.3237;0.3273;0.6185;0.2076;0.0087;0.0100;4.9530;0.9946
7,5,366,success,None,22/Jul/2026:11:42:37.008200,22/Jul/2026:11:42:37.805975,0.7978,16,22/Jul/2026:11:42:36.412069;22/Jul/2026:11:42:36.701322;22/Jul/2026:11:42:36.391536;22/Jul/2026:11:42:35.339326;22/Jul/2026:11:42:34.356583;22/Jul/2026:11:42:35.340748;22/Jul/2026:11:42:35.344326;22/Jul/2026:11:42:30.415883;22/Jul/2026:11:42:36.701904;22/Jul/2026:11:42:36.703768;22/Jul/2026:11:42:36.412570;22/Jul/2026:11:42:37.010363;22/Jul/2026:11:42:37.210909;22/Jul/2026:11:42:37.210204;22/Jul/2026:11:42:32.267256;22/Jul/2026:11:42:36.230997,0.6024;0.3167;0.6280;1.6804;2.6666;1.6834;1.6800;6.6093;0.3237;0.3273;0.6185;0.2076;0.0087;0.0100;4.9530;0.9946
7,5,415,success,None,22/Jul/2026:11:42:37.206666,22/Jul/2026:11:42:37.822484,0.6158,5,22/Jul/2026:11:42:37.010363;22/Jul/2026:11:42:37.210909;22/Jul/2026:11:42:37.210204;22/Jul/2026:11:42:32.267256;22/Jul/2026:11:42:36.230997,0.2076;0.0087;0.0100;4.9530;0.9946
8,5,76,success,None,22/Jul/2026:11:42:37.836196,22/Jul/2026:11:42:38.929622,1.0934,21,22/Jul/2026:11:42:33.374528;22/Jul/2026:11:42:24.285525;22/Jul/2026:11:42:31.482164;22/Jul/2026:11:42:34.360883;22/Jul/2026:11:42:36.744371;22/Jul/2026:11:42:36.410890;22/Jul/2026:11:42:37.837738;22/Jul/2026:11:42:36.289566;22/Jul/2026:11:42:37.838127;22/Jul/2026:11:42:33.334131;22/Jul/2026:11:42:36.702464;22/Jul/2026:11:42:37.840884;22/Jul/2026:11:42:37.838249;22/Jul/2026:11:42:37.837510;22/Jul/2026:11:42:32.267426;22/Jul/2026:11:42:37.838543;22/Jul/2026:11:42:37.842800;22/Jul/2026:11:42:33.338648;22/Jul/2026:11:42:37.842443;22/Jul/2026:11:42:37.850194;22/Jul/2026:11:42:37.841524,4.4773;13.5667;6.3713;3.4929;1.1243;1.4611;0.0344;1.6082;0.0663;4.5762;1.2161;0.0847;0.0928;0.1121;5.7421;0.1853;0.1984;4.7732;0.2726;0.7965;0.8450
8,5,51,success,None,22/Jul/2026:11:42:37.835908,22/Jul/2026:11:42:38.958092,1.1222,21,22/Jul/2026:11:42:33.374528;22/Jul/2026:11:42:24.285525;22/Jul/2026:11:42:31.482164;22/Jul/2026:11:42:34.360883;22/Jul/2026:11:42:36.744371;22/Jul/2026:11:42:36.410890;22/Jul/2026:11:42:37.837738;22/Jul/2026:11:42:36.289566;22/Jul/2026:11:42:37.838127;22/Jul/2026:11:42:33.334131;22/Jul/2026:11:42:36.702464;22/Jul/2026:11:42:37.840884;22/Jul/2026:11:42:37.838249;22/Jul/2026:11:42:37.837510;22/Jul/2026:11:42:32.267426;22/Jul/2026:11:42:37.838543;22/Jul/2026:11:42:37.842800;22/Jul/2026:11:42:33.338648;22/Jul/2026:11:42:37.842443;22/Jul/2026:11:42:37.850194;22/Jul/2026:11:42:37.841524,4.4773;13.5667;6.3713;3.4929;1.1243;1.4611;0.0344;1.6082;0.0663;4.5762;1.2161;0.0847;0.0928;0.1121;5.7421;0.1853;0.1984;4.7732;0.2726;0.7965;0.8450
8,5,61,success,None,22/Jul/2026:11:42:37.836076,22/Jul/2026:11:42:38.984009,1.1479,29,22/Jul/2026:11:42:33.374528;22/Jul/2026:11:42:24.285525;22/Jul/2026:11:42:31.482164;22/Jul/2026:11:42:34.360883;22/Jul/2026:11:42:36.744371;22/Jul/2026:11:42:36.410890;22/Jul/2026:11:42:37.837738;22/Jul/2026:11:42:36.289566;22/Jul/2026:11:42:37.838127;22/Jul/2026:11:42:33.334131;22/Jul/2026:11:42:36.702464;22/Jul/2026:11:42:37.840884;22/Jul/2026:11:42:37.838249;22/Jul/2026:11:42:37.837510;22/Jul/2026:11:42:32.267426;22/Jul/2026:11:42:37.838543;22/Jul/2026:11:42:37.842800;22/Jul/2026:11:42:33.338648;22/Jul/2026:11:42:37.842443;22/Jul/2026:11:42:37.850194;22/Jul/2026:11:42:37.841524;22/Jul/2026:11:42:37.837873;22/Jul/2026:11:42:37.208126;22/Jul/2026:11:42:36.291430;22/Jul/2026:11:42:37.850440;22/Jul/2026:11:42:34.445581;22/Jul/2026:11:42:27.930477;22/Jul/2026:11:42:33.357712;22/Jul/2026:11:42:33.393586,4.4773;13.5667;6.3713;3.4929;1.1243;1.4611;0.0344;1.6082;0.0663;4.5762;1.2161;0.0847;0.0928;0.1121;5.7421;0.1853;0.1984;4.7732;0.2726;0.7965;0.8450;1.1327;1.7643;2.6819;1.1229;4.5277;11.0428;5.6208;5.5885
8,5,25,success,None,22/Jul/2026:11:42:37.835725,22/Jul/2026:11:42:38.985883,1.1502,29,22/Jul/2026:11:42:33.374528;22/Jul/2026:11:42:24.285525;22/Jul/2026:11:42:31.482164;22/Jul/2026:11:42:34.360883;22/Jul/2026:11:42:36.744371;22/Jul/2026:11:42:36.410890;22/Jul/2026:11:42:37.837738;22/Jul/2026:11:42:36.289566;22/Jul/2026:11:42:37.838127;22/Jul/2026:11:42:33.334131;22/Jul/2026:11:42:36.702464;22/Jul/2026:11:42:37.840884;22/Jul/2026:11:42:37.838249;22/Jul/2026:11:42:37.837510;22/Jul/2026:11:42:32.267426;22/Jul/2026:11:42:37.838543;22/Jul/2026:11:42:37.842800;22/Jul/2026:11:42:33.338648;22/Jul/2026:11:42:37.842443;22/Jul/2026:11:42:37.850194;22/Jul/2026:11:42:37.841524;22/Jul/2026:11:42:37.837873;22/Jul/2026:11:42:37.208126;22/Jul/2026:11:42:36.291430;22/Jul/2026:11:42:37.850440;22/Jul/2026:11:42:34.445581;22/Jul/2026:11:42:27.930477;22/Jul/2026:11:42:33.357712;22/Jul/2026:11:42:33.393586,4.4773;13.5667;6.3713;3.4929;1.1243;1.4611;0.0344;1.6082;0.0663;4.5762;1.2161;0.0847;0.0928;0.1121;5.7421;0.1853;0.1984;4.7732;0.2726;0.7965;0.8450;1.1327;1.7643;2.6819;1.1229;4.5277;11.0428;5.6208;5.5885
8,5,133,success,None,22/Jul/2026:11:42:37.836419,22/Jul/2026:11:42:39.004973,1.1686,31,22/Jul/2026:11:42:33.374528;22/Jul/2026:11:42:24.285525;22/Jul/2026:11:42:31.482164;22/Jul/2026:11:42:34.360883;22/Jul/2026:11:42:36.744371;22/Jul/2026:11:42:36.410890;22/Jul/2026:11:42:37.837738;22/Jul/2026:11:42:36.289566;22/Jul/2026:11:42:37.838127;22/Jul/2026:11:42:33.334131;22/Jul/2026:11:42:36.702464;22/Jul/2026:11:42:37.840884;22/Jul/2026:11:42:37.838249;22/Jul/2026:11:42:37.837510;22/Jul/2026:11:42:32.267426;22/Jul/2026:11:42:37.838543;22/Jul/2026:11:42:37.842800;22/Jul/2026:11:42:33.338648;22/Jul/2026:11:42:37.842443;22/Jul/2026:11:42:37.850194;22/Jul/2026:11:42:37.841524;22/Jul/2026:11:42:37.837873;22/Jul/2026:11:42:37.208126;22/Jul/2026:11:42:36.291430;22/Jul/2026:11:42:37.850440;22/Jul/2026:11:42:34.445581;22/Jul/2026:11:42:27.930477;22/Jul/2026:11:42:33.357712;22/Jul/2026:11:42:33.393586;22/Jul/2026:11:42:37.843967;22/Jul/2026:11:42:35.349364,4.4773;13.5667;6.3713;3.4929;1.1243;1.4611;0.0344;1.6082;0.0663;4.5762;1.2161;0.0847;0.0928;0.1121;5.7421;0.1853;0.1984;4.7732;0.2726;0.7965;0.8450;1.1327;1.7643;2.6819;1.1229;4.5277;11.0428;5.6208;5.5885;1.1451;3.6495
8,5,151,success,None,22/Jul/2026:11:42:37.836534,22/Jul/2026:11:42:39.279811,1.4433,48,22/Jul/2026:11:42:33.374528;22/Jul/2026:11:42:24.285525;22/Jul/2026:11:42:31.482164;22/Jul/2026:11:42:34.360883;22/Jul/2026:11:42:36.744371;22/Jul/2026:11:42:36.410890;22/Jul/2026:11:42:37.837738;22/Jul/2026:11:42:36.289566;22/Jul/2026:11:42:37.838127;22/Jul/2026:11:42:33.334131;22/Jul/2026:11:42:36.702464;22/Jul/2026:11:42:37.840884;22/Jul/2026:11:42:37.838249;22/Jul/2026:11:42:37.837510;22/Jul/2026:11:42:32.267426;22/Jul/2026:11:42:37.838543;22/Jul/2026:11:42:37.842800;22/Jul/2026:11:42:33.338648;22/Jul/2026:11:42:37.842443;22/Jul/2026:11:42:37.850194;22/Jul/2026:11:42:37.841524;22/Jul/2026:11:42:37.837873;22/Jul/2026:11:42:37.208126;22/Jul/2026:11:42:36.291430;22/Jul/2026:11:42:37.850440;22/Jul/2026:11:42:34.445581;22/Jul/2026:11:42:27.930477;22/Jul/2026:11:42:33.357712;22/Jul/2026:11:42:33.393586;22/Jul/2026:11:42:37.843967;22/Jul/2026:11:42:35.349364;22/Jul/2026:11:42:37.845233;22/Jul/2026:11:42:38.932813;22/Jul/2026:11:42:37.841949;22/Jul/2026:11:42:38.959626;22/Jul/2026:11:42:35.343811;22/Jul/2026:11:42:37.844182;22/Jul/2026:11:42:38.932008;22/Jul/2026:11:42:36.702814;22/Jul/2026:11:42:38.959539;22/Jul/2026:11:42:38.961020;22/Jul/2026:11:42:38.931782;22/Jul/2026:11:42:34.445381;22/Jul/2026:11:42:37.844981;22/Jul/2026:11:42:36.230044;22/Jul/2026:11:42:36.230587;22/Jul/2026:11:42:38.988617;22/Jul/2026:11:42:38.931944,4.4773;13.5667;6.3713;3.4929;1.1243;1.4611;0.0344;1.6082;0.0663;4.5762;1.2161;0.0847;0.0928;0.1121;5.7421;0.1853;0.1984;4.7732;0.2726;0.7965;0.8450;1.1327;1.7643;2.6819;1.1229;4.5277;11.0428;5.6208;5.5885;1.1451;3.6495;1.1607;0.0842;1.2249;0.1137;3.7347;1.2366;0.1615;2.4086;0.1792;0.1872;0.2287;4.7206;1.3374;2.9797;2.9864;0.2422;0.3214
8,5,161,success,None,22/Jul/2026:11:42:37.836866,22/Jul/2026:11:42:39.387595,1.5507,50,22/Jul/2026:11:42:33.374528;22/Jul/2026:11:42:24.285525;22/Jul/2026:11:42:31.482164;22/Jul/2026:11:42:34.360883;22/Jul/2026:11:42:36.744371;22/Jul/2026:11:42:36.410890;22/Jul/2026:11:42:37.837738;22/Jul/2026:11:42:36.289566;22/Jul/2026:11:42:37.838127;22/Jul/2026:11:42:33.334131;22/Jul/2026:11:42:36.702464;22/Jul/2026:11:42:37.840884;22/Jul/2026:11:42:37.838249;22/Jul/2026:11:42:37.837510;22/Jul/2026:11:42:32.267426;22/Jul/2026:11:42:37.838543;22/Jul/2026:11:42:37.842800;22/Jul/2026:11:42:33.338648;22/Jul/2026:11:42:37.842443;22/Jul/2026:11:42:37.850194;22/Jul/2026:11:42:37.841524;22/Jul/2026:11:42:37.837873;22/Jul/2026:11:42:37.208126;22/Jul/2026:11:42:36.291430;22/Jul/2026:11:42:37.850440;22/Jul/2026:11:42:34.445581;22/Jul/2026:11:42:27.930477;22/Jul/2026:11:42:33.357712;22/Jul/2026:11:42:33.393586;22/Jul/2026:11:42:37.843967;22/Jul/2026:11:42:35.349364;22/Jul/2026:11:42:37.845233;22/Jul/2026:11:42:38.932813;22/Jul/2026:11:42:37.841949;22/Jul/2026:11:42:38.959626;22/Jul/2026:11:42:35.343811;22/Jul/2026:11:42:37.844182;22/Jul/2026:11:42:38.932008;22/Jul/2026:11:42:36.702814;22/Jul/2026:11:42:38.959539;22/Jul/2026:11:42:38.961020;22/Jul/2026:11:42:38.931782;22/Jul/2026:11:42:34.445381;22/Jul/2026:11:42:37.844981;22/Jul/2026:11:42:36.230044;22/Jul/2026:11:42:36.230587;22/Jul/2026:11:42:38.988617;22/Jul/2026:11:42:38.931944;22/Jul/2026:11:42:37.840315;22/Jul/2026:11:42:32.268277,4.4773;13.5667;6.3713;3.4929;1.1243;1.4611;0.0344;1.6082;0.0663;4.5762;1.2161;0.0847;0.0928;0.1121;5.7421;0.1853;0.1984;4.7732;0.2726;0.7965;0.8450;1.1327;1.7643;2.6819;1.1229;4.5277;11.0428;5.6208;5.5885;1.1451;3.6495;1.1607;0.0842;1.2249;0.1137;3.7347;1.2366;0.1615;2.4086;0.1792;0.1872;0.2287;4.7206;1.3374;2.9797;2.9864;0.2422;0.3214;1.4589;7.0505
8,5,203,success,None,22/Jul/2026:11:42:37.837008,22/Jul/2026:11:42:39.702510,1.8655,56,22/Jul/2026:11:42:33.374528;22/Jul/2026:11:42:24.285525;22/Jul/2026:11:42:31.482164;22/Jul/2026:11:42:34.360883;22/Jul/2026:11:42:36.744371;22/Jul/2026:11:42:36.410890;22/Jul/2026:11:42:37.837738;22/Jul/2026:11:42:36.289566;22/Jul/2026:11:42:37.838127;22/Jul/2026:11:42:33.334131;22/Jul/2026:11:42:36.702464;22/Jul/2026:11:42:37.840884;22/Jul/2026:11:42:37.838249;22/Jul/2026:11:42:37.837510;22/Jul/2026:11:42:32.267426;22/Jul/2026:11:42:37.838543;22/Jul/2026:11:42:37.842800;22/Jul/2026:11:42:33.338648;22/Jul/2026:11:42:37.842443;22/Jul/2026:11:42:37.850194;22/Jul/2026:11:42:37.841524;22/Jul/2026:11:42:37.837873;22/Jul/2026:11:42:37.208126;22/Jul/2026:11:42:36.291430;22/Jul/2026:11:42:37.850440;22/Jul/2026:11:42:34.445581;22/Jul/2026:11:42:27.930477;22/Jul/2026:11:42:33.357712;22/Jul/2026:11:42:33.393586;22/Jul/2026:11:42:37.843967;22/Jul/2026:11:42:35.349364;22/Jul/2026:11:42:37.845233;22/Jul/2026:11:42:38.932813;22/Jul/2026:11:42:37.841949;22/Jul/2026:11:42:38.959626;22/Jul/2026:11:42:35.343811;22/Jul/2026:11:42:37.844182;22/Jul/2026:11:42:38.932008;22/Jul/2026:11:42:36.702814;22/Jul/2026:11:42:38.959539;22/Jul/2026:11:42:38.961020;22/Jul/2026:11:42:38.931782;22/Jul/2026:11:42:34.445381;22/Jul/2026:11:42:37.844981;22/Jul/2026:11:42:36.230044;22/Jul/2026:11:42:36.230587;22/Jul/2026:11:42:38.988617;22/Jul/2026:11:42:38.931944;22/Jul/2026:11:42:37.840315;22/Jul/2026:11:42:32.268277;22/Jul/2026:11:42:37.837934;22/Jul/2026:11:42:37.845120;22/Jul/2026:11:42:38.961102;22/Jul/2026:11:42:37.010597;22/Jul/2026:11:42:31.479327;22/Jul/2026:11:42:38.960698,4.4773;13.5667;6.3713;3.4929;1.1243;1.4611;0.0344;1.6082;0.0663;4.5762;1.2161;0.0847;0.0928;0.1121;5.7421;0.1853;0.1984;4.7732;0.2726;0.7965;0.8450;1.1327;1.7643;2.6819;1.1229;4.5277;11.0428;5.6208;5.5885;1.1451;3.6495;1.1607;0.0842;1.2249;0.1137;3.7347;1.2366;0.1615;2.4086;0.1792;0.1872;0.2287;4.7206;1.3374;2.9797;2.9864;0.2422;0.3214;1.4589;7.0505;1.7561;1.7595;0.6465;2.6455;8.1968;0.7234
8,5,315,success,None,22/Jul/2026:11:42:38.958439,22/Jul/2026:11:42:39.941487,0.9830,36,22/Jul/2026:11:42:37.837873;22/Jul/2026:11:42:37.208126;22/Jul/2026:11:42:36.291430;22/Jul/2026:11:42:37.850440;22/Jul/2026:11:42:34.445581;22/Jul/2026:11:42:27.930477;22/Jul/2026:11:42:33.357712;22/Jul/2026:11:42:33.393586;22/Jul/2026:11:42:37.843967;22/Jul/2026:11:42:35.349364;22/Jul/2026:11:42:37.845233;22/Jul/2026:11:42:38.932813;22/Jul/2026:11:42:37.841949;22/Jul/2026:11:42:38.959626;22/Jul/2026:11:42:35.343811;22/Jul/2026:11:42:37.844182;22/Jul/2026:11:42:38.932008;22/Jul/2026:11:42:36.702814;22/Jul/2026:11:42:38.959539;22/Jul/2026:11:42:38.961020;22/Jul/2026:11:42:38.931782;22/Jul/2026:11:42:34.445381;22/Jul/2026:11:42:37.844981;22/Jul/2026:11:42:36.230044;22/Jul/2026:11:42:36.230587;22/Jul/2026:11:42:38.988617;22/Jul/2026:11:42:38.931944;22/Jul/2026:11:42:37.840315;22/Jul/2026:11:42:32.268277;22/Jul/2026:11:42:37.837934;22/Jul/2026:11:42:37.845120;22/Jul/2026:11:42:38.961102;22/Jul/2026:11:42:37.010597;22/Jul/2026:11:42:31.479327;22/Jul/2026:11:42:38.960698;22/Jul/2026:11:42:36.231697,1.1327;1.7643;2.6819;1.1229;4.5277;11.0428;5.6208;5.5885;1.1451;3.6495;1.1607;0.0842;1.2249;0.1137;3.7347;1.2366;0.1615;2.4086;0.1792;0.1872;0.2287;4.7206;1.3374;2.9797;2.9864;0.2422;0.3214;1.4589;7.0505;1.7561;1.7595;0.6465;2.6455;8.1968;0.7234;3.4968
8,5,324,success,None,22/Jul/2026:11:42:38.984359,22/Jul/2026:11:42:40.001941,1.0176,28,22/Jul/2026:11:42:37.843967;22/Jul/2026:11:42:35.349364;22/Jul/2026:11:42:37.845233;22/Jul/2026:11:42:38.932813;22/Jul/2026:11:42:37.841949;22/Jul/2026:11:42:38.959626;22/Jul/2026:11:42:35.343811;22/Jul/2026:11:42:37.844182;22/Jul/2026:11:42:38.932008;22/Jul/2026:11:42:36.702814;22/Jul/2026:11:42:38.959539;22/Jul/2026:11:42:38.961020;22/Jul/2026:11:42:38.931782;22/Jul/2026:11:42:34.445381;22/Jul/2026:11:42:37.844981;22/Jul/2026:11:42:36.230044;22/Jul/2026:11:42:36.230587;22/Jul/2026:11:42:38.988617;22/Jul/2026:11:42:38.931944;22/Jul/2026:11:42:37.840315;22/Jul/2026:11:42:32.268277;22/Jul/2026:11:42:37.837934;22/Jul/2026:11:42:37.845120;22/Jul/2026:11:42:38.961102;22/Jul/2026:11:42:37.010597;22/Jul/2026:11:42:31.479327;22/Jul/2026:11:42:38.960698;22/Jul/2026:11:42:36.231697,1.1451;3.6495;1.1607;0.0842;1.2249;0.1137;3.7347;1.2366;0.1615;2.4086;0.1792;0.1872;0.2287;4.7206;1.3374;2.9797;2.9864;0.2422;0.3214;1.4589;7.0505;1.7561;1.7595;0.6465;2.6455;8.1968;0.7234;3.4968
8,5,212,success,None,22/Jul/2026:11:42:38.929985,22/Jul/2026:11:42:40.007680,1.0777,36,22/Jul/2026:11:42:37.837873;22/Jul/2026:11:42:37.208126;22/Jul/2026:11:42:36.291430;22/Jul/2026:11:42:37.850440;22/Jul/2026:11:42:34.445581;22/Jul/2026:11:42:27.930477;22/Jul/2026:11:42:33.357712;22/Jul/2026:11:42:33.393586;22/Jul/2026:11:42:37.843967;22/Jul/2026:11:42:35.349364;22/Jul/2026:11:42:37.845233;22/Jul/2026:11:42:38.932813;22/Jul/2026:11:42:37.841949;22/Jul/2026:11:42:38.959626;22/Jul/2026:11:42:35.343811;22/Jul/2026:11:42:37.844182;22/Jul/2026:11:42:38.932008;22/Jul/2026:11:42:36.702814;22/Jul/2026:11:42:38.959539;22/Jul/2026:11:42:38.961020;22/Jul/2026:11:42:38.931782;22/Jul/2026:11:42:34.445381;22/Jul/2026:11:42:37.844981;22/Jul/2026:11:42:36.230044;22/Jul/2026:11:42:36.230587;22/Jul/2026:11:42:38.988617;22/Jul/2026:11:42:38.931944;22/Jul/2026:11:42:37.840315;22/Jul/2026:11:42:32.268277;22/Jul/2026:11:42:37.837934;22/Jul/2026:11:42:37.845120;22/Jul/2026:11:42:38.961102;22/Jul/2026:11:42:37.010597;22/Jul/2026:11:42:31.479327;22/Jul/2026:11:42:38.960698;22/Jul/2026:11:42:36.231697,1.1327;1.7643;2.6819;1.1229;4.5277;11.0428;5.6208;5.5885;1.1451;3.6495;1.1607;0.0842;1.2249;0.1137;3.7347;1.2366;0.1615;2.4086;0.1792;0.1872;0.2287;4.7206;1.3374;2.9797;2.9864;0.2422;0.3214;1.4589;7.0505;1.7561;1.7595;0.6465;2.6455;8.1968;0.7234;3.4968
8,5,366,success,None,22/Jul/2026:11:42:39.280145,22/Jul/2026:11:42:40.082528,0.8024,9,22/Jul/2026:11:42:37.840315;22/Jul/2026:11:42:32.268277;22/Jul/2026:11:42:37.837934;22/Jul/2026:11:42:37.845120;22/Jul/2026:11:42:38.961102;22/Jul/2026:11:42:37.010597;22/Jul/2026:11:42:31.479327;22/Jul/2026:11:42:38.960698;22/Jul/2026:11:42:36.231697,1.4589;7.0505;1.7561;1.7595;0.6465;2.6455;8.1968;0.7234;3.4968
8,5,343,success,None,22/Jul/2026:11:42:39.005314,22/Jul/2026:11:42:40.228134,1.2228,26,22/Jul/2026:11:42:37.845233;22/Jul/2026:11:42:38.932813;22/Jul/2026:11:42:37.841949;22/Jul/2026:11:42:38.959626;22/Jul/2026:11:42:35.343811;22/Jul/2026:11:42:37.844182;22/Jul/2026:11:42:38.932008;22/Jul/2026:11:42:36.702814;22/Jul/2026:11:42:38.959539;22/Jul/2026:11:42:38.961020;22/Jul/2026:11:42:38.931782;22/Jul/2026:11:42:34.445381;22/Jul/2026:11:42:37.844981;22/Jul/2026:11:42:36.230044;22/Jul/2026:11:42:36.230587;22/Jul/2026:11:42:38.988617;22/Jul/2026:11:42:38.931944;22/Jul/2026:11:42:37.840315;22/Jul/2026:11:42:32.268277;22/Jul/2026:11:42:37.837934;22/Jul/2026:11:42:37.845120;22/Jul/2026:11:42:38.961102;22/Jul/2026:11:42:37.010597;22/Jul/2026:11:42:31.479327;22/Jul/2026:11:42:38.960698;22/Jul/2026:11:42:36.231697,1.1607;0.0842;1.2249;0.1137;3.7347;1.2366;0.1615;2.4086;0.1792;0.1872;0.2287;4.7206;1.3374;2.9797;2.9864;0.2422;0.3214;1.4589;7.0505;1.7561;1.7595;0.6465;2.6455;8.1968;0.7234;3.4968
8,5,334,success,None,22/Jul/2026:11:42:38.986211,22/Jul/2026:11:42:40.297327,1.3111,28,22/Jul/2026:11:42:37.843967;22/Jul/2026:11:42:35.349364;22/Jul/2026:11:42:37.845233;22/Jul/2026:11:42:38.932813;22/Jul/2026:11:42:37.841949;22/Jul/2026:11:42:38.959626;22/Jul/2026:11:42:35.343811;22/Jul/2026:11:42:37.844182;22/Jul/2026:11:42:38.932008;22/Jul/2026:11:42:36.702814;22/Jul/2026:11:42:38.959539;22/Jul/2026:11:42:38.961020;22/Jul/2026:11:42:38.931782;22/Jul/2026:11:42:34.445381;22/Jul/2026:11:42:37.844981;22/Jul/2026:11:42:36.230044;22/Jul/2026:11:42:36.230587;22/Jul/2026:11:42:38.988617;22/Jul/2026:11:42:38.931944;22/Jul/2026:11:42:37.840315;22/Jul/2026:11:42:32.268277;22/Jul/2026:11:42:37.837934;22/Jul/2026:11:42:37.845120;22/Jul/2026:11:42:38.961102;22/Jul/2026:11:42:37.010597;22/Jul/2026:11:42:31.479327;22/Jul/2026:11:42:38.960698;22/Jul/2026:11:42:36.231697,1.1451;3.6495;1.1607;0.0842;1.2249;0.1137;3.7347;1.2366;0.1615;2.4086;0.1792;0.1872;0.2287;4.7206;1.3374;2.9797;2.9864;0.2422;0.3214;1.4589;7.0505;1.7561;1.7595;0.6465;2.6455;8.1968;0.7234;3.4968
8,5,415,success,None,22/Jul/2026:11:42:39.387926,22/Jul/2026:11:42:40.319635,0.9317,7,22/Jul/2026:11:42:37.837934;22/Jul/2026:11:42:37.845120;22/Jul/2026:11:42:38.961102;22/Jul/2026:11:42:37.010597;22/Jul/2026:11:42:31.479327;22/Jul/2026:11:42:38.960698;22/Jul/2026:11:42:36.231697,1.7561;1.7595;0.6465;2.6455;8.1968;0.7234;3.4968
9,5,61,success,None,22/Jul/2026:11:42:40.332883,22/Jul/2026:11:42:41.402256,1.0694,54,22/Jul/2026:11:42:33.345870;22/Jul/2026:11:42:31.508262;22/Jul/2026:11:42:38.988459;22/Jul/2026:11:42:38.990398;22/Jul/2026:11:42:39.281598;22/Jul/2026:11:42:38.932532;22/Jul/2026:11:42:37.850720;22/Jul/2026:11:42:39.389258;22/Jul/2026:11:42:40.334239;22/Jul/2026:11:42:40.335225;22/Jul/2026:11:42:37.843733;22/Jul/2026:11:42:33.337291;22/Jul/2026:11:42:38.932213;22/Jul/2026:11:42:37.008785;22/Jul/2026:11:42:35.341194;22/Jul/2026:11:42:40.334360;22/Jul/2026:11:42:40.334743;22/Jul/2026:11:42:40.339161;22/Jul/2026:11:42:32.267505;22/Jul/2026:11:42:40.340831;22/Jul/2026:11:42:33.337097;22/Jul/2026:11:42:37.843615;22/Jul/2026:11:42:36.743088;22/Jul/2026:11:42:40.339813;22/Jul/2026:11:42:40.340703;22/Jul/2026:11:42:38.991022;22/Jul/2026:11:42:40.334639;22/Jul/2026:11:42:40.340754;22/Jul/2026:11:42:37.843327;22/Jul/2026:11:42:38.935786;22/Jul/2026:11:42:37.010002;22/Jul/2026:11:42:40.341016;22/Jul/2026:11:42:40.338960;22/Jul/2026:11:42:40.339408;22/Jul/2026:11:42:40.334969;22/Jul/2026:11:42:30.415035;22/Jul/2026:11:42:40.339454;22/Jul/2026:11:42:40.343765;22/Jul/2026:11:42:38.990952;22/Jul/2026:11:42:40.339009;22/Jul/2026:11:42:37.207778;22/Jul/2026:11:42:31.508647;22/Jul/2026:11:42:40.339845;22/Jul/2026:11:42:36.743596;22/Jul/2026:11:42:40.338708;22/Jul/2026:11:42:40.339875;22/Jul/2026:11:42:37.846314;22/Jul/2026:11:42:38.932881;22/Jul/2026:11:42:40.335832;22/Jul/2026:11:42:40.335426;22/Jul/2026:11:42:31.563691;22/Jul/2026:11:42:37.208009;22/Jul/2026:11:42:37.837407;22/Jul/2026:11:42:40.340515,7.0003;8.8379;1.3668;1.3684;1.0780;1.4283;2.5161;0.9799;0.0712;0.0858;2.5898;7.0964;1.5027;3.4409;5.1263;0.1690;0.1852;0.2195;8.3139;0.2635;7.2941;2.8024;3.9329;0.3618;0.4345;1.9550;0.6415;0.6554;3.1547;2.0864;4.0126;0.6902;0.6997;0.7095;0.7322;10.6552;0.7683;0.7720;2.1423;0.8154;3.9665;9.6833;0.8553;4.4615;0.8933;0.8991;3.3947;2.3129;0.9125;0.9133;9.7158;4.0841;3.4613;0.9582
9,5,51,success,None,22/Jul/2026:11:42:40.332714,22/Jul/2026:11:42:41.486091,1.1534,59,22/Jul/2026:11:42:33.345870;22/Jul/2026:11:42:31.508262;22/Jul/2026:11:42:38.988459;22/Jul/2026:11:42:38.990398;22/Jul/2026:11:42:39.281598;22/Jul/2026:11:42:38.932532;22/Jul/2026:11:42:37.850720;22/Jul/2026:11:42:39.389258;22/Jul/2026:11:42:40.334239;22/Jul/2026:11:42:40.335225;22/Jul/2026:11:42:37.843733;22/Jul/2026:11:42:33.337291;22/Jul/2026:11:42:38.932213;22/Jul/2026:11:42:37.008785;22/Jul/2026:11:42:35.341194;22/Jul/2026:11:42:40.334360;22/Jul/2026:11:42:40.334743;22/Jul/2026:11:42:40.339161;22/Jul/2026:11:42:32.267505;22/Jul/2026:11:42:40.340831;22/Jul/2026:11:42:33.337097;22/Jul/2026:11:42:37.843615;22/Jul/2026:11:42:36.743088;22/Jul/2026:11:42:40.339813;22/Jul/2026:11:42:40.340703;22/Jul/2026:11:42:38.991022;22/Jul/2026:11:42:40.334639;22/Jul/2026:11:42:40.340754;22/Jul/2026:11:42:37.843327;22/Jul/2026:11:42:38.935786;22/Jul/2026:11:42:37.010002;22/Jul/2026:11:42:40.341016;22/Jul/2026:11:42:40.338960;22/Jul/2026:11:42:40.339408;22/Jul/2026:11:42:40.334969;22/Jul/2026:11:42:30.415035;22/Jul/2026:11:42:40.339454;22/Jul/2026:11:42:40.343765;22/Jul/2026:11:42:38.990952;22/Jul/2026:11:42:40.339009;22/Jul/2026:11:42:37.207778;22/Jul/2026:11:42:31.508647;22/Jul/2026:11:42:40.339845;22/Jul/2026:11:42:36.743596;22/Jul/2026:11:42:40.338708;22/Jul/2026:11:42:40.339875;22/Jul/2026:11:42:37.846314;22/Jul/2026:11:42:38.932881;22/Jul/2026:11:42:40.335832;22/Jul/2026:11:42:40.335426;22/Jul/2026:11:42:31.563691;22/Jul/2026:11:42:37.208009;22/Jul/2026:11:42:37.837407;22/Jul/2026:11:42:40.340515;22/Jul/2026:11:42:40.334042;22/Jul/2026:11:42:37.846285;22/Jul/2026:11:42:37.846613;22/Jul/2026:11:42:37.841720;22/Jul/2026:11:42:31.480529,7.0003;8.8379;1.3668;1.3684;1.0780;1.4283;2.5161;0.9799;0.0712;0.0858;2.5898;7.0964;1.5027;3.4409;5.1263;0.1690;0.1852;0.2195;8.3139;0.2635;7.2941;2.8024;3.9329;0.3618;0.4345;1.9550;0.6415;0.6554;3.1547;2.0864;4.0126;0.6902;0.6997;0.7095;0.7322;10.6552;0.7683;0.7720;2.1423;0.8154;3.9665;9.6833;0.8553;4.4615;0.8933;0.8991;3.3947;2.3129;0.9125;0.9133;9.7158;4.0841;3.4613;0.9582;1.0839;3.5717;3.5719;3.5824;9.9624
9,5,76,success,None,22/Jul/2026:11:42:40.333002,22/Jul/2026:11:42:41.501365,1.1684,60,22/Jul/2026:11:42:33.345870;22/Jul/2026:11:42:31.508262;22/Jul/2026:11:42:38.988459;22/Jul/2026:11:42:38.990398;22/Jul/2026:11:42:39.281598;22/Jul/2026:11:42:38.932532;22/Jul/2026:11:42:37.850720;22/Jul/2026:11:42:39.389258;22/Jul/2026:11:42:40.334239;22/Jul/2026:11:42:40.335225;22/Jul/2026:11:42:37.843733;22/Jul/2026:11:42:33.337291;22/Jul/2026:11:42:38.932213;22/Jul/2026:11:42:37.008785;22/Jul/2026:11:42:35.341194;22/Jul/2026:11:42:40.334360;22/Jul/2026:11:42:40.334743;22/Jul/2026:11:42:40.339161;22/Jul/2026:11:42:32.267505;22/Jul/2026:11:42:40.340831;22/Jul/2026:11:42:33.337097;22/Jul/2026:11:42:37.843615;22/Jul/2026:11:42:36.743088;22/Jul/2026:11:42:40.339813;22/Jul/2026:11:42:40.340703;22/Jul/2026:11:42:38.991022;22/Jul/2026:11:42:40.334639;22/Jul/2026:11:42:40.340754;22/Jul/2026:11:42:37.843327;22/Jul/2026:11:42:38.935786;22/Jul/2026:11:42:37.010002;22/Jul/2026:11:42:40.341016;22/Jul/2026:11:42:40.338960;22/Jul/2026:11:42:40.339408;22/Jul/2026:11:42:40.334969;22/Jul/2026:11:42:30.415035;22/Jul/2026:11:42:40.339454;22/Jul/2026:11:42:40.343765;22/Jul/2026:11:42:38.990952;22/Jul/2026:11:42:40.339009;22/Jul/2026:11:42:37.207778;22/Jul/2026:11:42:31.508647;22/Jul/2026:11:42:40.339845;22/Jul/2026:11:42:36.743596;22/Jul/2026:11:42:40.338708;22/Jul/2026:11:42:40.339875;22/Jul/2026:11:42:37.846314;22/Jul/2026:11:42:38.932881;22/Jul/2026:11:42:40.335832;22/Jul/2026:11:42:40.335426;22/Jul/2026:11:42:31.563691;22/Jul/2026:11:42:37.208009;22/Jul/2026:11:42:37.837407;22/Jul/2026:11:42:40.340515;22/Jul/2026:11:42:40.334042;22/Jul/2026:11:42:37.846285;22/Jul/2026:11:42:37.846613;22/Jul/2026:11:42:37.841720;22/Jul/2026:11:42:31.480529;22/Jul/2026:11:42:41.405213,7.0003;8.8379;1.3668;1.3684;1.0780;1.4283;2.5161;0.9799;0.0712;0.0858;2.5898;7.0964;1.5027;3.4409;5.1263;0.1690;0.1852;0.2195;8.3139;0.2635;7.2941;2.8024;3.9329;0.3618;0.4345;1.9550;0.6415;0.6554;3.1547;2.0864;4.0126;0.6902;0.6997;0.7095;0.7322;10.6552;0.7683;0.7720;2.1423;0.8154;3.9665;9.6833;0.8553;4.4615;0.8933;0.8991;3.3947;2.3129;0.9125;0.9133;9.7158;4.0841;3.4613;0.9582;1.0839;3.5717;3.5719;3.5824;9.9624;0.0953
9,5,25,success,None,22/Jul/2026:11:42:40.332538,22/Jul/2026:11:42:41.551073,1.2185,64,22/Jul/2026:11:42:33.345870;22/Jul/2026:11:42:31.508262;22/Jul/2026:11:42:38.988459;22/Jul/2026:11:42:38.990398;22/Jul/2026:11:42:39.281598;22/Jul/2026:11:42:38.932532;22/Jul/2026:11:42:37.850720;22/Jul/2026:11:42:39.389258;22/Jul/2026:11:42:40.334239;22/Jul/2026:11:42:40.335225;22/Jul/2026:11:42:37.843733;22/Jul/2026:11:42:33.337291;22/Jul/2026:11:42:38.932213;22/Jul/2026:11:42:37.008785;22/Jul/2026:11:42:35.341194;22/Jul/2026:11:42:40.334360;22/Jul/2026:11:42:40.334743;22/Jul/2026:11:42:40.339161;22/Jul/2026:11:42:32.267505;22/Jul/2026:11:42:40.340831;22/Jul/2026:11:42:33.337097;22/Jul/2026:11:42:37.843615;22/Jul/2026:11:42:36.743088;22/Jul/2026:11:42:40.339813;22/Jul/2026:11:42:40.340703;22/Jul/2026:11:42:38.991022;22/Jul/2026:11:42:40.334639;22/Jul/2026:11:42:40.340754;22/Jul/2026:11:42:37.843327;22/Jul/2026:11:42:38.935786;22/Jul/2026:11:42:37.010002;22/Jul/2026:11:42:40.341016;22/Jul/2026:11:42:40.338960;22/Jul/2026:11:42:40.339408;22/Jul/2026:11:42:40.334969;22/Jul/2026:11:42:30.415035;22/Jul/2026:11:42:40.339454;22/Jul/2026:11:42:40.343765;22/Jul/2026:11:42:38.990952;22/Jul/2026:11:42:40.339009;22/Jul/2026:11:42:37.207778;22/Jul/2026:11:42:31.508647;22/Jul/2026:11:42:40.339845;22/Jul/2026:11:42:36.743596;22/Jul/2026:11:42:40.338708;22/Jul/2026:11:42:40.339875;22/Jul/2026:11:42:37.846314;22/Jul/2026:11:42:38.932881;22/Jul/2026:11:42:40.335832;22/Jul/2026:11:42:40.335426;22/Jul/2026:11:42:31.563691;22/Jul/2026:11:42:37.208009;22/Jul/2026:11:42:37.837407;22/Jul/2026:11:42:40.340515;22/Jul/2026:11:42:40.334042;22/Jul/2026:11:42:37.846285;22/Jul/2026:11:42:37.846613;22/Jul/2026:11:42:37.841720;22/Jul/2026:11:42:31.480529;22/Jul/2026:11:42:41.405213;22/Jul/2026:11:42:40.341826;22/Jul/2026:11:42:41.505275;22/Jul/2026:11:42:40.335120;22/Jul/2026:11:42:41.488404,7.0003;8.8379;1.3668;1.3684;1.0780;1.4283;2.5161;0.9799;0.0712;0.0858;2.5898;7.0964;1.5027;3.4409;5.1263;0.1690;0.1852;0.2195;8.3139;0.2635;7.2941;2.8024;3.9329;0.3618;0.4345;1.9550;0.6415;0.6554;3.1547;2.0864;4.0126;0.6902;0.6997;0.7095;0.7322;10.6552;0.7683;0.7720;2.1423;0.8154;3.9665;9.6833;0.8553;4.4615;0.8933;0.8991;3.3947;2.3129;0.9125;0.9133;9.7158;4.0841;3.4613;0.9582;1.0839;3.5717;3.5719;3.5824;9.9624;0.0953;1.1635;0.0092;1.2080;0.0616
9,5,151,success,None,22/Jul/2026:11:42:40.333330,22/Jul/2026:11:42:41.614921,1.2816,67,22/Jul/2026:11:42:33.345870;22/Jul/2026:11:42:31.508262;22/Jul/2026:11:42:38.988459;22/Jul/2026:11:42:38.990398;22/Jul/2026:11:42:39.281598;22/Jul/2026:11:42:38.932532;22/Jul/2026:11:42:37.850720;22/Jul/2026:11:42:39.389258;22/Jul/2026:11:42:40.334239;22/Jul/2026:11:42:40.335225;22/Jul/2026:11:42:37.843733;22/Jul/2026:11:42:33.337291;22/Jul/2026:11:42:38.932213;22/Jul/2026:11:42:37.008785;22/Jul/2026:11:42:35.341194;22/Jul/2026:11:42:40.334360;22/Jul/2026:11:42:40.334743;22/Jul/2026:11:42:40.339161;22/Jul/2026:11:42:32.267505;22/Jul/2026:11:42:40.340831;22/Jul/2026:11:42:33.337097;22/Jul/2026:11:42:37.843615;22/Jul/2026:11:42:36.743088;22/Jul/2026:11:42:40.339813;22/Jul/2026:11:42:40.340703;22/Jul/2026:11:42:38.991022;22/Jul/2026:11:42:40.334639;22/Jul/2026:11:42:40.340754;22/Jul/2026:11:42:37.843327;22/Jul/2026:11:42:38.935786;22/Jul/2026:11:42:37.010002;22/Jul/2026:11:42:40.341016;22/Jul/2026:11:42:40.338960;22/Jul/2026:11:42:40.339408;22/Jul/2026:11:42:40.334969;22/Jul/2026:11:42:30.415035;22/Jul/2026:11:42:40.339454;22/Jul/2026:11:42:40.343765;22/Jul/2026:11:42:38.990952;22/Jul/2026:11:42:40.339009;22/Jul/2026:11:42:37.207778;22/Jul/2026:11:42:31.508647;22/Jul/2026:11:42:40.339845;22/Jul/2026:11:42:36.743596;22/Jul/2026:11:42:40.338708;22/Jul/2026:11:42:40.339875;22/Jul/2026:11:42:37.846314;22/Jul/2026:11:42:38.932881;22/Jul/2026:11:42:40.335832;22/Jul/2026:11:42:40.335426;22/Jul/2026:11:42:31.563691;22/Jul/2026:11:42:37.208009;22/Jul/2026:11:42:37.837407;22/Jul/2026:11:42:40.340515;22/Jul/2026:11:42:40.334042;22/Jul/2026:11:42:37.846285;22/Jul/2026:11:42:37.846613;22/Jul/2026:11:42:37.841720;22/Jul/2026:11:42:31.480529;22/Jul/2026:11:42:41.405213;22/Jul/2026:11:42:40.341826;22/Jul/2026:11:42:41.505275;22/Jul/2026:11:42:40.335120;22/Jul/2026:11:42:41.488404;22/Jul/2026:11:42:31.564326;22/Jul/2026:11:42:37.847042;22/Jul/2026:11:42:38.990987,7.0003;8.8379;1.3668;1.3684;1.0780;1.4283;2.5161;0.9799;0.0712;0.0858;2.5898;7.0964;1.5027;3.4409;5.1263;0.1690;0.1852;0.2195;8.3139;0.2635;7.2941;2.8024;3.9329;0.3618;0.4345;1.9550;0.6415;0.6554;3.1547;2.0864;4.0126;0.6902;0.6997;0.7095;0.7322;10.6552;0.7683;0.7720;2.1423;0.8154;3.9665;9.6833;0.8553;4.4615;0.8933;0.8991;3.3947;2.3129;0.9125;0.9133;9.7158;4.0841;3.4613;0.9582;1.0839;3.5717;3.5719;3.5824;9.9624;0.0953;1.1635;0.0092;1.2080;0.0616;9.9902;3.7053;2.6189
9,5,133,success,None,22/Jul/2026:11:42:40.333113,22/Jul/2026:11:42:41.751485,1.4184,70,22/Jul/2026:11:42:33.345870;22/Jul/2026:11:42:31.508262;22/Jul/2026:11:42:38.988459;22/Jul/2026:11:42:38.990398;22/Jul/2026:11:42:39.281598;22/Jul/2026:11:42:38.932532;22/Jul/2026:11:42:37.850720;22/Jul/2026:11:42:39.389258;22/Jul/2026:11:42:40.334239;22/Jul/2026:11:42:40.335225;22/Jul/2026:11:42:37.843733;22/Jul/2026:11:42:33.337291;22/Jul/2026:11:42:38.932213;22/Jul/2026:11:42:37.008785;22/Jul/2026:11:42:35.341194;22/Jul/2026:11:42:40.334360;22/Jul/2026:11:42:40.334743;22/Jul/2026:11:42:40.339161;22/Jul/2026:11:42:32.267505;22/Jul/2026:11:42:40.340831;22/Jul/2026:11:42:33.337097;22/Jul/2026:11:42:37.843615;22/Jul/2026:11:42:36.743088;22/Jul/2026:11:42:40.339813;22/Jul/2026:11:42:40.340703;22/Jul/2026:11:42:38.991022;22/Jul/2026:11:42:40.334639;22/Jul/2026:11:42:40.340754;22/Jul/2026:11:42:37.843327;22/Jul/2026:11:42:38.935786;22/Jul/2026:11:42:37.010002;22/Jul/2026:11:42:40.341016;22/Jul/2026:11:42:40.338960;22/Jul/2026:11:42:40.339408;22/Jul/2026:11:42:40.334969;22/Jul/2026:11:42:30.415035;22/Jul/2026:11:42:40.339454;22/Jul/2026:11:42:40.343765;22/Jul/2026:11:42:38.990952;22/Jul/2026:11:42:40.339009;22/Jul/2026:11:42:37.207778;22/Jul/2026:11:42:31.508647;22/Jul/2026:11:42:40.339845;22/Jul/2026:11:42:36.743596;22/Jul/2026:11:42:40.338708;22/Jul/2026:11:42:40.339875;22/Jul/2026:11:42:37.846314;22/Jul/2026:11:42:38.932881;22/Jul/2026:11:42:40.335832;22/Jul/2026:11:42:40.335426;22/Jul/2026:11:42:31.563691;22/Jul/2026:11:42:37.208009;22/Jul/2026:11:42:37.837407;22/Jul/2026:11:42:40.340515;22/Jul/2026:11:42:40.334042;22/Jul/2026:11:42:37.846285;22/Jul/2026:11:42:37.846613;22/Jul/2026:11:42:37.841720;22/Jul/2026:11:42:31.480529;22/Jul/2026:11:42:41.405213;22/Jul/2026:11:42:40.341826;22/Jul/2026:11:42:41.505275;22/Jul/2026:11:42:40.335120;22/Jul/2026:11:42:41.488404;22/Jul/2026:11:42:31.564326;22/Jul/2026:11:42:37.847042;22/Jul/2026:11:42:38.990987;22/Jul/2026:11:42:36.410822;22/Jul/2026:11:42:37.842062;22/Jul/2026:11:42:31.418498,7.0003;8.8379;1.3668;1.3684;1.0780;1.4283;2.5161;0.9799;0.0712;0.0858;2.5898;7.0964;1.5027;3.4409;5.1263;0.1690;0.1852;0.2195;8.3139;0.2635;7.2941;2.8024;3.9329;0.3618;0.4345;1.9550;0.6415;0.6554;3.1547;2.0864;4.0126;0.6902;0.6997;0.7095;0.7322;10.6552;0.7683;0.7720;2.1423;0.8154;3.9665;9.6833;0.8553;4.4615;0.8933;0.8991;3.3947;2.3129;0.9125;0.9133;9.7158;4.0841;3.4613;0.9582;1.0839;3.5717;3.5719;3.5824;9.9624;0.0953;1.1635;0.0092;1.2080;0.0616;9.9902;3.7053;2.6189;5.2504;3.8210;10.2720
9,5,161,success,None,22/Jul/2026:11:42:40.333435,22/Jul/2026:11:42:42.069869,1.7364,85,22/Jul/2026:11:42:33.345870;22/Jul/2026:11:42:31.508262;22/Jul/2026:11:42:38.988459;22/Jul/2026:11:42:38.990398;22/Jul/2026:11:42:39.281598;22/Jul/2026:11:42:38.932532;22/Jul/2026:11:42:37.850720;22/Jul/2026:11:42:39.389258;22/Jul/2026:11:42:40.334239;22/Jul/2026:11:42:40.335225;22/Jul/2026:11:42:37.843733;22/Jul/2026:11:42:33.337291;22/Jul/2026:11:42:38.932213;22/Jul/2026:11:42:37.008785;22/Jul/2026:11:42:35.341194;22/Jul/2026:11:42:40.334360;22/Jul/2026:11:42:40.334743;22/Jul/2026:11:42:40.339161;22/Jul/2026:11:42:32.267505;22/Jul/2026:11:42:40.340831;22/Jul/2026:11:42:33.337097;22/Jul/2026:11:42:37.843615;22/Jul/2026:11:42:36.743088;22/Jul/2026:11:42:40.339813;22/Jul/2026:11:42:40.340703;22/Jul/2026:11:42:38.991022;22/Jul/2026:11:42:40.334639;22/Jul/2026:11:42:40.340754;22/Jul/2026:11:42:37.843327;22/Jul/2026:11:42:38.935786;22/Jul/2026:11:42:37.010002;22/Jul/2026:11:42:40.341016;22/Jul/2026:11:42:40.338960;22/Jul/2026:11:42:40.339408;22/Jul/2026:11:42:40.334969;22/Jul/2026:11:42:30.415035;22/Jul/2026:11:42:40.339454;22/Jul/2026:11:42:40.343765;22/Jul/2026:11:42:38.990952;22/Jul/2026:11:42:40.339009;22/Jul/2026:11:42:37.207778;22/Jul/2026:11:42:31.508647;22/Jul/2026:11:42:40.339845;22/Jul/2026:11:42:36.743596;22/Jul/2026:11:42:40.338708;22/Jul/2026:11:42:40.339875;22/Jul/2026:11:42:37.846314;22/Jul/2026:11:42:38.932881;22/Jul/2026:11:42:40.335832;22/Jul/2026:11:42:40.335426;22/Jul/2026:11:42:31.563691;22/Jul/2026:11:42:37.208009;22/Jul/2026:11:42:37.837407;22/Jul/2026:11:42:40.340515;22/Jul/2026:11:42:40.334042;22/Jul/2026:11:42:37.846285;22/Jul/2026:11:42:37.846613;22/Jul/2026:11:42:37.841720;22/Jul/2026:11:42:31.480529;22/Jul/2026:11:42:41.405213;22/Jul/2026:11:42:40.341826;22/Jul/2026:11:42:41.505275;22/Jul/2026:11:42:40.335120;22/Jul/2026:11:42:41.488404;22/Jul/2026:11:42:31.564326;22/Jul/2026:11:42:37.847042;22/Jul/2026:11:42:38.990987;22/Jul/2026:11:42:36.410822;22/Jul/2026:11:42:37.842062;22/Jul/2026:11:42:31.418498;22/Jul/2026:11:42:38.988122;22/Jul/2026:11:42:40.343711;22/Jul/2026:11:42:39.388796;22/Jul/2026:11:42:40.339362;22/Jul/2026:11:42:41.504547;22/Jul/2026:11:42:41.505203;22/Jul/2026:11:42:40.343010;22/Jul/2026:11:42:40.342382;22/Jul/2026:11:42:35.347495;22/Jul/2026:11:42:37.850224;22/Jul/2026:11:42:33.374473;22/Jul/2026:11:42:37.841834;22/Jul/2026:11:42:41.405572;22/Jul/2026:11:42:40.340729;22/Jul/2026:11:42:41.405716,7.0003;8.8379;1.3668;1.3684;1.0780;1.4283;2.5161;0.9799;0.0712;0.0858;2.5898;7.0964;1.5027;3.4409;5.1263;0.1690;0.1852;0.2195;8.3139;0.2635;7.2941;2.8024;3.9329;0.3618;0.4345;1.9550;0.6415;0.6554;3.1547;2.0864;4.0126;0.6902;0.6997;0.7095;0.7322;10.6552;0.7683;0.7720;2.1423;0.8154;3.9665;9.6833;0.8553;4.4615;0.8933;0.8991;3.3947;2.3129;0.9125;0.9133;9.7158;4.0841;3.4613;0.9582;1.0839;3.5717;3.5719;3.5824;9.9624;0.0953;1.1635;0.0092;1.2080;0.0616;9.9902;3.7053;2.6189;5.2504;3.8210;10.2720;2.8168;1.4649;2.4207;1.4756;0.3251;0.3298;1.5179;1.5573;6.6044;4.1195;8.6296;4.1701;0.6109;1.6823;0.6408
9,5,212,success,None,22/Jul/2026:11:42:40.333770,22/Jul/2026:11:42:42.329124,1.9954,88,22/Jul/2026:11:42:33.345870;22/Jul/2026:11:42:31.508262;22/Jul/2026:11:42:38.988459;22/Jul/2026:11:42:38.990398;22/Jul/2026:11:42:39.281598;22/Jul/2026:11:42:38.932532;22/Jul/2026:11:42:37.850720;22/Jul/2026:11:42:39.389258;22/Jul/2026:11:42:40.334239;22/Jul/2026:11:42:40.335225;22/Jul/2026:11:42:37.843733;22/Jul/2026:11:42:33.337291;22/Jul/2026:11:42:38.932213;22/Jul/2026:11:42:37.008785;22/Jul/2026:11:42:35.341194;22/Jul/2026:11:42:40.334360;22/Jul/2026:11:42:40.334743;22/Jul/2026:11:42:40.339161;22/Jul/2026:11:42:32.267505;22/Jul/2026:11:42:40.340831;22/Jul/2026:11:42:33.337097;22/Jul/2026:11:42:37.843615;22/Jul/2026:11:42:36.743088;22/Jul/2026:11:42:40.339813;22/Jul/2026:11:42:40.340703;22/Jul/2026:11:42:38.991022;22/Jul/2026:11:42:40.334639;22/Jul/2026:11:42:40.340754;22/Jul/2026:11:42:37.843327;22/Jul/2026:11:42:38.935786;22/Jul/2026:11:42:37.010002;22/Jul/2026:11:42:40.341016;22/Jul/2026:11:42:40.338960;22/Jul/2026:11:42:40.339408;22/Jul/2026:11:42:40.334969;22/Jul/2026:11:42:30.415035;22/Jul/2026:11:42:40.339454;22/Jul/2026:11:42:40.343765;22/Jul/2026:11:42:38.990952;22/Jul/2026:11:42:40.339009;22/Jul/2026:11:42:37.207778;22/Jul/2026:11:42:31.508647;22/Jul/2026:11:42:40.339845;22/Jul/2026:11:42:36.743596;22/Jul/2026:11:42:40.338708;22/Jul/2026:11:42:40.339875;22/Jul/2026:11:42:37.846314;22/Jul/2026:11:42:38.932881;22/Jul/2026:11:42:40.335832;22/Jul/2026:11:42:40.335426;22/Jul/2026:11:42:31.563691;22/Jul/2026:11:42:37.208009;22/Jul/2026:11:42:37.837407;22/Jul/2026:11:42:40.340515;22/Jul/2026:11:42:40.334042;22/Jul/2026:11:42:37.846285;22/Jul/2026:11:42:37.846613;22/Jul/2026:11:42:37.841720;22/Jul/2026:11:42:31.480529;22/Jul/2026:11:42:41.405213;22/Jul/2026:11:42:40.341826;22/Jul/2026:11:42:41.505275;22/Jul/2026:11:42:40.335120;22/Jul/2026:11:42:41.488404;22/Jul/2026:11:42:31.564326;22/Jul/2026:11:42:37.847042;22/Jul/2026:11:42:38.990987;22/Jul/2026:11:42:36.410822;22/Jul/2026:11:42:37.842062;22/Jul/2026:11:42:31.418498;22/Jul/2026:11:42:38.988122;22/Jul/2026:11:42:40.343711;22/Jul/2026:11:42:39.388796;22/Jul/2026:11:42:40.339362;22/Jul/2026:11:42:41.504547;22/Jul/2026:11:42:41.505203;22/Jul/2026:11:42:40.343010;22/Jul/2026:11:42:40.342382;22/Jul/2026:11:42:35.347495;22/Jul/2026:11:42:37.850224;22/Jul/2026:11:42:33.374473;22/Jul/2026:11:42:37.841834;22/Jul/2026:11:42:41.405572;22/Jul/2026:11:42:40.340729;22/Jul/2026:11:42:41.405716;22/Jul/2026:11:42:40.342180;22/Jul/2026:11:42:37.209045;22/Jul/2026:11:42:35.339644,7.0003;8.8379;1.3668;1.3684;1.0780;1.4283;2.5161;0.9799;0.0712;0.0858;2.5898;7.0964;1.5027;3.4409;5.1263;0.1690;0.1852;0.2195;8.3139;0.2635;7.2941;2.8024;3.9329;0.3618;0.4345;1.9550;0.6415;0.6554;3.1547;2.0864;4.0126;0.6902;0.6997;0.7095;0.7322;10.6552;0.7683;0.7720;2.1423;0.8154;3.9665;9.6833;0.8553;4.4615;0.8933;0.8991;3.3947;2.3129;0.9125;0.9133;9.7158;4.0841;3.4613;0.9582;1.0839;3.5717;3.5719;3.5824;9.9624;0.0953;1.1635;0.0092;1.2080;0.0616;9.9902;3.7053;2.6189;5.2504;3.8210;10.2720;2.8168;1.4649;2.4207;1.4756;0.3251;0.3298;1.5179;1.5573;6.6044;4.1195;8.6296;4.1701;0.6109;1.6823;0.6408;1.7993;4.9414;6.8321
9,5,203,success,None,22/Jul/2026:11:42:40.333659,22/Jul/2026:11:42:42.357750,2.0241,88,22/Jul/2026:11:42:33.345870;22/Jul/2026:11:42:31.508262;22/Jul/2026:11:42:38.988459;22/Jul/2026:11:42:38.990398;22/Jul/2026:11:42:39.281598;22/Jul/2026:11:42:38.932532;22/Jul/2026:11:42:37.850720;22/Jul/2026:11:42:39.389258;22/Jul/2026:11:42:40.334239;22/Jul/2026:11:42:40.335225;22/Jul/2026:11:42:37.843733;22/Jul/2026:11:42:33.337291;22/Jul/2026:11:42:38.932213;22/Jul/2026:11:42:37.008785;22/Jul/2026:11:42:35.341194;22/Jul/2026:11:42:40.334360;22/Jul/2026:11:42:40.334743;22/Jul/2026:11:42:40.339161;22/Jul/2026:11:42:32.267505;22/Jul/2026:11:42:40.340831;22/Jul/2026:11:42:33.337097;22/Jul/2026:11:42:37.843615;22/Jul/2026:11:42:36.743088;22/Jul/2026:11:42:40.339813;22/Jul/2026:11:42:40.340703;22/Jul/2026:11:42:38.991022;22/Jul/2026:11:42:40.334639;22/Jul/2026:11:42:40.340754;22/Jul/2026:11:42:37.843327;22/Jul/2026:11:42:38.935786;22/Jul/2026:11:42:37.010002;22/Jul/2026:11:42:40.341016;22/Jul/2026:11:42:40.338960;22/Jul/2026:11:42:40.339408;22/Jul/2026:11:42:40.334969;22/Jul/2026:11:42:30.415035;22/Jul/2026:11:42:40.339454;22/Jul/2026:11:42:40.343765;22/Jul/2026:11:42:38.990952;22/Jul/2026:11:42:40.339009;22/Jul/2026:11:42:37.207778;22/Jul/2026:11:42:31.508647;22/Jul/2026:11:42:40.339845;22/Jul/2026:11:42:36.743596;22/Jul/2026:11:42:40.338708;22/Jul/2026:11:42:40.339875;22/Jul/2026:11:42:37.846314;22/Jul/2026:11:42:38.932881;22/Jul/2026:11:42:40.335832;22/Jul/2026:11:42:40.335426;22/Jul/2026:11:42:31.563691;22/Jul/2026:11:42:37.208009;22/Jul/2026:11:42:37.837407;22/Jul/2026:11:42:40.340515;22/Jul/2026:11:42:40.334042;22/Jul/2026:11:42:37.846285;22/Jul/2026:11:42:37.846613;22/Jul/2026:11:42:37.841720;22/Jul/2026:11:42:31.480529;22/Jul/2026:11:42:41.405213;22/Jul/2026:11:42:40.341826;22/Jul/2026:11:42:41.505275;22/Jul/2026:11:42:40.335120;22/Jul/2026:11:42:41.488404;22/Jul/2026:11:42:31.564326;22/Jul/2026:11:42:37.847042;22/Jul/2026:11:42:38.990987;22/Jul/2026:11:42:36.410822;22/Jul/2026:11:42:37.842062;22/Jul/2026:11:42:31.418498;22/Jul/2026:11:42:38.988122;22/Jul/2026:11:42:40.343711;22/Jul/2026:11:42:39.388796;22/Jul/2026:11:42:40.339362;22/Jul/2026:11:42:41.504547;22/Jul/2026:11:42:41.505203;22/Jul/2026:11:42:40.343010;22/Jul/2026:11:42:40.342382;22/Jul/2026:11:42:35.347495;22/Jul/2026:11:42:37.850224;22/Jul/2026:11:42:33.374473;22/Jul/2026:11:42:37.841834;22/Jul/2026:11:42:41.405572;22/Jul/2026:11:42:40.340729;22/Jul/2026:11:42:41.405716;22/Jul/2026:11:42:40.342180;22/Jul/2026:11:42:37.209045;22/Jul/2026:11:42:35.339644,7.0003;8.8379;1.3668;1.3684;1.0780;1.4283;2.5161;0.9799;0.0712;0.0858;2.5898;7.0964;1.5027;3.4409;5.1263;0.1690;0.1852;0.2195;8.3139;0.2635;7.2941;2.8024;3.9329;0.3618;0.4345;1.9550;0.6415;0.6554;3.1547;2.0864;4.0126;0.6902;0.6997;0.7095;0.7322;10.6552;0.7683;0.7720;2.1423;0.8154;3.9665;9.6833;0.8553;4.4615;0.8933;0.8991;3.3947;2.3129;0.9125;0.9133;9.7158;4.0841;3.4613;0.9582;1.0839;3.5717;3.5719;3.5824;9.9624;0.0953;1.1635;0.0092;1.2080;0.0616;9.9902;3.7053;2.6189;5.2504;3.8210;10.2720;2.8168;1.4649;2.4207;1.4756;0.3251;0.3298;1.5179;1.5573;6.6044;4.1195;8.6296;4.1701;0.6109;1.6823;0.6408;1.7993;4.9414;6.8321
9,5,315,success,None,22/Jul/2026:11:42:41.402605,22/Jul/2026:11:42:42.418097,1.0155,34,22/Jul/2026:11:42:40.334042;22/Jul/2026:11:42:37.846285;22/Jul/2026:11:42:37.846613;22/Jul/2026:11:42:37.841720;22/Jul/2026:11:42:31.480529;22/Jul/2026:11:42:41.405213;22/Jul/2026:11:42:40.341826;22/Jul/2026:11:42:41.505275;22/Jul/2026:11:42:40.335120;22/Jul/2026:11:42:41.488404;22/Jul/2026:11:42:31.564326;22/Jul/2026:11:42:37.847042;22/Jul/2026:11:42:38.990987;22/Jul/2026:11:42:36.410822;22/Jul/2026:11:42:37.842062;22/Jul/2026:11:42:31.418498;22/Jul/2026:11:42:38.988122;22/Jul/2026:11:42:40.343711;22/Jul/2026:11:42:39.388796;22/Jul/2026:11:42:40.339362;22/Jul/2026:11:42:41.504547;22/Jul/2026:11:42:41.505203;22/Jul/2026:11:42:40.343010;22/Jul/2026:11:42:40.342382;22/Jul/2026:11:42:35.347495;22/Jul/2026:11:42:37.850224;22/Jul/2026:11:42:33.374473;22/Jul/2026:11:42:37.841834;22/Jul/2026:11:42:41.405572;22/Jul/2026:11:42:40.340729;22/Jul/2026:11:42:41.405716;22/Jul/2026:11:42:40.342180;22/Jul/2026:11:42:37.209045;22/Jul/2026:11:42:35.339644,1.0839;3.5717;3.5719;3.5824;9.9624;0.0953;1.1635;0.0092;1.2080;0.0616;9.9902;3.7053;2.6189;5.2504;3.8210;10.2720;2.8168;1.4649;2.4207;1.4756;0.3251;0.3298;1.5179;1.5573;6.6044;4.1195;8.6296;4.1701;0.6109;1.6823;0.6408;1.7993;4.9414;6.8321
9,5,334,success,None,22/Jul/2026:11:42:41.501705,22/Jul/2026:11:42:42.496245,0.9945,28,22/Jul/2026:11:42:40.341826;22/Jul/2026:11:42:41.505275;22/Jul/2026:11:42:40.335120;22/Jul/2026:11:42:41.488404;22/Jul/2026:11:42:31.564326;22/Jul/2026:11:42:37.847042;22/Jul/2026:11:42:38.990987;22/Jul/2026:11:42:36.410822;22/Jul/2026:11:42:37.842062;22/Jul/2026:11:42:31.418498;22/Jul/2026:11:42:38.988122;22/Jul/2026:11:42:40.343711;22/Jul/2026:11:42:39.388796;22/Jul/2026:11:42:40.339362;22/Jul/2026:11:42:41.504547;22/Jul/2026:11:42:41.505203;22/Jul/2026:11:42:40.343010;22/Jul/2026:11:42:40.342382;22/Jul/2026:11:42:35.347495;22/Jul/2026:11:42:37.850224;22/Jul/2026:11:42:33.374473;22/Jul/2026:11:42:37.841834;22/Jul/2026:11:42:41.405572;22/Jul/2026:11:42:40.340729;22/Jul/2026:11:42:41.405716;22/Jul/2026:11:42:40.342180;22/Jul/2026:11:42:37.209045;22/Jul/2026:11:42:35.339644,1.1635;0.0092;1.2080;0.0616;9.9902;3.7053;2.6189;5.2504;3.8210;10.2720;2.8168;1.4649;2.4207;1.4756;0.3251;0.3298;1.5179;1.5573;6.6044;4.1195;8.6296;4.1701;0.6109;1.6823;0.6408;1.7993;4.9414;6.8321
9,5,324,success,None,22/Jul/2026:11:42:41.486462,22/Jul/2026:11:42:42.500689,1.0142,29,22/Jul/2026:11:42:41.405213;22/Jul/2026:11:42:40.341826;22/Jul/2026:11:42:41.505275;22/Jul/2026:11:42:40.335120;22/Jul/2026:11:42:41.488404;22/Jul/2026:11:42:31.564326;22/Jul/2026:11:42:37.847042;22/Jul/2026:11:42:38.990987;22/Jul/2026:11:42:36.410822;22/Jul/2026:11:42:37.842062;22/Jul/2026:11:42:31.418498;22/Jul/2026:11:42:38.988122;22/Jul/2026:11:42:40.343711;22/Jul/2026:11:42:39.388796;22/Jul/2026:11:42:40.339362;22/Jul/2026:11:42:41.504547;22/Jul/2026:11:42:41.505203;22/Jul/2026:11:42:40.343010;22/Jul/2026:11:42:40.342382;22/Jul/2026:11:42:35.347495;22/Jul/2026:11:42:37.850224;22/Jul/2026:11:42:33.374473;22/Jul/2026:11:42:37.841834;22/Jul/2026:11:42:41.405572;22/Jul/2026:11:42:40.340729;22/Jul/2026:11:42:41.405716;22/Jul/2026:11:42:40.342180;22/Jul/2026:11:42:37.209045;22/Jul/2026:11:42:35.339644,0.0953;1.1635;0.0092;1.2080;0.0616;9.9902;3.7053;2.6189;5.2504;3.8210;10.2720;2.8168;1.4649;2.4207;1.4756;0.3251;0.3298;1.5179;1.5573;6.6044;4.1195;8.6296;4.1701;0.6109;1.6823;0.6408;1.7993;4.9414;6.8321
9,5,343,success,None,22/Jul/2026:11:42:41.551460,22/Jul/2026:11:42:42.537619,0.9862,24,22/Jul/2026:11:42:31.564326;22/Jul/2026:11:42:37.847042;22/Jul/2026:11:42:38.990987;22/Jul/2026:11:42:36.410822;22/Jul/2026:11:42:37.842062;22/Jul/2026:11:42:31.418498;22/Jul/2026:11:42:38.988122;22/Jul/2026:11:42:40.343711;22/Jul/2026:11:42:39.388796;22/Jul/2026:11:42:40.339362;22/Jul/2026:11:42:41.504547;22/Jul/2026:11:42:41.505203;22/Jul/2026:11:42:40.343010;22/Jul/2026:11:42:40.342382;22/Jul/2026:11:42:35.347495;22/Jul/2026:11:42:37.850224;22/Jul/2026:11:42:33.374473;22/Jul/2026:11:42:37.841834;22/Jul/2026:11:42:41.405572;22/Jul/2026:11:42:40.340729;22/Jul/2026:11:42:41.405716;22/Jul/2026:11:42:40.342180;22/Jul/2026:11:42:37.209045;22/Jul/2026:11:42:35.339644,9.9902;3.7053;2.6189;5.2504;3.8210;10.2720;2.8168;1.4649;2.4207;1.4756;0.3251;0.3298;1.5179;1.5573;6.6044;4.1195;8.6296;4.1701;0.6109;1.6823;0.6408;1.7993;4.9414;6.8321
9,5,366,success,None,22/Jul/2026:11:42:41.615261,22/Jul/2026:11:42:42.602684,0.9874,21,22/Jul/2026:11:42:36.410822;22/Jul/2026:11:42:37.842062;22/Jul/2026:11:42:31.418498;22/Jul/2026:11:42:38.988122;22/Jul/2026:11:42:40.343711;22/Jul/2026:11:42:39.388796;22/Jul/2026:11:42:40.339362;22/Jul/2026:11:42:41.504547;22/Jul/2026:11:42:41.505203;22/Jul/2026:11:42:40.343010;22/Jul/2026:11:42:40.342382;22/Jul/2026:11:42:35.347495;22/Jul/2026:11:42:37.850224;22/Jul/2026:11:42:33.374473;22/Jul/2026:11:42:37.841834;22/Jul/2026:11:42:41.405572;22/Jul/2026:11:42:40.340729;22/Jul/2026:11:42:41.405716;22/Jul/2026:11:42:40.342180;22/Jul/2026:11:42:37.209045;22/Jul/2026:11:42:35.339644,5.2504;3.8210;10.2720;2.8168;1.4649;2.4207;1.4756;0.3251;0.3298;1.5179;1.5573;6.6044;4.1195;8.6296;4.1701;0.6109;1.6823;0.6408;1.7993;4.9414;6.8321
9,5,415,success,None,22/Jul/2026:11:42:41.751832,22/Jul/2026:11:42:42.817646,1.0658,18,22/Jul/2026:11:42:38.988122;22/Jul/2026:11:42:40.343711;22/Jul/2026:11:42:39.388796;22/Jul/2026:11:42:40.339362;22/Jul/2026:11:42:41.504547;22/Jul/2026:11:42:41.505203;22/Jul/2026:11:42:40.343010;22/Jul/2026:11:42:40.342382;22/Jul/2026:11:42:35.347495;22/Jul/2026:11:42:37.850224;22/Jul/2026:11:42:33.374473;22/Jul/2026:11:42:37.841834;22/Jul/2026:11:42:41.405572;22/Jul/2026:11:42:40.340729;22/Jul/2026:11:42:41.405716;22/Jul/2026:11:42:40.342180;22/Jul/2026:11:42:37.209045;22/Jul/2026:11:42:35.339644,2.8168;1.4649;2.4207;1.4756;0.3251;0.3298;1.5179;1.5573;6.6044;4.1195;8.6296;4.1701;0.6109;1.6823;0.6408;1.7993;4.9414;6.8321
10,5,61,success,None,22/Jul/2026:11:42:42.821346,22/Jul/2026:11:42:43.890562,1.0692,55,22/Jul/2026:11:42:37.845206;22/Jul/2026:11:42:36.701103;22/Jul/2026:11:42:38.988361;22/Jul/2026:11:42:36.703327;22/Jul/2026:11:42:34.447153;22/Jul/2026:11:42:41.504221;22/Jul/2026:11:42:37.845094;22/Jul/2026:11:42:40.333563;22/Jul/2026:11:42:42.825079;22/Jul/2026:11:42:42.823046;22/Jul/2026:11:42:41.489076;22/Jul/2026:11:42:42.824652;22/Jul/2026:11:42:42.826280;22/Jul/2026:11:42:42.824057;22/Jul/2026:11:42:42.826747;22/Jul/2026:11:42:37.841004;22/Jul/2026:11:42:42.824232;22/Jul/2026:11:42:42.826792;22/Jul/2026:11:42:40.339719;22/Jul/2026:11:42:42.825938;22/Jul/2026:11:42:37.843384;22/Jul/2026:11:42:39.281032;22/Jul/2026:11:42:42.824972;22/Jul/2026:11:42:42.825889;22/Jul/2026:11:42:41.488650;22/Jul/2026:11:42:42.828720;22/Jul/2026:11:42:37.850335;22/Jul/2026:11:42:40.339063;22/Jul/2026:11:42:42.825791;22/Jul/2026:11:42:41.504255;22/Jul/2026:11:42:40.334302;22/Jul/2026:11:42:41.616127;22/Jul/2026:11:42:39.006444;22/Jul/2026:11:42:42.828350;22/Jul/2026:11:42:42.826472;22/Jul/2026:11:42:41.504575;22/Jul/2026:11:42:33.357013;22/Jul/2026:11:42:42.827364;22/Jul/2026:11:42:31.480135;22/Jul/2026:11:42:42.825592;22/Jul/2026:11:42:40.334801;22/Jul/2026:11:42:42.823665;22/Jul/2026:11:42:41.505163;22/Jul/2026:11:42:42.831808;22/Jul/2026:11:42:42.825984;22/Jul/2026:11:42:36.412716;22/Jul/2026:11:42:42.823998;22/Jul/2026:11:42:40.338276;22/Jul/2026:11:42:42.824768;22/Jul/2026:11:42:40.340624;22/Jul/2026:11:42:42.825294;22/Jul/2026:11:42:36.230659;22/Jul/2026:11:42:40.341212;22/Jul/2026:11:42:42.823125;22/Jul/2026:11:42:35.345013,4.9898;6.1339;3.8569;6.1443;8.4022;1.3721;5.0404;2.5532;0.0718;0.0760;1.4172;0.0858;0.0862;0.0960;0.1092;5.1005;0.1213;0.1201;2.6083;0.1238;5.1124;3.6759;0.1522;0.1769;1.5279;0.1887;5.2025;2.7160;0.2555;1.5895;2.8579;1.7957;4.4236;0.6418;0.6865;2.0614;10.2138;0.7443;12.0930;0.7753;3.3059;0.8181;2.1411;0.8713;0.8872;7.3236;0.9364;3.4276;1.0023;3.4956;1.0191;7.6232;3.5168;1.0355;8.5142
10,5,25,success,None,22/Jul/2026:11:42:42.820988,22/Jul/2026:11:42:43.931015,1.1100,57,22/Jul/2026:11:42:37.845206;22/Jul/2026:11:42:36.701103;22/Jul/2026:11:42:38.988361;22/Jul/2026:11:42:36.703327;22/Jul/2026:11:42:34.447153;22/Jul/2026:11:42:41.504221;22/Jul/2026:11:42:37.845094;22/Jul/2026:11:42:40.333563;22/Jul/2026:11:42:42.825079;22/Jul/2026:11:42:42.823046;22/Jul/2026:11:42:41.489076;22/Jul/2026:11:42:42.824652;22/Jul/2026:11:42:42.826280;22/Jul/2026:11:42:42.824057;22/Jul/2026:11:42:42.826747;22/Jul/2026:11:42:37.841004;22/Jul/2026:11:42:42.824232;22/Jul/2026:11:42:42.826792;22/Jul/2026:11:42:40.339719;22/Jul/2026:11:42:42.825938;22/Jul/2026:11:42:37.843384;22/Jul/2026:11:42:39.281032;22/Jul/2026:11:42:42.824972;22/Jul/2026:11:42:42.825889;22/Jul/2026:11:42:41.488650;22/Jul/2026:11:42:42.828720;22/Jul/2026:11:42:37.850335;22/Jul/2026:11:42:40.339063;22/Jul/2026:11:42:42.825791;22/Jul/2026:11:42:41.504255;22/Jul/2026:11:42:40.334302;22/Jul/2026:11:42:41.616127;22/Jul/2026:11:42:39.006444;22/Jul/2026:11:42:42.828350;22/Jul/2026:11:42:42.826472;22/Jul/2026:11:42:41.504575;22/Jul/2026:11:42:33.357013;22/Jul/2026:11:42:42.827364;22/Jul/2026:11:42:31.480135;22/Jul/2026:11:42:42.825592;22/Jul/2026:11:42:40.334801;22/Jul/2026:11:42:42.823665;22/Jul/2026:11:42:41.505163;22/Jul/2026:11:42:42.831808;22/Jul/2026:11:42:42.825984;22/Jul/2026:11:42:36.412716;22/Jul/2026:11:42:42.823998;22/Jul/2026:11:42:40.338276;22/Jul/2026:11:42:42.824768;22/Jul/2026:11:42:40.340624;22/Jul/2026:11:42:42.825294;22/Jul/2026:11:42:36.230659;22/Jul/2026:11:42:40.341212;22/Jul/2026:11:42:42.823125;22/Jul/2026:11:42:35.345013;22/Jul/2026:11:42:41.753216;22/Jul/2026:11:42:42.825129,4.9898;6.1339;3.8569;6.1443;8.4022;1.3721;5.0404;2.5532;0.0718;0.0760;1.4172;0.0858;0.0862;0.0960;0.1092;5.1005;0.1213;0.1201;2.6083;0.1238;5.1124;3.6759;0.1522;0.1769;1.5279;0.1887;5.2025;2.7160;0.2555;1.5895;2.8579;1.7957;4.4236;0.6418;0.6865;2.0614;10.2138;0.7443;12.0930;0.7753;3.3059;0.8181;2.1411;0.8713;0.8872;7.3236;0.9364;3.4276;1.0023;3.4956;1.0191;7.6232;3.5168;1.0355;8.5142;2.1529;1.0931
10,5,76,success,None,22/Jul/2026:11:42:42.821603,22/Jul/2026:11:42:44.051821,1.2302,61,22/Jul/2026:11:42:37.845206;22/Jul/2026:11:42:36.701103;22/Jul/2026:11:42:38.988361;22/Jul/2026:11:42:36.703327;22/Jul/2026:11:42:34.447153;22/Jul/2026:11:42:41.504221;22/Jul/2026:11:42:37.845094;22/Jul/2026:11:42:40.333563;22/Jul/2026:11:42:42.825079;22/Jul/2026:11:42:42.823046;22/Jul/2026:11:42:41.489076;22/Jul/2026:11:42:42.824652;22/Jul/2026:11:42:42.826280;22/Jul/2026:11:42:42.824057;22/Jul/2026:11:42:42.826747;22/Jul/2026:11:42:37.841004;22/Jul/2026:11:42:42.824232;22/Jul/2026:11:42:42.826792;22/Jul/2026:11:42:40.339719;22/Jul/2026:11:42:42.825938;22/Jul/2026:11:42:37.843384;22/Jul/2026:11:42:39.281032;22/Jul/2026:11:42:42.824972;22/Jul/2026:11:42:42.825889;22/Jul/2026:11:42:41.488650;22/Jul/2026:11:42:42.828720;22/Jul/2026:11:42:37.850335;22/Jul/2026:11:42:40.339063;22/Jul/2026:11:42:42.825791;22/Jul/2026:11:42:41.504255;22/Jul/2026:11:42:40.334302;22/Jul/2026:11:42:41.616127;22/Jul/2026:11:42:39.006444;22/Jul/2026:11:42:42.828350;22/Jul/2026:11:42:42.826472;22/Jul/2026:11:42:41.504575;22/Jul/2026:11:42:33.357013;22/Jul/2026:11:42:42.827364;22/Jul/2026:11:42:31.480135;22/Jul/2026:11:42:42.825592;22/Jul/2026:11:42:40.334801;22/Jul/2026:11:42:42.823665;22/Jul/2026:11:42:41.505163;22/Jul/2026:11:42:42.831808;22/Jul/2026:11:42:42.825984;22/Jul/2026:11:42:36.412716;22/Jul/2026:11:42:42.823998;22/Jul/2026:11:42:40.338276;22/Jul/2026:11:42:42.824768;22/Jul/2026:11:42:40.340624;22/Jul/2026:11:42:42.825294;22/Jul/2026:11:42:36.230659;22/Jul/2026:11:42:40.341212;22/Jul/2026:11:42:42.823125;22/Jul/2026:11:42:35.345013;22/Jul/2026:11:42:41.753216;22/Jul/2026:11:42:42.825129;22/Jul/2026:11:42:42.827994;22/Jul/2026:11:42:42.832344;22/Jul/2026:11:42:40.342902;22/Jul/2026:11:42:42.827943,4.9898;6.1339;3.8569;6.1443;8.4022;1.3721;5.0404;2.5532;0.0718;0.0760;1.4172;0.0858;0.0862;0.0960;0.1092;5.1005;0.1213;0.1201;2.6083;0.1238;5.1124;3.6759;0.1522;0.1769;1.5279;0.1887;5.2025;2.7160;0.2555;1.5895;2.8579;1.7957;4.4236;0.6418;0.6865;2.0614;10.2138;0.7443;12.0930;0.7753;3.3059;0.8181;2.1411;0.8713;0.8872;7.3236;0.9364;3.4276;1.0023;3.4956;1.0191;7.6232;3.5168;1.0355;8.5142;2.1529;1.0931;1.1719;1.1685;3.6674;1.2198
10,5,51,success,None,22/Jul/2026:11:42:42.821164,22/Jul/2026:11:42:44.186646,1.3655,67,22/Jul/2026:11:42:37.845206;22/Jul/2026:11:42:36.701103;22/Jul/2026:11:42:38.988361;22/Jul/2026:11:42:36.703327;22/Jul/2026:11:42:34.447153;22/Jul/2026:11:42:41.504221;22/Jul/2026:11:42:37.845094;22/Jul/2026:11:42:40.333563;22/Jul/2026:11:42:42.825079;22/Jul/2026:11:42:42.823046;22/Jul/2026:11:42:41.489076;22/Jul/2026:11:42:42.824652;22/Jul/2026:11:42:42.826280;22/Jul/2026:11:42:42.824057;22/Jul/2026:11:42:42.826747;22/Jul/2026:11:42:37.841004;22/Jul/2026:11:42:42.824232;22/Jul/2026:11:42:42.826792;22/Jul/2026:11:42:40.339719;22/Jul/2026:11:42:42.825938;22/Jul/2026:11:42:37.843384;22/Jul/2026:11:42:39.281032;22/Jul/2026:11:42:42.824972;22/Jul/2026:11:42:42.825889;22/Jul/2026:11:42:41.488650;22/Jul/2026:11:42:42.828720;22/Jul/2026:11:42:37.850335;22/Jul/2026:11:42:40.339063;22/Jul/2026:11:42:42.825791;22/Jul/2026:11:42:41.504255;22/Jul/2026:11:42:40.334302;22/Jul/2026:11:42:41.616127;22/Jul/2026:11:42:39.006444;22/Jul/2026:11:42:42.828350;22/Jul/2026:11:42:42.826472;22/Jul/2026:11:42:41.504575;22/Jul/2026:11:42:33.357013;22/Jul/2026:11:42:42.827364;22/Jul/2026:11:42:31.480135;22/Jul/2026:11:42:42.825592;22/Jul/2026:11:42:40.334801;22/Jul/2026:11:42:42.823665;22/Jul/2026:11:42:41.505163;22/Jul/2026:11:42:42.831808;22/Jul/2026:11:42:42.825984;22/Jul/2026:11:42:36.412716;22/Jul/2026:11:42:42.823998;22/Jul/2026:11:42:40.338276;22/Jul/2026:11:42:42.824768;22/Jul/2026:11:42:40.340624;22/Jul/2026:11:42:42.825294;22/Jul/2026:11:42:36.230659;22/Jul/2026:11:42:40.341212;22/Jul/2026:11:42:42.823125;22/Jul/2026:11:42:35.345013;22/Jul/2026:11:42:41.753216;22/Jul/2026:11:42:42.825129;22/Jul/2026:11:42:42.827994;22/Jul/2026:11:42:42.832344;22/Jul/2026:11:42:40.342902;22/Jul/2026:11:42:42.827943;22/Jul/2026:11:42:43.892759;22/Jul/2026:11:42:41.503979;22/Jul/2026:11:42:41.503830;22/Jul/2026:11:42:40.339932;22/Jul/2026:11:42:35.339975;22/Jul/2026:11:42:41.504136,4.9898;6.1339;3.8569;6.1443;8.4022;1.3721;5.0404;2.5532;0.0718;0.0760;1.4172;0.0858;0.0862;0.0960;0.1092;5.1005;0.1213;0.1201;2.6083;0.1238;5.1124;3.6759;0.1522;0.1769;1.5279;0.1887;5.2025;2.7160;0.2555;1.5895;2.8579;1.7957;4.4236;0.6418;0.6865;2.0614;10.2138;0.7443;12.0930;0.7753;3.3059;0.8181;2.1411;0.8713;0.8872;7.3236;0.9364;3.4276;1.0023;3.4956;1.0191;7.6232;3.5168;1.0355;8.5142;2.1529;1.0931;1.1719;1.1685;3.6674;1.2198;0.1714;2.6135;2.6285;3.7984;8.8135;2.6579
10,5,151,success,None,22/Jul/2026:11:42:42.821848,22/Jul/2026:11:42:44.221037,1.3992,67,22/Jul/2026:11:42:37.845206;22/Jul/2026:11:42:36.701103;22/Jul/2026:11:42:38.988361;22/Jul/2026:11:42:36.703327;22/Jul/2026:11:42:34.447153;22/Jul/2026:11:42:41.504221;22/Jul/2026:11:42:37.845094;22/Jul/2026:11:42:40.333563;22/Jul/2026:11:42:42.825079;22/Jul/2026:11:42:42.823046;22/Jul/2026:11:42:41.489076;22/Jul/2026:11:42:42.824652;22/Jul/2026:11:42:42.826280;22/Jul/2026:11:42:42.824057;22/Jul/2026:11:42:42.826747;22/Jul/2026:11:42:37.841004;22/Jul/2026:11:42:42.824232;22/Jul/2026:11:42:42.826792;22/Jul/2026:11:42:40.339719;22/Jul/2026:11:42:42.825938;22/Jul/2026:11:42:37.843384;22/Jul/2026:11:42:39.281032;22/Jul/2026:11:42:42.824972;22/Jul/2026:11:42:42.825889;22/Jul/2026:11:42:41.488650;22/Jul/2026:11:42:42.828720;22/Jul/2026:11:42:37.850335;22/Jul/2026:11:42:40.339063;22/Jul/2026:11:42:42.825791;22/Jul/2026:11:42:41.504255;22/Jul/2026:11:42:40.334302;22/Jul/2026:11:42:41.616127;22/Jul/2026:11:42:39.006444;22/Jul/2026:11:42:42.828350;22/Jul/2026:11:42:42.826472;22/Jul/2026:11:42:41.504575;22/Jul/2026:11:42:33.357013;22/Jul/2026:11:42:42.827364;22/Jul/2026:11:42:31.480135;22/Jul/2026:11:42:42.825592;22/Jul/2026:11:42:40.334801;22/Jul/2026:11:42:42.823665;22/Jul/2026:11:42:41.505163;22/Jul/2026:11:42:42.831808;22/Jul/2026:11:42:42.825984;22/Jul/2026:11:42:36.412716;22/Jul/2026:11:42:42.823998;22/Jul/2026:11:42:40.338276;22/Jul/2026:11:42:42.824768;22/Jul/2026:11:42:40.340624;22/Jul/2026:11:42:42.825294;22/Jul/2026:11:42:36.230659;22/Jul/2026:11:42:40.341212;22/Jul/2026:11:42:42.823125;22/Jul/2026:11:42:35.345013;22/Jul/2026:11:42:41.753216;22/Jul/2026:11:42:42.825129;22/Jul/2026:11:42:42.827994;22/Jul/2026:11:42:42.832344;22/Jul/2026:11:42:40.342902;22/Jul/2026:11:42:42.827943;22/Jul/2026:11:42:43.892759;22/Jul/2026:11:42:41.503979;22/Jul/2026:11:42:41.503830;22/Jul/2026:11:42:40.339932;22/Jul/2026:11:42:35.339975;22/Jul/2026:11:42:41.504136,4.9898;6.1339;3.8569;6.1443;8.4022;1.3721;5.0404;2.5532;0.0718;0.0760;1.4172;0.0858;0.0862;0.0960;0.1092;5.1005;0.1213;0.1201;2.6083;0.1238;5.1124;3.6759;0.1522;0.1769;1.5279;0.1887;5.2025;2.7160;0.2555;1.5895;2.8579;1.7957;4.4236;0.6418;0.6865;2.0614;10.2138;0.7443;12.0930;0.7753;3.3059;0.8181;2.1411;0.8713;0.8872;7.3236;0.9364;3.4276;1.0023;3.4956;1.0191;7.6232;3.5168;1.0355;8.5142;2.1529;1.0931;1.1719;1.1685;3.6674;1.2198;0.1714;2.6135;2.6285;3.7984;8.8135;2.6579
10,5,133,success,None,22/Jul/2026:11:42:42.821738,22/Jul/2026:11:42:44.407634,1.5859,74,22/Jul/2026:11:42:37.845206;22/Jul/2026:11:42:36.701103;22/Jul/2026:11:42:38.988361;22/Jul/2026:11:42:36.703327;22/Jul/2026:11:42:34.447153;22/Jul/2026:11:42:41.504221;22/Jul/2026:11:42:37.845094;22/Jul/2026:11:42:40.333563;22/Jul/2026:11:42:42.825079;22/Jul/2026:11:42:42.823046;22/Jul/2026:11:42:41.489076;22/Jul/2026:11:42:42.824652;22/Jul/2026:11:42:42.826280;22/Jul/2026:11:42:42.824057;22/Jul/2026:11:42:42.826747;22/Jul/2026:11:42:37.841004;22/Jul/2026:11:42:42.824232;22/Jul/2026:11:42:42.826792;22/Jul/2026:11:42:40.339719;22/Jul/2026:11:42:42.825938;22/Jul/2026:11:42:37.843384;22/Jul/2026:11:42:39.281032;22/Jul/2026:11:42:42.824972;22/Jul/2026:11:42:42.825889;22/Jul/2026:11:42:41.488650;22/Jul/2026:11:42:42.828720;22/Jul/2026:11:42:37.850335;22/Jul/2026:11:42:40.339063;22/Jul/2026:11:42:42.825791;22/Jul/2026:11:42:41.504255;22/Jul/2026:11:42:40.334302;22/Jul/2026:11:42:41.616127;22/Jul/2026:11:42:39.006444;22/Jul/2026:11:42:42.828350;22/Jul/2026:11:42:42.826472;22/Jul/2026:11:42:41.504575;22/Jul/2026:11:42:33.357013;22/Jul/2026:11:42:42.827364;22/Jul/2026:11:42:31.480135;22/Jul/2026:11:42:42.825592;22/Jul/2026:11:42:40.334801;22/Jul/2026:11:42:42.823665;22/Jul/2026:11:42:41.505163;22/Jul/2026:11:42:42.831808;22/Jul/2026:11:42:42.825984;22/Jul/2026:11:42:36.412716;22/Jul/2026:11:42:42.823998;22/Jul/2026:11:42:40.338276;22/Jul/2026:11:42:42.824768;22/Jul/2026:11:42:40.340624;22/Jul/2026:11:42:42.825294;22/Jul/2026:11:42:36.230659;22/Jul/2026:11:42:40.341212;22/Jul/2026:11:42:42.823125;22/Jul/2026:11:42:35.345013;22/Jul/2026:11:42:41.753216;22/Jul/2026:11:42:42.825129;22/Jul/2026:11:42:42.827994;22/Jul/2026:11:42:42.832344;22/Jul/2026:11:42:40.342902;22/Jul/2026:11:42:42.827943;22/Jul/2026:11:42:43.892759;22/Jul/2026:11:42:41.503979;22/Jul/2026:11:42:41.503830;22/Jul/2026:11:42:40.339932;22/Jul/2026:11:42:35.339975;22/Jul/2026:11:42:41.504136;22/Jul/2026:11:42:42.829271;22/Jul/2026:11:42:43.892485;22/Jul/2026:11:42:29.499239;22/Jul/2026:11:42:26.391624;22/Jul/2026:11:42:41.405964;22/Jul/2026:11:42:41.488041;22/Jul/2026:11:42:42.824538,4.9898;6.1339;3.8569;6.1443;8.4022;1.3721;5.0404;2.5532;0.0718;0.0760;1.4172;0.0858;0.0862;0.0960;0.1092;5.1005;0.1213;0.1201;2.6083;0.1238;5.1124;3.6759;0.1522;0.1769;1.5279;0.1887;5.2025;2.7160;0.2555;1.5895;2.8579;1.7957;4.4236;0.6418;0.6865;2.0614;10.2138;0.7443;12.0930;0.7753;3.3059;0.8181;2.1411;0.8713;0.8872;7.3236;0.9364;3.4276;1.0023;3.4956;1.0191;7.6232;3.5168;1.0355;8.5142;2.1529;1.0931;1.1719;1.1685;3.6674;1.2198;0.1714;2.6135;2.6285;3.7984;8.8135;2.6579;1.3941;0.3880;14.8399;17.9539;2.9582;2.9012;1.5708
10,5,161,success,None,22/Jul/2026:11:42:42.822087,22/Jul/2026:11:42:44.619421,1.7973,87,22/Jul/2026:11:42:37.845206;22/Jul/2026:11:42:36.701103;22/Jul/2026:11:42:38.988361;22/Jul/2026:11:42:36.703327;22/Jul/2026:11:42:34.447153;22/Jul/2026:11:42:41.504221;22/Jul/2026:11:42:37.845094;22/Jul/2026:11:42:40.333563;22/Jul/2026:11:42:42.825079;22/Jul/2026:11:42:42.823046;22/Jul/2026:11:42:41.489076;22/Jul/2026:11:42:42.824652;22/Jul/2026:11:42:42.826280;22/Jul/2026:11:42:42.824057;22/Jul/2026:11:42:42.826747;22/Jul/2026:11:42:37.841004;22/Jul/2026:11:42:42.824232;22/Jul/2026:11:42:42.826792;22/Jul/2026:11:42:40.339719;22/Jul/2026:11:42:42.825938;22/Jul/2026:11:42:37.843384;22/Jul/2026:11:42:39.281032;22/Jul/2026:11:42:42.824972;22/Jul/2026:11:42:42.825889;22/Jul/2026:11:42:41.488650;22/Jul/2026:11:42:42.828720;22/Jul/2026:11:42:37.850335;22/Jul/2026:11:42:40.339063;22/Jul/2026:11:42:42.825791;22/Jul/2026:11:42:41.504255;22/Jul/2026:11:42:40.334302;22/Jul/2026:11:42:41.616127;22/Jul/2026:11:42:39.006444;22/Jul/2026:11:42:42.828350;22/Jul/2026:11:42:42.826472;22/Jul/2026:11:42:41.504575;22/Jul/2026:11:42:33.357013;22/Jul/2026:11:42:42.827364;22/Jul/2026:11:42:31.480135;22/Jul/2026:11:42:42.825592;22/Jul/2026:11:42:40.334801;22/Jul/2026:11:42:42.823665;22/Jul/2026:11:42:41.505163;22/Jul/2026:11:42:42.831808;22/Jul/2026:11:42:42.825984;22/Jul/2026:11:42:36.412716;22/Jul/2026:11:42:42.823998;22/Jul/2026:11:42:40.338276;22/Jul/2026:11:42:42.824768;22/Jul/2026:11:42:40.340624;22/Jul/2026:11:42:42.825294;22/Jul/2026:11:42:36.230659;22/Jul/2026:11:42:40.341212;22/Jul/2026:11:42:42.823125;22/Jul/2026:11:42:35.345013;22/Jul/2026:11:42:41.753216;22/Jul/2026:11:42:42.825129;22/Jul/2026:11:42:42.827994;22/Jul/2026:11:42:42.832344;22/Jul/2026:11:42:40.342902;22/Jul/2026:11:42:42.827943;22/Jul/2026:11:42:43.892759;22/Jul/2026:11:42:41.503979;22/Jul/2026:11:42:41.503830;22/Jul/2026:11:42:40.339932;22/Jul/2026:11:42:35.339975;22/Jul/2026:11:42:41.504136;22/Jul/2026:11:42:42.829271;22/Jul/2026:11:42:43.892485;22/Jul/2026:11:42:29.499239;22/Jul/2026:11:42:26.391624;22/Jul/2026:11:42:41.405964;22/Jul/2026:11:42:41.488041;22/Jul/2026:11:42:42.824538;22/Jul/2026:11:42:33.578891;22/Jul/2026:11:42:36.743170;22/Jul/2026:11:42:41.405768;22/Jul/2026:11:42:42.829838;22/Jul/2026:11:42:42.830117;22/Jul/2026:11:42:42.833092;22/Jul/2026:11:42:40.339594;22/Jul/2026:11:42:44.053631;22/Jul/2026:11:42:34.362888;22/Jul/2026:11:42:42.827033;22/Jul/2026:11:42:42.833277;22/Jul/2026:11:42:42.829893;22/Jul/2026:11:42:40.334158,4.9898;6.1339;3.8569;6.1443;8.4022;1.3721;5.0404;2.5532;0.0718;0.0760;1.4172;0.0858;0.0862;0.0960;0.1092;5.1005;0.1213;0.1201;2.6083;0.1238;5.1124;3.6759;0.1522;0.1769;1.5279;0.1887;5.2025;2.7160;0.2555;1.5895;2.8579;1.7957;4.4236;0.6418;0.6865;2.0614;10.2138;0.7443;12.0930;0.7753;3.3059;0.8181;2.1411;0.8713;0.8872;7.3236;0.9364;3.4276;1.0023;3.4956;1.0191;7.6232;3.5168;1.0355;8.5142;2.1529;1.0931;1.1719;1.1685;3.6674;1.2198;0.1714;2.6135;2.6285;3.7984;8.8135;2.6579;1.3941;0.3880;14.8399;17.9539;2.9582;2.9012;1.5708;10.8308;7.6891;3.0520;1.6846;1.6933;1.6989;4.2049;0.4994;10.1983;1.7736;1.7722;1.7771;4.2795
10,5,203,success,None,22/Jul/2026:11:42:42.822191,22/Jul/2026:11:42:44.706652,1.8845,88,22/Jul/2026:11:42:37.845206;22/Jul/2026:11:42:36.701103;22/Jul/2026:11:42:38.988361;22/Jul/2026:11:42:36.703327;22/Jul/2026:11:42:34.447153;22/Jul/2026:11:42:41.504221;22/Jul/2026:11:42:37.845094;22/Jul/2026:11:42:40.333563;22/Jul/2026:11:42:42.825079;22/Jul/2026:11:42:42.823046;22/Jul/2026:11:42:41.489076;22/Jul/2026:11:42:42.824652;22/Jul/2026:11:42:42.826280;22/Jul/2026:11:42:42.824057;22/Jul/2026:11:42:42.826747;22/Jul/2026:11:42:37.841004;22/Jul/2026:11:42:42.824232;22/Jul/2026:11:42:42.826792;22/Jul/2026:11:42:40.339719;22/Jul/2026:11:42:42.825938;22/Jul/2026:11:42:37.843384;22/Jul/2026:11:42:39.281032;22/Jul/2026:11:42:42.824972;22/Jul/2026:11:42:42.825889;22/Jul/2026:11:42:41.488650;22/Jul/2026:11:42:42.828720;22/Jul/2026:11:42:37.850335;22/Jul/2026:11:42:40.339063;22/Jul/2026:11:42:42.825791;22/Jul/2026:11:42:41.504255;22/Jul/2026:11:42:40.334302;22/Jul/2026:11:42:41.616127;22/Jul/2026:11:42:39.006444;22/Jul/2026:11:42:42.828350;22/Jul/2026:11:42:42.826472;22/Jul/2026:11:42:41.504575;22/Jul/2026:11:42:33.357013;22/Jul/2026:11:42:42.827364;22/Jul/2026:11:42:31.480135;22/Jul/2026:11:42:42.825592;22/Jul/2026:11:42:40.334801;22/Jul/2026:11:42:42.823665;22/Jul/2026:11:42:41.505163;22/Jul/2026:11:42:42.831808;22/Jul/2026:11:42:42.825984;22/Jul/2026:11:42:36.412716;22/Jul/2026:11:42:42.823998;22/Jul/2026:11:42:40.338276;22/Jul/2026:11:42:42.824768;22/Jul/2026:11:42:40.340624;22/Jul/2026:11:42:42.825294;22/Jul/2026:11:42:36.230659;22/Jul/2026:11:42:40.341212;22/Jul/2026:11:42:42.823125;22/Jul/2026:11:42:35.345013;22/Jul/2026:11:42:41.753216;22/Jul/2026:11:42:42.825129;22/Jul/2026:11:42:42.827994;22/Jul/2026:11:42:42.832344;22/Jul/2026:11:42:40.342902;22/Jul/2026:11:42:42.827943;22/Jul/2026:11:42:43.892759;22/Jul/2026:11:42:41.503979;22/Jul/2026:11:42:41.503830;22/Jul/2026:11:42:40.339932;22/Jul/2026:11:42:35.339975;22/Jul/2026:11:42:41.504136;22/Jul/2026:11:42:42.829271;22/Jul/2026:11:42:43.892485;22/Jul/2026:11:42:29.499239;22/Jul/2026:11:42:26.391624;22/Jul/2026:11:42:41.405964;22/Jul/2026:11:42:41.488041;22/Jul/2026:11:42:42.824538;22/Jul/2026:11:42:33.578891;22/Jul/2026:11:42:36.743170;22/Jul/2026:11:42:41.405768;22/Jul/2026:11:42:42.829838;22/Jul/2026:11:42:42.830117;22/Jul/2026:11:42:42.833092;22/Jul/2026:11:42:40.339594;22/Jul/2026:11:42:44.053631;22/Jul/2026:11:42:34.362888;22/Jul/2026:11:42:42.827033;22/Jul/2026:11:42:42.833277;22/Jul/2026:11:42:42.829893;22/Jul/2026:11:42:40.334158;22/Jul/2026:11:42:44.222577,4.9898;6.1339;3.8569;6.1443;8.4022;1.3721;5.0404;2.5532;0.0718;0.0760;1.4172;0.0858;0.0862;0.0960;0.1092;5.1005;0.1213;0.1201;2.6083;0.1238;5.1124;3.6759;0.1522;0.1769;1.5279;0.1887;5.2025;2.7160;0.2555;1.5895;2.8579;1.7957;4.4236;0.6418;0.6865;2.0614;10.2138;0.7443;12.0930;0.7753;3.3059;0.8181;2.1411;0.8713;0.8872;7.3236;0.9364;3.4276;1.0023;3.4956;1.0191;7.6232;3.5168;1.0355;8.5142;2.1529;1.0931;1.1719;1.1685;3.6674;1.2198;0.1714;2.6135;2.6285;3.7984;8.8135;2.6579;1.3941;0.3880;14.8399;17.9539;2.9582;2.9012;1.5708;10.8308;7.6891;3.0520;1.6846;1.6933;1.6989;4.2049;0.4994;10.1983;1.7736;1.7722;1.7771;4.2795;0.4317
10,5,212,success,None,22/Jul/2026:11:42:42.822397,22/Jul/2026:11:42:44.848473,2.0261,88,22/Jul/2026:11:42:37.845206;22/Jul/2026:11:42:36.701103;22/Jul/2026:11:42:38.988361;22/Jul/2026:11:42:36.703327;22/Jul/2026:11:42:34.447153;22/Jul/2026:11:42:41.504221;22/Jul/2026:11:42:37.845094;22/Jul/2026:11:42:40.333563;22/Jul/2026:11:42:42.825079;22/Jul/2026:11:42:42.823046;22/Jul/2026:11:42:41.489076;22/Jul/2026:11:42:42.824652;22/Jul/2026:11:42:42.826280;22/Jul/2026:11:42:42.824057;22/Jul/2026:11:42:42.826747;22/Jul/2026:11:42:37.841004;22/Jul/2026:11:42:42.824232;22/Jul/2026:11:42:42.826792;22/Jul/2026:11:42:40.339719;22/Jul/2026:11:42:42.825938;22/Jul/2026:11:42:37.843384;22/Jul/2026:11:42:39.281032;22/Jul/2026:11:42:42.824972;22/Jul/2026:11:42:42.825889;22/Jul/2026:11:42:41.488650;22/Jul/2026:11:42:42.828720;22/Jul/2026:11:42:37.850335;22/Jul/2026:11:42:40.339063;22/Jul/2026:11:42:42.825791;22/Jul/2026:11:42:41.504255;22/Jul/2026:11:42:40.334302;22/Jul/2026:11:42:41.616127;22/Jul/2026:11:42:39.006444;22/Jul/2026:11:42:42.828350;22/Jul/2026:11:42:42.826472;22/Jul/2026:11:42:41.504575;22/Jul/2026:11:42:33.357013;22/Jul/2026:11:42:42.827364;22/Jul/2026:11:42:31.480135;22/Jul/2026:11:42:42.825592;22/Jul/2026:11:42:40.334801;22/Jul/2026:11:42:42.823665;22/Jul/2026:11:42:41.505163;22/Jul/2026:11:42:42.831808;22/Jul/2026:11:42:42.825984;22/Jul/2026:11:42:36.412716;22/Jul/2026:11:42:42.823998;22/Jul/2026:11:42:40.338276;22/Jul/2026:11:42:42.824768;22/Jul/2026:11:42:40.340624;22/Jul/2026:11:42:42.825294;22/Jul/2026:11:42:36.230659;22/Jul/2026:11:42:40.341212;22/Jul/2026:11:42:42.823125;22/Jul/2026:11:42:35.345013;22/Jul/2026:11:42:41.753216;22/Jul/2026:11:42:42.825129;22/Jul/2026:11:42:42.827994;22/Jul/2026:11:42:42.832344;22/Jul/2026:11:42:40.342902;22/Jul/2026:11:42:42.827943;22/Jul/2026:11:42:43.892759;22/Jul/2026:11:42:41.503979;22/Jul/2026:11:42:41.503830;22/Jul/2026:11:42:40.339932;22/Jul/2026:11:42:35.339975;22/Jul/2026:11:42:41.504136;22/Jul/2026:11:42:42.829271;22/Jul/2026:11:42:43.892485;22/Jul/2026:11:42:29.499239;22/Jul/2026:11:42:26.391624;22/Jul/2026:11:42:41.405964;22/Jul/2026:11:42:41.488041;22/Jul/2026:11:42:42.824538;22/Jul/2026:11:42:33.578891;22/Jul/2026:11:42:36.743170;22/Jul/2026:11:42:41.405768;22/Jul/2026:11:42:42.829838;22/Jul/2026:11:42:42.830117;22/Jul/2026:11:42:42.833092;22/Jul/2026:11:42:40.339594;22/Jul/2026:11:42:44.053631;22/Jul/2026:11:42:34.362888;22/Jul/2026:11:42:42.827033;22/Jul/2026:11:42:42.833277;22/Jul/2026:11:42:42.829893;22/Jul/2026:11:42:40.334158;22/Jul/2026:11:42:44.222577,4.9898;6.1339;3.8569;6.1443;8.4022;1.3721;5.0404;2.5532;0.0718;0.0760;1.4172;0.0858;0.0862;0.0960;0.1092;5.1005;0.1213;0.1201;2.6083;0.1238;5.1124;3.6759;0.1522;0.1769;1.5279;0.1887;5.2025;2.7160;0.2555;1.5895;2.8579;1.7957;4.4236;0.6418;0.6865;2.0614;10.2138;0.7443;12.0930;0.7753;3.3059;0.8181;2.1411;0.8713;0.8872;7.3236;0.9364;3.4276;1.0023;3.4956;1.0191;7.6232;3.5168;1.0355;8.5142;2.1529;1.0931;1.1719;1.1685;3.6674;1.2198;0.1714;2.6135;2.6285;3.7984;8.8135;2.6579;1.3941;0.3880;14.8399;17.9539;2.9582;2.9012;1.5708;10.8308;7.6891;3.0520;1.6846;1.6933;1.6989;4.2049;0.4994;10.1983;1.7736;1.7722;1.7771;4.2795;0.4317
10,5,324,success,None,22/Jul/2026:11:42:43.890920,22/Jul/2026:11:42:44.906666,1.0157,33,22/Jul/2026:11:42:41.753216;22/Jul/2026:11:42:42.825129;22/Jul/2026:11:42:42.827994;22/Jul/2026:11:42:42.832344;22/Jul/2026:11:42:40.342902;22/Jul/2026:11:42:42.827943;22/Jul/2026:11:42:43.892759;22/Jul/2026:11:42:41.503979;22/Jul/2026:11:42:41.503830;22/Jul/2026:11:42:40.339932;22/Jul/2026:11:42:35.339975;22/Jul/2026:11:42:41.504136;22/Jul/2026:11:42:42.829271;22/Jul/2026:11:42:43.892485;22/Jul/2026:11:42:29.499239;22/Jul/2026:11:42:26.391624;22/Jul/2026:11:42:41.405964;22/Jul/2026:11:42:41.488041;22/Jul/2026:11:42:42.824538;22/Jul/2026:11:42:33.578891;22/Jul/2026:11:42:36.743170;22/Jul/2026:11:42:41.405768;22/Jul/2026:11:42:42.829838;22/Jul/2026:11:42:42.830117;22/Jul/2026:11:42:42.833092;22/Jul/2026:11:42:40.339594;22/Jul/2026:11:42:44.053631;22/Jul/2026:11:42:34.362888;22/Jul/2026:11:42:42.827033;22/Jul/2026:11:42:42.833277;22/Jul/2026:11:42:42.829893;22/Jul/2026:11:42:40.334158;22/Jul/2026:11:42:44.222577,2.1529;1.0931;1.1719;1.1685;3.6674;1.2198;0.1714;2.6135;2.6285;3.7984;8.8135;2.6579;1.3941;0.3880;14.8399;17.9539;2.9582;2.9012;1.5708;10.8308;7.6891;3.0520;1.6846;1.6933;1.6989;4.2049;0.4994;10.1983;1.7736;1.7722;1.7771;4.2795;0.4317
10,5,315,success,None,22/Jul/2026:11:42:42.822594,22/Jul/2026:11:42:44.917652,2.0951,88,22/Jul/2026:11:42:37.845206;22/Jul/2026:11:42:36.701103;22/Jul/2026:11:42:38.988361;22/Jul/2026:11:42:36.703327;22/Jul/2026:11:42:34.447153;22/Jul/2026:11:42:41.504221;22/Jul/2026:11:42:37.845094;22/Jul/2026:11:42:40.333563;22/Jul/2026:11:42:42.825079;22/Jul/2026:11:42:42.823046;22/Jul/2026:11:42:41.489076;22/Jul/2026:11:42:42.824652;22/Jul/2026:11:42:42.826280;22/Jul/2026:11:42:42.824057;22/Jul/2026:11:42:42.826747;22/Jul/2026:11:42:37.841004;22/Jul/2026:11:42:42.824232;22/Jul/2026:11:42:42.826792;22/Jul/2026:11:42:40.339719;22/Jul/2026:11:42:42.825938;22/Jul/2026:11:42:37.843384;22/Jul/2026:11:42:39.281032;22/Jul/2026:11:42:42.824972;22/Jul/2026:11:42:42.825889;22/Jul/2026:11:42:41.488650;22/Jul/2026:11:42:42.828720;22/Jul/2026:11:42:37.850335;22/Jul/2026:11:42:40.339063;22/Jul/2026:11:42:42.825791;22/Jul/2026:11:42:41.504255;22/Jul/2026:11:42:40.334302;22/Jul/2026:11:42:41.616127;22/Jul/2026:11:42:39.006444;22/Jul/2026:11:42:42.828350;22/Jul/2026:11:42:42.826472;22/Jul/2026:11:42:41.504575;22/Jul/2026:11:42:33.357013;22/Jul/2026:11:42:42.827364;22/Jul/2026:11:42:31.480135;22/Jul/2026:11:42:42.825592;22/Jul/2026:11:42:40.334801;22/Jul/2026:11:42:42.823665;22/Jul/2026:11:42:41.505163;22/Jul/2026:11:42:42.831808;22/Jul/2026:11:42:42.825984;22/Jul/2026:11:42:36.412716;22/Jul/2026:11:42:42.823998;22/Jul/2026:11:42:40.338276;22/Jul/2026:11:42:42.824768;22/Jul/2026:11:42:40.340624;22/Jul/2026:11:42:42.825294;22/Jul/2026:11:42:36.230659;22/Jul/2026:11:42:40.341212;22/Jul/2026:11:42:42.823125;22/Jul/2026:11:42:35.345013;22/Jul/2026:11:42:41.753216;22/Jul/2026:11:42:42.825129;22/Jul/2026:11:42:42.827994;22/Jul/2026:11:42:42.832344;22/Jul/2026:11:42:40.342902;22/Jul/2026:11:42:42.827943;22/Jul/2026:11:42:43.892759;22/Jul/2026:11:42:41.503979;22/Jul/2026:11:42:41.503830;22/Jul/2026:11:42:40.339932;22/Jul/2026:11:42:35.339975;22/Jul/2026:11:42:41.504136;22/Jul/2026:11:42:42.829271;22/Jul/2026:11:42:43.892485;22/Jul/2026:11:42:29.499239;22/Jul/2026:11:42:26.391624;22/Jul/2026:11:42:41.405964;22/Jul/2026:11:42:41.488041;22/Jul/2026:11:42:42.824538;22/Jul/2026:11:42:33.578891;22/Jul/2026:11:42:36.743170;22/Jul/2026:11:42:41.405768;22/Jul/2026:11:42:42.829838;22/Jul/2026:11:42:42.830117;22/Jul/2026:11:42:42.833092;22/Jul/2026:11:42:40.339594;22/Jul/2026:11:42:44.053631;22/Jul/2026:11:42:34.362888;22/Jul/2026:11:42:42.827033;22/Jul/2026:11:42:42.833277;22/Jul/2026:11:42:42.829893;22/Jul/2026:11:42:40.334158;22/Jul/2026:11:42:44.222577,4.9898;6.1339;3.8569;6.1443;8.4022;1.3721;5.0404;2.5532;0.0718;0.0760;1.4172;0.0858;0.0862;0.0960;0.1092;5.1005;0.1213;0.1201;2.6083;0.1238;5.1124;3.6759;0.1522;0.1769;1.5279;0.1887;5.2025;2.7160;0.2555;1.5895;2.8579;1.7957;4.4236;0.6418;0.6865;2.0614;10.2138;0.7443;12.0930;0.7753;3.3059;0.8181;2.1411;0.8713;0.8872;7.3236;0.9364;3.4276;1.0023;3.4956;1.0191;7.6232;3.5168;1.0355;8.5142;2.1529;1.0931;1.1719;1.1685;3.6674;1.2198;0.1714;2.6135;2.6285;3.7984;8.8135;2.6579;1.3941;0.3880;14.8399;17.9539;2.9582;2.9012;1.5708;10.8308;7.6891;3.0520;1.6846;1.6933;1.6989;4.2049;0.4994;10.1983;1.7736;1.7722;1.7771;4.2795;0.4317
10,5,343,success,None,22/Jul/2026:11:42:44.052159,22/Jul/2026:11:42:45.142552,1.0904,27,22/Jul/2026:11:42:43.892759;22/Jul/2026:11:42:41.503979;22/Jul/2026:11:42:41.503830;22/Jul/2026:11:42:40.339932;22/Jul/2026:11:42:35.339975;22/Jul/2026:11:42:41.504136;22/Jul/2026:11:42:42.829271;22/Jul/2026:11:42:43.892485;22/Jul/2026:11:42:29.499239;22/Jul/2026:11:42:26.391624;22/Jul/2026:11:42:41.405964;22/Jul/2026:11:42:41.488041;22/Jul/2026:11:42:42.824538;22/Jul/2026:11:42:33.578891;22/Jul/2026:11:42:36.743170;22/Jul/2026:11:42:41.405768;22/Jul/2026:11:42:42.829838;22/Jul/2026:11:42:42.830117;22/Jul/2026:11:42:42.833092;22/Jul/2026:11:42:40.339594;22/Jul/2026:11:42:44.053631;22/Jul/2026:11:42:34.362888;22/Jul/2026:11:42:42.827033;22/Jul/2026:11:42:42.833277;22/Jul/2026:11:42:42.829893;22/Jul/2026:11:42:40.334158;22/Jul/2026:11:42:44.222577,0.1714;2.6135;2.6285;3.7984;8.8135;2.6579;1.3941;0.3880;14.8399;17.9539;2.9582;2.9012;1.5708;10.8308;7.6891;3.0520;1.6846;1.6933;1.6989;4.2049;0.4994;10.1983;1.7736;1.7722;1.7771;4.2795;0.4317
10,5,334,success,None,22/Jul/2026:11:42:43.931355,22/Jul/2026:11:42:45.149310,1.2180,31,22/Jul/2026:11:42:42.827994;22/Jul/2026:11:42:42.832344;22/Jul/2026:11:42:40.342902;22/Jul/2026:11:42:42.827943;22/Jul/2026:11:42:43.892759;22/Jul/2026:11:42:41.503979;22/Jul/2026:11:42:41.503830;22/Jul/2026:11:42:40.339932;22/Jul/2026:11:42:35.339975;22/Jul/2026:11:42:41.504136;22/Jul/2026:11:42:42.829271;22/Jul/2026:11:42:43.892485;22/Jul/2026:11:42:29.499239;22/Jul/2026:11:42:26.391624;22/Jul/2026:11:42:41.405964;22/Jul/2026:11:42:41.488041;22/Jul/2026:11:42:42.824538;22/Jul/2026:11:42:33.578891;22/Jul/2026:11:42:36.743170;22/Jul/2026:11:42:41.405768;22/Jul/2026:11:42:42.829838;22/Jul/2026:11:42:42.830117;22/Jul/2026:11:42:42.833092;22/Jul/2026:11:42:40.339594;22/Jul/2026:11:42:44.053631;22/Jul/2026:11:42:34.362888;22/Jul/2026:11:42:42.827033;22/Jul/2026:11:42:42.833277;22/Jul/2026:11:42:42.829893;22/Jul/2026:11:42:40.334158;22/Jul/2026:11:42:44.222577,1.1719;1.1685;3.6674;1.2198;0.1714;2.6135;2.6285;3.7984;8.8135;2.6579;1.3941;0.3880;14.8399;17.9539;2.9582;2.9012;1.5708;10.8308;7.6891;3.0520;1.6846;1.6933;1.6989;4.2049;0.4994;10.1983;1.7736;1.7722;1.7771;4.2795;0.4317
10,5,366,success,None,22/Jul/2026:11:42:44.187018,22/Jul/2026:11:42:45.185114,0.9981,21,22/Jul/2026:11:42:42.829271;22/Jul/2026:11:42:43.892485;22/Jul/2026:11:42:29.499239;22/Jul/2026:11:42:26.391624;22/Jul/2026:11:42:41.405964;22/Jul/2026:11:42:41.488041;22/Jul/2026:11:42:42.824538;22/Jul/2026:11:42:33.578891;22/Jul/2026:11:42:36.743170;22/Jul/2026:11:42:41.405768;22/Jul/2026:11:42:42.829838;22/Jul/2026:11:42:42.830117;22/Jul/2026:11:42:42.833092;22/Jul/2026:11:42:40.339594;22/Jul/2026:11:42:44.053631;22/Jul/2026:11:42:34.362888;22/Jul/2026:11:42:42.827033;22/Jul/2026:11:42:42.833277;22/Jul/2026:11:42:42.829893;22/Jul/2026:11:42:40.334158;22/Jul/2026:11:42:44.222577,1.3941;0.3880;14.8399;17.9539;2.9582;2.9012;1.5708;10.8308;7.6891;3.0520;1.6846;1.6933;1.6989;4.2049;0.4994;10.1983;1.7736;1.7722;1.7771;4.2795;0.4317
10,5,415,success,None,22/Jul/2026:11:42:44.221383,22/Jul/2026:11:42:45.230786,1.0094,21,22/Jul/2026:11:42:42.829271;22/Jul/2026:11:42:43.892485;22/Jul/2026:11:42:29.499239;22/Jul/2026:11:42:26.391624;22/Jul/2026:11:42:41.405964;22/Jul/2026:11:42:41.488041;22/Jul/2026:11:42:42.824538;22/Jul/2026:11:42:33.578891;22/Jul/2026:11:42:36.743170;22/Jul/2026:11:42:41.405768;22/Jul/2026:11:42:42.829838;22/Jul/2026:11:42:42.830117;22/Jul/2026:11:42:42.833092;22/Jul/2026:11:42:40.339594;22/Jul/2026:11:42:44.053631;22/Jul/2026:11:42:34.362888;22/Jul/2026:11:42:42.827033;22/Jul/2026:11:42:42.833277;22/Jul/2026:11:42:42.829893;22/Jul/2026:11:42:40.334158;22/Jul/2026:11:42:44.222577,1.3941;0.3880;14.8399;17.9539;2.9582;2.9012;1.5708;10.8308;7.6891;3.0520;1.6846;1.6933;1.6989;4.2049;0.4994;10.1983;1.7736;1.7722;1.7771;4.2795;0.4317
11,5,25,success,None,22/Jul/2026:11:42:45.240550,22/Jul/2026:11:42:46.370836,1.1303,75,22/Jul/2026:11:42:36.703133;22/Jul/2026:11:42:41.503894;22/Jul/2026:11:42:40.340650;22/Jul/2026:11:42:38.931165;22/Jul/2026:11:42:36.701222;22/Jul/2026:11:42:42.831864;22/Jul/2026:11:42:35.349216;22/Jul/2026:11:42:38.960162;22/Jul/2026:11:42:41.504104;22/Jul/2026:11:42:42.826886;22/Jul/2026:11:42:40.342307;22/Jul/2026:11:42:42.827079;22/Jul/2026:11:42:42.832954;22/Jul/2026:11:42:42.828289;22/Jul/2026:11:42:42.826981;22/Jul/2026:11:42:45.242813;22/Jul/2026:11:42:45.247098;22/Jul/2026:11:42:45.244447;22/Jul/2026:11:42:40.342457;22/Jul/2026:11:42:45.246359;22/Jul/2026:11:42:45.246212;22/Jul/2026:11:42:45.244495;22/Jul/2026:11:42:41.504450;22/Jul/2026:11:42:45.247050;22/Jul/2026:11:42:41.504516;22/Jul/2026:11:42:44.187833;22/Jul/2026:11:42:45.245301;22/Jul/2026:11:42:30.410338;22/Jul/2026:11:42:43.893507;22/Jul/2026:11:42:41.505241;22/Jul/2026:11:42:28.214668;22/Jul/2026:11:42:45.246606;22/Jul/2026:11:42:35.348499;22/Jul/2026:11:42:45.244054;22/Jul/2026:11:42:42.832905;22/Jul/2026:11:42:32.266665;22/Jul/2026:11:42:45.244349;22/Jul/2026:11:42:43.931939;22/Jul/2026:11:42:32.267990;22/Jul/2026:11:42:40.342356;22/Jul/2026:11:42:40.342654;22/Jul/2026:11:42:45.250568;22/Jul/2026:11:42:37.009562;22/Jul/2026:11:42:42.832130;22/Jul/2026:11:42:45.244895;22/Jul/2026:11:42:40.342555;22/Jul/2026:11:42:40.341134;22/Jul/2026:11:42:42.822525;22/Jul/2026:11:42:40.341877;22/Jul/2026:11:42:37.846879;22/Jul/2026:11:42:45.249731;22/Jul/2026:11:42:45.242986;22/Jul/2026:11:42:37.845010;22/Jul/2026:11:42:45.245995;22/Jul/2026:11:42:45.246509;22/Jul/2026:11:42:45.253483;22/Jul/2026:11:42:44.053539;22/Jul/2026:11:42:35.348224;22/Jul/2026:11:42:45.251853;22/Jul/2026:11:42:42.826838;22/Jul/2026:11:42:40.341443;22/Jul/2026:11:42:41.488882;22/Jul/2026:11:42:45.244299;22/Jul/2026:11:42:37.847011;22/Jul/2026:11:42:37.838375;22/Jul/2026:11:42:36.291246;22/Jul/2026:11:42:34.357926;22/Jul/2026:11:42:41.403937;22/Jul/2026:11:42:43.932400;22/Jul/2026:11:42:41.616220;22/Jul/2026:11:42:41.404375;22/Jul/2026:11:42:42.832371;22/Jul/2026:11:42:42.829755;22/Jul/2026:11:42:42.829724;22/Jul/2026:11:42:45.254386,8.5528;3.7536;4.9169;6.3264;8.5564;2.4257;9.9093;6.2983;3.7559;2.4331;4.9182;2.4337;2.4300;2.4430;2.4599;0.0464;0.0468;0.0496;4.9517;0.0574;0.0800;0.0832;3.8470;0.1076;3.8559;1.1748;0.1739;15.0348;1.5587;3.9477;17.2936;0.2904;10.1988;0.3693;2.7924;13.3687;0.6028;1.9554;13.6439;5.5711;5.5743;0.7201;8.9619;3.1501;0.7779;5.6933;5.7005;3.2273;5.7146;8.2103;0.8085;0.8313;8.2378;0.8556;0.8721;0.8842;2.0857;10.7999;0.9130;3.3593;5.8519;4.7093;0.9642;8.3710;8.4007;9.9598;11.9151;4.8706;2.3437;4.6648;4.8845;3.4582;3.4713;3.4762;1.0999
11,5,76,success,None,22/Jul/2026:11:42:45.241035,22/Jul/2026:11:42:46.396949,1.1559,76,22/Jul/2026:11:42:36.703133;22/Jul/2026:11:42:41.503894;22/Jul/2026:11:42:40.340650;22/Jul/2026:11:42:38.931165;22/Jul/2026:11:42:36.701222;22/Jul/2026:11:42:42.831864;22/Jul/2026:11:42:35.349216;22/Jul/2026:11:42:38.960162;22/Jul/2026:11:42:41.504104;22/Jul/2026:11:42:42.826886;22/Jul/2026:11:42:40.342307;22/Jul/2026:11:42:42.827079;22/Jul/2026:11:42:42.832954;22/Jul/2026:11:42:42.828289;22/Jul/2026:11:42:42.826981;22/Jul/2026:11:42:45.242813;22/Jul/2026:11:42:45.247098;22/Jul/2026:11:42:45.244447;22/Jul/2026:11:42:40.342457;22/Jul/2026:11:42:45.246359;22/Jul/2026:11:42:45.246212;22/Jul/2026:11:42:45.244495;22/Jul/2026:11:42:41.504450;22/Jul/2026:11:42:45.247050;22/Jul/2026:11:42:41.504516;22/Jul/2026:11:42:44.187833;22/Jul/2026:11:42:45.245301;22/Jul/2026:11:42:30.410338;22/Jul/2026:11:42:43.893507;22/Jul/2026:11:42:41.505241;22/Jul/2026:11:42:28.214668;22/Jul/2026:11:42:45.246606;22/Jul/2026:11:42:35.348499;22/Jul/2026:11:42:45.244054;22/Jul/2026:11:42:42.832905;22/Jul/2026:11:42:32.266665;22/Jul/2026:11:42:45.244349;22/Jul/2026:11:42:43.931939;22/Jul/2026:11:42:32.267990;22/Jul/2026:11:42:40.342356;22/Jul/2026:11:42:40.342654;22/Jul/2026:11:42:45.250568;22/Jul/2026:11:42:37.009562;22/Jul/2026:11:42:42.832130;22/Jul/2026:11:42:45.244895;22/Jul/2026:11:42:40.342555;22/Jul/2026:11:42:40.341134;22/Jul/2026:11:42:42.822525;22/Jul/2026:11:42:40.341877;22/Jul/2026:11:42:37.846879;22/Jul/2026:11:42:45.249731;22/Jul/2026:11:42:45.242986;22/Jul/2026:11:42:37.845010;22/Jul/2026:11:42:45.245995;22/Jul/2026:11:42:45.246509;22/Jul/2026:11:42:45.253483;22/Jul/2026:11:42:44.053539;22/Jul/2026:11:42:35.348224;22/Jul/2026:11:42:45.251853;22/Jul/2026:11:42:42.826838;22/Jul/2026:11:42:40.341443;22/Jul/2026:11:42:41.488882;22/Jul/2026:11:42:45.244299;22/Jul/2026:11:42:37.847011;22/Jul/2026:11:42:37.838375;22/Jul/2026:11:42:36.291246;22/Jul/2026:11:42:34.357926;22/Jul/2026:11:42:41.403937;22/Jul/2026:11:42:43.932400;22/Jul/2026:11:42:41.616220;22/Jul/2026:11:42:41.404375;22/Jul/2026:11:42:42.832371;22/Jul/2026:11:42:42.829755;22/Jul/2026:11:42:42.829724;22/Jul/2026:11:42:45.254386;22/Jul/2026:11:42:40.335174,8.5528;3.7536;4.9169;6.3264;8.5564;2.4257;9.9093;6.2983;3.7559;2.4331;4.9182;2.4337;2.4300;2.4430;2.4599;0.0464;0.0468;0.0496;4.9517;0.0574;0.0800;0.0832;3.8470;0.1076;3.8559;1.1748;0.1739;15.0348;1.5587;3.9477;17.2936;0.2904;10.1988;0.3693;2.7924;13.3687;0.6028;1.9554;13.6439;5.5711;5.5743;0.7201;8.9619;3.1501;0.7779;5.6933;5.7005;3.2273;5.7146;8.2103;0.8085;0.8313;8.2378;0.8556;0.8721;0.8842;2.0857;10.7999;0.9130;3.3593;5.8519;4.7093;0.9642;8.3710;8.4007;9.9598;11.9151;4.8706;2.3437;4.6648;4.8845;3.4582;3.4713;3.4762;1.0999;6.0602
11,5,61,success,None,22/Jul/2026:11:42:45.240898,22/Jul/2026:11:42:46.406073,1.1652,76,22/Jul/2026:11:42:36.703133;22/Jul/2026:11:42:41.503894;22/Jul/2026:11:42:40.340650;22/Jul/2026:11:42:38.931165;22/Jul/2026:11:42:36.701222;22/Jul/2026:11:42:42.831864;22/Jul/2026:11:42:35.349216;22/Jul/2026:11:42:38.960162;22/Jul/2026:11:42:41.504104;22/Jul/2026:11:42:42.826886;22/Jul/2026:11:42:40.342307;22/Jul/2026:11:42:42.827079;22/Jul/2026:11:42:42.832954;22/Jul/2026:11:42:42.828289;22/Jul/2026:11:42:42.826981;22/Jul/2026:11:42:45.242813;22/Jul/2026:11:42:45.247098;22/Jul/2026:11:42:45.244447;22/Jul/2026:11:42:40.342457;22/Jul/2026:11:42:45.246359;22/Jul/2026:11:42:45.246212;22/Jul/2026:11:42:45.244495;22/Jul/2026:11:42:41.504450;22/Jul/2026:11:42:45.247050;22/Jul/2026:11:42:41.504516;22/Jul/2026:11:42:44.187833;22/Jul/2026:11:42:45.245301;22/Jul/2026:11:42:30.410338;22/Jul/2026:11:42:43.893507;22/Jul/2026:11:42:41.505241;22/Jul/2026:11:42:28.214668;22/Jul/2026:11:42:45.246606;22/Jul/2026:11:42:35.348499;22/Jul/2026:11:42:45.244054;22/Jul/2026:11:42:42.832905;22/Jul/2026:11:42:32.266665;22/Jul/2026:11:42:45.244349;22/Jul/2026:11:42:43.931939;22/Jul/2026:11:42:32.267990;22/Jul/2026:11:42:40.342356;22/Jul/2026:11:42:40.342654;22/Jul/2026:11:42:45.250568;22/Jul/2026:11:42:37.009562;22/Jul/2026:11:42:42.832130;22/Jul/2026:11:42:45.244895;22/Jul/2026:11:42:40.342555;22/Jul/2026:11:42:40.341134;22/Jul/2026:11:42:42.822525;22/Jul/2026:11:42:40.341877;22/Jul/2026:11:42:37.846879;22/Jul/2026:11:42:45.249731;22/Jul/2026:11:42:45.242986;22/Jul/2026:11:42:37.845010;22/Jul/2026:11:42:45.245995;22/Jul/2026:11:42:45.246509;22/Jul/2026:11:42:45.253483;22/Jul/2026:11:42:44.053539;22/Jul/2026:11:42:35.348224;22/Jul/2026:11:42:45.251853;22/Jul/2026:11:42:42.826838;22/Jul/2026:11:42:40.341443;22/Jul/2026:11:42:41.488882;22/Jul/2026:11:42:45.244299;22/Jul/2026:11:42:37.847011;22/Jul/2026:11:42:37.838375;22/Jul/2026:11:42:36.291246;22/Jul/2026:11:42:34.357926;22/Jul/2026:11:42:41.403937;22/Jul/2026:11:42:43.932400;22/Jul/2026:11:42:41.616220;22/Jul/2026:11:42:41.404375;22/Jul/2026:11:42:42.832371;22/Jul/2026:11:42:42.829755;22/Jul/2026:11:42:42.829724;22/Jul/2026:11:42:45.254386;22/Jul/2026:11:42:40.335174,8.5528;3.7536;4.9169;6.3264;8.5564;2.4257;9.9093;6.2983;3.7559;2.4331;4.9182;2.4337;2.4300;2.4430;2.4599;0.0464;0.0468;0.0496;4.9517;0.0574;0.0800;0.0832;3.8470;0.1076;3.8559;1.1748;0.1739;15.0348;1.5587;3.9477;17.2936;0.2904;10.1988;0.3693;2.7924;13.3687;0.6028;1.9554;13.6439;5.5711;5.5743;0.7201;8.9619;3.1501;0.7779;5.6933;5.7005;3.2273;5.7146;8.2103;0.8085;0.8313;8.2378;0.8556;0.8721;0.8842;2.0857;10.7999;0.9130;3.3593;5.8519;4.7093;0.9642;8.3710;8.4007;9.9598;11.9151;4.8706;2.3437;4.6648;4.8845;3.4582;3.4713;3.4762;1.0999;6.0602
11,5,51,success,None,22/Jul/2026:11:42:45.240724,22/Jul/2026:11:42:46.412274,1.1716,77,22/Jul/2026:11:42:36.703133;22/Jul/2026:11:42:41.503894;22/Jul/2026:11:42:40.340650;22/Jul/2026:11:42:38.931165;22/Jul/2026:11:42:36.701222;22/Jul/2026:11:42:42.831864;22/Jul/2026:11:42:35.349216;22/Jul/2026:11:42:38.960162;22/Jul/2026:11:42:41.504104;22/Jul/2026:11:42:42.826886;22/Jul/2026:11:42:40.342307;22/Jul/2026:11:42:42.827079;22/Jul/2026:11:42:42.832954;22/Jul/2026:11:42:42.828289;22/Jul/2026:11:42:42.826981;22/Jul/2026:11:42:45.242813;22/Jul/2026:11:42:45.247098;22/Jul/2026:11:42:45.244447;22/Jul/2026:11:42:40.342457;22/Jul/2026:11:42:45.246359;22/Jul/2026:11:42:45.246212;22/Jul/2026:11:42:45.244495;22/Jul/2026:11:42:41.504450;22/Jul/2026:11:42:45.247050;22/Jul/2026:11:42:41.504516;22/Jul/2026:11:42:44.187833;22/Jul/2026:11:42:45.245301;22/Jul/2026:11:42:30.410338;22/Jul/2026:11:42:43.893507;22/Jul/2026:11:42:41.505241;22/Jul/2026:11:42:28.214668;22/Jul/2026:11:42:45.246606;22/Jul/2026:11:42:35.348499;22/Jul/2026:11:42:45.244054;22/Jul/2026:11:42:42.832905;22/Jul/2026:11:42:32.266665;22/Jul/2026:11:42:45.244349;22/Jul/2026:11:42:43.931939;22/Jul/2026:11:42:32.267990;22/Jul/2026:11:42:40.342356;22/Jul/2026:11:42:40.342654;22/Jul/2026:11:42:45.250568;22/Jul/2026:11:42:37.009562;22/Jul/2026:11:42:42.832130;22/Jul/2026:11:42:45.244895;22/Jul/2026:11:42:40.342555;22/Jul/2026:11:42:40.341134;22/Jul/2026:11:42:42.822525;22/Jul/2026:11:42:40.341877;22/Jul/2026:11:42:37.846879;22/Jul/2026:11:42:45.249731;22/Jul/2026:11:42:45.242986;22/Jul/2026:11:42:37.845010;22/Jul/2026:11:42:45.245995;22/Jul/2026:11:42:45.246509;22/Jul/2026:11:42:45.253483;22/Jul/2026:11:42:44.053539;22/Jul/2026:11:42:35.348224;22/Jul/2026:11:42:45.251853;22/Jul/2026:11:42:42.826838;22/Jul/2026:11:42:40.341443;22/Jul/2026:11:42:41.488882;22/Jul/2026:11:42:45.244299;22/Jul/2026:11:42:37.847011;22/Jul/2026:11:42:37.838375;22/Jul/2026:11:42:36.291246;22/Jul/2026:11:42:34.357926;22/Jul/2026:11:42:41.403937;22/Jul/2026:11:42:43.932400;22/Jul/2026:11:42:41.616220;22/Jul/2026:11:42:41.404375;22/Jul/2026:11:42:42.832371;22/Jul/2026:11:42:42.829755;22/Jul/2026:11:42:42.829724;22/Jul/2026:11:42:45.254386;22/Jul/2026:11:42:40.335174;22/Jul/2026:11:42:44.053254,8.5528;3.7536;4.9169;6.3264;8.5564;2.4257;9.9093;6.2983;3.7559;2.4331;4.9182;2.4337;2.4300;2.4430;2.4599;0.0464;0.0468;0.0496;4.9517;0.0574;0.0800;0.0832;3.8470;0.1076;3.8559;1.1748;0.1739;15.0348;1.5587;3.9477;17.2936;0.2904;10.1988;0.3693;2.7924;13.3687;0.6028;1.9554;13.6439;5.5711;5.5743;0.7201;8.9619;3.1501;0.7779;5.6933;5.7005;3.2273;5.7146;8.2103;0.8085;0.8313;8.2378;0.8556;0.8721;0.8842;2.0857;10.7999;0.9130;3.3593;5.8519;4.7093;0.9642;8.3710;8.4007;9.9598;11.9151;4.8706;2.3437;4.6648;4.8845;3.4582;3.4713;3.4762;1.0999;6.0602;2.3541
11,5,133,success,None,22/Jul/2026:11:42:45.241443,22/Jul/2026:11:42:46.501769,1.2603,83,22/Jul/2026:11:42:36.703133;22/Jul/2026:11:42:41.503894;22/Jul/2026:11:42:40.340650;22/Jul/2026:11:42:38.931165;22/Jul/2026:11:42:36.701222;22/Jul/2026:11:42:42.831864;22/Jul/2026:11:42:35.349216;22/Jul/2026:11:42:38.960162;22/Jul/2026:11:42:41.504104;22/Jul/2026:11:42:42.826886;22/Jul/2026:11:42:40.342307;22/Jul/2026:11:42:42.827079;22/Jul/2026:11:42:42.832954;22/Jul/2026:11:42:42.828289;22/Jul/2026:11:42:42.826981;22/Jul/2026:11:42:45.242813;22/Jul/2026:11:42:45.247098;22/Jul/2026:11:42:45.244447;22/Jul/2026:11:42:40.342457;22/Jul/2026:11:42:45.246359;22/Jul/2026:11:42:45.246212;22/Jul/2026:11:42:45.244495;22/Jul/2026:11:42:41.504450;22/Jul/2026:11:42:45.247050;22/Jul/2026:11:42:41.504516;22/Jul/2026:11:42:44.187833;22/Jul/2026:11:42:45.245301;22/Jul/2026:11:42:30.410338;22/Jul/2026:11:42:43.893507;22/Jul/2026:11:42:41.505241;22/Jul/2026:11:42:28.214668;22/Jul/2026:11:42:45.246606;22/Jul/2026:11:42:35.348499;22/Jul/2026:11:42:45.244054;22/Jul/2026:11:42:42.832905;22/Jul/2026:11:42:32.266665;22/Jul/2026:11:42:45.244349;22/Jul/2026:11:42:43.931939;22/Jul/2026:11:42:32.267990;22/Jul/2026:11:42:40.342356;22/Jul/2026:11:42:40.342654;22/Jul/2026:11:42:45.250568;22/Jul/2026:11:42:37.009562;22/Jul/2026:11:42:42.832130;22/Jul/2026:11:42:45.244895;22/Jul/2026:11:42:40.342555;22/Jul/2026:11:42:40.341134;22/Jul/2026:11:42:42.822525;22/Jul/2026:11:42:40.341877;22/Jul/2026:11:42:37.846879;22/Jul/2026:11:42:45.249731;22/Jul/2026:11:42:45.242986;22/Jul/2026:11:42:37.845010;22/Jul/2026:11:42:45.245995;22/Jul/2026:11:42:45.246509;22/Jul/2026:11:42:45.253483;22/Jul/2026:11:42:44.053539;22/Jul/2026:11:42:35.348224;22/Jul/2026:11:42:45.251853;22/Jul/2026:11:42:42.826838;22/Jul/2026:11:42:40.341443;22/Jul/2026:11:42:41.488882;22/Jul/2026:11:42:45.244299;22/Jul/2026:11:42:37.847011;22/Jul/2026:11:42:37.838375;22/Jul/2026:11:42:36.291246;22/Jul/2026:11:42:34.357926;22/Jul/2026:11:42:41.403937;22/Jul/2026:11:42:43.932400;22/Jul/2026:11:42:41.616220;22/Jul/2026:11:42:41.404375;22/Jul/2026:11:42:42.832371;22/Jul/2026:11:42:42.829755;22/Jul/2026:11:42:42.829724;22/Jul/2026:11:42:45.254386;22/Jul/2026:11:42:40.335174;22/Jul/2026:11:42:44.053254;22/Jul/2026:11:42:45.243049;22/Jul/2026:11:42:37.844365;22/Jul/2026:11:42:41.489034;22/Jul/2026:11:42:46.373271;22/Jul/2026:11:42:37.845288;22/Jul/2026:11:42:45.253882,8.5528;3.7536;4.9169;6.3264;8.5564;2.4257;9.9093;6.2983;3.7559;2.4331;4.9182;2.4337;2.4300;2.4430;2.4599;0.0464;0.0468;0.0496;4.9517;0.0574;0.0800;0.0832;3.8470;0.1076;3.8559;1.1748;0.1739;15.0348;1.5587;3.9477;17.2936;0.2904;10.1988;0.3693;2.7924;13.3687;0.6028;1.9554;13.6439;5.5711;5.5743;0.7201;8.9619;3.1501;0.7779;5.6933;5.7005;3.2273;5.7146;8.2103;0.8085;0.8313;8.2378;0.8556;0.8721;0.8842;2.0857;10.7999;0.9130;3.3593;5.8519;4.7093;0.9642;8.3710;8.4007;9.9598;11.9151;4.8706;2.3437;4.6648;4.8845;3.4582;3.4713;3.4762;1.0999;6.0602;2.3541;1.1948;8.5990;4.9688;0.0970;8.6258;1.2225
11,5,151,success,None,22/Jul/2026:11:42:45.241583,22/Jul/2026:11:42:46.795255,1.5537,97,22/Jul/2026:11:42:36.703133;22/Jul/2026:11:42:41.503894;22/Jul/2026:11:42:40.340650;22/Jul/2026:11:42:38.931165;22/Jul/2026:11:42:36.701222;22/Jul/2026:11:42:42.831864;22/Jul/2026:11:42:35.349216;22/Jul/2026:11:42:38.960162;22/Jul/2026:11:42:41.504104;22/Jul/2026:11:42:42.826886;22/Jul/2026:11:42:40.342307;22/Jul/2026:11:42:42.827079;22/Jul/2026:11:42:42.832954;22/Jul/2026:11:42:42.828289;22/Jul/2026:11:42:42.826981;22/Jul/2026:11:42:45.242813;22/Jul/2026:11:42:45.247098;22/Jul/2026:11:42:45.244447;22/Jul/2026:11:42:40.342457;22/Jul/2026:11:42:45.246359;22/Jul/2026:11:42:45.246212;22/Jul/2026:11:42:45.244495;22/Jul/2026:11:42:41.504450;22/Jul/2026:11:42:45.247050;22/Jul/2026:11:42:41.504516;22/Jul/2026:11:42:44.187833;22/Jul/2026:11:42:45.245301;22/Jul/2026:11:42:30.410338;22/Jul/2026:11:42:43.893507;22/Jul/2026:11:42:41.505241;22/Jul/2026:11:42:28.214668;22/Jul/2026:11:42:45.246606;22/Jul/2026:11:42:35.348499;22/Jul/2026:11:42:45.244054;22/Jul/2026:11:42:42.832905;22/Jul/2026:11:42:32.266665;22/Jul/2026:11:42:45.244349;22/Jul/2026:11:42:43.931939;22/Jul/2026:11:42:32.267990;22/Jul/2026:11:42:40.342356;22/Jul/2026:11:42:40.342654;22/Jul/2026:11:42:45.250568;22/Jul/2026:11:42:37.009562;22/Jul/2026:11:42:42.832130;22/Jul/2026:11:42:45.244895;22/Jul/2026:11:42:40.342555;22/Jul/2026:11:42:40.341134;22/Jul/2026:11:42:42.822525;22/Jul/2026:11:42:40.341877;22/Jul/2026:11:42:37.846879;22/Jul/2026:11:42:45.249731;22/Jul/2026:11:42:45.242986;22/Jul/2026:11:42:37.845010;22/Jul/2026:11:42:45.245995;22/Jul/2026:11:42:45.246509;22/Jul/2026:11:42:45.253483;22/Jul/2026:11:42:44.053539;22/Jul/2026:11:42:35.348224;22/Jul/2026:11:42:45.251853;22/Jul/2026:11:42:42.826838;22/Jul/2026:11:42:40.341443;22/Jul/2026:11:42:41.488882;22/Jul/2026:11:42:45.244299;22/Jul/2026:11:42:37.847011;22/Jul/2026:11:42:37.838375;22/Jul/2026:11:42:36.291246;22/Jul/2026:11:42:34.357926;22/Jul/2026:11:42:41.403937;22/Jul/2026:11:42:43.932400;22/Jul/2026:11:42:41.616220;22/Jul/2026:11:42:41.404375;22/Jul/2026:11:42:42.832371;22/Jul/2026:11:42:42.829755;22/Jul/2026:11:42:42.829724;22/Jul/2026:11:42:45.254386;22/Jul/2026:11:42:40.335174;22/Jul/2026:11:42:44.053254;22/Jul/2026:11:42:45.243049;22/Jul/2026:11:42:37.844365;22/Jul/2026:11:42:41.489034;22/Jul/2026:11:42:46.373271;22/Jul/2026:11:42:37.845288;22/Jul/2026:11:42:45.253882;22/Jul/2026:11:42:41.404582;22/Jul/2026:11:42:43.892872;22/Jul/2026:11:42:46.373203;22/Jul/2026:11:42:45.252563;22/Jul/2026:11:42:46.373473;22/Jul/2026:11:42:42.828661;22/Jul/2026:11:42:34.446819;22/Jul/2026:11:42:42.823410;22/Jul/2026:11:42:40.337627;22/Jul/2026:11:42:37.842172;22/Jul/2026:11:42:45.243796;22/Jul/2026:11:42:44.221931;22/Jul/2026:11:42:45.250352;22/Jul/2026:11:42:45.253779,8.5528;3.7536;4.9169;6.3264;8.5564;2.4257;9.9093;6.2983;3.7559;2.4331;4.9182;2.4337;2.4300;2.4430;2.4599;0.0464;0.0468;0.0496;4.9517;0.0574;0.0800;0.0832;3.8470;0.1076;3.8559;1.1748;0.1739;15.0348;1.5587;3.9477;17.2936;0.2904;10.1988;0.3693;2.7924;13.3687;0.6028;1.9554;13.6439;5.5711;5.5743;0.7201;8.9619;3.1501;0.7779;5.6933;5.7005;3.2273;5.7146;8.2103;0.8085;0.8313;8.2378;0.8556;0.8721;0.8842;2.0857;10.7999;0.9130;3.3593;5.8519;4.7093;0.9642;8.3710;8.4007;9.9598;11.9151;4.8706;2.3437;4.6648;4.8845;3.4582;3.4713;3.4762;1.0999;6.0602;2.3541;1.1948;8.5990;4.9688;0.0970;8.6258;1.2225;5.1303;2.6662;0.1877;1.3291;0.2589;3.8225;12.2708;3.8945;6.3977;8.8959;1.4980;2.5379;1.5248;1.5377
11,5,161,success,None,22/Jul/2026:11:42:45.241697,22/Jul/2026:11:42:46.866005,1.6243,100,22/Jul/2026:11:42:36.703133;22/Jul/2026:11:42:41.503894;22/Jul/2026:11:42:40.340650;22/Jul/2026:11:42:38.931165;22/Jul/2026:11:42:36.701222;22/Jul/2026:11:42:42.831864;22/Jul/2026:11:42:35.349216;22/Jul/2026:11:42:38.960162;22/Jul/2026:11:42:41.504104;22/Jul/2026:11:42:42.826886;22/Jul/2026:11:42:40.342307;22/Jul/2026:11:42:42.827079;22/Jul/2026:11:42:42.832954;22/Jul/2026:11:42:42.828289;22/Jul/2026:11:42:42.826981;22/Jul/2026:11:42:45.242813;22/Jul/2026:11:42:45.247098;22/Jul/2026:11:42:45.244447;22/Jul/2026:11:42:40.342457;22/Jul/2026:11:42:45.246359;22/Jul/2026:11:42:45.246212;22/Jul/2026:11:42:45.244495;22/Jul/2026:11:42:41.504450;22/Jul/2026:11:42:45.247050;22/Jul/2026:11:42:41.504516;22/Jul/2026:11:42:44.187833;22/Jul/2026:11:42:45.245301;22/Jul/2026:11:42:30.410338;22/Jul/2026:11:42:43.893507;22/Jul/2026:11:42:41.505241;22/Jul/2026:11:42:28.214668;22/Jul/2026:11:42:45.246606;22/Jul/2026:11:42:35.348499;22/Jul/2026:11:42:45.244054;22/Jul/2026:11:42:42.832905;22/Jul/2026:11:42:32.266665;22/Jul/2026:11:42:45.244349;22/Jul/2026:11:42:43.931939;22/Jul/2026:11:42:32.267990;22/Jul/2026:11:42:40.342356;22/Jul/2026:11:42:40.342654;22/Jul/2026:11:42:45.250568;22/Jul/2026:11:42:37.009562;22/Jul/2026:11:42:42.832130;22/Jul/2026:11:42:45.244895;22/Jul/2026:11:42:40.342555;22/Jul/2026:11:42:40.341134;22/Jul/2026:11:42:42.822525;22/Jul/2026:11:42:40.341877;22/Jul/2026:11:42:37.846879;22/Jul/2026:11:42:45.249731;22/Jul/2026:11:42:45.242986;22/Jul/2026:11:42:37.845010;22/Jul/2026:11:42:45.245995;22/Jul/2026:11:42:45.246509;22/Jul/2026:11:42:45.253483;22/Jul/2026:11:42:44.053539;22/Jul/2026:11:42:35.348224;22/Jul/2026:11:42:45.251853;22/Jul/2026:11:42:42.826838;22/Jul/2026:11:42:40.341443;22/Jul/2026:11:42:41.488882;22/Jul/2026:11:42:45.244299;22/Jul/2026:11:42:37.847011;22/Jul/2026:11:42:37.838375;22/Jul/2026:11:42:36.291246;22/Jul/2026:11:42:34.357926;22/Jul/2026:11:42:41.403937;22/Jul/2026:11:42:43.932400;22/Jul/2026:11:42:41.616220;22/Jul/2026:11:42:41.404375;22/Jul/2026:11:42:42.832371;22/Jul/2026:11:42:42.829755;22/Jul/2026:11:42:42.829724;22/Jul/2026:11:42:45.254386;22/Jul/2026:11:42:40.335174;22/Jul/2026:11:42:44.053254;22/Jul/2026:11:42:45.243049;22/Jul/2026:11:42:37.844365;22/Jul/2026:11:42:41.489034;22/Jul/2026:11:42:46.373271;22/Jul/2026:11:42:37.845288;22/Jul/2026:11:42:45.253882;22/Jul/2026:11:42:41.404582;22/Jul/2026:11:42:43.892872;22/Jul/2026:11:42:46.373203;22/Jul/2026:11:42:45.252563;22/Jul/2026:11:42:46.373473;22/Jul/2026:11:42:42.828661;22/Jul/2026:11:42:34.446819;22/Jul/2026:11:42:42.823410;22/Jul/2026:11:42:40.337627;22/Jul/2026:11:42:37.842172;22/Jul/2026:11:42:45.243796;22/Jul/2026:11:42:44.221931;22/Jul/2026:11:42:45.250352;22/Jul/2026:11:42:45.253779;22/Jul/2026:11:42:40.334690;22/Jul/2026:11:42:44.053445;22/Jul/2026:11:42:40.337324,8.5528;3.7536;4.9169;6.3264;8.5564;2.4257;9.9093;6.2983;3.7559;2.4331;4.9182;2.4337;2.4300;2.4430;2.4599;0.0464;0.0468;0.0496;4.9517;0.0574;0.0800;0.0832;3.8470;0.1076;3.8559;1.1748;0.1739;15.0348;1.5587;3.9477;17.2936;0.2904;10.1988;0.3693;2.7924;13.3687;0.6028;1.9554;13.6439;5.5711;5.5743;0.7201;8.9619;3.1501;0.7779;5.6933;5.7005;3.2273;5.7146;8.2103;0.8085;0.8313;8.2378;0.8556;0.8721;0.8842;2.0857;10.7999;0.9130;3.3593;5.8519;4.7093;0.9642;8.3710;8.4007;9.9598;11.9151;4.8706;2.3437;4.6648;4.8845;3.4582;3.4713;3.4762;1.0999;6.0602;2.3541;1.1948;8.5990;4.9688;0.0970;8.6258;1.2225;5.1303;2.6662;0.1877;1.3291;0.2589;3.8225;12.2708;3.8945;6.3977;8.8959;1.4980;2.5379;1.5248;1.5377;6.4702;2.7550;6.5005
11,5,203,success,None,22/Jul/2026:11:42:45.241937,22/Jul/2026:11:42:47.227160,1.9852,114,22/Jul/2026:11:42:36.703133;22/Jul/2026:11:42:41.503894;22/Jul/2026:11:42:40.340650;22/Jul/2026:11:42:38.931165;22/Jul/2026:11:42:36.701222;22/Jul/2026:11:42:42.831864;22/Jul/2026:11:42:35.349216;22/Jul/2026:11:42:38.960162;22/Jul/2026:11:42:41.504104;22/Jul/2026:11:42:42.826886;22/Jul/2026:11:42:40.342307;22/Jul/2026:11:42:42.827079;22/Jul/2026:11:42:42.832954;22/Jul/2026:11:42:42.828289;22/Jul/2026:11:42:42.826981;22/Jul/2026:11:42:45.242813;22/Jul/2026:11:42:45.247098;22/Jul/2026:11:42:45.244447;22/Jul/2026:11:42:40.342457;22/Jul/2026:11:42:45.246359;22/Jul/2026:11:42:45.246212;22/Jul/2026:11:42:45.244495;22/Jul/2026:11:42:41.504450;22/Jul/2026:11:42:45.247050;22/Jul/2026:11:42:41.504516;22/Jul/2026:11:42:44.187833;22/Jul/2026:11:42:45.245301;22/Jul/2026:11:42:30.410338;22/Jul/2026:11:42:43.893507;22/Jul/2026:11:42:41.505241;22/Jul/2026:11:42:28.214668;22/Jul/2026:11:42:45.246606;22/Jul/2026:11:42:35.348499;22/Jul/2026:11:42:45.244054;22/Jul/2026:11:42:42.832905;22/Jul/2026:11:42:32.266665;22/Jul/2026:11:42:45.244349;22/Jul/2026:11:42:43.931939;22/Jul/2026:11:42:32.267990;22/Jul/2026:11:42:40.342356;22/Jul/2026:11:42:40.342654;22/Jul/2026:11:42:45.250568;22/Jul/2026:11:42:37.009562;22/Jul/2026:11:42:42.832130;22/Jul/2026:11:42:45.244895;22/Jul/2026:11:42:40.342555;22/Jul/2026:11:42:40.341134;22/Jul/2026:11:42:42.822525;22/Jul/2026:11:42:40.341877;22/Jul/2026:11:42:37.846879;22/Jul/2026:11:42:45.249731;22/Jul/2026:11:42:45.242986;22/Jul/2026:11:42:37.845010;22/Jul/2026:11:42:45.245995;22/Jul/2026:11:42:45.246509;22/Jul/2026:11:42:45.253483;22/Jul/2026:11:42:44.053539;22/Jul/2026:11:42:35.348224;22/Jul/2026:11:42:45.251853;22/Jul/2026:11:42:42.826838;22/Jul/2026:11:42:40.341443;22/Jul/2026:11:42:41.488882;22/Jul/2026:11:42:45.244299;22/Jul/2026:11:42:37.847011;22/Jul/2026:11:42:37.838375;22/Jul/2026:11:42:36.291246;22/Jul/2026:11:42:34.357926;22/Jul/2026:11:42:41.403937;22/Jul/2026:11:42:43.932400;22/Jul/2026:11:42:41.616220;22/Jul/2026:11:42:41.404375;22/Jul/2026:11:42:42.832371;22/Jul/2026:11:42:42.829755;22/Jul/2026:11:42:42.829724;22/Jul/2026:11:42:45.254386;22/Jul/2026:11:42:40.335174;22/Jul/2026:11:42:44.053254;22/Jul/2026:11:42:45.243049;22/Jul/2026:11:42:37.844365;22/Jul/2026:11:42:41.489034;22/Jul/2026:11:42:46.373271;22/Jul/2026:11:42:37.845288;22/Jul/2026:11:42:45.253882;22/Jul/2026:11:42:41.404582;22/Jul/2026:11:42:43.892872;22/Jul/2026:11:42:46.373203;22/Jul/2026:11:42:45.252563;22/Jul/2026:11:42:46.373473;22/Jul/2026:11:42:42.828661;22/Jul/2026:11:42:34.446819;22/Jul/2026:11:42:42.823410;22/Jul/2026:11:42:40.337627;22/Jul/2026:11:42:37.842172;22/Jul/2026:11:42:45.243796;22/Jul/2026:11:42:44.221931;22/Jul/2026:11:42:45.250352;22/Jul/2026:11:42:45.253779;22/Jul/2026:11:42:40.334690;22/Jul/2026:11:42:44.053445;22/Jul/2026:11:42:40.337324;22/Jul/2026:11:42:40.337853;22/Jul/2026:11:42:37.840432;22/Jul/2026:11:42:45.253167;22/Jul/2026:11:42:45.254763;22/Jul/2026:11:42:46.400087;22/Jul/2026:11:42:45.246701;22/Jul/2026:11:42:41.403614;22/Jul/2026:11:42:37.844271;22/Jul/2026:11:42:39.006723;22/Jul/2026:11:42:43.893574;22/Jul/2026:11:42:40.341997;22/Jul/2026:11:42:35.348777;22/Jul/2026:11:42:44.188430;22/Jul/2026:11:42:42.830308,8.5528;3.7536;4.9169;6.3264;8.5564;2.4257;9.9093;6.2983;3.7559;2.4331;4.9182;2.4337;2.4300;2.4430;2.4599;0.0464;0.0468;0.0496;4.9517;0.0574;0.0800;0.0832;3.8470;0.1076;3.8559;1.1748;0.1739;15.0348;1.5587;3.9477;17.2936;0.2904;10.1988;0.3693;2.7924;13.3687;0.6028;1.9554;13.6439;5.5711;5.5743;0.7201;8.9619;3.1501;0.7779;5.6933;5.7005;3.2273;5.7146;8.2103;0.8085;0.8313;8.2378;0.8556;0.8721;0.8842;2.0857;10.7999;0.9130;3.3593;5.8519;4.7093;0.9642;8.3710;8.4007;9.9598;11.9151;4.8706;2.3437;4.6648;4.8845;3.4582;3.4713;3.4762;1.0999;6.0602;2.3541;1.1948;8.5990;4.9688;0.0970;8.6258;1.2225;5.1303;2.6662;0.1877;1.3291;0.2589;3.8225;12.2708;3.8945;6.3977;8.8959;1.4980;2.5379;1.5248;1.5377;6.4702;2.7550;6.5005;6.5407;9.0384;1.6285;1.6492;0.5243;1.6911;5.5665;9.1319;7.9730;3.1140;6.6750;11.6696;2.8392;4.1995
11,5,212,success,None,22/Jul/2026:11:42:45.242149,22/Jul/2026:11:42:47.281663,2.0395,114,22/Jul/2026:11:42:36.703133;22/Jul/2026:11:42:41.503894;22/Jul/2026:11:42:40.340650;22/Jul/2026:11:42:38.931165;22/Jul/2026:11:42:36.701222;22/Jul/2026:11:42:42.831864;22/Jul/2026:11:42:35.349216;22/Jul/2026:11:42:38.960162;22/Jul/2026:11:42:41.504104;22/Jul/2026:11:42:42.826886;22/Jul/2026:11:42:40.342307;22/Jul/2026:11:42:42.827079;22/Jul/2026:11:42:42.832954;22/Jul/2026:11:42:42.828289;22/Jul/2026:11:42:42.826981;22/Jul/2026:11:42:45.242813;22/Jul/2026:11:42:45.247098;22/Jul/2026:11:42:45.244447;22/Jul/2026:11:42:40.342457;22/Jul/2026:11:42:45.246359;22/Jul/2026:11:42:45.246212;22/Jul/2026:11:42:45.244495;22/Jul/2026:11:42:41.504450;22/Jul/2026:11:42:45.247050;22/Jul/2026:11:42:41.504516;22/Jul/2026:11:42:44.187833;22/Jul/2026:11:42:45.245301;22/Jul/2026:11:42:30.410338;22/Jul/2026:11:42:43.893507;22/Jul/2026:11:42:41.505241;22/Jul/2026:11:42:28.214668;22/Jul/2026:11:42:45.246606;22/Jul/2026:11:42:35.348499;22/Jul/2026:11:42:45.244054;22/Jul/2026:11:42:42.832905;22/Jul/2026:11:42:32.266665;22/Jul/2026:11:42:45.244349;22/Jul/2026:11:42:43.931939;22/Jul/2026:11:42:32.267990;22/Jul/2026:11:42:40.342356;22/Jul/2026:11:42:40.342654;22/Jul/2026:11:42:45.250568;22/Jul/2026:11:42:37.009562;22/Jul/2026:11:42:42.832130;22/Jul/2026:11:42:45.244895;22/Jul/2026:11:42:40.342555;22/Jul/2026:11:42:40.341134;22/Jul/2026:11:42:42.822525;22/Jul/2026:11:42:40.341877;22/Jul/2026:11:42:37.846879;22/Jul/2026:11:42:45.249731;22/Jul/2026:11:42:45.242986;22/Jul/2026:11:42:37.845010;22/Jul/2026:11:42:45.245995;22/Jul/2026:11:42:45.246509;22/Jul/2026:11:42:45.253483;22/Jul/2026:11:42:44.053539;22/Jul/2026:11:42:35.348224;22/Jul/2026:11:42:45.251853;22/Jul/2026:11:42:42.826838;22/Jul/2026:11:42:40.341443;22/Jul/2026:11:42:41.488882;22/Jul/2026:11:42:45.244299;22/Jul/2026:11:42:37.847011;22/Jul/2026:11:42:37.838375;22/Jul/2026:11:42:36.291246;22/Jul/2026:11:42:34.357926;22/Jul/2026:11:42:41.403937;22/Jul/2026:11:42:43.932400;22/Jul/2026:11:42:41.616220;22/Jul/2026:11:42:41.404375;22/Jul/2026:11:42:42.832371;22/Jul/2026:11:42:42.829755;22/Jul/2026:11:42:42.829724;22/Jul/2026:11:42:45.254386;22/Jul/2026:11:42:40.335174;22/Jul/2026:11:42:44.053254;22/Jul/2026:11:42:45.243049;22/Jul/2026:11:42:37.844365;22/Jul/2026:11:42:41.489034;22/Jul/2026:11:42:46.373271;22/Jul/2026:11:42:37.845288;22/Jul/2026:11:42:45.253882;22/Jul/2026:11:42:41.404582;22/Jul/2026:11:42:43.892872;22/Jul/2026:11:42:46.373203;22/Jul/2026:11:42:45.252563;22/Jul/2026:11:42:46.373473;22/Jul/2026:11:42:42.828661;22/Jul/2026:11:42:34.446819;22/Jul/2026:11:42:42.823410;22/Jul/2026:11:42:40.337627;22/Jul/2026:11:42:37.842172;22/Jul/2026:11:42:45.243796;22/Jul/2026:11:42:44.221931;22/Jul/2026:11:42:45.250352;22/Jul/2026:11:42:45.253779;22/Jul/2026:11:42:40.334690;22/Jul/2026:11:42:44.053445;22/Jul/2026:11:42:40.337324;22/Jul/2026:11:42:40.337853;22/Jul/2026:11:42:37.840432;22/Jul/2026:11:42:45.253167;22/Jul/2026:11:42:45.254763;22/Jul/2026:11:42:46.400087;22/Jul/2026:11:42:45.246701;22/Jul/2026:11:42:41.403614;22/Jul/2026:11:42:37.844271;22/Jul/2026:11:42:39.006723;22/Jul/2026:11:42:43.893574;22/Jul/2026:11:42:40.341997;22/Jul/2026:11:42:35.348777;22/Jul/2026:11:42:44.188430;22/Jul/2026:11:42:42.830308,8.5528;3.7536;4.9169;6.3264;8.5564;2.4257;9.9093;6.2983;3.7559;2.4331;4.9182;2.4337;2.4300;2.4430;2.4599;0.0464;0.0468;0.0496;4.9517;0.0574;0.0800;0.0832;3.8470;0.1076;3.8559;1.1748;0.1739;15.0348;1.5587;3.9477;17.2936;0.2904;10.1988;0.3693;2.7924;13.3687;0.6028;1.9554;13.6439;5.5711;5.5743;0.7201;8.9619;3.1501;0.7779;5.6933;5.7005;3.2273;5.7146;8.2103;0.8085;0.8313;8.2378;0.8556;0.8721;0.8842;2.0857;10.7999;0.9130;3.3593;5.8519;4.7093;0.9642;8.3710;8.4007;9.9598;11.9151;4.8706;2.3437;4.6648;4.8845;3.4582;3.4713;3.4762;1.0999;6.0602;2.3541;1.1948;8.5990;4.9688;0.0970;8.6258;1.2225;5.1303;2.6662;0.1877;1.3291;0.2589;3.8225;12.2708;3.8945;6.3977;8.8959;1.4980;2.5379;1.5248;1.5377;6.4702;2.7550;6.5005;6.5407;9.0384;1.6285;1.6492;0.5243;1.6911;5.5665;9.1319;7.9730;3.1140;6.6750;11.6696;2.8392;4.1995
11,5,315,success,None,22/Jul/2026:11:42:45.242328,22/Jul/2026:11:42:47.302281,2.0600,114,22/Jul/2026:11:42:36.703133;22/Jul/2026:11:42:41.503894;22/Jul/2026:11:42:40.340650;22/Jul/2026:11:42:38.931165;22/Jul/2026:11:42:36.701222;22/Jul/2026:11:42:42.831864;22/Jul/2026:11:42:35.349216;22/Jul/2026:11:42:38.960162;22/Jul/2026:11:42:41.504104;22/Jul/2026:11:42:42.826886;22/Jul/2026:11:42:40.342307;22/Jul/2026:11:42:42.827079;22/Jul/2026:11:42:42.832954;22/Jul/2026:11:42:42.828289;22/Jul/2026:11:42:42.826981;22/Jul/2026:11:42:45.242813;22/Jul/2026:11:42:45.247098;22/Jul/2026:11:42:45.244447;22/Jul/2026:11:42:40.342457;22/Jul/2026:11:42:45.246359;22/Jul/2026:11:42:45.246212;22/Jul/2026:11:42:45.244495;22/Jul/2026:11:42:41.504450;22/Jul/2026:11:42:45.247050;22/Jul/2026:11:42:41.504516;22/Jul/2026:11:42:44.187833;22/Jul/2026:11:42:45.245301;22/Jul/2026:11:42:30.410338;22/Jul/2026:11:42:43.893507;22/Jul/2026:11:42:41.505241;22/Jul/2026:11:42:28.214668;22/Jul/2026:11:42:45.246606;22/Jul/2026:11:42:35.348499;22/Jul/2026:11:42:45.244054;22/Jul/2026:11:42:42.832905;22/Jul/2026:11:42:32.266665;22/Jul/2026:11:42:45.244349;22/Jul/2026:11:42:43.931939;22/Jul/2026:11:42:32.267990;22/Jul/2026:11:42:40.342356;22/Jul/2026:11:42:40.342654;22/Jul/2026:11:42:45.250568;22/Jul/2026:11:42:37.009562;22/Jul/2026:11:42:42.832130;22/Jul/2026:11:42:45.244895;22/Jul/2026:11:42:40.342555;22/Jul/2026:11:42:40.341134;22/Jul/2026:11:42:42.822525;22/Jul/2026:11:42:40.341877;22/Jul/2026:11:42:37.846879;22/Jul/2026:11:42:45.249731;22/Jul/2026:11:42:45.242986;22/Jul/2026:11:42:37.845010;22/Jul/2026:11:42:45.245995;22/Jul/2026:11:42:45.246509;22/Jul/2026:11:42:45.253483;22/Jul/2026:11:42:44.053539;22/Jul/2026:11:42:35.348224;22/Jul/2026:11:42:45.251853;22/Jul/2026:11:42:42.826838;22/Jul/2026:11:42:40.341443;22/Jul/2026:11:42:41.488882;22/Jul/2026:11:42:45.244299;22/Jul/2026:11:42:37.847011;22/Jul/2026:11:42:37.838375;22/Jul/2026:11:42:36.291246;22/Jul/2026:11:42:34.357926;22/Jul/2026:11:42:41.403937;22/Jul/2026:11:42:43.932400;22/Jul/2026:11:42:41.616220;22/Jul/2026:11:42:41.404375;22/Jul/2026:11:42:42.832371;22/Jul/2026:11:42:42.829755;22/Jul/2026:11:42:42.829724;22/Jul/2026:11:42:45.254386;22/Jul/2026:11:42:40.335174;22/Jul/2026:11:42:44.053254;22/Jul/2026:11:42:45.243049;22/Jul/2026:11:42:37.844365;22/Jul/2026:11:42:41.489034;22/Jul/2026:11:42:46.373271;22/Jul/2026:11:42:37.845288;22/Jul/2026:11:42:45.253882;22/Jul/2026:11:42:41.404582;22/Jul/2026:11:42:43.892872;22/Jul/2026:11:42:46.373203;22/Jul/2026:11:42:45.252563;22/Jul/2026:11:42:46.373473;22/Jul/2026:11:42:42.828661;22/Jul/2026:11:42:34.446819;22/Jul/2026:11:42:42.823410;22/Jul/2026:11:42:40.337627;22/Jul/2026:11:42:37.842172;22/Jul/2026:11:42:45.243796;22/Jul/2026:11:42:44.221931;22/Jul/2026:11:42:45.250352;22/Jul/2026:11:42:45.253779;22/Jul/2026:11:42:40.334690;22/Jul/2026:11:42:44.053445;22/Jul/2026:11:42:40.337324;22/Jul/2026:11:42:40.337853;22/Jul/2026:11:42:37.840432;22/Jul/2026:11:42:45.253167;22/Jul/2026:11:42:45.254763;22/Jul/2026:11:42:46.400087;22/Jul/2026:11:42:45.246701;22/Jul/2026:11:42:41.403614;22/Jul/2026:11:42:37.844271;22/Jul/2026:11:42:39.006723;22/Jul/2026:11:42:43.893574;22/Jul/2026:11:42:40.341997;22/Jul/2026:11:42:35.348777;22/Jul/2026:11:42:44.188430;22/Jul/2026:11:42:42.830308,8.5528;3.7536;4.9169;6.3264;8.5564;2.4257;9.9093;6.2983;3.7559;2.4331;4.9182;2.4337;2.4300;2.4430;2.4599;0.0464;0.0468;0.0496;4.9517;0.0574;0.0800;0.0832;3.8470;0.1076;3.8559;1.1748;0.1739;15.0348;1.5587;3.9477;17.2936;0.2904;10.1988;0.3693;2.7924;13.3687;0.6028;1.9554;13.6439;5.5711;5.5743;0.7201;8.9619;3.1501;0.7779;5.6933;5.7005;3.2273;5.7146;8.2103;0.8085;0.8313;8.2378;0.8556;0.8721;0.8842;2.0857;10.7999;0.9130;3.3593;5.8519;4.7093;0.9642;8.3710;8.4007;9.9598;11.9151;4.8706;2.3437;4.6648;4.8845;3.4582;3.4713;3.4762;1.0999;6.0602;2.3541;1.1948;8.5990;4.9688;0.0970;8.6258;1.2225;5.1303;2.6662;0.1877;1.3291;0.2589;3.8225;12.2708;3.8945;6.3977;8.8959;1.4980;2.5379;1.5248;1.5377;6.4702;2.7550;6.5005;6.5407;9.0384;1.6285;1.6492;0.5243;1.6911;5.5665;9.1319;7.9730;3.1140;6.6750;11.6696;2.8392;4.1995
11,5,324,success,None,22/Jul/2026:11:42:45.242516,22/Jul/2026:11:42:47.368480,2.1260,114,22/Jul/2026:11:42:36.703133;22/Jul/2026:11:42:41.503894;22/Jul/2026:11:42:40.340650;22/Jul/2026:11:42:38.931165;22/Jul/2026:11:42:36.701222;22/Jul/2026:11:42:42.831864;22/Jul/2026:11:42:35.349216;22/Jul/2026:11:42:38.960162;22/Jul/2026:11:42:41.504104;22/Jul/2026:11:42:42.826886;22/Jul/2026:11:42:40.342307;22/Jul/2026:11:42:42.827079;22/Jul/2026:11:42:42.832954;22/Jul/2026:11:42:42.828289;22/Jul/2026:11:42:42.826981;22/Jul/2026:11:42:45.242813;22/Jul/2026:11:42:45.247098;22/Jul/2026:11:42:45.244447;22/Jul/2026:11:42:40.342457;22/Jul/2026:11:42:45.246359;22/Jul/2026:11:42:45.246212;22/Jul/2026:11:42:45.244495;22/Jul/2026:11:42:41.504450;22/Jul/2026:11:42:45.247050;22/Jul/2026:11:42:41.504516;22/Jul/2026:11:42:44.187833;22/Jul/2026:11:42:45.245301;22/Jul/2026:11:42:30.410338;22/Jul/2026:11:42:43.893507;22/Jul/2026:11:42:41.505241;22/Jul/2026:11:42:28.214668;22/Jul/2026:11:42:45.246606;22/Jul/2026:11:42:35.348499;22/Jul/2026:11:42:45.244054;22/Jul/2026:11:42:42.832905;22/Jul/2026:11:42:32.266665;22/Jul/2026:11:42:45.244349;22/Jul/2026:11:42:43.931939;22/Jul/2026:11:42:32.267990;22/Jul/2026:11:42:40.342356;22/Jul/2026:11:42:40.342654;22/Jul/2026:11:42:45.250568;22/Jul/2026:11:42:37.009562;22/Jul/2026:11:42:42.832130;22/Jul/2026:11:42:45.244895;22/Jul/2026:11:42:40.342555;22/Jul/2026:11:42:40.341134;22/Jul/2026:11:42:42.822525;22/Jul/2026:11:42:40.341877;22/Jul/2026:11:42:37.846879;22/Jul/2026:11:42:45.249731;22/Jul/2026:11:42:45.242986;22/Jul/2026:11:42:37.845010;22/Jul/2026:11:42:45.245995;22/Jul/2026:11:42:45.246509;22/Jul/2026:11:42:45.253483;22/Jul/2026:11:42:44.053539;22/Jul/2026:11:42:35.348224;22/Jul/2026:11:42:45.251853;22/Jul/2026:11:42:42.826838;22/Jul/2026:11:42:40.341443;22/Jul/2026:11:42:41.488882;22/Jul/2026:11:42:45.244299;22/Jul/2026:11:42:37.847011;22/Jul/2026:11:42:37.838375;22/Jul/2026:11:42:36.291246;22/Jul/2026:11:42:34.357926;22/Jul/2026:11:42:41.403937;22/Jul/2026:11:42:43.932400;22/Jul/2026:11:42:41.616220;22/Jul/2026:11:42:41.404375;22/Jul/2026:11:42:42.832371;22/Jul/2026:11:42:42.829755;22/Jul/2026:11:42:42.829724;22/Jul/2026:11:42:45.254386;22/Jul/2026:11:42:40.335174;22/Jul/2026:11:42:44.053254;22/Jul/2026:11:42:45.243049;22/Jul/2026:11:42:37.844365;22/Jul/2026:11:42:41.489034;22/Jul/2026:11:42:46.373271;22/Jul/2026:11:42:37.845288;22/Jul/2026:11:42:45.253882;22/Jul/2026:11:42:41.404582;22/Jul/2026:11:42:43.892872;22/Jul/2026:11:42:46.373203;22/Jul/2026:11:42:45.252563;22/Jul/2026:11:42:46.373473;22/Jul/2026:11:42:42.828661;22/Jul/2026:11:42:34.446819;22/Jul/2026:11:42:42.823410;22/Jul/2026:11:42:40.337627;22/Jul/2026:11:42:37.842172;22/Jul/2026:11:42:45.243796;22/Jul/2026:11:42:44.221931;22/Jul/2026:11:42:45.250352;22/Jul/2026:11:42:45.253779;22/Jul/2026:11:42:40.334690;22/Jul/2026:11:42:44.053445;22/Jul/2026:11:42:40.337324;22/Jul/2026:11:42:40.337853;22/Jul/2026:11:42:37.840432;22/Jul/2026:11:42:45.253167;22/Jul/2026:11:42:45.254763;22/Jul/2026:11:42:46.400087;22/Jul/2026:11:42:45.246701;22/Jul/2026:11:42:41.403614;22/Jul/2026:11:42:37.844271;22/Jul/2026:11:42:39.006723;22/Jul/2026:11:42:43.893574;22/Jul/2026:11:42:40.341997;22/Jul/2026:11:42:35.348777;22/Jul/2026:11:42:44.188430;22/Jul/2026:11:42:42.830308,8.5528;3.7536;4.9169;6.3264;8.5564;2.4257;9.9093;6.2983;3.7559;2.4331;4.9182;2.4337;2.4300;2.4430;2.4599;0.0464;0.0468;0.0496;4.9517;0.0574;0.0800;0.0832;3.8470;0.1076;3.8559;1.1748;0.1739;15.0348;1.5587;3.9477;17.2936;0.2904;10.1988;0.3693;2.7924;13.3687;0.6028;1.9554;13.6439;5.5711;5.5743;0.7201;8.9619;3.1501;0.7779;5.6933;5.7005;3.2273;5.7146;8.2103;0.8085;0.8313;8.2378;0.8556;0.8721;0.8842;2.0857;10.7999;0.9130;3.3593;5.8519;4.7093;0.9642;8.3710;8.4007;9.9598;11.9151;4.8706;2.3437;4.6648;4.8845;3.4582;3.4713;3.4762;1.0999;6.0602;2.3541;1.1948;8.5990;4.9688;0.0970;8.6258;1.2225;5.1303;2.6662;0.1877;1.3291;0.2589;3.8225;12.2708;3.8945;6.3977;8.8959;1.4980;2.5379;1.5248;1.5377;6.4702;2.7550;6.5005;6.5407;9.0384;1.6285;1.6492;0.5243;1.6911;5.5665;9.1319;7.9730;3.1140;6.6750;11.6696;2.8392;4.1995
11,5,334,success,None,22/Jul/2026:11:42:46.371196,22/Jul/2026:11:42:47.373341,1.0021,39,22/Jul/2026:11:42:40.335174;22/Jul/2026:11:42:44.053254;22/Jul/2026:11:42:45.243049;22/Jul/2026:11:42:37.844365;22/Jul/2026:11:42:41.489034;22/Jul/2026:11:42:46.373271;22/Jul/2026:11:42:37.845288;22/Jul/2026:11:42:45.253882;22/Jul/2026:11:42:41.404582;22/Jul/2026:11:42:43.892872;22/Jul/2026:11:42:46.373203;22/Jul/2026:11:42:45.252563;22/Jul/2026:11:42:46.373473;22/Jul/2026:11:42:42.828661;22/Jul/2026:11:42:34.446819;22/Jul/2026:11:42:42.823410;22/Jul/2026:11:42:40.337627;22/Jul/2026:11:42:37.842172;22/Jul/2026:11:42:45.243796;22/Jul/2026:11:42:44.221931;22/Jul/2026:11:42:45.250352;22/Jul/2026:11:42:45.253779;22/Jul/2026:11:42:40.334690;22/Jul/2026:11:42:44.053445;22/Jul/2026:11:42:40.337324;22/Jul/2026:11:42:40.337853;22/Jul/2026:11:42:37.840432;22/Jul/2026:11:42:45.253167;22/Jul/2026:11:42:45.254763;22/Jul/2026:11:42:46.400087;22/Jul/2026:11:42:45.246701;22/Jul/2026:11:42:41.403614;22/Jul/2026:11:42:37.844271;22/Jul/2026:11:42:39.006723;22/Jul/2026:11:42:43.893574;22/Jul/2026:11:42:40.341997;22/Jul/2026:11:42:35.348777;22/Jul/2026:11:42:44.188430;22/Jul/2026:11:42:42.830308,6.0602;2.3541;1.1948;8.5990;4.9688;0.0970;8.6258;1.2225;5.1303;2.6662;0.1877;1.3291;0.2589;3.8225;12.2708;3.8945;6.3977;8.8959;1.4980;2.5379;1.5248;1.5377;6.4702;2.7550;6.5005;6.5407;9.0384;1.6285;1.6492;0.5243;1.6911;5.5665;9.1319;7.9730;3.1140;6.6750;11.6696;2.8392;4.1995
11,5,343,success,None,22/Jul/2026:11:42:46.397312,22/Jul/2026:11:42:47.450070,1.0528,38,22/Jul/2026:11:42:44.053254;22/Jul/2026:11:42:45.243049;22/Jul/2026:11:42:37.844365;22/Jul/2026:11:42:41.489034;22/Jul/2026:11:42:46.373271;22/Jul/2026:11:42:37.845288;22/Jul/2026:11:42:45.253882;22/Jul/2026:11:42:41.404582;22/Jul/2026:11:42:43.892872;22/Jul/2026:11:42:46.373203;22/Jul/2026:11:42:45.252563;22/Jul/2026:11:42:46.373473;22/Jul/2026:11:42:42.828661;22/Jul/2026:11:42:34.446819;22/Jul/2026:11:42:42.823410;22/Jul/2026:11:42:40.337627;22/Jul/2026:11:42:37.842172;22/Jul/2026:11:42:45.243796;22/Jul/2026:11:42:44.221931;22/Jul/2026:11:42:45.250352;22/Jul/2026:11:42:45.253779;22/Jul/2026:11:42:40.334690;22/Jul/2026:11:42:44.053445;22/Jul/2026:11:42:40.337324;22/Jul/2026:11:42:40.337853;22/Jul/2026:11:42:37.840432;22/Jul/2026:11:42:45.253167;22/Jul/2026:11:42:45.254763;22/Jul/2026:11:42:46.400087;22/Jul/2026:11:42:45.246701;22/Jul/2026:11:42:41.403614;22/Jul/2026:11:42:37.844271;22/Jul/2026:11:42:39.006723;22/Jul/2026:11:42:43.893574;22/Jul/2026:11:42:40.341997;22/Jul/2026:11:42:35.348777;22/Jul/2026:11:42:44.188430;22/Jul/2026:11:42:42.830308,2.3541;1.1948;8.5990;4.9688;0.0970;8.6258;1.2225;5.1303;2.6662;0.1877;1.3291;0.2589;3.8225;12.2708;3.8945;6.3977;8.8959;1.4980;2.5379;1.5248;1.5377;6.4702;2.7550;6.5005;6.5407;9.0384;1.6285;1.6492;0.5243;1.6911;5.5665;9.1319;7.9730;3.1140;6.6750;11.6696;2.8392;4.1995
11,5,415,success,None,22/Jul/2026:11:42:46.412704,22/Jul/2026:11:42:47.546765,1.1341,37,22/Jul/2026:11:42:45.243049;22/Jul/2026:11:42:37.844365;22/Jul/2026:11:42:41.489034;22/Jul/2026:11:42:46.373271;22/Jul/2026:11:42:37.845288;22/Jul/2026:11:42:45.253882;22/Jul/2026:11:42:41.404582;22/Jul/2026:11:42:43.892872;22/Jul/2026:11:42:46.373203;22/Jul/2026:11:42:45.252563;22/Jul/2026:11:42:46.373473;22/Jul/2026:11:42:42.828661;22/Jul/2026:11:42:34.446819;22/Jul/2026:11:42:42.823410;22/Jul/2026:11:42:40.337627;22/Jul/2026:11:42:37.842172;22/Jul/2026:11:42:45.243796;22/Jul/2026:11:42:44.221931;22/Jul/2026:11:42:45.250352;22/Jul/2026:11:42:45.253779;22/Jul/2026:11:42:40.334690;22/Jul/2026:11:42:44.053445;22/Jul/2026:11:42:40.337324;22/Jul/2026:11:42:40.337853;22/Jul/2026:11:42:37.840432;22/Jul/2026:11:42:45.253167;22/Jul/2026:11:42:45.254763;22/Jul/2026:11:42:46.400087;22/Jul/2026:11:42:45.246701;22/Jul/2026:11:42:41.403614;22/Jul/2026:11:42:37.844271;22/Jul/2026:11:42:39.006723;22/Jul/2026:11:42:43.893574;22/Jul/2026:11:42:40.341997;22/Jul/2026:11:42:35.348777;22/Jul/2026:11:42:44.188430;22/Jul/2026:11:42:42.830308,1.1948;8.5990;4.9688;0.0970;8.6258;1.2225;5.1303;2.6662;0.1877;1.3291;0.2589;3.8225;12.2708;3.8945;6.3977;8.8959;1.4980;2.5379;1.5248;1.5377;6.4702;2.7550;6.5005;6.5407;9.0384;1.6285;1.6492;0.5243;1.6911;5.5665;9.1319;7.9730;3.1140;6.6750;11.6696;2.8392;4.1995
11,5,366,success,None,22/Jul/2026:11:42:46.406424,22/Jul/2026:11:42:47.761651,1.3552,38,22/Jul/2026:11:42:44.053254;22/Jul/2026:11:42:45.243049;22/Jul/2026:11:42:37.844365;22/Jul/2026:11:42:41.489034;22/Jul/2026:11:42:46.373271;22/Jul/2026:11:42:37.845288;22/Jul/2026:11:42:45.253882;22/Jul/2026:11:42:41.404582;22/Jul/2026:11:42:43.892872;22/Jul/2026:11:42:46.373203;22/Jul/2026:11:42:45.252563;22/Jul/2026:11:42:46.373473;22/Jul/2026:11:42:42.828661;22/Jul/2026:11:42:34.446819;22/Jul/2026:11:42:42.823410;22/Jul/2026:11:42:40.337627;22/Jul/2026:11:42:37.842172;22/Jul/2026:11:42:45.243796;22/Jul/2026:11:42:44.221931;22/Jul/2026:11:42:45.250352;22/Jul/2026:11:42:45.253779;22/Jul/2026:11:42:40.334690;22/Jul/2026:11:42:44.053445;22/Jul/2026:11:42:40.337324;22/Jul/2026:11:42:40.337853;22/Jul/2026:11:42:37.840432;22/Jul/2026:11:42:45.253167;22/Jul/2026:11:42:45.254763;22/Jul/2026:11:42:46.400087;22/Jul/2026:11:42:45.246701;22/Jul/2026:11:42:41.403614;22/Jul/2026:11:42:37.844271;22/Jul/2026:11:42:39.006723;22/Jul/2026:11:42:43.893574;22/Jul/2026:11:42:40.341997;22/Jul/2026:11:42:35.348777;22/Jul/2026:11:42:44.188430;22/Jul/2026:11:42:42.830308,2.3541;1.1948;8.5990;4.9688;0.0970;8.6258;1.2225;5.1303;2.6662;0.1877;1.3291;0.2589;3.8225;12.2708;3.8945;6.3977;8.8959;1.4980;2.5379;1.5248;1.5377;6.4702;2.7550;6.5005;6.5407;9.0384;1.6285;1.6492;0.5243;1.6911;5.5665;9.1319;7.9730;3.1140;6.6750;11.6696;2.8392;4.1995
12,5,25,success,None,22/Jul/2026:11:42:47.763038,22/Jul/2026:11:42:48.820673,1.0576,46,22/Jul/2026:11:42:44.188706;22/Jul/2026:11:42:40.339313;22/Jul/2026:11:42:42.828635;22/Jul/2026:11:42:46.373982;22/Jul/2026:11:42:43.893446;22/Jul/2026:11:42:45.246656;22/Jul/2026:11:42:45.250409;22/Jul/2026:11:42:45.253938;22/Jul/2026:11:42:41.616396;22/Jul/2026:11:42:36.703709;22/Jul/2026:11:42:42.831379;22/Jul/2026:11:42:41.487583;22/Jul/2026:11:42:47.770246;22/Jul/2026:11:42:47.770342;22/Jul/2026:11:42:44.222086;22/Jul/2026:11:42:36.289502;22/Jul/2026:11:42:37.844949;22/Jul/2026:11:42:47.765083;22/Jul/2026:11:42:46.400000;22/Jul/2026:11:42:38.935353;22/Jul/2026:11:42:37.844335;22/Jul/2026:11:42:46.414275;22/Jul/2026:11:42:37.846195;22/Jul/2026:11:42:38.933197;22/Jul/2026:11:42:45.244949;22/Jul/2026:11:42:47.764867;22/Jul/2026:11:42:43.932829;22/Jul/2026:11:42:47.765602;22/Jul/2026:11:42:45.245656;22/Jul/2026:11:42:45.245706;22/Jul/2026:11:42:43.932149;22/Jul/2026:11:42:45.252024;22/Jul/2026:11:42:46.400289;22/Jul/2026:11:42:47.775461;22/Jul/2026:11:42:47.775409;22/Jul/2026:11:42:42.830178;22/Jul/2026:11:42:47.765350;22/Jul/2026:11:42:40.339960;22/Jul/2026:11:42:47.775487;22/Jul/2026:11:42:47.776085;22/Jul/2026:11:42:47.776434;22/Jul/2026:11:42:45.249812;22/Jul/2026:11:42:41.504904;22/Jul/2026:11:42:45.249990;22/Jul/2026:11:42:38.932087;22/Jul/2026:11:42:45.247602,3.5912;7.4408;4.9515;1.4157;3.9014;2.5508;2.5472;2.5476;6.1861;11.1041;4.9765;6.3756;0.1209;0.1294;3.6964;11.6373;10.0868;0.1673;1.5612;9.0527;10.1839;1.6521;10.5606;9.4794;3.2104;0.7462;4.5984;0.8029;3.3297;3.3313;4.6498;3.3575;2.2311;0.8642;0.8876;5.8360;0.9042;8.3513;0.9281;0.9317;0.9328;3.4798;7.2503;3.5095;9.8746;3.5605
12,5,51,success,None,22/Jul/2026:11:42:47.763206,22/Jul/2026:11:42:48.889531,1.1263,49,22/Jul/2026:11:42:44.188706;22/Jul/2026:11:42:40.339313;22/Jul/2026:11:42:42.828635;22/Jul/2026:11:42:46.373982;22/Jul/2026:11:42:43.893446;22/Jul/2026:11:42:45.246656;22/Jul/2026:11:42:45.250409;22/Jul/2026:11:42:45.253938;22/Jul/2026:11:42:41.616396;22/Jul/2026:11:42:36.703709;22/Jul/2026:11:42:42.831379;22/Jul/2026:11:42:41.487583;22/Jul/2026:11:42:47.770246;22/Jul/2026:11:42:47.770342;22/Jul/2026:11:42:44.222086;22/Jul/2026:11:42:36.289502;22/Jul/2026:11:42:37.844949;22/Jul/2026:11:42:47.765083;22/Jul/2026:11:42:46.400000;22/Jul/2026:11:42:38.935353;22/Jul/2026:11:42:37.844335;22/Jul/2026:11:42:46.414275;22/Jul/2026:11:42:37.846195;22/Jul/2026:11:42:38.933197;22/Jul/2026:11:42:45.244949;22/Jul/2026:11:42:47.764867;22/Jul/2026:11:42:43.932829;22/Jul/2026:11:42:47.765602;22/Jul/2026:11:42:45.245656;22/Jul/2026:11:42:45.245706;22/Jul/2026:11:42:43.932149;22/Jul/2026:11:42:45.252024;22/Jul/2026:11:42:46.400289;22/Jul/2026:11:42:47.775461;22/Jul/2026:11:42:47.775409;22/Jul/2026:11:42:42.830178;22/Jul/2026:11:42:47.765350;22/Jul/2026:11:42:40.339960;22/Jul/2026:11:42:47.775487;22/Jul/2026:11:42:47.776085;22/Jul/2026:11:42:47.776434;22/Jul/2026:11:42:45.249812;22/Jul/2026:11:42:41.504904;22/Jul/2026:11:42:45.249990;22/Jul/2026:11:42:38.932087;22/Jul/2026:11:42:45.247602;22/Jul/2026:11:42:40.336752;22/Jul/2026:11:42:42.827793;22/Jul/2026:11:42:45.244847,3.5912;7.4408;4.9515;1.4157;3.9014;2.5508;2.5472;2.5476;6.1861;11.1041;4.9765;6.3756;0.1209;0.1294;3.6964;11.6373;10.0868;0.1673;1.5612;9.0527;10.1839;1.6521;10.5606;9.4794;3.2104;0.7462;4.5984;0.8029;3.3297;3.3313;4.6498;3.3575;2.2311;0.8642;0.8876;5.8360;0.9042;8.3513;0.9281;0.9317;0.9328;3.4798;7.2503;3.5095;9.8746;3.5605;8.5202;6.0548;3.6441
12,5,61,success,None,22/Jul/2026:11:42:47.763349,22/Jul/2026:11:42:49.042854,1.2795,55,22/Jul/2026:11:42:44.188706;22/Jul/2026:11:42:40.339313;22/Jul/2026:11:42:42.828635;22/Jul/2026:11:42:46.373982;22/Jul/2026:11:42:43.893446;22/Jul/2026:11:42:45.246656;22/Jul/2026:11:42:45.250409;22/Jul/2026:11:42:45.253938;22/Jul/2026:11:42:41.616396;22/Jul/2026:11:42:36.703709;22/Jul/2026:11:42:42.831379;22/Jul/2026:11:42:41.487583;22/Jul/2026:11:42:47.770246;22/Jul/2026:11:42:47.770342;22/Jul/2026:11:42:44.222086;22/Jul/2026:11:42:36.289502;22/Jul/2026:11:42:37.844949;22/Jul/2026:11:42:47.765083;22/Jul/2026:11:42:46.400000;22/Jul/2026:11:42:38.935353;22/Jul/2026:11:42:37.844335;22/Jul/2026:11:42:46.414275;22/Jul/2026:11:42:37.846195;22/Jul/2026:11:42:38.933197;22/Jul/2026:11:42:45.244949;22/Jul/2026:11:42:47.764867;22/Jul/2026:11:42:43.932829;22/Jul/2026:11:42:47.765602;22/Jul/2026:11:42:45.245656;22/Jul/2026:11:42:45.245706;22/Jul/2026:11:42:43.932149;22/Jul/2026:11:42:45.252024;22/Jul/2026:11:42:46.400289;22/Jul/2026:11:42:47.775461;22/Jul/2026:11:42:47.775409;22/Jul/2026:11:42:42.830178;22/Jul/2026:11:42:47.765350;22/Jul/2026:11:42:40.339960;22/Jul/2026:11:42:47.775487;22/Jul/2026:11:42:47.776085;22/Jul/2026:11:42:47.776434;22/Jul/2026:11:42:45.249812;22/Jul/2026:11:42:41.504904;22/Jul/2026:11:42:45.249990;22/Jul/2026:11:42:38.932087;22/Jul/2026:11:42:45.247602;22/Jul/2026:11:42:40.336752;22/Jul/2026:11:42:42.827793;22/Jul/2026:11:42:45.244847;22/Jul/2026:11:42:47.773212;22/Jul/2026:11:42:45.245251;22/Jul/2026:11:42:46.399758;22/Jul/2026:11:42:47.765400;22/Jul/2026:11:42:45.250271;22/Jul/2026:11:42:42.832018,3.5912;7.4408;4.9515;1.4157;3.9014;2.5508;2.5472;2.5476;6.1861;11.1041;4.9765;6.3756;0.1209;0.1294;3.6964;11.6373;10.0868;0.1673;1.5612;9.0527;10.1839;1.6521;10.5606;9.4794;3.2104;0.7462;4.5984;0.8029;3.3297;3.3313;4.6498;3.3575;2.2311;0.8642;0.8876;5.8360;0.9042;8.3513;0.9281;0.9317;0.9328;3.4798;7.2503;3.5095;9.8746;3.5605;8.5202;6.0548;3.6441;1.1633;3.7013;2.5791;1.2175;3.7391;6.2052
12,5,76,success,None,22/Jul/2026:11:42:47.763479,22/Jul/2026:11:42:49.127474,1.3640,60,22/Jul/2026:11:42:44.188706;22/Jul/2026:11:42:40.339313;22/Jul/2026:11:42:42.828635;22/Jul/2026:11:42:46.373982;22/Jul/2026:11:42:43.893446;22/Jul/2026:11:42:45.246656;22/Jul/2026:11:42:45.250409;22/Jul/2026:11:42:45.253938;22/Jul/2026:11:42:41.616396;22/Jul/2026:11:42:36.703709;22/Jul/2026:11:42:42.831379;22/Jul/2026:11:42:41.487583;22/Jul/2026:11:42:47.770246;22/Jul/2026:11:42:47.770342;22/Jul/2026:11:42:44.222086;22/Jul/2026:11:42:36.289502;22/Jul/2026:11:42:37.844949;22/Jul/2026:11:42:47.765083;22/Jul/2026:11:42:46.400000;22/Jul/2026:11:42:38.935353;22/Jul/2026:11:42:37.844335;22/Jul/2026:11:42:46.414275;22/Jul/2026:11:42:37.846195;22/Jul/2026:11:42:38.933197;22/Jul/2026:11:42:45.244949;22/Jul/2026:11:42:47.764867;22/Jul/2026:11:42:43.932829;22/Jul/2026:11:42:47.765602;22/Jul/2026:11:42:45.245656;22/Jul/2026:11:42:45.245706;22/Jul/2026:11:42:43.932149;22/Jul/2026:11:42:45.252024;22/Jul/2026:11:42:46.400289;22/Jul/2026:11:42:47.775461;22/Jul/2026:11:42:47.775409;22/Jul/2026:11:42:42.830178;22/Jul/2026:11:42:47.765350;22/Jul/2026:11:42:40.339960;22/Jul/2026:11:42:47.775487;22/Jul/2026:11:42:47.776085;22/Jul/2026:11:42:47.776434;22/Jul/2026:11:42:45.249812;22/Jul/2026:11:42:41.504904;22/Jul/2026:11:42:45.249990;22/Jul/2026:11:42:38.932087;22/Jul/2026:11:42:45.247602;22/Jul/2026:11:42:40.336752;22/Jul/2026:11:42:42.827793;22/Jul/2026:11:42:45.244847;22/Jul/2026:11:42:47.773212;22/Jul/2026:11:42:45.245251;22/Jul/2026:11:42:46.399758;22/Jul/2026:11:42:47.765400;22/Jul/2026:11:42:45.250271;22/Jul/2026:11:42:42.832018;22/Jul/2026:11:42:47.776986;22/Jul/2026:11:42:42.829192;22/Jul/2026:11:42:38.988560;22/Jul/2026:11:42:36.743399;22/Jul/2026:11:42:42.829136,3.5912;7.4408;4.9515;1.4157;3.9014;2.5508;2.5472;2.5476;6.1861;11.1041;4.9765;6.3756;0.1209;0.1294;3.6964;11.6373;10.0868;0.1673;1.5612;9.0527;10.1839;1.6521;10.5606;9.4794;3.2104;0.7462;4.5984;0.8029;3.3297;3.3313;4.6498;3.3575;2.2311;0.8642;0.8876;5.8360;0.9042;8.3513;0.9281;0.9317;0.9328;3.4798;7.2503;3.5095;9.8746;3.5605;8.5202;6.0548;3.6441;1.1633;3.7013;2.5791;1.2175;3.7391;6.2052;1.2694;6.2418;10.0837;12.3304;6.2581
12,5,133,success,None,22/Jul/2026:11:42:47.763609,22/Jul/2026:11:42:49.152694,1.3891,61,22/Jul/2026:11:42:44.188706;22/Jul/2026:11:42:40.339313;22/Jul/2026:11:42:42.828635;22/Jul/2026:11:42:46.373982;22/Jul/2026:11:42:43.893446;22/Jul/2026:11:42:45.246656;22/Jul/2026:11:42:45.250409;22/Jul/2026:11:42:45.253938;22/Jul/2026:11:42:41.616396;22/Jul/2026:11:42:36.703709;22/Jul/2026:11:42:42.831379;22/Jul/2026:11:42:41.487583;22/Jul/2026:11:42:47.770246;22/Jul/2026:11:42:47.770342;22/Jul/2026:11:42:44.222086;22/Jul/2026:11:42:36.289502;22/Jul/2026:11:42:37.844949;22/Jul/2026:11:42:47.765083;22/Jul/2026:11:42:46.400000;22/Jul/2026:11:42:38.935353;22/Jul/2026:11:42:37.844335;22/Jul/2026:11:42:46.414275;22/Jul/2026:11:42:37.846195;22/Jul/2026:11:42:38.933197;22/Jul/2026:11:42:45.244949;22/Jul/2026:11:42:47.764867;22/Jul/2026:11:42:43.932829;22/Jul/2026:11:42:47.765602;22/Jul/2026:11:42:45.245656;22/Jul/2026:11:42:45.245706;22/Jul/2026:11:42:43.932149;22/Jul/2026:11:42:45.252024;22/Jul/2026:11:42:46.400289;22/Jul/2026:11:42:47.775461;22/Jul/2026:11:42:47.775409;22/Jul/2026:11:42:42.830178;22/Jul/2026:11:42:47.765350;22/Jul/2026:11:42:40.339960;22/Jul/2026:11:42:47.775487;22/Jul/2026:11:42:47.776085;22/Jul/2026:11:42:47.776434;22/Jul/2026:11:42:45.249812;22/Jul/2026:11:42:41.504904;22/Jul/2026:11:42:45.249990;22/Jul/2026:11:42:38.932087;22/Jul/2026:11:42:45.247602;22/Jul/2026:11:42:40.336752;22/Jul/2026:11:42:42.827793;22/Jul/2026:11:42:45.244847;22/Jul/2026:11:42:47.773212;22/Jul/2026:11:42:45.245251;22/Jul/2026:11:42:46.399758;22/Jul/2026:11:42:47.765400;22/Jul/2026:11:42:45.250271;22/Jul/2026:11:42:42.832018;22/Jul/2026:11:42:47.776986;22/Jul/2026:11:42:42.829192;22/Jul/2026:11:42:38.988560;22/Jul/2026:11:42:36.743399;22/Jul/2026:11:42:42.829136;22/Jul/2026:11:42:47.771961,3.5912;7.4408;4.9515;1.4157;3.9014;2.5508;2.5472;2.5476;6.1861;11.1041;4.9765;6.3756;0.1209;0.1294;3.6964;11.6373;10.0868;0.1673;1.5612;9.0527;10.1839;1.6521;10.5606;9.4794;3.2104;0.7462;4.5984;0.8029;3.3297;3.3313;4.6498;3.3575;2.2311;0.8642;0.8876;5.8360;0.9042;8.3513;0.9281;0.9317;0.9328;3.4798;7.2503;3.5095;9.8746;3.5605;8.5202;6.0548;3.6441;1.1633;3.7013;2.5791;1.2175;3.7391;6.2052;1.2694;6.2418;10.0837;12.3304;6.2581;1.3601
12,5,151,success,None,22/Jul/2026:11:42:47.763719,22/Jul/2026:11:42:49.276411,1.5127,67,22/Jul/2026:11:42:44.188706;22/Jul/2026:11:42:40.339313;22/Jul/2026:11:42:42.828635;22/Jul/2026:11:42:46.373982;22/Jul/2026:11:42:43.893446;22/Jul/2026:11:42:45.246656;22/Jul/2026:11:42:45.250409;22/Jul/2026:11:42:45.253938;22/Jul/2026:11:42:41.616396;22/Jul/2026:11:42:36.703709;22/Jul/2026:11:42:42.831379;22/Jul/2026:11:42:41.487583;22/Jul/2026:11:42:47.770246;22/Jul/2026:11:42:47.770342;22/Jul/2026:11:42:44.222086;22/Jul/2026:11:42:36.289502;22/Jul/2026:11:42:37.844949;22/Jul/2026:11:42:47.765083;22/Jul/2026:11:42:46.400000;22/Jul/2026:11:42:38.935353;22/Jul/2026:11:42:37.844335;22/Jul/2026:11:42:46.414275;22/Jul/2026:11:42:37.846195;22/Jul/2026:11:42:38.933197;22/Jul/2026:11:42:45.244949;22/Jul/2026:11:42:47.764867;22/Jul/2026:11:42:43.932829;22/Jul/2026:11:42:47.765602;22/Jul/2026:11:42:45.245656;22/Jul/2026:11:42:45.245706;22/Jul/2026:11:42:43.932149;22/Jul/2026:11:42:45.252024;22/Jul/2026:11:42:46.400289;22/Jul/2026:11:42:47.775461;22/Jul/2026:11:42:47.775409;22/Jul/2026:11:42:42.830178;22/Jul/2026:11:42:47.765350;22/Jul/2026:11:42:40.339960;22/Jul/2026:11:42:47.775487;22/Jul/2026:11:42:47.776085;22/Jul/2026:11:42:47.776434;22/Jul/2026:11:42:45.249812;22/Jul/2026:11:42:41.504904;22/Jul/2026:11:42:45.249990;22/Jul/2026:11:42:38.932087;22/Jul/2026:11:42:45.247602;22/Jul/2026:11:42:40.336752;22/Jul/2026:11:42:42.827793;22/Jul/2026:11:42:45.244847;22/Jul/2026:11:42:47.773212;22/Jul/2026:11:42:45.245251;22/Jul/2026:11:42:46.399758;22/Jul/2026:11:42:47.765400;22/Jul/2026:11:42:45.250271;22/Jul/2026:11:42:42.832018;22/Jul/2026:11:42:47.776986;22/Jul/2026:11:42:42.829192;22/Jul/2026:11:42:38.988560;22/Jul/2026:11:42:36.743399;22/Jul/2026:11:42:42.829136;22/Jul/2026:11:42:47.771961;22/Jul/2026:11:42:47.775215;22/Jul/2026:11:42:47.774237;22/Jul/2026:11:42:43.932699;22/Jul/2026:11:42:45.250462;22/Jul/2026:11:42:42.830084;22/Jul/2026:11:42:45.252349,3.5912;7.4408;4.9515;1.4157;3.9014;2.5508;2.5472;2.5476;6.1861;11.1041;4.9765;6.3756;0.1209;0.1294;3.6964;11.6373;10.0868;0.1673;1.5612;9.0527;10.1839;1.6521;10.5606;9.4794;3.2104;0.7462;4.5984;0.8029;3.3297;3.3313;4.6498;3.3575;2.2311;0.8642;0.8876;5.8360;0.9042;8.3513;0.9281;0.9317;0.9328;3.4798;7.2503;3.5095;9.8746;3.5605;8.5202;6.0548;3.6441;1.1633;3.7013;2.5791;1.2175;3.7391;6.2052;1.2694;6.2418;10.0837;12.3304;6.2581;1.3601;1.3787;1.3911;5.2361;3.9210;6.3540;3.9621
12,5,161,success,None,22/Jul/2026:11:42:47.763827,22/Jul/2026:11:42:49.534938,1.7711,82,22/Jul/2026:11:42:44.188706;22/Jul/2026:11:42:40.339313;22/Jul/2026:11:42:42.828635;22/Jul/2026:11:42:46.373982;22/Jul/2026:11:42:43.893446;22/Jul/2026:11:42:45.246656;22/Jul/2026:11:42:45.250409;22/Jul/2026:11:42:45.253938;22/Jul/2026:11:42:41.616396;22/Jul/2026:11:42:36.703709;22/Jul/2026:11:42:42.831379;22/Jul/2026:11:42:41.487583;22/Jul/2026:11:42:47.770246;22/Jul/2026:11:42:47.770342;22/Jul/2026:11:42:44.222086;22/Jul/2026:11:42:36.289502;22/Jul/2026:11:42:37.844949;22/Jul/2026:11:42:47.765083;22/Jul/2026:11:42:46.400000;22/Jul/2026:11:42:38.935353;22/Jul/2026:11:42:37.844335;22/Jul/2026:11:42:46.414275;22/Jul/2026:11:42:37.846195;22/Jul/2026:11:42:38.933197;22/Jul/2026:11:42:45.244949;22/Jul/2026:11:42:47.764867;22/Jul/2026:11:42:43.932829;22/Jul/2026:11:42:47.765602;22/Jul/2026:11:42:45.245656;22/Jul/2026:11:42:45.245706;22/Jul/2026:11:42:43.932149;22/Jul/2026:11:42:45.252024;22/Jul/2026:11:42:46.400289;22/Jul/2026:11:42:47.775461;22/Jul/2026:11:42:47.775409;22/Jul/2026:11:42:42.830178;22/Jul/2026:11:42:47.765350;22/Jul/2026:11:42:40.339960;22/Jul/2026:11:42:47.775487;22/Jul/2026:11:42:47.776085;22/Jul/2026:11:42:47.776434;22/Jul/2026:11:42:45.249812;22/Jul/2026:11:42:41.504904;22/Jul/2026:11:42:45.249990;22/Jul/2026:11:42:38.932087;22/Jul/2026:11:42:45.247602;22/Jul/2026:11:42:40.336752;22/Jul/2026:11:42:42.827793;22/Jul/2026:11:42:45.244847;22/Jul/2026:11:42:47.773212;22/Jul/2026:11:42:45.245251;22/Jul/2026:11:42:46.399758;22/Jul/2026:11:42:47.765400;22/Jul/2026:11:42:45.250271;22/Jul/2026:11:42:42.832018;22/Jul/2026:11:42:47.776986;22/Jul/2026:11:42:42.829192;22/Jul/2026:11:42:38.988560;22/Jul/2026:11:42:36.743399;22/Jul/2026:11:42:42.829136;22/Jul/2026:11:42:47.771961;22/Jul/2026:11:42:47.775215;22/Jul/2026:11:42:47.774237;22/Jul/2026:11:42:43.932699;22/Jul/2026:11:42:45.250462;22/Jul/2026:11:42:42.830084;22/Jul/2026:11:42:45.252349;22/Jul/2026:11:42:47.774362;22/Jul/2026:11:42:47.774288;22/Jul/2026:11:42:45.250118;22/Jul/2026:11:42:43.932460;22/Jul/2026:11:42:14.248061;22/Jul/2026:11:42:45.253040;22/Jul/2026:11:42:47.775162;22/Jul/2026:11:42:47.770668;22/Jul/2026:11:42:47.775383;22/Jul/2026:11:42:47.773536;22/Jul/2026:11:42:48.890593;22/Jul/2026:11:42:45.252778;22/Jul/2026:11:42:45.252459;22/Jul/2026:11:42:48.890932;22/Jul/2026:11:42:47.775084,3.5912;7.4408;4.9515;1.4157;3.9014;2.5508;2.5472;2.5476;6.1861;11.1041;4.9765;6.3756;0.1209;0.1294;3.6964;11.6373;10.0868;0.1673;1.5612;9.0527;10.1839;1.6521;10.5606;9.4794;3.2104;0.7462;4.5984;0.8029;3.3297;3.3313;4.6498;3.3575;2.2311;0.8642;0.8876;5.8360;0.9042;8.3513;0.9281;0.9317;0.9328;3.4798;7.2503;3.5095;9.8746;3.5605;8.5202;6.0548;3.6441;1.1633;3.7013;2.5791;1.2175;3.7391;6.2052;1.2694;6.2418;10.0837;12.3304;6.2581;1.3601;1.3787;1.3911;5.2361;3.9210;6.3540;3.9621;1.5042;1.5073;4.0346;5.3627;35.0521;4.0631;1.5465;1.5761;1.6518;1.6979;0.6070;4.2509;4.2590;0.6277;1.7585
12,5,203,success,None,22/Jul/2026:11:42:47.763965,22/Jul/2026:11:42:49.694832,1.9309,85,22/Jul/2026:11:42:44.188706;22/Jul/2026:11:42:40.339313;22/Jul/2026:11:42:42.828635;22/Jul/2026:11:42:46.373982;22/Jul/2026:11:42:43.893446;22/Jul/2026:11:42:45.246656;22/Jul/2026:11:42:45.250409;22/Jul/2026:11:42:45.253938;22/Jul/2026:11:42:41.616396;22/Jul/2026:11:42:36.703709;22/Jul/2026:11:42:42.831379;22/Jul/2026:11:42:41.487583;22/Jul/2026:11:42:47.770246;22/Jul/2026:11:42:47.770342;22/Jul/2026:11:42:44.222086;22/Jul/2026:11:42:36.289502;22/Jul/2026:11:42:37.844949;22/Jul/2026:11:42:47.765083;22/Jul/2026:11:42:46.400000;22/Jul/2026:11:42:38.935353;22/Jul/2026:11:42:37.844335;22/Jul/2026:11:42:46.414275;22/Jul/2026:11:42:37.846195;22/Jul/2026:11:42:38.933197;22/Jul/2026:11:42:45.244949;22/Jul/2026:11:42:47.764867;22/Jul/2026:11:42:43.932829;22/Jul/2026:11:42:47.765602;22/Jul/2026:11:42:45.245656;22/Jul/2026:11:42:45.245706;22/Jul/2026:11:42:43.932149;22/Jul/2026:11:42:45.252024;22/Jul/2026:11:42:46.400289;22/Jul/2026:11:42:47.775461;22/Jul/2026:11:42:47.775409;22/Jul/2026:11:42:42.830178;22/Jul/2026:11:42:47.765350;22/Jul/2026:11:42:40.339960;22/Jul/2026:11:42:47.775487;22/Jul/2026:11:42:47.776085;22/Jul/2026:11:42:47.776434;22/Jul/2026:11:42:45.249812;22/Jul/2026:11:42:41.504904;22/Jul/2026:11:42:45.249990;22/Jul/2026:11:42:38.932087;22/Jul/2026:11:42:45.247602;22/Jul/2026:11:42:40.336752;22/Jul/2026:11:42:42.827793;22/Jul/2026:11:42:45.244847;22/Jul/2026:11:42:47.773212;22/Jul/2026:11:42:45.245251;22/Jul/2026:11:42:46.399758;22/Jul/2026:11:42:47.765400;22/Jul/2026:11:42:45.250271;22/Jul/2026:11:42:42.832018;22/Jul/2026:11:42:47.776986;22/Jul/2026:11:42:42.829192;22/Jul/2026:11:42:38.988560;22/Jul/2026:11:42:36.743399;22/Jul/2026:11:42:42.829136;22/Jul/2026:11:42:47.771961;22/Jul/2026:11:42:47.775215;22/Jul/2026:11:42:47.774237;22/Jul/2026:11:42:43.932699;22/Jul/2026:11:42:45.250462;22/Jul/2026:11:42:42.830084;22/Jul/2026:11:42:45.252349;22/Jul/2026:11:42:47.774362;22/Jul/2026:11:42:47.774288;22/Jul/2026:11:42:45.250118;22/Jul/2026:11:42:43.932460;22/Jul/2026:11:42:14.248061;22/Jul/2026:11:42:45.253040;22/Jul/2026:11:42:47.775162;22/Jul/2026:11:42:47.770668;22/Jul/2026:11:42:47.775383;22/Jul/2026:11:42:47.773536;22/Jul/2026:11:42:48.890593;22/Jul/2026:11:42:45.252778;22/Jul/2026:11:42:45.252459;22/Jul/2026:11:42:48.890932;22/Jul/2026:11:42:47.775084;22/Jul/2026:11:42:45.250737;22/Jul/2026:11:42:47.773643;22/Jul/2026:11:42:47.769815,3.5912;7.4408;4.9515;1.4157;3.9014;2.5508;2.5472;2.5476;6.1861;11.1041;4.9765;6.3756;0.1209;0.1294;3.6964;11.6373;10.0868;0.1673;1.5612;9.0527;10.1839;1.6521;10.5606;9.4794;3.2104;0.7462;4.5984;0.8029;3.3297;3.3313;4.6498;3.3575;2.2311;0.8642;0.8876;5.8360;0.9042;8.3513;0.9281;0.9317;0.9328;3.4798;7.2503;3.5095;9.8746;3.5605;8.5202;6.0548;3.6441;1.1633;3.7013;2.5791;1.2175;3.7391;6.2052;1.2694;6.2418;10.0837;12.3304;6.2581;1.3601;1.3787;1.3911;5.2361;3.9210;6.3540;3.9621;1.5042;1.5073;4.0346;5.3627;35.0521;4.0631;1.5465;1.5761;1.6518;1.6979;0.6070;4.2509;4.2590;0.6277;1.7585;4.2978;1.7870;1.8132
12,5,315,success,None,22/Jul/2026:11:42:47.764158,22/Jul/2026:11:42:49.811228,2.0471,85,22/Jul/2026:11:42:44.188706;22/Jul/2026:11:42:40.339313;22/Jul/2026:11:42:42.828635;22/Jul/2026:11:42:46.373982;22/Jul/2026:11:42:43.893446;22/Jul/2026:11:42:45.246656;22/Jul/2026:11:42:45.250409;22/Jul/2026:11:42:45.253938;22/Jul/2026:11:42:41.616396;22/Jul/2026:11:42:36.703709;22/Jul/2026:11:42:42.831379;22/Jul/2026:11:42:41.487583;22/Jul/2026:11:42:47.770246;22/Jul/2026:11:42:47.770342;22/Jul/2026:11:42:44.222086;22/Jul/2026:11:42:36.289502;22/Jul/2026:11:42:37.844949;22/Jul/2026:11:42:47.765083;22/Jul/2026:11:42:46.400000;22/Jul/2026:11:42:38.935353;22/Jul/2026:11:42:37.844335;22/Jul/2026:11:42:46.414275;22/Jul/2026:11:42:37.846195;22/Jul/2026:11:42:38.933197;22/Jul/2026:11:42:45.244949;22/Jul/2026:11:42:47.764867;22/Jul/2026:11:42:43.932829;22/Jul/2026:11:42:47.765602;22/Jul/2026:11:42:45.245656;22/Jul/2026:11:42:45.245706;22/Jul/2026:11:42:43.932149;22/Jul/2026:11:42:45.252024;22/Jul/2026:11:42:46.400289;22/Jul/2026:11:42:47.775461;22/Jul/2026:11:42:47.775409;22/Jul/2026:11:42:42.830178;22/Jul/2026:11:42:47.765350;22/Jul/2026:11:42:40.339960;22/Jul/2026:11:42:47.775487;22/Jul/2026:11:42:47.776085;22/Jul/2026:11:42:47.776434;22/Jul/2026:11:42:45.249812;22/Jul/2026:11:42:41.504904;22/Jul/2026:11:42:45.249990;22/Jul/2026:11:42:38.932087;22/Jul/2026:11:42:45.247602;22/Jul/2026:11:42:40.336752;22/Jul/2026:11:42:42.827793;22/Jul/2026:11:42:45.244847;22/Jul/2026:11:42:47.773212;22/Jul/2026:11:42:45.245251;22/Jul/2026:11:42:46.399758;22/Jul/2026:11:42:47.765400;22/Jul/2026:11:42:45.250271;22/Jul/2026:11:42:42.832018;22/Jul/2026:11:42:47.776986;22/Jul/2026:11:42:42.829192;22/Jul/2026:11:42:38.988560;22/Jul/2026:11:42:36.743399;22/Jul/2026:11:42:42.829136;22/Jul/2026:11:42:47.771961;22/Jul/2026:11:42:47.775215;22/Jul/2026:11:42:47.774237;22/Jul/2026:11:42:43.932699;22/Jul/2026:11:42:45.250462;22/Jul/2026:11:42:42.830084;22/Jul/2026:11:42:45.252349;22/Jul/2026:11:42:47.774362;22/Jul/2026:11:42:47.774288;22/Jul/2026:11:42:45.250118;22/Jul/2026:11:42:43.932460;22/Jul/2026:11:42:14.248061;22/Jul/2026:11:42:45.253040;22/Jul/2026:11:42:47.775162;22/Jul/2026:11:42:47.770668;22/Jul/2026:11:42:47.775383;22/Jul/2026:11:42:47.773536;22/Jul/2026:11:42:48.890593;22/Jul/2026:11:42:45.252778;22/Jul/2026:11:42:45.252459;22/Jul/2026:11:42:48.890932;22/Jul/2026:11:42:47.775084;22/Jul/2026:11:42:45.250737;22/Jul/2026:11:42:47.773643;22/Jul/2026:11:42:47.769815,3.5912;7.4408;4.9515;1.4157;3.9014;2.5508;2.5472;2.5476;6.1861;11.1041;4.9765;6.3756;0.1209;0.1294;3.6964;11.6373;10.0868;0.1673;1.5612;9.0527;10.1839;1.6521;10.5606;9.4794;3.2104;0.7462;4.5984;0.8029;3.3297;3.3313;4.6498;3.3575;2.2311;0.8642;0.8876;5.8360;0.9042;8.3513;0.9281;0.9317;0.9328;3.4798;7.2503;3.5095;9.8746;3.5605;8.5202;6.0548;3.6441;1.1633;3.7013;2.5791;1.2175;3.7391;6.2052;1.2694;6.2418;10.0837;12.3304;6.2581;1.3601;1.3787;1.3911;5.2361;3.9210;6.3540;3.9621;1.5042;1.5073;4.0346;5.3627;35.0521;4.0631;1.5465;1.5761;1.6518;1.6979;0.6070;4.2509;4.2590;0.6277;1.7585;4.2978;1.7870;1.8132
12,5,212,success,None,22/Jul/2026:11:42:47.764063,22/Jul/2026:11:42:49.917386,2.1533,85,22/Jul/2026:11:42:44.188706;22/Jul/2026:11:42:40.339313;22/Jul/2026:11:42:42.828635;22/Jul/2026:11:42:46.373982;22/Jul/2026:11:42:43.893446;22/Jul/2026:11:42:45.246656;22/Jul/2026:11:42:45.250409;22/Jul/2026:11:42:45.253938;22/Jul/2026:11:42:41.616396;22/Jul/2026:11:42:36.703709;22/Jul/2026:11:42:42.831379;22/Jul/2026:11:42:41.487583;22/Jul/2026:11:42:47.770246;22/Jul/2026:11:42:47.770342;22/Jul/2026:11:42:44.222086;22/Jul/2026:11:42:36.289502;22/Jul/2026:11:42:37.844949;22/Jul/2026:11:42:47.765083;22/Jul/2026:11:42:46.400000;22/Jul/2026:11:42:38.935353;22/Jul/2026:11:42:37.844335;22/Jul/2026:11:42:46.414275;22/Jul/2026:11:42:37.846195;22/Jul/2026:11:42:38.933197;22/Jul/2026:11:42:45.244949;22/Jul/2026:11:42:47.764867;22/Jul/2026:11:42:43.932829;22/Jul/2026:11:42:47.765602;22/Jul/2026:11:42:45.245656;22/Jul/2026:11:42:45.245706;22/Jul/2026:11:42:43.932149;22/Jul/2026:11:42:45.252024;22/Jul/2026:11:42:46.400289;22/Jul/2026:11:42:47.775461;22/Jul/2026:11:42:47.775409;22/Jul/2026:11:42:42.830178;22/Jul/2026:11:42:47.765350;22/Jul/2026:11:42:40.339960;22/Jul/2026:11:42:47.775487;22/Jul/2026:11:42:47.776085;22/Jul/2026:11:42:47.776434;22/Jul/2026:11:42:45.249812;22/Jul/2026:11:42:41.504904;22/Jul/2026:11:42:45.249990;22/Jul/2026:11:42:38.932087;22/Jul/2026:11:42:45.247602;22/Jul/2026:11:42:40.336752;22/Jul/2026:11:42:42.827793;22/Jul/2026:11:42:45.244847;22/Jul/2026:11:42:47.773212;22/Jul/2026:11:42:45.245251;22/Jul/2026:11:42:46.399758;22/Jul/2026:11:42:47.765400;22/Jul/2026:11:42:45.250271;22/Jul/2026:11:42:42.832018;22/Jul/2026:11:42:47.776986;22/Jul/2026:11:42:42.829192;22/Jul/2026:11:42:38.988560;22/Jul/2026:11:42:36.743399;22/Jul/2026:11:42:42.829136;22/Jul/2026:11:42:47.771961;22/Jul/2026:11:42:47.775215;22/Jul/2026:11:42:47.774237;22/Jul/2026:11:42:43.932699;22/Jul/2026:11:42:45.250462;22/Jul/2026:11:42:42.830084;22/Jul/2026:11:42:45.252349;22/Jul/2026:11:42:47.774362;22/Jul/2026:11:42:47.774288;22/Jul/2026:11:42:45.250118;22/Jul/2026:11:42:43.932460;22/Jul/2026:11:42:14.248061;22/Jul/2026:11:42:45.253040;22/Jul/2026:11:42:47.775162;22/Jul/2026:11:42:47.770668;22/Jul/2026:11:42:47.775383;22/Jul/2026:11:42:47.773536;22/Jul/2026:11:42:48.890593;22/Jul/2026:11:42:45.252778;22/Jul/2026:11:42:45.252459;22/Jul/2026:11:42:48.890932;22/Jul/2026:11:42:47.775084;22/Jul/2026:11:42:45.250737;22/Jul/2026:11:42:47.773643;22/Jul/2026:11:42:47.769815,3.5912;7.4408;4.9515;1.4157;3.9014;2.5508;2.5472;2.5476;6.1861;11.1041;4.9765;6.3756;0.1209;0.1294;3.6964;11.6373;10.0868;0.1673;1.5612;9.0527;10.1839;1.6521;10.5606;9.4794;3.2104;0.7462;4.5984;0.8029;3.3297;3.3313;4.6498;3.3575;2.2311;0.8642;0.8876;5.8360;0.9042;8.3513;0.9281;0.9317;0.9328;3.4798;7.2503;3.5095;9.8746;3.5605;8.5202;6.0548;3.6441;1.1633;3.7013;2.5791;1.2175;3.7391;6.2052;1.2694;6.2418;10.0837;12.3304;6.2581;1.3601;1.3787;1.3911;5.2361;3.9210;6.3540;3.9621;1.5042;1.5073;4.0346;5.3627;35.0521;4.0631;1.5465;1.5761;1.6518;1.6979;0.6070;4.2509;4.2590;0.6277;1.7585;4.2978;1.7870;1.8132
12,5,366,success,None,22/Jul/2026:11:42:48.889864,22/Jul/2026:11:42:49.930549,1.0407,36,22/Jul/2026:11:42:47.773212;22/Jul/2026:11:42:45.245251;22/Jul/2026:11:42:46.399758;22/Jul/2026:11:42:47.765400;22/Jul/2026:11:42:45.250271;22/Jul/2026:11:42:42.832018;22/Jul/2026:11:42:47.776986;22/Jul/2026:11:42:42.829192;22/Jul/2026:11:42:38.988560;22/Jul/2026:11:42:36.743399;22/Jul/2026:11:42:42.829136;22/Jul/2026:11:42:47.771961;22/Jul/2026:11:42:47.775215;22/Jul/2026:11:42:47.774237;22/Jul/2026:11:42:43.932699;22/Jul/2026:11:42:45.250462;22/Jul/2026:11:42:42.830084;22/Jul/2026:11:42:45.252349;22/Jul/2026:11:42:47.774362;22/Jul/2026:11:42:47.774288;22/Jul/2026:11:42:45.250118;22/Jul/2026:11:42:43.932460;22/Jul/2026:11:42:14.248061;22/Jul/2026:11:42:45.253040;22/Jul/2026:11:42:47.775162;22/Jul/2026:11:42:47.770668;22/Jul/2026:11:42:47.775383;22/Jul/2026:11:42:47.773536;22/Jul/2026:11:42:48.890593;22/Jul/2026:11:42:45.252778;22/Jul/2026:11:42:45.252459;22/Jul/2026:11:42:48.890932;22/Jul/2026:11:42:47.775084;22/Jul/2026:11:42:45.250737;22/Jul/2026:11:42:47.773643;22/Jul/2026:11:42:47.769815,1.1633;3.7013;2.5791;1.2175;3.7391;6.2052;1.2694;6.2418;10.0837;12.3304;6.2581;1.3601;1.3787;1.3911;5.2361;3.9210;6.3540;3.9621;1.5042;1.5073;4.0346;5.3627;35.0521;4.0631;1.5465;1.5761;1.6518;1.6979;0.6070;4.2509;4.2590;0.6277;1.7585;4.2978;1.7870;1.8132
12,5,334,success,None,22/Jul/2026:11:42:47.764359,22/Jul/2026:11:42:49.983686,2.2193,85,22/Jul/2026:11:42:44.188706;22/Jul/2026:11:42:40.339313;22/Jul/2026:11:42:42.828635;22/Jul/2026:11:42:46.373982;22/Jul/2026:11:42:43.893446;22/Jul/2026:11:42:45.246656;22/Jul/2026:11:42:45.250409;22/Jul/2026:11:42:45.253938;22/Jul/2026:11:42:41.616396;22/Jul/2026:11:42:36.703709;22/Jul/2026:11:42:42.831379;22/Jul/2026:11:42:41.487583;22/Jul/2026:11:42:47.770246;22/Jul/2026:11:42:47.770342;22/Jul/2026:11:42:44.222086;22/Jul/2026:11:42:36.289502;22/Jul/2026:11:42:37.844949;22/Jul/2026:11:42:47.765083;22/Jul/2026:11:42:46.400000;22/Jul/2026:11:42:38.935353;22/Jul/2026:11:42:37.844335;22/Jul/2026:11:42:46.414275;22/Jul/2026:11:42:37.846195;22/Jul/2026:11:42:38.933197;22/Jul/2026:11:42:45.244949;22/Jul/2026:11:42:47.764867;22/Jul/2026:11:42:43.932829;22/Jul/2026:11:42:47.765602;22/Jul/2026:11:42:45.245656;22/Jul/2026:11:42:45.245706;22/Jul/2026:11:42:43.932149;22/Jul/2026:11:42:45.252024;22/Jul/2026:11:42:46.400289;22/Jul/2026:11:42:47.775461;22/Jul/2026:11:42:47.775409;22/Jul/2026:11:42:42.830178;22/Jul/2026:11:42:47.765350;22/Jul/2026:11:42:40.339960;22/Jul/2026:11:42:47.775487;22/Jul/2026:11:42:47.776085;22/Jul/2026:11:42:47.776434;22/Jul/2026:11:42:45.249812;22/Jul/2026:11:42:41.504904;22/Jul/2026:11:42:45.249990;22/Jul/2026:11:42:38.932087;22/Jul/2026:11:42:45.247602;22/Jul/2026:11:42:40.336752;22/Jul/2026:11:42:42.827793;22/Jul/2026:11:42:45.244847;22/Jul/2026:11:42:47.773212;22/Jul/2026:11:42:45.245251;22/Jul/2026:11:42:46.399758;22/Jul/2026:11:42:47.765400;22/Jul/2026:11:42:45.250271;22/Jul/2026:11:42:42.832018;22/Jul/2026:11:42:47.776986;22/Jul/2026:11:42:42.829192;22/Jul/2026:11:42:38.988560;22/Jul/2026:11:42:36.743399;22/Jul/2026:11:42:42.829136;22/Jul/2026:11:42:47.771961;22/Jul/2026:11:42:47.775215;22/Jul/2026:11:42:47.774237;22/Jul/2026:11:42:43.932699;22/Jul/2026:11:42:45.250462;22/Jul/2026:11:42:42.830084;22/Jul/2026:11:42:45.252349;22/Jul/2026:11:42:47.774362;22/Jul/2026:11:42:47.774288;22/Jul/2026:11:42:45.250118;22/Jul/2026:11:42:43.932460;22/Jul/2026:11:42:14.248061;22/Jul/2026:11:42:45.253040;22/Jul/2026:11:42:47.775162;22/Jul/2026:11:42:47.770668;22/Jul/2026:11:42:47.775383;22/Jul/2026:11:42:47.773536;22/Jul/2026:11:42:48.890593;22/Jul/2026:11:42:45.252778;22/Jul/2026:11:42:45.252459;22/Jul/2026:11:42:48.890932;22/Jul/2026:11:42:47.775084;22/Jul/2026:11:42:45.250737;22/Jul/2026:11:42:47.773643;22/Jul/2026:11:42:47.769815,3.5912;7.4408;4.9515;1.4157;3.9014;2.5508;2.5472;2.5476;6.1861;11.1041;4.9765;6.3756;0.1209;0.1294;3.6964;11.6373;10.0868;0.1673;1.5612;9.0527;10.1839;1.6521;10.5606;9.4794;3.2104;0.7462;4.5984;0.8029;3.3297;3.3313;4.6498;3.3575;2.2311;0.8642;0.8876;5.8360;0.9042;8.3513;0.9281;0.9317;0.9328;3.4798;7.2503;3.5095;9.8746;3.5605;8.5202;6.0548;3.6441;1.1633;3.7013;2.5791;1.2175;3.7391;6.2052;1.2694;6.2418;10.0837;12.3304;6.2581;1.3601;1.3787;1.3911;5.2361;3.9210;6.3540;3.9621;1.5042;1.5073;4.0346;5.3627;35.0521;4.0631;1.5465;1.5761;1.6518;1.6979;0.6070;4.2509;4.2590;0.6277;1.7585;4.2978;1.7870;1.8132
12,5,343,success,None,22/Jul/2026:11:42:48.821042,22/Jul/2026:11:42:50.020999,1.2000,39,22/Jul/2026:11:42:40.336752;22/Jul/2026:11:42:42.827793;22/Jul/2026:11:42:45.244847;22/Jul/2026:11:42:47.773212;22/Jul/2026:11:42:45.245251;22/Jul/2026:11:42:46.399758;22/Jul/2026:11:42:47.765400;22/Jul/2026:11:42:45.250271;22/Jul/2026:11:42:42.832018;22/Jul/2026:11:42:47.776986;22/Jul/2026:11:42:42.829192;22/Jul/2026:11:42:38.988560;22/Jul/2026:11:42:36.743399;22/Jul/2026:11:42:42.829136;22/Jul/2026:11:42:47.771961;22/Jul/2026:11:42:47.775215;22/Jul/2026:11:42:47.774237;22/Jul/2026:11:42:43.932699;22/Jul/2026:11:42:45.250462;22/Jul/2026:11:42:42.830084;22/Jul/2026:11:42:45.252349;22/Jul/2026:11:42:47.774362;22/Jul/2026:11:42:47.774288;22/Jul/2026:11:42:45.250118;22/Jul/2026:11:42:43.932460;22/Jul/2026:11:42:14.248061;22/Jul/2026:11:42:45.253040;22/Jul/2026:11:42:47.775162;22/Jul/2026:11:42:47.770668;22/Jul/2026:11:42:47.775383;22/Jul/2026:11:42:47.773536;22/Jul/2026:11:42:48.890593;22/Jul/2026:11:42:45.252778;22/Jul/2026:11:42:45.252459;22/Jul/2026:11:42:48.890932;22/Jul/2026:11:42:47.775084;22/Jul/2026:11:42:45.250737;22/Jul/2026:11:42:47.773643;22/Jul/2026:11:42:47.769815,8.5202;6.0548;3.6441;1.1633;3.7013;2.5791;1.2175;3.7391;6.2052;1.2694;6.2418;10.0837;12.3304;6.2581;1.3601;1.3787;1.3911;5.2361;3.9210;6.3540;3.9621;1.5042;1.5073;4.0346;5.3627;35.0521;4.0631;1.5465;1.5761;1.6518;1.6979;0.6070;4.2509;4.2590;0.6277;1.7585;4.2978;1.7870;1.8132
12,5,324,success,None,22/Jul/2026:11:42:47.764261,22/Jul/2026:11:42:50.063257,2.2990,85,22/Jul/2026:11:42:44.188706;22/Jul/2026:11:42:40.339313;22/Jul/2026:11:42:42.828635;22/Jul/2026:11:42:46.373982;22/Jul/2026:11:42:43.893446;22/Jul/2026:11:42:45.246656;22/Jul/2026:11:42:45.250409;22/Jul/2026:11:42:45.253938;22/Jul/2026:11:42:41.616396;22/Jul/2026:11:42:36.703709;22/Jul/2026:11:42:42.831379;22/Jul/2026:11:42:41.487583;22/Jul/2026:11:42:47.770246;22/Jul/2026:11:42:47.770342;22/Jul/2026:11:42:44.222086;22/Jul/2026:11:42:36.289502;22/Jul/2026:11:42:37.844949;22/Jul/2026:11:42:47.765083;22/Jul/2026:11:42:46.400000;22/Jul/2026:11:42:38.935353;22/Jul/2026:11:42:37.844335;22/Jul/2026:11:42:46.414275;22/Jul/2026:11:42:37.846195;22/Jul/2026:11:42:38.933197;22/Jul/2026:11:42:45.244949;22/Jul/2026:11:42:47.764867;22/Jul/2026:11:42:43.932829;22/Jul/2026:11:42:47.765602;22/Jul/2026:11:42:45.245656;22/Jul/2026:11:42:45.245706;22/Jul/2026:11:42:43.932149;22/Jul/2026:11:42:45.252024;22/Jul/2026:11:42:46.400289;22/Jul/2026:11:42:47.775461;22/Jul/2026:11:42:47.775409;22/Jul/2026:11:42:42.830178;22/Jul/2026:11:42:47.765350;22/Jul/2026:11:42:40.339960;22/Jul/2026:11:42:47.775487;22/Jul/2026:11:42:47.776085;22/Jul/2026:11:42:47.776434;22/Jul/2026:11:42:45.249812;22/Jul/2026:11:42:41.504904;22/Jul/2026:11:42:45.249990;22/Jul/2026:11:42:38.932087;22/Jul/2026:11:42:45.247602;22/Jul/2026:11:42:40.336752;22/Jul/2026:11:42:42.827793;22/Jul/2026:11:42:45.244847;22/Jul/2026:11:42:47.773212;22/Jul/2026:11:42:45.245251;22/Jul/2026:11:42:46.399758;22/Jul/2026:11:42:47.765400;22/Jul/2026:11:42:45.250271;22/Jul/2026:11:42:42.832018;22/Jul/2026:11:42:47.776986;22/Jul/2026:11:42:42.829192;22/Jul/2026:11:42:38.988560;22/Jul/2026:11:42:36.743399;22/Jul/2026:11:42:42.829136;22/Jul/2026:11:42:47.771961;22/Jul/2026:11:42:47.775215;22/Jul/2026:11:42:47.774237;22/Jul/2026:11:42:43.932699;22/Jul/2026:11:42:45.250462;22/Jul/2026:11:42:42.830084;22/Jul/2026:11:42:45.252349;22/Jul/2026:11:42:47.774362;22/Jul/2026:11:42:47.774288;22/Jul/2026:11:42:45.250118;22/Jul/2026:11:42:43.932460;22/Jul/2026:11:42:14.248061;22/Jul/2026:11:42:45.253040;22/Jul/2026:11:42:47.775162;22/Jul/2026:11:42:47.770668;22/Jul/2026:11:42:47.775383;22/Jul/2026:11:42:47.773536;22/Jul/2026:11:42:48.890593;22/Jul/2026:11:42:45.252778;22/Jul/2026:11:42:45.252459;22/Jul/2026:11:42:48.890932;22/Jul/2026:11:42:47.775084;22/Jul/2026:11:42:45.250737;22/Jul/2026:11:42:47.773643;22/Jul/2026:11:42:47.769815,3.5912;7.4408;4.9515;1.4157;3.9014;2.5508;2.5472;2.5476;6.1861;11.1041;4.9765;6.3756;0.1209;0.1294;3.6964;11.6373;10.0868;0.1673;1.5612;9.0527;10.1839;1.6521;10.5606;9.4794;3.2104;0.7462;4.5984;0.8029;3.3297;3.3313;4.6498;3.3575;2.2311;0.8642;0.8876;5.8360;0.9042;8.3513;0.9281;0.9317;0.9328;3.4798;7.2503;3.5095;9.8746;3.5605;8.5202;6.0548;3.6441;1.1633;3.7013;2.5791;1.2175;3.7391;6.2052;1.2694;6.2418;10.0837;12.3304;6.2581;1.3601;1.3787;1.3911;5.2361;3.9210;6.3540;3.9621;1.5042;1.5073;4.0346;5.3627;35.0521;4.0631;1.5465;1.5761;1.6518;1.6979;0.6070;4.2509;4.2590;0.6277;1.7585;4.2978;1.7870;1.8132
12,5,415,success,None,22/Jul/2026:11:42:49.043229,22/Jul/2026:11:42:50.291620,1.2484,30,22/Jul/2026:11:42:47.776986;22/Jul/2026:11:42:42.829192;22/Jul/2026:11:42:38.988560;22/Jul/2026:11:42:36.743399;22/Jul/2026:11:42:42.829136;22/Jul/2026:11:42:47.771961;22/Jul/2026:11:42:47.775215;22/Jul/2026:11:42:47.774237;22/Jul/2026:11:42:43.932699;22/Jul/2026:11:42:45.250462;22/Jul/2026:11:42:42.830084;22/Jul/2026:11:42:45.252349;22/Jul/2026:11:42:47.774362;22/Jul/2026:11:42:47.774288;22/Jul/2026:11:42:45.250118;22/Jul/2026:11:42:43.932460;22/Jul/2026:11:42:14.248061;22/Jul/2026:11:42:45.253040;22/Jul/2026:11:42:47.775162;22/Jul/2026:11:42:47.770668;22/Jul/2026:11:42:47.775383;22/Jul/2026:11:42:47.773536;22/Jul/2026:11:42:48.890593;22/Jul/2026:11:42:45.252778;22/Jul/2026:11:42:45.252459;22/Jul/2026:11:42:48.890932;22/Jul/2026:11:42:47.775084;22/Jul/2026:11:42:45.250737;22/Jul/2026:11:42:47.773643;22/Jul/2026:11:42:47.769815,1.2694;6.2418;10.0837;12.3304;6.2581;1.3601;1.3787;1.3911;5.2361;3.9210;6.3540;3.9621;1.5042;1.5073;4.0346;5.3627;35.0521;4.0631;1.5465;1.5761;1.6518;1.6979;0.6070;4.2509;4.2590;0.6277;1.7585;4.2978;1.7870;1.8132
13,5,25,success,None,22/Jul/2026:11:42:50.293209,22/Jul/2026:11:42:51.327426,1.0342,82,22/Jul/2026:11:42:46.373528;22/Jul/2026:11:42:50.306073;22/Jul/2026:11:42:41.487388;22/Jul/2026:11:42:46.414247;22/Jul/2026:11:42:48.822859;22/Jul/2026:11:42:45.254653;22/Jul/2026:11:42:38.932306;22/Jul/2026:11:42:46.408171;22/Jul/2026:11:42:45.242078;22/Jul/2026:11:42:42.830549;22/Jul/2026:11:42:42.827741;22/Jul/2026:11:42:45.251068;22/Jul/2026:11:42:45.250542;22/Jul/2026:11:42:41.616720;22/Jul/2026:11:42:37.839193;22/Jul/2026:11:42:47.768855;22/Jul/2026:11:42:50.296190;22/Jul/2026:11:42:39.006838;22/Jul/2026:11:42:45.245354;22/Jul/2026:11:42:32.258576;22/Jul/2026:11:42:47.778064;22/Jul/2026:11:42:41.615995;22/Jul/2026:11:42:47.774211;22/Jul/2026:11:42:20.359417;22/Jul/2026:11:42:47.769366;22/Jul/2026:11:42:42.831290;22/Jul/2026:11:42:47.766991;22/Jul/2026:11:42:46.414007;22/Jul/2026:11:42:35.339204;22/Jul/2026:11:42:47.773617;22/Jul/2026:11:42:47.775817;22/Jul/2026:11:42:30.378177;22/Jul/2026:11:42:42.823723;22/Jul/2026:11:42:28.214405;22/Jul/2026:11:42:50.301922;22/Jul/2026:11:42:47.765650;22/Jul/2026:11:42:50.297384;22/Jul/2026:11:42:47.765555;22/Jul/2026:11:42:50.296685;22/Jul/2026:11:42:47.774555;22/Jul/2026:11:42:41.616278;22/Jul/2026:11:42:48.822956;22/Jul/2026:11:42:34.362295;22/Jul/2026:11:42:37.210398;22/Jul/2026:11:42:47.767577;22/Jul/2026:11:42:47.774024;22/Jul/2026:11:42:36.232848;22/Jul/2026:11:42:50.302024;22/Jul/2026:11:42:45.254196;22/Jul/2026:11:42:32.259272;22/Jul/2026:11:42:47.769621;22/Jul/2026:11:42:50.302072;22/Jul/2026:11:42:46.408027;22/Jul/2026:11:42:50.298237;22/Jul/2026:11:42:50.308662;22/Jul/2026:11:42:47.768610;22/Jul/2026:11:42:33.374147;22/Jul/2026:11:42:50.295973;22/Jul/2026:11:42:32.263685;22/Jul/2026:11:42:31.422115;22/Jul/2026:11:42:50.298824;22/Jul/2026:11:42:31.564795;22/Jul/2026:11:42:47.769721;22/Jul/2026:11:42:50.297286;22/Jul/2026:11:42:48.823631;22/Jul/2026:11:42:40.337219;22/Jul/2026:11:42:47.767759;22/Jul/2026:11:42:50.301864;22/Jul/2026:11:42:49.045151;22/Jul/2026:11:42:50.297751;22/Jul/2026:11:42:50.296341;22/Jul/2026:11:42:36.289999;22/Jul/2026:11:42:45.248715;22/Jul/2026:11:42:50.308962;22/Jul/2026:11:42:50.302177;22/Jul/2026:11:42:41.616603;22/Jul/2026:11:42:47.774415;22/Jul/2026:11:42:47.767212;22/Jul/2026:11:42:50.297914;22/Jul/2026:11:42:50.302611;22/Jul/2026:11:42:47.777124;22/Jul/2026:11:42:31.422189,3.9326;0.0000;8.8305;3.9036;1.4950;5.0632;11.3870;3.9111;5.0772;7.4888;7.4928;5.0730;5.0767;8.7163;12.4951;2.5820;0.0568;11.3470;5.1099;18.1034;2.5839;8.7460;2.5881;30.0031;2.6003;7.5572;2.6333;3.9910;15.1020;2.6815;2.6843;20.0996;7.6618;22.2720;0.2290;2.7670;0.2407;2.7792;0.2699;2.8302;9.0957;1.9588;16.4234;13.6017;3.0496;3.0593;14.6746;0.6317;5.7073;18.7027;3.2029;0.6719;4.5844;0.7263;0.7167;3.2637;17.6678;0.7480;18.7818;19.6429;0.7703;19.5200;3.3445;0.8218;2.3137;10.8072;3.3840;0.8549;2.1288;0.8896;0.9107;14.9220;5.9674;0.9278;0.9514;9.6471;3.5018;3.5193;1.0050;1.0064;3.5353;19.8931
13,5,51,success,None,22/Jul/2026:11:42:50.293382,22/Jul/2026:11:42:51.396170,1.1028,94,22/Jul/2026:11:42:46.373528;22/Jul/2026:11:42:50.306073;22/Jul/2026:11:42:41.487388;22/Jul/2026:11:42:46.414247;22/Jul/2026:11:42:48.822859;22/Jul/2026:11:42:45.254653;22/Jul/2026:11:42:38.932306;22/Jul/2026:11:42:46.408171;22/Jul/2026:11:42:45.242078;22/Jul/2026:11:42:42.830549;22/Jul/2026:11:42:42.827741;22/Jul/2026:11:42:45.251068;22/Jul/2026:11:42:45.250542;22/Jul/2026:11:42:41.616720;22/Jul/2026:11:42:37.839193;22/Jul/2026:11:42:47.768855;22/Jul/2026:11:42:50.296190;22/Jul/2026:11:42:39.006838;22/Jul/2026:11:42:45.245354;22/Jul/2026:11:42:32.258576;22/Jul/2026:11:42:47.778064;22/Jul/2026:11:42:41.615995;22/Jul/2026:11:42:47.774211;22/Jul/2026:11:42:20.359417;22/Jul/2026:11:42:47.769366;22/Jul/2026:11:42:42.831290;22/Jul/2026:11:42:47.766991;22/Jul/2026:11:42:46.414007;22/Jul/2026:11:42:35.339204;22/Jul/2026:11:42:47.773617;22/Jul/2026:11:42:47.775817;22/Jul/2026:11:42:30.378177;22/Jul/2026:11:42:42.823723;22/Jul/2026:11:42:28.214405;22/Jul/2026:11:42:50.301922;22/Jul/2026:11:42:47.765650;22/Jul/2026:11:42:50.297384;22/Jul/2026:11:42:47.765555;22/Jul/2026:11:42:50.296685;22/Jul/2026:11:42:47.774555;22/Jul/2026:11:42:41.616278;22/Jul/2026:11:42:48.822956;22/Jul/2026:11:42:34.362295;22/Jul/2026:11:42:37.210398;22/Jul/2026:11:42:47.767577;22/Jul/2026:11:42:47.774024;22/Jul/2026:11:42:36.232848;22/Jul/2026:11:42:50.302024;22/Jul/2026:11:42:45.254196;22/Jul/2026:11:42:32.259272;22/Jul/2026:11:42:47.769621;22/Jul/2026:11:42:50.302072;22/Jul/2026:11:42:46.408027;22/Jul/2026:11:42:50.298237;22/Jul/2026:11:42:50.308662;22/Jul/2026:11:42:47.768610;22/Jul/2026:11:42:33.374147;22/Jul/2026:11:42:50.295973;22/Jul/2026:11:42:32.263685;22/Jul/2026:11:42:31.422115;22/Jul/2026:11:42:50.298824;22/Jul/2026:11:42:31.564795;22/Jul/2026:11:42:47.769721;22/Jul/2026:11:42:50.297286;22/Jul/2026:11:42:48.823631;22/Jul/2026:11:42:40.337219;22/Jul/2026:11:42:47.767759;22/Jul/2026:11:42:50.301864;22/Jul/2026:11:42:49.045151;22/Jul/2026:11:42:50.297751;22/Jul/2026:11:42:50.296341;22/Jul/2026:11:42:36.289999;22/Jul/2026:11:42:45.248715;22/Jul/2026:11:42:50.308962;22/Jul/2026:11:42:50.302177;22/Jul/2026:11:42:41.616603;22/Jul/2026:11:42:47.774415;22/Jul/2026:11:42:47.767212;22/Jul/2026:11:42:50.297914;22/Jul/2026:11:42:50.302611;22/Jul/2026:11:42:47.777124;22/Jul/2026:11:42:31.422189;22/Jul/2026:11:42:50.304261;22/Jul/2026:11:42:45.254790;22/Jul/2026:11:42:47.768136;22/Jul/2026:11:42:33.374376;22/Jul/2026:11:42:50.296290;22/Jul/2026:11:42:36.743001;22/Jul/2026:11:42:45.243464;22/Jul/2026:11:42:47.764952;22/Jul/2026:11:42:50.308383;22/Jul/2026:11:42:50.313752;22/Jul/2026:11:42:50.310194;22/Jul/2026:11:42:47.766538,3.9326;0.0000;8.8305;3.9036;1.4950;5.0632;11.3870;3.9111;5.0772;7.4888;7.4928;5.0730;5.0767;8.7163;12.4951;2.5820;0.0568;11.3470;5.1099;18.1034;2.5839;8.7460;2.5881;30.0031;2.6003;7.5572;2.6333;3.9910;15.1020;2.6815;2.6843;20.0996;7.6618;22.2720;0.2290;2.7670;0.2407;2.7792;0.2699;2.8302;9.0957;1.9588;16.4234;13.6017;3.0496;3.0593;14.6746;0.6317;5.7073;18.7027;3.2029;0.6719;4.5844;0.7263;0.7167;3.2637;17.6678;0.7480;18.7818;19.6429;0.7703;19.5200;3.3445;0.8218;2.3137;10.8072;3.3840;0.8549;2.1288;0.8896;0.9107;14.9220;5.9674;0.9278;0.9514;9.6471;3.5018;3.5193;1.0050;1.0064;3.5353;19.8931;1.0264;6.0785;3.5677;17.9659;1.0452;14.6080;6.1126;3.5933;1.0651;1.0610;1.0690;3.6199
13,5,61,success,None,22/Jul/2026:11:42:50.293538,22/Jul/2026:11:42:51.422599,1.1291,98,22/Jul/2026:11:42:46.373528;22/Jul/2026:11:42:50.306073;22/Jul/2026:11:42:41.487388;22/Jul/2026:11:42:46.414247;22/Jul/2026:11:42:48.822859;22/Jul/2026:11:42:45.254653;22/Jul/2026:11:42:38.932306;22/Jul/2026:11:42:46.408171;22/Jul/2026:11:42:45.242078;22/Jul/2026:11:42:42.830549;22/Jul/2026:11:42:42.827741;22/Jul/2026:11:42:45.251068;22/Jul/2026:11:42:45.250542;22/Jul/2026:11:42:41.616720;22/Jul/2026:11:42:37.839193;22/Jul/2026:11:42:47.768855;22/Jul/2026:11:42:50.296190;22/Jul/2026:11:42:39.006838;22/Jul/2026:11:42:45.245354;22/Jul/2026:11:42:32.258576;22/Jul/2026:11:42:47.778064;22/Jul/2026:11:42:41.615995;22/Jul/2026:11:42:47.774211;22/Jul/2026:11:42:20.359417;22/Jul/2026:11:42:47.769366;22/Jul/2026:11:42:42.831290;22/Jul/2026:11:42:47.766991;22/Jul/2026:11:42:46.414007;22/Jul/2026:11:42:35.339204;22/Jul/2026:11:42:47.773617;22/Jul/2026:11:42:47.775817;22/Jul/2026:11:42:30.378177;22/Jul/2026:11:42:42.823723;22/Jul/2026:11:42:28.214405;22/Jul/2026:11:42:50.301922;22/Jul/2026:11:42:47.765650;22/Jul/2026:11:42:50.297384;22/Jul/2026:11:42:47.765555;22/Jul/2026:11:42:50.296685;22/Jul/2026:11:42:47.774555;22/Jul/2026:11:42:41.616278;22/Jul/2026:11:42:48.822956;22/Jul/2026:11:42:34.362295;22/Jul/2026:11:42:37.210398;22/Jul/2026:11:42:47.767577;22/Jul/2026:11:42:47.774024;22/Jul/2026:11:42:36.232848;22/Jul/2026:11:42:50.302024;22/Jul/2026:11:42:45.254196;22/Jul/2026:11:42:32.259272;22/Jul/2026:11:42:47.769621;22/Jul/2026:11:42:50.302072;22/Jul/2026:11:42:46.408027;22/Jul/2026:11:42:50.298237;22/Jul/2026:11:42:50.308662;22/Jul/2026:11:42:47.768610;22/Jul/2026:11:42:33.374147;22/Jul/2026:11:42:50.295973;22/Jul/2026:11:42:32.263685;22/Jul/2026:11:42:31.422115;22/Jul/2026:11:42:50.298824;22/Jul/2026:11:42:31.564795;22/Jul/2026:11:42:47.769721;22/Jul/2026:11:42:50.297286;22/Jul/2026:11:42:48.823631;22/Jul/2026:11:42:40.337219;22/Jul/2026:11:42:47.767759;22/Jul/2026:11:42:50.301864;22/Jul/2026:11:42:49.045151;22/Jul/2026:11:42:50.297751;22/Jul/2026:11:42:50.296341;22/Jul/2026:11:42:36.289999;22/Jul/2026:11:42:45.248715;22/Jul/2026:11:42:50.308962;22/Jul/2026:11:42:50.302177;22/Jul/2026:11:42:41.616603;22/Jul/2026:11:42:47.774415;22/Jul/2026:11:42:47.767212;22/Jul/2026:11:42:50.297914;22/Jul/2026:11:42:50.302611;22/Jul/2026:11:42:47.777124;22/Jul/2026:11:42:31.422189;22/Jul/2026:11:42:50.304261;22/Jul/2026:11:42:45.254790;22/Jul/2026:11:42:47.768136;22/Jul/2026:11:42:33.374376;22/Jul/2026:11:42:50.296290;22/Jul/2026:11:42:36.743001;22/Jul/2026:11:42:45.243464;22/Jul/2026:11:42:47.764952;22/Jul/2026:11:42:50.308383;22/Jul/2026:11:42:50.313752;22/Jul/2026:11:42:50.310194;22/Jul/2026:11:42:47.766538;22/Jul/2026:11:42:45.253963;22/Jul/2026:11:42:46.373303;22/Jul/2026:11:42:47.776464;22/Jul/2026:11:42:44.222785,3.9326;0.0000;8.8305;3.9036;1.4950;5.0632;11.3870;3.9111;5.0772;7.4888;7.4928;5.0730;5.0767;8.7163;12.4951;2.5820;0.0568;11.3470;5.1099;18.1034;2.5839;8.7460;2.5881;30.0031;2.6003;7.5572;2.6333;3.9910;15.1020;2.6815;2.6843;20.0996;7.6618;22.2720;0.2290;2.7670;0.2407;2.7792;0.2699;2.8302;9.0957;1.9588;16.4234;13.6017;3.0496;3.0593;14.6746;0.6317;5.7073;18.7027;3.2029;0.6719;4.5844;0.7263;0.7167;3.2637;17.6678;0.7480;18.7818;19.6429;0.7703;19.5200;3.3445;0.8218;2.3137;10.8072;3.3840;0.8549;2.1288;0.8896;0.9107;14.9220;5.9674;0.9278;0.9514;9.6471;3.5018;3.5193;1.0050;1.0064;3.5353;19.8931;1.0264;6.0785;3.5677;17.9659;1.0452;14.6080;6.1126;3.5933;1.0651;1.0610;1.0690;3.6199;6.1430;5.0263;3.6320;7.1879
13,5,76,success,None,22/Jul/2026:11:42:50.293662,22/Jul/2026:11:42:51.528929,1.2353,103,22/Jul/2026:11:42:46.373528;22/Jul/2026:11:42:50.306073;22/Jul/2026:11:42:41.487388;22/Jul/2026:11:42:46.414247;22/Jul/2026:11:42:48.822859;22/Jul/2026:11:42:45.254653;22/Jul/2026:11:42:38.932306;22/Jul/2026:11:42:46.408171;22/Jul/2026:11:42:45.242078;22/Jul/2026:11:42:42.830549;22/Jul/2026:11:42:42.827741;22/Jul/2026:11:42:45.251068;22/Jul/2026:11:42:45.250542;22/Jul/2026:11:42:41.616720;22/Jul/2026:11:42:37.839193;22/Jul/2026:11:42:47.768855;22/Jul/2026:11:42:50.296190;22/Jul/2026:11:42:39.006838;22/Jul/2026:11:42:45.245354;22/Jul/2026:11:42:32.258576;22/Jul/2026:11:42:47.778064;22/Jul/2026:11:42:41.615995;22/Jul/2026:11:42:47.774211;22/Jul/2026:11:42:20.359417;22/Jul/2026:11:42:47.769366;22/Jul/2026:11:42:42.831290;22/Jul/2026:11:42:47.766991;22/Jul/2026:11:42:46.414007;22/Jul/2026:11:42:35.339204;22/Jul/2026:11:42:47.773617;22/Jul/2026:11:42:47.775817;22/Jul/2026:11:42:30.378177;22/Jul/2026:11:42:42.823723;22/Jul/2026:11:42:28.214405;22/Jul/2026:11:42:50.301922;22/Jul/2026:11:42:47.765650;22/Jul/2026:11:42:50.297384;22/Jul/2026:11:42:47.765555;22/Jul/2026:11:42:50.296685;22/Jul/2026:11:42:47.774555;22/Jul/2026:11:42:41.616278;22/Jul/2026:11:42:48.822956;22/Jul/2026:11:42:34.362295;22/Jul/2026:11:42:37.210398;22/Jul/2026:11:42:47.767577;22/Jul/2026:11:42:47.774024;22/Jul/2026:11:42:36.232848;22/Jul/2026:11:42:50.302024;22/Jul/2026:11:42:45.254196;22/Jul/2026:11:42:32.259272;22/Jul/2026:11:42:47.769621;22/Jul/2026:11:42:50.302072;22/Jul/2026:11:42:46.408027;22/Jul/2026:11:42:50.298237;22/Jul/2026:11:42:50.308662;22/Jul/2026:11:42:47.768610;22/Jul/2026:11:42:33.374147;22/Jul/2026:11:42:50.295973;22/Jul/2026:11:42:32.263685;22/Jul/2026:11:42:31.422115;22/Jul/2026:11:42:50.298824;22/Jul/2026:11:42:31.564795;22/Jul/2026:11:42:47.769721;22/Jul/2026:11:42:50.297286;22/Jul/2026:11:42:48.823631;22/Jul/2026:11:42:40.337219;22/Jul/2026:11:42:47.767759;22/Jul/2026:11:42:50.301864;22/Jul/2026:11:42:49.045151;22/Jul/2026:11:42:50.297751;22/Jul/2026:11:42:50.296341;22/Jul/2026:11:42:36.289999;22/Jul/2026:11:42:45.248715;22/Jul/2026:11:42:50.308962;22/Jul/2026:11:42:50.302177;22/Jul/2026:11:42:41.616603;22/Jul/2026:11:42:47.774415;22/Jul/2026:11:42:47.767212;22/Jul/2026:11:42:50.297914;22/Jul/2026:11:42:50.302611;22/Jul/2026:11:42:47.777124;22/Jul/2026:11:42:31.422189;22/Jul/2026:11:42:50.304261;22/Jul/2026:11:42:45.254790;22/Jul/2026:11:42:47.768136;22/Jul/2026:11:42:33.374376;22/Jul/2026:11:42:50.296290;22/Jul/2026:11:42:36.743001;22/Jul/2026:11:42:45.243464;22/Jul/2026:11:42:47.764952;22/Jul/2026:11:42:50.308383;22/Jul/2026:11:42:50.313752;22/Jul/2026:11:42:50.310194;22/Jul/2026:11:42:47.766538;22/Jul/2026:11:42:45.253963;22/Jul/2026:11:42:46.373303;22/Jul/2026:11:42:47.776464;22/Jul/2026:11:42:44.222785;22/Jul/2026:11:42:45.254680;22/Jul/2026:11:42:46.413656;22/Jul/2026:11:42:50.307804;22/Jul/2026:11:42:47.765016;22/Jul/2026:11:42:47.772205,3.9326;0.0000;8.8305;3.9036;1.4950;5.0632;11.3870;3.9111;5.0772;7.4888;7.4928;5.0730;5.0767;8.7163;12.4951;2.5820;0.0568;11.3470;5.1099;18.1034;2.5839;8.7460;2.5881;30.0031;2.6003;7.5572;2.6333;3.9910;15.1020;2.6815;2.6843;20.0996;7.6618;22.2720;0.2290;2.7670;0.2407;2.7792;0.2699;2.8302;9.0957;1.9588;16.4234;13.6017;3.0496;3.0593;14.6746;0.6317;5.7073;18.7027;3.2029;0.6719;4.5844;0.7263;0.7167;3.2637;17.6678;0.7480;18.7818;19.6429;0.7703;19.5200;3.3445;0.8218;2.3137;10.8072;3.3840;0.8549;2.1288;0.8896;0.9107;14.9220;5.9674;0.9278;0.9514;9.6471;3.5018;3.5193;1.0050;1.0064;3.5353;19.8931;1.0264;6.0785;3.5677;17.9659;1.0452;14.6080;6.1126;3.5933;1.0651;1.0610;1.0690;3.6199;6.1430;5.0263;3.6320;7.1879;6.1685;5.0368;1.1572;3.7279;3.7386
13,5,133,success,None,22/Jul/2026:11:42:50.293894,22/Jul/2026:11:42:51.533901,1.2400,104,22/Jul/2026:11:42:46.373528;22/Jul/2026:11:42:50.306073;22/Jul/2026:11:42:41.487388;22/Jul/2026:11:42:46.414247;22/Jul/2026:11:42:48.822859;22/Jul/2026:11:42:45.254653;22/Jul/2026:11:42:38.932306;22/Jul/2026:11:42:46.408171;22/Jul/2026:11:42:45.242078;22/Jul/2026:11:42:42.830549;22/Jul/2026:11:42:42.827741;22/Jul/2026:11:42:45.251068;22/Jul/2026:11:42:45.250542;22/Jul/2026:11:42:41.616720;22/Jul/2026:11:42:37.839193;22/Jul/2026:11:42:47.768855;22/Jul/2026:11:42:50.296190;22/Jul/2026:11:42:39.006838;22/Jul/2026:11:42:45.245354;22/Jul/2026:11:42:32.258576;22/Jul/2026:11:42:47.778064;22/Jul/2026:11:42:41.615995;22/Jul/2026:11:42:47.774211;22/Jul/2026:11:42:20.359417;22/Jul/2026:11:42:47.769366;22/Jul/2026:11:42:42.831290;22/Jul/2026:11:42:47.766991;22/Jul/2026:11:42:46.414007;22/Jul/2026:11:42:35.339204;22/Jul/2026:11:42:47.773617;22/Jul/2026:11:42:47.775817;22/Jul/2026:11:42:30.378177;22/Jul/2026:11:42:42.823723;22/Jul/2026:11:42:28.214405;22/Jul/2026:11:42:50.301922;22/Jul/2026:11:42:47.765650;22/Jul/2026:11:42:50.297384;22/Jul/2026:11:42:47.765555;22/Jul/2026:11:42:50.296685;22/Jul/2026:11:42:47.774555;22/Jul/2026:11:42:41.616278;22/Jul/2026:11:42:48.822956;22/Jul/2026:11:42:34.362295;22/Jul/2026:11:42:37.210398;22/Jul/2026:11:42:47.767577;22/Jul/2026:11:42:47.774024;22/Jul/2026:11:42:36.232848;22/Jul/2026:11:42:50.302024;22/Jul/2026:11:42:45.254196;22/Jul/2026:11:42:32.259272;22/Jul/2026:11:42:47.769621;22/Jul/2026:11:42:50.302072;22/Jul/2026:11:42:46.408027;22/Jul/2026:11:42:50.298237;22/Jul/2026:11:42:50.308662;22/Jul/2026:11:42:47.768610;22/Jul/2026:11:42:33.374147;22/Jul/2026:11:42:50.295973;22/Jul/2026:11:42:32.263685;22/Jul/2026:11:42:31.422115;22/Jul/2026:11:42:50.298824;22/Jul/2026:11:42:31.564795;22/Jul/2026:11:42:47.769721;22/Jul/2026:11:42:50.297286;22/Jul/2026:11:42:48.823631;22/Jul/2026:11:42:40.337219;22/Jul/2026:11:42:47.767759;22/Jul/2026:11:42:50.301864;22/Jul/2026:11:42:49.045151;22/Jul/2026:11:42:50.297751;22/Jul/2026:11:42:50.296341;22/Jul/2026:11:42:36.289999;22/Jul/2026:11:42:45.248715;22/Jul/2026:11:42:50.308962;22/Jul/2026:11:42:50.302177;22/Jul/2026:11:42:41.616603;22/Jul/2026:11:42:47.774415;22/Jul/2026:11:42:47.767212;22/Jul/2026:11:42:50.297914;22/Jul/2026:11:42:50.302611;22/Jul/2026:11:42:47.777124;22/Jul/2026:11:42:31.422189;22/Jul/2026:11:42:50.304261;22/Jul/2026:11:42:45.254790;22/Jul/2026:11:42:47.768136;22/Jul/2026:11:42:33.374376;22/Jul/2026:11:42:50.296290;22/Jul/2026:11:42:36.743001;22/Jul/2026:11:42:45.243464;22/Jul/2026:11:42:47.764952;22/Jul/2026:11:42:50.308383;22/Jul/2026:11:42:50.313752;22/Jul/2026:11:42:50.310194;22/Jul/2026:11:42:47.766538;22/Jul/2026:11:42:45.253963;22/Jul/2026:11:42:46.373303;22/Jul/2026:11:42:47.776464;22/Jul/2026:11:42:44.222785;22/Jul/2026:11:42:45.254680;22/Jul/2026:11:42:46.413656;22/Jul/2026:11:42:50.307804;22/Jul/2026:11:42:47.765016;22/Jul/2026:11:42:47.772205;22/Jul/2026:11:42:42.833029,3.9326;0.0000;8.8305;3.9036;1.4950;5.0632;11.3870;3.9111;5.0772;7.4888;7.4928;5.0730;5.0767;8.7163;12.4951;2.5820;0.0568;11.3470;5.1099;18.1034;2.5839;8.7460;2.5881;30.0031;2.6003;7.5572;2.6333;3.9910;15.1020;2.6815;2.6843;20.0996;7.6618;22.2720;0.2290;2.7670;0.2407;2.7792;0.2699;2.8302;9.0957;1.9588;16.4234;13.6017;3.0496;3.0593;14.6746;0.6317;5.7073;18.7027;3.2029;0.6719;4.5844;0.7263;0.7167;3.2637;17.6678;0.7480;18.7818;19.6429;0.7703;19.5200;3.3445;0.8218;2.3137;10.8072;3.3840;0.8549;2.1288;0.8896;0.9107;14.9220;5.9674;0.9278;0.9514;9.6471;3.5018;3.5193;1.0050;1.0064;3.5353;19.8931;1.0264;6.0785;3.5677;17.9659;1.0452;14.6080;6.1126;3.5933;1.0651;1.0610;1.0690;3.6199;6.1430;5.0263;3.6320;7.1879;6.1685;5.0368;1.1572;3.7279;3.7386;8.6970
13,5,151,success,None,22/Jul/2026:11:42:50.294138,22/Jul/2026:11:42:51.768957,1.4748,116,22/Jul/2026:11:42:46.373528;22/Jul/2026:11:42:50.306073;22/Jul/2026:11:42:41.487388;22/Jul/2026:11:42:46.414247;22/Jul/2026:11:42:48.822859;22/Jul/2026:11:42:45.254653;22/Jul/2026:11:42:38.932306;22/Jul/2026:11:42:46.408171;22/Jul/2026:11:42:45.242078;22/Jul/2026:11:42:42.830549;22/Jul/2026:11:42:42.827741;22/Jul/2026:11:42:45.251068;22/Jul/2026:11:42:45.250542;22/Jul/2026:11:42:41.616720;22/Jul/2026:11:42:37.839193;22/Jul/2026:11:42:47.768855;22/Jul/2026:11:42:50.296190;22/Jul/2026:11:42:39.006838;22/Jul/2026:11:42:45.245354;22/Jul/2026:11:42:32.258576;22/Jul/2026:11:42:47.778064;22/Jul/2026:11:42:41.615995;22/Jul/2026:11:42:47.774211;22/Jul/2026:11:42:20.359417;22/Jul/2026:11:42:47.769366;22/Jul/2026:11:42:42.831290;22/Jul/2026:11:42:47.766991;22/Jul/2026:11:42:46.414007;22/Jul/2026:11:42:35.339204;22/Jul/2026:11:42:47.773617;22/Jul/2026:11:42:47.775817;22/Jul/2026:11:42:30.378177;22/Jul/2026:11:42:42.823723;22/Jul/2026:11:42:28.214405;22/Jul/2026:11:42:50.301922;22/Jul/2026:11:42:47.765650;22/Jul/2026:11:42:50.297384;22/Jul/2026:11:42:47.765555;22/Jul/2026:11:42:50.296685;22/Jul/2026:11:42:47.774555;22/Jul/2026:11:42:41.616278;22/Jul/2026:11:42:48.822956;22/Jul/2026:11:42:34.362295;22/Jul/2026:11:42:37.210398;22/Jul/2026:11:42:47.767577;22/Jul/2026:11:42:47.774024;22/Jul/2026:11:42:36.232848;22/Jul/2026:11:42:50.302024;22/Jul/2026:11:42:45.254196;22/Jul/2026:11:42:32.259272;22/Jul/2026:11:42:47.769621;22/Jul/2026:11:42:50.302072;22/Jul/2026:11:42:46.408027;22/Jul/2026:11:42:50.298237;22/Jul/2026:11:42:50.308662;22/Jul/2026:11:42:47.768610;22/Jul/2026:11:42:33.374147;22/Jul/2026:11:42:50.295973;22/Jul/2026:11:42:32.263685;22/Jul/2026:11:42:31.422115;22/Jul/2026:11:42:50.298824;22/Jul/2026:11:42:31.564795;22/Jul/2026:11:42:47.769721;22/Jul/2026:11:42:50.297286;22/Jul/2026:11:42:48.823631;22/Jul/2026:11:42:40.337219;22/Jul/2026:11:42:47.767759;22/Jul/2026:11:42:50.301864;22/Jul/2026:11:42:49.045151;22/Jul/2026:11:42:50.297751;22/Jul/2026:11:42:50.296341;22/Jul/2026:11:42:36.289999;22/Jul/2026:11:42:45.248715;22/Jul/2026:11:42:50.308962;22/Jul/2026:11:42:50.302177;22/Jul/2026:11:42:41.616603;22/Jul/2026:11:42:47.774415;22/Jul/2026:11:42:47.767212;22/Jul/2026:11:42:50.297914;22/Jul/2026:11:42:50.302611;22/Jul/2026:11:42:47.777124;22/Jul/2026:11:42:31.422189;22/Jul/2026:11:42:50.304261;22/Jul/2026:11:42:45.254790;22/Jul/2026:11:42:47.768136;22/Jul/2026:11:42:33.374376;22/Jul/2026:11:42:50.296290;22/Jul/2026:11:42:36.743001;22/Jul/2026:11:42:45.243464;22/Jul/2026:11:42:47.764952;22/Jul/2026:11:42:50.308383;22/Jul/2026:11:42:50.313752;22/Jul/2026:11:42:50.310194;22/Jul/2026:11:42:47.766538;22/Jul/2026:11:42:45.253963;22/Jul/2026:11:42:46.373303;22/Jul/2026:11:42:47.776464;22/Jul/2026:11:42:44.222785;22/Jul/2026:11:42:45.254680;22/Jul/2026:11:42:46.413656;22/Jul/2026:11:42:50.307804;22/Jul/2026:11:42:47.765016;22/Jul/2026:11:42:47.772205;22/Jul/2026:11:42:42.833029;22/Jul/2026:11:42:40.342959;22/Jul/2026:11:42:50.313846;22/Jul/2026:11:42:47.767149;22/Jul/2026:11:42:47.768034;22/Jul/2026:11:42:37.846374;22/Jul/2026:11:42:42.830678;22/Jul/2026:11:42:50.296441;22/Jul/2026:11:42:50.314573;22/Jul/2026:11:42:41.404228;22/Jul/2026:11:42:33.393930;22/Jul/2026:11:42:40.342432;22/Jul/2026:11:42:47.766897,3.9326;0.0000;8.8305;3.9036;1.4950;5.0632;11.3870;3.9111;5.0772;7.4888;7.4928;5.0730;5.0767;8.7163;12.4951;2.5820;0.0568;11.3470;5.1099;18.1034;2.5839;8.7460;2.5881;30.0031;2.6003;7.5572;2.6333;3.9910;15.1020;2.6815;2.6843;20.0996;7.6618;22.2720;0.2290;2.7670;0.2407;2.7792;0.2699;2.8302;9.0957;1.9588;16.4234;13.6017;3.0496;3.0593;14.6746;0.6317;5.7073;18.7027;3.2029;0.6719;4.5844;0.7263;0.7167;3.2637;17.6678;0.7480;18.7818;19.6429;0.7703;19.5200;3.3445;0.8218;2.3137;10.8072;3.3840;0.8549;2.1288;0.8896;0.9107;14.9220;5.9674;0.9278;0.9514;9.6471;3.5018;3.5193;1.0050;1.0064;3.5353;19.8931;1.0264;6.0785;3.5677;17.9659;1.0452;14.6080;6.1126;3.5933;1.0651;1.0610;1.0690;3.6199;6.1430;5.0263;3.6320;7.1879;6.1685;5.0368;1.1572;3.7279;3.7386;8.6970;11.2470;1.2871;3.8421;3.8565;13.7902;8.8087;1.3621;1.3597;10.2841;18.3006;11.3525;3.9756
13,5,161,success,None,22/Jul/2026:11:42:50.294394,22/Jul/2026:11:42:52.000770,1.7064,130,22/Jul/2026:11:42:46.373528;22/Jul/2026:11:42:50.306073;22/Jul/2026:11:42:41.487388;22/Jul/2026:11:42:46.414247;22/Jul/2026:11:42:48.822859;22/Jul/2026:11:42:45.254653;22/Jul/2026:11:42:38.932306;22/Jul/2026:11:42:46.408171;22/Jul/2026:11:42:45.242078;22/Jul/2026:11:42:42.830549;22/Jul/2026:11:42:42.827741;22/Jul/2026:11:42:45.251068;22/Jul/2026:11:42:45.250542;22/Jul/2026:11:42:41.616720;22/Jul/2026:11:42:37.839193;22/Jul/2026:11:42:47.768855;22/Jul/2026:11:42:50.296190;22/Jul/2026:11:42:39.006838;22/Jul/2026:11:42:45.245354;22/Jul/2026:11:42:32.258576;22/Jul/2026:11:42:47.778064;22/Jul/2026:11:42:41.615995;22/Jul/2026:11:42:47.774211;22/Jul/2026:11:42:20.359417;22/Jul/2026:11:42:47.769366;22/Jul/2026:11:42:42.831290;22/Jul/2026:11:42:47.766991;22/Jul/2026:11:42:46.414007;22/Jul/2026:11:42:35.339204;22/Jul/2026:11:42:47.773617;22/Jul/2026:11:42:47.775817;22/Jul/2026:11:42:30.378177;22/Jul/2026:11:42:42.823723;22/Jul/2026:11:42:28.214405;22/Jul/2026:11:42:50.301922;22/Jul/2026:11:42:47.765650;22/Jul/2026:11:42:50.297384;22/Jul/2026:11:42:47.765555;22/Jul/2026:11:42:50.296685;22/Jul/2026:11:42:47.774555;22/Jul/2026:11:42:41.616278;22/Jul/2026:11:42:48.822956;22/Jul/2026:11:42:34.362295;22/Jul/2026:11:42:37.210398;22/Jul/2026:11:42:47.767577;22/Jul/2026:11:42:47.774024;22/Jul/2026:11:42:36.232848;22/Jul/2026:11:42:50.302024;22/Jul/2026:11:42:45.254196;22/Jul/2026:11:42:32.259272;22/Jul/2026:11:42:47.769621;22/Jul/2026:11:42:50.302072;22/Jul/2026:11:42:46.408027;22/Jul/2026:11:42:50.298237;22/Jul/2026:11:42:50.308662;22/Jul/2026:11:42:47.768610;22/Jul/2026:11:42:33.374147;22/Jul/2026:11:42:50.295973;22/Jul/2026:11:42:32.263685;22/Jul/2026:11:42:31.422115;22/Jul/2026:11:42:50.298824;22/Jul/2026:11:42:31.564795;22/Jul/2026:11:42:47.769721;22/Jul/2026:11:42:50.297286;22/Jul/2026:11:42:48.823631;22/Jul/2026:11:42:40.337219;22/Jul/2026:11:42:47.767759;22/Jul/2026:11:42:50.301864;22/Jul/2026:11:42:49.045151;22/Jul/2026:11:42:50.297751;22/Jul/2026:11:42:50.296341;22/Jul/2026:11:42:36.289999;22/Jul/2026:11:42:45.248715;22/Jul/2026:11:42:50.308962;22/Jul/2026:11:42:50.302177;22/Jul/2026:11:42:41.616603;22/Jul/2026:11:42:47.774415;22/Jul/2026:11:42:47.767212;22/Jul/2026:11:42:50.297914;22/Jul/2026:11:42:50.302611;22/Jul/2026:11:42:47.777124;22/Jul/2026:11:42:31.422189;22/Jul/2026:11:42:50.304261;22/Jul/2026:11:42:45.254790;22/Jul/2026:11:42:47.768136;22/Jul/2026:11:42:33.374376;22/Jul/2026:11:42:50.296290;22/Jul/2026:11:42:36.743001;22/Jul/2026:11:42:45.243464;22/Jul/2026:11:42:47.764952;22/Jul/2026:11:42:50.308383;22/Jul/2026:11:42:50.313752;22/Jul/2026:11:42:50.310194;22/Jul/2026:11:42:47.766538;22/Jul/2026:11:42:45.253963;22/Jul/2026:11:42:46.373303;22/Jul/2026:11:42:47.776464;22/Jul/2026:11:42:44.222785;22/Jul/2026:11:42:45.254680;22/Jul/2026:11:42:46.413656;22/Jul/2026:11:42:50.307804;22/Jul/2026:11:42:47.765016;22/Jul/2026:11:42:47.772205;22/Jul/2026:11:42:42.833029;22/Jul/2026:11:42:40.342959;22/Jul/2026:11:42:50.313846;22/Jul/2026:11:42:47.767149;22/Jul/2026:11:42:47.768034;22/Jul/2026:11:42:37.846374;22/Jul/2026:11:42:42.830678;22/Jul/2026:11:42:50.296441;22/Jul/2026:11:42:50.314573;22/Jul/2026:11:42:41.404228;22/Jul/2026:11:42:33.393930;22/Jul/2026:11:42:40.342432;22/Jul/2026:11:42:47.766897;22/Jul/2026:11:42:45.248304;22/Jul/2026:11:42:49.044500;22/Jul/2026:11:42:50.313816;22/Jul/2026:11:42:50.296088;22/Jul/2026:11:42:45.253614;22/Jul/2026:11:42:45.253697;22/Jul/2026:11:42:45.247947;22/Jul/2026:11:42:45.248554;22/Jul/2026:11:42:37.845177;22/Jul/2026:11:42:37.207443;22/Jul/2026:11:42:42.823830;22/Jul/2026:11:42:50.307701;22/Jul/2026:11:42:47.771367;22/Jul/2026:11:42:50.297187,3.9326;0.0000;8.8305;3.9036;1.4950;5.0632;11.3870;3.9111;5.0772;7.4888;7.4928;5.0730;5.0767;8.7163;12.4951;2.5820;0.0568;11.3470;5.1099;18.1034;2.5839;8.7460;2.5881;30.0031;2.6003;7.5572;2.6333;3.9910;15.1020;2.6815;2.6843;20.0996;7.6618;22.2720;0.2290;2.7670;0.2407;2.7792;0.2699;2.8302;9.0957;1.9588;16.4234;13.6017;3.0496;3.0593;14.6746;0.6317;5.7073;18.7027;3.2029;0.6719;4.5844;0.7263;0.7167;3.2637;17.6678;0.7480;18.7818;19.6429;0.7703;19.5200;3.3445;0.8218;2.3137;10.8072;3.3840;0.8549;2.1288;0.8896;0.9107;14.9220;5.9674;0.9278;0.9514;9.6471;3.5018;3.5193;1.0050;1.0064;3.5353;19.8931;1.0264;6.0785;3.5677;17.9659;1.0452;14.6080;6.1126;3.5933;1.0651;1.0610;1.0690;3.6199;6.1430;5.0263;3.6320;7.1879;6.1685;5.0368;1.1572;3.7279;3.7386;8.6970;11.2470;1.2871;3.8421;3.8565;13.7902;8.8087;1.3621;1.3597;10.2841;18.3006;11.3525;3.9756;6.5240;2.7754;1.5078;1.5500;6.6094;6.6162;6.6422;6.6419;14.0497;14.6973;9.1095;1.6575;4.2167;1.6912
13,5,212,success,None,22/Jul/2026:11:42:50.294776,22/Jul/2026:11:42:52.176919,1.8821,135,22/Jul/2026:11:42:46.373528;22/Jul/2026:11:42:50.306073;22/Jul/2026:11:42:41.487388;22/Jul/2026:11:42:46.414247;22/Jul/2026:11:42:48.822859;22/Jul/2026:11:42:45.254653;22/Jul/2026:11:42:38.932306;22/Jul/2026:11:42:46.408171;22/Jul/2026:11:42:45.242078;22/Jul/2026:11:42:42.830549;22/Jul/2026:11:42:42.827741;22/Jul/2026:11:42:45.251068;22/Jul/2026:11:42:45.250542;22/Jul/2026:11:42:41.616720;22/Jul/2026:11:42:37.839193;22/Jul/2026:11:42:47.768855;22/Jul/2026:11:42:50.296190;22/Jul/2026:11:42:39.006838;22/Jul/2026:11:42:45.245354;22/Jul/2026:11:42:32.258576;22/Jul/2026:11:42:47.778064;22/Jul/2026:11:42:41.615995;22/Jul/2026:11:42:47.774211;22/Jul/2026:11:42:20.359417;22/Jul/2026:11:42:47.769366;22/Jul/2026:11:42:42.831290;22/Jul/2026:11:42:47.766991;22/Jul/2026:11:42:46.414007;22/Jul/2026:11:42:35.339204;22/Jul/2026:11:42:47.773617;22/Jul/2026:11:42:47.775817;22/Jul/2026:11:42:30.378177;22/Jul/2026:11:42:42.823723;22/Jul/2026:11:42:28.214405;22/Jul/2026:11:42:50.301922;22/Jul/2026:11:42:47.765650;22/Jul/2026:11:42:50.297384;22/Jul/2026:11:42:47.765555;22/Jul/2026:11:42:50.296685;22/Jul/2026:11:42:47.774555;22/Jul/2026:11:42:41.616278;22/Jul/2026:11:42:48.822956;22/Jul/2026:11:42:34.362295;22/Jul/2026:11:42:37.210398;22/Jul/2026:11:42:47.767577;22/Jul/2026:11:42:47.774024;22/Jul/2026:11:42:36.232848;22/Jul/2026:11:42:50.302024;22/Jul/2026:11:42:45.254196;22/Jul/2026:11:42:32.259272;22/Jul/2026:11:42:47.769621;22/Jul/2026:11:42:50.302072;22/Jul/2026:11:42:46.408027;22/Jul/2026:11:42:50.298237;22/Jul/2026:11:42:50.308662;22/Jul/2026:11:42:47.768610;22/Jul/2026:11:42:33.374147;22/Jul/2026:11:42:50.295973;22/Jul/2026:11:42:32.263685;22/Jul/2026:11:42:31.422115;22/Jul/2026:11:42:50.298824;22/Jul/2026:11:42:31.564795;22/Jul/2026:11:42:47.769721;22/Jul/2026:11:42:50.297286;22/Jul/2026:11:42:48.823631;22/Jul/2026:11:42:40.337219;22/Jul/2026:11:42:47.767759;22/Jul/2026:11:42:50.301864;22/Jul/2026:11:42:49.045151;22/Jul/2026:11:42:50.297751;22/Jul/2026:11:42:50.296341;22/Jul/2026:11:42:36.289999;22/Jul/2026:11:42:45.248715;22/Jul/2026:11:42:50.308962;22/Jul/2026:11:42:50.302177;22/Jul/2026:11:42:41.616603;22/Jul/2026:11:42:47.774415;22/Jul/2026:11:42:47.767212;22/Jul/2026:11:42:50.297914;22/Jul/2026:11:42:50.302611;22/Jul/2026:11:42:47.777124;22/Jul/2026:11:42:31.422189;22/Jul/2026:11:42:50.304261;22/Jul/2026:11:42:45.254790;22/Jul/2026:11:42:47.768136;22/Jul/2026:11:42:33.374376;22/Jul/2026:11:42:50.296290;22/Jul/2026:11:42:36.743001;22/Jul/2026:11:42:45.243464;22/Jul/2026:11:42:47.764952;22/Jul/2026:11:42:50.308383;22/Jul/2026:11:42:50.313752;22/Jul/2026:11:42:50.310194;22/Jul/2026:11:42:47.766538;22/Jul/2026:11:42:45.253963;22/Jul/2026:11:42:46.373303;22/Jul/2026:11:42:47.776464;22/Jul/2026:11:42:44.222785;22/Jul/2026:11:42:45.254680;22/Jul/2026:11:42:46.413656;22/Jul/2026:11:42:50.307804;22/Jul/2026:11:42:47.765016;22/Jul/2026:11:42:47.772205;22/Jul/2026:11:42:42.833029;22/Jul/2026:11:42:40.342959;22/Jul/2026:11:42:50.313846;22/Jul/2026:11:42:47.767149;22/Jul/2026:11:42:47.768034;22/Jul/2026:11:42:37.846374;22/Jul/2026:11:42:42.830678;22/Jul/2026:11:42:50.296441;22/Jul/2026:11:42:50.314573;22/Jul/2026:11:42:41.404228;22/Jul/2026:11:42:33.393930;22/Jul/2026:11:42:40.342432;22/Jul/2026:11:42:47.766897;22/Jul/2026:11:42:45.248304;22/Jul/2026:11:42:49.044500;22/Jul/2026:11:42:50.313816;22/Jul/2026:11:42:50.296088;22/Jul/2026:11:42:45.253614;22/Jul/2026:11:42:45.253697;22/Jul/2026:11:42:45.247947;22/Jul/2026:11:42:45.248554;22/Jul/2026:11:42:37.845177;22/Jul/2026:11:42:37.207443;22/Jul/2026:11:42:42.823830;22/Jul/2026:11:42:50.307701;22/Jul/2026:11:42:47.771367;22/Jul/2026:11:42:50.297187;22/Jul/2026:11:42:51.330064;22/Jul/2026:11:42:31.479242;22/Jul/2026:11:42:47.766111;22/Jul/2026:11:42:31.478972;22/Jul/2026:11:42:47.774791,3.9326;0.0000;8.8305;3.9036;1.4950;5.0632;11.3870;3.9111;5.0772;7.4888;7.4928;5.0730;5.0767;8.7163;12.4951;2.5820;0.0568;11.3470;5.1099;18.1034;2.5839;8.7460;2.5881;30.0031;2.6003;7.5572;2.6333;3.9910;15.1020;2.6815;2.6843;20.0996;7.6618;22.2720;0.2290;2.7670;0.2407;2.7792;0.2699;2.8302;9.0957;1.9588;16.4234;13.6017;3.0496;3.0593;14.6746;0.6317;5.7073;18.7027;3.2029;0.6719;4.5844;0.7263;0.7167;3.2637;17.6678;0.7480;18.7818;19.6429;0.7703;19.5200;3.3445;0.8218;2.3137;10.8072;3.3840;0.8549;2.1288;0.8896;0.9107;14.9220;5.9674;0.9278;0.9514;9.6471;3.5018;3.5193;1.0050;1.0064;3.5353;19.8931;1.0264;6.0785;3.5677;17.9659;1.0452;14.6080;6.1126;3.5933;1.0651;1.0610;1.0690;3.6199;6.1430;5.0263;3.6320;7.1879;6.1685;5.0368;1.1572;3.7279;3.7386;8.6970;11.2470;1.2871;3.8421;3.8565;13.7902;8.8087;1.3621;1.3597;10.2841;18.3006;11.3525;3.9756;6.5240;2.7754;1.5078;1.5500;6.6094;6.6162;6.6422;6.6419;14.0497;14.6973;9.1095;1.6575;4.2167;1.6912;0.6865;20.5543;4.3144;20.6090;4.3203
13,5,203,success,None,22/Jul/2026:11:42:50.294574,22/Jul/2026:11:42:52.350871,2.0563,135,22/Jul/2026:11:42:46.373528;22/Jul/2026:11:42:50.306073;22/Jul/2026:11:42:41.487388;22/Jul/2026:11:42:46.414247;22/Jul/2026:11:42:48.822859;22/Jul/2026:11:42:45.254653;22/Jul/2026:11:42:38.932306;22/Jul/2026:11:42:46.408171;22/Jul/2026:11:42:45.242078;22/Jul/2026:11:42:42.830549;22/Jul/2026:11:42:42.827741;22/Jul/2026:11:42:45.251068;22/Jul/2026:11:42:45.250542;22/Jul/2026:11:42:41.616720;22/Jul/2026:11:42:37.839193;22/Jul/2026:11:42:47.768855;22/Jul/2026:11:42:50.296190;22/Jul/2026:11:42:39.006838;22/Jul/2026:11:42:45.245354;22/Jul/2026:11:42:32.258576;22/Jul/2026:11:42:47.778064;22/Jul/2026:11:42:41.615995;22/Jul/2026:11:42:47.774211;22/Jul/2026:11:42:20.359417;22/Jul/2026:11:42:47.769366;22/Jul/2026:11:42:42.831290;22/Jul/2026:11:42:47.766991;22/Jul/2026:11:42:46.414007;22/Jul/2026:11:42:35.339204;22/Jul/2026:11:42:47.773617;22/Jul/2026:11:42:47.775817;22/Jul/2026:11:42:30.378177;22/Jul/2026:11:42:42.823723;22/Jul/2026:11:42:28.214405;22/Jul/2026:11:42:50.301922;22/Jul/2026:11:42:47.765650;22/Jul/2026:11:42:50.297384;22/Jul/2026:11:42:47.765555;22/Jul/2026:11:42:50.296685;22/Jul/2026:11:42:47.774555;22/Jul/2026:11:42:41.616278;22/Jul/2026:11:42:48.822956;22/Jul/2026:11:42:34.362295;22/Jul/2026:11:42:37.210398;22/Jul/2026:11:42:47.767577;22/Jul/2026:11:42:47.774024;22/Jul/2026:11:42:36.232848;22/Jul/2026:11:42:50.302024;22/Jul/2026:11:42:45.254196;22/Jul/2026:11:42:32.259272;22/Jul/2026:11:42:47.769621;22/Jul/2026:11:42:50.302072;22/Jul/2026:11:42:46.408027;22/Jul/2026:11:42:50.298237;22/Jul/2026:11:42:50.308662;22/Jul/2026:11:42:47.768610;22/Jul/2026:11:42:33.374147;22/Jul/2026:11:42:50.295973;22/Jul/2026:11:42:32.263685;22/Jul/2026:11:42:31.422115;22/Jul/2026:11:42:50.298824;22/Jul/2026:11:42:31.564795;22/Jul/2026:11:42:47.769721;22/Jul/2026:11:42:50.297286;22/Jul/2026:11:42:48.823631;22/Jul/2026:11:42:40.337219;22/Jul/2026:11:42:47.767759;22/Jul/2026:11:42:50.301864;22/Jul/2026:11:42:49.045151;22/Jul/2026:11:42:50.297751;22/Jul/2026:11:42:50.296341;22/Jul/2026:11:42:36.289999;22/Jul/2026:11:42:45.248715;22/Jul/2026:11:42:50.308962;22/Jul/2026:11:42:50.302177;22/Jul/2026:11:42:41.616603;22/Jul/2026:11:42:47.774415;22/Jul/2026:11:42:47.767212;22/Jul/2026:11:42:50.297914;22/Jul/2026:11:42:50.302611;22/Jul/2026:11:42:47.777124;22/Jul/2026:11:42:31.422189;22/Jul/2026:11:42:50.304261;22/Jul/2026:11:42:45.254790;22/Jul/2026:11:42:47.768136;22/Jul/2026:11:42:33.374376;22/Jul/2026:11:42:50.296290;22/Jul/2026:11:42:36.743001;22/Jul/2026:11:42:45.243464;22/Jul/2026:11:42:47.764952;22/Jul/2026:11:42:50.308383;22/Jul/2026:11:42:50.313752;22/Jul/2026:11:42:50.310194;22/Jul/2026:11:42:47.766538;22/Jul/2026:11:42:45.253963;22/Jul/2026:11:42:46.373303;22/Jul/2026:11:42:47.776464;22/Jul/2026:11:42:44.222785;22/Jul/2026:11:42:45.254680;22/Jul/2026:11:42:46.413656;22/Jul/2026:11:42:50.307804;22/Jul/2026:11:42:47.765016;22/Jul/2026:11:42:47.772205;22/Jul/2026:11:42:42.833029;22/Jul/2026:11:42:40.342959;22/Jul/2026:11:42:50.313846;22/Jul/2026:11:42:47.767149;22/Jul/2026:11:42:47.768034;22/Jul/2026:11:42:37.846374;22/Jul/2026:11:42:42.830678;22/Jul/2026:11:42:50.296441;22/Jul/2026:11:42:50.314573;22/Jul/2026:11:42:41.404228;22/Jul/2026:11:42:33.393930;22/Jul/2026:11:42:40.342432;22/Jul/2026:11:42:47.766897;22/Jul/2026:11:42:45.248304;22/Jul/2026:11:42:49.044500;22/Jul/2026:11:42:50.313816;22/Jul/2026:11:42:50.296088;22/Jul/2026:11:42:45.253614;22/Jul/2026:11:42:45.253697;22/Jul/2026:11:42:45.247947;22/Jul/2026:11:42:45.248554;22/Jul/2026:11:42:37.845177;22/Jul/2026:11:42:37.207443;22/Jul/2026:11:42:42.823830;22/Jul/2026:11:42:50.307701;22/Jul/2026:11:42:47.771367;22/Jul/2026:11:42:50.297187;22/Jul/2026:11:42:51.330064;22/Jul/2026:11:42:31.479242;22/Jul/2026:11:42:47.766111;22/Jul/2026:11:42:31.478972;22/Jul/2026:11:42:47.774791,3.9326;0.0000;8.8305;3.9036;1.4950;5.0632;11.3870;3.9111;5.0772;7.4888;7.4928;5.0730;5.0767;8.7163;12.4951;2.5820;0.0568;11.3470;5.1099;18.1034;2.5839;8.7460;2.5881;30.0031;2.6003;7.5572;2.6333;3.9910;15.1020;2.6815;2.6843;20.0996;7.6618;22.2720;0.2290;2.7670;0.2407;2.7792;0.2699;2.8302;9.0957;1.9588;16.4234;13.6017;3.0496;3.0593;14.6746;0.6317;5.7073;18.7027;3.2029;0.6719;4.5844;0.7263;0.7167;3.2637;17.6678;0.7480;18.7818;19.6429;0.7703;19.5200;3.3445;0.8218;2.3137;10.8072;3.3840;0.8549;2.1288;0.8896;0.9107;14.9220;5.9674;0.9278;0.9514;9.6471;3.5018;3.5193;1.0050;1.0064;3.5353;19.8931;1.0264;6.0785;3.5677;17.9659;1.0452;14.6080;6.1126;3.5933;1.0651;1.0610;1.0690;3.6199;6.1430;5.0263;3.6320;7.1879;6.1685;5.0368;1.1572;3.7279;3.7386;8.6970;11.2470;1.2871;3.8421;3.8565;13.7902;8.8087;1.3621;1.3597;10.2841;18.3006;11.3525;3.9756;6.5240;2.7754;1.5078;1.5500;6.6094;6.6162;6.6422;6.6419;14.0497;14.6973;9.1095;1.6575;4.2167;1.6912;0.6865;20.5543;4.3144;20.6090;4.3203
13,5,315,success,None,22/Jul/2026:11:42:50.294888,22/Jul/2026:11:42:52.428018,2.1331,135,22/Jul/2026:11:42:46.373528;22/Jul/2026:11:42:50.306073;22/Jul/2026:11:42:41.487388;22/Jul/2026:11:42:46.414247;22/Jul/2026:11:42:48.822859;22/Jul/2026:11:42:45.254653;22/Jul/2026:11:42:38.932306;22/Jul/2026:11:42:46.408171;22/Jul/2026:11:42:45.242078;22/Jul/2026:11:42:42.830549;22/Jul/2026:11:42:42.827741;22/Jul/2026:11:42:45.251068;22/Jul/2026:11:42:45.250542;22/Jul/2026:11:42:41.616720;22/Jul/2026:11:42:37.839193;22/Jul/2026:11:42:47.768855;22/Jul/2026:11:42:50.296190;22/Jul/2026:11:42:39.006838;22/Jul/2026:11:42:45.245354;22/Jul/2026:11:42:32.258576;22/Jul/2026:11:42:47.778064;22/Jul/2026:11:42:41.615995;22/Jul/2026:11:42:47.774211;22/Jul/2026:11:42:20.359417;22/Jul/2026:11:42:47.769366;22/Jul/2026:11:42:42.831290;22/Jul/2026:11:42:47.766991;22/Jul/2026:11:42:46.414007;22/Jul/2026:11:42:35.339204;22/Jul/2026:11:42:47.773617;22/Jul/2026:11:42:47.775817;22/Jul/2026:11:42:30.378177;22/Jul/2026:11:42:42.823723;22/Jul/2026:11:42:28.214405;22/Jul/2026:11:42:50.301922;22/Jul/2026:11:42:47.765650;22/Jul/2026:11:42:50.297384;22/Jul/2026:11:42:47.765555;22/Jul/2026:11:42:50.296685;22/Jul/2026:11:42:47.774555;22/Jul/2026:11:42:41.616278;22/Jul/2026:11:42:48.822956;22/Jul/2026:11:42:34.362295;22/Jul/2026:11:42:37.210398;22/Jul/2026:11:42:47.767577;22/Jul/2026:11:42:47.774024;22/Jul/2026:11:42:36.232848;22/Jul/2026:11:42:50.302024;22/Jul/2026:11:42:45.254196;22/Jul/2026:11:42:32.259272;22/Jul/2026:11:42:47.769621;22/Jul/2026:11:42:50.302072;22/Jul/2026:11:42:46.408027;22/Jul/2026:11:42:50.298237;22/Jul/2026:11:42:50.308662;22/Jul/2026:11:42:47.768610;22/Jul/2026:11:42:33.374147;22/Jul/2026:11:42:50.295973;22/Jul/2026:11:42:32.263685;22/Jul/2026:11:42:31.422115;22/Jul/2026:11:42:50.298824;22/Jul/2026:11:42:31.564795;22/Jul/2026:11:42:47.769721;22/Jul/2026:11:42:50.297286;22/Jul/2026:11:42:48.823631;22/Jul/2026:11:42:40.337219;22/Jul/2026:11:42:47.767759;22/Jul/2026:11:42:50.301864;22/Jul/2026:11:42:49.045151;22/Jul/2026:11:42:50.297751;22/Jul/2026:11:42:50.296341;22/Jul/2026:11:42:36.289999;22/Jul/2026:11:42:45.248715;22/Jul/2026:11:42:50.308962;22/Jul/2026:11:42:50.302177;22/Jul/2026:11:42:41.616603;22/Jul/2026:11:42:47.774415;22/Jul/2026:11:42:47.767212;22/Jul/2026:11:42:50.297914;22/Jul/2026:11:42:50.302611;22/Jul/2026:11:42:47.777124;22/Jul/2026:11:42:31.422189;22/Jul/2026:11:42:50.304261;22/Jul/2026:11:42:45.254790;22/Jul/2026:11:42:47.768136;22/Jul/2026:11:42:33.374376;22/Jul/2026:11:42:50.296290;22/Jul/2026:11:42:36.743001;22/Jul/2026:11:42:45.243464;22/Jul/2026:11:42:47.764952;22/Jul/2026:11:42:50.308383;22/Jul/2026:11:42:50.313752;22/Jul/2026:11:42:50.310194;22/Jul/2026:11:42:47.766538;22/Jul/2026:11:42:45.253963;22/Jul/2026:11:42:46.373303;22/Jul/2026:11:42:47.776464;22/Jul/2026:11:42:44.222785;22/Jul/2026:11:42:45.254680;22/Jul/2026:11:42:46.413656;22/Jul/2026:11:42:50.307804;22/Jul/2026:11:42:47.765016;22/Jul/2026:11:42:47.772205;22/Jul/2026:11:42:42.833029;22/Jul/2026:11:42:40.342959;22/Jul/2026:11:42:50.313846;22/Jul/2026:11:42:47.767149;22/Jul/2026:11:42:47.768034;22/Jul/2026:11:42:37.846374;22/Jul/2026:11:42:42.830678;22/Jul/2026:11:42:50.296441;22/Jul/2026:11:42:50.314573;22/Jul/2026:11:42:41.404228;22/Jul/2026:11:42:33.393930;22/Jul/2026:11:42:40.342432;22/Jul/2026:11:42:47.766897;22/Jul/2026:11:42:45.248304;22/Jul/2026:11:42:49.044500;22/Jul/2026:11:42:50.313816;22/Jul/2026:11:42:50.296088;22/Jul/2026:11:42:45.253614;22/Jul/2026:11:42:45.253697;22/Jul/2026:11:42:45.247947;22/Jul/2026:11:42:45.248554;22/Jul/2026:11:42:37.845177;22/Jul/2026:11:42:37.207443;22/Jul/2026:11:42:42.823830;22/Jul/2026:11:42:50.307701;22/Jul/2026:11:42:47.771367;22/Jul/2026:11:42:50.297187;22/Jul/2026:11:42:51.330064;22/Jul/2026:11:42:31.479242;22/Jul/2026:11:42:47.766111;22/Jul/2026:11:42:31.478972;22/Jul/2026:11:42:47.774791,3.9326;0.0000;8.8305;3.9036;1.4950;5.0632;11.3870;3.9111;5.0772;7.4888;7.4928;5.0730;5.0767;8.7163;12.4951;2.5820;0.0568;11.3470;5.1099;18.1034;2.5839;8.7460;2.5881;30.0031;2.6003;7.5572;2.6333;3.9910;15.1020;2.6815;2.6843;20.0996;7.6618;22.2720;0.2290;2.7670;0.2407;2.7792;0.2699;2.8302;9.0957;1.9588;16.4234;13.6017;3.0496;3.0593;14.6746;0.6317;5.7073;18.7027;3.2029;0.6719;4.5844;0.7263;0.7167;3.2637;17.6678;0.7480;18.7818;19.6429;0.7703;19.5200;3.3445;0.8218;2.3137;10.8072;3.3840;0.8549;2.1288;0.8896;0.9107;14.9220;5.9674;0.9278;0.9514;9.6471;3.5018;3.5193;1.0050;1.0064;3.5353;19.8931;1.0264;6.0785;3.5677;17.9659;1.0452;14.6080;6.1126;3.5933;1.0651;1.0610;1.0690;3.6199;6.1430;5.0263;3.6320;7.1879;6.1685;5.0368;1.1572;3.7279;3.7386;8.6970;11.2470;1.2871;3.8421;3.8565;13.7902;8.8087;1.3621;1.3597;10.2841;18.3006;11.3525;3.9756;6.5240;2.7754;1.5078;1.5500;6.6094;6.6162;6.6422;6.6419;14.0497;14.6973;9.1095;1.6575;4.2167;1.6912;0.6865;20.5543;4.3144;20.6090;4.3203
13,5,324,success,None,22/Jul/2026:11:42:50.295071,22/Jul/2026:11:42:52.468509,2.1734,135,22/Jul/2026:11:42:46.373528;22/Jul/2026:11:42:50.306073;22/Jul/2026:11:42:41.487388;22/Jul/2026:11:42:46.414247;22/Jul/2026:11:42:48.822859;22/Jul/2026:11:42:45.254653;22/Jul/2026:11:42:38.932306;22/Jul/2026:11:42:46.408171;22/Jul/2026:11:42:45.242078;22/Jul/2026:11:42:42.830549;22/Jul/2026:11:42:42.827741;22/Jul/2026:11:42:45.251068;22/Jul/2026:11:42:45.250542;22/Jul/2026:11:42:41.616720;22/Jul/2026:11:42:37.839193;22/Jul/2026:11:42:47.768855;22/Jul/2026:11:42:50.296190;22/Jul/2026:11:42:39.006838;22/Jul/2026:11:42:45.245354;22/Jul/2026:11:42:32.258576;22/Jul/2026:11:42:47.778064;22/Jul/2026:11:42:41.615995;22/Jul/2026:11:42:47.774211;22/Jul/2026:11:42:20.359417;22/Jul/2026:11:42:47.769366;22/Jul/2026:11:42:42.831290;22/Jul/2026:11:42:47.766991;22/Jul/2026:11:42:46.414007;22/Jul/2026:11:42:35.339204;22/Jul/2026:11:42:47.773617;22/Jul/2026:11:42:47.775817;22/Jul/2026:11:42:30.378177;22/Jul/2026:11:42:42.823723;22/Jul/2026:11:42:28.214405;22/Jul/2026:11:42:50.301922;22/Jul/2026:11:42:47.765650;22/Jul/2026:11:42:50.297384;22/Jul/2026:11:42:47.765555;22/Jul/2026:11:42:50.296685;22/Jul/2026:11:42:47.774555;22/Jul/2026:11:42:41.616278;22/Jul/2026:11:42:48.822956;22/Jul/2026:11:42:34.362295;22/Jul/2026:11:42:37.210398;22/Jul/2026:11:42:47.767577;22/Jul/2026:11:42:47.774024;22/Jul/2026:11:42:36.232848;22/Jul/2026:11:42:50.302024;22/Jul/2026:11:42:45.254196;22/Jul/2026:11:42:32.259272;22/Jul/2026:11:42:47.769621;22/Jul/2026:11:42:50.302072;22/Jul/2026:11:42:46.408027;22/Jul/2026:11:42:50.298237;22/Jul/2026:11:42:50.308662;22/Jul/2026:11:42:47.768610;22/Jul/2026:11:42:33.374147;22/Jul/2026:11:42:50.295973;22/Jul/2026:11:42:32.263685;22/Jul/2026:11:42:31.422115;22/Jul/2026:11:42:50.298824;22/Jul/2026:11:42:31.564795;22/Jul/2026:11:42:47.769721;22/Jul/2026:11:42:50.297286;22/Jul/2026:11:42:48.823631;22/Jul/2026:11:42:40.337219;22/Jul/2026:11:42:47.767759;22/Jul/2026:11:42:50.301864;22/Jul/2026:11:42:49.045151;22/Jul/2026:11:42:50.297751;22/Jul/2026:11:42:50.296341;22/Jul/2026:11:42:36.289999;22/Jul/2026:11:42:45.248715;22/Jul/2026:11:42:50.308962;22/Jul/2026:11:42:50.302177;22/Jul/2026:11:42:41.616603;22/Jul/2026:11:42:47.774415;22/Jul/2026:11:42:47.767212;22/Jul/2026:11:42:50.297914;22/Jul/2026:11:42:50.302611;22/Jul/2026:11:42:47.777124;22/Jul/2026:11:42:31.422189;22/Jul/2026:11:42:50.304261;22/Jul/2026:11:42:45.254790;22/Jul/2026:11:42:47.768136;22/Jul/2026:11:42:33.374376;22/Jul/2026:11:42:50.296290;22/Jul/2026:11:42:36.743001;22/Jul/2026:11:42:45.243464;22/Jul/2026:11:42:47.764952;22/Jul/2026:11:42:50.308383;22/Jul/2026:11:42:50.313752;22/Jul/2026:11:42:50.310194;22/Jul/2026:11:42:47.766538;22/Jul/2026:11:42:45.253963;22/Jul/2026:11:42:46.373303;22/Jul/2026:11:42:47.776464;22/Jul/2026:11:42:44.222785;22/Jul/2026:11:42:45.254680;22/Jul/2026:11:42:46.413656;22/Jul/2026:11:42:50.307804;22/Jul/2026:11:42:47.765016;22/Jul/2026:11:42:47.772205;22/Jul/2026:11:42:42.833029;22/Jul/2026:11:42:40.342959;22/Jul/2026:11:42:50.313846;22/Jul/2026:11:42:47.767149;22/Jul/2026:11:42:47.768034;22/Jul/2026:11:42:37.846374;22/Jul/2026:11:42:42.830678;22/Jul/2026:11:42:50.296441;22/Jul/2026:11:42:50.314573;22/Jul/2026:11:42:41.404228;22/Jul/2026:11:42:33.393930;22/Jul/2026:11:42:40.342432;22/Jul/2026:11:42:47.766897;22/Jul/2026:11:42:45.248304;22/Jul/2026:11:42:49.044500;22/Jul/2026:11:42:50.313816;22/Jul/2026:11:42:50.296088;22/Jul/2026:11:42:45.253614;22/Jul/2026:11:42:45.253697;22/Jul/2026:11:42:45.247947;22/Jul/2026:11:42:45.248554;22/Jul/2026:11:42:37.845177;22/Jul/2026:11:42:37.207443;22/Jul/2026:11:42:42.823830;22/Jul/2026:11:42:50.307701;22/Jul/2026:11:42:47.771367;22/Jul/2026:11:42:50.297187;22/Jul/2026:11:42:51.330064;22/Jul/2026:11:42:31.479242;22/Jul/2026:11:42:47.766111;22/Jul/2026:11:42:31.478972;22/Jul/2026:11:42:47.774791,3.9326;0.0000;8.8305;3.9036;1.4950;5.0632;11.3870;3.9111;5.0772;7.4888;7.4928;5.0730;5.0767;8.7163;12.4951;2.5820;0.0568;11.3470;5.1099;18.1034;2.5839;8.7460;2.5881;30.0031;2.6003;7.5572;2.6333;3.9910;15.1020;2.6815;2.6843;20.0996;7.6618;22.2720;0.2290;2.7670;0.2407;2.7792;0.2699;2.8302;9.0957;1.9588;16.4234;13.6017;3.0496;3.0593;14.6746;0.6317;5.7073;18.7027;3.2029;0.6719;4.5844;0.7263;0.7167;3.2637;17.6678;0.7480;18.7818;19.6429;0.7703;19.5200;3.3445;0.8218;2.3137;10.8072;3.3840;0.8549;2.1288;0.8896;0.9107;14.9220;5.9674;0.9278;0.9514;9.6471;3.5018;3.5193;1.0050;1.0064;3.5353;19.8931;1.0264;6.0785;3.5677;17.9659;1.0452;14.6080;6.1126;3.5933;1.0651;1.0610;1.0690;3.6199;6.1430;5.0263;3.6320;7.1879;6.1685;5.0368;1.1572;3.7279;3.7386;8.6970;11.2470;1.2871;3.8421;3.8565;13.7902;8.8087;1.3621;1.3597;10.2841;18.3006;11.3525;3.9756;6.5240;2.7754;1.5078;1.5500;6.6094;6.6162;6.6422;6.6419;14.0497;14.6973;9.1095;1.6575;4.2167;1.6912;0.6865;20.5543;4.3144;20.6090;4.3203
13,5,366,success,None,22/Jul/2026:11:42:51.327787,22/Jul/2026:11:42:52.535549,1.2078,53,22/Jul/2026:11:42:50.304261;22/Jul/2026:11:42:45.254790;22/Jul/2026:11:42:47.768136;22/Jul/2026:11:42:33.374376;22/Jul/2026:11:42:50.296290;22/Jul/2026:11:42:36.743001;22/Jul/2026:11:42:45.243464;22/Jul/2026:11:42:47.764952;22/Jul/2026:11:42:50.308383;22/Jul/2026:11:42:50.313752;22/Jul/2026:11:42:50.310194;22/Jul/2026:11:42:47.766538;22/Jul/2026:11:42:45.253963;22/Jul/2026:11:42:46.373303;22/Jul/2026:11:42:47.776464;22/Jul/2026:11:42:44.222785;22/Jul/2026:11:42:45.254680;22/Jul/2026:11:42:46.413656;22/Jul/2026:11:42:50.307804;22/Jul/2026:11:42:47.765016;22/Jul/2026:11:42:47.772205;22/Jul/2026:11:42:42.833029;22/Jul/2026:11:42:40.342959;22/Jul/2026:11:42:50.313846;22/Jul/2026:11:42:47.767149;22/Jul/2026:11:42:47.768034;22/Jul/2026:11:42:37.846374;22/Jul/2026:11:42:42.830678;22/Jul/2026:11:42:50.296441;22/Jul/2026:11:42:50.314573;22/Jul/2026:11:42:41.404228;22/Jul/2026:11:42:33.393930;22/Jul/2026:11:42:40.342432;22/Jul/2026:11:42:47.766897;22/Jul/2026:11:42:45.248304;22/Jul/2026:11:42:49.044500;22/Jul/2026:11:42:50.313816;22/Jul/2026:11:42:50.296088;22/Jul/2026:11:42:45.253614;22/Jul/2026:11:42:45.253697;22/Jul/2026:11:42:45.247947;22/Jul/2026:11:42:45.248554;22/Jul/2026:11:42:37.845177;22/Jul/2026:11:42:37.207443;22/Jul/2026:11:42:42.823830;22/Jul/2026:11:42:50.307701;22/Jul/2026:11:42:47.771367;22/Jul/2026:11:42:50.297187;22/Jul/2026:11:42:51.330064;22/Jul/2026:11:42:31.479242;22/Jul/2026:11:42:47.766111;22/Jul/2026:11:42:31.478972;22/Jul/2026:11:42:47.774791,1.0264;6.0785;3.5677;17.9659;1.0452;14.6080;6.1126;3.5933;1.0651;1.0610;1.0690;3.6199;6.1430;5.0263;3.6320;7.1879;6.1685;5.0368;1.1572;3.7279;3.7386;8.6970;11.2470;1.2871;3.8421;3.8565;13.7902;8.8087;1.3621;1.3597;10.2841;18.3006;11.3525;3.9756;6.5240;2.7754;1.5078;1.5500;6.6094;6.6162;6.6422;6.6419;14.0497;14.6973;9.1095;1.6575;4.2167;1.6912;0.6865;20.5543;4.3144;20.6090;4.3203
13,5,343,success,None,22/Jul/2026:11:42:50.295434,22/Jul/2026:11:42:52.591251,2.2958,135,22/Jul/2026:11:42:46.373528;22/Jul/2026:11:42:50.306073;22/Jul/2026:11:42:41.487388;22/Jul/2026:11:42:46.414247;22/Jul/2026:11:42:48.822859;22/Jul/2026:11:42:45.254653;22/Jul/2026:11:42:38.932306;22/Jul/2026:11:42:46.408171;22/Jul/2026:11:42:45.242078;22/Jul/2026:11:42:42.830549;22/Jul/2026:11:42:42.827741;22/Jul/2026:11:42:45.251068;22/Jul/2026:11:42:45.250542;22/Jul/2026:11:42:41.616720;22/Jul/2026:11:42:37.839193;22/Jul/2026:11:42:47.768855;22/Jul/2026:11:42:50.296190;22/Jul/2026:11:42:39.006838;22/Jul/2026:11:42:45.245354;22/Jul/2026:11:42:32.258576;22/Jul/2026:11:42:47.778064;22/Jul/2026:11:42:41.615995;22/Jul/2026:11:42:47.774211;22/Jul/2026:11:42:20.359417;22/Jul/2026:11:42:47.769366;22/Jul/2026:11:42:42.831290;22/Jul/2026:11:42:47.766991;22/Jul/2026:11:42:46.414007;22/Jul/2026:11:42:35.339204;22/Jul/2026:11:42:47.773617;22/Jul/2026:11:42:47.775817;22/Jul/2026:11:42:30.378177;22/Jul/2026:11:42:42.823723;22/Jul/2026:11:42:28.214405;22/Jul/2026:11:42:50.301922;22/Jul/2026:11:42:47.765650;22/Jul/2026:11:42:50.297384;22/Jul/2026:11:42:47.765555;22/Jul/2026:11:42:50.296685;22/Jul/2026:11:42:47.774555;22/Jul/2026:11:42:41.616278;22/Jul/2026:11:42:48.822956;22/Jul/2026:11:42:34.362295;22/Jul/2026:11:42:37.210398;22/Jul/2026:11:42:47.767577;22/Jul/2026:11:42:47.774024;22/Jul/2026:11:42:36.232848;22/Jul/2026:11:42:50.302024;22/Jul/2026:11:42:45.254196;22/Jul/2026:11:42:32.259272;22/Jul/2026:11:42:47.769621;22/Jul/2026:11:42:50.302072;22/Jul/2026:11:42:46.408027;22/Jul/2026:11:42:50.298237;22/Jul/2026:11:42:50.308662;22/Jul/2026:11:42:47.768610;22/Jul/2026:11:42:33.374147;22/Jul/2026:11:42:50.295973;22/Jul/2026:11:42:32.263685;22/Jul/2026:11:42:31.422115;22/Jul/2026:11:42:50.298824;22/Jul/2026:11:42:31.564795;22/Jul/2026:11:42:47.769721;22/Jul/2026:11:42:50.297286;22/Jul/2026:11:42:48.823631;22/Jul/2026:11:42:40.337219;22/Jul/2026:11:42:47.767759;22/Jul/2026:11:42:50.301864;22/Jul/2026:11:42:49.045151;22/Jul/2026:11:42:50.297751;22/Jul/2026:11:42:50.296341;22/Jul/2026:11:42:36.289999;22/Jul/2026:11:42:45.248715;22/Jul/2026:11:42:50.308962;22/Jul/2026:11:42:50.302177;22/Jul/2026:11:42:41.616603;22/Jul/2026:11:42:47.774415;22/Jul/2026:11:42:47.767212;22/Jul/2026:11:42:50.297914;22/Jul/2026:11:42:50.302611;22/Jul/2026:11:42:47.777124;22/Jul/2026:11:42:31.422189;22/Jul/2026:11:42:50.304261;22/Jul/2026:11:42:45.254790;22/Jul/2026:11:42:47.768136;22/Jul/2026:11:42:33.374376;22/Jul/2026:11:42:50.296290;22/Jul/2026:11:42:36.743001;22/Jul/2026:11:42:45.243464;22/Jul/2026:11:42:47.764952;22/Jul/2026:11:42:50.308383;22/Jul/2026:11:42:50.313752;22/Jul/2026:11:42:50.310194;22/Jul/2026:11:42:47.766538;22/Jul/2026:11:42:45.253963;22/Jul/2026:11:42:46.373303;22/Jul/2026:11:42:47.776464;22/Jul/2026:11:42:44.222785;22/Jul/2026:11:42:45.254680;22/Jul/2026:11:42:46.413656;22/Jul/2026:11:42:50.307804;22/Jul/2026:11:42:47.765016;22/Jul/2026:11:42:47.772205;22/Jul/2026:11:42:42.833029;22/Jul/2026:11:42:40.342959;22/Jul/2026:11:42:50.313846;22/Jul/2026:11:42:47.767149;22/Jul/2026:11:42:47.768034;22/Jul/2026:11:42:37.846374;22/Jul/2026:11:42:42.830678;22/Jul/2026:11:42:50.296441;22/Jul/2026:11:42:50.314573;22/Jul/2026:11:42:41.404228;22/Jul/2026:11:42:33.393930;22/Jul/2026:11:42:40.342432;22/Jul/2026:11:42:47.766897;22/Jul/2026:11:42:45.248304;22/Jul/2026:11:42:49.044500;22/Jul/2026:11:42:50.313816;22/Jul/2026:11:42:50.296088;22/Jul/2026:11:42:45.253614;22/Jul/2026:11:42:45.253697;22/Jul/2026:11:42:45.247947;22/Jul/2026:11:42:45.248554;22/Jul/2026:11:42:37.845177;22/Jul/2026:11:42:37.207443;22/Jul/2026:11:42:42.823830;22/Jul/2026:11:42:50.307701;22/Jul/2026:11:42:47.771367;22/Jul/2026:11:42:50.297187;22/Jul/2026:11:42:51.330064;22/Jul/2026:11:42:31.479242;22/Jul/2026:11:42:47.766111;22/Jul/2026:11:42:31.478972;22/Jul/2026:11:42:47.774791,3.9326;0.0000;8.8305;3.9036;1.4950;5.0632;11.3870;3.9111;5.0772;7.4888;7.4928;5.0730;5.0767;8.7163;12.4951;2.5820;0.0568;11.3470;5.1099;18.1034;2.5839;8.7460;2.5881;30.0031;2.6003;7.5572;2.6333;3.9910;15.1020;2.6815;2.6843;20.0996;7.6618;22.2720;0.2290;2.7670;0.2407;2.7792;0.2699;2.8302;9.0957;1.9588;16.4234;13.6017;3.0496;3.0593;14.6746;0.6317;5.7073;18.7027;3.2029;0.6719;4.5844;0.7263;0.7167;3.2637;17.6678;0.7480;18.7818;19.6429;0.7703;19.5200;3.3445;0.8218;2.3137;10.8072;3.3840;0.8549;2.1288;0.8896;0.9107;14.9220;5.9674;0.9278;0.9514;9.6471;3.5018;3.5193;1.0050;1.0064;3.5353;19.8931;1.0264;6.0785;3.5677;17.9659;1.0452;14.6080;6.1126;3.5933;1.0651;1.0610;1.0690;3.6199;6.1430;5.0263;3.6320;7.1879;6.1685;5.0368;1.1572;3.7279;3.7386;8.6970;11.2470;1.2871;3.8421;3.8565;13.7902;8.8087;1.3621;1.3597;10.2841;18.3006;11.3525;3.9756;6.5240;2.7754;1.5078;1.5500;6.6094;6.6162;6.6422;6.6419;14.0497;14.6973;9.1095;1.6575;4.2167;1.6912;0.6865;20.5543;4.3144;20.6090;4.3203
13,5,334,success,None,22/Jul/2026:11:42:50.295253,22/Jul/2026:11:42:52.617591,2.3223,135,22/Jul/2026:11:42:46.373528;22/Jul/2026:11:42:50.306073;22/Jul/2026:11:42:41.487388;22/Jul/2026:11:42:46.414247;22/Jul/2026:11:42:48.822859;22/Jul/2026:11:42:45.254653;22/Jul/2026:11:42:38.932306;22/Jul/2026:11:42:46.408171;22/Jul/2026:11:42:45.242078;22/Jul/2026:11:42:42.830549;22/Jul/2026:11:42:42.827741;22/Jul/2026:11:42:45.251068;22/Jul/2026:11:42:45.250542;22/Jul/2026:11:42:41.616720;22/Jul/2026:11:42:37.839193;22/Jul/2026:11:42:47.768855;22/Jul/2026:11:42:50.296190;22/Jul/2026:11:42:39.006838;22/Jul/2026:11:42:45.245354;22/Jul/2026:11:42:32.258576;22/Jul/2026:11:42:47.778064;22/Jul/2026:11:42:41.615995;22/Jul/2026:11:42:47.774211;22/Jul/2026:11:42:20.359417;22/Jul/2026:11:42:47.769366;22/Jul/2026:11:42:42.831290;22/Jul/2026:11:42:47.766991;22/Jul/2026:11:42:46.414007;22/Jul/2026:11:42:35.339204;22/Jul/2026:11:42:47.773617;22/Jul/2026:11:42:47.775817;22/Jul/2026:11:42:30.378177;22/Jul/2026:11:42:42.823723;22/Jul/2026:11:42:28.214405;22/Jul/2026:11:42:50.301922;22/Jul/2026:11:42:47.765650;22/Jul/2026:11:42:50.297384;22/Jul/2026:11:42:47.765555;22/Jul/2026:11:42:50.296685;22/Jul/2026:11:42:47.774555;22/Jul/2026:11:42:41.616278;22/Jul/2026:11:42:48.822956;22/Jul/2026:11:42:34.362295;22/Jul/2026:11:42:37.210398;22/Jul/2026:11:42:47.767577;22/Jul/2026:11:42:47.774024;22/Jul/2026:11:42:36.232848;22/Jul/2026:11:42:50.302024;22/Jul/2026:11:42:45.254196;22/Jul/2026:11:42:32.259272;22/Jul/2026:11:42:47.769621;22/Jul/2026:11:42:50.302072;22/Jul/2026:11:42:46.408027;22/Jul/2026:11:42:50.298237;22/Jul/2026:11:42:50.308662;22/Jul/2026:11:42:47.768610;22/Jul/2026:11:42:33.374147;22/Jul/2026:11:42:50.295973;22/Jul/2026:11:42:32.263685;22/Jul/2026:11:42:31.422115;22/Jul/2026:11:42:50.298824;22/Jul/2026:11:42:31.564795;22/Jul/2026:11:42:47.769721;22/Jul/2026:11:42:50.297286;22/Jul/2026:11:42:48.823631;22/Jul/2026:11:42:40.337219;22/Jul/2026:11:42:47.767759;22/Jul/2026:11:42:50.301864;22/Jul/2026:11:42:49.045151;22/Jul/2026:11:42:50.297751;22/Jul/2026:11:42:50.296341;22/Jul/2026:11:42:36.289999;22/Jul/2026:11:42:45.248715;22/Jul/2026:11:42:50.308962;22/Jul/2026:11:42:50.302177;22/Jul/2026:11:42:41.616603;22/Jul/2026:11:42:47.774415;22/Jul/2026:11:42:47.767212;22/Jul/2026:11:42:50.297914;22/Jul/2026:11:42:50.302611;22/Jul/2026:11:42:47.777124;22/Jul/2026:11:42:31.422189;22/Jul/2026:11:42:50.304261;22/Jul/2026:11:42:45.254790;22/Jul/2026:11:42:47.768136;22/Jul/2026:11:42:33.374376;22/Jul/2026:11:42:50.296290;22/Jul/2026:11:42:36.743001;22/Jul/2026:11:42:45.243464;22/Jul/2026:11:42:47.764952;22/Jul/2026:11:42:50.308383;22/Jul/2026:11:42:50.313752;22/Jul/2026:11:42:50.310194;22/Jul/2026:11:42:47.766538;22/Jul/2026:11:42:45.253963;22/Jul/2026:11:42:46.373303;22/Jul/2026:11:42:47.776464;22/Jul/2026:11:42:44.222785;22/Jul/2026:11:42:45.254680;22/Jul/2026:11:42:46.413656;22/Jul/2026:11:42:50.307804;22/Jul/2026:11:42:47.765016;22/Jul/2026:11:42:47.772205;22/Jul/2026:11:42:42.833029;22/Jul/2026:11:42:40.342959;22/Jul/2026:11:42:50.313846;22/Jul/2026:11:42:47.767149;22/Jul/2026:11:42:47.768034;22/Jul/2026:11:42:37.846374;22/Jul/2026:11:42:42.830678;22/Jul/2026:11:42:50.296441;22/Jul/2026:11:42:50.314573;22/Jul/2026:11:42:41.404228;22/Jul/2026:11:42:33.393930;22/Jul/2026:11:42:40.342432;22/Jul/2026:11:42:47.766897;22/Jul/2026:11:42:45.248304;22/Jul/2026:11:42:49.044500;22/Jul/2026:11:42:50.313816;22/Jul/2026:11:42:50.296088;22/Jul/2026:11:42:45.253614;22/Jul/2026:11:42:45.253697;22/Jul/2026:11:42:45.247947;22/Jul/2026:11:42:45.248554;22/Jul/2026:11:42:37.845177;22/Jul/2026:11:42:37.207443;22/Jul/2026:11:42:42.823830;22/Jul/2026:11:42:50.307701;22/Jul/2026:11:42:47.771367;22/Jul/2026:11:42:50.297187;22/Jul/2026:11:42:51.330064;22/Jul/2026:11:42:31.479242;22/Jul/2026:11:42:47.766111;22/Jul/2026:11:42:31.478972;22/Jul/2026:11:42:47.774791,3.9326;0.0000;8.8305;3.9036;1.4950;5.0632;11.3870;3.9111;5.0772;7.4888;7.4928;5.0730;5.0767;8.7163;12.4951;2.5820;0.0568;11.3470;5.1099;18.1034;2.5839;8.7460;2.5881;30.0031;2.6003;7.5572;2.6333;3.9910;15.1020;2.6815;2.6843;20.0996;7.6618;22.2720;0.2290;2.7670;0.2407;2.7792;0.2699;2.8302;9.0957;1.9588;16.4234;13.6017;3.0496;3.0593;14.6746;0.6317;5.7073;18.7027;3.2029;0.6719;4.5844;0.7263;0.7167;3.2637;17.6678;0.7480;18.7818;19.6429;0.7703;19.5200;3.3445;0.8218;2.3137;10.8072;3.3840;0.8549;2.1288;0.8896;0.9107;14.9220;5.9674;0.9278;0.9514;9.6471;3.5018;3.5193;1.0050;1.0064;3.5353;19.8931;1.0264;6.0785;3.5677;17.9659;1.0452;14.6080;6.1126;3.5933;1.0651;1.0610;1.0690;3.6199;6.1430;5.0263;3.6320;7.1879;6.1685;5.0368;1.1572;3.7279;3.7386;8.6970;11.2470;1.2871;3.8421;3.8565;13.7902;8.8087;1.3621;1.3597;10.2841;18.3006;11.3525;3.9756;6.5240;2.7754;1.5078;1.5500;6.6094;6.6162;6.6422;6.6419;14.0497;14.6973;9.1095;1.6575;4.2167;1.6912;0.6865;20.5543;4.3144;20.6090;4.3203
13,5,415,success,None,22/Jul/2026:11:42:51.396501,22/Jul/2026:11:42:52.679486,1.2830,41,22/Jul/2026:11:42:45.253963;22/Jul/2026:11:42:46.373303;22/Jul/2026:11:42:47.776464;22/Jul/2026:11:42:44.222785;22/Jul/2026:11:42:45.254680;22/Jul/2026:11:42:46.413656;22/Jul/2026:11:42:50.307804;22/Jul/2026:11:42:47.765016;22/Jul/2026:11:42:47.772205;22/Jul/2026:11:42:42.833029;22/Jul/2026:11:42:40.342959;22/Jul/2026:11:42:50.313846;22/Jul/2026:11:42:47.767149;22/Jul/2026:11:42:47.768034;22/Jul/2026:11:42:37.846374;22/Jul/2026:11:42:42.830678;22/Jul/2026:11:42:50.296441;22/Jul/2026:11:42:50.314573;22/Jul/2026:11:42:41.404228;22/Jul/2026:11:42:33.393930;22/Jul/2026:11:42:40.342432;22/Jul/2026:11:42:47.766897;22/Jul/2026:11:42:45.248304;22/Jul/2026:11:42:49.044500;22/Jul/2026:11:42:50.313816;22/Jul/2026:11:42:50.296088;22/Jul/2026:11:42:45.253614;22/Jul/2026:11:42:45.253697;22/Jul/2026:11:42:45.247947;22/Jul/2026:11:42:45.248554;22/Jul/2026:11:42:37.845177;22/Jul/2026:11:42:37.207443;22/Jul/2026:11:42:42.823830;22/Jul/2026:11:42:50.307701;22/Jul/2026:11:42:47.771367;22/Jul/2026:11:42:50.297187;22/Jul/2026:11:42:51.330064;22/Jul/2026:11:42:31.479242;22/Jul/2026:11:42:47.766111;22/Jul/2026:11:42:31.478972;22/Jul/2026:11:42:47.774791,6.1430;5.0263;3.6320;7.1879;6.1685;5.0368;1.1572;3.7279;3.7386;8.6970;11.2470;1.2871;3.8421;3.8565;13.7902;8.8087;1.3621;1.3597;10.2841;18.3006;11.3525;3.9756;6.5240;2.7754;1.5078;1.5500;6.6094;6.6162;6.6422;6.6419;14.0497;14.6973;9.1095;1.6575;4.2167;1.6912;0.6865;20.5543;4.3144;20.6090;4.3203
14,5,61,success,None,22/Jul/2026:11:42:52.693133,22/Jul/2026:11:42:53.810150,1.1170,62,22/Jul/2026:11:42:51.329383;22/Jul/2026:11:42:32.263858;22/Jul/2026:11:42:45.249339;22/Jul/2026:11:42:50.314496;22/Jul/2026:11:42:45.248465;22/Jul/2026:11:42:50.310379;22/Jul/2026:11:42:45.248337;22/Jul/2026:11:42:50.310483;22/Jul/2026:11:42:52.696397;22/Jul/2026:11:42:44.188073;22/Jul/2026:11:42:52.697552;22/Jul/2026:11:42:52.701118;22/Jul/2026:11:42:52.696080;22/Jul/2026:11:42:50.313904;22/Jul/2026:11:42:52.700898;22/Jul/2026:11:42:52.699034;22/Jul/2026:11:42:50.299163;22/Jul/2026:11:42:51.397277;22/Jul/2026:11:42:47.765748;22/Jul/2026:11:42:50.316269;22/Jul/2026:11:42:50.310431;22/Jul/2026:11:42:41.503937;22/Jul/2026:11:42:50.300058;22/Jul/2026:11:42:50.302389;22/Jul/2026:11:42:51.397791;22/Jul/2026:11:42:37.211016;22/Jul/2026:11:42:47.777294;22/Jul/2026:11:42:50.298016;22/Jul/2026:11:42:50.308432;22/Jul/2026:11:42:50.309933;22/Jul/2026:11:42:52.702296;22/Jul/2026:11:42:52.701963;22/Jul/2026:11:42:31.564711;22/Jul/2026:11:42:52.699668;22/Jul/2026:11:42:42.832400;22/Jul/2026:11:42:50.299912;22/Jul/2026:11:42:50.300992;22/Jul/2026:11:42:50.302302;22/Jul/2026:11:42:52.698976;22/Jul/2026:11:42:50.309457;22/Jul/2026:11:42:37.009073;22/Jul/2026:11:42:47.769254;22/Jul/2026:11:42:47.765452;22/Jul/2026:11:42:45.253589;22/Jul/2026:11:42:52.699917;22/Jul/2026:11:42:52.698911;22/Jul/2026:11:42:52.703075;22/Jul/2026:11:42:40.342800;22/Jul/2026:11:42:37.846640;22/Jul/2026:11:42:52.702214;22/Jul/2026:11:42:47.767425;22/Jul/2026:11:42:29.493437;22/Jul/2026:11:42:37.210269;22/Jul/2026:11:42:47.765849;22/Jul/2026:11:42:51.398215;22/Jul/2026:11:42:50.309992;22/Jul/2026:11:42:50.315960;22/Jul/2026:11:42:50.316189;22/Jul/2026:11:42:37.841296;22/Jul/2026:11:42:52.696016;22/Jul/2026:11:42:52.703193;22/Jul/2026:11:42:36.742777,1.3754;20.4499;7.4650;2.4058;7.4775;2.4168;7.4840;2.4299;0.0684;8.5771;0.0809;0.0881;0.1015;2.4846;0.0987;0.1372;2.5401;1.4557;5.1053;2.5550;2.5686;11.3821;2.6140;2.6194;1.5270;15.7431;5.1893;2.6798;2.7478;2.7499;0.4451;0.4479;21.5997;0.5542;10.4819;3.0192;3.1247;3.1303;0.7527;3.1447;16.4549;5.7556;5.7615;8.2767;0.8407;0.8646;0.8629;13.2341;15.7328;0.8815;5.8694;24.1803;16.4658;5.9232;2.3113;3.4043;3.4119;3.4176;15.8976;1.0722;1.0816;17.0557
14,5,51,success,None,22/Jul/2026:11:42:52.692996,22/Jul/2026:11:42:53.814658,1.1217,63,22/Jul/2026:11:42:51.329383;22/Jul/2026:11:42:32.263858;22/Jul/2026:11:42:45.249339;22/Jul/2026:11:42:50.314496;22/Jul/2026:11:42:45.248465;22/Jul/2026:11:42:50.310379;22/Jul/2026:11:42:45.248337;22/Jul/2026:11:42:50.310483;22/Jul/2026:11:42:52.696397;22/Jul/2026:11:42:44.188073;22/Jul/2026:11:42:52.697552;22/Jul/2026:11:42:52.701118;22/Jul/2026:11:42:52.696080;22/Jul/2026:11:42:50.313904;22/Jul/2026:11:42:52.700898;22/Jul/2026:11:42:52.699034;22/Jul/2026:11:42:50.299163;22/Jul/2026:11:42:51.397277;22/Jul/2026:11:42:47.765748;22/Jul/2026:11:42:50.316269;22/Jul/2026:11:42:50.310431;22/Jul/2026:11:42:41.503937;22/Jul/2026:11:42:50.300058;22/Jul/2026:11:42:50.302389;22/Jul/2026:11:42:51.397791;22/Jul/2026:11:42:37.211016;22/Jul/2026:11:42:47.777294;22/Jul/2026:11:42:50.298016;22/Jul/2026:11:42:50.308432;22/Jul/2026:11:42:50.309933;22/Jul/2026:11:42:52.702296;22/Jul/2026:11:42:52.701963;22/Jul/2026:11:42:31.564711;22/Jul/2026:11:42:52.699668;22/Jul/2026:11:42:42.832400;22/Jul/2026:11:42:50.299912;22/Jul/2026:11:42:50.300992;22/Jul/2026:11:42:50.302302;22/Jul/2026:11:42:52.698976;22/Jul/2026:11:42:50.309457;22/Jul/2026:11:42:37.009073;22/Jul/2026:11:42:47.769254;22/Jul/2026:11:42:47.765452;22/Jul/2026:11:42:45.253589;22/Jul/2026:11:42:52.699917;22/Jul/2026:11:42:52.698911;22/Jul/2026:11:42:52.703075;22/Jul/2026:11:42:40.342800;22/Jul/2026:11:42:37.846640;22/Jul/2026:11:42:52.702214;22/Jul/2026:11:42:47.767425;22/Jul/2026:11:42:29.493437;22/Jul/2026:11:42:37.210269;22/Jul/2026:11:42:47.765849;22/Jul/2026:11:42:51.398215;22/Jul/2026:11:42:50.309992;22/Jul/2026:11:42:50.315960;22/Jul/2026:11:42:50.316189;22/Jul/2026:11:42:37.841296;22/Jul/2026:11:42:52.696016;22/Jul/2026:11:42:52.703193;22/Jul/2026:11:42:36.742777;22/Jul/2026:11:42:52.707021,1.3754;20.4499;7.4650;2.4058;7.4775;2.4168;7.4840;2.4299;0.0684;8.5771;0.0809;0.0881;0.1015;2.4846;0.0987;0.1372;2.5401;1.4557;5.1053;2.5550;2.5686;11.3821;2.6140;2.6194;1.5270;15.7431;5.1893;2.6798;2.7478;2.7499;0.4451;0.4479;21.5997;0.5542;10.4819;3.0192;3.1247;3.1303;0.7527;3.1447;16.4549;5.7556;5.7615;8.2767;0.8407;0.8646;0.8629;13.2341;15.7328;0.8815;5.8694;24.1803;16.4658;5.9232;2.3113;3.4043;3.4119;3.4176;15.8976;1.0722;1.0816;17.0557;1.1068
14,5,76,success,None,22/Jul/2026:11:42:52.693269,22/Jul/2026:11:42:53.915803,1.2225,72,22/Jul/2026:11:42:51.329383;22/Jul/2026:11:42:32.263858;22/Jul/2026:11:42:45.249339;22/Jul/2026:11:42:50.314496;22/Jul/2026:11:42:45.248465;22/Jul/2026:11:42:50.310379;22/Jul/2026:11:42:45.248337;22/Jul/2026:11:42:50.310483;22/Jul/2026:11:42:52.696397;22/Jul/2026:11:42:44.188073;22/Jul/2026:11:42:52.697552;22/Jul/2026:11:42:52.701118;22/Jul/2026:11:42:52.696080;22/Jul/2026:11:42:50.313904;22/Jul/2026:11:42:52.700898;22/Jul/2026:11:42:52.699034;22/Jul/2026:11:42:50.299163;22/Jul/2026:11:42:51.397277;22/Jul/2026:11:42:47.765748;22/Jul/2026:11:42:50.316269;22/Jul/2026:11:42:50.310431;22/Jul/2026:11:42:41.503937;22/Jul/2026:11:42:50.300058;22/Jul/2026:11:42:50.302389;22/Jul/2026:11:42:51.397791;22/Jul/2026:11:42:37.211016;22/Jul/2026:11:42:47.777294;22/Jul/2026:11:42:50.298016;22/Jul/2026:11:42:50.308432;22/Jul/2026:11:42:50.309933;22/Jul/2026:11:42:52.702296;22/Jul/2026:11:42:52.701963;22/Jul/2026:11:42:31.564711;22/Jul/2026:11:42:52.699668;22/Jul/2026:11:42:42.832400;22/Jul/2026:11:42:50.299912;22/Jul/2026:11:42:50.300992;22/Jul/2026:11:42:50.302302;22/Jul/2026:11:42:52.698976;22/Jul/2026:11:42:50.309457;22/Jul/2026:11:42:37.009073;22/Jul/2026:11:42:47.769254;22/Jul/2026:11:42:47.765452;22/Jul/2026:11:42:45.253589;22/Jul/2026:11:42:52.699917;22/Jul/2026:11:42:52.698911;22/Jul/2026:11:42:52.703075;22/Jul/2026:11:42:40.342800;22/Jul/2026:11:42:37.846640;22/Jul/2026:11:42:52.702214;22/Jul/2026:11:42:47.767425;22/Jul/2026:11:42:29.493437;22/Jul/2026:11:42:37.210269;22/Jul/2026:11:42:47.765849;22/Jul/2026:11:42:51.398215;22/Jul/2026:11:42:50.309992;22/Jul/2026:11:42:50.315960;22/Jul/2026:11:42:50.316189;22/Jul/2026:11:42:37.841296;22/Jul/2026:11:42:52.696016;22/Jul/2026:11:42:52.703193;22/Jul/2026:11:42:36.742777;22/Jul/2026:11:42:52.707021;22/Jul/2026:11:42:50.316428;22/Jul/2026:11:42:51.397975;22/Jul/2026:11:42:52.698614;22/Jul/2026:11:42:52.698852;22/Jul/2026:11:42:52.709641;22/Jul/2026:11:42:52.707954;22/Jul/2026:11:42:47.771137;22/Jul/2026:11:42:50.309402;22/Jul/2026:11:42:50.315195,1.3754;20.4499;7.4650;2.4058;7.4775;2.4168;7.4840;2.4299;0.0684;8.5771;0.0809;0.0881;0.1015;2.4846;0.0987;0.1372;2.5401;1.4557;5.1053;2.5550;2.5686;11.3821;2.6140;2.6194;1.5270;15.7431;5.1893;2.6798;2.7478;2.7499;0.4451;0.4479;21.5997;0.5542;10.4819;3.0192;3.1247;3.1303;0.7527;3.1447;16.4549;5.7556;5.7615;8.2767;0.8407;0.8646;0.8629;13.2341;15.7328;0.8815;5.8694;24.1803;16.4658;5.9232;2.3113;3.4043;3.4119;3.4176;15.8976;1.0722;1.0816;17.0557;1.1068;3.5066;2.4497;1.1541;1.1567;1.1610;1.1654;6.1090;3.5711;3.5854
14,5,25,success,None,22/Jul/2026:11:42:52.692820,22/Jul/2026:11:42:53.973421,1.2806,74,22/Jul/2026:11:42:51.329383;22/Jul/2026:11:42:32.263858;22/Jul/2026:11:42:45.249339;22/Jul/2026:11:42:50.314496;22/Jul/2026:11:42:45.248465;22/Jul/2026:11:42:50.310379;22/Jul/2026:11:42:45.248337;22/Jul/2026:11:42:50.310483;22/Jul/2026:11:42:52.696397;22/Jul/2026:11:42:44.188073;22/Jul/2026:11:42:52.697552;22/Jul/2026:11:42:52.701118;22/Jul/2026:11:42:52.696080;22/Jul/2026:11:42:50.313904;22/Jul/2026:11:42:52.700898;22/Jul/2026:11:42:52.699034;22/Jul/2026:11:42:50.299163;22/Jul/2026:11:42:51.397277;22/Jul/2026:11:42:47.765748;22/Jul/2026:11:42:50.316269;22/Jul/2026:11:42:50.310431;22/Jul/2026:11:42:41.503937;22/Jul/2026:11:42:50.300058;22/Jul/2026:11:42:50.302389;22/Jul/2026:11:42:51.397791;22/Jul/2026:11:42:37.211016;22/Jul/2026:11:42:47.777294;22/Jul/2026:11:42:50.298016;22/Jul/2026:11:42:50.308432;22/Jul/2026:11:42:50.309933;22/Jul/2026:11:42:52.702296;22/Jul/2026:11:42:52.701963;22/Jul/2026:11:42:31.564711;22/Jul/2026:11:42:52.699668;22/Jul/2026:11:42:42.832400;22/Jul/2026:11:42:50.299912;22/Jul/2026:11:42:50.300992;22/Jul/2026:11:42:50.302302;22/Jul/2026:11:42:52.698976;22/Jul/2026:11:42:50.309457;22/Jul/2026:11:42:37.009073;22/Jul/2026:11:42:47.769254;22/Jul/2026:11:42:47.765452;22/Jul/2026:11:42:45.253589;22/Jul/2026:11:42:52.699917;22/Jul/2026:11:42:52.698911;22/Jul/2026:11:42:52.703075;22/Jul/2026:11:42:40.342800;22/Jul/2026:11:42:37.846640;22/Jul/2026:11:42:52.702214;22/Jul/2026:11:42:47.767425;22/Jul/2026:11:42:29.493437;22/Jul/2026:11:42:37.210269;22/Jul/2026:11:42:47.765849;22/Jul/2026:11:42:51.398215;22/Jul/2026:11:42:50.309992;22/Jul/2026:11:42:50.315960;22/Jul/2026:11:42:50.316189;22/Jul/2026:11:42:37.841296;22/Jul/2026:11:42:52.696016;22/Jul/2026:11:42:52.703193;22/Jul/2026:11:42:36.742777;22/Jul/2026:11:42:52.707021;22/Jul/2026:11:42:50.316428;22/Jul/2026:11:42:51.397975;22/Jul/2026:11:42:52.698614;22/Jul/2026:11:42:52.698852;22/Jul/2026:11:42:52.709641;22/Jul/2026:11:42:52.707954;22/Jul/2026:11:42:47.771137;22/Jul/2026:11:42:50.309402;22/Jul/2026:11:42:50.315195;22/Jul/2026:11:42:52.711415;22/Jul/2026:11:42:39.281299,1.3754;20.4499;7.4650;2.4058;7.4775;2.4168;7.4840;2.4299;0.0684;8.5771;0.0809;0.0881;0.1015;2.4846;0.0987;0.1372;2.5401;1.4557;5.1053;2.5550;2.5686;11.3821;2.6140;2.6194;1.5270;15.7431;5.1893;2.6798;2.7478;2.7499;0.4451;0.4479;21.5997;0.5542;10.4819;3.0192;3.1247;3.1303;0.7527;3.1447;16.4549;5.7556;5.7615;8.2767;0.8407;0.8646;0.8629;13.2341;15.7328;0.8815;5.8694;24.1803;16.4658;5.9232;2.3113;3.4043;3.4119;3.4176;15.8976;1.0722;1.0816;17.0557;1.1068;3.5066;2.4497;1.1541;1.1567;1.1610;1.1654;6.1090;3.5711;3.5854;1.2134;14.6566
14,5,133,success,None,22/Jul/2026:11:42:52.693385,22/Jul/2026:11:42:53.989170,1.2958,74,22/Jul/2026:11:42:51.329383;22/Jul/2026:11:42:32.263858;22/Jul/2026:11:42:45.249339;22/Jul/2026:11:42:50.314496;22/Jul/2026:11:42:45.248465;22/Jul/2026:11:42:50.310379;22/Jul/2026:11:42:45.248337;22/Jul/2026:11:42:50.310483;22/Jul/2026:11:42:52.696397;22/Jul/2026:11:42:44.188073;22/Jul/2026:11:42:52.697552;22/Jul/2026:11:42:52.701118;22/Jul/2026:11:42:52.696080;22/Jul/2026:11:42:50.313904;22/Jul/2026:11:42:52.700898;22/Jul/2026:11:42:52.699034;22/Jul/2026:11:42:50.299163;22/Jul/2026:11:42:51.397277;22/Jul/2026:11:42:47.765748;22/Jul/2026:11:42:50.316269;22/Jul/2026:11:42:50.310431;22/Jul/2026:11:42:41.503937;22/Jul/2026:11:42:50.300058;22/Jul/2026:11:42:50.302389;22/Jul/2026:11:42:51.397791;22/Jul/2026:11:42:37.211016;22/Jul/2026:11:42:47.777294;22/Jul/2026:11:42:50.298016;22/Jul/2026:11:42:50.308432;22/Jul/2026:11:42:50.309933;22/Jul/2026:11:42:52.702296;22/Jul/2026:11:42:52.701963;22/Jul/2026:11:42:31.564711;22/Jul/2026:11:42:52.699668;22/Jul/2026:11:42:42.832400;22/Jul/2026:11:42:50.299912;22/Jul/2026:11:42:50.300992;22/Jul/2026:11:42:50.302302;22/Jul/2026:11:42:52.698976;22/Jul/2026:11:42:50.309457;22/Jul/2026:11:42:37.009073;22/Jul/2026:11:42:47.769254;22/Jul/2026:11:42:47.765452;22/Jul/2026:11:42:45.253589;22/Jul/2026:11:42:52.699917;22/Jul/2026:11:42:52.698911;22/Jul/2026:11:42:52.703075;22/Jul/2026:11:42:40.342800;22/Jul/2026:11:42:37.846640;22/Jul/2026:11:42:52.702214;22/Jul/2026:11:42:47.767425;22/Jul/2026:11:42:29.493437;22/Jul/2026:11:42:37.210269;22/Jul/2026:11:42:47.765849;22/Jul/2026:11:42:51.398215;22/Jul/2026:11:42:50.309992;22/Jul/2026:11:42:50.315960;22/Jul/2026:11:42:50.316189;22/Jul/2026:11:42:37.841296;22/Jul/2026:11:42:52.696016;22/Jul/2026:11:42:52.703193;22/Jul/2026:11:42:36.742777;22/Jul/2026:11:42:52.707021;22/Jul/2026:11:42:50.316428;22/Jul/2026:11:42:51.397975;22/Jul/2026:11:42:52.698614;22/Jul/2026:11:42:52.698852;22/Jul/2026:11:42:52.709641;22/Jul/2026:11:42:52.707954;22/Jul/2026:11:42:47.771137;22/Jul/2026:11:42:50.309402;22/Jul/2026:11:42:50.315195;22/Jul/2026:11:42:52.711415;22/Jul/2026:11:42:39.281299,1.3754;20.4499;7.4650;2.4058;7.4775;2.4168;7.4840;2.4299;0.0684;8.5771;0.0809;0.0881;0.1015;2.4846;0.0987;0.1372;2.5401;1.4557;5.1053;2.5550;2.5686;11.3821;2.6140;2.6194;1.5270;15.7431;5.1893;2.6798;2.7478;2.7499;0.4451;0.4479;21.5997;0.5542;10.4819;3.0192;3.1247;3.1303;0.7527;3.1447;16.4549;5.7556;5.7615;8.2767;0.8407;0.8646;0.8629;13.2341;15.7328;0.8815;5.8694;24.1803;16.4658;5.9232;2.3113;3.4043;3.4119;3.4176;15.8976;1.0722;1.0816;17.0557;1.1068;3.5066;2.4497;1.1541;1.1567;1.1610;1.1654;6.1090;3.5711;3.5854;1.2134;14.6566
14,5,151,success,None,22/Jul/2026:11:42:52.693755,22/Jul/2026:11:42:54.217193,1.5234,86,22/Jul/2026:11:42:51.329383;22/Jul/2026:11:42:32.263858;22/Jul/2026:11:42:45.249339;22/Jul/2026:11:42:50.314496;22/Jul/2026:11:42:45.248465;22/Jul/2026:11:42:50.310379;22/Jul/2026:11:42:45.248337;22/Jul/2026:11:42:50.310483;22/Jul/2026:11:42:52.696397;22/Jul/2026:11:42:44.188073;22/Jul/2026:11:42:52.697552;22/Jul/2026:11:42:52.701118;22/Jul/2026:11:42:52.696080;22/Jul/2026:11:42:50.313904;22/Jul/2026:11:42:52.700898;22/Jul/2026:11:42:52.699034;22/Jul/2026:11:42:50.299163;22/Jul/2026:11:42:51.397277;22/Jul/2026:11:42:47.765748;22/Jul/2026:11:42:50.316269;22/Jul/2026:11:42:50.310431;22/Jul/2026:11:42:41.503937;22/Jul/2026:11:42:50.300058;22/Jul/2026:11:42:50.302389;22/Jul/2026:11:42:51.397791;22/Jul/2026:11:42:37.211016;22/Jul/2026:11:42:47.777294;22/Jul/2026:11:42:50.298016;22/Jul/2026:11:42:50.308432;22/Jul/2026:11:42:50.309933;22/Jul/2026:11:42:52.702296;22/Jul/2026:11:42:52.701963;22/Jul/2026:11:42:31.564711;22/Jul/2026:11:42:52.699668;22/Jul/2026:11:42:42.832400;22/Jul/2026:11:42:50.299912;22/Jul/2026:11:42:50.300992;22/Jul/2026:11:42:50.302302;22/Jul/2026:11:42:52.698976;22/Jul/2026:11:42:50.309457;22/Jul/2026:11:42:37.009073;22/Jul/2026:11:42:47.769254;22/Jul/2026:11:42:47.765452;22/Jul/2026:11:42:45.253589;22/Jul/2026:11:42:52.699917;22/Jul/2026:11:42:52.698911;22/Jul/2026:11:42:52.703075;22/Jul/2026:11:42:40.342800;22/Jul/2026:11:42:37.846640;22/Jul/2026:11:42:52.702214;22/Jul/2026:11:42:47.767425;22/Jul/2026:11:42:29.493437;22/Jul/2026:11:42:37.210269;22/Jul/2026:11:42:47.765849;22/Jul/2026:11:42:51.398215;22/Jul/2026:11:42:50.309992;22/Jul/2026:11:42:50.315960;22/Jul/2026:11:42:50.316189;22/Jul/2026:11:42:37.841296;22/Jul/2026:11:42:52.696016;22/Jul/2026:11:42:52.703193;22/Jul/2026:11:42:36.742777;22/Jul/2026:11:42:52.707021;22/Jul/2026:11:42:50.316428;22/Jul/2026:11:42:51.397975;22/Jul/2026:11:42:52.698614;22/Jul/2026:11:42:52.698852;22/Jul/2026:11:42:52.709641;22/Jul/2026:11:42:52.707954;22/Jul/2026:11:42:47.771137;22/Jul/2026:11:42:50.309402;22/Jul/2026:11:42:50.315195;22/Jul/2026:11:42:52.711415;22/Jul/2026:11:42:39.281299;22/Jul/2026:11:42:42.828863;22/Jul/2026:11:42:47.776654;22/Jul/2026:11:42:51.329817;22/Jul/2026:11:42:45.253378;22/Jul/2026:11:42:50.296828;22/Jul/2026:11:42:34.358153;22/Jul/2026:11:42:42.827895;22/Jul/2026:11:42:52.700044;22/Jul/2026:11:42:50.315854;22/Jul/2026:11:42:50.300943;22/Jul/2026:11:42:19.187282;22/Jul/2026:11:42:52.702502,1.3754;20.4499;7.4650;2.4058;7.4775;2.4168;7.4840;2.4299;0.0684;8.5771;0.0809;0.0881;0.1015;2.4846;0.0987;0.1372;2.5401;1.4557;5.1053;2.5550;2.5686;11.3821;2.6140;2.6194;1.5270;15.7431;5.1893;2.6798;2.7478;2.7499;0.4451;0.4479;21.5997;0.5542;10.4819;3.0192;3.1247;3.1303;0.7527;3.1447;16.4549;5.7556;5.7615;8.2767;0.8407;0.8646;0.8629;13.2341;15.7328;0.8815;5.8694;24.1803;16.4658;5.9232;2.3113;3.4043;3.4119;3.4176;15.8976;1.0722;1.0816;17.0557;1.1068;3.5066;2.4497;1.1541;1.1567;1.1610;1.1654;6.1090;3.5711;3.5854;1.2134;14.6566;11.1658;6.2245;2.7130;8.8044;3.8160;19.7620;11.2944;1.4258;3.8448;3.8706;34.9983;1.4998
14,5,161,success,None,22/Jul/2026:11:42:52.693858,22/Jul/2026:11:42:54.491555,1.7977,101,22/Jul/2026:11:42:51.329383;22/Jul/2026:11:42:32.263858;22/Jul/2026:11:42:45.249339;22/Jul/2026:11:42:50.314496;22/Jul/2026:11:42:45.248465;22/Jul/2026:11:42:50.310379;22/Jul/2026:11:42:45.248337;22/Jul/2026:11:42:50.310483;22/Jul/2026:11:42:52.696397;22/Jul/2026:11:42:44.188073;22/Jul/2026:11:42:52.697552;22/Jul/2026:11:42:52.701118;22/Jul/2026:11:42:52.696080;22/Jul/2026:11:42:50.313904;22/Jul/2026:11:42:52.700898;22/Jul/2026:11:42:52.699034;22/Jul/2026:11:42:50.299163;22/Jul/2026:11:42:51.397277;22/Jul/2026:11:42:47.765748;22/Jul/2026:11:42:50.316269;22/Jul/2026:11:42:50.310431;22/Jul/2026:11:42:41.503937;22/Jul/2026:11:42:50.300058;22/Jul/2026:11:42:50.302389;22/Jul/2026:11:42:51.397791;22/Jul/2026:11:42:37.211016;22/Jul/2026:11:42:47.777294;22/Jul/2026:11:42:50.298016;22/Jul/2026:11:42:50.308432;22/Jul/2026:11:42:50.309933;22/Jul/2026:11:42:52.702296;22/Jul/2026:11:42:52.701963;22/Jul/2026:11:42:31.564711;22/Jul/2026:11:42:52.699668;22/Jul/2026:11:42:42.832400;22/Jul/2026:11:42:50.299912;22/Jul/2026:11:42:50.300992;22/Jul/2026:11:42:50.302302;22/Jul/2026:11:42:52.698976;22/Jul/2026:11:42:50.309457;22/Jul/2026:11:42:37.009073;22/Jul/2026:11:42:47.769254;22/Jul/2026:11:42:47.765452;22/Jul/2026:11:42:45.253589;22/Jul/2026:11:42:52.699917;22/Jul/2026:11:42:52.698911;22/Jul/2026:11:42:52.703075;22/Jul/2026:11:42:40.342800;22/Jul/2026:11:42:37.846640;22/Jul/2026:11:42:52.702214;22/Jul/2026:11:42:47.767425;22/Jul/2026:11:42:29.493437;22/Jul/2026:11:42:37.210269;22/Jul/2026:11:42:47.765849;22/Jul/2026:11:42:51.398215;22/Jul/2026:11:42:50.309992;22/Jul/2026:11:42:50.315960;22/Jul/2026:11:42:50.316189;22/Jul/2026:11:42:37.841296;22/Jul/2026:11:42:52.696016;22/Jul/2026:11:42:52.703193;22/Jul/2026:11:42:36.742777;22/Jul/2026:11:42:52.707021;22/Jul/2026:11:42:50.316428;22/Jul/2026:11:42:51.397975;22/Jul/2026:11:42:52.698614;22/Jul/2026:11:42:52.698852;22/Jul/2026:11:42:52.709641;22/Jul/2026:11:42:52.707954;22/Jul/2026:11:42:47.771137;22/Jul/2026:11:42:50.309402;22/Jul/2026:11:42:50.315195;22/Jul/2026:11:42:52.711415;22/Jul/2026:11:42:39.281299;22/Jul/2026:11:42:42.828863;22/Jul/2026:11:42:47.776654;22/Jul/2026:11:42:51.329817;22/Jul/2026:11:42:45.253378;22/Jul/2026:11:42:50.296828;22/Jul/2026:11:42:34.358153;22/Jul/2026:11:42:42.827895;22/Jul/2026:11:42:52.700044;22/Jul/2026:11:42:50.315854;22/Jul/2026:11:42:50.300943;22/Jul/2026:11:42:19.187282;22/Jul/2026:11:42:52.702502;22/Jul/2026:11:42:27.890653;22/Jul/2026:11:42:50.316034;22/Jul/2026:11:42:52.708473;22/Jul/2026:11:42:42.831672;22/Jul/2026:11:42:45.252694;22/Jul/2026:11:42:50.300792;22/Jul/2026:11:42:52.707699;22/Jul/2026:11:42:50.305388;22/Jul/2026:11:42:50.315397;22/Jul/2026:11:42:52.698792;22/Jul/2026:11:42:50.300647;22/Jul/2026:11:42:51.398245;22/Jul/2026:11:42:47.768083;22/Jul/2026:11:42:46.374095;22/Jul/2026:11:42:50.305416,1.3754;20.4499;7.4650;2.4058;7.4775;2.4168;7.4840;2.4299;0.0684;8.5771;0.0809;0.0881;0.1015;2.4846;0.0987;0.1372;2.5401;1.4557;5.1053;2.5550;2.5686;11.3821;2.6140;2.6194;1.5270;15.7431;5.1893;2.6798;2.7478;2.7499;0.4451;0.4479;21.5997;0.5542;10.4819;3.0192;3.1247;3.1303;0.7527;3.1447;16.4549;5.7556;5.7615;8.2767;0.8407;0.8646;0.8629;13.2341;15.7328;0.8815;5.8694;24.1803;16.4658;5.9232;2.3113;3.4043;3.4119;3.4176;15.8976;1.0722;1.0816;17.0557;1.1068;3.5066;2.4497;1.1541;1.1567;1.1610;1.1654;6.1090;3.5711;3.5854;1.2134;14.6566;11.1658;6.2245;2.7130;8.8044;3.8160;19.7620;11.2944;1.4258;3.8448;3.8706;34.9983;1.4998;26.3360;3.9193;1.5284;11.4358;9.0173;3.9816;1.5918;3.9945;4.0455;1.6798;4.0971;3.0665;6.7015;8.1062;4.1773
14,5,203,success,None,22/Jul/2026:11:42:52.693950,22/Jul/2026:11:42:54.563270,1.8693,101,22/Jul/2026:11:42:51.329383;22/Jul/2026:11:42:32.263858;22/Jul/2026:11:42:45.249339;22/Jul/2026:11:42:50.314496;22/Jul/2026:11:42:45.248465;22/Jul/2026:11:42:50.310379;22/Jul/2026:11:42:45.248337;22/Jul/2026:11:42:50.310483;22/Jul/2026:11:42:52.696397;22/Jul/2026:11:42:44.188073;22/Jul/2026:11:42:52.697552;22/Jul/2026:11:42:52.701118;22/Jul/2026:11:42:52.696080;22/Jul/2026:11:42:50.313904;22/Jul/2026:11:42:52.700898;22/Jul/2026:11:42:52.699034;22/Jul/2026:11:42:50.299163;22/Jul/2026:11:42:51.397277;22/Jul/2026:11:42:47.765748;22/Jul/2026:11:42:50.316269;22/Jul/2026:11:42:50.310431;22/Jul/2026:11:42:41.503937;22/Jul/2026:11:42:50.300058;22/Jul/2026:11:42:50.302389;22/Jul/2026:11:42:51.397791;22/Jul/2026:11:42:37.211016;22/Jul/2026:11:42:47.777294;22/Jul/2026:11:42:50.298016;22/Jul/2026:11:42:50.308432;22/Jul/2026:11:42:50.309933;22/Jul/2026:11:42:52.702296;22/Jul/2026:11:42:52.701963;22/Jul/2026:11:42:31.564711;22/Jul/2026:11:42:52.699668;22/Jul/2026:11:42:42.832400;22/Jul/2026:11:42:50.299912;22/Jul/2026:11:42:50.300992;22/Jul/2026:11:42:50.302302;22/Jul/2026:11:42:52.698976;22/Jul/2026:11:42:50.309457;22/Jul/2026:11:42:37.009073;22/Jul/2026:11:42:47.769254;22/Jul/2026:11:42:47.765452;22/Jul/2026:11:42:45.253589;22/Jul/2026:11:42:52.699917;22/Jul/2026:11:42:52.698911;22/Jul/2026:11:42:52.703075;22/Jul/2026:11:42:40.342800;22/Jul/2026:11:42:37.846640;22/Jul/2026:11:42:52.702214;22/Jul/2026:11:42:47.767425;22/Jul/2026:11:42:29.493437;22/Jul/2026:11:42:37.210269;22/Jul/2026:11:42:47.765849;22/Jul/2026:11:42:51.398215;22/Jul/2026:11:42:50.309992;22/Jul/2026:11:42:50.315960;22/Jul/2026:11:42:50.316189;22/Jul/2026:11:42:37.841296;22/Jul/2026:11:42:52.696016;22/Jul/2026:11:42:52.703193;22/Jul/2026:11:42:36.742777;22/Jul/2026:11:42:52.707021;22/Jul/2026:11:42:50.316428;22/Jul/2026:11:42:51.397975;22/Jul/2026:11:42:52.698614;22/Jul/2026:11:42:52.698852;22/Jul/2026:11:42:52.709641;22/Jul/2026:11:42:52.707954;22/Jul/2026:11:42:47.771137;22/Jul/2026:11:42:50.309402;22/Jul/2026:11:42:50.315195;22/Jul/2026:11:42:52.711415;22/Jul/2026:11:42:39.281299;22/Jul/2026:11:42:42.828863;22/Jul/2026:11:42:47.776654;22/Jul/2026:11:42:51.329817;22/Jul/2026:11:42:45.253378;22/Jul/2026:11:42:50.296828;22/Jul/2026:11:42:34.358153;22/Jul/2026:11:42:42.827895;22/Jul/2026:11:42:52.700044;22/Jul/2026:11:42:50.315854;22/Jul/2026:11:42:50.300943;22/Jul/2026:11:42:19.187282;22/Jul/2026:11:42:52.702502;22/Jul/2026:11:42:27.890653;22/Jul/2026:11:42:50.316034;22/Jul/2026:11:42:52.708473;22/Jul/2026:11:42:42.831672;22/Jul/2026:11:42:45.252694;22/Jul/2026:11:42:50.300792;22/Jul/2026:11:42:52.707699;22/Jul/2026:11:42:50.305388;22/Jul/2026:11:42:50.315397;22/Jul/2026:11:42:52.698792;22/Jul/2026:11:42:50.300647;22/Jul/2026:11:42:51.398245;22/Jul/2026:11:42:47.768083;22/Jul/2026:11:42:46.374095;22/Jul/2026:11:42:50.305416,1.3754;20.4499;7.4650;2.4058;7.4775;2.4168;7.4840;2.4299;0.0684;8.5771;0.0809;0.0881;0.1015;2.4846;0.0987;0.1372;2.5401;1.4557;5.1053;2.5550;2.5686;11.3821;2.6140;2.6194;1.5270;15.7431;5.1893;2.6798;2.7478;2.7499;0.4451;0.4479;21.5997;0.5542;10.4819;3.0192;3.1247;3.1303;0.7527;3.1447;16.4549;5.7556;5.7615;8.2767;0.8407;0.8646;0.8629;13.2341;15.7328;0.8815;5.8694;24.1803;16.4658;5.9232;2.3113;3.4043;3.4119;3.4176;15.8976;1.0722;1.0816;17.0557;1.1068;3.5066;2.4497;1.1541;1.1567;1.1610;1.1654;6.1090;3.5711;3.5854;1.2134;14.6566;11.1658;6.2245;2.7130;8.8044;3.8160;19.7620;11.2944;1.4258;3.8448;3.8706;34.9983;1.4998;26.3360;3.9193;1.5284;11.4358;9.0173;3.9816;1.5918;3.9945;4.0455;1.6798;4.0971;3.0665;6.7015;8.1062;4.1773
14,5,212,success,None,22/Jul/2026:11:42:52.694128,22/Jul/2026:11:42:54.660533,1.9664,101,22/Jul/2026:11:42:51.329383;22/Jul/2026:11:42:32.263858;22/Jul/2026:11:42:45.249339;22/Jul/2026:11:42:50.314496;22/Jul/2026:11:42:45.248465;22/Jul/2026:11:42:50.310379;22/Jul/2026:11:42:45.248337;22/Jul/2026:11:42:50.310483;22/Jul/2026:11:42:52.696397;22/Jul/2026:11:42:44.188073;22/Jul/2026:11:42:52.697552;22/Jul/2026:11:42:52.701118;22/Jul/2026:11:42:52.696080;22/Jul/2026:11:42:50.313904;22/Jul/2026:11:42:52.700898;22/Jul/2026:11:42:52.699034;22/Jul/2026:11:42:50.299163;22/Jul/2026:11:42:51.397277;22/Jul/2026:11:42:47.765748;22/Jul/2026:11:42:50.316269;22/Jul/2026:11:42:50.310431;22/Jul/2026:11:42:41.503937;22/Jul/2026:11:42:50.300058;22/Jul/2026:11:42:50.302389;22/Jul/2026:11:42:51.397791;22/Jul/2026:11:42:37.211016;22/Jul/2026:11:42:47.777294;22/Jul/2026:11:42:50.298016;22/Jul/2026:11:42:50.308432;22/Jul/2026:11:42:50.309933;22/Jul/2026:11:42:52.702296;22/Jul/2026:11:42:52.701963;22/Jul/2026:11:42:31.564711;22/Jul/2026:11:42:52.699668;22/Jul/2026:11:42:42.832400;22/Jul/2026:11:42:50.299912;22/Jul/2026:11:42:50.300992;22/Jul/2026:11:42:50.302302;22/Jul/2026:11:42:52.698976;22/Jul/2026:11:42:50.309457;22/Jul/2026:11:42:37.009073;22/Jul/2026:11:42:47.769254;22/Jul/2026:11:42:47.765452;22/Jul/2026:11:42:45.253589;22/Jul/2026:11:42:52.699917;22/Jul/2026:11:42:52.698911;22/Jul/2026:11:42:52.703075;22/Jul/2026:11:42:40.342800;22/Jul/2026:11:42:37.846640;22/Jul/2026:11:42:52.702214;22/Jul/2026:11:42:47.767425;22/Jul/2026:11:42:29.493437;22/Jul/2026:11:42:37.210269;22/Jul/2026:11:42:47.765849;22/Jul/2026:11:42:51.398215;22/Jul/2026:11:42:50.309992;22/Jul/2026:11:42:50.315960;22/Jul/2026:11:42:50.316189;22/Jul/2026:11:42:37.841296;22/Jul/2026:11:42:52.696016;22/Jul/2026:11:42:52.703193;22/Jul/2026:11:42:36.742777;22/Jul/2026:11:42:52.707021;22/Jul/2026:11:42:50.316428;22/Jul/2026:11:42:51.397975;22/Jul/2026:11:42:52.698614;22/Jul/2026:11:42:52.698852;22/Jul/2026:11:42:52.709641;22/Jul/2026:11:42:52.707954;22/Jul/2026:11:42:47.771137;22/Jul/2026:11:42:50.309402;22/Jul/2026:11:42:50.315195;22/Jul/2026:11:42:52.711415;22/Jul/2026:11:42:39.281299;22/Jul/2026:11:42:42.828863;22/Jul/2026:11:42:47.776654;22/Jul/2026:11:42:51.329817;22/Jul/2026:11:42:45.253378;22/Jul/2026:11:42:50.296828;22/Jul/2026:11:42:34.358153;22/Jul/2026:11:42:42.827895;22/Jul/2026:11:42:52.700044;22/Jul/2026:11:42:50.315854;22/Jul/2026:11:42:50.300943;22/Jul/2026:11:42:19.187282;22/Jul/2026:11:42:52.702502;22/Jul/2026:11:42:27.890653;22/Jul/2026:11:42:50.316034;22/Jul/2026:11:42:52.708473;22/Jul/2026:11:42:42.831672;22/Jul/2026:11:42:45.252694;22/Jul/2026:11:42:50.300792;22/Jul/2026:11:42:52.707699;22/Jul/2026:11:42:50.305388;22/Jul/2026:11:42:50.315397;22/Jul/2026:11:42:52.698792;22/Jul/2026:11:42:50.300647;22/Jul/2026:11:42:51.398245;22/Jul/2026:11:42:47.768083;22/Jul/2026:11:42:46.374095;22/Jul/2026:11:42:50.305416,1.3754;20.4499;7.4650;2.4058;7.4775;2.4168;7.4840;2.4299;0.0684;8.5771;0.0809;0.0881;0.1015;2.4846;0.0987;0.1372;2.5401;1.4557;5.1053;2.5550;2.5686;11.3821;2.6140;2.6194;1.5270;15.7431;5.1893;2.6798;2.7478;2.7499;0.4451;0.4479;21.5997;0.5542;10.4819;3.0192;3.1247;3.1303;0.7527;3.1447;16.4549;5.7556;5.7615;8.2767;0.8407;0.8646;0.8629;13.2341;15.7328;0.8815;5.8694;24.1803;16.4658;5.9232;2.3113;3.4043;3.4119;3.4176;15.8976;1.0722;1.0816;17.0557;1.1068;3.5066;2.4497;1.1541;1.1567;1.1610;1.1654;6.1090;3.5711;3.5854;1.2134;14.6566;11.1658;6.2245;2.7130;8.8044;3.8160;19.7620;11.2944;1.4258;3.8448;3.8706;34.9983;1.4998;26.3360;3.9193;1.5284;11.4358;9.0173;3.9816;1.5918;3.9945;4.0455;1.6798;4.0971;3.0665;6.7015;8.1062;4.1773
14,5,324,success,None,22/Jul/2026:11:42:52.694607,22/Jul/2026:11:42:54.852398,2.1578,101,22/Jul/2026:11:42:51.329383;22/Jul/2026:11:42:32.263858;22/Jul/2026:11:42:45.249339;22/Jul/2026:11:42:50.314496;22/Jul/2026:11:42:45.248465;22/Jul/2026:11:42:50.310379;22/Jul/2026:11:42:45.248337;22/Jul/2026:11:42:50.310483;22/Jul/2026:11:42:52.696397;22/Jul/2026:11:42:44.188073;22/Jul/2026:11:42:52.697552;22/Jul/2026:11:42:52.701118;22/Jul/2026:11:42:52.696080;22/Jul/2026:11:42:50.313904;22/Jul/2026:11:42:52.700898;22/Jul/2026:11:42:52.699034;22/Jul/2026:11:42:50.299163;22/Jul/2026:11:42:51.397277;22/Jul/2026:11:42:47.765748;22/Jul/2026:11:42:50.316269;22/Jul/2026:11:42:50.310431;22/Jul/2026:11:42:41.503937;22/Jul/2026:11:42:50.300058;22/Jul/2026:11:42:50.302389;22/Jul/2026:11:42:51.397791;22/Jul/2026:11:42:37.211016;22/Jul/2026:11:42:47.777294;22/Jul/2026:11:42:50.298016;22/Jul/2026:11:42:50.308432;22/Jul/2026:11:42:50.309933;22/Jul/2026:11:42:52.702296;22/Jul/2026:11:42:52.701963;22/Jul/2026:11:42:31.564711;22/Jul/2026:11:42:52.699668;22/Jul/2026:11:42:42.832400;22/Jul/2026:11:42:50.299912;22/Jul/2026:11:42:50.300992;22/Jul/2026:11:42:50.302302;22/Jul/2026:11:42:52.698976;22/Jul/2026:11:42:50.309457;22/Jul/2026:11:42:37.009073;22/Jul/2026:11:42:47.769254;22/Jul/2026:11:42:47.765452;22/Jul/2026:11:42:45.253589;22/Jul/2026:11:42:52.699917;22/Jul/2026:11:42:52.698911;22/Jul/2026:11:42:52.703075;22/Jul/2026:11:42:40.342800;22/Jul/2026:11:42:37.846640;22/Jul/2026:11:42:52.702214;22/Jul/2026:11:42:47.767425;22/Jul/2026:11:42:29.493437;22/Jul/2026:11:42:37.210269;22/Jul/2026:11:42:47.765849;22/Jul/2026:11:42:51.398215;22/Jul/2026:11:42:50.309992;22/Jul/2026:11:42:50.315960;22/Jul/2026:11:42:50.316189;22/Jul/2026:11:42:37.841296;22/Jul/2026:11:42:52.696016;22/Jul/2026:11:42:52.703193;22/Jul/2026:11:42:36.742777;22/Jul/2026:11:42:52.707021;22/Jul/2026:11:42:50.316428;22/Jul/2026:11:42:51.397975;22/Jul/2026:11:42:52.698614;22/Jul/2026:11:42:52.698852;22/Jul/2026:11:42:52.709641;22/Jul/2026:11:42:52.707954;22/Jul/2026:11:42:47.771137;22/Jul/2026:11:42:50.309402;22/Jul/2026:11:42:50.315195;22/Jul/2026:11:42:52.711415;22/Jul/2026:11:42:39.281299;22/Jul/2026:11:42:42.828863;22/Jul/2026:11:42:47.776654;22/Jul/2026:11:42:51.329817;22/Jul/2026:11:42:45.253378;22/Jul/2026:11:42:50.296828;22/Jul/2026:11:42:34.358153;22/Jul/2026:11:42:42.827895;22/Jul/2026:11:42:52.700044;22/Jul/2026:11:42:50.315854;22/Jul/2026:11:42:50.300943;22/Jul/2026:11:42:19.187282;22/Jul/2026:11:42:52.702502;22/Jul/2026:11:42:27.890653;22/Jul/2026:11:42:50.316034;22/Jul/2026:11:42:52.708473;22/Jul/2026:11:42:42.831672;22/Jul/2026:11:42:45.252694;22/Jul/2026:11:42:50.300792;22/Jul/2026:11:42:52.707699;22/Jul/2026:11:42:50.305388;22/Jul/2026:11:42:50.315397;22/Jul/2026:11:42:52.698792;22/Jul/2026:11:42:50.300647;22/Jul/2026:11:42:51.398245;22/Jul/2026:11:42:47.768083;22/Jul/2026:11:42:46.374095;22/Jul/2026:11:42:50.305416,1.3754;20.4499;7.4650;2.4058;7.4775;2.4168;7.4840;2.4299;0.0684;8.5771;0.0809;0.0881;0.1015;2.4846;0.0987;0.1372;2.5401;1.4557;5.1053;2.5550;2.5686;11.3821;2.6140;2.6194;1.5270;15.7431;5.1893;2.6798;2.7478;2.7499;0.4451;0.4479;21.5997;0.5542;10.4819;3.0192;3.1247;3.1303;0.7527;3.1447;16.4549;5.7556;5.7615;8.2767;0.8407;0.8646;0.8629;13.2341;15.7328;0.8815;5.8694;24.1803;16.4658;5.9232;2.3113;3.4043;3.4119;3.4176;15.8976;1.0722;1.0816;17.0557;1.1068;3.5066;2.4497;1.1541;1.1567;1.1610;1.1654;6.1090;3.5711;3.5854;1.2134;14.6566;11.1658;6.2245;2.7130;8.8044;3.8160;19.7620;11.2944;1.4258;3.8448;3.8706;34.9983;1.4998;26.3360;3.9193;1.5284;11.4358;9.0173;3.9816;1.5918;3.9945;4.0455;1.6798;4.0971;3.0665;6.7015;8.1062;4.1773
14,5,343,success,None,22/Jul/2026:11:42:52.694894,22/Jul/2026:11:42:54.858597,2.1637,101,22/Jul/2026:11:42:51.329383;22/Jul/2026:11:42:32.263858;22/Jul/2026:11:42:45.249339;22/Jul/2026:11:42:50.314496;22/Jul/2026:11:42:45.248465;22/Jul/2026:11:42:50.310379;22/Jul/2026:11:42:45.248337;22/Jul/2026:11:42:50.310483;22/Jul/2026:11:42:52.696397;22/Jul/2026:11:42:44.188073;22/Jul/2026:11:42:52.697552;22/Jul/2026:11:42:52.701118;22/Jul/2026:11:42:52.696080;22/Jul/2026:11:42:50.313904;22/Jul/2026:11:42:52.700898;22/Jul/2026:11:42:52.699034;22/Jul/2026:11:42:50.299163;22/Jul/2026:11:42:51.397277;22/Jul/2026:11:42:47.765748;22/Jul/2026:11:42:50.316269;22/Jul/2026:11:42:50.310431;22/Jul/2026:11:42:41.503937;22/Jul/2026:11:42:50.300058;22/Jul/2026:11:42:50.302389;22/Jul/2026:11:42:51.397791;22/Jul/2026:11:42:37.211016;22/Jul/2026:11:42:47.777294;22/Jul/2026:11:42:50.298016;22/Jul/2026:11:42:50.308432;22/Jul/2026:11:42:50.309933;22/Jul/2026:11:42:52.702296;22/Jul/2026:11:42:52.701963;22/Jul/2026:11:42:31.564711;22/Jul/2026:11:42:52.699668;22/Jul/2026:11:42:42.832400;22/Jul/2026:11:42:50.299912;22/Jul/2026:11:42:50.300992;22/Jul/2026:11:42:50.302302;22/Jul/2026:11:42:52.698976;22/Jul/2026:11:42:50.309457;22/Jul/2026:11:42:37.009073;22/Jul/2026:11:42:47.769254;22/Jul/2026:11:42:47.765452;22/Jul/2026:11:42:45.253589;22/Jul/2026:11:42:52.699917;22/Jul/2026:11:42:52.698911;22/Jul/2026:11:42:52.703075;22/Jul/2026:11:42:40.342800;22/Jul/2026:11:42:37.846640;22/Jul/2026:11:42:52.702214;22/Jul/2026:11:42:47.767425;22/Jul/2026:11:42:29.493437;22/Jul/2026:11:42:37.210269;22/Jul/2026:11:42:47.765849;22/Jul/2026:11:42:51.398215;22/Jul/2026:11:42:50.309992;22/Jul/2026:11:42:50.315960;22/Jul/2026:11:42:50.316189;22/Jul/2026:11:42:37.841296;22/Jul/2026:11:42:52.696016;22/Jul/2026:11:42:52.703193;22/Jul/2026:11:42:36.742777;22/Jul/2026:11:42:52.707021;22/Jul/2026:11:42:50.316428;22/Jul/2026:11:42:51.397975;22/Jul/2026:11:42:52.698614;22/Jul/2026:11:42:52.698852;22/Jul/2026:11:42:52.709641;22/Jul/2026:11:42:52.707954;22/Jul/2026:11:42:47.771137;22/Jul/2026:11:42:50.309402;22/Jul/2026:11:42:50.315195;22/Jul/2026:11:42:52.711415;22/Jul/2026:11:42:39.281299;22/Jul/2026:11:42:42.828863;22/Jul/2026:11:42:47.776654;22/Jul/2026:11:42:51.329817;22/Jul/2026:11:42:45.253378;22/Jul/2026:11:42:50.296828;22/Jul/2026:11:42:34.358153;22/Jul/2026:11:42:42.827895;22/Jul/2026:11:42:52.700044;22/Jul/2026:11:42:50.315854;22/Jul/2026:11:42:50.300943;22/Jul/2026:11:42:19.187282;22/Jul/2026:11:42:52.702502;22/Jul/2026:11:42:27.890653;22/Jul/2026:11:42:50.316034;22/Jul/2026:11:42:52.708473;22/Jul/2026:11:42:42.831672;22/Jul/2026:11:42:45.252694;22/Jul/2026:11:42:50.300792;22/Jul/2026:11:42:52.707699;22/Jul/2026:11:42:50.305388;22/Jul/2026:11:42:50.315397;22/Jul/2026:11:42:52.698792;22/Jul/2026:11:42:50.300647;22/Jul/2026:11:42:51.398245;22/Jul/2026:11:42:47.768083;22/Jul/2026:11:42:46.374095;22/Jul/2026:11:42:50.305416,1.3754;20.4499;7.4650;2.4058;7.4775;2.4168;7.4840;2.4299;0.0684;8.5771;0.0809;0.0881;0.1015;2.4846;0.0987;0.1372;2.5401;1.4557;5.1053;2.5550;2.5686;11.3821;2.6140;2.6194;1.5270;15.7431;5.1893;2.6798;2.7478;2.7499;0.4451;0.4479;21.5997;0.5542;10.4819;3.0192;3.1247;3.1303;0.7527;3.1447;16.4549;5.7556;5.7615;8.2767;0.8407;0.8646;0.8629;13.2341;15.7328;0.8815;5.8694;24.1803;16.4658;5.9232;2.3113;3.4043;3.4119;3.4176;15.8976;1.0722;1.0816;17.0557;1.1068;3.5066;2.4497;1.1541;1.1567;1.1610;1.1654;6.1090;3.5711;3.5854;1.2134;14.6566;11.1658;6.2245;2.7130;8.8044;3.8160;19.7620;11.2944;1.4258;3.8448;3.8706;34.9983;1.4998;26.3360;3.9193;1.5284;11.4358;9.0173;3.9816;1.5918;3.9945;4.0455;1.6798;4.0971;3.0665;6.7015;8.1062;4.1773
14,5,315,success,None,22/Jul/2026:11:42:52.694342,22/Jul/2026:11:42:54.861205,2.1669,101,22/Jul/2026:11:42:51.329383;22/Jul/2026:11:42:32.263858;22/Jul/2026:11:42:45.249339;22/Jul/2026:11:42:50.314496;22/Jul/2026:11:42:45.248465;22/Jul/2026:11:42:50.310379;22/Jul/2026:11:42:45.248337;22/Jul/2026:11:42:50.310483;22/Jul/2026:11:42:52.696397;22/Jul/2026:11:42:44.188073;22/Jul/2026:11:42:52.697552;22/Jul/2026:11:42:52.701118;22/Jul/2026:11:42:52.696080;22/Jul/2026:11:42:50.313904;22/Jul/2026:11:42:52.700898;22/Jul/2026:11:42:52.699034;22/Jul/2026:11:42:50.299163;22/Jul/2026:11:42:51.397277;22/Jul/2026:11:42:47.765748;22/Jul/2026:11:42:50.316269;22/Jul/2026:11:42:50.310431;22/Jul/2026:11:42:41.503937;22/Jul/2026:11:42:50.300058;22/Jul/2026:11:42:50.302389;22/Jul/2026:11:42:51.397791;22/Jul/2026:11:42:37.211016;22/Jul/2026:11:42:47.777294;22/Jul/2026:11:42:50.298016;22/Jul/2026:11:42:50.308432;22/Jul/2026:11:42:50.309933;22/Jul/2026:11:42:52.702296;22/Jul/2026:11:42:52.701963;22/Jul/2026:11:42:31.564711;22/Jul/2026:11:42:52.699668;22/Jul/2026:11:42:42.832400;22/Jul/2026:11:42:50.299912;22/Jul/2026:11:42:50.300992;22/Jul/2026:11:42:50.302302;22/Jul/2026:11:42:52.698976;22/Jul/2026:11:42:50.309457;22/Jul/2026:11:42:37.009073;22/Jul/2026:11:42:47.769254;22/Jul/2026:11:42:47.765452;22/Jul/2026:11:42:45.253589;22/Jul/2026:11:42:52.699917;22/Jul/2026:11:42:52.698911;22/Jul/2026:11:42:52.703075;22/Jul/2026:11:42:40.342800;22/Jul/2026:11:42:37.846640;22/Jul/2026:11:42:52.702214;22/Jul/2026:11:42:47.767425;22/Jul/2026:11:42:29.493437;22/Jul/2026:11:42:37.210269;22/Jul/2026:11:42:47.765849;22/Jul/2026:11:42:51.398215;22/Jul/2026:11:42:50.309992;22/Jul/2026:11:42:50.315960;22/Jul/2026:11:42:50.316189;22/Jul/2026:11:42:37.841296;22/Jul/2026:11:42:52.696016;22/Jul/2026:11:42:52.703193;22/Jul/2026:11:42:36.742777;22/Jul/2026:11:42:52.707021;22/Jul/2026:11:42:50.316428;22/Jul/2026:11:42:51.397975;22/Jul/2026:11:42:52.698614;22/Jul/2026:11:42:52.698852;22/Jul/2026:11:42:52.709641;22/Jul/2026:11:42:52.707954;22/Jul/2026:11:42:47.771137;22/Jul/2026:11:42:50.309402;22/Jul/2026:11:42:50.315195;22/Jul/2026:11:42:52.711415;22/Jul/2026:11:42:39.281299;22/Jul/2026:11:42:42.828863;22/Jul/2026:11:42:47.776654;22/Jul/2026:11:42:51.329817;22/Jul/2026:11:42:45.253378;22/Jul/2026:11:42:50.296828;22/Jul/2026:11:42:34.358153;22/Jul/2026:11:42:42.827895;22/Jul/2026:11:42:52.700044;22/Jul/2026:11:42:50.315854;22/Jul/2026:11:42:50.300943;22/Jul/2026:11:42:19.187282;22/Jul/2026:11:42:52.702502;22/Jul/2026:11:42:27.890653;22/Jul/2026:11:42:50.316034;22/Jul/2026:11:42:52.708473;22/Jul/2026:11:42:42.831672;22/Jul/2026:11:42:45.252694;22/Jul/2026:11:42:50.300792;22/Jul/2026:11:42:52.707699;22/Jul/2026:11:42:50.305388;22/Jul/2026:11:42:50.315397;22/Jul/2026:11:42:52.698792;22/Jul/2026:11:42:50.300647;22/Jul/2026:11:42:51.398245;22/Jul/2026:11:42:47.768083;22/Jul/2026:11:42:46.374095;22/Jul/2026:11:42:50.305416,1.3754;20.4499;7.4650;2.4058;7.4775;2.4168;7.4840;2.4299;0.0684;8.5771;0.0809;0.0881;0.1015;2.4846;0.0987;0.1372;2.5401;1.4557;5.1053;2.5550;2.5686;11.3821;2.6140;2.6194;1.5270;15.7431;5.1893;2.6798;2.7478;2.7499;0.4451;0.4479;21.5997;0.5542;10.4819;3.0192;3.1247;3.1303;0.7527;3.1447;16.4549;5.7556;5.7615;8.2767;0.8407;0.8646;0.8629;13.2341;15.7328;0.8815;5.8694;24.1803;16.4658;5.9232;2.3113;3.4043;3.4119;3.4176;15.8976;1.0722;1.0816;17.0557;1.1068;3.5066;2.4497;1.1541;1.1567;1.1610;1.1654;6.1090;3.5711;3.5854;1.2134;14.6566;11.1658;6.2245;2.7130;8.8044;3.8160;19.7620;11.2944;1.4258;3.8448;3.8706;34.9983;1.4998;26.3360;3.9193;1.5284;11.4358;9.0173;3.9816;1.5918;3.9945;4.0455;1.6798;4.0971;3.0665;6.7015;8.1062;4.1773
14,5,334,success,None,22/Jul/2026:11:42:52.694791,22/Jul/2026:11:42:54.909371,2.2146,101,22/Jul/2026:11:42:51.329383;22/Jul/2026:11:42:32.263858;22/Jul/2026:11:42:45.249339;22/Jul/2026:11:42:50.314496;22/Jul/2026:11:42:45.248465;22/Jul/2026:11:42:50.310379;22/Jul/2026:11:42:45.248337;22/Jul/2026:11:42:50.310483;22/Jul/2026:11:42:52.696397;22/Jul/2026:11:42:44.188073;22/Jul/2026:11:42:52.697552;22/Jul/2026:11:42:52.701118;22/Jul/2026:11:42:52.696080;22/Jul/2026:11:42:50.313904;22/Jul/2026:11:42:52.700898;22/Jul/2026:11:42:52.699034;22/Jul/2026:11:42:50.299163;22/Jul/2026:11:42:51.397277;22/Jul/2026:11:42:47.765748;22/Jul/2026:11:42:50.316269;22/Jul/2026:11:42:50.310431;22/Jul/2026:11:42:41.503937;22/Jul/2026:11:42:50.300058;22/Jul/2026:11:42:50.302389;22/Jul/2026:11:42:51.397791;22/Jul/2026:11:42:37.211016;22/Jul/2026:11:42:47.777294;22/Jul/2026:11:42:50.298016;22/Jul/2026:11:42:50.308432;22/Jul/2026:11:42:50.309933;22/Jul/2026:11:42:52.702296;22/Jul/2026:11:42:52.701963;22/Jul/2026:11:42:31.564711;22/Jul/2026:11:42:52.699668;22/Jul/2026:11:42:42.832400;22/Jul/2026:11:42:50.299912;22/Jul/2026:11:42:50.300992;22/Jul/2026:11:42:50.302302;22/Jul/2026:11:42:52.698976;22/Jul/2026:11:42:50.309457;22/Jul/2026:11:42:37.009073;22/Jul/2026:11:42:47.769254;22/Jul/2026:11:42:47.765452;22/Jul/2026:11:42:45.253589;22/Jul/2026:11:42:52.699917;22/Jul/2026:11:42:52.698911;22/Jul/2026:11:42:52.703075;22/Jul/2026:11:42:40.342800;22/Jul/2026:11:42:37.846640;22/Jul/2026:11:42:52.702214;22/Jul/2026:11:42:47.767425;22/Jul/2026:11:42:29.493437;22/Jul/2026:11:42:37.210269;22/Jul/2026:11:42:47.765849;22/Jul/2026:11:42:51.398215;22/Jul/2026:11:42:50.309992;22/Jul/2026:11:42:50.315960;22/Jul/2026:11:42:50.316189;22/Jul/2026:11:42:37.841296;22/Jul/2026:11:42:52.696016;22/Jul/2026:11:42:52.703193;22/Jul/2026:11:42:36.742777;22/Jul/2026:11:42:52.707021;22/Jul/2026:11:42:50.316428;22/Jul/2026:11:42:51.397975;22/Jul/2026:11:42:52.698614;22/Jul/2026:11:42:52.698852;22/Jul/2026:11:42:52.709641;22/Jul/2026:11:42:52.707954;22/Jul/2026:11:42:47.771137;22/Jul/2026:11:42:50.309402;22/Jul/2026:11:42:50.315195;22/Jul/2026:11:42:52.711415;22/Jul/2026:11:42:39.281299;22/Jul/2026:11:42:42.828863;22/Jul/2026:11:42:47.776654;22/Jul/2026:11:42:51.329817;22/Jul/2026:11:42:45.253378;22/Jul/2026:11:42:50.296828;22/Jul/2026:11:42:34.358153;22/Jul/2026:11:42:42.827895;22/Jul/2026:11:42:52.700044;22/Jul/2026:11:42:50.315854;22/Jul/2026:11:42:50.300943;22/Jul/2026:11:42:19.187282;22/Jul/2026:11:42:52.702502;22/Jul/2026:11:42:27.890653;22/Jul/2026:11:42:50.316034;22/Jul/2026:11:42:52.708473;22/Jul/2026:11:42:42.831672;22/Jul/2026:11:42:45.252694;22/Jul/2026:11:42:50.300792;22/Jul/2026:11:42:52.707699;22/Jul/2026:11:42:50.305388;22/Jul/2026:11:42:50.315397;22/Jul/2026:11:42:52.698792;22/Jul/2026:11:42:50.300647;22/Jul/2026:11:42:51.398245;22/Jul/2026:11:42:47.768083;22/Jul/2026:11:42:46.374095;22/Jul/2026:11:42:50.305416,1.3754;20.4499;7.4650;2.4058;7.4775;2.4168;7.4840;2.4299;0.0684;8.5771;0.0809;0.0881;0.1015;2.4846;0.0987;0.1372;2.5401;1.4557;5.1053;2.5550;2.5686;11.3821;2.6140;2.6194;1.5270;15.7431;5.1893;2.6798;2.7478;2.7499;0.4451;0.4479;21.5997;0.5542;10.4819;3.0192;3.1247;3.1303;0.7527;3.1447;16.4549;5.7556;5.7615;8.2767;0.8407;0.8646;0.8629;13.2341;15.7328;0.8815;5.8694;24.1803;16.4658;5.9232;2.3113;3.4043;3.4119;3.4176;15.8976;1.0722;1.0816;17.0557;1.1068;3.5066;2.4497;1.1541;1.1567;1.1610;1.1654;6.1090;3.5711;3.5854;1.2134;14.6566;11.1658;6.2245;2.7130;8.8044;3.8160;19.7620;11.2944;1.4258;3.8448;3.8706;34.9983;1.4998;26.3360;3.9193;1.5284;11.4358;9.0173;3.9816;1.5918;3.9945;4.0455;1.6798;4.0971;3.0665;6.7015;8.1062;4.1773
14,5,415,success,None,22/Jul/2026:11:42:53.810529,22/Jul/2026:11:42:55.025750,1.2152,39,22/Jul/2026:11:42:52.707021;22/Jul/2026:11:42:50.316428;22/Jul/2026:11:42:51.397975;22/Jul/2026:11:42:52.698614;22/Jul/2026:11:42:52.698852;22/Jul/2026:11:42:52.709641;22/Jul/2026:11:42:52.707954;22/Jul/2026:11:42:47.771137;22/Jul/2026:11:42:50.309402;22/Jul/2026:11:42:50.315195;22/Jul/2026:11:42:52.711415;22/Jul/2026:11:42:39.281299;22/Jul/2026:11:42:42.828863;22/Jul/2026:11:42:47.776654;22/Jul/2026:11:42:51.329817;22/Jul/2026:11:42:45.253378;22/Jul/2026:11:42:50.296828;22/Jul/2026:11:42:34.358153;22/Jul/2026:11:42:42.827895;22/Jul/2026:11:42:52.700044;22/Jul/2026:11:42:50.315854;22/Jul/2026:11:42:50.300943;22/Jul/2026:11:42:19.187282;22/Jul/2026:11:42:52.702502;22/Jul/2026:11:42:27.890653;22/Jul/2026:11:42:50.316034;22/Jul/2026:11:42:52.708473;22/Jul/2026:11:42:42.831672;22/Jul/2026:11:42:45.252694;22/Jul/2026:11:42:50.300792;22/Jul/2026:11:42:52.707699;22/Jul/2026:11:42:50.305388;22/Jul/2026:11:42:50.315397;22/Jul/2026:11:42:52.698792;22/Jul/2026:11:42:50.300647;22/Jul/2026:11:42:51.398245;22/Jul/2026:11:42:47.768083;22/Jul/2026:11:42:46.374095;22/Jul/2026:11:42:50.305416,1.1068;3.5066;2.4497;1.1541;1.1567;1.1610;1.1654;6.1090;3.5711;3.5854;1.2134;14.6566;11.1658;6.2245;2.7130;8.8044;3.8160;19.7620;11.2944;1.4258;3.8448;3.8706;34.9983;1.4998;26.3360;3.9193;1.5284;11.4358;9.0173;3.9816;1.5918;3.9945;4.0455;1.6798;4.0971;3.0665;6.7015;8.1062;4.1773
14,5,366,success,None,22/Jul/2026:11:42:52.695062,22/Jul/2026:11:42:55.394306,2.6992,101,22/Jul/2026:11:42:51.329383;22/Jul/2026:11:42:32.263858;22/Jul/2026:11:42:45.249339;22/Jul/2026:11:42:50.314496;22/Jul/2026:11:42:45.248465;22/Jul/2026:11:42:50.310379;22/Jul/2026:11:42:45.248337;22/Jul/2026:11:42:50.310483;22/Jul/2026:11:42:52.696397;22/Jul/2026:11:42:44.188073;22/Jul/2026:11:42:52.697552;22/Jul/2026:11:42:52.701118;22/Jul/2026:11:42:52.696080;22/Jul/2026:11:42:50.313904;22/Jul/2026:11:42:52.700898;22/Jul/2026:11:42:52.699034;22/Jul/2026:11:42:50.299163;22/Jul/2026:11:42:51.397277;22/Jul/2026:11:42:47.765748;22/Jul/2026:11:42:50.316269;22/Jul/2026:11:42:50.310431;22/Jul/2026:11:42:41.503937;22/Jul/2026:11:42:50.300058;22/Jul/2026:11:42:50.302389;22/Jul/2026:11:42:51.397791;22/Jul/2026:11:42:37.211016;22/Jul/2026:11:42:47.777294;22/Jul/2026:11:42:50.298016;22/Jul/2026:11:42:50.308432;22/Jul/2026:11:42:50.309933;22/Jul/2026:11:42:52.702296;22/Jul/2026:11:42:52.701963;22/Jul/2026:11:42:31.564711;22/Jul/2026:11:42:52.699668;22/Jul/2026:11:42:42.832400;22/Jul/2026:11:42:50.299912;22/Jul/2026:11:42:50.300992;22/Jul/2026:11:42:50.302302;22/Jul/2026:11:42:52.698976;22/Jul/2026:11:42:50.309457;22/Jul/2026:11:42:37.009073;22/Jul/2026:11:42:47.769254;22/Jul/2026:11:42:47.765452;22/Jul/2026:11:42:45.253589;22/Jul/2026:11:42:52.699917;22/Jul/2026:11:42:52.698911;22/Jul/2026:11:42:52.703075;22/Jul/2026:11:42:40.342800;22/Jul/2026:11:42:37.846640;22/Jul/2026:11:42:52.702214;22/Jul/2026:11:42:47.767425;22/Jul/2026:11:42:29.493437;22/Jul/2026:11:42:37.210269;22/Jul/2026:11:42:47.765849;22/Jul/2026:11:42:51.398215;22/Jul/2026:11:42:50.309992;22/Jul/2026:11:42:50.315960;22/Jul/2026:11:42:50.316189;22/Jul/2026:11:42:37.841296;22/Jul/2026:11:42:52.696016;22/Jul/2026:11:42:52.703193;22/Jul/2026:11:42:36.742777;22/Jul/2026:11:42:52.707021;22/Jul/2026:11:42:50.316428;22/Jul/2026:11:42:51.397975;22/Jul/2026:11:42:52.698614;22/Jul/2026:11:42:52.698852;22/Jul/2026:11:42:52.709641;22/Jul/2026:11:42:52.707954;22/Jul/2026:11:42:47.771137;22/Jul/2026:11:42:50.309402;22/Jul/2026:11:42:50.315195;22/Jul/2026:11:42:52.711415;22/Jul/2026:11:42:39.281299;22/Jul/2026:11:42:42.828863;22/Jul/2026:11:42:47.776654;22/Jul/2026:11:42:51.329817;22/Jul/2026:11:42:45.253378;22/Jul/2026:11:42:50.296828;22/Jul/2026:11:42:34.358153;22/Jul/2026:11:42:42.827895;22/Jul/2026:11:42:52.700044;22/Jul/2026:11:42:50.315854;22/Jul/2026:11:42:50.300943;22/Jul/2026:11:42:19.187282;22/Jul/2026:11:42:52.702502;22/Jul/2026:11:42:27.890653;22/Jul/2026:11:42:50.316034;22/Jul/2026:11:42:52.708473;22/Jul/2026:11:42:42.831672;22/Jul/2026:11:42:45.252694;22/Jul/2026:11:42:50.300792;22/Jul/2026:11:42:52.707699;22/Jul/2026:11:42:50.305388;22/Jul/2026:11:42:50.315397;22/Jul/2026:11:42:52.698792;22/Jul/2026:11:42:50.300647;22/Jul/2026:11:42:51.398245;22/Jul/2026:11:42:47.768083;22/Jul/2026:11:42:46.374095;22/Jul/2026:11:42:50.305416,1.3754;20.4499;7.4650;2.4058;7.4775;2.4168;7.4840;2.4299;0.0684;8.5771;0.0809;0.0881;0.1015;2.4846;0.0987;0.1372;2.5401;1.4557;5.1053;2.5550;2.5686;11.3821;2.6140;2.6194;1.5270;15.7431;5.1893;2.6798;2.7478;2.7499;0.4451;0.4479;21.5997;0.5542;10.4819;3.0192;3.1247;3.1303;0.7527;3.1447;16.4549;5.7556;5.7615;8.2767;0.8407;0.8646;0.8629;13.2341;15.7328;0.8815;5.8694;24.1803;16.4658;5.9232;2.3113;3.4043;3.4119;3.4176;15.8976;1.0722;1.0816;17.0557;1.1068;3.5066;2.4497;1.1541;1.1567;1.1610;1.1654;6.1090;3.5711;3.5854;1.2134;14.6566;11.1658;6.2245;2.7130;8.8044;3.8160;19.7620;11.2944;1.4258;3.8448;3.8706;34.9983;1.4998;26.3360;3.9193;1.5284;11.4358;9.0173;3.9816;1.5918;3.9945;4.0455;1.6798;4.0971;3.0665;6.7015;8.1062;4.1773
15,5,61,success,None,22/Jul/2026:11:42:55.396323,22/Jul/2026:11:42:56.543726,1.1474,70,22/Jul/2026:11:42:34.445245;22/Jul/2026:11:42:37.008962;22/Jul/2026:11:42:42.831616;22/Jul/2026:11:42:39.006808;22/Jul/2026:11:42:52.701609;22/Jul/2026:11:42:52.701524;22/Jul/2026:11:42:50.302245;22/Jul/2026:11:42:50.305945;22/Jul/2026:11:42:52.703274;22/Jul/2026:11:42:55.399296;22/Jul/2026:11:42:55.404009;22/Jul/2026:11:42:42.824479;22/Jul/2026:11:42:55.402816;22/Jul/2026:11:42:32.268065;22/Jul/2026:11:42:45.253907;22/Jul/2026:11:42:40.342331;22/Jul/2026:11:42:52.699438;22/Jul/2026:11:42:53.812788;22/Jul/2026:11:42:55.401409;22/Jul/2026:11:42:46.407879;22/Jul/2026:11:42:55.400785;22/Jul/2026:11:42:50.294042;22/Jul/2026:11:42:47.774951;22/Jul/2026:11:42:49.044982;22/Jul/2026:11:42:47.765697;22/Jul/2026:11:42:47.766007;22/Jul/2026:11:42:48.823544;22/Jul/2026:11:42:47.778313;22/Jul/2026:11:42:55.399703;22/Jul/2026:11:42:55.398920;22/Jul/2026:11:42:52.709197;22/Jul/2026:11:42:47.772556;22/Jul/2026:11:42:55.401932;22/Jul/2026:11:42:47.769959;22/Jul/2026:11:42:39.281653;22/Jul/2026:11:42:40.340242;22/Jul/2026:11:42:52.701713;22/Jul/2026:11:42:52.701833;22/Jul/2026:11:42:55.399448;22/Jul/2026:11:42:52.694461;22/Jul/2026:11:42:45.249281;22/Jul/2026:11:42:37.010189;22/Jul/2026:11:42:33.579482;22/Jul/2026:11:42:50.295889;22/Jul/2026:11:42:55.405829;22/Jul/2026:11:42:52.700096;22/Jul/2026:11:42:46.400116;22/Jul/2026:11:42:55.400266;22/Jul/2026:11:42:47.769523;22/Jul/2026:11:42:52.701433;22/Jul/2026:11:42:50.315094;22/Jul/2026:11:42:55.407053;22/Jul/2026:11:42:44.053185;22/Jul/2026:11:42:55.398795;22/Jul/2026:11:42:52.709948;22/Jul/2026:11:42:52.707788;22/Jul/2026:11:42:45.253560;22/Jul/2026:11:42:55.399977;22/Jul/2026:11:42:48.824415;22/Jul/2026:11:42:33.578697;22/Jul/2026:11:42:50.307728;22/Jul/2026:11:42:47.774892;22/Jul/2026:11:42:52.708081;22/Jul/2026:11:42:55.398623;22/Jul/2026:11:42:44.053715;22/Jul/2026:11:42:50.307881;22/Jul/2026:11:42:55.409536;22/Jul/2026:11:42:55.404397;22/Jul/2026:11:42:53.812574;22/Jul/2026:11:42:55.408807,20.9692;18.4081;12.5898;16.4186;2.7276;2.7329;5.1326;5.1321;2.7418;0.0670;0.0834;12.6706;0.1035;23.2482;10.2687;15.1843;2.8280;1.7204;0.1378;9.1433;0.1546;5.3169;7.8378;6.5777;7.8585;7.8874;6.8454;7.9057;0.3113;0.3329;3.0316;8.0733;0.4895;8.1352;16.6284;15.6490;3.3050;3.3097;0.6178;3.3377;10.8411;19.1155;22.5587;5.8710;0.7680;3.4934;9.7941;0.8012;8.4372;3.5132;5.9430;0.8544;12.2620;0.9323;3.6227;3.6295;11.1024;0.9590;7.5697;22.8303;6.1023;8.6471;3.7158;1.0478;12.4142;6.1688;1.0789;1.1084;2.7170;1.1306
15,5,76,success,None,22/Jul/2026:11:42:55.396578,22/Jul/2026:11:42:56.655836,1.2593,79,22/Jul/2026:11:42:34.445245;22/Jul/2026:11:42:37.008962;22/Jul/2026:11:42:42.831616;22/Jul/2026:11:42:39.006808;22/Jul/2026:11:42:52.701609;22/Jul/2026:11:42:52.701524;22/Jul/2026:11:42:50.302245;22/Jul/2026:11:42:50.305945;22/Jul/2026:11:42:52.703274;22/Jul/2026:11:42:55.399296;22/Jul/2026:11:42:55.404009;22/Jul/2026:11:42:42.824479;22/Jul/2026:11:42:55.402816;22/Jul/2026:11:42:32.268065;22/Jul/2026:11:42:45.253907;22/Jul/2026:11:42:40.342331;22/Jul/2026:11:42:52.699438;22/Jul/2026:11:42:53.812788;22/Jul/2026:11:42:55.401409;22/Jul/2026:11:42:46.407879;22/Jul/2026:11:42:55.400785;22/Jul/2026:11:42:50.294042;22/Jul/2026:11:42:47.774951;22/Jul/2026:11:42:49.044982;22/Jul/2026:11:42:47.765697;22/Jul/2026:11:42:47.766007;22/Jul/2026:11:42:48.823544;22/Jul/2026:11:42:47.778313;22/Jul/2026:11:42:55.399703;22/Jul/2026:11:42:55.398920;22/Jul/2026:11:42:52.709197;22/Jul/2026:11:42:47.772556;22/Jul/2026:11:42:55.401932;22/Jul/2026:11:42:47.769959;22/Jul/2026:11:42:39.281653;22/Jul/2026:11:42:40.340242;22/Jul/2026:11:42:52.701713;22/Jul/2026:11:42:52.701833;22/Jul/2026:11:42:55.399448;22/Jul/2026:11:42:52.694461;22/Jul/2026:11:42:45.249281;22/Jul/2026:11:42:37.010189;22/Jul/2026:11:42:33.579482;22/Jul/2026:11:42:50.295889;22/Jul/2026:11:42:55.405829;22/Jul/2026:11:42:52.700096;22/Jul/2026:11:42:46.400116;22/Jul/2026:11:42:55.400266;22/Jul/2026:11:42:47.769523;22/Jul/2026:11:42:52.701433;22/Jul/2026:11:42:50.315094;22/Jul/2026:11:42:55.407053;22/Jul/2026:11:42:44.053185;22/Jul/2026:11:42:55.398795;22/Jul/2026:11:42:52.709948;22/Jul/2026:11:42:52.707788;22/Jul/2026:11:42:45.253560;22/Jul/2026:11:42:55.399977;22/Jul/2026:11:42:48.824415;22/Jul/2026:11:42:33.578697;22/Jul/2026:11:42:50.307728;22/Jul/2026:11:42:47.774892;22/Jul/2026:11:42:52.708081;22/Jul/2026:11:42:55.398623;22/Jul/2026:11:42:44.053715;22/Jul/2026:11:42:50.307881;22/Jul/2026:11:42:55.409536;22/Jul/2026:11:42:55.404397;22/Jul/2026:11:42:53.812574;22/Jul/2026:11:42:55.408807;22/Jul/2026:11:42:55.407938;22/Jul/2026:11:42:55.404454;22/Jul/2026:11:42:52.710757;22/Jul/2026:11:42:50.315600;22/Jul/2026:11:42:53.812632;22/Jul/2026:11:42:44.222603;22/Jul/2026:11:42:45.242622;22/Jul/2026:11:42:50.299593;22/Jul/2026:11:42:47.767037,20.9692;18.4081;12.5898;16.4186;2.7276;2.7329;5.1326;5.1321;2.7418;0.0670;0.0834;12.6706;0.1035;23.2482;10.2687;15.1843;2.8280;1.7204;0.1378;9.1433;0.1546;5.3169;7.8378;6.5777;7.8585;7.8874;6.8454;7.9057;0.3113;0.3329;3.0316;8.0733;0.4895;8.1352;16.6284;15.6490;3.3050;3.3097;0.6178;3.3377;10.8411;19.1155;22.5587;5.8710;0.7680;3.4934;9.7941;0.8012;8.4372;3.5132;5.9430;0.8544;12.2620;0.9323;3.6227;3.6295;11.1024;0.9590;7.5697;22.8303;6.1023;8.6471;3.7158;1.0478;12.4142;6.1688;1.0789;1.1084;2.7170;1.1306;1.1580;1.1688;3.8712;6.2684;2.7810;12.3871;11.3985;6.3427;8.8789
15,5,25,success,None,22/Jul/2026:11:42:55.395901,22/Jul/2026:11:42:56.665685,1.2698,80,22/Jul/2026:11:42:34.445245;22/Jul/2026:11:42:37.008962;22/Jul/2026:11:42:42.831616;22/Jul/2026:11:42:39.006808;22/Jul/2026:11:42:52.701609;22/Jul/2026:11:42:52.701524;22/Jul/2026:11:42:50.302245;22/Jul/2026:11:42:50.305945;22/Jul/2026:11:42:52.703274;22/Jul/2026:11:42:55.399296;22/Jul/2026:11:42:55.404009;22/Jul/2026:11:42:42.824479;22/Jul/2026:11:42:55.402816;22/Jul/2026:11:42:32.268065;22/Jul/2026:11:42:45.253907;22/Jul/2026:11:42:40.342331;22/Jul/2026:11:42:52.699438;22/Jul/2026:11:42:53.812788;22/Jul/2026:11:42:55.401409;22/Jul/2026:11:42:46.407879;22/Jul/2026:11:42:55.400785;22/Jul/2026:11:42:50.294042;22/Jul/2026:11:42:47.774951;22/Jul/2026:11:42:49.044982;22/Jul/2026:11:42:47.765697;22/Jul/2026:11:42:47.766007;22/Jul/2026:11:42:48.823544;22/Jul/2026:11:42:47.778313;22/Jul/2026:11:42:55.399703;22/Jul/2026:11:42:55.398920;22/Jul/2026:11:42:52.709197;22/Jul/2026:11:42:47.772556;22/Jul/2026:11:42:55.401932;22/Jul/2026:11:42:47.769959;22/Jul/2026:11:42:39.281653;22/Jul/2026:11:42:40.340242;22/Jul/2026:11:42:52.701713;22/Jul/2026:11:42:52.701833;22/Jul/2026:11:42:55.399448;22/Jul/2026:11:42:52.694461;22/Jul/2026:11:42:45.249281;22/Jul/2026:11:42:37.010189;22/Jul/2026:11:42:33.579482;22/Jul/2026:11:42:50.295889;22/Jul/2026:11:42:55.405829;22/Jul/2026:11:42:52.700096;22/Jul/2026:11:42:46.400116;22/Jul/2026:11:42:55.400266;22/Jul/2026:11:42:47.769523;22/Jul/2026:11:42:52.701433;22/Jul/2026:11:42:50.315094;22/Jul/2026:11:42:55.407053;22/Jul/2026:11:42:44.053185;22/Jul/2026:11:42:55.398795;22/Jul/2026:11:42:52.709948;22/Jul/2026:11:42:52.707788;22/Jul/2026:11:42:45.253560;22/Jul/2026:11:42:55.399977;22/Jul/2026:11:42:48.824415;22/Jul/2026:11:42:33.578697;22/Jul/2026:11:42:50.307728;22/Jul/2026:11:42:47.774892;22/Jul/2026:11:42:52.708081;22/Jul/2026:11:42:55.398623;22/Jul/2026:11:42:44.053715;22/Jul/2026:11:42:50.307881;22/Jul/2026:11:42:55.409536;22/Jul/2026:11:42:55.404397;22/Jul/2026:11:42:53.812574;22/Jul/2026:11:42:55.408807;22/Jul/2026:11:42:55.407938;22/Jul/2026:11:42:55.404454;22/Jul/2026:11:42:52.710757;22/Jul/2026:11:42:50.315600;22/Jul/2026:11:42:53.812632;22/Jul/2026:11:42:44.222603;22/Jul/2026:11:42:45.242622;22/Jul/2026:11:42:50.299593;22/Jul/2026:11:42:47.767037;22/Jul/2026:11:42:50.307674,20.9692;18.4081;12.5898;16.4186;2.7276;2.7329;5.1326;5.1321;2.7418;0.0670;0.0834;12.6706;0.1035;23.2482;10.2687;15.1843;2.8280;1.7204;0.1378;9.1433;0.1546;5.3169;7.8378;6.5777;7.8585;7.8874;6.8454;7.9057;0.3113;0.3329;3.0316;8.0733;0.4895;8.1352;16.6284;15.6490;3.3050;3.3097;0.6178;3.3377;10.8411;19.1155;22.5587;5.8710;0.7680;3.4934;9.7941;0.8012;8.4372;3.5132;5.9430;0.8544;12.2620;0.9323;3.6227;3.6295;11.1024;0.9590;7.5697;22.8303;6.1023;8.6471;3.7158;1.0478;12.4142;6.1688;1.0789;1.1084;2.7170;1.1306;1.1580;1.1688;3.8712;6.2684;2.7810;12.3871;11.3985;6.3427;8.8789;6.3567
15,5,133,success,None,22/Jul/2026:11:42:55.396675,22/Jul/2026:11:42:56.701182,1.3045,81,22/Jul/2026:11:42:34.445245;22/Jul/2026:11:42:37.008962;22/Jul/2026:11:42:42.831616;22/Jul/2026:11:42:39.006808;22/Jul/2026:11:42:52.701609;22/Jul/2026:11:42:52.701524;22/Jul/2026:11:42:50.302245;22/Jul/2026:11:42:50.305945;22/Jul/2026:11:42:52.703274;22/Jul/2026:11:42:55.399296;22/Jul/2026:11:42:55.404009;22/Jul/2026:11:42:42.824479;22/Jul/2026:11:42:55.402816;22/Jul/2026:11:42:32.268065;22/Jul/2026:11:42:45.253907;22/Jul/2026:11:42:40.342331;22/Jul/2026:11:42:52.699438;22/Jul/2026:11:42:53.812788;22/Jul/2026:11:42:55.401409;22/Jul/2026:11:42:46.407879;22/Jul/2026:11:42:55.400785;22/Jul/2026:11:42:50.294042;22/Jul/2026:11:42:47.774951;22/Jul/2026:11:42:49.044982;22/Jul/2026:11:42:47.765697;22/Jul/2026:11:42:47.766007;22/Jul/2026:11:42:48.823544;22/Jul/2026:11:42:47.778313;22/Jul/2026:11:42:55.399703;22/Jul/2026:11:42:55.398920;22/Jul/2026:11:42:52.709197;22/Jul/2026:11:42:47.772556;22/Jul/2026:11:42:55.401932;22/Jul/2026:11:42:47.769959;22/Jul/2026:11:42:39.281653;22/Jul/2026:11:42:40.340242;22/Jul/2026:11:42:52.701713;22/Jul/2026:11:42:52.701833;22/Jul/2026:11:42:55.399448;22/Jul/2026:11:42:52.694461;22/Jul/2026:11:42:45.249281;22/Jul/2026:11:42:37.010189;22/Jul/2026:11:42:33.579482;22/Jul/2026:11:42:50.295889;22/Jul/2026:11:42:55.405829;22/Jul/2026:11:42:52.700096;22/Jul/2026:11:42:46.400116;22/Jul/2026:11:42:55.400266;22/Jul/2026:11:42:47.769523;22/Jul/2026:11:42:52.701433;22/Jul/2026:11:42:50.315094;22/Jul/2026:11:42:55.407053;22/Jul/2026:11:42:44.053185;22/Jul/2026:11:42:55.398795;22/Jul/2026:11:42:52.709948;22/Jul/2026:11:42:52.707788;22/Jul/2026:11:42:45.253560;22/Jul/2026:11:42:55.399977;22/Jul/2026:11:42:48.824415;22/Jul/2026:11:42:33.578697;22/Jul/2026:11:42:50.307728;22/Jul/2026:11:42:47.774892;22/Jul/2026:11:42:52.708081;22/Jul/2026:11:42:55.398623;22/Jul/2026:11:42:44.053715;22/Jul/2026:11:42:50.307881;22/Jul/2026:11:42:55.409536;22/Jul/2026:11:42:55.404397;22/Jul/2026:11:42:53.812574;22/Jul/2026:11:42:55.408807;22/Jul/2026:11:42:55.407938;22/Jul/2026:11:42:55.404454;22/Jul/2026:11:42:52.710757;22/Jul/2026:11:42:50.315600;22/Jul/2026:11:42:53.812632;22/Jul/2026:11:42:44.222603;22/Jul/2026:11:42:45.242622;22/Jul/2026:11:42:50.299593;22/Jul/2026:11:42:47.767037;22/Jul/2026:11:42:50.307674;22/Jul/2026:11:42:45.249215,20.9692;18.4081;12.5898;16.4186;2.7276;2.7329;5.1326;5.1321;2.7418;0.0670;0.0834;12.6706;0.1035;23.2482;10.2687;15.1843;2.8280;1.7204;0.1378;9.1433;0.1546;5.3169;7.8378;6.5777;7.8585;7.8874;6.8454;7.9057;0.3113;0.3329;3.0316;8.0733;0.4895;8.1352;16.6284;15.6490;3.3050;3.3097;0.6178;3.3377;10.8411;19.1155;22.5587;5.8710;0.7680;3.4934;9.7941;0.8012;8.4372;3.5132;5.9430;0.8544;12.2620;0.9323;3.6227;3.6295;11.1024;0.9590;7.5697;22.8303;6.1023;8.6471;3.7158;1.0478;12.4142;6.1688;1.0789;1.1084;2.7170;1.1306;1.1580;1.1688;3.8712;6.2684;2.7810;12.3871;11.3985;6.3427;8.8789;6.3567;11.4469
15,5,51,success,None,22/Jul/2026:11:42:55.396114,22/Jul/2026:11:42:56.750326,1.3542,85,22/Jul/2026:11:42:34.445245;22/Jul/2026:11:42:37.008962;22/Jul/2026:11:42:42.831616;22/Jul/2026:11:42:39.006808;22/Jul/2026:11:42:52.701609;22/Jul/2026:11:42:52.701524;22/Jul/2026:11:42:50.302245;22/Jul/2026:11:42:50.305945;22/Jul/2026:11:42:52.703274;22/Jul/2026:11:42:55.399296;22/Jul/2026:11:42:55.404009;22/Jul/2026:11:42:42.824479;22/Jul/2026:11:42:55.402816;22/Jul/2026:11:42:32.268065;22/Jul/2026:11:42:45.253907;22/Jul/2026:11:42:40.342331;22/Jul/2026:11:42:52.699438;22/Jul/2026:11:42:53.812788;22/Jul/2026:11:42:55.401409;22/Jul/2026:11:42:46.407879;22/Jul/2026:11:42:55.400785;22/Jul/2026:11:42:50.294042;22/Jul/2026:11:42:47.774951;22/Jul/2026:11:42:49.044982;22/Jul/2026:11:42:47.765697;22/Jul/2026:11:42:47.766007;22/Jul/2026:11:42:48.823544;22/Jul/2026:11:42:47.778313;22/Jul/2026:11:42:55.399703;22/Jul/2026:11:42:55.398920;22/Jul/2026:11:42:52.709197;22/Jul/2026:11:42:47.772556;22/Jul/2026:11:42:55.401932;22/Jul/2026:11:42:47.769959;22/Jul/2026:11:42:39.281653;22/Jul/2026:11:42:40.340242;22/Jul/2026:11:42:52.701713;22/Jul/2026:11:42:52.701833;22/Jul/2026:11:42:55.399448;22/Jul/2026:11:42:52.694461;22/Jul/2026:11:42:45.249281;22/Jul/2026:11:42:37.010189;22/Jul/2026:11:42:33.579482;22/Jul/2026:11:42:50.295889;22/Jul/2026:11:42:55.405829;22/Jul/2026:11:42:52.700096;22/Jul/2026:11:42:46.400116;22/Jul/2026:11:42:55.400266;22/Jul/2026:11:42:47.769523;22/Jul/2026:11:42:52.701433;22/Jul/2026:11:42:50.315094;22/Jul/2026:11:42:55.407053;22/Jul/2026:11:42:44.053185;22/Jul/2026:11:42:55.398795;22/Jul/2026:11:42:52.709948;22/Jul/2026:11:42:52.707788;22/Jul/2026:11:42:45.253560;22/Jul/2026:11:42:55.399977;22/Jul/2026:11:42:48.824415;22/Jul/2026:11:42:33.578697;22/Jul/2026:11:42:50.307728;22/Jul/2026:11:42:47.774892;22/Jul/2026:11:42:52.708081;22/Jul/2026:11:42:55.398623;22/Jul/2026:11:42:44.053715;22/Jul/2026:11:42:50.307881;22/Jul/2026:11:42:55.409536;22/Jul/2026:11:42:55.404397;22/Jul/2026:11:42:53.812574;22/Jul/2026:11:42:55.408807;22/Jul/2026:11:42:55.407938;22/Jul/2026:11:42:55.404454;22/Jul/2026:11:42:52.710757;22/Jul/2026:11:42:50.315600;22/Jul/2026:11:42:53.812632;22/Jul/2026:11:42:44.222603;22/Jul/2026:11:42:45.242622;22/Jul/2026:11:42:50.299593;22/Jul/2026:11:42:47.767037;22/Jul/2026:11:42:50.307674;22/Jul/2026:11:42:45.249215;22/Jul/2026:11:42:55.399080;22/Jul/2026:11:42:55.406863;22/Jul/2026:11:42:55.407109;22/Jul/2026:11:42:52.707238,20.9692;18.4081;12.5898;16.4186;2.7276;2.7329;5.1326;5.1321;2.7418;0.0670;0.0834;12.6706;0.1035;23.2482;10.2687;15.1843;2.8280;1.7204;0.1378;9.1433;0.1546;5.3169;7.8378;6.5777;7.8585;7.8874;6.8454;7.9057;0.3113;0.3329;3.0316;8.0733;0.4895;8.1352;16.6284;15.6490;3.3050;3.3097;0.6178;3.3377;10.8411;19.1155;22.5587;5.8710;0.7680;3.4934;9.7941;0.8012;8.4372;3.5132;5.9430;0.8544;12.2620;0.9323;3.6227;3.6295;11.1024;0.9590;7.5697;22.8303;6.1023;8.6471;3.7158;1.0478;12.4142;6.1688;1.0789;1.1084;2.7170;1.1306;1.1580;1.1688;3.8712;6.2684;2.7810;12.3871;11.3985;6.3427;8.8789;6.3567;11.4469;1.3179;1.3365;1.3396;4.0422
15,5,151,success,None,22/Jul/2026:11:42:55.396771,22/Jul/2026:11:42:56.752430,1.3557,85,22/Jul/2026:11:42:34.445245;22/Jul/2026:11:42:37.008962;22/Jul/2026:11:42:42.831616;22/Jul/2026:11:42:39.006808;22/Jul/2026:11:42:52.701609;22/Jul/2026:11:42:52.701524;22/Jul/2026:11:42:50.302245;22/Jul/2026:11:42:50.305945;22/Jul/2026:11:42:52.703274;22/Jul/2026:11:42:55.399296;22/Jul/2026:11:42:55.404009;22/Jul/2026:11:42:42.824479;22/Jul/2026:11:42:55.402816;22/Jul/2026:11:42:32.268065;22/Jul/2026:11:42:45.253907;22/Jul/2026:11:42:40.342331;22/Jul/2026:11:42:52.699438;22/Jul/2026:11:42:53.812788;22/Jul/2026:11:42:55.401409;22/Jul/2026:11:42:46.407879;22/Jul/2026:11:42:55.400785;22/Jul/2026:11:42:50.294042;22/Jul/2026:11:42:47.774951;22/Jul/2026:11:42:49.044982;22/Jul/2026:11:42:47.765697;22/Jul/2026:11:42:47.766007;22/Jul/2026:11:42:48.823544;22/Jul/2026:11:42:47.778313;22/Jul/2026:11:42:55.399703;22/Jul/2026:11:42:55.398920;22/Jul/2026:11:42:52.709197;22/Jul/2026:11:42:47.772556;22/Jul/2026:11:42:55.401932;22/Jul/2026:11:42:47.769959;22/Jul/2026:11:42:39.281653;22/Jul/2026:11:42:40.340242;22/Jul/2026:11:42:52.701713;22/Jul/2026:11:42:52.701833;22/Jul/2026:11:42:55.399448;22/Jul/2026:11:42:52.694461;22/Jul/2026:11:42:45.249281;22/Jul/2026:11:42:37.010189;22/Jul/2026:11:42:33.579482;22/Jul/2026:11:42:50.295889;22/Jul/2026:11:42:55.405829;22/Jul/2026:11:42:52.700096;22/Jul/2026:11:42:46.400116;22/Jul/2026:11:42:55.400266;22/Jul/2026:11:42:47.769523;22/Jul/2026:11:42:52.701433;22/Jul/2026:11:42:50.315094;22/Jul/2026:11:42:55.407053;22/Jul/2026:11:42:44.053185;22/Jul/2026:11:42:55.398795;22/Jul/2026:11:42:52.709948;22/Jul/2026:11:42:52.707788;22/Jul/2026:11:42:45.253560;22/Jul/2026:11:42:55.399977;22/Jul/2026:11:42:48.824415;22/Jul/2026:11:42:33.578697;22/Jul/2026:11:42:50.307728;22/Jul/2026:11:42:47.774892;22/Jul/2026:11:42:52.708081;22/Jul/2026:11:42:55.398623;22/Jul/2026:11:42:44.053715;22/Jul/2026:11:42:50.307881;22/Jul/2026:11:42:55.409536;22/Jul/2026:11:42:55.404397;22/Jul/2026:11:42:53.812574;22/Jul/2026:11:42:55.408807;22/Jul/2026:11:42:55.407938;22/Jul/2026:11:42:55.404454;22/Jul/2026:11:42:52.710757;22/Jul/2026:11:42:50.315600;22/Jul/2026:11:42:53.812632;22/Jul/2026:11:42:44.222603;22/Jul/2026:11:42:45.242622;22/Jul/2026:11:42:50.299593;22/Jul/2026:11:42:47.767037;22/Jul/2026:11:42:50.307674;22/Jul/2026:11:42:45.249215;22/Jul/2026:11:42:55.399080;22/Jul/2026:11:42:55.406863;22/Jul/2026:11:42:55.407109;22/Jul/2026:11:42:52.707238,20.9692;18.4081;12.5898;16.4186;2.7276;2.7329;5.1326;5.1321;2.7418;0.0670;0.0834;12.6706;0.1035;23.2482;10.2687;15.1843;2.8280;1.7204;0.1378;9.1433;0.1546;5.3169;7.8378;6.5777;7.8585;7.8874;6.8454;7.9057;0.3113;0.3329;3.0316;8.0733;0.4895;8.1352;16.6284;15.6490;3.3050;3.3097;0.6178;3.3377;10.8411;19.1155;22.5587;5.8710;0.7680;3.4934;9.7941;0.8012;8.4372;3.5132;5.9430;0.8544;12.2620;0.9323;3.6227;3.6295;11.1024;0.9590;7.5697;22.8303;6.1023;8.6471;3.7158;1.0478;12.4142;6.1688;1.0789;1.1084;2.7170;1.1306;1.1580;1.1688;3.8712;6.2684;2.7810;12.3871;11.3985;6.3427;8.8789;6.3567;11.4469;1.3179;1.3365;1.3396;4.0422
15,5,203,success,None,22/Jul/2026:11:42:55.397164,22/Jul/2026:11:42:57.249387,1.8522,116,22/Jul/2026:11:42:34.445245;22/Jul/2026:11:42:37.008962;22/Jul/2026:11:42:42.831616;22/Jul/2026:11:42:39.006808;22/Jul/2026:11:42:52.701609;22/Jul/2026:11:42:52.701524;22/Jul/2026:11:42:50.302245;22/Jul/2026:11:42:50.305945;22/Jul/2026:11:42:52.703274;22/Jul/2026:11:42:55.399296;22/Jul/2026:11:42:55.404009;22/Jul/2026:11:42:42.824479;22/Jul/2026:11:42:55.402816;22/Jul/2026:11:42:32.268065;22/Jul/2026:11:42:45.253907;22/Jul/2026:11:42:40.342331;22/Jul/2026:11:42:52.699438;22/Jul/2026:11:42:53.812788;22/Jul/2026:11:42:55.401409;22/Jul/2026:11:42:46.407879;22/Jul/2026:11:42:55.400785;22/Jul/2026:11:42:50.294042;22/Jul/2026:11:42:47.774951;22/Jul/2026:11:42:49.044982;22/Jul/2026:11:42:47.765697;22/Jul/2026:11:42:47.766007;22/Jul/2026:11:42:48.823544;22/Jul/2026:11:42:47.778313;22/Jul/2026:11:42:55.399703;22/Jul/2026:11:42:55.398920;22/Jul/2026:11:42:52.709197;22/Jul/2026:11:42:47.772556;22/Jul/2026:11:42:55.401932;22/Jul/2026:11:42:47.769959;22/Jul/2026:11:42:39.281653;22/Jul/2026:11:42:40.340242;22/Jul/2026:11:42:52.701713;22/Jul/2026:11:42:52.701833;22/Jul/2026:11:42:55.399448;22/Jul/2026:11:42:52.694461;22/Jul/2026:11:42:45.249281;22/Jul/2026:11:42:37.010189;22/Jul/2026:11:42:33.579482;22/Jul/2026:11:42:50.295889;22/Jul/2026:11:42:55.405829;22/Jul/2026:11:42:52.700096;22/Jul/2026:11:42:46.400116;22/Jul/2026:11:42:55.400266;22/Jul/2026:11:42:47.769523;22/Jul/2026:11:42:52.701433;22/Jul/2026:11:42:50.315094;22/Jul/2026:11:42:55.407053;22/Jul/2026:11:42:44.053185;22/Jul/2026:11:42:55.398795;22/Jul/2026:11:42:52.709948;22/Jul/2026:11:42:52.707788;22/Jul/2026:11:42:45.253560;22/Jul/2026:11:42:55.399977;22/Jul/2026:11:42:48.824415;22/Jul/2026:11:42:33.578697;22/Jul/2026:11:42:50.307728;22/Jul/2026:11:42:47.774892;22/Jul/2026:11:42:52.708081;22/Jul/2026:11:42:55.398623;22/Jul/2026:11:42:44.053715;22/Jul/2026:11:42:50.307881;22/Jul/2026:11:42:55.409536;22/Jul/2026:11:42:55.404397;22/Jul/2026:11:42:53.812574;22/Jul/2026:11:42:55.408807;22/Jul/2026:11:42:55.407938;22/Jul/2026:11:42:55.404454;22/Jul/2026:11:42:52.710757;22/Jul/2026:11:42:50.315600;22/Jul/2026:11:42:53.812632;22/Jul/2026:11:42:44.222603;22/Jul/2026:11:42:45.242622;22/Jul/2026:11:42:50.299593;22/Jul/2026:11:42:47.767037;22/Jul/2026:11:42:50.307674;22/Jul/2026:11:42:45.249215;22/Jul/2026:11:42:55.399080;22/Jul/2026:11:42:55.406863;22/Jul/2026:11:42:55.407109;22/Jul/2026:11:42:52.707238;22/Jul/2026:11:42:50.314848;22/Jul/2026:11:42:55.409329;22/Jul/2026:11:42:50.296589;22/Jul/2026:11:42:42.830203;22/Jul/2026:11:42:45.243175;22/Jul/2026:11:42:52.707984;22/Jul/2026:11:42:55.406162;22/Jul/2026:11:42:52.706855;22/Jul/2026:11:42:52.702183;22/Jul/2026:11:42:50.304994;22/Jul/2026:11:42:35.348804;22/Jul/2026:11:42:55.405804;22/Jul/2026:11:42:47.777554;22/Jul/2026:11:42:55.399191;22/Jul/2026:11:42:38.935024;22/Jul/2026:11:42:55.405537;22/Jul/2026:11:42:53.812366;22/Jul/2026:11:42:55.399396;22/Jul/2026:11:42:50.296968;22/Jul/2026:11:42:52.707294;22/Jul/2026:11:42:43.932624;22/Jul/2026:11:42:55.411913;22/Jul/2026:11:42:45.249678;22/Jul/2026:11:42:55.405903;22/Jul/2026:11:42:50.310725;22/Jul/2026:11:42:52.708394;22/Jul/2026:11:42:40.338490;22/Jul/2026:11:42:55.413198;22/Jul/2026:11:42:52.697928;22/Jul/2026:11:42:21.451030;22/Jul/2026:11:42:50.314238,20.9692;18.4081;12.5898;16.4186;2.7276;2.7329;5.1326;5.1321;2.7418;0.0670;0.0834;12.6706;0.1035;23.2482;10.2687;15.1843;2.8280;1.7204;0.1378;9.1433;0.1546;5.3169;7.8378;6.5777;7.8585;7.8874;6.8454;7.9057;0.3113;0.3329;3.0316;8.0733;0.4895;8.1352;16.6284;15.6490;3.3050;3.3097;0.6178;3.3377;10.8411;19.1155;22.5587;5.8710;0.7680;3.4934;9.7941;0.8012;8.4372;3.5132;5.9430;0.8544;12.2620;0.9323;3.6227;3.6295;11.1024;0.9590;7.5697;22.8303;6.1023;8.6471;3.7158;1.0478;12.4142;6.1688;1.0789;1.1084;2.7170;1.1306;1.1580;1.1688;3.8712;6.2684;2.7810;12.3871;11.3985;6.3427;8.8789;6.3567;11.4469;1.3179;1.3365;1.3396;4.0422;6.4451;1.3592;6.4987;13.9674;11.5700;4.1088;1.4206;4.1220;4.1580;6.5808;21.5541;1.5149;9.1448;1.5317;17.9989;1.5492;3.1481;1.5771;6.6802;4.2970;13.0840;1.6498;11.8268;1.6757;6.7822;4.3919;16.7747;1.7323;4.4484;35.6974;6.8775
15,5,161,success,None,22/Jul/2026:11:42:55.396953,22/Jul/2026:11:42:57.348158,1.9512,116,22/Jul/2026:11:42:34.445245;22/Jul/2026:11:42:37.008962;22/Jul/2026:11:42:42.831616;22/Jul/2026:11:42:39.006808;22/Jul/2026:11:42:52.701609;22/Jul/2026:11:42:52.701524;22/Jul/2026:11:42:50.302245;22/Jul/2026:11:42:50.305945;22/Jul/2026:11:42:52.703274;22/Jul/2026:11:42:55.399296;22/Jul/2026:11:42:55.404009;22/Jul/2026:11:42:42.824479;22/Jul/2026:11:42:55.402816;22/Jul/2026:11:42:32.268065;22/Jul/2026:11:42:45.253907;22/Jul/2026:11:42:40.342331;22/Jul/2026:11:42:52.699438;22/Jul/2026:11:42:53.812788;22/Jul/2026:11:42:55.401409;22/Jul/2026:11:42:46.407879;22/Jul/2026:11:42:55.400785;22/Jul/2026:11:42:50.294042;22/Jul/2026:11:42:47.774951;22/Jul/2026:11:42:49.044982;22/Jul/2026:11:42:47.765697;22/Jul/2026:11:42:47.766007;22/Jul/2026:11:42:48.823544;22/Jul/2026:11:42:47.778313;22/Jul/2026:11:42:55.399703;22/Jul/2026:11:42:55.398920;22/Jul/2026:11:42:52.709197;22/Jul/2026:11:42:47.772556;22/Jul/2026:11:42:55.401932;22/Jul/2026:11:42:47.769959;22/Jul/2026:11:42:39.281653;22/Jul/2026:11:42:40.340242;22/Jul/2026:11:42:52.701713;22/Jul/2026:11:42:52.701833;22/Jul/2026:11:42:55.399448;22/Jul/2026:11:42:52.694461;22/Jul/2026:11:42:45.249281;22/Jul/2026:11:42:37.010189;22/Jul/2026:11:42:33.579482;22/Jul/2026:11:42:50.295889;22/Jul/2026:11:42:55.405829;22/Jul/2026:11:42:52.700096;22/Jul/2026:11:42:46.400116;22/Jul/2026:11:42:55.400266;22/Jul/2026:11:42:47.769523;22/Jul/2026:11:42:52.701433;22/Jul/2026:11:42:50.315094;22/Jul/2026:11:42:55.407053;22/Jul/2026:11:42:44.053185;22/Jul/2026:11:42:55.398795;22/Jul/2026:11:42:52.709948;22/Jul/2026:11:42:52.707788;22/Jul/2026:11:42:45.253560;22/Jul/2026:11:42:55.399977;22/Jul/2026:11:42:48.824415;22/Jul/2026:11:42:33.578697;22/Jul/2026:11:42:50.307728;22/Jul/2026:11:42:47.774892;22/Jul/2026:11:42:52.708081;22/Jul/2026:11:42:55.398623;22/Jul/2026:11:42:44.053715;22/Jul/2026:11:42:50.307881;22/Jul/2026:11:42:55.409536;22/Jul/2026:11:42:55.404397;22/Jul/2026:11:42:53.812574;22/Jul/2026:11:42:55.408807;22/Jul/2026:11:42:55.407938;22/Jul/2026:11:42:55.404454;22/Jul/2026:11:42:52.710757;22/Jul/2026:11:42:50.315600;22/Jul/2026:11:42:53.812632;22/Jul/2026:11:42:44.222603;22/Jul/2026:11:42:45.242622;22/Jul/2026:11:42:50.299593;22/Jul/2026:11:42:47.767037;22/Jul/2026:11:42:50.307674;22/Jul/2026:11:42:45.249215;22/Jul/2026:11:42:55.399080;22/Jul/2026:11:42:55.406863;22/Jul/2026:11:42:55.407109;22/Jul/2026:11:42:52.707238;22/Jul/2026:11:42:50.314848;22/Jul/2026:11:42:55.409329;22/Jul/2026:11:42:50.296589;22/Jul/2026:11:42:42.830203;22/Jul/2026:11:42:45.243175;22/Jul/2026:11:42:52.707984;22/Jul/2026:11:42:55.406162;22/Jul/2026:11:42:52.706855;22/Jul/2026:11:42:52.702183;22/Jul/2026:11:42:50.304994;22/Jul/2026:11:42:35.348804;22/Jul/2026:11:42:55.405804;22/Jul/2026:11:42:47.777554;22/Jul/2026:11:42:55.399191;22/Jul/2026:11:42:38.935024;22/Jul/2026:11:42:55.405537;22/Jul/2026:11:42:53.812366;22/Jul/2026:11:42:55.399396;22/Jul/2026:11:42:50.296968;22/Jul/2026:11:42:52.707294;22/Jul/2026:11:42:43.932624;22/Jul/2026:11:42:55.411913;22/Jul/2026:11:42:45.249678;22/Jul/2026:11:42:55.405903;22/Jul/2026:11:42:50.310725;22/Jul/2026:11:42:52.708394;22/Jul/2026:11:42:40.338490;22/Jul/2026:11:42:55.413198;22/Jul/2026:11:42:52.697928;22/Jul/2026:11:42:21.451030;22/Jul/2026:11:42:50.314238,20.9692;18.4081;12.5898;16.4186;2.7276;2.7329;5.1326;5.1321;2.7418;0.0670;0.0834;12.6706;0.1035;23.2482;10.2687;15.1843;2.8280;1.7204;0.1378;9.1433;0.1546;5.3169;7.8378;6.5777;7.8585;7.8874;6.8454;7.9057;0.3113;0.3329;3.0316;8.0733;0.4895;8.1352;16.6284;15.6490;3.3050;3.3097;0.6178;3.3377;10.8411;19.1155;22.5587;5.8710;0.7680;3.4934;9.7941;0.8012;8.4372;3.5132;5.9430;0.8544;12.2620;0.9323;3.6227;3.6295;11.1024;0.9590;7.5697;22.8303;6.1023;8.6471;3.7158;1.0478;12.4142;6.1688;1.0789;1.1084;2.7170;1.1306;1.1580;1.1688;3.8712;6.2684;2.7810;12.3871;11.3985;6.3427;8.8789;6.3567;11.4469;1.3179;1.3365;1.3396;4.0422;6.4451;1.3592;6.4987;13.9674;11.5700;4.1088;1.4206;4.1220;4.1580;6.5808;21.5541;1.5149;9.1448;1.5317;17.9989;1.5492;3.1481;1.5771;6.6802;4.2970;13.0840;1.6498;11.8268;1.6757;6.7822;4.3919;16.7747;1.7323;4.4484;35.6974;6.8775
15,5,212,success,None,22/Jul/2026:11:42:55.397357,22/Jul/2026:11:42:57.433294,2.0359,116,22/Jul/2026:11:42:34.445245;22/Jul/2026:11:42:37.008962;22/Jul/2026:11:42:42.831616;22/Jul/2026:11:42:39.006808;22/Jul/2026:11:42:52.701609;22/Jul/2026:11:42:52.701524;22/Jul/2026:11:42:50.302245;22/Jul/2026:11:42:50.305945;22/Jul/2026:11:42:52.703274;22/Jul/2026:11:42:55.399296;22/Jul/2026:11:42:55.404009;22/Jul/2026:11:42:42.824479;22/Jul/2026:11:42:55.402816;22/Jul/2026:11:42:32.268065;22/Jul/2026:11:42:45.253907;22/Jul/2026:11:42:40.342331;22/Jul/2026:11:42:52.699438;22/Jul/2026:11:42:53.812788;22/Jul/2026:11:42:55.401409;22/Jul/2026:11:42:46.407879;22/Jul/2026:11:42:55.400785;22/Jul/2026:11:42:50.294042;22/Jul/2026:11:42:47.774951;22/Jul/2026:11:42:49.044982;22/Jul/2026:11:42:47.765697;22/Jul/2026:11:42:47.766007;22/Jul/2026:11:42:48.823544;22/Jul/2026:11:42:47.778313;22/Jul/2026:11:42:55.399703;22/Jul/2026:11:42:55.398920;22/Jul/2026:11:42:52.709197;22/Jul/2026:11:42:47.772556;22/Jul/2026:11:42:55.401932;22/Jul/2026:11:42:47.769959;22/Jul/2026:11:42:39.281653;22/Jul/2026:11:42:40.340242;22/Jul/2026:11:42:52.701713;22/Jul/2026:11:42:52.701833;22/Jul/2026:11:42:55.399448;22/Jul/2026:11:42:52.694461;22/Jul/2026:11:42:45.249281;22/Jul/2026:11:42:37.010189;22/Jul/2026:11:42:33.579482;22/Jul/2026:11:42:50.295889;22/Jul/2026:11:42:55.405829;22/Jul/2026:11:42:52.700096;22/Jul/2026:11:42:46.400116;22/Jul/2026:11:42:55.400266;22/Jul/2026:11:42:47.769523;22/Jul/2026:11:42:52.701433;22/Jul/2026:11:42:50.315094;22/Jul/2026:11:42:55.407053;22/Jul/2026:11:42:44.053185;22/Jul/2026:11:42:55.398795;22/Jul/2026:11:42:52.709948;22/Jul/2026:11:42:52.707788;22/Jul/2026:11:42:45.253560;22/Jul/2026:11:42:55.399977;22/Jul/2026:11:42:48.824415;22/Jul/2026:11:42:33.578697;22/Jul/2026:11:42:50.307728;22/Jul/2026:11:42:47.774892;22/Jul/2026:11:42:52.708081;22/Jul/2026:11:42:55.398623;22/Jul/2026:11:42:44.053715;22/Jul/2026:11:42:50.307881;22/Jul/2026:11:42:55.409536;22/Jul/2026:11:42:55.404397;22/Jul/2026:11:42:53.812574;22/Jul/2026:11:42:55.408807;22/Jul/2026:11:42:55.407938;22/Jul/2026:11:42:55.404454;22/Jul/2026:11:42:52.710757;22/Jul/2026:11:42:50.315600;22/Jul/2026:11:42:53.812632;22/Jul/2026:11:42:44.222603;22/Jul/2026:11:42:45.242622;22/Jul/2026:11:42:50.299593;22/Jul/2026:11:42:47.767037;22/Jul/2026:11:42:50.307674;22/Jul/2026:11:42:45.249215;22/Jul/2026:11:42:55.399080;22/Jul/2026:11:42:55.406863;22/Jul/2026:11:42:55.407109;22/Jul/2026:11:42:52.707238;22/Jul/2026:11:42:50.314848;22/Jul/2026:11:42:55.409329;22/Jul/2026:11:42:50.296589;22/Jul/2026:11:42:42.830203;22/Jul/2026:11:42:45.243175;22/Jul/2026:11:42:52.707984;22/Jul/2026:11:42:55.406162;22/Jul/2026:11:42:52.706855;22/Jul/2026:11:42:52.702183;22/Jul/2026:11:42:50.304994;22/Jul/2026:11:42:35.348804;22/Jul/2026:11:42:55.405804;22/Jul/2026:11:42:47.777554;22/Jul/2026:11:42:55.399191;22/Jul/2026:11:42:38.935024;22/Jul/2026:11:42:55.405537;22/Jul/2026:11:42:53.812366;22/Jul/2026:11:42:55.399396;22/Jul/2026:11:42:50.296968;22/Jul/2026:11:42:52.707294;22/Jul/2026:11:42:43.932624;22/Jul/2026:11:42:55.411913;22/Jul/2026:11:42:45.249678;22/Jul/2026:11:42:55.405903;22/Jul/2026:11:42:50.310725;22/Jul/2026:11:42:52.708394;22/Jul/2026:11:42:40.338490;22/Jul/2026:11:42:55.413198;22/Jul/2026:11:42:52.697928;22/Jul/2026:11:42:21.451030;22/Jul/2026:11:42:50.314238,20.9692;18.4081;12.5898;16.4186;2.7276;2.7329;5.1326;5.1321;2.7418;0.0670;0.0834;12.6706;0.1035;23.2482;10.2687;15.1843;2.8280;1.7204;0.1378;9.1433;0.1546;5.3169;7.8378;6.5777;7.8585;7.8874;6.8454;7.9057;0.3113;0.3329;3.0316;8.0733;0.4895;8.1352;16.6284;15.6490;3.3050;3.3097;0.6178;3.3377;10.8411;19.1155;22.5587;5.8710;0.7680;3.4934;9.7941;0.8012;8.4372;3.5132;5.9430;0.8544;12.2620;0.9323;3.6227;3.6295;11.1024;0.9590;7.5697;22.8303;6.1023;8.6471;3.7158;1.0478;12.4142;6.1688;1.0789;1.1084;2.7170;1.1306;1.1580;1.1688;3.8712;6.2684;2.7810;12.3871;11.3985;6.3427;8.8789;6.3567;11.4469;1.3179;1.3365;1.3396;4.0422;6.4451;1.3592;6.4987;13.9674;11.5700;4.1088;1.4206;4.1220;4.1580;6.5808;21.5541;1.5149;9.1448;1.5317;17.9989;1.5492;3.1481;1.5771;6.6802;4.2970;13.0840;1.6498;11.8268;1.6757;6.7822;4.3919;16.7747;1.7323;4.4484;35.6974;6.8775
15,5,315,success,None,22/Jul/2026:11:42:55.397538,22/Jul/2026:11:42:57.485031,2.0875,116,22/Jul/2026:11:42:34.445245;22/Jul/2026:11:42:37.008962;22/Jul/2026:11:42:42.831616;22/Jul/2026:11:42:39.006808;22/Jul/2026:11:42:52.701609;22/Jul/2026:11:42:52.701524;22/Jul/2026:11:42:50.302245;22/Jul/2026:11:42:50.305945;22/Jul/2026:11:42:52.703274;22/Jul/2026:11:42:55.399296;22/Jul/2026:11:42:55.404009;22/Jul/2026:11:42:42.824479;22/Jul/2026:11:42:55.402816;22/Jul/2026:11:42:32.268065;22/Jul/2026:11:42:45.253907;22/Jul/2026:11:42:40.342331;22/Jul/2026:11:42:52.699438;22/Jul/2026:11:42:53.812788;22/Jul/2026:11:42:55.401409;22/Jul/2026:11:42:46.407879;22/Jul/2026:11:42:55.400785;22/Jul/2026:11:42:50.294042;22/Jul/2026:11:42:47.774951;22/Jul/2026:11:42:49.044982;22/Jul/2026:11:42:47.765697;22/Jul/2026:11:42:47.766007;22/Jul/2026:11:42:48.823544;22/Jul/2026:11:42:47.778313;22/Jul/2026:11:42:55.399703;22/Jul/2026:11:42:55.398920;22/Jul/2026:11:42:52.709197;22/Jul/2026:11:42:47.772556;22/Jul/2026:11:42:55.401932;22/Jul/2026:11:42:47.769959;22/Jul/2026:11:42:39.281653;22/Jul/2026:11:42:40.340242;22/Jul/2026:11:42:52.701713;22/Jul/2026:11:42:52.701833;22/Jul/2026:11:42:55.399448;22/Jul/2026:11:42:52.694461;22/Jul/2026:11:42:45.249281;22/Jul/2026:11:42:37.010189;22/Jul/2026:11:42:33.579482;22/Jul/2026:11:42:50.295889;22/Jul/2026:11:42:55.405829;22/Jul/2026:11:42:52.700096;22/Jul/2026:11:42:46.400116;22/Jul/2026:11:42:55.400266;22/Jul/2026:11:42:47.769523;22/Jul/2026:11:42:52.701433;22/Jul/2026:11:42:50.315094;22/Jul/2026:11:42:55.407053;22/Jul/2026:11:42:44.053185;22/Jul/2026:11:42:55.398795;22/Jul/2026:11:42:52.709948;22/Jul/2026:11:42:52.707788;22/Jul/2026:11:42:45.253560;22/Jul/2026:11:42:55.399977;22/Jul/2026:11:42:48.824415;22/Jul/2026:11:42:33.578697;22/Jul/2026:11:42:50.307728;22/Jul/2026:11:42:47.774892;22/Jul/2026:11:42:52.708081;22/Jul/2026:11:42:55.398623;22/Jul/2026:11:42:44.053715;22/Jul/2026:11:42:50.307881;22/Jul/2026:11:42:55.409536;22/Jul/2026:11:42:55.404397;22/Jul/2026:11:42:53.812574;22/Jul/2026:11:42:55.408807;22/Jul/2026:11:42:55.407938;22/Jul/2026:11:42:55.404454;22/Jul/2026:11:42:52.710757;22/Jul/2026:11:42:50.315600;22/Jul/2026:11:42:53.812632;22/Jul/2026:11:42:44.222603;22/Jul/2026:11:42:45.242622;22/Jul/2026:11:42:50.299593;22/Jul/2026:11:42:47.767037;22/Jul/2026:11:42:50.307674;22/Jul/2026:11:42:45.249215;22/Jul/2026:11:42:55.399080;22/Jul/2026:11:42:55.406863;22/Jul/2026:11:42:55.407109;22/Jul/2026:11:42:52.707238;22/Jul/2026:11:42:50.314848;22/Jul/2026:11:42:55.409329;22/Jul/2026:11:42:50.296589;22/Jul/2026:11:42:42.830203;22/Jul/2026:11:42:45.243175;22/Jul/2026:11:42:52.707984;22/Jul/2026:11:42:55.406162;22/Jul/2026:11:42:52.706855;22/Jul/2026:11:42:52.702183;22/Jul/2026:11:42:50.304994;22/Jul/2026:11:42:35.348804;22/Jul/2026:11:42:55.405804;22/Jul/2026:11:42:47.777554;22/Jul/2026:11:42:55.399191;22/Jul/2026:11:42:38.935024;22/Jul/2026:11:42:55.405537;22/Jul/2026:11:42:53.812366;22/Jul/2026:11:42:55.399396;22/Jul/2026:11:42:50.296968;22/Jul/2026:11:42:52.707294;22/Jul/2026:11:42:43.932624;22/Jul/2026:11:42:55.411913;22/Jul/2026:11:42:45.249678;22/Jul/2026:11:42:55.405903;22/Jul/2026:11:42:50.310725;22/Jul/2026:11:42:52.708394;22/Jul/2026:11:42:40.338490;22/Jul/2026:11:42:55.413198;22/Jul/2026:11:42:52.697928;22/Jul/2026:11:42:21.451030;22/Jul/2026:11:42:50.314238,20.9692;18.4081;12.5898;16.4186;2.7276;2.7329;5.1326;5.1321;2.7418;0.0670;0.0834;12.6706;0.1035;23.2482;10.2687;15.1843;2.8280;1.7204;0.1378;9.1433;0.1546;5.3169;7.8378;6.5777;7.8585;7.8874;6.8454;7.9057;0.3113;0.3329;3.0316;8.0733;0.4895;8.1352;16.6284;15.6490;3.3050;3.3097;0.6178;3.3377;10.8411;19.1155;22.5587;5.8710;0.7680;3.4934;9.7941;0.8012;8.4372;3.5132;5.9430;0.8544;12.2620;0.9323;3.6227;3.6295;11.1024;0.9590;7.5697;22.8303;6.1023;8.6471;3.7158;1.0478;12.4142;6.1688;1.0789;1.1084;2.7170;1.1306;1.1580;1.1688;3.8712;6.2684;2.7810;12.3871;11.3985;6.3427;8.8789;6.3567;11.4469;1.3179;1.3365;1.3396;4.0422;6.4451;1.3592;6.4987;13.9674;11.5700;4.1088;1.4206;4.1220;4.1580;6.5808;21.5541;1.5149;9.1448;1.5317;17.9989;1.5492;3.1481;1.5771;6.6802;4.2970;13.0840;1.6498;11.8268;1.6757;6.7822;4.3919;16.7747;1.7323;4.4484;35.6974;6.8775
15,5,334,success,None,22/Jul/2026:11:42:55.397895,22/Jul/2026:11:42:57.560604,2.1627,116,22/Jul/2026:11:42:34.445245;22/Jul/2026:11:42:37.008962;22/Jul/2026:11:42:42.831616;22/Jul/2026:11:42:39.006808;22/Jul/2026:11:42:52.701609;22/Jul/2026:11:42:52.701524;22/Jul/2026:11:42:50.302245;22/Jul/2026:11:42:50.305945;22/Jul/2026:11:42:52.703274;22/Jul/2026:11:42:55.399296;22/Jul/2026:11:42:55.404009;22/Jul/2026:11:42:42.824479;22/Jul/2026:11:42:55.402816;22/Jul/2026:11:42:32.268065;22/Jul/2026:11:42:45.253907;22/Jul/2026:11:42:40.342331;22/Jul/2026:11:42:52.699438;22/Jul/2026:11:42:53.812788;22/Jul/2026:11:42:55.401409;22/Jul/2026:11:42:46.407879;22/Jul/2026:11:42:55.400785;22/Jul/2026:11:42:50.294042;22/Jul/2026:11:42:47.774951;22/Jul/2026:11:42:49.044982;22/Jul/2026:11:42:47.765697;22/Jul/2026:11:42:47.766007;22/Jul/2026:11:42:48.823544;22/Jul/2026:11:42:47.778313;22/Jul/2026:11:42:55.399703;22/Jul/2026:11:42:55.398920;22/Jul/2026:11:42:52.709197;22/Jul/2026:11:42:47.772556;22/Jul/2026:11:42:55.401932;22/Jul/2026:11:42:47.769959;22/Jul/2026:11:42:39.281653;22/Jul/2026:11:42:40.340242;22/Jul/2026:11:42:52.701713;22/Jul/2026:11:42:52.701833;22/Jul/2026:11:42:55.399448;22/Jul/2026:11:42:52.694461;22/Jul/2026:11:42:45.249281;22/Jul/2026:11:42:37.010189;22/Jul/2026:11:42:33.579482;22/Jul/2026:11:42:50.295889;22/Jul/2026:11:42:55.405829;22/Jul/2026:11:42:52.700096;22/Jul/2026:11:42:46.400116;22/Jul/2026:11:42:55.400266;22/Jul/2026:11:42:47.769523;22/Jul/2026:11:42:52.701433;22/Jul/2026:11:42:50.315094;22/Jul/2026:11:42:55.407053;22/Jul/2026:11:42:44.053185;22/Jul/2026:11:42:55.398795;22/Jul/2026:11:42:52.709948;22/Jul/2026:11:42:52.707788;22/Jul/2026:11:42:45.253560;22/Jul/2026:11:42:55.399977;22/Jul/2026:11:42:48.824415;22/Jul/2026:11:42:33.578697;22/Jul/2026:11:42:50.307728;22/Jul/2026:11:42:47.774892;22/Jul/2026:11:42:52.708081;22/Jul/2026:11:42:55.398623;22/Jul/2026:11:42:44.053715;22/Jul/2026:11:42:50.307881;22/Jul/2026:11:42:55.409536;22/Jul/2026:11:42:55.404397;22/Jul/2026:11:42:53.812574;22/Jul/2026:11:42:55.408807;22/Jul/2026:11:42:55.407938;22/Jul/2026:11:42:55.404454;22/Jul/2026:11:42:52.710757;22/Jul/2026:11:42:50.315600;22/Jul/2026:11:42:53.812632;22/Jul/2026:11:42:44.222603;22/Jul/2026:11:42:45.242622;22/Jul/2026:11:42:50.299593;22/Jul/2026:11:42:47.767037;22/Jul/2026:11:42:50.307674;22/Jul/2026:11:42:45.249215;22/Jul/2026:11:42:55.399080;22/Jul/2026:11:42:55.406863;22/Jul/2026:11:42:55.407109;22/Jul/2026:11:42:52.707238;22/Jul/2026:11:42:50.314848;22/Jul/2026:11:42:55.409329;22/Jul/2026:11:42:50.296589;22/Jul/2026:11:42:42.830203;22/Jul/2026:11:42:45.243175;22/Jul/2026:11:42:52.707984;22/Jul/2026:11:42:55.406162;22/Jul/2026:11:42:52.706855;22/Jul/2026:11:42:52.702183;22/Jul/2026:11:42:50.304994;22/Jul/2026:11:42:35.348804;22/Jul/2026:11:42:55.405804;22/Jul/2026:11:42:47.777554;22/Jul/2026:11:42:55.399191;22/Jul/2026:11:42:38.935024;22/Jul/2026:11:42:55.405537;22/Jul/2026:11:42:53.812366;22/Jul/2026:11:42:55.399396;22/Jul/2026:11:42:50.296968;22/Jul/2026:11:42:52.707294;22/Jul/2026:11:42:43.932624;22/Jul/2026:11:42:55.411913;22/Jul/2026:11:42:45.249678;22/Jul/2026:11:42:55.405903;22/Jul/2026:11:42:50.310725;22/Jul/2026:11:42:52.708394;22/Jul/2026:11:42:40.338490;22/Jul/2026:11:42:55.413198;22/Jul/2026:11:42:52.697928;22/Jul/2026:11:42:21.451030;22/Jul/2026:11:42:50.314238,20.9692;18.4081;12.5898;16.4186;2.7276;2.7329;5.1326;5.1321;2.7418;0.0670;0.0834;12.6706;0.1035;23.2482;10.2687;15.1843;2.8280;1.7204;0.1378;9.1433;0.1546;5.3169;7.8378;6.5777;7.8585;7.8874;6.8454;7.9057;0.3113;0.3329;3.0316;8.0733;0.4895;8.1352;16.6284;15.6490;3.3050;3.3097;0.6178;3.3377;10.8411;19.1155;22.5587;5.8710;0.7680;3.4934;9.7941;0.8012;8.4372;3.5132;5.9430;0.8544;12.2620;0.9323;3.6227;3.6295;11.1024;0.9590;7.5697;22.8303;6.1023;8.6471;3.7158;1.0478;12.4142;6.1688;1.0789;1.1084;2.7170;1.1306;1.1580;1.1688;3.8712;6.2684;2.7810;12.3871;11.3985;6.3427;8.8789;6.3567;11.4469;1.3179;1.3365;1.3396;4.0422;6.4451;1.3592;6.4987;13.9674;11.5700;4.1088;1.4206;4.1220;4.1580;6.5808;21.5541;1.5149;9.1448;1.5317;17.9989;1.5492;3.1481;1.5771;6.6802;4.2970;13.0840;1.6498;11.8268;1.6757;6.7822;4.3919;16.7747;1.7323;4.4484;35.6974;6.8775
15,5,324,success,None,22/Jul/2026:11:42:55.397721,22/Jul/2026:11:42:57.600257,2.2025,116,22/Jul/2026:11:42:34.445245;22/Jul/2026:11:42:37.008962;22/Jul/2026:11:42:42.831616;22/Jul/2026:11:42:39.006808;22/Jul/2026:11:42:52.701609;22/Jul/2026:11:42:52.701524;22/Jul/2026:11:42:50.302245;22/Jul/2026:11:42:50.305945;22/Jul/2026:11:42:52.703274;22/Jul/2026:11:42:55.399296;22/Jul/2026:11:42:55.404009;22/Jul/2026:11:42:42.824479;22/Jul/2026:11:42:55.402816;22/Jul/2026:11:42:32.268065;22/Jul/2026:11:42:45.253907;22/Jul/2026:11:42:40.342331;22/Jul/2026:11:42:52.699438;22/Jul/2026:11:42:53.812788;22/Jul/2026:11:42:55.401409;22/Jul/2026:11:42:46.407879;22/Jul/2026:11:42:55.400785;22/Jul/2026:11:42:50.294042;22/Jul/2026:11:42:47.774951;22/Jul/2026:11:42:49.044982;22/Jul/2026:11:42:47.765697;22/Jul/2026:11:42:47.766007;22/Jul/2026:11:42:48.823544;22/Jul/2026:11:42:47.778313;22/Jul/2026:11:42:55.399703;22/Jul/2026:11:42:55.398920;22/Jul/2026:11:42:52.709197;22/Jul/2026:11:42:47.772556;22/Jul/2026:11:42:55.401932;22/Jul/2026:11:42:47.769959;22/Jul/2026:11:42:39.281653;22/Jul/2026:11:42:40.340242;22/Jul/2026:11:42:52.701713;22/Jul/2026:11:42:52.701833;22/Jul/2026:11:42:55.399448;22/Jul/2026:11:42:52.694461;22/Jul/2026:11:42:45.249281;22/Jul/2026:11:42:37.010189;22/Jul/2026:11:42:33.579482;22/Jul/2026:11:42:50.295889;22/Jul/2026:11:42:55.405829;22/Jul/2026:11:42:52.700096;22/Jul/2026:11:42:46.400116;22/Jul/2026:11:42:55.400266;22/Jul/2026:11:42:47.769523;22/Jul/2026:11:42:52.701433;22/Jul/2026:11:42:50.315094;22/Jul/2026:11:42:55.407053;22/Jul/2026:11:42:44.053185;22/Jul/2026:11:42:55.398795;22/Jul/2026:11:42:52.709948;22/Jul/2026:11:42:52.707788;22/Jul/2026:11:42:45.253560;22/Jul/2026:11:42:55.399977;22/Jul/2026:11:42:48.824415;22/Jul/2026:11:42:33.578697;22/Jul/2026:11:42:50.307728;22/Jul/2026:11:42:47.774892;22/Jul/2026:11:42:52.708081;22/Jul/2026:11:42:55.398623;22/Jul/2026:11:42:44.053715;22/Jul/2026:11:42:50.307881;22/Jul/2026:11:42:55.409536;22/Jul/2026:11:42:55.404397;22/Jul/2026:11:42:53.812574;22/Jul/2026:11:42:55.408807;22/Jul/2026:11:42:55.407938;22/Jul/2026:11:42:55.404454;22/Jul/2026:11:42:52.710757;22/Jul/2026:11:42:50.315600;22/Jul/2026:11:42:53.812632;22/Jul/2026:11:42:44.222603;22/Jul/2026:11:42:45.242622;22/Jul/2026:11:42:50.299593;22/Jul/2026:11:42:47.767037;22/Jul/2026:11:42:50.307674;22/Jul/2026:11:42:45.249215;22/Jul/2026:11:42:55.399080;22/Jul/2026:11:42:55.406863;22/Jul/2026:11:42:55.407109;22/Jul/2026:11:42:52.707238;22/Jul/2026:11:42:50.314848;22/Jul/2026:11:42:55.409329;22/Jul/2026:11:42:50.296589;22/Jul/2026:11:42:42.830203;22/Jul/2026:11:42:45.243175;22/Jul/2026:11:42:52.707984;22/Jul/2026:11:42:55.406162;22/Jul/2026:11:42:52.706855;22/Jul/2026:11:42:52.702183;22/Jul/2026:11:42:50.304994;22/Jul/2026:11:42:35.348804;22/Jul/2026:11:42:55.405804;22/Jul/2026:11:42:47.777554;22/Jul/2026:11:42:55.399191;22/Jul/2026:11:42:38.935024;22/Jul/2026:11:42:55.405537;22/Jul/2026:11:42:53.812366;22/Jul/2026:11:42:55.399396;22/Jul/2026:11:42:50.296968;22/Jul/2026:11:42:52.707294;22/Jul/2026:11:42:43.932624;22/Jul/2026:11:42:55.411913;22/Jul/2026:11:42:45.249678;22/Jul/2026:11:42:55.405903;22/Jul/2026:11:42:50.310725;22/Jul/2026:11:42:52.708394;22/Jul/2026:11:42:40.338490;22/Jul/2026:11:42:55.413198;22/Jul/2026:11:42:52.697928;22/Jul/2026:11:42:21.451030;22/Jul/2026:11:42:50.314238,20.9692;18.4081;12.5898;16.4186;2.7276;2.7329;5.1326;5.1321;2.7418;0.0670;0.0834;12.6706;0.1035;23.2482;10.2687;15.1843;2.8280;1.7204;0.1378;9.1433;0.1546;5.3169;7.8378;6.5777;7.8585;7.8874;6.8454;7.9057;0.3113;0.3329;3.0316;8.0733;0.4895;8.1352;16.6284;15.6490;3.3050;3.3097;0.6178;3.3377;10.8411;19.1155;22.5587;5.8710;0.7680;3.4934;9.7941;0.8012;8.4372;3.5132;5.9430;0.8544;12.2620;0.9323;3.6227;3.6295;11.1024;0.9590;7.5697;22.8303;6.1023;8.6471;3.7158;1.0478;12.4142;6.1688;1.0789;1.1084;2.7170;1.1306;1.1580;1.1688;3.8712;6.2684;2.7810;12.3871;11.3985;6.3427;8.8789;6.3567;11.4469;1.3179;1.3365;1.3396;4.0422;6.4451;1.3592;6.4987;13.9674;11.5700;4.1088;1.4206;4.1220;4.1580;6.5808;21.5541;1.5149;9.1448;1.5317;17.9989;1.5492;3.1481;1.5771;6.6802;4.2970;13.0840;1.6498;11.8268;1.6757;6.7822;4.3919;16.7747;1.7323;4.4484;35.6974;6.8775
15,5,343,success,None,22/Jul/2026:11:42:55.398056,22/Jul/2026:11:42:57.619021,2.2210,116,22/Jul/2026:11:42:34.445245;22/Jul/2026:11:42:37.008962;22/Jul/2026:11:42:42.831616;22/Jul/2026:11:42:39.006808;22/Jul/2026:11:42:52.701609;22/Jul/2026:11:42:52.701524;22/Jul/2026:11:42:50.302245;22/Jul/2026:11:42:50.305945;22/Jul/2026:11:42:52.703274;22/Jul/2026:11:42:55.399296;22/Jul/2026:11:42:55.404009;22/Jul/2026:11:42:42.824479;22/Jul/2026:11:42:55.402816;22/Jul/2026:11:42:32.268065;22/Jul/2026:11:42:45.253907;22/Jul/2026:11:42:40.342331;22/Jul/2026:11:42:52.699438;22/Jul/2026:11:42:53.812788;22/Jul/2026:11:42:55.401409;22/Jul/2026:11:42:46.407879;22/Jul/2026:11:42:55.400785;22/Jul/2026:11:42:50.294042;22/Jul/2026:11:42:47.774951;22/Jul/2026:11:42:49.044982;22/Jul/2026:11:42:47.765697;22/Jul/2026:11:42:47.766007;22/Jul/2026:11:42:48.823544;22/Jul/2026:11:42:47.778313;22/Jul/2026:11:42:55.399703;22/Jul/2026:11:42:55.398920;22/Jul/2026:11:42:52.709197;22/Jul/2026:11:42:47.772556;22/Jul/2026:11:42:55.401932;22/Jul/2026:11:42:47.769959;22/Jul/2026:11:42:39.281653;22/Jul/2026:11:42:40.340242;22/Jul/2026:11:42:52.701713;22/Jul/2026:11:42:52.701833;22/Jul/2026:11:42:55.399448;22/Jul/2026:11:42:52.694461;22/Jul/2026:11:42:45.249281;22/Jul/2026:11:42:37.010189;22/Jul/2026:11:42:33.579482;22/Jul/2026:11:42:50.295889;22/Jul/2026:11:42:55.405829;22/Jul/2026:11:42:52.700096;22/Jul/2026:11:42:46.400116;22/Jul/2026:11:42:55.400266;22/Jul/2026:11:42:47.769523;22/Jul/2026:11:42:52.701433;22/Jul/2026:11:42:50.315094;22/Jul/2026:11:42:55.407053;22/Jul/2026:11:42:44.053185;22/Jul/2026:11:42:55.398795;22/Jul/2026:11:42:52.709948;22/Jul/2026:11:42:52.707788;22/Jul/2026:11:42:45.253560;22/Jul/2026:11:42:55.399977;22/Jul/2026:11:42:48.824415;22/Jul/2026:11:42:33.578697;22/Jul/2026:11:42:50.307728;22/Jul/2026:11:42:47.774892;22/Jul/2026:11:42:52.708081;22/Jul/2026:11:42:55.398623;22/Jul/2026:11:42:44.053715;22/Jul/2026:11:42:50.307881;22/Jul/2026:11:42:55.409536;22/Jul/2026:11:42:55.404397;22/Jul/2026:11:42:53.812574;22/Jul/2026:11:42:55.408807;22/Jul/2026:11:42:55.407938;22/Jul/2026:11:42:55.404454;22/Jul/2026:11:42:52.710757;22/Jul/2026:11:42:50.315600;22/Jul/2026:11:42:53.812632;22/Jul/2026:11:42:44.222603;22/Jul/2026:11:42:45.242622;22/Jul/2026:11:42:50.299593;22/Jul/2026:11:42:47.767037;22/Jul/2026:11:42:50.307674;22/Jul/2026:11:42:45.249215;22/Jul/2026:11:42:55.399080;22/Jul/2026:11:42:55.406863;22/Jul/2026:11:42:55.407109;22/Jul/2026:11:42:52.707238;22/Jul/2026:11:42:50.314848;22/Jul/2026:11:42:55.409329;22/Jul/2026:11:42:50.296589;22/Jul/2026:11:42:42.830203;22/Jul/2026:11:42:45.243175;22/Jul/2026:11:42:52.707984;22/Jul/2026:11:42:55.406162;22/Jul/2026:11:42:52.706855;22/Jul/2026:11:42:52.702183;22/Jul/2026:11:42:50.304994;22/Jul/2026:11:42:35.348804;22/Jul/2026:11:42:55.405804;22/Jul/2026:11:42:47.777554;22/Jul/2026:11:42:55.399191;22/Jul/2026:11:42:38.935024;22/Jul/2026:11:42:55.405537;22/Jul/2026:11:42:53.812366;22/Jul/2026:11:42:55.399396;22/Jul/2026:11:42:50.296968;22/Jul/2026:11:42:52.707294;22/Jul/2026:11:42:43.932624;22/Jul/2026:11:42:55.411913;22/Jul/2026:11:42:45.249678;22/Jul/2026:11:42:55.405903;22/Jul/2026:11:42:50.310725;22/Jul/2026:11:42:52.708394;22/Jul/2026:11:42:40.338490;22/Jul/2026:11:42:55.413198;22/Jul/2026:11:42:52.697928;22/Jul/2026:11:42:21.451030;22/Jul/2026:11:42:50.314238,20.9692;18.4081;12.5898;16.4186;2.7276;2.7329;5.1326;5.1321;2.7418;0.0670;0.0834;12.6706;0.1035;23.2482;10.2687;15.1843;2.8280;1.7204;0.1378;9.1433;0.1546;5.3169;7.8378;6.5777;7.8585;7.8874;6.8454;7.9057;0.3113;0.3329;3.0316;8.0733;0.4895;8.1352;16.6284;15.6490;3.3050;3.3097;0.6178;3.3377;10.8411;19.1155;22.5587;5.8710;0.7680;3.4934;9.7941;0.8012;8.4372;3.5132;5.9430;0.8544;12.2620;0.9323;3.6227;3.6295;11.1024;0.9590;7.5697;22.8303;6.1023;8.6471;3.7158;1.0478;12.4142;6.1688;1.0789;1.1084;2.7170;1.1306;1.1580;1.1688;3.8712;6.2684;2.7810;12.3871;11.3985;6.3427;8.8789;6.3567;11.4469;1.3179;1.3365;1.3396;4.0422;6.4451;1.3592;6.4987;13.9674;11.5700;4.1088;1.4206;4.1220;4.1580;6.5808;21.5541;1.5149;9.1448;1.5317;17.9989;1.5492;3.1481;1.5771;6.6802;4.2970;13.0840;1.6498;11.8268;1.6757;6.7822;4.3919;16.7747;1.7323;4.4484;35.6974;6.8775
15,5,366,success,None,22/Jul/2026:11:42:55.398238,22/Jul/2026:11:42:57.799082,2.4008,116,22/Jul/2026:11:42:34.445245;22/Jul/2026:11:42:37.008962;22/Jul/2026:11:42:42.831616;22/Jul/2026:11:42:39.006808;22/Jul/2026:11:42:52.701609;22/Jul/2026:11:42:52.701524;22/Jul/2026:11:42:50.302245;22/Jul/2026:11:42:50.305945;22/Jul/2026:11:42:52.703274;22/Jul/2026:11:42:55.399296;22/Jul/2026:11:42:55.404009;22/Jul/2026:11:42:42.824479;22/Jul/2026:11:42:55.402816;22/Jul/2026:11:42:32.268065;22/Jul/2026:11:42:45.253907;22/Jul/2026:11:42:40.342331;22/Jul/2026:11:42:52.699438;22/Jul/2026:11:42:53.812788;22/Jul/2026:11:42:55.401409;22/Jul/2026:11:42:46.407879;22/Jul/2026:11:42:55.400785;22/Jul/2026:11:42:50.294042;22/Jul/2026:11:42:47.774951;22/Jul/2026:11:42:49.044982;22/Jul/2026:11:42:47.765697;22/Jul/2026:11:42:47.766007;22/Jul/2026:11:42:48.823544;22/Jul/2026:11:42:47.778313;22/Jul/2026:11:42:55.399703;22/Jul/2026:11:42:55.398920;22/Jul/2026:11:42:52.709197;22/Jul/2026:11:42:47.772556;22/Jul/2026:11:42:55.401932;22/Jul/2026:11:42:47.769959;22/Jul/2026:11:42:39.281653;22/Jul/2026:11:42:40.340242;22/Jul/2026:11:42:52.701713;22/Jul/2026:11:42:52.701833;22/Jul/2026:11:42:55.399448;22/Jul/2026:11:42:52.694461;22/Jul/2026:11:42:45.249281;22/Jul/2026:11:42:37.010189;22/Jul/2026:11:42:33.579482;22/Jul/2026:11:42:50.295889;22/Jul/2026:11:42:55.405829;22/Jul/2026:11:42:52.700096;22/Jul/2026:11:42:46.400116;22/Jul/2026:11:42:55.400266;22/Jul/2026:11:42:47.769523;22/Jul/2026:11:42:52.701433;22/Jul/2026:11:42:50.315094;22/Jul/2026:11:42:55.407053;22/Jul/2026:11:42:44.053185;22/Jul/2026:11:42:55.398795;22/Jul/2026:11:42:52.709948;22/Jul/2026:11:42:52.707788;22/Jul/2026:11:42:45.253560;22/Jul/2026:11:42:55.399977;22/Jul/2026:11:42:48.824415;22/Jul/2026:11:42:33.578697;22/Jul/2026:11:42:50.307728;22/Jul/2026:11:42:47.774892;22/Jul/2026:11:42:52.708081;22/Jul/2026:11:42:55.398623;22/Jul/2026:11:42:44.053715;22/Jul/2026:11:42:50.307881;22/Jul/2026:11:42:55.409536;22/Jul/2026:11:42:55.404397;22/Jul/2026:11:42:53.812574;22/Jul/2026:11:42:55.408807;22/Jul/2026:11:42:55.407938;22/Jul/2026:11:42:55.404454;22/Jul/2026:11:42:52.710757;22/Jul/2026:11:42:50.315600;22/Jul/2026:11:42:53.812632;22/Jul/2026:11:42:44.222603;22/Jul/2026:11:42:45.242622;22/Jul/2026:11:42:50.299593;22/Jul/2026:11:42:47.767037;22/Jul/2026:11:42:50.307674;22/Jul/2026:11:42:45.249215;22/Jul/2026:11:42:55.399080;22/Jul/2026:11:42:55.406863;22/Jul/2026:11:42:55.407109;22/Jul/2026:11:42:52.707238;22/Jul/2026:11:42:50.314848;22/Jul/2026:11:42:55.409329;22/Jul/2026:11:42:50.296589;22/Jul/2026:11:42:42.830203;22/Jul/2026:11:42:45.243175;22/Jul/2026:11:42:52.707984;22/Jul/2026:11:42:55.406162;22/Jul/2026:11:42:52.706855;22/Jul/2026:11:42:52.702183;22/Jul/2026:11:42:50.304994;22/Jul/2026:11:42:35.348804;22/Jul/2026:11:42:55.405804;22/Jul/2026:11:42:47.777554;22/Jul/2026:11:42:55.399191;22/Jul/2026:11:42:38.935024;22/Jul/2026:11:42:55.405537;22/Jul/2026:11:42:53.812366;22/Jul/2026:11:42:55.399396;22/Jul/2026:11:42:50.296968;22/Jul/2026:11:42:52.707294;22/Jul/2026:11:42:43.932624;22/Jul/2026:11:42:55.411913;22/Jul/2026:11:42:45.249678;22/Jul/2026:11:42:55.405903;22/Jul/2026:11:42:50.310725;22/Jul/2026:11:42:52.708394;22/Jul/2026:11:42:40.338490;22/Jul/2026:11:42:55.413198;22/Jul/2026:11:42:52.697928;22/Jul/2026:11:42:21.451030;22/Jul/2026:11:42:50.314238,20.9692;18.4081;12.5898;16.4186;2.7276;2.7329;5.1326;5.1321;2.7418;0.0670;0.0834;12.6706;0.1035;23.2482;10.2687;15.1843;2.8280;1.7204;0.1378;9.1433;0.1546;5.3169;7.8378;6.5777;7.8585;7.8874;6.8454;7.9057;0.3113;0.3329;3.0316;8.0733;0.4895;8.1352;16.6284;15.6490;3.3050;3.3097;0.6178;3.3377;10.8411;19.1155;22.5587;5.8710;0.7680;3.4934;9.7941;0.8012;8.4372;3.5132;5.9430;0.8544;12.2620;0.9323;3.6227;3.6295;11.1024;0.9590;7.5697;22.8303;6.1023;8.6471;3.7158;1.0478;12.4142;6.1688;1.0789;1.1084;2.7170;1.1306;1.1580;1.1688;3.8712;6.2684;2.7810;12.3871;11.3985;6.3427;8.8789;6.3567;11.4469;1.3179;1.3365;1.3396;4.0422;6.4451;1.3592;6.4987;13.9674;11.5700;4.1088;1.4206;4.1220;4.1580;6.5808;21.5541;1.5149;9.1448;1.5317;17.9989;1.5492;3.1481;1.5771;6.6802;4.2970;13.0840;1.6498;11.8268;1.6757;6.7822;4.3919;16.7747;1.7323;4.4484;35.6974;6.8775
15,5,415,success,None,22/Jul/2026:11:42:55.398419,22/Jul/2026:11:42:57.862478,2.4641,116,22/Jul/2026:11:42:34.445245;22/Jul/2026:11:42:37.008962;22/Jul/2026:11:42:42.831616;22/Jul/2026:11:42:39.006808;22/Jul/2026:11:42:52.701609;22/Jul/2026:11:42:52.701524;22/Jul/2026:11:42:50.302245;22/Jul/2026:11:42:50.305945;22/Jul/2026:11:42:52.703274;22/Jul/2026:11:42:55.399296;22/Jul/2026:11:42:55.404009;22/Jul/2026:11:42:42.824479;22/Jul/2026:11:42:55.402816;22/Jul/2026:11:42:32.268065;22/Jul/2026:11:42:45.253907;22/Jul/2026:11:42:40.342331;22/Jul/2026:11:42:52.699438;22/Jul/2026:11:42:53.812788;22/Jul/2026:11:42:55.401409;22/Jul/2026:11:42:46.407879;22/Jul/2026:11:42:55.400785;22/Jul/2026:11:42:50.294042;22/Jul/2026:11:42:47.774951;22/Jul/2026:11:42:49.044982;22/Jul/2026:11:42:47.765697;22/Jul/2026:11:42:47.766007;22/Jul/2026:11:42:48.823544;22/Jul/2026:11:42:47.778313;22/Jul/2026:11:42:55.399703;22/Jul/2026:11:42:55.398920;22/Jul/2026:11:42:52.709197;22/Jul/2026:11:42:47.772556;22/Jul/2026:11:42:55.401932;22/Jul/2026:11:42:47.769959;22/Jul/2026:11:42:39.281653;22/Jul/2026:11:42:40.340242;22/Jul/2026:11:42:52.701713;22/Jul/2026:11:42:52.701833;22/Jul/2026:11:42:55.399448;22/Jul/2026:11:42:52.694461;22/Jul/2026:11:42:45.249281;22/Jul/2026:11:42:37.010189;22/Jul/2026:11:42:33.579482;22/Jul/2026:11:42:50.295889;22/Jul/2026:11:42:55.405829;22/Jul/2026:11:42:52.700096;22/Jul/2026:11:42:46.400116;22/Jul/2026:11:42:55.400266;22/Jul/2026:11:42:47.769523;22/Jul/2026:11:42:52.701433;22/Jul/2026:11:42:50.315094;22/Jul/2026:11:42:55.407053;22/Jul/2026:11:42:44.053185;22/Jul/2026:11:42:55.398795;22/Jul/2026:11:42:52.709948;22/Jul/2026:11:42:52.707788;22/Jul/2026:11:42:45.253560;22/Jul/2026:11:42:55.399977;22/Jul/2026:11:42:48.824415;22/Jul/2026:11:42:33.578697;22/Jul/2026:11:42:50.307728;22/Jul/2026:11:42:47.774892;22/Jul/2026:11:42:52.708081;22/Jul/2026:11:42:55.398623;22/Jul/2026:11:42:44.053715;22/Jul/2026:11:42:50.307881;22/Jul/2026:11:42:55.409536;22/Jul/2026:11:42:55.404397;22/Jul/2026:11:42:53.812574;22/Jul/2026:11:42:55.408807;22/Jul/2026:11:42:55.407938;22/Jul/2026:11:42:55.404454;22/Jul/2026:11:42:52.710757;22/Jul/2026:11:42:50.315600;22/Jul/2026:11:42:53.812632;22/Jul/2026:11:42:44.222603;22/Jul/2026:11:42:45.242622;22/Jul/2026:11:42:50.299593;22/Jul/2026:11:42:47.767037;22/Jul/2026:11:42:50.307674;22/Jul/2026:11:42:45.249215;22/Jul/2026:11:42:55.399080;22/Jul/2026:11:42:55.406863;22/Jul/2026:11:42:55.407109;22/Jul/2026:11:42:52.707238;22/Jul/2026:11:42:50.314848;22/Jul/2026:11:42:55.409329;22/Jul/2026:11:42:50.296589;22/Jul/2026:11:42:42.830203;22/Jul/2026:11:42:45.243175;22/Jul/2026:11:42:52.707984;22/Jul/2026:11:42:55.406162;22/Jul/2026:11:42:52.706855;22/Jul/2026:11:42:52.702183;22/Jul/2026:11:42:50.304994;22/Jul/2026:11:42:35.348804;22/Jul/2026:11:42:55.405804;22/Jul/2026:11:42:47.777554;22/Jul/2026:11:42:55.399191;22/Jul/2026:11:42:38.935024;22/Jul/2026:11:42:55.405537;22/Jul/2026:11:42:53.812366;22/Jul/2026:11:42:55.399396;22/Jul/2026:11:42:50.296968;22/Jul/2026:11:42:52.707294;22/Jul/2026:11:42:43.932624;22/Jul/2026:11:42:55.411913;22/Jul/2026:11:42:45.249678;22/Jul/2026:11:42:55.405903;22/Jul/2026:11:42:50.310725;22/Jul/2026:11:42:52.708394;22/Jul/2026:11:42:40.338490;22/Jul/2026:11:42:55.413198;22/Jul/2026:11:42:52.697928;22/Jul/2026:11:42:21.451030;22/Jul/2026:11:42:50.314238,20.9692;18.4081;12.5898;16.4186;2.7276;2.7329;5.1326;5.1321;2.7418;0.0670;0.0834;12.6706;0.1035;23.2482;10.2687;15.1843;2.8280;1.7204;0.1378;9.1433;0.1546;5.3169;7.8378;6.5777;7.8585;7.8874;6.8454;7.9057;0.3113;0.3329;3.0316;8.0733;0.4895;8.1352;16.6284;15.6490;3.3050;3.3097;0.6178;3.3377;10.8411;19.1155;22.5587;5.8710;0.7680;3.4934;9.7941;0.8012;8.4372;3.5132;5.9430;0.8544;12.2620;0.9323;3.6227;3.6295;11.1024;0.9590;7.5697;22.8303;6.1023;8.6471;3.7158;1.0478;12.4142;6.1688;1.0789;1.1084;2.7170;1.1306;1.1580;1.1688;3.8712;6.2684;2.7810;12.3871;11.3985;6.3427;8.8789;6.3567;11.4469;1.3179;1.3365;1.3396;4.0422;6.4451;1.3592;6.4987;13.9674;11.5700;4.1088;1.4206;4.1220;4.1580;6.5808;21.5541;1.5149;9.1448;1.5317;17.9989;1.5492;3.1481;1.5771;6.6802;4.2970;13.0840;1.6498;11.8268;1.6757;6.7822;4.3919;16.7747;1.7323;4.4484;35.6974;6.8775
