maxWorkers,chunkSize,StartIndex,Status,Error,StartClock,EndClock,Slice_Latency,HTTPSRequestCount,HTTPSRequestClocks,HTTPSRequestLatencies,HTTPS Byte Ranges,HTTPSRequestIDs
1,5,5,success,None,22/Jul/2026:17:23:10.600117,22/Jul/2026:17:23:11.265470,0.6653,0,None,None,None,None
1,5,14,success,None,22/Jul/2026:17:23:11.265945,22/Jul/2026:17:23:12.299601,1.0337,3,22/Jul/2026:17:23:11.266896;22/Jul/2026:17:23:10.601925;22/Jul/2026:17:23:10.602040,0.0128;0.6880;0.6896,bytes=64031676-64101355;bytes=33501535-34378949;bytes=36416455-36543919,2840db94;4caee2c3;ed4a35b5
1,5,21,success,None,22/Jul/2026:17:23:12.299901,22/Jul/2026:17:23:12.945068,0.6452,4,22/Jul/2026:17:23:11.266314;22/Jul/2026:17:23:10.601390;22/Jul/2026:17:23:12.301759;22/Jul/2026:17:23:11.267156,1.0407;1.7230;0.0247;1.0708,bytes=56567130-57460713;bytes=28040343-28228335;bytes=100736163-100823178;bytes=61334061-62230151,23c5139d;dda58142;900667ec;e9dd3310
1,5,31,success,None,22/Jul/2026:17:23:12.945368,22/Jul/2026:17:23:13.570830,0.6255,7,22/Jul/2026:17:23:12.301701;22/Jul/2026:17:23:12.301261;22/Jul/2026:17:23:12.302120;22/Jul/2026:17:23:12.300659;22/Jul/2026:17:23:12.947237;22/Jul/2026:17:23:12.947732;22/Jul/2026:17:23:12.302240,0.6505;0.6543;0.6544;0.6569;0.0153;0.0191;0.6757,bytes=97062700-97160197;bytes=93079693-93177728;bytes=99839545-100736162;bytes=88943721-89074012;bytes=141544733-141634968;bytes=141819095-141917244;bytes=101014334-101109646,c9907ccf;27b459c2;e445db06;6e8a0a0d;1c266722;4c31f6b4;22c0cc49
1,5,43,success,None,22/Jul/2026:17:23:13.571146,22/Jul/2026:17:23:14.013960,0.4428,5,22/Jul/2026:17:23:11.268597;22/Jul/2026:17:23:12.945884;22/Jul/2026:17:23:12.946951;22/Jul/2026:17:23:13.573772;22/Jul/2026:17:23:12.947674,2.3102;0.6350;0.6416;0.0195;0.6751,bytes=72419817-72625560;bytes=126492676-127379382;bytes=134855394-135741531;bytes=194391280-194483396;bytes=141731597-141819094,7f88fd9f;15c20aba;3a0e7c7f;df195ec0;af56fdec
1,5,52,success,None,22/Jul/2026:17:23:14.014249,22/Jul/2026:17:23:14.865691,0.8514,5,22/Jul/2026:17:23:13.572567;22/Jul/2026:17:23:12.947786;22/Jul/2026:17:23:12.946439;22/Jul/2026:17:23:13.571924;22/Jul/2026:17:23:14.015574,0.4496;1.0764;1.0801;0.4547;0.0696,bytes=182324487-182485932;bytes=145507303-145585440;bytes=129793216-130690294;bytes=178336997-178518486;bytes=218398595-218621076,b148e532;dec172e1;0a3def6d;156df4e9;7507c0a6
1,5,59,success,None,22/Jul/2026:17:23:14.865990,22/Jul/2026:17:23:15.439869,0.5739,5,22/Jul/2026:17:23:13.572914;22/Jul/2026:17:23:14.015741;22/Jul/2026:17:23:10.601033;22/Jul/2026:17:23:12.947064;22/Jul/2026:17:23:14.867435,1.3014;0.8590;4.2757;1.9317;0.0403,bytes=184449191-185362529;bytes=218621077-219512660;bytes=27856488-27948609;bytes=136661145-137561854;bytes=246978779-247076166,fe159bc9;6d80bb9b;70e3334e;f21e8591;01f59d7a
1,5,69,success,None,22/Jul/2026:17:23:15.440170,22/Jul/2026:17:23:16.341037,0.9009,7,22/Jul/2026:17:23:14.868333;22/Jul/2026:17:23:14.867772;22/Jul/2026:17:23:14.016399;22/Jul/2026:17:23:14.867089;22/Jul/2026:17:23:15.442500;22/Jul/2026:17:23:10.600940;22/Jul/2026:17:23:15.441505,0.5817;0.5863;1.4471;0.6005;0.0282;4.8880;0.0490,bytes=253823466-254723840;bytes=249736122-250632730;bytes=224582647-225508888;bytes=246739263-246877761;bytes=299798266-299946571;bytes=23833273-24032813;bytes=291705719-291798571,eb734cf3;5f239712;a95957cf;7dcef663;87978cb8;b83821ca;3c24bd54
1,5,80,success,None,22/Jul/2026:17:23:16.341323,22/Jul/2026:17:23:16.625507,0.2842,4,22/Jul/2026:17:23:14.015407;22/Jul/2026:17:23:14.867668;22/Jul/2026:17:23:15.440998;22/Jul/2026:17:23:15.440673,2.3353;1.4852;0.9130;0.9334,bytes=216215809-217140565;bytes=247957533-248837276;bytes=287713547-287809746;bytes=280917475-281801805,516c0d92;4ae71932;c3714be4;d688b8f6
1,5,86,success,None,22/Jul/2026:17:23:16.625824,22/Jul/2026:17:23:17.588619,0.9628,3,22/Jul/2026:17:23:14.868390;22/Jul/2026:17:23:16.343342;22/Jul/2026:17:23:16.626704,1.7653;0.2910;0.0430,bytes=254937027-255036590;bytes=337891468-338758832;bytes=352753015-352849587,9b45b363;37c5f207;190051bd
1,5,100,success,None,22/Jul/2026:17:23:17.588915,22/Jul/2026:17:23:18.610278,1.0214,3,22/Jul/2026:17:23:16.627621;22/Jul/2026:17:23:16.343220;22/Jul/2026:17:23:16.342221,0.9709;1.2580;1.2635,bytes=358812544-359737660;bytes=340630874-340716860;bytes=332696831-332798845,cc8499f8;83641b04;95ba4a2f
1,5,109,success,None,22/Jul/2026:17:23:18.610582,22/Jul/2026:17:23:19.203200,0.5926,6,22/Jul/2026:17:23:17.590754;22/Jul/2026:17:23:15.441163;22/Jul/2026:17:23:16.626393;22/Jul/2026:17:23:14.867263;22/Jul/2026:17:23:15.442451;22/Jul/2026:17:23:16.342454,1.0252;3.1751;1.9905;3.7497;3.1774;2.2815,bytes=417916781-418097564;bytes=284092379-285002112;bytes=349775547-350658583;bytes=244835071-245732602;bytes=299612938-299798265;bytes=331689552-332596749,5a1a6d30;1f25a5e5;206c7467;126a0cc2;e4fd1e07;b377465e
1,5,117,success,None,22/Jul/2026:17:23:19.203496,22/Jul/2026:17:23:19.816496,0.6130,4,22/Jul/2026:17:23:16.627377;22/Jul/2026:17:23:16.342896;22/Jul/2026:17:23:19.204836;22/Jul/2026:17:23:15.442287,2.5911;2.8848;0.0356;3.8202,bytes=360638263-360738146;bytes=335712585-336613848;bytes=483842755-483924364;bytes=294765042-295665222,d72c01fb;62f598e8;b9613016;624f0c08
1,5,133,success,None,22/Jul/2026:17:23:19.816812,22/Jul/2026:17:23:20.355488,0.5387,1,22/Jul/2026:17:23:16.342568,3.4828,bytes=332900130-333004364,33a55666
1,5,140,success,None,22/Jul/2026:17:23:20.355789,22/Jul/2026:17:23:21.158780,0.8030,6,22/Jul/2026:17:23:19.204212;22/Jul/2026:17:23:17.589722;22/Jul/2026:17:23:17.590869;22/Jul/2026:17:23:20.357156;22/Jul/2026:17:23:19.204548;22/Jul/2026:17:23:20.356746,1.1576;2.7747;2.7783;0.0287;1.1829;0.0354,bytes=479677043-479803259;bytes=409696330-409893901;bytes=421916934-422028696;bytes=581719632-581814453;bytes=479941553-480850432;bytes=577712978-577821803,bf7ac4d3;b11da77e;df00915c;946b97cf;05aaf798;9dc56677
1,5,146,success,None,22/Jul/2026:17:23:21.159101,22/Jul/2026:17:23:21.803501,0.6444,6,22/Jul/2026:17:23:17.590410;22/Jul/2026:17:23:20.357047;22/Jul/2026:17:23:19.817443;22/Jul/2026:17:23:17.590353;22/Jul/2026:17:23:18.612444;22/Jul/2026:17:23:20.357549,3.5771;0.8113;1.3511;3.5798;2.5607;0.8221,bytes=417722196-417817752;bytes=577821804-577972884;bytes=542893129-543794074;bytes=413892166-414096607;bytes=453645825-454542799;bytes=582008220-582091562,376501d4;ed09af27;54506eda;6f2a5eae;606086e4;9aa9b439
1,5,152,success,None,22/Jul/2026:17:23:21.803788,22/Jul/2026:17:23:22.464253,0.6605,11,22/Jul/2026:17:23:20.356494;22/Jul/2026:17:23:17.591170;22/Jul/2026:17:23:19.818923;22/Jul/2026:17:23:21.161009;22/Jul/2026:17:23:20.357768;22/Jul/2026:17:23:21.806074;22/Jul/2026:17:23:21.805081;22/Jul/2026:17:23:21.160955;22/Jul/2026:17:23:21.160550;22/Jul/2026:17:23:19.204484;22/Jul/2026:17:23:21.159707,1.4541;4.2199;1.9924;0.6521;1.4593;0.0273;0.0304;0.6763;0.6773;2.6442;0.6934,bytes=573644371-573813792;bytes=419196886-420082652;bytes=556652000-556736704;bytes=605825045-606037158;bytes=585771586-585863644;bytes=638623140-638710759;bytes=626890300-626992406;bytes=604764783-605660113;bytes=601842241-601944561;bytes=483649409-483749116;bytes=595930604-596844831,94e91591;656a7c31;67db23d4;1877d917;fcd2e088;809e65af;3ed608be;a4d3d82d;873c4624;50573611;98c69981
1,5,160,success,None,22/Jul/2026:17:23:22.464528,22/Jul/2026:17:23:23.495721,1.0312,6,22/Jul/2026:17:23:18.612556;22/Jul/2026:17:23:20.356621;22/Jul/2026:17:23:17.591475;22/Jul/2026:17:23:20.358115;22/Jul/2026:17:23:19.820066;22/Jul/2026:17:23:21.805302,3.8598;2.1158;4.8816;2.1202;2.6588;0.6750,bytes=454830094-454933195;bytes=577614166-577712977;bytes=426088927-426202027;bytes=585970367-586062657;bytes=560825434-560916004;bytes=627102779-628008708,b41765fa;bf67b5ed;ee1594b9;3467fe42;1e8c0cfd;d05e5996
1,5,171,success,None,22/Jul/2026:17:23:23.496011,22/Jul/2026:17:23:23.883962,0.3879,5,22/Jul/2026:17:23:22.466676;22/Jul/2026:17:23:19.819537;22/Jul/2026:17:23:21.805410;22/Jul/2026:17:23:22.465843;22/Jul/2026:17:23:23.497810,1.0380;3.6928;1.7139;1.0541;0.0263,bytes=663756106-664638262;bytes=553024807-553927310;bytes=628886394-629800883;bytes=657145333-658069610;bytes=712073303-712167191,6d244ad9;bde09eb0;f1077702;31c3a193;66cd483d
1,5,181,success,None,22/Jul/2026:17:23:23.884283,22/Jul/2026:17:23:24.777654,0.8934,6,22/Jul/2026:17:23:17.589558;22/Jul/2026:17:23:22.467014;22/Jul/2026:17:23:20.356814;22/Jul/2026:17:23:22.465904;22/Jul/2026:17:23:23.497028;22/Jul/2026:17:23:23.496652,6.3022;1.4262;3.5370;1.4284;0.3987;0.4189,bytes=408465905-409357834;bytes=671515020-671626792;bytes=574007591-574904207;bytes=658069611-658970859;bytes=700031044-700934097;bytes=698752901-699639778,bea8e638;28316a53;d2ae769d;a0b46727;423bc164;ff449f16
1,5,194,success,None,22/Jul/2026:17:23:24.777963,22/Jul/2026:17:23:25.350206,0.5722,6,22/Jul/2026:17:23:17.590641;22/Jul/2026:17:23:23.885712;22/Jul/2026:17:23:23.496512;22/Jul/2026:17:23:23.885849;22/Jul/2026:17:23:23.497541;22/Jul/2026:17:23:19.819671,7.1943;0.9003;1.2910;0.9018;1.3135;4.9933,bytes=415878394-416807682;bytes=742225899-743121807;bytes=696932642-697831249;bytes=744027705-744917794;bytes=705115942-706012650;bytes=554824724-555750334,49501282;2ca7fc5a;24682dfd;c51250b8;087aef91;2e761d2c
1,5,200,success,None,22/Jul/2026:17:23:25.350513,22/Jul/2026:17:23:26.017358,0.6668,4,22/Jul/2026:17:23:24.779635;22/Jul/2026:17:23:25.352182;22/Jul/2026:17:23:24.780555;22/Jul/2026:17:23:25.352781,0.5866;0.0298;0.6040;0.0403,bytes=801938757-802021125;bytes=827170828-827264790;bytes=810302189-810403113;bytes=835095199-835234220,12c2a053;6c5381e2;255157f3;90d207e5
1,5,206,success,None,22/Jul/2026:17:23:26.017684,22/Jul/2026:17:23:26.848901,0.8312,4,22/Jul/2026:17:23:25.351323;22/Jul/2026:17:23:23.886548;22/Jul/2026:17:23:25.351080;22/Jul/2026:17:23:26.019987,0.6725;2.1387;0.6785;0.0336,bytes=819086861-819275042;bytes=752921723-753009894;bytes=816880329-817800474;bytes=859807911-859906908,bd34d22b;08e07e2f;d0d74067;033b8d54
1,5,213,success,None,22/Jul/2026:17:23:26.849206,22/Jul/2026:17:23:27.295391,0.4462,6,22/Jul/2026:17:23:26.018718;22/Jul/2026:17:23:26.018949;22/Jul/2026:17:23:26.019216;22/Jul/2026:17:23:26.849935;22/Jul/2026:17:23:26.018193;22/Jul/2026:17:23:26.019830,0.8384;0.8386;0.8391;0.0278;0.8618;0.8633,bytes=843696570-844588921;bytes=847493422-847588917;bytes=848590222-849489239;bytes=872542444-872623962;bytes=840471701-841359521;bytes=855671366-855866604,6932da67;1c9c7c3d;ee8fd23a;3256b6dd;c0768b38;268b0df2
1,5,220,success,None,22/Jul/2026:17:23:27.295700,22/Jul/2026:17:23:28.057936,0.7622,6,22/Jul/2026:17:23:23.884801;22/Jul/2026:17:23:24.778700;22/Jul/2026:17:23:26.019006;22/Jul/2026:17:23:26.018266;22/Jul/2026:17:23:26.849872;22/Jul/2026:17:23:22.466501,3.4178;2.5253;1.2865;1.2976;0.5166;4.9029,bytes=738184008-739065013;bytes=794177965-794280907;bytes=847592574-847689897;bytes=841359522-842265446;bytes=871396246-872308588;bytes=663542637-663756105,9277f421;67fbffdb;f115ac97;16a4a5aa;12a8ce39;7deb4bef
1,5,227,success,None,22/Jul/2026:17:23:28.058257,22/Jul/2026:17:23:28.663362,0.6051,9,22/Jul/2026:17:23:23.886419;22/Jul/2026:17:23:22.466328;22/Jul/2026:17:23:25.351685;22/Jul/2026:17:23:26.851021;22/Jul/2026:17:23:27.296708;22/Jul/2026:17:23:28.060689;22/Jul/2026:17:23:26.019322;22/Jul/2026:17:23:28.059784;22/Jul/2026:17:23:26.851302,4.1801;5.6010;2.7160;1.2215;0.7925;0.0291;2.0848;0.0506;1.2647,bytes=749091739-749193868;bytes=661337989-662250191;bytes=821978783-822890261;bytes=880624900-880718667;bytes=905018761-905113119;bytes=945853380-945938517;bytes=850406662-851296804;bytes=937865293-937946308;bytes=882513086-883413206,1981a734;22c6a5d7;54d92810;ed4c6b7b;6b027ff1;65293fab;16c8b090;91058b9a;5c01920d
1,5,240,success,None,22/Jul/2026:17:23:28.663658,22/Jul/2026:17:23:29.320303,0.6566,5,22/Jul/2026:17:23:26.850009;22/Jul/2026:17:23:28.665032;22/Jul/2026:17:23:28.058983;22/Jul/2026:17:23:27.297964;22/Jul/2026:17:23:28.059727,1.8326;0.0199;0.6302;1.4023;0.6485,bytes=872623963-872733771;bytes=987368605-987481768;bytes=930024667-930126250;bytes=913488025-913599862;bytes=937776304-937865292,8f191946;f405a7b3;dac6b40b;c68e7b28;9a47e054
1,5,255,success,None,22/Jul/2026:17:23:29.320602,22/Jul/2026:17:23:29.729678,0.4091,5,22/Jul/2026:17:23:23.885571;22/Jul/2026:17:23:28.664241;22/Jul/2026:17:23:28.060123;22/Jul/2026:17:23:28.059949;22/Jul/2026:17:23:29.322565,5.4412;0.6674;1.2739;1.2749;0.0184,bytes=745008758-745094584;bytes=981069744-981964882;bytes=938056932-938164807;bytes=935970485-936881947;bytes=1057237479-1057349896,7ca1d640;f199c071;a13edf21;d3024210;36970791
1,5,261,success,None,22/Jul/2026:17:23:29.729987,22/Jul/2026:17:23:29.966573,0.2366,7,22/Jul/2026:17:23:29.321422;22/Jul/2026:17:23:29.323012;22/Jul/2026:17:23:29.320974;22/Jul/2026:17:23:29.731723;22/Jul/2026:17:23:29.730909;22/Jul/2026:17:23:29.730783;22/Jul/2026:17:23:29.731198,0.4177;0.4164;0.4198;0.0162;0.0323;0.0501;0.0709,bytes=1043846130-1044733552;bytes=1061477707-1061589418;bytes=1041131964-1042030338;bytes=1078294163-1078387508;bytes=1074098703-1074215422;bytes=1070266395-1070386652;bytes=1074215423-1074304773,44f6f649;71aa5fbf;9fe4175c;73f71b51;d8c21e70;d58e8a83;0eda8cbd
1,5,275,success,None,22/Jul/2026:17:23:29.966865,22/Jul/2026:17:23:30.683598,0.7167,8,22/Jul/2026:17:23:28.664165;22/Jul/2026:17:23:27.297050;22/Jul/2026:17:23:29.321635;22/Jul/2026:17:23:29.731661;22/Jul/2026:17:23:29.322796;22/Jul/2026:17:23:29.730972;22/Jul/2026:17:23:29.321570;22/Jul/2026:17:23:29.968410,1.3126;2.6798;0.6552;0.2452;0.6565;0.2512;0.6689;0.0486,bytes=980202036-981069743;bytes=903079112-904014757;bytes=1048748111-1048842730;bytes=1078197661-1078294162;bytes=1055395502-1056324968;bytes=1070386653-1071287542;bytes=1045019966-1045128671;bytes=1131770168-1131872360,990ed18b;daf106b8;70f6db45;8467fcad;38aa6663;54e52747;53a6aa89;e286c43d
1,5,282,success,None,22/Jul/2026:17:23:30.683918,22/Jul/2026:17:23:31.530225,0.8463,6,22/Jul/2026:17:23:29.969308;22/Jul/2026:17:23:29.967932;22/Jul/2026:17:23:29.968214;22/Jul/2026:17:23:29.732242;22/Jul/2026:17:23:30.685569;22/Jul/2026:17:23:29.731381,0.7224;0.7254;0.7256;0.9683;0.0372;1.0012,bytes=1138685228-1139586353;bytes=1131494046-1131662979;bytes=1129491368-1130398511;bytes=1086083060-1086259664;bytes=1164386203-1164503490;bytes=1078088313-1078197660,52829e8a;75d5218a;3afab840;fc96fe98;9ccfc0cd;7438aec0
1,5,289,success,None,22/Jul/2026:17:23:31.530535,22/Jul/2026:17:23:31.766211,0.2357,5,22/Jul/2026:17:23:29.969554;22/Jul/2026:17:23:30.685292;22/Jul/2026:17:23:30.686619;22/Jul/2026:17:23:31.533038;22/Jul/2026:17:23:30.684695,1.5696;0.8575;0.8563;0.0141;0.8811,bytes=1143693811-1143775144;bytes=1158359809-1159275300;bytes=1172765519-1172882409;bytes=1201170856-1201267339;bytes=1156366251-1156590784,6fb4496d;43437fbb;838473b8;50cab13e;2ec3ae1e
1,5,295,success,None,22/Jul/2026:17:23:31.766510,22/Jul/2026:17:23:32.358470,0.5920,8,22/Jul/2026:17:23:31.532488;22/Jul/2026:17:23:31.532705;22/Jul/2026:17:23:31.532318;22/Jul/2026:17:23:28.060009;22/Jul/2026:17:23:31.769180;22/Jul/2026:17:23:31.531539;22/Jul/2026:17:23:29.730712;22/Jul/2026:17:23:31.532869,0.2422;0.2426;0.2521;3.7406;0.0397;0.2854;2.0931;0.2918,bytes=1193180881-1193280300;bytes=1193391478-1194292559;bytes=1190306656-1191198238;bytes=936881948-937776303;bytes=1222401494-1222491657;bytes=1189089706-1189195268;bytes=1070167399-1070266394;bytes=1196111159-1197009753,9e6d68f1;e80ee95e;6f357380;435fcd63;2ba7522d;848b8e0b;6cd755e9;319963b9
1,5,308,success,None,22/Jul/2026:17:23:32.358768,22/Jul/2026:17:23:33.171588,0.8128,3,22/Jul/2026:17:23:31.768589;22/Jul/2026:17:23:32.360672;22/Jul/2026:17:23:32.360502,0.5992;0.0400;0.0413,bytes=1217192241-1218096866;bytes=1275921608-1276029505;bytes=1272025344-1272114330,9b176712;9c0bf33d;2053a9d4
1,5,315,success,None,22/Jul/2026:17:23:33.171894,22/Jul/2026:17:23:33.552177,0.3803,3,22/Jul/2026:17:23:31.768652;22/Jul/2026:17:23:31.531127;22/Jul/2026:17:23:31.767652,1.4284;1.6861;1.4601,bytes=1218324327-1218439191;bytes=1183042657-1183952770;bytes=1210309343-1211191041,29686456;b88a5404;8e46b1f6
1,5,330,success,None,22/Jul/2026:17:23:33.552477,22/Jul/2026:17:23:34.220265,0.6678,9,22/Jul/2026:17:23:33.174053;22/Jul/2026:17:23:32.359476;22/Jul/2026:17:23:33.173950;22/Jul/2026:17:23:31.768310;22/Jul/2026:17:23:31.769301;22/Jul/2026:17:23:29.732298;22/Jul/2026:17:23:30.685764;22/Jul/2026:17:23:33.554119;22/Jul/2026:17:23:31.768450,0.3896;1.2117;0.3976;1.8089;1.8114;3.8530;2.9056;0.0381;1.8379,bytes=1302801255-1303727129;bytes=1263699455-1263864704;bytes=1301026424-1301914000;bytes=1218209694-1218324326;bytes=1226155841-1226247207;bytes=1086259665-1086359708;bytes=1161692903-1162568150;bytes=1362612607-1362714700;bytes=1215379022-1216267395,826d058b;b0956f8e;9e160fe2;e10833c9;cba4a096;8282965e;7cd6cd84;9cf73bf4;f82aa769
1,5,337,success,None,22/Jul/2026:17:23:34.220557,22/Jul/2026:17:23:34.663607,0.4430,11,22/Jul/2026:17:23:33.554953;22/Jul/2026:17:23:33.172596;22/Jul/2026:17:23:33.554515;22/Jul/2026:17:23:33.553486;22/Jul/2026:17:23:34.222870;22/Jul/2026:17:23:34.221283;22/Jul/2026:17:23:28.665324;22/Jul/2026:17:23:33.553629;22/Jul/2026:17:23:34.221534;22/Jul/2026:17:23:33.553768;22/Jul/2026:17:23:34.222024,0.6733;1.0561;0.6742;0.6866;0.0242;0.0264;5.5849;0.7016;0.0376;0.7073;0.0508,bytes=1366926798-1367041586;bytes=1291209639-1292101113;bytes=1362914199-1363111432;bytes=1358262931-1358379817;bytes=1399232347-1399329067;bytes=1382919233-1383031980;bytes=989266405-990180068;bytes=1354668247-1355560280;bytes=1386894736-1387043817;bytes=1356440318-1357355607;bytes=1391056161-1391182385,02e593f6;2bc12975;dd425461;1b8432a8;563232d1;43d16e54;30f99bc8;c57bb5cd;7b73c557;f800b4e1;c27dfee2
1,5,351,success,None,22/Jul/2026:17:23:34.663899,22/Jul/2026:17:23:35.323486,0.6596,9,22/Jul/2026:17:23:33.174271;22/Jul/2026:17:23:33.554694;22/Jul/2026:17:23:31.769438;22/Jul/2026:17:23:34.222817;22/Jul/2026:17:23:33.173727;22/Jul/2026:17:23:34.665618;22/Jul/2026:17:23:34.222087;22/Jul/2026:17:23:34.221844;22/Jul/2026:17:23:34.664669,1.4978;1.1193;2.9058;0.4526;1.5149;0.0296;0.4741;0.4763;0.0396,bytes=1308903652-1309017289;bytes=1363111433-1364026104;bytes=1226247208-1226344341;bytes=1395388933-1395602687;bytes=1300581861-1300799751;bytes=1452920192-1453024519;bytes=1387264009-1388165986;bytes=1387043818-1387152924;bytes=1440732957-1440839658,b1715694;c9a4e129;90115881;83483710;ad51a5b4;318a894c;7b81010b;69817f7c;2755e0ef
1,5,358,success,None,22/Jul/2026:17:23:35.323782,22/Jul/2026:17:23:35.981134,0.6573,6,22/Jul/2026:17:23:33.174320;22/Jul/2026:17:23:33.553698;22/Jul/2026:17:23:34.222708;22/Jul/2026:17:23:32.360042;22/Jul/2026:17:23:33.554248;22/Jul/2026:17:23:35.325596,2.1581;1.7799;1.1247;2.9886;1.8046;0.0536,bytes=1309017290-1309129322;bytes=1355560281-1356440317;bytes=1394118842-1395014151;bytes=1267903692-1268026566;bytes=1359786197-1360662810;bytes=1478154241-1478267136,74e942de;919e9be6;6dfd7725;decc9ea9;3d835d08;102e3ddf
1,5,367,success,None,22/Jul/2026:17:23:35.981437,22/Jul/2026:17:23:36.656378,0.6749,3,22/Jul/2026:17:23:33.553060;22/Jul/2026:17:23:35.325481;22/Jul/2026:17:23:35.982887,2.4615;0.6909;0.0402,bytes=1351319050-1352202287;bytes=1476827262-1477734558;bytes=1515253993-1515370633,8b97dbf7;3e34b1a6;f7b744ce
1,5,374,success,None,22/Jul/2026:17:23:36.656668,22/Jul/2026:17:23:37.108627,0.4520,0,None,None,None,None
1,5,382,success,None,22/Jul/2026:17:23:37.108924,22/Jul/2026:17:23:37.804932,0.6960,4,22/Jul/2026:17:23:34.665566;22/Jul/2026:17:23:35.982472;22/Jul/2026:17:23:36.657598;22/Jul/2026:17:23:34.665240,2.4536;1.1390;0.4822;2.4828,bytes=1449081047-1449314185;bytes=1511149191-1511269428;bytes=1536141401-1536262502;bytes=1448764433-1448856722,d51623c8;9dc77712;c29e41e9;f8ac955c
1,5,392,success,None,22/Jul/2026:17:23:37.805233,22/Jul/2026:17:23:38.494178,0.6889,7,22/Jul/2026:17:23:35.983111;22/Jul/2026:17:23:36.658563;22/Jul/2026:17:23:35.326047;22/Jul/2026:17:23:37.110301;22/Jul/2026:17:23:37.110878;22/Jul/2026:17:23:37.806369;22/Jul/2026:17:23:37.110819,1.8293;1.1547;2.4901;0.7060;0.7323;0.0512;0.7501,bytes=1513418448-1514342520;bytes=1544301780-1544504953;bytes=1482337204-1482454921;bytes=1577230199-1577428286;bytes=1577820332-1578714513;bytes=1615161829-1615315640;bytes=1581618814-1581797739,885f8be4;0bbbe6ba;a3ba11fd;1088baa7;b2bf8a0d;828793fa;b75891c3
1,5,401,success,None,22/Jul/2026:17:23:38.494475,22/Jul/2026:17:23:39.194732,0.7003,8,22/Jul/2026:17:23:36.658671;22/Jul/2026:17:23:31.768171;22/Jul/2026:17:23:36.658047;22/Jul/2026:17:23:37.805904;22/Jul/2026:17:23:37.109946;22/Jul/2026:17:23:37.109883;22/Jul/2026:17:23:38.495943;22/Jul/2026:17:23:37.806598,1.8462;6.7427;1.8575;0.7105;1.4098;1.4223;0.0424;0.7364,bytes=1548236611-1548333499;bytes=1214297949-1214484452;bytes=1540037817-1540150703;bytes=1610947478-1611122854;bytes=1569626027-1570528440;bytes=1573320779-1573421243;bytes=1656502451-1656618240;bytes=1615455773-1616366611,a31e25cf;1dd524b1;4dcc4c38;afca64fd;45da48b4;ee02a2c2;0ad28a56;6505795d
1,5,412,success,None,22/Jul/2026:17:23:39.195034,22/Jul/2026:17:23:39.822866,0.6278,4,22/Jul/2026:17:23:38.496657;22/Jul/2026:17:23:38.495132;22/Jul/2026:17:23:37.110125;22/Jul/2026:17:23:39.197614,0.7141;0.7167;2.1157;0.0376,bytes=1660845355-1661022866;bytes=1646991576-1647897672;bytes=1572319047-1573219185;bytes=1710271844-1710393874,83c8262c;c9cff72c;7844cfbd;87071693
1,5,423,success,None,22/Jul/2026:17:23:39.823152,22/Jul/2026:17:23:40.486833,0.6637,8,22/Jul/2026:17:23:35.324826;22/Jul/2026:17:23:35.325074;22/Jul/2026:17:23:38.495398;22/Jul/2026:17:23:38.495263;22/Jul/2026:17:23:36.657872;22/Jul/2026:17:23:39.196633;22/Jul/2026:17:23:39.196226;22/Jul/2026:17:23:39.823983,4.5044;4.5069;1.3382;1.3417;3.1816;0.6492;0.6571;0.0435,bytes=1470112443-1471020401;bytes=1473929926-1474029343;bytes=1652269897-1652378505;bytes=1648320001-1648547224;bytes=1537167633-1538063971;bytes=1701653447-1701767562;bytes=1695536969-1696473784;bytes=1742774857-1742869508,a7da21ac;94366f4c;5029d0b7;94a22df4;c2466773;f9e75bdd;35244723;a4cbb099
1,5,431,success,None,22/Jul/2026:17:23:40.487126,22/Jul/2026:17:23:41.041782,0.5547,6,22/Jul/2026:17:23:39.823689;22/Jul/2026:17:23:39.824928;22/Jul/2026:17:23:39.825413;22/Jul/2026:17:23:39.824813;22/Jul/2026:17:23:39.196873;22/Jul/2026:17:23:40.488136,0.6750;0.6746;0.6937;0.6959;1.3321;0.0567,bytes=1736939360-1737847733;bytes=1751288030-1751400518;bytes=1755633325-1755744285;bytes=1747225560-1747449576;bytes=1699813160-1700737012;bytes=1776269552-1776388447,c3a7cff8;eb667af4;023158da;f923b94e;20a2e6e4;bb0ab628
1,5,446,success,None,22/Jul/2026:17:23:41.042061,22/Jul/2026:17:23:41.684097,0.6420,4,22/Jul/2026:17:23:37.109497;22/Jul/2026:17:23:39.195860;22/Jul/2026:17:23:40.488717;22/Jul/2026:17:23:40.488072,3.9404;1.8556;0.5678;0.5694,bytes=1567353146-1568262676;bytes=1697381014-1697481086;bytes=1777499574-1778375460;bytes=1776050424-1776269551,d240ad76;8741178c;4ce5fd30;7ca2e0da
1,5,452,success,None,22/Jul/2026:17:23:41.684402,22/Jul/2026:17:23:42.436335,0.7519,6,22/Jul/2026:17:23:41.043153;22/Jul/2026:17:23:38.495655;22/Jul/2026:17:23:41.043567;22/Jul/2026:17:23:41.686270;22/Jul/2026:17:23:41.686825;22/Jul/2026:17:23:40.488612,0.6660;3.2167;0.6694;0.0315;0.0339;1.2350,bytes=1836096548-1837010928;bytes=1650305782-1651240222;bytes=1839199249-1840093412;bytes=1867481998-1867575486;bytes=1875374883-1875562553;bytes=1780298576-1780390516,6a46446f;9cc0b7ef;0e40e766;c28edb31;97d10358;a888387d
1,5,461,success,None,22/Jul/2026:17:23:42.436652,22/Jul/2026:17:23:43.117381,0.6807,9,22/Jul/2026:17:23:40.489154;22/Jul/2026:17:23:38.496603;22/Jul/2026:17:23:41.686385;22/Jul/2026:17:23:41.686553;22/Jul/2026:17:23:41.685611;22/Jul/2026:17:23:39.825198;22/Jul/2026:17:23:41.043098;22/Jul/2026:17:23:41.686217;22/Jul/2026:17:23:40.487758,1.9552;3.9479;0.7597;0.7608;0.7675;2.6408;1.4242;0.7821;1.9881,bytes=1781501998-1782387452;bytes=1659691334-1660602478;bytes=1871277523-1871464302;bytes=1868585677-1869467161;bytes=1860436809-1861322234;bytes=1750373392-1751288029;bytes=1835202920-1836096547;bytes=1866338267-1867247509;bytes=1771135507-1772038181,dcf9efe8;645ecd54;06826e74;8fc12aab;f205ce57;a9e9913f;23344b52;9362e346;06277fc5
2,5,5,success,None,22/Jul/2026:17:23:43.118626,22/Jul/2026:17:23:43.798951,0.6803,5,22/Jul/2026:17:23:10.530175;22/Jul/2026:17:23:43.119437;22/Jul/2026:17:23:12.945736;22/Jul/2026:17:23:37.109736;22/Jul/2026:17:23:43.120181,32.6113;0.0222;30.1958;6.0644;0.0568,bytes=2441939086-2447181989;bytes=20940273-21836258;bytes=125611313-126492675;bytes=1569521925-1569626026;bytes=28228336-28434926,9fdc05ac;778697f1;de38ff66;6a62bc58;e2aade80
2,5,14,success,None,22/Jul/2026:17:23:43.118810,22/Jul/2026:17:23:43.807888,0.6891,7,22/Jul/2026:17:23:10.530175;22/Jul/2026:17:23:43.119437;22/Jul/2026:17:23:12.945736;22/Jul/2026:17:23:37.109736;22/Jul/2026:17:23:43.120181;22/Jul/2026:17:23:43.120012;22/Jul/2026:17:23:43.800223,32.6113;0.0222;30.1958;6.0644;0.0568;0.6864;0.0062,bytes=2441939086-2447181989;bytes=20940273-21836258;bytes=125611313-126492675;bytes=1569521925-1569626026;bytes=28228336-28434926;bytes=26021338-26949704;bytes=92805846-92892538,9fdc05ac;778697f1;de38ff66;6a62bc58;e2aade80;0db4522f;7bbfb112
2,5,21,success,None,22/Jul/2026:17:23:43.799274,22/Jul/2026:17:23:44.463856,0.6646,10,22/Jul/2026:17:23:43.120012;22/Jul/2026:17:23:43.800223;22/Jul/2026:17:23:43.121809;22/Jul/2026:17:23:43.799795;22/Jul/2026:17:23:28.058616;22/Jul/2026:17:23:20.356140;22/Jul/2026:17:23:43.800288;22/Jul/2026:17:23:19.818049;22/Jul/2026:17:23:43.122457;22/Jul/2026:17:23:43.122170,0.6864;0.0062;0.6869;0.0120;15.7544;23.4569;0.0221;24.0046;0.7337;0.7347,bytes=26021338-26949704;bytes=92805846-92892538;bytes=64165115-64256436;bytes=86033740-86918661;bytes=926235180-927143996;bytes=569832357-570733180;bytes=92896195-92992577;bytes=546956972-547857232;bytes=72226775-72419816;bytes=68266931-68439900,0db4522f;7bbfb112;1e973bc4;1c814b31;68be8f71;e65e42fa;7804418b;1d657ec9;6e7e5f96;9567311e
2,5,31,success,None,22/Jul/2026:17:23:43.808260,22/Jul/2026:17:23:44.684485,0.8762,8,22/Jul/2026:17:23:43.121809;22/Jul/2026:17:23:43.799795;22/Jul/2026:17:23:28.058616;22/Jul/2026:17:23:20.356140;22/Jul/2026:17:23:43.800288;22/Jul/2026:17:23:19.818049;22/Jul/2026:17:23:43.122457;22/Jul/2026:17:23:43.122170,0.6869;0.0120;15.7544;23.4569;0.0221;24.0046;0.7337;0.7347,bytes=64165115-64256436;bytes=86033740-86918661;bytes=926235180-927143996;bytes=569832357-570733180;bytes=92896195-92992577;bytes=546956972-547857232;bytes=72226775-72419816;bytes=68266931-68439900,1e973bc4;1c814b31;68be8f71;e65e42fa;7804418b;1d657ec9;6e7e5f96;9567311e
2,5,52,success,None,22/Jul/2026:17:23:44.684782,22/Jul/2026:17:23:45.097072,0.4123,3,22/Jul/2026:17:23:44.466334;22/Jul/2026:17:23:44.466123;22/Jul/2026:17:23:44.465546,0.2282;0.2342;0.2522,bytes=190521429-190616079;bytes=186728404-187637230;bytes=186268859-186367466,79dcdaee;375538fa;6236efc1
2,5,43,success,None,22/Jul/2026:17:23:44.464160,22/Jul/2026:17:23:45.264383,0.8002,11,22/Jul/2026:17:23:44.466334;22/Jul/2026:17:23:44.466123;22/Jul/2026:17:23:44.465546;22/Jul/2026:17:23:43.809325;22/Jul/2026:17:23:43.122213;22/Jul/2026:17:23:43.800352;22/Jul/2026:17:23:43.122253;22/Jul/2026:17:23:43.122496;22/Jul/2026:17:23:44.685982;22/Jul/2026:17:23:29.322620;22/Jul/2026:17:23:13.572751,0.2282;0.2342;0.2522;1.2963;1.9841;1.3067;1.9858;1.9858;0.4366;15.8229;31.5767,bytes=190521429-190616079;bytes=186728404-187637230;bytes=186268859-186367466;bytes=129421908-129600871;bytes=72061762-72147904;bytes=89192874-90102088;bytes=72147905-72226774;bytes=72419817-72625560;bytes=214424172-215318826;bytes=1057349897-1057454774;bytes=186367467-186466311,79dcdaee;375538fa;6236efc1;ee4af91a;005573d3;a7b3b00b;9634daa9;c27a37b9;331b35f7;f0d69a23;af2d7256
2,5,59,success,None,22/Jul/2026:17:23:45.097346,22/Jul/2026:17:23:45.773293,0.6759,11,22/Jul/2026:17:23:43.809325;22/Jul/2026:17:23:43.122213;22/Jul/2026:17:23:43.800352;22/Jul/2026:17:23:43.122253;22/Jul/2026:17:23:43.122496;22/Jul/2026:17:23:44.685982;22/Jul/2026:17:23:29.322620;22/Jul/2026:17:23:13.572751;22/Jul/2026:17:23:44.466281;22/Jul/2026:17:23:43.122537;22/Jul/2026:17:23:45.266669,1.2963;1.9841;1.3067;1.9858;1.9858;0.4366;15.8229;31.5767;0.8082;2.1568;0.0298,bytes=129421908-129600871;bytes=72061762-72147904;bytes=89192874-90102088;bytes=72147905-72226774;bytes=72419817-72625560;bytes=214424172-215318826;bytes=1057349897-1057454774;bytes=186367467-186466311;bytes=189422254-190320566;bytes=76243160-76333742;bytes=291897784-291985303,ee4af91a;005573d3;a7b3b00b;9634daa9;c27a37b9;331b35f7;f0d69a23;af2d7256;298c8da7;3b15f49d;4f3991f1
2,5,69,success,None,22/Jul/2026:17:23:45.264700,22/Jul/2026:17:23:45.845295,0.5806,12,22/Jul/2026:17:23:44.466281;22/Jul/2026:17:23:43.122537;22/Jul/2026:17:23:45.266669;22/Jul/2026:17:23:45.266534;22/Jul/2026:17:23:43.121966;22/Jul/2026:17:23:45.265258;22/Jul/2026:17:23:45.098850;22/Jul/2026:17:23:45.774442;22/Jul/2026:17:23:43.121098;22/Jul/2026:17:23:45.775327;22/Jul/2026:17:23:44.465951;22/Jul/2026:17:23:44.465712,0.8082;2.1568;0.0298;0.5179;2.6649;0.5226;0.7027;0.0286;2.6825;0.0298;1.3526;1.3648,bytes=189422254-190320566;bytes=76243160-76333742;bytes=291897784-291985303;bytes=289896583-290805393;bytes=64350431-65253999;bytes=281801806-282723702;bytes=246978779-247076166;bytes=332696831-332798845;bytes=36543920-36729573;bytes=340630874-340716860;bytes=186597640-186728403;bytes=183566944-184449190,298c8da7;3b15f49d;4f3991f1;00d283b6;cd5996d6;2df78097;21fc5961;a31b5925;8b0335bb;5929a026;f847eb59;0f31da50
2,5,80,success,None,22/Jul/2026:17:23:45.773588,22/Jul/2026:17:23:46.318355,0.5448,17,22/Jul/2026:17:23:45.266534;22/Jul/2026:17:23:43.121966;22/Jul/2026:17:23:45.265258;22/Jul/2026:17:23:45.098850;22/Jul/2026:17:23:45.774442;22/Jul/2026:17:23:43.121098;22/Jul/2026:17:23:45.775327;22/Jul/2026:17:23:44.465951;22/Jul/2026:17:23:44.465712;22/Jul/2026:17:23:45.267380;22/Jul/2026:17:23:45.775381;22/Jul/2026:17:23:45.774825;22/Jul/2026:17:23:43.120580;22/Jul/2026:17:23:22.464888;22/Jul/2026:17:23:45.846632;22/Jul/2026:17:23:45.265175;22/Jul/2026:17:23:45.775044,0.5179;2.6649;0.5226;0.7027;0.0286;2.6825;0.0298;1.3526;1.3648;0.5889;0.0875;0.0893;2.7674;23.4252;0.0567;0.6422;0.1333,bytes=289896583-290805393;bytes=64350431-65253999;bytes=281801806-282723702;bytes=246978779-247076166;bytes=332696831-332798845;bytes=36543920-36729573;bytes=340630874-340716860;bytes=186597640-186728403;bytes=183566944-184449190;bytes=293855842-294765041;bytes=336987889-337891467;bytes=336613849-336701983;bytes=32236124-32417063;bytes=651228524-652133222;bytes=356564852-356699354;bytes=280917475-281801805;bytes=334804947-335712584,00d283b6;cd5996d6;2df78097;21fc5961;a31b5925;8b0335bb;5929a026;f847eb59;0f31da50;7856d0bb;4fbcc4fc;448cad6a;dc5ec972;c072e49c;0e217c8f;9c0c8215;b179b9c6
2,5,86,success,None,22/Jul/2026:17:23:45.845621,22/Jul/2026:17:23:46.474160,0.6285,12,22/Jul/2026:17:23:45.267380;22/Jul/2026:17:23:45.775381;22/Jul/2026:17:23:45.774825;22/Jul/2026:17:23:43.120580;22/Jul/2026:17:23:22.464888;22/Jul/2026:17:23:45.846632;22/Jul/2026:17:23:45.265175;22/Jul/2026:17:23:45.775044;22/Jul/2026:17:23:44.687525;22/Jul/2026:17:23:45.266127;22/Jul/2026:17:23:44.685748;22/Jul/2026:17:23:44.686600,0.5889;0.0875;0.0893;2.7674;23.4252;0.0567;0.6422;0.1333;1.6459;1.0677;1.6486;1.6505,bytes=293855842-294765041;bytes=336987889-337891467;bytes=336613849-336701983;bytes=32236124-32417063;bytes=651228524-652133222;bytes=356564852-356699354;bytes=280917475-281801805;bytes=334804947-335712584;bytes=230710875-230812357;bytes=287918239-288007124;bytes=214251222-214424171;bytes=219512661-220406320,7856d0bb;4fbcc4fc;448cad6a;dc5ec972;c072e49c;0e217c8f;9c0c8215;b179b9c6;d095925f;651cd881;1cbd7942;6ded0c60
2,5,100,success,None,22/Jul/2026:17:23:46.318640,22/Jul/2026:17:23:46.959081,0.6404,12,22/Jul/2026:17:23:44.687525;22/Jul/2026:17:23:45.266127;22/Jul/2026:17:23:44.685748;22/Jul/2026:17:23:44.686600;22/Jul/2026:17:23:45.847430;22/Jul/2026:17:23:45.099437;22/Jul/2026:17:23:46.476452;22/Jul/2026:17:23:43.800980;22/Jul/2026:17:23:34.664788;22/Jul/2026:17:23:32.359716;22/Jul/2026:17:23:46.476843;22/Jul/2026:17:23:46.320173,1.6459;1.0677;1.6486;1.6505;0.6340;1.3856;0.0207;2.6986;11.8374;14.1440;0.0285;0.1861,bytes=230710875-230812357;bytes=287918239-288007124;bytes=214251222-214424171;bytes=219512661-220406320;bytes=357907041-358812543;bytes=254723841-254852526;bytes=454652304-454740884;bytes=91898869-92805845;bytes=1444533544-1444612863;bytes=1267784217-1267903691;bytes=454740885-454830093;bytes=417817753-417916780,d095925f;651cd881;1cbd7942;6ded0c60;9d78d587;47cc22ea;45c3faf3;18a5da13;f3279d8e;fd2f7d42;76933391;46575e15
2,5,109,success,None,22/Jul/2026:17:23:46.474469,22/Jul/2026:17:23:47.148456,0.6740,12,22/Jul/2026:17:23:45.847430;22/Jul/2026:17:23:45.099437;22/Jul/2026:17:23:46.476452;22/Jul/2026:17:23:43.800980;22/Jul/2026:17:23:34.664788;22/Jul/2026:17:23:32.359716;22/Jul/2026:17:23:46.476843;22/Jul/2026:17:23:46.320173;22/Jul/2026:17:23:43.810882;22/Jul/2026:17:23:45.847732;22/Jul/2026:17:23:45.775766;22/Jul/2026:17:23:46.476134,0.6340;1.3856;0.0207;2.6986;11.8374;14.1440;0.0285;0.1861;3.1686;1.1427;1.2205;0.5231,bytes=357907041-358812543;bytes=254723841-254852526;bytes=454652304-454740884;bytes=91898869-92805845;bytes=1444533544-1444612863;bytes=1267784217-1267903691;bytes=454740885-454830093;bytes=417817753-417916780;bytes=140650254-141544732;bytes=360987593-361173208;bytes=344588850-344668840;bytes=450738055-450836344,9d78d587;47cc22ea;45c3faf3;18a5da13;f3279d8e;fd2f7d42;76933391;46575e15;f873fd71;2854c28c;66c718c9;e4dee646
2,5,117,success,None,22/Jul/2026:17:23:46.959350,22/Jul/2026:17:23:47.233637,0.2743,11,22/Jul/2026:17:23:43.810882;22/Jul/2026:17:23:45.847732;22/Jul/2026:17:23:45.775766;22/Jul/2026:17:23:46.476134;22/Jul/2026:17:23:47.150420;22/Jul/2026:17:23:46.474957;22/Jul/2026:17:23:47.149092;22/Jul/2026:17:23:47.150278;22/Jul/2026:17:23:47.149769;22/Jul/2026:17:23:43.809597;22/Jul/2026:17:23:43.121725,3.1686;1.1427;1.2205;0.5231;0.0177;0.6976;0.0240;0.0238;0.0355;3.3866;4.0748,bytes=140650254-141544732;bytes=360987593-361173208;bytes=344588850-344668840;bytes=450738055-450836344;bytes=552758885-552830568;bytes=443657332-444537942;bytes=541112468-542008840;bytes=548979989-549086862;bytes=548820484-548884256;bytes=129793216-130690294;bytes=62230152-63141298,f873fd71;2854c28c;66c718c9;e4dee646;0af6007e;129dd1d1;62330caa;e0858e58;b38f75e3;c377570b;e6c58ea4
2,5,133,success,None,22/Jul/2026:17:23:47.148762,22/Jul/2026:17:23:48.016425,0.8677,9,22/Jul/2026:17:23:47.150420;22/Jul/2026:17:23:46.474957;22/Jul/2026:17:23:47.149092;22/Jul/2026:17:23:47.150278;22/Jul/2026:17:23:47.149769;22/Jul/2026:17:23:43.809597;22/Jul/2026:17:23:43.121725;22/Jul/2026:17:23:45.848541;22/Jul/2026:17:23:46.320232,0.0177;0.6976;0.0240;0.0238;0.0355;3.3866;4.0748;1.4032;0.9470,bytes=552758885-552830568;bytes=443657332-444537942;bytes=541112468-542008840;bytes=548979989-549086862;bytes=548820484-548884256;bytes=129793216-130690294;bytes=62230152-63141298;bytes=369057980-369154740;bytes=414096608-414984526,0af6007e;129dd1d1;62330caa;e0858e58;b38f75e3;c377570b;e6c58ea4;a4fcba34;cd4cfec3
2,5,140,success,None,22/Jul/2026:17:23:47.233928,22/Jul/2026:17:23:48.051842,0.8179,9,22/Jul/2026:17:23:45.848541;22/Jul/2026:17:23:46.320232;22/Jul/2026:17:23:45.099561;22/Jul/2026:17:23:45.846557;22/Jul/2026:17:23:47.150120;22/Jul/2026:17:23:46.476071;22/Jul/2026:17:23:43.121766;22/Jul/2026:17:23:47.236475;22/Jul/2026:17:23:46.476360,1.4032;0.9470;2.9265;2.1827;0.8792;1.5553;4.9112;0.8076;1.5725,bytes=369057980-369154740;bytes=414096608-414984526;bytes=251149836-252035494;bytes=352849588-352948511;bytes=547857233-548739814;bytes=449558011-450456772;bytes=63141299-64028019;bytes=584776568-585679500;bytes=454542800-454652303,a4fcba34;cd4cfec3;3261a616;75150530;7a50799c;89e9c5b5;843a3f14;7b65de7e;6e2c9257
2,5,146,success,None,22/Jul/2026:17:23:48.016733,22/Jul/2026:17:23:48.497685,0.4809,11,22/Jul/2026:17:23:45.099561;22/Jul/2026:17:23:45.846557;22/Jul/2026:17:23:47.150120;22/Jul/2026:17:23:46.476071;22/Jul/2026:17:23:43.121766;22/Jul/2026:17:23:47.236475;22/Jul/2026:17:23:46.476360;22/Jul/2026:17:23:44.686183;22/Jul/2026:17:23:46.476666;22/Jul/2026:17:23:46.477931;22/Jul/2026:17:23:48.018922,2.9265;2.1827;0.8792;1.5553;4.9112;0.8076;1.5725;3.3750;1.5910;1.5924;0.0839,bytes=251149836-252035494;bytes=352849588-352948511;bytes=547857233-548739814;bytes=449558011-450456772;bytes=63141299-64028019;bytes=584776568-585679500;bytes=454542800-454652303;bytes=217140566-218048429;bytes=452723167-453645824;bytes=462720855-462818130;bytes=610256616-610470853,3261a616;75150530;7a50799c;89e9c5b5;843a3f14;7b65de7e;6e2c9257;2c2ad976;d1146522;09743928;5c1d07a3
2,5,152,success,None,22/Jul/2026:17:23:48.052120,22/Jul/2026:17:23:48.674430,0.6223,9,22/Jul/2026:17:23:44.686183;22/Jul/2026:17:23:46.476666;22/Jul/2026:17:23:46.477931;22/Jul/2026:17:23:48.018922;22/Jul/2026:17:23:47.235811;22/Jul/2026:17:23:47.235414;22/Jul/2026:17:23:48.018756;22/Jul/2026:17:23:45.846350;22/Jul/2026:17:23:47.236705,3.3750;1.5910;1.5924;0.0839;1.2700;1.2710;0.4954;2.6825;1.3083,bytes=217140566-218048429;bytes=452723167-453645824;bytes=462720855-462818130;bytes=610256616-610470853;bytes=581920233-582008219;bytes=581719632-581814453;bytes=608028695-608958036;bytes=350658584-351562970;bytes=589628499-589797897,2c2ad976;d1146522;09743928;5c1d07a3;5f15bdcd;1b1811bb;ef3e006d;e15aad08;62e34c4e
2,5,160,success,None,22/Jul/2026:17:23:48.497972,22/Jul/2026:17:23:49.297078,0.7991,16,22/Jul/2026:17:23:47.235811;22/Jul/2026:17:23:47.235414;22/Jul/2026:17:23:48.018756;22/Jul/2026:17:23:45.846350;22/Jul/2026:17:23:47.236705;22/Jul/2026:17:23:48.499229;22/Jul/2026:17:23:46.961309;22/Jul/2026:17:23:48.499807;22/Jul/2026:17:23:48.052738;22/Jul/2026:17:23:47.150887;22/Jul/2026:17:23:46.476749;22/Jul/2026:17:23:43.811143;22/Jul/2026:17:23:48.677547;22/Jul/2026:17:23:48.498623;22/Jul/2026:17:23:48.018183;22/Jul/2026:17:23:48.017605,1.2700;1.2710;0.4954;2.6825;1.3083;0.1820;1.7200;0.1822;0.6301;1.5357;2.2180;4.8927;0.0280;0.3631;0.8687;0.8983,bytes=581920233-582008219;bytes=581719632-581814453;bytes=608028695-608958036;bytes=350658584-351562970;bytes=589628499-589797897;bytes=659151290-659347481;bytes=489647175-490551932;bytes=663542637-663756105;bytes=621587756-622494159;bytes=556652000-556736704;bytes=453645825-454542799;bytes=145585441-145671251;bytes=716284551-716394143;bytes=653951201-654838510;bytes=602953356-603846198;bytes=601769757-601842240,5f15bdcd;1b1811bb;ef3e006d;e15aad08;62e34c4e;a03f4678;7efbc971;6000d8cf;c03e1cca;22fe514d;945a6173;20bf7ef2;4a0256df;39ac5e68;f2f204e2;0257428f
2,5,171,success,None,22/Jul/2026:17:23:48.674703,22/Jul/2026:17:23:49.325820,0.6511,15,22/Jul/2026:17:23:48.499229;22/Jul/2026:17:23:46.961309;22/Jul/2026:17:23:48.499807;22/Jul/2026:17:23:48.052738;22/Jul/2026:17:23:47.150887;22/Jul/2026:17:23:46.476749;22/Jul/2026:17:23:43.811143;22/Jul/2026:17:23:48.677547;22/Jul/2026:17:23:48.498623;22/Jul/2026:17:23:48.018183;22/Jul/2026:17:23:48.017605;22/Jul/2026:17:23:48.500154;22/Jul/2026:17:23:49.299145;22/Jul/2026:17:23:48.675727;22/Jul/2026:17:23:48.500535,0.1820;1.7200;0.1822;0.6301;1.5357;2.2180;4.8927;0.0280;0.3631;0.8687;0.8983;0.8076;0.0092;0.6348;0.8130,bytes=659151290-659347481;bytes=489647175-490551932;bytes=663542637-663756105;bytes=621587756-622494159;bytes=556652000-556736704;bytes=453645825-454542799;bytes=145585441-145671251;bytes=716284551-716394143;bytes=653951201-654838510;bytes=602953356-603846198;bytes=601769757-601842240;bytes=664638263-665507766;bytes=746221054-747119316;bytes=703757551-703831727;bytes=671626793-671730179,a03f4678;7efbc971;6000d8cf;c03e1cca;22fe514d;945a6173;20bf7ef2;4a0256df;39ac5e68;f2f204e2;0257428f;b9f0cf8d;d9dd9c3e;25e69f76;444c494c
2,5,194,success,None,22/Jul/2026:17:23:49.326094,22/Jul/2026:17:23:50.146256,0.8202,8,22/Jul/2026:17:23:47.149319;22/Jul/2026:17:23:48.675377;22/Jul/2026:17:23:43.809660;22/Jul/2026:17:23:46.319146;22/Jul/2026:17:23:48.053020;22/Jul/2026:17:23:49.299494;22/Jul/2026:17:23:47.150035;22/Jul/2026:17:23:48.676027,2.1796;0.6538;5.5254;3.0168;1.2902;0.0543;2.2249;0.7037,bytes=542893129-543794074;bytes=699842702-699932936;bytes=130690295-131568698;bytes=406647485-407544297;bytes=623075492-623981965;bytes=752921723-753009894;bytes=546956972-547857232;bytes=701833901-702760236,72eb1444;9cac02bc;5c65de1f;dac4fa94;3a6ba0b3;afda268a;9fc3b5d8;bf479110
2,5,181,success,None,22/Jul/2026:17:23:49.297406,22/Jul/2026:17:23:50.284916,0.9875,19,22/Jul/2026:17:23:48.500154;22/Jul/2026:17:23:49.299145;22/Jul/2026:17:23:48.675727;22/Jul/2026:17:23:48.500535;22/Jul/2026:17:23:47.149319;22/Jul/2026:17:23:48.675377;22/Jul/2026:17:23:43.809660;22/Jul/2026:17:23:46.319146;22/Jul/2026:17:23:48.053020;22/Jul/2026:17:23:49.299494;22/Jul/2026:17:23:47.150035;22/Jul/2026:17:23:48.676027;22/Jul/2026:17:23:49.328152;22/Jul/2026:17:23:46.476222;22/Jul/2026:17:23:47.235687;22/Jul/2026:17:23:48.500093;22/Jul/2026:17:23:46.960736;22/Jul/2026:17:23:50.148873;22/Jul/2026:17:23:50.147921,0.8076;0.0092;0.6348;0.8130;2.1796;0.6538;5.5254;3.0168;1.2902;0.0543;2.2249;0.7037;0.8251;3.6772;2.9183;1.6549;3.2144;0.0285;0.0325,bytes=664638263-665507766;bytes=746221054-747119316;bytes=703757551-703831727;bytes=671626793-671730179;bytes=542893129-543794074;bytes=699842702-699932936;bytes=130690295-131568698;bytes=406647485-407544297;bytes=623075492-623981965;bytes=752921723-753009894;bytes=546956972-547857232;bytes=701833901-702760236;bytes=799227187-800127307;bytes=450836345-450930966;bytes=579904055-580817981;bytes=663756106-664638262;bytes=484820337-485708227;bytes=834907026-835095198;bytes=827061255-827170827,b9f0cf8d;d9dd9c3e;25e69f76;444c494c;72eb1444;9cac02bc;5c65de1f;dac4fa94;3a6ba0b3;afda268a;9fc3b5d8;bf479110;b18ba1ae;b6f721bc;9ee0f044;e7e45c0d;b5569a0e;d2ef6b83;ddb7a673
2,5,200,success,None,22/Jul/2026:17:23:50.146558,22/Jul/2026:17:23:50.794709,0.6481,10,22/Jul/2026:17:23:49.328152;22/Jul/2026:17:23:46.476222;22/Jul/2026:17:23:47.235687;22/Jul/2026:17:23:48.500093;22/Jul/2026:17:23:46.960736;22/Jul/2026:17:23:50.148873;22/Jul/2026:17:23:50.147921;22/Jul/2026:17:23:49.328827;22/Jul/2026:17:23:48.054848;22/Jul/2026:17:23:48.499100,0.8251;3.6772;2.9183;1.6549;3.2144;0.0285;0.0325;0.9699;2.2545;1.8117,bytes=799227187-800127307;bytes=450836345-450930966;bytes=579904055-580817981;bytes=663756106-664638262;bytes=484820337-485708227;bytes=834907026-835095198;bytes=827061255-827170827;bytes=810302189-810403113;bytes=638623140-638710759;bytes=657145333-658069610,b18ba1ae;b6f721bc;9ee0f044;e7e45c0d;b5569a0e;d2ef6b83;ddb7a673;2c93c5d3;94fce010;5398ddd5
2,5,206,success,None,22/Jul/2026:17:23:50.285234,22/Jul/2026:17:23:51.120016,0.8348,8,22/Jul/2026:17:23:49.328827;22/Jul/2026:17:23:48.054848;22/Jul/2026:17:23:48.499100;22/Jul/2026:17:23:49.327469;22/Jul/2026:17:23:49.328316;22/Jul/2026:17:23:49.299929;22/Jul/2026:17:23:50.796122;22/Jul/2026:17:23:50.147274,0.9699;2.2545;1.8117;1.4788;1.4779;1.5178;0.0265;0.6757,bytes=810302189-810403113;bytes=638623140-638710759;bytes=657145333-658069610;bytes=798049574-798125793;bytes=802106003-802287695;bytes=753089956-753281708;bytes=876447699-876555464;bytes=818932860-819086860,2c93c5d3;94fce010;5398ddd5;8e377fc7;23f17d25;a0904849;1fbc1166;20828d97
2,5,213,success,None,22/Jul/2026:17:23:50.794982,22/Jul/2026:17:23:51.660674,0.8657,9,22/Jul/2026:17:23:49.327469;22/Jul/2026:17:23:49.328316;22/Jul/2026:17:23:49.299929;22/Jul/2026:17:23:50.796122;22/Jul/2026:17:23:50.147274;22/Jul/2026:17:23:47.150819;22/Jul/2026:17:23:50.796649;22/Jul/2026:17:23:48.676526;22/Jul/2026:17:23:48.498769,1.4788;1.4779;1.5178;0.0265;0.6757;3.9759;0.3356;2.4665;2.6642,bytes=798049574-798125793;bytes=802106003-802287695;bytes=753089956-753281708;bytes=876447699-876555464;bytes=818932860-819086860;bytes=552928219-553024806;bytes=880339311-880428846;bytes=705115942-706012650;bytes=655192749-655357470,8e377fc7;23f17d25;a0904849;1fbc1166;20828d97;d59f7d5e;eaf9ac61;fdb85a70;222772a6
2,5,220,success,None,22/Jul/2026:17:23:51.120297,22/Jul/2026:17:23:51.862972,0.7427,9,22/Jul/2026:17:23:47.150819;22/Jul/2026:17:23:50.796649;22/Jul/2026:17:23:48.676526;22/Jul/2026:17:23:48.498769;22/Jul/2026:17:23:51.661783;22/Jul/2026:17:23:50.285804;22/Jul/2026:17:23:48.676743;22/Jul/2026:17:23:50.796934;22/Jul/2026:17:23:50.147457,3.9759;0.3356;2.4665;2.6642;0.0293;1.4056;3.0205;0.9040;1.5748,bytes=552928219-553024806;bytes=880339311-880428846;bytes=705115942-706012650;bytes=655192749-655357470;bytes=930126251-930216946;bytes=841359522-842265446;bytes=708035812-708221433;bytes=878540881-879440537;bytes=822992062-823102159,d59f7d5e;eaf9ac61;fdb85a70;222772a6;47a32152;d0cd7433;d6c5183e;ba139921;be802c15
2,5,227,success,None,22/Jul/2026:17:23:51.660961,22/Jul/2026:17:23:52.342155,0.6812,9,22/Jul/2026:17:23:51.661783;22/Jul/2026:17:23:50.285804;22/Jul/2026:17:23:48.676743;22/Jul/2026:17:23:50.796934;22/Jul/2026:17:23:50.147457;22/Jul/2026:17:23:51.121674;22/Jul/2026:17:23:49.298181;22/Jul/2026:17:23:51.121373;22/Jul/2026:17:23:50.797512,0.0293;1.4056;3.0205;0.9040;1.5748;0.7539;2.5926;0.7819;1.1154,bytes=930126251-930216946;bytes=841359522-842265446;bytes=708035812-708221433;bytes=878540881-879440537;bytes=822992062-823102159;bytes=904014758-904925129;bytes=741212234-741325426;bytes=905018761-905113119;bytes=881623077-882513085,47a32152;d0cd7433;d6c5183e;ba139921;be802c15;443f688d;bb30e5db;0cc7e695;b5737a68
2,5,240,success,None,22/Jul/2026:17:23:51.863256,22/Jul/2026:17:23:52.621388,0.7581,4,22/Jul/2026:17:23:51.121674;22/Jul/2026:17:23:49.298181;22/Jul/2026:17:23:51.121373;22/Jul/2026:17:23:50.797512,0.7539;2.5926;0.7819;1.1154,bytes=904014758-904925129;bytes=741212234-741325426;bytes=905018761-905113119;bytes=881623077-882513085,443f688d;bb30e5db;0cc7e695;b5737a68
2,5,255,success,None,22/Jul/2026:17:23:52.342412,22/Jul/2026:17:23:52.966507,0.6241,7,22/Jul/2026:17:23:52.344572;22/Jul/2026:17:23:52.344519;22/Jul/2026:17:23:52.343417;22/Jul/2026:17:23:50.797198;22/Jul/2026:17:23:52.343996;22/Jul/2026:17:23:52.622786;22/Jul/2026:17:23:46.960086,0.2871;0.2895;0.2983;1.8447;0.3004;0.0359;5.7077,bytes=1057654477-1057865717;bytes=1057454775-1057654476;bytes=1046030387-1046935225;bytes=884315858-884471205;bytes=1053170919-1053379429;bytes=1073983986-1074098702;bytes=479803260-479941552,6585477c;2212e41d;be2d6eb2;e87caaa6;0023c5f8;fbcd65b1;8b5c2547
2,5,275,success,None,22/Jul/2026:17:23:52.966796,22/Jul/2026:17:23:53.211979,0.2452,5,22/Jul/2026:17:23:48.500222;22/Jul/2026:17:23:51.863738;22/Jul/2026:17:23:48.677617;22/Jul/2026:17:23:52.623790;22/Jul/2026:17:23:51.661530,4.4743;1.1132;4.3028;0.3617;1.3265,bytes=665507767-666434646;bytes=980202036-981069743;bytes=716394144-716497596;bytes=1078197661-1078294162;bytes=928026001-928926360,7d84d825;bf861f31;41752ced;0ac11ca4;4071f4ad
2,5,261,success,None,22/Jul/2026:17:23:52.621709,22/Jul/2026:17:23:53.246184,0.6245,17,22/Jul/2026:17:23:52.344572;22/Jul/2026:17:23:52.344519;22/Jul/2026:17:23:52.343417;22/Jul/2026:17:23:50.797198;22/Jul/2026:17:23:52.343996;22/Jul/2026:17:23:52.622786;22/Jul/2026:17:23:46.960086;22/Jul/2026:17:23:48.500222;22/Jul/2026:17:23:51.863738;22/Jul/2026:17:23:48.677617;22/Jul/2026:17:23:52.623790;22/Jul/2026:17:23:51.661530;22/Jul/2026:17:23:52.343470;22/Jul/2026:17:23:51.122665;22/Jul/2026:17:23:51.865986;22/Jul/2026:17:23:52.343576;22/Jul/2026:17:23:53.214008,0.2871;0.2895;0.2983;1.8447;0.3004;0.0359;5.7077;4.4743;1.1132;4.3028;0.3617;1.3265;0.8762;2.0974;1.3588;0.8885;0.0225,bytes=1057654477-1057865717;bytes=1057454775-1057654476;bytes=1046030387-1046935225;bytes=884315858-884471205;bytes=1053170919-1053379429;bytes=1073983986-1074098702;bytes=479803260-479941552;bytes=665507767-666434646;bytes=980202036-981069743;bytes=716394144-716497596;bytes=1078197661-1078294162;bytes=928026001-928926360;bytes=1046935226-1047850139;bytes=909777506-910654116;bytes=994315722-995202076;bytes=1048931149-1049125980;bytes=1164503491-1164613268,6585477c;2212e41d;be2d6eb2;e87caaa6;0023c5f8;fbcd65b1;8b5c2547;7d84d825;bf861f31;41752ced;0ac11ca4;4071f4ad;9aae001a;b93cbad2;8afb21a2;71f40787;9b1d80e2
2,5,289,success,None,22/Jul/2026:17:23:53.246503,22/Jul/2026:17:23:53.969311,0.7228,4,22/Jul/2026:17:23:53.214355;22/Jul/2026:17:23:53.214419;22/Jul/2026:17:23:51.865918;22/Jul/2026:17:23:52.344301,0.0445;0.0629;1.4137;0.9492,bytes=1164613269-1164784906;bytes=1164784907-1164986061;bytes=993395321-994315721;bytes=1053613762-1054506869,113b5134;cd9c5c18;c46ed3c2;0aaa7253
2,5,282,success,None,22/Jul/2026:17:23:53.212275,22/Jul/2026:17:23:53.998786,0.7865,9,22/Jul/2026:17:23:52.343470;22/Jul/2026:17:23:51.122665;22/Jul/2026:17:23:51.865986;22/Jul/2026:17:23:52.343576;22/Jul/2026:17:23:53.214008;22/Jul/2026:17:23:53.214355;22/Jul/2026:17:23:53.214419;22/Jul/2026:17:23:51.865918;22/Jul/2026:17:23:52.344301,0.8762;2.0974;1.3588;0.8885;0.0225;0.0445;0.0629;1.4137;0.9492,bytes=1046935226-1047850139;bytes=909777506-910654116;bytes=994315722-995202076;bytes=1048931149-1049125980;bytes=1164503491-1164613268;bytes=1164613269-1164784906;bytes=1164784907-1164986061;bytes=993395321-994315721;bytes=1053613762-1054506869,9aae001a;b93cbad2;8afb21a2;71f40787;9b1d80e2;113b5134;cd9c5c18;c46ed3c2;0aaa7253
2,5,295,success,None,22/Jul/2026:17:23:53.969630,22/Jul/2026:17:23:54.632638,0.6630,6,22/Jul/2026:17:23:53.970413;22/Jul/2026:17:23:51.120918;22/Jul/2026:17:23:51.662226;22/Jul/2026:17:23:53.247270;22/Jul/2026:17:23:53.215039;22/Jul/2026:17:23:53.214635,0.0333;2.8828;2.3470;0.7901;0.8232;0.8365,bytes=1210092025-1210309342;bytes=899814411-900724191;bytes=933962601-934073404;bytes=1181274320-1182162348;bytes=1168922394-1169058818;bytes=1168694939-1168809910,599f6434;7eb00820;3da415e7;7d049805;bea2c6cc;e545faa2
2,5,308,success,None,22/Jul/2026:17:23:53.999056,22/Jul/2026:17:23:54.797553,0.7985,12,22/Jul/2026:17:23:53.970413;22/Jul/2026:17:23:51.120918;22/Jul/2026:17:23:51.662226;22/Jul/2026:17:23:53.247270;22/Jul/2026:17:23:53.215039;22/Jul/2026:17:23:53.214635;22/Jul/2026:17:23:53.247746;22/Jul/2026:17:23:50.287692;22/Jul/2026:17:23:53.213738;22/Jul/2026:17:23:52.968793;22/Jul/2026:17:23:53.214481;22/Jul/2026:17:23:52.623526,0.0333;2.8828;2.3470;0.7901;0.8232;0.8365;1.3906;4.3548;1.4298;1.6764;1.4380;2.0510,bytes=1210092025-1210309342;bytes=899814411-900724191;bytes=933962601-934073404;bytes=1181274320-1182162348;bytes=1168922394-1169058818;bytes=1168694939-1168809910;bytes=1188967182-1189089705;bytes=852755620-853653393;bytes=1160410985-1160593756;bytes=1135755551-1135870747;bytes=1168583200-1168694938;bytes=1074402903-1075311356,599f6434;7eb00820;3da415e7;7d049805;bea2c6cc;e545faa2;54bdb831;da4c854e;21149201;8da553fc;1e6df486;6bca0812
2,5,315,success,None,22/Jul/2026:17:23:54.632923,22/Jul/2026:17:23:55.451548,0.8186,9,22/Jul/2026:17:23:53.247746;22/Jul/2026:17:23:50.287692;22/Jul/2026:17:23:53.213738;22/Jul/2026:17:23:52.968793;22/Jul/2026:17:23:53.214481;22/Jul/2026:17:23:52.623526;22/Jul/2026:17:23:52.623856;22/Jul/2026:17:23:52.969688;22/Jul/2026:17:23:54.800424,1.3906;4.3548;1.4298;1.6764;1.4380;2.0510;2.1844;1.8399;0.0302,bytes=1188967182-1189089705;bytes=852755620-853653393;bytes=1160410985-1160593756;bytes=1135755551-1135870747;bytes=1168583200-1168694938;bytes=1074402903-1075311356;bytes=1078294163-1078387508;bytes=1143580945-1143693810;bytes=1366926798-1367041586,54bdb831;da4c854e;21149201;8da553fc;1e6df486;6bca0812;c15d3b29;28436fb2;d8e16d62
2,5,330,success,None,22/Jul/2026:17:23:54.797848,22/Jul/2026:17:23:55.461856,0.6640,4,22/Jul/2026:17:23:52.623856;22/Jul/2026:17:23:52.969688;22/Jul/2026:17:23:54.800424;22/Jul/2026:17:23:55.453455,2.1844;1.8399;0.0302;0.0078,bytes=1078294163-1078387508;bytes=1143580945-1143693810;bytes=1366926798-1367041586;bytes=1387152925-1387264008,c15d3b29;28436fb2;d8e16d62;33a01c91
2,5,337,success,None,22/Jul/2026:17:23:55.451866,22/Jul/2026:17:23:56.116679,0.6648,9,22/Jul/2026:17:23:55.453455;22/Jul/2026:17:23:53.214085;22/Jul/2026:17:23:54.634259;22/Jul/2026:17:23:51.865439;22/Jul/2026:17:23:52.344465;22/Jul/2026:17:23:54.800639;22/Jul/2026:17:23:53.212865;22/Jul/2026:17:23:54.634364;22/Jul/2026:17:23:53.970652,0.0078;2.2512;0.8311;3.5999;3.1209;0.6805;2.2717;0.8543;1.5506,bytes=1387152925-1387264008;bytes=1160804422-1161692902;bytes=1296749088-1297648870;bytes=991494457-991606601;bytes=1056324969-1057237478;bytes=1370873809-1370986062;bytes=1154122776-1155051557;bytes=1298546224-1299480402;bytes=1211191042-1212064718,33a01c91;c5f7484f;5850cc1b;8f7f306e;570a7b62;e6796cf6;1256ed62;bff02d86;c01f695b
2,5,351,success,None,22/Jul/2026:17:23:55.462122,22/Jul/2026:17:23:56.281920,0.8198,14,22/Jul/2026:17:23:53.214085;22/Jul/2026:17:23:54.634259;22/Jul/2026:17:23:51.865439;22/Jul/2026:17:23:52.344465;22/Jul/2026:17:23:54.800639;22/Jul/2026:17:23:53.212865;22/Jul/2026:17:23:54.634364;22/Jul/2026:17:23:53.970652;22/Jul/2026:17:23:55.454502;22/Jul/2026:17:23:53.970135;22/Jul/2026:17:23:54.633592;22/Jul/2026:17:23:54.633821;22/Jul/2026:17:23:56.118358;22/Jul/2026:17:23:56.119049,2.2512;0.8311;3.5999;3.1209;0.6805;2.2717;0.8543;1.5506;0.6719;2.1724;1.5095;1.5121;0.0463;0.0480,bytes=1160804422-1161692902;bytes=1296749088-1297648870;bytes=991494457-991606601;bytes=1056324969-1057237478;bytes=1370873809-1370986062;bytes=1154122776-1155051557;bytes=1298546224-1299480402;bytes=1211191042-1212064718;bytes=1395388933-1395602687;bytes=1206923727-1207811697;bytes=1292332169-1292447687;bytes=1292562904-1293463653;bytes=1473929926-1474029343;bytes=1481853963-1482043845,c5f7484f;5850cc1b;8f7f306e;570a7b62;e6796cf6;1256ed62;bff02d86;c01f695b;9ea23f59;dfb5f37d;a57bcfb3;5ee2360e;689eab08;7de85937
2,5,358,success,None,22/Jul/2026:17:23:56.116970,22/Jul/2026:17:23:56.742671,0.6257,8,22/Jul/2026:17:23:55.454502;22/Jul/2026:17:23:53.970135;22/Jul/2026:17:23:54.633592;22/Jul/2026:17:23:54.633821;22/Jul/2026:17:23:56.118358;22/Jul/2026:17:23:56.119049;22/Jul/2026:17:23:56.117644;22/Jul/2026:17:23:52.968926,0.6719;2.1724;1.5095;1.5121;0.0463;0.0480;0.1712;3.3547,bytes=1395388933-1395602687;bytes=1206923727-1207811697;bytes=1292332169-1292447687;bytes=1292562904-1293463653;bytes=1473929926-1474029343;bytes=1481853963-1482043845;bytes=1469916622-1470012928;bytes=1139586354-1139689323,9ea23f59;dfb5f37d;a57bcfb3;5ee2360e;689eab08;7de85937;13b5087e;97cd1bbf
2,5,367,success,None,22/Jul/2026:17:23:56.282183,22/Jul/2026:17:23:57.103884,0.8217,9,22/Jul/2026:17:23:56.117644;22/Jul/2026:17:23:52.968926;22/Jul/2026:17:23:56.117878;22/Jul/2026:17:23:54.634041;22/Jul/2026:17:23:55.462927;22/Jul/2026:17:23:54.800496;22/Jul/2026:17:23:54.799745;22/Jul/2026:17:23:54.800081;22/Jul/2026:17:23:56.284831,0.1712;3.3547;0.6329;2.1192;1.2911;1.9639;1.9670;1.9752;0.4974,bytes=1469916622-1470012928;bytes=1139586354-1139689323;bytes=1473723708-1473821257;bytes=1296365532-1296549278;bytes=1444533544-1444612863;bytes=1367041587-1367179169;bytes=1362714701-1362914198;bytes=1366817063-1366926797;bytes=1523393465-1523499285,13b5087e;97cd1bbf;82c112cb;9e34968a;13ff824e;a6e3ce00;fd24014e;d7d383e2;f6695997
2,5,374,success,None,22/Jul/2026:17:23:56.742981,22/Jul/2026:17:23:57.343894,0.6009,11,22/Jul/2026:17:23:56.117878;22/Jul/2026:17:23:54.634041;22/Jul/2026:17:23:55.462927;22/Jul/2026:17:23:54.800496;22/Jul/2026:17:23:54.799745;22/Jul/2026:17:23:54.800081;22/Jul/2026:17:23:56.284831;22/Jul/2026:17:23:54.634883;22/Jul/2026:17:23:56.743368;22/Jul/2026:17:23:48.054436;22/Jul/2026:17:23:55.452838,0.6329;2.1192;1.2911;1.9639;1.9670;1.9752;0.4974;2.4864;0.3800;9.0719;1.6985,bytes=1473723708-1473821257;bytes=1296365532-1296549278;bytes=1444533544-1444612863;bytes=1367041587-1367179169;bytes=1362714701-1362914198;bytes=1366817063-1366926797;bytes=1523393465-1523499285;bytes=1302801255-1303727129;bytes=1532210324-1533108244;bytes=631093221-631998024;bytes=1383135371-1384036236,82c112cb;9e34968a;13ff824e;a6e3ce00;fd24014e;d7d383e2;f6695997;b13c0cd6;c595055f;95f63043;1769b367
2,5,392,success,None,22/Jul/2026:17:23:57.344211,22/Jul/2026:17:23:57.946968,0.6028,7,22/Jul/2026:17:23:56.283423;22/Jul/2026:17:23:55.464662;22/Jul/2026:17:23:56.118148;22/Jul/2026:17:23:57.106154;22/Jul/2026:17:23:56.744757;22/Jul/2026:17:23:57.345066;22/Jul/2026:17:23:55.454432,1.0678;1.8870;1.2552;0.2678;0.6358;0.0380;1.9663,bytes=1510114643-1511026586;bytes=1457161496-1457279875;bytes=1471020402-1471909920;bytes=1577714638-1577820331;bytes=1543008564-1543906326;bytes=1611122855-1611331801;bytes=1395196195-1395388932,a67f809f;0c174922;1aaf0e35;fdc4ce65;fc48c0a7;e1bc19af;e12f6dcb
2,5,382,success,None,22/Jul/2026:17:23:57.104163,22/Jul/2026:17:23:57.958296,0.8541,11,22/Jul/2026:17:23:54.634883;22/Jul/2026:17:23:56.743368;22/Jul/2026:17:23:48.054436;22/Jul/2026:17:23:55.452838;22/Jul/2026:17:23:56.283423;22/Jul/2026:17:23:55.464662;22/Jul/2026:17:23:56.118148;22/Jul/2026:17:23:57.106154;22/Jul/2026:17:23:56.744757;22/Jul/2026:17:23:57.345066;22/Jul/2026:17:23:55.454432,2.4864;0.3800;9.0719;1.6985;1.0678;1.8870;1.2552;0.2678;0.6358;0.0380;1.9663,bytes=1302801255-1303727129;bytes=1532210324-1533108244;bytes=631093221-631998024;bytes=1383135371-1384036236;bytes=1510114643-1511026586;bytes=1457161496-1457279875;bytes=1471020402-1471909920;bytes=1577714638-1577820331;bytes=1543008564-1543906326;bytes=1611122855-1611331801;bytes=1395196195-1395388932,b13c0cd6;c595055f;95f63043;1769b367;a67f809f;0c174922;1aaf0e35;fdc4ce65;fc48c0a7;e1bc19af;e12f6dcb
2,5,401,success,None,22/Jul/2026:17:23:57.947285,22/Jul/2026:17:23:58.572820,0.6255,12,22/Jul/2026:17:23:57.106885;22/Jul/2026:17:23:57.345989;22/Jul/2026:17:23:51.865236;22/Jul/2026:17:23:56.282631;22/Jul/2026:17:23:55.454133;22/Jul/2026:17:23:56.745409;22/Jul/2026:17:23:57.105492;22/Jul/2026:17:23:53.214839;22/Jul/2026:17:23:57.345272;22/Jul/2026:17:23:56.283152;22/Jul/2026:17:23:57.106815;22/Jul/2026:17:23:54.798423,0.8544;0.6153;6.0961;1.6841;2.5175;1.2351;0.8755;4.7726;0.6441;1.7072;0.8853;3.2446,bytes=1585619758-1585797663;bytes=1618162113-1619064761;bytes=989266405-990180068;bytes=1504073807-1504953595;bytes=1395112257-1395196194;bytes=1547233842-1548137256;bytes=1572319047-1573219185;bytes=1166764054-1167676321;bytes=1611331802-1612230632;bytes=1511149191-1511269428;bytes=1581917341-1582029485;bytes=1352202288-1353132433,6927d978;e1090013;cf3c87a3;a8bce496;986fd0eb;13202623;f8f3c5e6;87bd3045;d4ab7c9c;69ad84f3;12d6dfe4;c045b052
2,5,412,success,None,22/Jul/2026:17:23:57.958573,22/Jul/2026:17:23:58.731062,0.7725,17,22/Jul/2026:17:23:57.106885;22/Jul/2026:17:23:57.345989;22/Jul/2026:17:23:51.865236;22/Jul/2026:17:23:56.282631;22/Jul/2026:17:23:55.454133;22/Jul/2026:17:23:56.745409;22/Jul/2026:17:23:57.105492;22/Jul/2026:17:23:53.214839;22/Jul/2026:17:23:57.345272;22/Jul/2026:17:23:56.283152;22/Jul/2026:17:23:57.106815;22/Jul/2026:17:23:54.798423;22/Jul/2026:17:23:57.948707;22/Jul/2026:17:23:57.948475;22/Jul/2026:17:23:57.948823;22/Jul/2026:17:23:57.959820;22/Jul/2026:17:23:58.573846,0.8544;0.6153;6.0961;1.6841;2.5175;1.2351;0.8755;4.7726;0.6441;1.7072;0.8853;3.2446;0.6356;0.6401;0.6415;0.6393;0.0284,bytes=1585619758-1585797663;bytes=1618162113-1619064761;bytes=989266405-990180068;bytes=1504073807-1504953595;bytes=1395112257-1395196194;bytes=1547233842-1548137256;bytes=1572319047-1573219185;bytes=1166764054-1167676321;bytes=1611331802-1612230632;bytes=1511149191-1511269428;bytes=1581917341-1582029485;bytes=1352202288-1353132433;bytes=1656381142-1656502450;bytes=1650305782-1651240222;bytes=1652804606-1653669492;bytes=1696473785-1697381013;bytes=1738932822-1739038698,6927d978;e1090013;cf3c87a3;a8bce496;986fd0eb;13202623;f8f3c5e6;87bd3045;d4ab7c9c;69ad84f3;12d6dfe4;c045b052;a5546359;0e5dc294;14d155a3;af08cc35;a751375b
2,5,431,success,None,22/Jul/2026:17:23:58.731333,22/Jul/2026:17:23:59.499872,0.7685,5,22/Jul/2026:17:23:54.799140;22/Jul/2026:17:23:55.464158;22/Jul/2026:17:23:52.343627;22/Jul/2026:17:23:49.328879;22/Jul/2026:17:23:56.284624,3.9398;3.2777;6.3995;9.4165;2.4617,bytes=1357355608-1358262930;bytes=1449314186-1450195657;bytes=1049125981-1049339161;bytes=810403114-810498889;bytes=1518445189-1519345656,36731843;18e8d3e8;08d44050;24d770e5;1d3d7c02
2,5,423,success,None,22/Jul/2026:17:23:58.573119,22/Jul/2026:17:23:59.509033,0.9359,11,22/Jul/2026:17:23:57.948707;22/Jul/2026:17:23:57.948475;22/Jul/2026:17:23:57.948823;22/Jul/2026:17:23:57.959820;22/Jul/2026:17:23:58.573846;22/Jul/2026:17:23:54.799140;22/Jul/2026:17:23:55.464158;22/Jul/2026:17:23:52.343627;22/Jul/2026:17:23:49.328879;22/Jul/2026:17:23:56.284624;22/Jul/2026:17:23:47.234602,0.6356;0.6401;0.6415;0.6393;0.0284;3.9398;3.2777;6.3995;9.4165;2.4617;12.2733,bytes=1656381142-1656502450;bytes=1650305782-1651240222;bytes=1652804606-1653669492;bytes=1696473785-1697381013;bytes=1738932822-1739038698;bytes=1357355608-1358262930;bytes=1449314186-1450195657;bytes=1049125981-1049339161;bytes=810403114-810498889;bytes=1518445189-1519345656;bytes=571623487-572526863,a5546359;0e5dc294;14d155a3;af08cc35;a751375b;36731843;18e8d3e8;08d44050;24d770e5;1d3d7c02;9c628f96
2,5,446,success,None,22/Jul/2026:17:23:59.500175,22/Jul/2026:17:24:00.048998,0.5488,10,22/Jul/2026:17:23:47.234602;22/Jul/2026:17:23:54.799347;22/Jul/2026:17:23:57.106612;22/Jul/2026:17:23:58.733387;22/Jul/2026:17:23:53.248127;22/Jul/2026:17:23:59.501568;22/Jul/2026:17:23:59.501035;22/Jul/2026:17:23:59.511482;22/Jul/2026:17:23:57.346180;22/Jul/2026:17:23:54.001192,12.2733;4.7124;2.4074;0.7808;6.2674;0.0300;0.0320;0.0348;2.2002;5.5665,bytes=571623487-572526863;bytes=1362486599-1362612606;bytes=1579605578-1580516103;bytes=1779255828-1780142687;bytes=1189195269-1189301665;bytes=1842008128-1842107177;bytes=1837904930-1837991558;bytes=1871711738-1871809811;bytes=1623075604-1623171853;bytes=1274918563-1275821517,9c628f96;0b0d5f42;1294615f;3f95339e;3bd830c3;0dbe3271;a43678d7;c7189201;751626c9;bc5387fe
2,5,452,success,None,22/Jul/2026:17:23:59.509333,22/Jul/2026:17:24:00.126504,0.6172,16,22/Jul/2026:17:23:54.799347;22/Jul/2026:17:23:57.106612;22/Jul/2026:17:23:58.733387;22/Jul/2026:17:23:53.248127;22/Jul/2026:17:23:59.501568;22/Jul/2026:17:23:59.501035;22/Jul/2026:17:23:59.511482;22/Jul/2026:17:23:57.346180;22/Jul/2026:17:23:54.001192;22/Jul/2026:17:23:51.662282;22/Jul/2026:17:23:53.248257;22/Jul/2026:17:23:55.463966;22/Jul/2026:17:23:59.501792;22/Jul/2026:17:23:57.949423;22/Jul/2026:17:23:58.732245;22/Jul/2026:17:23:57.104507,4.7124;2.4074;0.7808;6.2674;0.0300;0.0320;0.0348;2.2002;5.5665;8.3965;6.8120;4.5971;0.5683;2.1254;1.3731;3.0012,bytes=1362486599-1362612606;bytes=1579605578-1580516103;bytes=1779255828-1780142687;bytes=1189195269-1189301665;bytes=1842008128-1842107177;bytes=1837904930-1837991558;bytes=1871711738-1871809811;bytes=1623075604-1623171853;bytes=1274918563-1275821517;bytes=934073405-934176773;bytes=1193008035-1193097805;bytes=1449081047-1449314185;bytes=1841014844-1841910818;bytes=1657891299-1658765429;bytes=1771135507-1772038181;bytes=1565566275-1566469009,0b0d5f42;1294615f;3f95339e;3bd830c3;0dbe3271;a43678d7;c7189201;751626c9;bc5387fe;827edeea;559e9489;9091fb48;92666e7b;a7d1f948;65157ae5;2e3778d4
2,5,461,success,None,22/Jul/2026:17:24:00.049265,22/Jul/2026:17:24:00.906716,0.8574,7,22/Jul/2026:17:23:51.662282;22/Jul/2026:17:23:53.248257;22/Jul/2026:17:23:55.463966;22/Jul/2026:17:23:59.501792;22/Jul/2026:17:23:57.949423;22/Jul/2026:17:23:58.732245;22/Jul/2026:17:23:57.104507,8.3965;6.8120;4.5971;0.5683;2.1254;1.3731;3.0012,bytes=934073405-934176773;bytes=1193008035-1193097805;bytes=1449081047-1449314185;bytes=1841014844-1841910818;bytes=1657891299-1658765429;bytes=1771135507-1772038181;bytes=1565566275-1566469009,827edeea;559e9489;9091fb48;92666e7b;a7d1f948;65157ae5;2e3778d4
3,5,14,success,None,22/Jul/2026:17:24:00.919774,22/Jul/2026:17:24:01.560269,0.6405,16,22/Jul/2026:17:23:41.043325;22/Jul/2026:17:23:39.197388;22/Jul/2026:17:23:43.119291;22/Jul/2026:17:23:46.475524;22/Jul/2026:17:23:45.846696;22/Jul/2026:17:23:41.043860;22/Jul/2026:17:23:39.197499;22/Jul/2026:17:23:45.099308;22/Jul/2026:17:23:33.172250;22/Jul/2026:17:24:00.924955;22/Jul/2026:17:24:00.922012;22/Jul/2026:17:24:00.923468;22/Jul/2026:17:24:00.923847;22/Jul/2026:17:24:00.924688;22/Jul/2026:17:24:00.920864;22/Jul/2026:17:23:46.320962,19.8830;21.7479;17.8261;14.4699;15.0989;19.9019;21.7540;15.8524;27.8115;0.0645;0.0706;0.0808;0.0989;0.3003;0.3092;14.9256,bytes=1838193054-1838301333;bytes=1704990817-1705903703;bytes=20032817-20940272;bytes=446788889-446882870;bytes=356699355-356813978;bytes=1846166280-1846266672;bytes=1706332662-1706555880;bytes=250950561-251053472;bytes=1288499520-1289403244;bytes=92896195-92992577;bytes=36319658-36416454;bytes=68033486-68105496;bytes=72061762-72147904;bytes=88943721-89074012;bytes=24032814-24234184;bytes=422315959-422482563,c47dbb06;51031064;fb8cfa90;05eb252c;e50b7a9c;795b8384;e82d337f;6c98481d;2d22b89f;159b029f;eedc6ea2;bfaa20d0;83b8cf82;d4d520a5;abe24118;3c43b078
3,5,21,success,None,22/Jul/2026:17:24:00.919949,22/Jul/2026:17:24:01.840722,0.9208,21,22/Jul/2026:17:23:41.043325;22/Jul/2026:17:23:39.197388;22/Jul/2026:17:23:43.119291;22/Jul/2026:17:23:46.475524;22/Jul/2026:17:23:45.846696;22/Jul/2026:17:23:41.043860;22/Jul/2026:17:23:39.197499;22/Jul/2026:17:23:45.099308;22/Jul/2026:17:23:33.172250;22/Jul/2026:17:24:00.924955;22/Jul/2026:17:24:00.922012;22/Jul/2026:17:24:00.923468;22/Jul/2026:17:24:00.923847;22/Jul/2026:17:24:00.924688;22/Jul/2026:17:24:00.920864;22/Jul/2026:17:23:46.320962;22/Jul/2026:17:23:52.342948;22/Jul/2026:17:23:45.265403;22/Jul/2026:17:23:57.345599;22/Jul/2026:17:23:52.969419;22/Jul/2026:17:24:00.925597,19.8830;21.7479;17.8261;14.4699;15.0989;19.9019;21.7540;15.8524;27.8115;0.0645;0.0706;0.0808;0.0989;0.3003;0.3092;14.9256;9.2311;16.3173;4.2480;8.6301;0.6752,bytes=1838193054-1838301333;bytes=1704990817-1705903703;bytes=20032817-20940272;bytes=446788889-446882870;bytes=356699355-356813978;bytes=1846166280-1846266672;bytes=1706332662-1706555880;bytes=250950561-251053472;bytes=1288499520-1289403244;bytes=92896195-92992577;bytes=36319658-36416454;bytes=68033486-68105496;bytes=72061762-72147904;bytes=88943721-89074012;bytes=24032814-24234184;bytes=422315959-422482563;bytes=1042928620-1043846129;bytes=283843518-283957035;bytes=1615315641-1615455772;bytes=1138685228-1139586353;bytes=100823179-100911843,c47dbb06;51031064;fb8cfa90;05eb252c;e50b7a9c;795b8384;e82d337f;6c98481d;2d22b89f;159b029f;eedc6ea2;bfaa20d0;83b8cf82;d4d520a5;abe24118;3c43b078;0ad376f9;26529def;d8e018b4;11451203;eeb62e36
3,5,5,success,None,22/Jul/2026:17:24:00.919591,22/Jul/2026:17:24:01.982327,1.0627,26,22/Jul/2026:17:23:41.043325;22/Jul/2026:17:23:39.197388;22/Jul/2026:17:23:43.119291;22/Jul/2026:17:23:46.475524;22/Jul/2026:17:23:45.846696;22/Jul/2026:17:23:41.043860;22/Jul/2026:17:23:39.197499;22/Jul/2026:17:23:45.099308;22/Jul/2026:17:23:33.172250;22/Jul/2026:17:24:00.924955;22/Jul/2026:17:24:00.922012;22/Jul/2026:17:24:00.923468;22/Jul/2026:17:24:00.923847;22/Jul/2026:17:24:00.924688;22/Jul/2026:17:24:00.920864;22/Jul/2026:17:23:46.320962;22/Jul/2026:17:23:52.342948;22/Jul/2026:17:23:45.265403;22/Jul/2026:17:23:57.345599;22/Jul/2026:17:23:52.969419;22/Jul/2026:17:24:00.925597;22/Jul/2026:17:23:59.502281;22/Jul/2026:17:23:49.299257;22/Jul/2026:17:24:00.925449;22/Jul/2026:17:24:00.925788;22/Jul/2026:17:24:01.562618,19.8830;21.7479;17.8261;14.4699;15.0989;19.9019;21.7540;15.8524;27.8115;0.0645;0.0706;0.0808;0.0989;0.3003;0.3092;14.9256;9.2311;16.3173;4.2480;8.6301;0.6752;2.3464;12.5511;0.9253;0.9265;0.2950,bytes=1838193054-1838301333;bytes=1704990817-1705903703;bytes=20032817-20940272;bytes=446788889-446882870;bytes=356699355-356813978;bytes=1846166280-1846266672;bytes=1706332662-1706555880;bytes=250950561-251053472;bytes=1288499520-1289403244;bytes=92896195-92992577;bytes=36319658-36416454;bytes=68033486-68105496;bytes=72061762-72147904;bytes=88943721-89074012;bytes=24032814-24234184;bytes=422315959-422482563;bytes=1042928620-1043846129;bytes=283843518-283957035;bytes=1615315641-1615455772;bytes=1138685228-1139586353;bytes=100823179-100911843;bytes=1844319043-1845259423;bytes=747119317-748037542;bytes=95891543-96791067;bytes=100911844-101014333;bytes=137758750-137856973,c47dbb06;51031064;fb8cfa90;05eb252c;e50b7a9c;795b8384;e82d337f;6c98481d;2d22b89f;159b029f;eedc6ea2;bfaa20d0;83b8cf82;d4d520a5;abe24118;3c43b078;0ad376f9;26529def;d8e018b4;11451203;eeb62e36;3bb1c264;458648f9;7e3af1f4;86667f8c;6827f330
3,5,31,success,None,22/Jul/2026:17:24:01.560561,22/Jul/2026:17:24:02.371622,0.8111,12,22/Jul/2026:17:23:52.342948;22/Jul/2026:17:23:45.265403;22/Jul/2026:17:23:57.345599;22/Jul/2026:17:23:52.969419;22/Jul/2026:17:24:00.925597;22/Jul/2026:17:23:59.502281;22/Jul/2026:17:23:49.299257;22/Jul/2026:17:24:00.925449;22/Jul/2026:17:24:00.925788;22/Jul/2026:17:24:01.562618;22/Jul/2026:17:24:01.844238;22/Jul/2026:17:24:00.925560,9.2311;16.3173;4.2480;8.6301;0.6752;2.3464;12.5511;0.9253;0.9265;0.2950;0.1501;1.0811,bytes=1042928620-1043846129;bytes=283843518-283957035;bytes=1615315641-1615455772;bytes=1138685228-1139586353;bytes=100823179-100911843;bytes=1844319043-1845259423;bytes=747119317-748037542;bytes=95891543-96791067;bytes=100911844-101014333;bytes=137758750-137856973;bytes=194391280-194483396;bytes=100736163-100823178,0ad376f9;26529def;d8e018b4;11451203;eeb62e36;3bb1c264;458648f9;7e3af1f4;86667f8c;6827f330;2fccf802;4b1d53fe
3,5,52,success,None,22/Jul/2026:17:24:01.982600,22/Jul/2026:17:24:02.394641,0.4120,9,22/Jul/2026:17:24:01.844238;22/Jul/2026:17:24:00.925560;22/Jul/2026:17:24:02.372651;22/Jul/2026:17:24:01.841527;22/Jul/2026:17:24:00.921555;22/Jul/2026:17:24:01.563122;22/Jul/2026:17:24:02.373353;22/Jul/2026:17:24:00.925828;22/Jul/2026:17:24:01.560892,0.1501;1.0811;0.0074;0.5402;1.4616;0.8204;0.0192;1.4673;0.8325,bytes=194391280-194483396;bytes=100736163-100823178;bytes=239111117-240014891;bytes=174363374-175258548;bytes=32136928-32236123;bytes=137941087-138851284;bytes=242969560-243060072;bytes=101014334-101109646;bytes=125611313-126492675,2fccf802;4b1d53fe;7561bad7;0374b353;e1e8c142;6e5cc55a;d9fec235;1d4f604b;3dc4c78c
3,5,43,success,None,22/Jul/2026:17:24:01.841094,22/Jul/2026:17:24:02.432283,0.5912,20,22/Jul/2026:17:23:59.502281;22/Jul/2026:17:23:49.299257;22/Jul/2026:17:24:00.925449;22/Jul/2026:17:24:00.925788;22/Jul/2026:17:24:01.562618;22/Jul/2026:17:24:01.844238;22/Jul/2026:17:24:00.925560;22/Jul/2026:17:24:02.372651;22/Jul/2026:17:24:01.841527;22/Jul/2026:17:24:00.921555;22/Jul/2026:17:24:01.563122;22/Jul/2026:17:24:02.373353;22/Jul/2026:17:24:00.925828;22/Jul/2026:17:24:01.560892;22/Jul/2026:17:24:02.375116;22/Jul/2026:17:24:02.374547;22/Jul/2026:17:24:00.921040;22/Jul/2026:17:24:01.983292;22/Jul/2026:17:24:00.922178;22/Jul/2026:17:24:02.374610,2.3464;12.5511;0.9253;0.9265;0.2950;0.1501;1.0811;0.0074;0.5402;1.4616;0.8204;0.0192;1.4673;0.8325;0.0242;0.0265;1.4806;0.4230;1.4870;0.0348,bytes=1844319043-1845259423;bytes=747119317-748037542;bytes=95891543-96791067;bytes=100911844-101014333;bytes=137758750-137856973;bytes=194391280-194483396;bytes=100736163-100823178;bytes=239111117-240014891;bytes=174363374-175258548;bytes=32136928-32236123;bytes=137941087-138851284;bytes=242969560-243060072;bytes=101014334-101109646;bytes=125611313-126492675;bytes=254937027-255036590;bytes=251053473-251149835;bytes=24234185-25131850;bytes=214087073-214251221;bytes=34378950-35297118;bytes=254723841-254852526,3bb1c264;458648f9;7e3af1f4;86667f8c;6827f330;2fccf802;4b1d53fe;7561bad7;0374b353;e1e8c142;6e5cc55a;d9fec235;1d4f604b;3dc4c78c;f8f24ef2;b20dcae8;134421b5;8565c0e5;6840fcff;c06b9d8d
3,5,59,success,None,22/Jul/2026:17:24:02.371951,22/Jul/2026:17:24:03.237131,0.8652,19,22/Jul/2026:17:24:02.372651;22/Jul/2026:17:24:01.841527;22/Jul/2026:17:24:00.921555;22/Jul/2026:17:24:01.563122;22/Jul/2026:17:24:02.373353;22/Jul/2026:17:24:00.925828;22/Jul/2026:17:24:01.560892;22/Jul/2026:17:24:02.375116;22/Jul/2026:17:24:02.374547;22/Jul/2026:17:24:00.921040;22/Jul/2026:17:24:01.983292;22/Jul/2026:17:24:00.922178;22/Jul/2026:17:24:02.374610;22/Jul/2026:17:24:00.921613;22/Jul/2026:17:24:02.373985;22/Jul/2026:17:24:02.398151;22/Jul/2026:17:24:02.375249;22/Jul/2026:17:24:02.398664;22/Jul/2026:17:24:00.921740,0.0074;0.5402;1.4616;0.8204;0.0192;1.4673;0.8325;0.0242;0.0265;1.4806;0.4230;1.4870;0.0348;1.5209;0.0694;0.0478;0.0753;0.0606;1.5739,bytes=239111117-240014891;bytes=174363374-175258548;bytes=32136928-32236123;bytes=137941087-138851284;bytes=242969560-243060072;bytes=101014334-101109646;bytes=125611313-126492675;bytes=254937027-255036590;bytes=251053473-251149835;bytes=24234185-25131850;bytes=214087073-214251221;bytes=34378950-35297118;bytes=254723841-254852526;bytes=28434927-29322116;bytes=246978779-247076166;bytes=295754289-295837678;bytes=258746982-258854694;bytes=299612938-299798265;bytes=30208736-31127958,7561bad7;0374b353;e1e8c142;6e5cc55a;d9fec235;1d4f604b;3dc4c78c;f8f24ef2;b20dcae8;134421b5;8565c0e5;6840fcff;c06b9d8d;f1abe2ce;173ad6e3;2a0d2b50;8aaa3acc;aa4a16aa;8cfe25aa
3,5,80,success,None,22/Jul/2026:17:24:02.432616,22/Jul/2026:17:24:03.237781,0.8052,6,22/Jul/2026:17:24:00.921613;22/Jul/2026:17:24:02.373985;22/Jul/2026:17:24:02.398151;22/Jul/2026:17:24:02.375249;22/Jul/2026:17:24:02.398664;22/Jul/2026:17:24:00.921740,1.5209;0.0694;0.0478;0.0753;0.0606;1.5739,bytes=28434927-29322116;bytes=246978779-247076166;bytes=295754289-295837678;bytes=258746982-258854694;bytes=299612938-299798265;bytes=30208736-31127958,f1abe2ce;173ad6e3;2a0d2b50;8aaa3acc;aa4a16aa;8cfe25aa
3,5,69,success,None,22/Jul/2026:17:24:02.394965,22/Jul/2026:17:24:03.279981,0.8850,21,22/Jul/2026:17:24:02.375116;22/Jul/2026:17:24:02.374547;22/Jul/2026:17:24:00.921040;22/Jul/2026:17:24:01.983292;22/Jul/2026:17:24:00.922178;22/Jul/2026:17:24:02.374610;22/Jul/2026:17:24:00.921613;22/Jul/2026:17:24:02.373985;22/Jul/2026:17:24:02.398151;22/Jul/2026:17:24:02.375249;22/Jul/2026:17:24:02.398664;22/Jul/2026:17:24:00.921740;22/Jul/2026:17:24:02.374976;22/Jul/2026:17:24:01.843317;22/Jul/2026:17:24:02.397086;22/Jul/2026:17:24:00.925904;22/Jul/2026:17:24:02.398307;22/Jul/2026:17:24:01.983362;22/Jul/2026:17:24:02.396745;22/Jul/2026:17:24:02.374758;22/Jul/2026:17:24:02.374319,0.0242;0.0265;1.4806;0.4230;1.4870;0.0348;1.5209;0.0694;0.0478;0.0753;0.0606;1.5739;0.8742;1.4130;0.8626;2.3353;0.8641;1.2834;0.8774;0.9002;0.9027,bytes=254937027-255036590;bytes=251053473-251149835;bytes=24234185-25131850;bytes=214087073-214251221;bytes=34378950-35297118;bytes=254723841-254852526;bytes=28434927-29322116;bytes=246978779-247076166;bytes=295754289-295837678;bytes=258746982-258854694;bytes=299612938-299798265;bytes=30208736-31127958;bytes=252924193-253823465;bytes=186466312-186597639;bytes=286808847-287713546;bytes=104841493-104958941;bytes=292969386-293855841;bytes=214251222-214424171;bytes=287809747-287918238;bytes=254852527-254937026;bytes=248837277-249736121,f8f24ef2;b20dcae8;134421b5;8565c0e5;6840fcff;c06b9d8d;f1abe2ce;173ad6e3;2a0d2b50;8aaa3acc;aa4a16aa;8cfe25aa;ff89f8ec;f102d62e;ee74efed;c065e283;701b69cd;808611db;ce7f08be;af4ce2b9;29bbeedf
3,5,86,success,None,22/Jul/2026:17:24:03.237461,22/Jul/2026:17:24:03.815453,0.5780,15,22/Jul/2026:17:24:02.374976;22/Jul/2026:17:24:01.843317;22/Jul/2026:17:24:02.397086;22/Jul/2026:17:24:00.925904;22/Jul/2026:17:24:02.398307;22/Jul/2026:17:24:01.983362;22/Jul/2026:17:24:02.396745;22/Jul/2026:17:24:02.374758;22/Jul/2026:17:24:02.374319;22/Jul/2026:17:24:02.433437;22/Jul/2026:17:24:02.373043;22/Jul/2026:17:24:03.242575;22/Jul/2026:17:24:02.397542;22/Jul/2026:17:24:02.435317;22/Jul/2026:17:24:03.239962,0.8742;1.4130;0.8626;2.3353;0.8641;1.2834;0.8774;0.9002;0.9027;0.8812;0.9440;0.0752;0.9227;0.8879;0.0992,bytes=252924193-253823465;bytes=186466312-186597639;bytes=286808847-287713546;bytes=104841493-104958941;bytes=292969386-293855841;bytes=214251222-214424171;bytes=287809747-287918238;bytes=254852527-254937026;bytes=248837277-249736121;bytes=326623524-327540731;bytes=240901723-241805301;bytes=417817753-417916780;bytes=289013214-289896582;bytes=338758833-339651642;bytes=356813979-356907188,ff89f8ec;f102d62e;ee74efed;c065e283;701b69cd;808611db;ce7f08be;af4ce2b9;29bbeedf;2fdffb91;af0f38c0;f2f8b1d8;f1f1abd4;0667a9d2;bcad626c
3,5,100,success,None,22/Jul/2026:17:24:03.238090,22/Jul/2026:17:24:03.823971,0.5859,15,22/Jul/2026:17:24:02.374976;22/Jul/2026:17:24:01.843317;22/Jul/2026:17:24:02.397086;22/Jul/2026:17:24:00.925904;22/Jul/2026:17:24:02.398307;22/Jul/2026:17:24:01.983362;22/Jul/2026:17:24:02.396745;22/Jul/2026:17:24:02.374758;22/Jul/2026:17:24:02.374319;22/Jul/2026:17:24:02.433437;22/Jul/2026:17:24:02.373043;22/Jul/2026:17:24:03.242575;22/Jul/2026:17:24:02.397542;22/Jul/2026:17:24:02.435317;22/Jul/2026:17:24:03.239962,0.8742;1.4130;0.8626;2.3353;0.8641;1.2834;0.8774;0.9002;0.9027;0.8812;0.9440;0.0752;0.9227;0.8879;0.0992,bytes=252924193-253823465;bytes=186466312-186597639;bytes=286808847-287713546;bytes=104841493-104958941;bytes=292969386-293855841;bytes=214251222-214424171;bytes=287809747-287918238;bytes=254852527-254937026;bytes=248837277-249736121;bytes=326623524-327540731;bytes=240901723-241805301;bytes=417817753-417916780;bytes=289013214-289896582;bytes=338758833-339651642;bytes=356813979-356907188,ff89f8ec;f102d62e;ee74efed;c065e283;701b69cd;808611db;ce7f08be;af4ce2b9;29bbeedf;2fdffb91;af0f38c0;f2f8b1d8;f1f1abd4;0667a9d2;bcad626c
3,5,109,success,None,22/Jul/2026:17:24:03.280266,22/Jul/2026:17:24:03.951192,0.6709,17,22/Jul/2026:17:24:02.433437;22/Jul/2026:17:24:02.373043;22/Jul/2026:17:24:03.242575;22/Jul/2026:17:24:02.397542;22/Jul/2026:17:24:02.435317;22/Jul/2026:17:24:03.239962;22/Jul/2026:17:24:02.397398;22/Jul/2026:17:23:56.118497;22/Jul/2026:17:24:01.983768;22/Jul/2026:17:24:02.373261;22/Jul/2026:17:24:00.921794;22/Jul/2026:17:24:03.238928;22/Jul/2026:17:24:02.396129;22/Jul/2026:17:24:03.242630;22/Jul/2026:17:24:03.243014;22/Jul/2026:17:24:03.243901;22/Jul/2026:17:24:01.983063,0.8812;0.9440;0.0752;0.9227;0.8879;0.0992;1.4311;7.7100;1.8448;1.4553;2.9187;0.6087;1.4516;0.6093;0.6157;0.6190;1.8911,bytes=326623524-327540731;bytes=240901723-241805301;bytes=417817753-417916780;bytes=289013214-289896582;bytes=338758833-339651642;bytes=356813979-356907188;bytes=291798572-291897783;bytes=1477734559-1477913759;bytes=217140566-218048429;bytes=242883246-242969559;bytes=31127959-32038767;bytes=352753015-352849587;bytes=280011510-280917474;bytes=414096608-414984526;bytes=418097565-418311418;bytes=426202028-426301152;bytes=211226170-212123542,2fdffb91;af0f38c0;f2f8b1d8;f1f1abd4;0667a9d2;bcad626c;98b18dc1;3011fff1;ef876603;e3768dcd;4524fd31;7ef7168b;7da86212;fd38bd7c;4dd6bb7c;ee49e73b;7ec66e26
3,5,140,success,None,22/Jul/2026:17:24:03.951502,22/Jul/2026:17:24:04.528239,0.5767,5,22/Jul/2026:17:24:03.827166;22/Jul/2026:17:24:02.396537;22/Jul/2026:17:24:00.925636;22/Jul/2026:17:24:03.953968;22/Jul/2026:17:24:03.954448,0.1323;1.5650;3.0376;0.0240;0.0401,bytes=556996039-557197595;bytes=283957036-284092378;bytes=97160198-98062851;bytes=582008220-582091562;bytes=585867301-585970366,ba9c88d7;c27be360;53575c63;cb0d5ef0;60c1f761
3,5,117,success,None,22/Jul/2026:17:24:03.815764,22/Jul/2026:17:24:04.686184,0.8704,25,22/Jul/2026:17:24:02.397398;22/Jul/2026:17:23:56.118497;22/Jul/2026:17:24:01.983768;22/Jul/2026:17:24:02.373261;22/Jul/2026:17:24:00.921794;22/Jul/2026:17:24:03.238928;22/Jul/2026:17:24:02.396129;22/Jul/2026:17:24:03.242630;22/Jul/2026:17:24:03.243014;22/Jul/2026:17:24:03.243901;22/Jul/2026:17:24:01.983063;22/Jul/2026:17:24:03.827166;22/Jul/2026:17:24:02.396537;22/Jul/2026:17:24:00.925636;22/Jul/2026:17:24:03.953968;22/Jul/2026:17:24:03.954448;22/Jul/2026:17:24:03.240254;22/Jul/2026:17:24:03.238728;22/Jul/2026:17:24:01.562822;22/Jul/2026:17:24:03.826057;22/Jul/2026:17:24:03.242230;22/Jul/2026:17:24:04.529534;22/Jul/2026:17:24:04.530114;22/Jul/2026:17:24:04.529424;22/Jul/2026:17:24:03.954585,1.4311;7.7100;1.8448;1.4553;2.9187;0.6087;1.4516;0.6093;0.6157;0.6190;1.8911;0.1323;1.5650;3.0376;0.0240;0.0401;1.2975;1.2990;2.9774;0.7184;1.3026;0.0259;0.0261;0.0295;0.6093,bytes=291798572-291897783;bytes=1477734559-1477913759;bytes=217140566-218048429;bytes=242883246-242969559;bytes=31127959-32038767;bytes=352753015-352849587;bytes=280011510-280917474;bytes=414096608-414984526;bytes=418097565-418311418;bytes=426202028-426301152;bytes=211226170-212123542;bytes=556996039-557197595;bytes=283957036-284092378;bytes=97160198-98062851;bytes=582008220-582091562;bytes=585867301-585970366;bytes=357907041-358812543;bytes=350658584-351562970;bytes=141634969-141731596;bytes=549086863-549988998;bytes=410790285-411687734;bytes=601769757-601842240;bytes=605746079-605825044;bytes=601683451-601769756;bytes=589628499-589797897,98b18dc1;3011fff1;ef876603;e3768dcd;4524fd31;7ef7168b;7da86212;fd38bd7c;4dd6bb7c;ee49e73b;7ec66e26;ba9c88d7;c27be360;53575c63;cb0d5ef0;60c1f761;434cdf55;d5f286e4;55232f5a;212d5aac;0ead2db0;3fb9d5e6;8f725dc2;f6bb3fe9;9c23cee1
3,5,133,success,None,22/Jul/2026:17:24:03.824304,22/Jul/2026:17:24:04.821486,0.9972,31,22/Jul/2026:17:24:02.397398;22/Jul/2026:17:23:56.118497;22/Jul/2026:17:24:01.983768;22/Jul/2026:17:24:02.373261;22/Jul/2026:17:24:00.921794;22/Jul/2026:17:24:03.238928;22/Jul/2026:17:24:02.396129;22/Jul/2026:17:24:03.242630;22/Jul/2026:17:24:03.243014;22/Jul/2026:17:24:03.243901;22/Jul/2026:17:24:01.983063;22/Jul/2026:17:24:03.827166;22/Jul/2026:17:24:02.396537;22/Jul/2026:17:24:00.925636;22/Jul/2026:17:24:03.953968;22/Jul/2026:17:24:03.954448;22/Jul/2026:17:24:03.240254;22/Jul/2026:17:24:03.238728;22/Jul/2026:17:24:01.562822;22/Jul/2026:17:24:03.826057;22/Jul/2026:17:24:03.242230;22/Jul/2026:17:24:04.529534;22/Jul/2026:17:24:04.530114;22/Jul/2026:17:24:04.529424;22/Jul/2026:17:24:03.954585;22/Jul/2026:17:24:01.983971;22/Jul/2026:17:24:00.923355;22/Jul/2026:17:24:03.240532;22/Jul/2026:17:24:03.954512;22/Jul/2026:17:24:03.817291;22/Jul/2026:17:24:00.923061,1.4311;7.7100;1.8448;1.4553;2.9187;0.6087;1.4516;0.6093;0.6157;0.6190;1.8911;0.1323;1.5650;3.0376;0.0240;0.0401;1.2975;1.2990;2.9774;0.7184;1.3026;0.0259;0.0261;0.0295;0.6093;2.7097;3.7745;1.4582;0.7455;0.8962;3.7914,bytes=291798572-291897783;bytes=1477734559-1477913759;bytes=217140566-218048429;bytes=242883246-242969559;bytes=31127959-32038767;bytes=352753015-352849587;bytes=280011510-280917474;bytes=414096608-414984526;bytes=418097565-418311418;bytes=426202028-426301152;bytes=211226170-212123542;bytes=556996039-557197595;bytes=283957036-284092378;bytes=97160198-98062851;bytes=582008220-582091562;bytes=585867301-585970366;bytes=357907041-358812543;bytes=350658584-351562970;bytes=141634969-141731596;bytes=549086863-549988998;bytes=410790285-411687734;bytes=601769757-601842240;bytes=605746079-605825044;bytes=601683451-601769756;bytes=589628499-589797897;bytes=222249683-222339354;bytes=64256437-64350430;bytes=360814687-360987592;bytes=585970367-586062657;bytes=487518384-487597822;bytes=60436224-61334060,98b18dc1;3011fff1;ef876603;e3768dcd;4524fd31;7ef7168b;7da86212;fd38bd7c;4dd6bb7c;ee49e73b;7ec66e26;ba9c88d7;c27be360;53575c63;cb0d5ef0;60c1f761;434cdf55;d5f286e4;55232f5a;212d5aac;0ead2db0;3fb9d5e6;8f725dc2;f6bb3fe9;9c23cee1;73eb6de3;c1dfd98c;e140f655;ee579724;5b45e03c;170ae624
3,5,152,success,None,22/Jul/2026:17:24:04.686527,22/Jul/2026:17:24:05.306634,0.6201,9,22/Jul/2026:17:24:01.983971;22/Jul/2026:17:24:00.923355;22/Jul/2026:17:24:03.240532;22/Jul/2026:17:24:03.954512;22/Jul/2026:17:24:03.817291;22/Jul/2026:17:24:00.923061;22/Jul/2026:17:24:02.374050;22/Jul/2026:17:24:00.924235;22/Jul/2026:17:24:04.530576,2.7097;3.7745;1.4582;0.7455;0.8962;3.7914;2.4573;3.9311;0.3443,bytes=222249683-222339354;bytes=64256437-64350430;bytes=360814687-360987592;bytes=585970367-586062657;bytes=487518384-487597822;bytes=60436224-61334060;bytes=250632731-250784207;bytes=72419817-72625560;bytes=609866794-609961965,73eb6de3;c1dfd98c;e140f655;ee579724;5b45e03c;170ae624;34624d82;fe420b24;f98f6d42
3,5,146,success,None,22/Jul/2026:17:24:04.528517,22/Jul/2026:17:24:05.384426,0.8559,25,22/Jul/2026:17:24:03.240254;22/Jul/2026:17:24:03.238728;22/Jul/2026:17:24:01.562822;22/Jul/2026:17:24:03.826057;22/Jul/2026:17:24:03.242230;22/Jul/2026:17:24:04.529534;22/Jul/2026:17:24:04.530114;22/Jul/2026:17:24:04.529424;22/Jul/2026:17:24:03.954585;22/Jul/2026:17:24:01.983971;22/Jul/2026:17:24:00.923355;22/Jul/2026:17:24:03.240532;22/Jul/2026:17:24:03.954512;22/Jul/2026:17:24:03.817291;22/Jul/2026:17:24:00.923061;22/Jul/2026:17:24:02.374050;22/Jul/2026:17:24:00.924235;22/Jul/2026:17:24:04.530576;22/Jul/2026:17:24:02.433253;22/Jul/2026:17:24:05.308625;22/Jul/2026:17:24:03.240411;22/Jul/2026:17:24:05.307839;22/Jul/2026:17:24:03.241330;22/Jul/2026:17:24:04.823569;22/Jul/2026:17:24:04.823257,1.2975;1.2990;2.9774;0.7184;1.3026;0.0259;0.0261;0.0295;0.6093;2.7097;3.7745;1.4582;0.7455;0.8962;3.7914;2.4573;3.9311;0.3443;2.8988;0.0324;2.1015;0.0398;2.1066;0.5280;0.5296,bytes=357907041-358812543;bytes=350658584-351562970;bytes=141634969-141731596;bytes=549086863-549988998;bytes=410790285-411687734;bytes=601769757-601842240;bytes=605746079-605825044;bytes=601683451-601769756;bytes=589628499-589797897;bytes=222249683-222339354;bytes=64256437-64350430;bytes=360814687-360987592;bytes=585970367-586062657;bytes=487518384-487597822;bytes=60436224-61334060;bytes=250632731-250784207;bytes=72419817-72625560;bytes=609866794-609961965;bytes=324853182-325737834;bytes=707946662-708035811;bytes=358812544-359737660;bytes=703663922-703757550;bytes=365141612-365352939;bytes=663256946-663352984;bytes=657145333-658069610,434cdf55;d5f286e4;55232f5a;212d5aac;0ead2db0;3fb9d5e6;8f725dc2;f6bb3fe9;9c23cee1;73eb6de3;c1dfd98c;e140f655;ee579724;5b45e03c;170ae624;34624d82;fe420b24;f98f6d42;4043ff18;7a2868dc;0bd78059;782b6504;b6335ac9;c4d31e38;360d1b4f
3,5,160,success,None,22/Jul/2026:17:24:04.821823,22/Jul/2026:17:24:05.475905,0.6541,16,22/Jul/2026:17:24:02.374050;22/Jul/2026:17:24:00.924235;22/Jul/2026:17:24:04.530576;22/Jul/2026:17:24:02.433253;22/Jul/2026:17:24:05.308625;22/Jul/2026:17:24:03.240411;22/Jul/2026:17:24:05.307839;22/Jul/2026:17:24:03.241330;22/Jul/2026:17:24:04.823569;22/Jul/2026:17:24:04.823257;22/Jul/2026:17:24:05.309706;22/Jul/2026:17:24:02.373849;22/Jul/2026:17:24:04.529916;22/Jul/2026:17:24:05.309780;22/Jul/2026:17:24:04.823947;22/Jul/2026:17:24:03.818831,2.4573;3.9311;0.3443;2.8988;0.0324;2.1015;0.0398;2.1066;0.5280;0.5296;0.0841;3.0248;0.8702;0.0974;0.5960;1.6213,bytes=250632731-250784207;bytes=72419817-72625560;bytes=609866794-609961965;bytes=324853182-325737834;bytes=707946662-708035811;bytes=358812544-359737660;bytes=703663922-703757550;bytes=365141612-365352939;bytes=663256946-663352984;bytes=657145333-658069610;bytes=712469711-712676158;bytes=245732603-246620475;bytes=601842241-601944561;bytes=716284551-716394143;bytes=662250192-663160012;bytes=495482629-495663224,34624d82;fe420b24;f98f6d42;4043ff18;7a2868dc;0bd78059;782b6504;b6335ac9;c4d31e38;360d1b4f;2dd3aff8;11b04a36;e7479ce6;caa79a8f;2cd930f3;17abce9c
3,5,171,success,None,22/Jul/2026:17:24:05.306936,22/Jul/2026:17:24:05.789866,0.4829,17,22/Jul/2026:17:24:02.433253;22/Jul/2026:17:24:05.308625;22/Jul/2026:17:24:03.240411;22/Jul/2026:17:24:05.307839;22/Jul/2026:17:24:03.241330;22/Jul/2026:17:24:04.823569;22/Jul/2026:17:24:04.823257;22/Jul/2026:17:24:05.309706;22/Jul/2026:17:24:02.373849;22/Jul/2026:17:24:04.529916;22/Jul/2026:17:24:05.309780;22/Jul/2026:17:24:04.823947;22/Jul/2026:17:24:03.818831;22/Jul/2026:17:24:04.688224;22/Jul/2026:17:24:00.925136;22/Jul/2026:17:24:03.825397;22/Jul/2026:17:24:03.826125,2.8988;0.0324;2.1015;0.0398;2.1066;0.5280;0.5296;0.0841;3.0248;0.8702;0.0974;0.5960;1.6213;0.7991;4.5722;1.6863;1.8885,bytes=324853182-325737834;bytes=707946662-708035811;bytes=358812544-359737660;bytes=703663922-703757550;bytes=365141612-365352939;bytes=663256946-663352984;bytes=657145333-658069610;bytes=712469711-712676158;bytes=245732603-246620475;bytes=601842241-601944561;bytes=716284551-716394143;bytes=662250192-663160012;bytes=495482629-495663224;bytes=630794135-630893868;bytes=91898869-92805845;bytes=548820484-548884256;bytes=549988999-550886409,4043ff18;7a2868dc;0bd78059;782b6504;b6335ac9;c4d31e38;360d1b4f;2dd3aff8;11b04a36;e7479ce6;caa79a8f;2cd930f3;17abce9c;344331ea;ac60b530;255c04d8;14bafd5b
3,5,181,success,None,22/Jul/2026:17:24:05.384748,22/Jul/2026:17:24:06.057493,0.6727,17,22/Jul/2026:17:24:05.309706;22/Jul/2026:17:24:02.373849;22/Jul/2026:17:24:04.529916;22/Jul/2026:17:24:05.309780;22/Jul/2026:17:24:04.823947;22/Jul/2026:17:24:03.818831;22/Jul/2026:17:24:04.688224;22/Jul/2026:17:24:00.925136;22/Jul/2026:17:24:03.825397;22/Jul/2026:17:24:03.826125;22/Jul/2026:17:24:01.843112;22/Jul/2026:17:24:03.282929;22/Jul/2026:17:24:03.283276;22/Jul/2026:17:24:04.823316;22/Jul/2026:17:24:05.308835;22/Jul/2026:17:24:05.385473;22/Jul/2026:17:24:04.529627,0.0841;3.0248;0.8702;0.0974;0.5960;1.6213;0.7991;4.5722;1.6863;1.8885;3.9562;2.5168;2.5194;0.9818;0.4995;0.4273;1.2833,bytes=712469711-712676158;bytes=245732603-246620475;bytes=601842241-601944561;bytes=716284551-716394143;bytes=662250192-663160012;bytes=495482629-495663224;bytes=630794135-630893868;bytes=91898869-92805845;bytes=548820484-548884256;bytes=549988999-550886409;bytes=183566944-184449190;bytes=458659800-458733861;bytes=458733862-458890133;bytes=658069611-658970859;bytes=706012651-706944707;bytes=739065014-739973477;bytes=598113515-599002197,2dd3aff8;11b04a36;e7479ce6;caa79a8f;2cd930f3;17abce9c;344331ea;ac60b530;255c04d8;14bafd5b;0cdf92ad;3fb1d8dd;c4b06cb0;af85bcf2;3f59f2c5;93093385;11b27405
3,5,194,success,None,22/Jul/2026:17:24:05.476262,22/Jul/2026:17:24:06.282580,0.8063,13,22/Jul/2026:17:24:04.688224;22/Jul/2026:17:24:00.925136;22/Jul/2026:17:24:03.825397;22/Jul/2026:17:24:03.826125;22/Jul/2026:17:24:01.843112;22/Jul/2026:17:24:03.282929;22/Jul/2026:17:24:03.283276;22/Jul/2026:17:24:04.823316;22/Jul/2026:17:24:05.308835;22/Jul/2026:17:24:05.385473;22/Jul/2026:17:24:04.529627;22/Jul/2026:17:24:04.688017;22/Jul/2026:17:24:03.240704,0.7991;4.5722;1.6863;1.8885;3.9562;2.5168;2.5194;0.9818;0.4995;0.4273;1.2833;1.3844;2.8346,bytes=630794135-630893868;bytes=91898869-92805845;bytes=548820484-548884256;bytes=549988999-550886409;bytes=183566944-184449190;bytes=458659800-458733861;bytes=458733862-458890133;bytes=658069611-658970859;bytes=706012651-706944707;bytes=739065014-739973477;bytes=598113515-599002197;bytes=626890300-626992406;bytes=364873419-364951443,344331ea;ac60b530;255c04d8;14bafd5b;0cdf92ad;3fb1d8dd;c4b06cb0;af85bcf2;3f59f2c5;93093385;11b27405;ecde6c9a;653b55c1
3,5,200,success,None,22/Jul/2026:17:24:05.790179,22/Jul/2026:17:24:06.636307,0.8461,15,22/Jul/2026:17:24:01.843112;22/Jul/2026:17:24:03.282929;22/Jul/2026:17:24:03.283276;22/Jul/2026:17:24:04.823316;22/Jul/2026:17:24:05.308835;22/Jul/2026:17:24:05.385473;22/Jul/2026:17:24:04.529627;22/Jul/2026:17:24:04.688017;22/Jul/2026:17:24:03.240704;22/Jul/2026:17:24:00.922615;22/Jul/2026:17:24:03.826463;22/Jul/2026:17:24:05.793143;22/Jul/2026:17:24:05.791894;22/Jul/2026:17:24:06.283854;22/Jul/2026:17:24:05.477666,3.9562;2.5168;2.5194;0.9818;0.4995;0.4273;1.2833;1.3844;2.8346;5.3700;2.4663;0.5054;0.5079;0.0328;0.8395,bytes=183566944-184449190;bytes=458659800-458733861;bytes=458733862-458890133;bytes=658069611-658970859;bytes=706012651-706944707;bytes=739065014-739973477;bytes=598113515-599002197;bytes=626890300-626992406;bytes=364873419-364951443;bytes=58353066-59231727;bytes=551793791-552680387;bytes=835095199-835234220;bytes=827061255-827170827;bytes=876343105-876447698;bytes=794177965-794280907,0cdf92ad;3fb1d8dd;c4b06cb0;af85bcf2;3f59f2c5;93093385;11b27405;ecde6c9a;653b55c1;1d17d966;4167daa5;34fd8c83;cf23e874;34bc5613;9e9ffa51
3,5,213,success,None,22/Jul/2026:17:24:06.282909,22/Jul/2026:17:24:06.696066,0.4132,18,22/Jul/2026:17:24:00.922615;22/Jul/2026:17:24:03.826463;22/Jul/2026:17:24:05.793143;22/Jul/2026:17:24:05.791894;22/Jul/2026:17:24:06.283854;22/Jul/2026:17:24:05.477666;22/Jul/2026:17:24:06.060702;22/Jul/2026:17:24:05.792231;22/Jul/2026:17:24:05.307978;22/Jul/2026:17:24:05.307291;22/Jul/2026:17:24:06.638378;22/Jul/2026:17:24:03.954656;22/Jul/2026:17:24:04.688365;22/Jul/2026:17:24:03.817150;22/Jul/2026:17:24:06.059695;22/Jul/2026:17:24:03.825088;22/Jul/2026:17:24:04.823380;22/Jul/2026:17:24:06.058873,5.3700;2.4663;0.5054;0.5079;0.0328;0.8395;0.5856;0.8547;1.3395;1.3415;0.0111;2.6963;1.9656;2.8391;0.6004;2.8353;1.8395;0.6044,bytes=58353066-59231727;bytes=551793791-552680387;bytes=835095199-835234220;bytes=827061255-827170827;bytes=876343105-876447698;bytes=794177965-794280907;bytes=859702063-859807910;bytes=827170828-827264790;bytes=703757551-703831727;bytes=696035109-696932641;bytes=905323511-905539406;bytes=589797898-589945730;bytes=628008709-628886393;bytes=483749117-483842754;bytes=849489240-850406661;bytes=543794075-544681178;bytes=659151290-659347481;bytes=847301305-847417470,1d17d966;4167daa5;34fd8c83;cf23e874;34bc5613;9e9ffa51;7cb14f5f;321b5593;0e18e841;0541a5f6;053420b9;bda96873;ee2ef87e;5439b821;45f0f943;b80e5cc9;33f17999;2180bf94
3,5,206,success,None,22/Jul/2026:17:24:06.057794,22/Jul/2026:17:24:06.726889,0.6691,29,22/Jul/2026:17:24:04.688017;22/Jul/2026:17:24:03.240704;22/Jul/2026:17:24:00.922615;22/Jul/2026:17:24:03.826463;22/Jul/2026:17:24:05.793143;22/Jul/2026:17:24:05.791894;22/Jul/2026:17:24:06.283854;22/Jul/2026:17:24:05.477666;22/Jul/2026:17:24:06.060702;22/Jul/2026:17:24:05.792231;22/Jul/2026:17:24:05.307978;22/Jul/2026:17:24:05.307291;22/Jul/2026:17:24:06.638378;22/Jul/2026:17:24:03.954656;22/Jul/2026:17:24:04.688365;22/Jul/2026:17:24:03.817150;22/Jul/2026:17:24:06.059695;22/Jul/2026:17:24:03.825088;22/Jul/2026:17:24:04.823380;22/Jul/2026:17:24:06.058873;22/Jul/2026:17:24:06.638308;22/Jul/2026:17:24:04.822991;22/Jul/2026:17:24:06.639092;22/Jul/2026:17:24:03.281352;22/Jul/2026:17:24:03.281682;22/Jul/2026:17:24:05.791677;22/Jul/2026:17:24:04.531188;22/Jul/2026:17:24:03.825015;22/Jul/2026:17:24:06.638880,1.3844;2.8346;5.3700;2.4663;0.5054;0.5079;0.0328;0.8395;0.5856;0.8547;1.3395;1.3415;0.0111;2.6963;1.9656;2.8391;0.6004;2.8353;1.8395;0.6044;0.0684;1.8873;0.0719;3.4323;3.4322;0.9226;2.1842;2.8922;0.0842,bytes=626890300-626992406;bytes=364873419-364951443;bytes=58353066-59231727;bytes=551793791-552680387;bytes=835095199-835234220;bytes=827061255-827170827;bytes=876343105-876447698;bytes=794177965-794280907;bytes=859702063-859807910;bytes=827170828-827264790;bytes=703757551-703831727;bytes=696035109-696932641;bytes=905323511-905539406;bytes=589797898-589945730;bytes=628008709-628886393;bytes=483749117-483842754;bytes=849489240-850406661;bytes=543794075-544681178;bytes=659151290-659347481;bytes=847301305-847417470;bytes=905113120-905323510;bytes=658970860-659067521;bytes=913488025-913599862;bytes=446689479-446788888;bytes=447774147-448661458;bytes=823102160-823217353;bytes=610256616-610470853;bytes=542893129-543794074;bytes=909567986-909777505,ecde6c9a;653b55c1;1d17d966;4167daa5;34fd8c83;cf23e874;34bc5613;9e9ffa51;7cb14f5f;321b5593;0e18e841;0541a5f6;053420b9;bda96873;ee2ef87e;5439b821;45f0f943;b80e5cc9;33f17999;2180bf94;c2aaddd9;0b70dd90;c29a6a66;f863464a;5e35f961;9472b21c;95eefee0;e9375f45;55da66a2
3,5,220,success,None,22/Jul/2026:17:24:06.636616,22/Jul/2026:17:24:07.090414,0.4538,27,22/Jul/2026:17:24:06.060702;22/Jul/2026:17:24:05.792231;22/Jul/2026:17:24:05.307978;22/Jul/2026:17:24:05.307291;22/Jul/2026:17:24:06.638378;22/Jul/2026:17:24:03.954656;22/Jul/2026:17:24:04.688365;22/Jul/2026:17:24:03.817150;22/Jul/2026:17:24:06.059695;22/Jul/2026:17:24:03.825088;22/Jul/2026:17:24:04.823380;22/Jul/2026:17:24:06.058873;22/Jul/2026:17:24:06.638308;22/Jul/2026:17:24:04.822991;22/Jul/2026:17:24:06.639092;22/Jul/2026:17:24:03.281352;22/Jul/2026:17:24:03.281682;22/Jul/2026:17:24:05.791677;22/Jul/2026:17:24:04.531188;22/Jul/2026:17:24:03.825015;22/Jul/2026:17:24:06.638880;22/Jul/2026:17:24:05.791327;22/Jul/2026:17:24:05.793060;22/Jul/2026:17:24:06.697741;22/Jul/2026:17:24:06.700069;22/Jul/2026:17:24:06.697673;22/Jul/2026:17:24:04.823752,0.5856;0.8547;1.3395;1.3415;0.0111;2.6963;1.9656;2.8391;0.6004;2.8353;1.8395;0.6044;0.0684;1.8873;0.0719;3.4323;3.4322;0.9226;2.1842;2.8922;0.0842;0.9494;0.9636;0.0601;0.0591;0.0736;1.9703,bytes=859702063-859807910;bytes=827170828-827264790;bytes=703757551-703831727;bytes=696035109-696932641;bytes=905323511-905539406;bytes=589797898-589945730;bytes=628008709-628886393;bytes=483749117-483842754;bytes=849489240-850406661;bytes=543794075-544681178;bytes=659151290-659347481;bytes=847301305-847417470;bytes=905113120-905323510;bytes=658970860-659067521;bytes=913488025-913599862;bytes=446689479-446788888;bytes=447774147-448661458;bytes=823102160-823217353;bytes=610256616-610470853;bytes=542893129-543794074;bytes=909567986-909777505;bytes=822992062-823102159;bytes=834907026-835095198;bytes=933791249-933880744;bytes=941918263-942023508;bytes=930126251-930216946;bytes=660448533-661337988,7cb14f5f;321b5593;0e18e841;0541a5f6;053420b9;bda96873;ee2ef87e;5439b821;45f0f943;b80e5cc9;33f17999;2180bf94;c2aaddd9;0b70dd90;c29a6a66;f863464a;5e35f961;9472b21c;95eefee0;e9375f45;55da66a2;fdaac022;2b3c3be9;4acb099b;3f4baaec;9fc15485;20e8feff
3,5,240,success,None,22/Jul/2026:17:24:06.727194,22/Jul/2026:17:24:07.484521,0.7573,13,22/Jul/2026:17:24:05.791327;22/Jul/2026:17:24:05.793060;22/Jul/2026:17:24:06.697741;22/Jul/2026:17:24:06.700069;22/Jul/2026:17:24:06.697673;22/Jul/2026:17:24:04.823752;22/Jul/2026:17:24:03.243762;22/Jul/2026:17:24:06.698571;22/Jul/2026:17:24:05.385889;22/Jul/2026:17:24:06.698194;22/Jul/2026:17:24:06.698309;22/Jul/2026:17:24:07.091578;22/Jul/2026:17:24:07.091445,0.9494;0.9636;0.0601;0.0591;0.0736;1.9703;3.8526;0.4038;1.7181;0.4085;0.4085;0.0237;0.0306,bytes=822992062-823102159;bytes=834907026-835095198;bytes=933791249-933880744;bytes=941918263-942023508;bytes=930126251-930216946;bytes=660448533-661337988;bytes=426088927-426202027;bytes=934176774-935071967;bytes=741325427-742225898;bytes=933962601-934073404;bytes=934073405-934176773;bytes=1048748111-1048842730;bytes=1044914702-1045019965,fdaac022;2b3c3be9;4acb099b;3f4baaec;9fc15485;20e8feff;3b14ac9f;0b921dc7;9d0b3219;0b91bb46;aaa9890c;da48aad2;5e07417b
3,5,227,success,None,22/Jul/2026:17:24:06.696414,22/Jul/2026:17:24:07.562528,0.8661,26,22/Jul/2026:17:24:06.638308;22/Jul/2026:17:24:04.822991;22/Jul/2026:17:24:06.639092;22/Jul/2026:17:24:03.281352;22/Jul/2026:17:24:03.281682;22/Jul/2026:17:24:05.791677;22/Jul/2026:17:24:04.531188;22/Jul/2026:17:24:03.825015;22/Jul/2026:17:24:06.638880;22/Jul/2026:17:24:05.791327;22/Jul/2026:17:24:05.793060;22/Jul/2026:17:24:06.697741;22/Jul/2026:17:24:06.700069;22/Jul/2026:17:24:06.697673;22/Jul/2026:17:24:04.823752;22/Jul/2026:17:24:03.243762;22/Jul/2026:17:24:06.698571;22/Jul/2026:17:24:05.385889;22/Jul/2026:17:24:06.698194;22/Jul/2026:17:24:06.698309;22/Jul/2026:17:24:07.091578;22/Jul/2026:17:24:07.091445;22/Jul/2026:17:24:07.091377;22/Jul/2026:17:24:06.698493;22/Jul/2026:17:24:07.093042;22/Jul/2026:17:24:03.241385,0.0684;1.8873;0.0719;3.4323;3.4322;0.9226;2.1842;2.8922;0.0842;0.9494;0.9636;0.0601;0.0591;0.0736;1.9703;3.8526;0.4038;1.7181;0.4085;0.4085;0.0237;0.0306;0.4103;0.8121;0.4181;4.2799,bytes=905113120-905323510;bytes=658970860-659067521;bytes=913488025-913599862;bytes=446689479-446788888;bytes=447774147-448661458;bytes=823102160-823217353;bytes=610256616-610470853;bytes=542893129-543794074;bytes=909567986-909777505;bytes=822992062-823102159;bytes=834907026-835095198;bytes=933791249-933880744;bytes=941918263-942023508;bytes=930126251-930216946;bytes=660448533-661337988;bytes=426088927-426202027;bytes=934176774-935071967;bytes=741325427-742225898;bytes=933962601-934073404;bytes=934073405-934176773;bytes=1048748111-1048842730;bytes=1044914702-1045019965;bytes=1043846130-1044733552;bytes=937865293-937946308;bytes=1054506870-1055395501;bytes=368962054-369057979,c2aaddd9;0b70dd90;c29a6a66;f863464a;5e35f961;9472b21c;95eefee0;e9375f45;55da66a2;fdaac022;2b3c3be9;4acb099b;3f4baaec;9fc15485;20e8feff;3b14ac9f;0b921dc7;9d0b3219;0b91bb46;aaa9890c;da48aad2;5e07417b;d5fe1d2e;cc323e6b;4ab44759;dd886581
3,5,255,success,None,22/Jul/2026:17:24:07.090719,22/Jul/2026:17:24:07.727151,0.6364,18,22/Jul/2026:17:24:03.243762;22/Jul/2026:17:24:06.698571;22/Jul/2026:17:24:05.385889;22/Jul/2026:17:24:06.698194;22/Jul/2026:17:24:06.698309;22/Jul/2026:17:24:07.091578;22/Jul/2026:17:24:07.091445;22/Jul/2026:17:24:07.091377;22/Jul/2026:17:24:06.698493;22/Jul/2026:17:24:07.093042;22/Jul/2026:17:24:03.241385;22/Jul/2026:17:24:04.823673;22/Jul/2026:17:24:05.309368;22/Jul/2026:17:24:02.435451;22/Jul/2026:17:24:05.387337;22/Jul/2026:17:24:07.092104;22/Jul/2026:17:24:06.728862;22/Jul/2026:17:24:02.374838,3.8526;0.4038;1.7181;0.4085;0.4085;0.0237;0.0306;0.4103;0.8121;0.4181;4.2799;2.7549;2.2767;5.1534;2.2029;0.5002;0.8855;5.2644,bytes=426088927-426202027;bytes=934176774-935071967;bytes=741325427-742225898;bytes=933962601-934073404;bytes=934073405-934176773;bytes=1048748111-1048842730;bytes=1044914702-1045019965;bytes=1043846130-1044733552;bytes=937865293-937946308;bytes=1054506870-1055395501;bytes=368962054-369057979;bytes=659554982-660448532;bytes=708454507-709330375;bytes=340716861-340808275;bytes=752019689-752921722;bytes=1052972426-1053068010;bytes=987368605-987481768;bytes=251149836-252035494,3b14ac9f;0b921dc7;9d0b3219;0b91bb46;aaa9890c;da48aad2;5e07417b;d5fe1d2e;cc323e6b;4ab44759;dd886581;46f947c5;bebe6c9f;3d7bf433;148e5751;f5cad370;84bae454;aaf3e280
3,5,261,success,None,22/Jul/2026:17:24:07.484803,22/Jul/2026:17:24:08.024908,0.5401,14,22/Jul/2026:17:24:07.091377;22/Jul/2026:17:24:06.698493;22/Jul/2026:17:24:07.093042;22/Jul/2026:17:24:03.241385;22/Jul/2026:17:24:04.823673;22/Jul/2026:17:24:05.309368;22/Jul/2026:17:24:02.435451;22/Jul/2026:17:24:05.387337;22/Jul/2026:17:24:07.092104;22/Jul/2026:17:24:06.728862;22/Jul/2026:17:24:02.374838;22/Jul/2026:17:24:05.477996;22/Jul/2026:17:24:05.477852;22/Jul/2026:17:24:06.699235,0.4103;0.8121;0.4181;4.2799;2.7549;2.2767;5.1534;2.2029;0.5002;0.8855;5.2644;2.2597;2.2753;1.0575,bytes=1043846130-1044733552;bytes=937865293-937946308;bytes=1054506870-1055395501;bytes=368962054-369057979;bytes=659554982-660448532;bytes=708454507-709330375;bytes=340716861-340808275;bytes=752019689-752921722;bytes=1052972426-1053068010;bytes=987368605-987481768;bytes=251149836-252035494;bytes=794388455-795285594;bytes=797966647-798049573;bytes=939057247-939950588,d5fe1d2e;cc323e6b;4ab44759;dd886581;46f947c5;bebe6c9f;3d7bf433;148e5751;f5cad370;84bae454;aaf3e280;796e31d7;01f5a3a2;2b7adb5e
3,5,275,success,None,22/Jul/2026:17:24:07.562878,22/Jul/2026:17:24:08.224321,0.6614,14,22/Jul/2026:17:24:04.823673;22/Jul/2026:17:24:05.309368;22/Jul/2026:17:24:02.435451;22/Jul/2026:17:24:05.387337;22/Jul/2026:17:24:07.092104;22/Jul/2026:17:24:06.728862;22/Jul/2026:17:24:02.374838;22/Jul/2026:17:24:05.477996;22/Jul/2026:17:24:05.477852;22/Jul/2026:17:24:06.699235;22/Jul/2026:17:24:05.308061;22/Jul/2026:17:24:07.728555;22/Jul/2026:17:24:03.281415;22/Jul/2026:17:24:03.281876,2.7549;2.2767;5.1534;2.2029;0.5002;0.8855;5.2644;2.2597;2.2753;1.0575;2.7308;0.3160;4.7702;4.7751,bytes=659554982-660448532;bytes=708454507-709330375;bytes=340716861-340808275;bytes=752019689-752921722;bytes=1052972426-1053068010;bytes=987368605-987481768;bytes=251149836-252035494;bytes=794388455-795285594;bytes=797966647-798049573;bytes=939057247-939950588;bytes=700031044-700934097;bytes=1156165205-1156366250;bytes=446788889-446882870;bytes=450738055-450836344,46f947c5;bebe6c9f;3d7bf433;148e5751;f5cad370;84bae454;aaf3e280;796e31d7;01f5a3a2;2b7adb5e;6318ee06;a4165822;37c40cd6;ae2604ab
3,5,289,success,None,22/Jul/2026:17:24:08.025209,22/Jul/2026:17:24:08.320855,0.2956,12,22/Jul/2026:17:24:05.308061;22/Jul/2026:17:24:07.728555;22/Jul/2026:17:24:03.281415;22/Jul/2026:17:24:03.281876;22/Jul/2026:17:24:07.093470;22/Jul/2026:17:24:07.565698;22/Jul/2026:17:24:07.565633;22/Jul/2026:17:24:04.824733;22/Jul/2026:17:24:08.226787;22/Jul/2026:17:24:07.093248;22/Jul/2026:17:24:06.059425;22/Jul/2026:17:24:08.225398,2.7308;0.3160;4.7702;4.7751;1.1466;0.6910;0.6912;3.4373;0.0476;1.1873;2.2220;0.0739,bytes=700031044-700934097;bytes=1156165205-1156366250;bytes=446788889-446882870;bytes=450738055-450836344;bytes=1061477707-1061589418;bytes=1143693811-1143775144;bytes=1143580945-1143693810;bytes=667553315-667721186;bytes=1222176967-1222286700;bytes=1057454775-1057654476;bytes=851296805-851385937;bytes=1209877653-1210092024,6318ee06;a4165822;37c40cd6;ae2604ab;6e6d3469;0d1bd1cc;c9f7014a;88a8dc23;0da8a521;d4c99a09;ecc5a26f;db0baee4
3,5,282,success,None,22/Jul/2026:17:24:07.727491,22/Jul/2026:17:24:08.382296,0.6548,19,22/Jul/2026:17:24:05.477996;22/Jul/2026:17:24:05.477852;22/Jul/2026:17:24:06.699235;22/Jul/2026:17:24:05.308061;22/Jul/2026:17:24:07.728555;22/Jul/2026:17:24:03.281415;22/Jul/2026:17:24:03.281876;22/Jul/2026:17:24:07.093470;22/Jul/2026:17:24:07.565698;22/Jul/2026:17:24:07.565633;22/Jul/2026:17:24:04.824733;22/Jul/2026:17:24:08.226787;22/Jul/2026:17:24:07.093248;22/Jul/2026:17:24:06.059425;22/Jul/2026:17:24:08.225398;22/Jul/2026:17:24:07.485515;22/Jul/2026:17:24:07.092615;22/Jul/2026:17:24:07.486341;22/Jul/2026:17:24:08.324616,2.2597;2.2753;1.0575;2.7308;0.3160;4.7702;4.7751;1.1466;0.6910;0.6912;3.4373;0.0476;1.1873;2.2220;0.0739;0.8478;1.2411;0.8543;0.0441,bytes=794388455-795285594;bytes=797966647-798049573;bytes=939057247-939950588;bytes=700031044-700934097;bytes=1156165205-1156366250;bytes=446788889-446882870;bytes=450738055-450836344;bytes=1061477707-1061589418;bytes=1143693811-1143775144;bytes=1143580945-1143693810;bytes=667553315-667721186;bytes=1222176967-1222286700;bytes=1057454775-1057654476;bytes=851296805-851385937;bytes=1209877653-1210092024;bytes=1069016959-1069925888;bytes=1057237479-1057349896;bytes=1074304774-1074402902;bytes=1276029506-1276135291,796e31d7;01f5a3a2;2b7adb5e;6318ee06;a4165822;37c40cd6;ae2604ab;6e6d3469;0d1bd1cc;c9f7014a;88a8dc23;0da8a521;d4c99a09;ecc5a26f;db0baee4;d511e2bf;001e22fe;55360e28;347eba1d
3,5,295,success,None,22/Jul/2026:17:24:08.224665,22/Jul/2026:17:24:08.818202,0.5935,16,22/Jul/2026:17:24:07.093470;22/Jul/2026:17:24:07.565698;22/Jul/2026:17:24:07.565633;22/Jul/2026:17:24:04.824733;22/Jul/2026:17:24:08.226787;22/Jul/2026:17:24:07.093248;22/Jul/2026:17:24:06.059425;22/Jul/2026:17:24:08.225398;22/Jul/2026:17:24:07.485515;22/Jul/2026:17:24:07.092615;22/Jul/2026:17:24:07.486341;22/Jul/2026:17:24:08.324616;22/Jul/2026:17:24:05.385756;22/Jul/2026:17:24:07.093107;22/Jul/2026:17:24:08.227031;22/Jul/2026:17:24:08.323405,1.1466;0.6910;0.6912;3.4373;0.0476;1.1873;2.2220;0.0739;0.8478;1.2411;0.8543;0.0441;3.0064;1.3008;0.1677;0.0745,bytes=1061477707-1061589418;bytes=1143693811-1143775144;bytes=1143580945-1143693810;bytes=667553315-667721186;bytes=1222176967-1222286700;bytes=1057454775-1057654476;bytes=851296805-851385937;bytes=1209877653-1210092024;bytes=1069016959-1069925888;bytes=1057237479-1057349896;bytes=1074304774-1074402902;bytes=1276029506-1276135291;bytes=744917795-745008757;bytes=1055395502-1056324968;bytes=1218578404-1219479880;bytes=1271792929-1271904651,6e6d3469;0d1bd1cc;c9f7014a;88a8dc23;0da8a521;d4c99a09;ecc5a26f;db0baee4;d511e2bf;001e22fe;55360e28;347eba1d;0e1ab077;888231f5;41c860ba;41a0808e
3,5,308,success,None,22/Jul/2026:17:24:08.321196,22/Jul/2026:17:24:09.154716,0.8335,11,22/Jul/2026:17:24:07.485515;22/Jul/2026:17:24:07.092615;22/Jul/2026:17:24:07.486341;22/Jul/2026:17:24:08.324616;22/Jul/2026:17:24:05.385756;22/Jul/2026:17:24:07.093107;22/Jul/2026:17:24:08.227031;22/Jul/2026:17:24:08.323405;22/Jul/2026:17:24:07.730181;22/Jul/2026:17:23:55.452718;22/Jul/2026:17:24:08.322205,0.8478;1.2411;0.8543;0.0441;3.0064;1.3008;0.1677;0.0745;1.1063;13.4008;0.5337,bytes=1069016959-1069925888;bytes=1057237479-1057349896;bytes=1074304774-1074402902;bytes=1276029506-1276135291;bytes=744917795-745008757;bytes=1055395502-1056324968;bytes=1218578404-1219479880;bytes=1271792929-1271904651;bytes=1164986062-1165880565;bytes=1386724868-1386894735;bytes=1263699455-1263864704,d511e2bf;001e22fe;55360e28;347eba1d;0e1ab077;888231f5;41c860ba;41a0808e;093af01c;496865f0;e15941d8
3,5,315,success,None,22/Jul/2026:17:24:08.382634,22/Jul/2026:17:24:09.277355,0.8947,15,22/Jul/2026:17:24:05.385756;22/Jul/2026:17:24:07.093107;22/Jul/2026:17:24:08.227031;22/Jul/2026:17:24:08.323405;22/Jul/2026:17:24:07.730181;22/Jul/2026:17:23:55.452718;22/Jul/2026:17:24:08.322205;22/Jul/2026:17:24:05.479640;22/Jul/2026:17:24:08.321940;22/Jul/2026:17:24:07.565382;22/Jul/2026:17:24:06.285523;22/Jul/2026:17:24:08.322030;22/Jul/2026:17:24:08.322320;22/Jul/2026:17:24:08.820949;22/Jul/2026:17:24:07.564047,3.0064;1.3008;0.1677;0.0745;1.1063;13.4008;0.5337;3.6833;0.8426;1.6018;2.8825;0.8527;0.8527;0.3616;1.6238,bytes=744917795-745008757;bytes=1055395502-1056324968;bytes=1218578404-1219479880;bytes=1271792929-1271904651;bytes=1164986062-1165880565;bytes=1386724868-1386894735;bytes=1263699455-1263864704;bytes=810302189-810403113;bytes=1260745815-1261622240;bytes=1137764880-1138685227;bytes=881623077-882513085;bytes=1261622241-1262551367;bytes=1263864705-1264059242;bytes=1364900580-1365800136;bytes=1127711781-1128609552,0e1ab077;888231f5;41c860ba;41a0808e;093af01c;496865f0;e15941d8;2614a1bd;e6904162;e3d9899c;f02b8f47;91ef51cb;582526a1;ea3c437c;1ec728ac
3,5,330,success,None,22/Jul/2026:17:24:08.818532,22/Jul/2026:17:24:09.291871,0.4733,13,22/Jul/2026:17:24:07.730181;22/Jul/2026:17:23:55.452718;22/Jul/2026:17:24:08.322205;22/Jul/2026:17:24:05.479640;22/Jul/2026:17:24:08.321940;22/Jul/2026:17:24:07.565382;22/Jul/2026:17:24:06.285523;22/Jul/2026:17:24:08.322030;22/Jul/2026:17:24:08.322320;22/Jul/2026:17:24:08.820949;22/Jul/2026:17:24:07.564047;22/Jul/2026:17:24:07.729726;22/Jul/2026:17:24:09.156447,1.1063;13.4008;0.5337;3.6833;0.8426;1.6018;2.8825;0.8527;0.8527;0.3616;1.6238;1.5549;0.1336,bytes=1164986062-1165880565;bytes=1386724868-1386894735;bytes=1263699455-1263864704;bytes=810302189-810403113;bytes=1260745815-1261622240;bytes=1137764880-1138685227;bytes=881623077-882513085;bytes=1261622241-1262551367;bytes=1263864705-1264059242;bytes=1364900580-1365800136;bytes=1127711781-1128609552;bytes=1164613269-1164784906;bytes=1387043818-1387152924,093af01c;496865f0;e15941d8;2614a1bd;e6904162;e3d9899c;f02b8f47;91ef51cb;582526a1;ea3c437c;1ec728ac;c1d16931;773ab12f
3,5,337,success,None,22/Jul/2026:17:24:09.155009,22/Jul/2026:17:24:09.804414,0.6494,15,22/Jul/2026:17:24:05.479640;22/Jul/2026:17:24:08.321940;22/Jul/2026:17:24:07.565382;22/Jul/2026:17:24:06.285523;22/Jul/2026:17:24:08.322030;22/Jul/2026:17:24:08.322320;22/Jul/2026:17:24:08.820949;22/Jul/2026:17:24:07.564047;22/Jul/2026:17:24:07.729726;22/Jul/2026:17:24:09.156447;22/Jul/2026:17:24:03.283205;22/Jul/2026:17:24:08.026553;22/Jul/2026:17:24:09.157115;22/Jul/2026:17:24:07.730704;22/Jul/2026:17:24:08.821019,3.6833;0.8426;1.6018;2.8825;0.8527;0.8527;0.3616;1.6238;1.5549;0.1336;6.0130;1.2705;0.1486;1.5779;0.5113,bytes=810302189-810403113;bytes=1260745815-1261622240;bytes=1137764880-1138685227;bytes=881623077-882513085;bytes=1261622241-1262551367;bytes=1263864705-1264059242;bytes=1364900580-1365800136;bytes=1127711781-1128609552;bytes=1164613269-1164784906;bytes=1387043818-1387152924;bytes=457667936-458562172;bytes=1186289767-1187185378;bytes=1395014152-1395112256;bytes=1172765519-1172882409;bytes=1365800137-1366699954,2614a1bd;e6904162;e3d9899c;f02b8f47;91ef51cb;582526a1;ea3c437c;1ec728ac;c1d16931;773ab12f;9a4e8fa3;584081ea;a2aa0d24;4f7f63ee;a8b1979f
3,5,351,success,None,22/Jul/2026:17:24:09.277672,22/Jul/2026:17:24:10.117844,0.8402,14,22/Jul/2026:17:24:07.729726;22/Jul/2026:17:24:09.156447;22/Jul/2026:17:24:03.283205;22/Jul/2026:17:24:08.026553;22/Jul/2026:17:24:09.157115;22/Jul/2026:17:24:07.730704;22/Jul/2026:17:24:08.821019;22/Jul/2026:17:24:09.157322;22/Jul/2026:17:24:04.530310;22/Jul/2026:17:24:09.280956;22/Jul/2026:17:24:09.156860;22/Jul/2026:17:24:06.728929;22/Jul/2026:17:24:06.729257;22/Jul/2026:17:24:07.092553,1.5549;0.1336;6.0130;1.2705;0.1486;1.5779;0.5113;0.6550;5.2844;0.5349;0.6608;3.0944;3.0993;2.7499,bytes=1164613269-1164784906;bytes=1387043818-1387152924;bytes=457667936-458562172;bytes=1186289767-1187185378;bytes=1395014152-1395112256;bytes=1172765519-1172882409;bytes=1365800137-1366699954;bytes=1395112257-1395196194;bytes=603846199-604764782;bytes=1457279876-1457391330;bytes=1389066683-1389990827;bytes=991073383-991256065;bytes=990180069-991073382;bytes=1053379430-1053613761,c1d16931;773ab12f;9a4e8fa3;584081ea;a2aa0d24;4f7f63ee;a8b1979f;591c71cc;534815e3;df668063;9d3ee22f;c296a954;a3df3d2c;163c97d0
3,5,367,success,None,22/Jul/2026:17:24:09.804689,22/Jul/2026:17:24:10.272896,0.4682,13,22/Jul/2026:17:24:09.157322;22/Jul/2026:17:24:04.530310;22/Jul/2026:17:24:09.280956;22/Jul/2026:17:24:09.156860;22/Jul/2026:17:24:06.728929;22/Jul/2026:17:24:06.729257;22/Jul/2026:17:24:07.092553;22/Jul/2026:17:24:09.805921;22/Jul/2026:17:24:06.727924;22/Jul/2026:17:24:08.820153;22/Jul/2026:17:24:07.563713;22/Jul/2026:17:24:08.819951;22/Jul/2026:17:24:08.819119,0.6550;5.2844;0.5349;0.6608;3.0944;3.0993;2.7499;0.3185;3.3970;1.3110;2.5684;1.3153;1.3514,bytes=1395112257-1395196194;bytes=603846199-604764782;bytes=1457279876-1457391330;bytes=1389066683-1389990827;bytes=991073383-991256065;bytes=990180069-991073382;bytes=1053379430-1053613761;bytes=1509197624-1510114642;bytes=980202036-981069743;bytes=1362486599-1362612606;bytes=1127510188-1127617438;bytes=1357355608-1358262930;bytes=1352202288-1353132433,591c71cc;534815e3;df668063;9d3ee22f;c296a954;a3df3d2c;163c97d0;9afb4590;5d7608e1;97784c0b;aa5b578c;0ddbc961;1c61f5ef
3,5,358,success,None,22/Jul/2026:17:24:09.292322,22/Jul/2026:17:24:10.326619,1.0343,22,22/Jul/2026:17:24:03.283205;22/Jul/2026:17:24:08.026553;22/Jul/2026:17:24:09.157115;22/Jul/2026:17:24:07.730704;22/Jul/2026:17:24:08.821019;22/Jul/2026:17:24:09.157322;22/Jul/2026:17:24:04.530310;22/Jul/2026:17:24:09.280956;22/Jul/2026:17:24:09.156860;22/Jul/2026:17:24:06.728929;22/Jul/2026:17:24:06.729257;22/Jul/2026:17:24:07.092553;22/Jul/2026:17:24:09.805921;22/Jul/2026:17:24:06.727924;22/Jul/2026:17:24:08.820153;22/Jul/2026:17:24:07.563713;22/Jul/2026:17:24:08.819951;22/Jul/2026:17:24:08.819119;22/Jul/2026:17:24:09.295473;22/Jul/2026:17:24:09.806331;22/Jul/2026:17:24:07.563568;22/Jul/2026:17:24:10.119479,6.0130;1.2705;0.1486;1.5779;0.5113;0.6550;5.2844;0.5349;0.6608;3.0944;3.0993;2.7499;0.3185;3.3970;1.3110;2.5684;1.3153;1.3514;0.9913;0.4809;2.7311;0.1755,bytes=457667936-458562172;bytes=1186289767-1187185378;bytes=1395014152-1395112256;bytes=1172765519-1172882409;bytes=1365800137-1366699954;bytes=1395112257-1395196194;bytes=603846199-604764782;bytes=1457279876-1457391330;bytes=1389066683-1389990827;bytes=991073383-991256065;bytes=990180069-991073382;bytes=1053379430-1053613761;bytes=1509197624-1510114642;bytes=980202036-981069743;bytes=1362486599-1362612606;bytes=1127510188-1127617438;bytes=1357355608-1358262930;bytes=1352202288-1353132433;bytes=1486160246-1486269076;bytes=1511649095-1512539869;bytes=1125517831-1126415455;bytes=1538063972-1538975340,9a4e8fa3;584081ea;a2aa0d24;4f7f63ee;a8b1979f;591c71cc;534815e3;df668063;9d3ee22f;c296a954;a3df3d2c;163c97d0;9afb4590;5d7608e1;97784c0b;aa5b578c;0ddbc961;1c61f5ef;c713c03f;27835eaf;bc0830b8;194c9fae
3,5,374,success,None,22/Jul/2026:17:24:10.118172,22/Jul/2026:17:24:10.403980,0.2858,22,22/Jul/2026:17:24:09.805921;22/Jul/2026:17:24:06.727924;22/Jul/2026:17:24:08.820153;22/Jul/2026:17:24:07.563713;22/Jul/2026:17:24:08.819951;22/Jul/2026:17:24:08.819119;22/Jul/2026:17:24:09.295473;22/Jul/2026:17:24:09.806331;22/Jul/2026:17:24:07.563568;22/Jul/2026:17:24:10.119479;22/Jul/2026:17:24:10.120139;22/Jul/2026:17:24:08.324550;22/Jul/2026:17:24:10.276133;22/Jul/2026:17:24:10.275966;22/Jul/2026:17:24:10.119339;22/Jul/2026:17:24:10.328998;22/Jul/2026:17:24:08.324488;22/Jul/2026:17:24:08.225626;22/Jul/2026:17:24:06.638581;22/Jul/2026:17:24:06.638645;22/Jul/2026:17:24:10.328923;22/Jul/2026:17:24:10.327993,0.3185;3.3970;1.3110;2.5684;1.3153;1.3514;0.9913;0.4809;2.7311;0.1755;0.2132;2.0094;0.0593;0.0601;0.2182;0.0097;2.0356;2.1394;3.7284;3.7288;0.0439;0.0470,bytes=1509197624-1510114642;bytes=980202036-981069743;bytes=1362486599-1362612606;bytes=1127510188-1127617438;bytes=1357355608-1358262930;bytes=1352202288-1353132433;bytes=1486160246-1486269076;bytes=1511649095-1512539869;bytes=1125517831-1126415455;bytes=1538063972-1538975340;bytes=1544084198-1544301779;bytes=1274918563-1275821517;bytes=1581416635-1581618813;bytes=1577597876-1577714637;bytes=1536262503-1537167632;bytes=1619064762-1619168688;bytes=1274006927-1274918562;bytes=1213897731-1214015633;bytes=905539407-906426954;bytes=906430611-907318976;bytes=1615315641-1615455772;bytes=1614931818-1615044244,9afb4590;5d7608e1;97784c0b;aa5b578c;0ddbc961;1c61f5ef;c713c03f;27835eaf;bc0830b8;194c9fae;b5a5bbec;c3402fd2;d2deb8f4;8d8ffe76;b0387ee6;5d81e290;6b0878ca;39317bec;64c2d344;900c8c3d;864cb48c;7467e63f
3,5,382,success,None,22/Jul/2026:17:24:10.273200,22/Jul/2026:17:24:11.020684,0.7475,21,22/Jul/2026:17:24:09.295473;22/Jul/2026:17:24:09.806331;22/Jul/2026:17:24:07.563568;22/Jul/2026:17:24:10.119479;22/Jul/2026:17:24:10.120139;22/Jul/2026:17:24:08.324550;22/Jul/2026:17:24:10.276133;22/Jul/2026:17:24:10.275966;22/Jul/2026:17:24:10.119339;22/Jul/2026:17:24:10.328998;22/Jul/2026:17:24:08.324488;22/Jul/2026:17:24:08.225626;22/Jul/2026:17:24:06.638581;22/Jul/2026:17:24:06.638645;22/Jul/2026:17:24:10.328923;22/Jul/2026:17:24:10.327993;22/Jul/2026:17:24:09.280360;22/Jul/2026:17:24:09.293919;22/Jul/2026:17:24:09.279603;22/Jul/2026:17:24:10.327811;22/Jul/2026:17:24:08.027089,0.9913;0.4809;2.7311;0.1755;0.2132;2.0094;0.0593;0.0601;0.2182;0.0097;2.0356;2.1394;3.7284;3.7288;0.0439;0.0470;1.1388;1.1265;1.1417;0.1060;2.4209,bytes=1486160246-1486269076;bytes=1511649095-1512539869;bytes=1125517831-1126415455;bytes=1538063972-1538975340;bytes=1544084198-1544301779;bytes=1274918563-1275821517;bytes=1581416635-1581618813;bytes=1577597876-1577714637;bytes=1536262503-1537167632;bytes=1619064762-1619168688;bytes=1274006927-1274918562;bytes=1213897731-1214015633;bytes=905539407-906426954;bytes=906430611-907318976;bytes=1615315641-1615455772;bytes=1614931818-1615044244;bytes=1453024520-1453122933;bytes=1473929926-1474029343;bytes=1445029289-1445924562;bytes=1610947478-1611122854;bytes=1190306656-1191198238,c713c03f;27835eaf;bc0830b8;194c9fae;b5a5bbec;c3402fd2;d2deb8f4;8d8ffe76;b0387ee6;5d81e290;6b0878ca;39317bec;64c2d344;900c8c3d;864cb48c;7467e63f;6ff11aaf;96d3c4e1;186f6b2f;05a97598;166be9e0
3,5,392,success,None,22/Jul/2026:17:24:10.326980,22/Jul/2026:17:24:11.048014,0.7210,23,22/Jul/2026:17:24:10.120139;22/Jul/2026:17:24:08.324550;22/Jul/2026:17:24:10.276133;22/Jul/2026:17:24:10.275966;22/Jul/2026:17:24:10.119339;22/Jul/2026:17:24:10.328998;22/Jul/2026:17:24:08.324488;22/Jul/2026:17:24:08.225626;22/Jul/2026:17:24:06.638581;22/Jul/2026:17:24:06.638645;22/Jul/2026:17:24:10.328923;22/Jul/2026:17:24:10.327993;22/Jul/2026:17:24:09.280360;22/Jul/2026:17:24:09.293919;22/Jul/2026:17:24:09.279603;22/Jul/2026:17:24:10.327811;22/Jul/2026:17:24:08.027089;22/Jul/2026:17:24:09.807336;22/Jul/2026:17:24:10.405192;22/Jul/2026:17:24:09.292961;22/Jul/2026:17:24:08.027907;22/Jul/2026:17:24:08.322581;22/Jul/2026:17:24:10.405117,0.2132;2.0094;0.0593;0.0601;0.2182;0.0097;2.0356;2.1394;3.7284;3.7288;0.0439;0.0470;1.1388;1.1265;1.1417;0.1060;2.4209;1.2221;0.6247;1.7379;3.0036;2.7109;0.6339,bytes=1544084198-1544301779;bytes=1274918563-1275821517;bytes=1581416635-1581618813;bytes=1577597876-1577714637;bytes=1536262503-1537167632;bytes=1619064762-1619168688;bytes=1274006927-1274918562;bytes=1213897731-1214015633;bytes=905539407-906426954;bytes=906430611-907318976;bytes=1615315641-1615455772;bytes=1614931818-1615044244;bytes=1453024520-1453122933;bytes=1473929926-1474029343;bytes=1445029289-1445924562;bytes=1610947478-1611122854;bytes=1190306656-1191198238;bytes=1518445189-1519345656;bytes=1646991576-1647897672;bytes=1466082931-1466989932;bytes=1196111159-1197009753;bytes=1264059243-1264951590;bytes=1646055921-1646991575,b5a5bbec;c3402fd2;d2deb8f4;8d8ffe76;b0387ee6;5d81e290;6b0878ca;39317bec;64c2d344;900c8c3d;864cb48c;7467e63f;6ff11aaf;96d3c4e1;186f6b2f;05a97598;166be9e0;25b429e6;eb911c5d;8a731578;0f87e4e2;b42b63fc;da06da0c
3,5,401,success,None,22/Jul/2026:17:24:10.404302,22/Jul/2026:17:24:11.182994,0.7787,14,22/Jul/2026:17:24:09.280360;22/Jul/2026:17:24:09.293919;22/Jul/2026:17:24:09.279603;22/Jul/2026:17:24:10.327811;22/Jul/2026:17:24:08.027089;22/Jul/2026:17:24:09.807336;22/Jul/2026:17:24:10.405192;22/Jul/2026:17:24:09.292961;22/Jul/2026:17:24:08.027907;22/Jul/2026:17:24:08.322581;22/Jul/2026:17:24:10.405117;22/Jul/2026:17:24:10.329345;22/Jul/2026:17:24:11.023568;22/Jul/2026:17:24:10.120072,1.1388;1.1265;1.1417;0.1060;2.4209;1.2221;0.6247;1.7379;3.0036;2.7109;0.6339;0.7601;0.0667;0.9739,bytes=1453024520-1453122933;bytes=1473929926-1474029343;bytes=1445029289-1445924562;bytes=1610947478-1611122854;bytes=1190306656-1191198238;bytes=1518445189-1519345656;bytes=1646991576-1647897672;bytes=1466082931-1466989932;bytes=1196111159-1197009753;bytes=1264059243-1264951590;bytes=1646055921-1646991575;bytes=1617249636-1618162112;bytes=1710271844-1710393874;bytes=1543008564-1543906326,6ff11aaf;96d3c4e1;186f6b2f;05a97598;166be9e0;25b429e6;eb911c5d;8a731578;0f87e4e2;b42b63fc;da06da0c;fad49ebe;651b2a4c;beb22ff3
3,5,431,success,None,22/Jul/2026:17:24:11.183313,22/Jul/2026:17:24:11.509622,0.3263,5,22/Jul/2026:17:24:10.274920;22/Jul/2026:17:24:09.807194;22/Jul/2026:17:24:11.185221;22/Jul/2026:17:24:06.698848;22/Jul/2026:17:24:10.404922,0.9182;1.3872;0.0232;4.5198;0.8284,bytes=1573320779-1573421243;bytes=1516642043-1517533738;bytes=1780298576-1780390516;bytes=937946309-938056931;bytes=1644277103-1645163149,87a9e437;65746634;1aef2432;a713eae4;61455b6b
3,5,412,success,None,22/Jul/2026:17:24:11.020975,22/Jul/2026:17:24:11.533809,0.5128,15,22/Jul/2026:17:24:09.807336;22/Jul/2026:17:24:10.405192;22/Jul/2026:17:24:09.292961;22/Jul/2026:17:24:08.027907;22/Jul/2026:17:24:08.322581;22/Jul/2026:17:24:10.405117;22/Jul/2026:17:24:10.329345;22/Jul/2026:17:24:11.023568;22/Jul/2026:17:24:10.120072;22/Jul/2026:17:24:10.274920;22/Jul/2026:17:24:09.807194;22/Jul/2026:17:24:11.185221;22/Jul/2026:17:24:06.698848;22/Jul/2026:17:24:10.404922;22/Jul/2026:17:24:11.049681,1.2221;0.6247;1.7379;3.0036;2.7109;0.6339;0.7601;0.0667;0.9739;0.9182;1.3872;0.0232;4.5198;0.8284;0.4740,bytes=1518445189-1519345656;bytes=1646991576-1647897672;bytes=1466082931-1466989932;bytes=1196111159-1197009753;bytes=1264059243-1264951590;bytes=1646055921-1646991575;bytes=1617249636-1618162112;bytes=1710271844-1710393874;bytes=1543008564-1543906326;bytes=1573320779-1573421243;bytes=1516642043-1517533738;bytes=1780298576-1780390516;bytes=937946309-938056931;bytes=1644277103-1645163149;bytes=1741879835-1742774856,25b429e6;eb911c5d;8a731578;0f87e4e2;b42b63fc;da06da0c;fad49ebe;651b2a4c;beb22ff3;87a9e437;65746634;1aef2432;a713eae4;61455b6b;f04f04b7
3,5,423,success,None,22/Jul/2026:17:24:11.048363,22/Jul/2026:17:24:11.895590,0.8472,17,22/Jul/2026:17:24:10.329345;22/Jul/2026:17:24:11.023568;22/Jul/2026:17:24:10.120072;22/Jul/2026:17:24:10.274920;22/Jul/2026:17:24:09.807194;22/Jul/2026:17:24:11.185221;22/Jul/2026:17:24:06.698848;22/Jul/2026:17:24:10.404922;22/Jul/2026:17:24:11.049681;22/Jul/2026:17:24:10.327576;22/Jul/2026:17:24:11.512197;22/Jul/2026:17:24:10.406722;22/Jul/2026:17:24:09.157468;22/Jul/2026:17:24:10.405604;22/Jul/2026:17:24:11.512837;22/Jul/2026:17:24:09.280723;22/Jul/2026:17:24:11.184608,0.7601;0.0667;0.9739;0.9182;1.3872;0.0232;4.5198;0.8284;0.4740;1.2152;0.0337;1.1433;2.3929;1.1529;0.0585;2.2957;0.3970,bytes=1617249636-1618162112;bytes=1710271844-1710393874;bytes=1543008564-1543906326;bytes=1573320779-1573421243;bytes=1516642043-1517533738;bytes=1780298576-1780390516;bytes=937946309-938056931;bytes=1644277103-1645163149;bytes=1741879835-1742774856;bytes=1608021241-1608897746;bytes=1838193054-1838301333;bytes=1660730411-1660845354;bytes=1392289528-1393191098;bytes=1649417094-1650305781;bytes=1846266673-1846370178;bytes=1453122934-1453329839;bytes=1776269552-1776388447,fad49ebe;651b2a4c;beb22ff3;87a9e437;65746634;1aef2432;a713eae4;61455b6b;f04f04b7;734ab82b;7b536234;feda4ba5;cea725c5;af29441c;ef08ede8;32c48e38;021457c1
3,5,446,success,None,22/Jul/2026:17:24:11.509929,22/Jul/2026:17:24:12.293326,0.7834,13,22/Jul/2026:17:24:11.049681;22/Jul/2026:17:24:10.327576;22/Jul/2026:17:24:11.512197;22/Jul/2026:17:24:10.406722;22/Jul/2026:17:24:09.157468;22/Jul/2026:17:24:10.405604;22/Jul/2026:17:24:11.512837;22/Jul/2026:17:24:09.280723;22/Jul/2026:17:24:11.184608;22/Jul/2026:17:24:11.534975;22/Jul/2026:17:24:11.535076;22/Jul/2026:17:24:11.512649;22/Jul/2026:17:24:10.329707,0.4740;1.2152;0.0337;1.1433;2.3929;1.1529;0.0585;2.2957;0.3970;0.3698;0.3717;0.3960;1.5947,bytes=1741879835-1742774856;bytes=1608021241-1608897746;bytes=1838193054-1838301333;bytes=1660730411-1660845354;bytes=1392289528-1393191098;bytes=1649417094-1650305781;bytes=1846266673-1846370178;bytes=1453122934-1453329839;bytes=1776269552-1776388447;bytes=1859172000-1859354332;bytes=1859354333-1859541814;bytes=1842107178-1842309518;bytes=1623075604-1623171853,f04f04b7;734ab82b;7b536234;feda4ba5;cea725c5;af29441c;ef08ede8;32c48e38;021457c1;4d39b947;698a2fd4;6d87e834;af79c433
3,5,452,success,None,22/Jul/2026:17:24:11.534112,22/Jul/2026:17:24:12.338534,0.8044,12,22/Jul/2026:17:24:10.327576;22/Jul/2026:17:24:11.512197;22/Jul/2026:17:24:10.406722;22/Jul/2026:17:24:09.157468;22/Jul/2026:17:24:10.405604;22/Jul/2026:17:24:11.512837;22/Jul/2026:17:24:09.280723;22/Jul/2026:17:24:11.184608;22/Jul/2026:17:24:11.534975;22/Jul/2026:17:24:11.535076;22/Jul/2026:17:24:11.512649;22/Jul/2026:17:24:10.329707,1.2152;0.0337;1.1433;2.3929;1.1529;0.0585;2.2957;0.3970;0.3698;0.3717;0.3960;1.5947,bytes=1608021241-1608897746;bytes=1838193054-1838301333;bytes=1660730411-1660845354;bytes=1392289528-1393191098;bytes=1649417094-1650305781;bytes=1846266673-1846370178;bytes=1453122934-1453329839;bytes=1776269552-1776388447;bytes=1859172000-1859354332;bytes=1859354333-1859541814;bytes=1842107178-1842309518;bytes=1623075604-1623171853,734ab82b;7b536234;feda4ba5;cea725c5;af29441c;ef08ede8;32c48e38;021457c1;4d39b947;698a2fd4;6d87e834;af79c433
3,5,461,success,None,22/Jul/2026:17:24:11.895908,22/Jul/2026:17:24:12.866181,0.9703,4,22/Jul/2026:17:24:11.534975;22/Jul/2026:17:24:11.535076;22/Jul/2026:17:24:11.512649;22/Jul/2026:17:24:10.329707,0.3698;0.3717;0.3960;1.5947,bytes=1859172000-1859354332;bytes=1859354333-1859541814;bytes=1842107178-1842309518;bytes=1623075604-1623171853,4d39b947;698a2fd4;6d87e834;af79c433
4,5,5,success,None,22/Jul/2026:17:24:12.867686,22/Jul/2026:17:24:13.674296,0.8066,14,22/Jul/2026:17:24:12.869112;22/Jul/2026:17:24:03.243128;22/Jul/2026:17:23:57.950019;22/Jul/2026:17:23:56.744170;22/Jul/2026:17:24:12.872961;22/Jul/2026:17:24:07.485178;22/Jul/2026:17:24:11.896546;22/Jul/2026:17:24:12.875433;22/Jul/2026:17:24:12.869608;22/Jul/2026:17:23:59.509797;22/Jul/2026:17:24:05.792163;22/Jul/2026:17:24:11.185992;22/Jul/2026:17:24:00.921442;22/Jul/2026:17:24:04.689190,0.0124;9.6435;14.9403;16.1609;0.0821;5.4724;1.0636;0.0900;0.1003;13.4605;7.2161;1.8249;12.1340;8.3683,bytes=27856488-27948609;bytes=422028697-422126700;bytes=1661022867-1661235301;bytes=1538063972-1538975340;bytes=76243160-76333742;bytes=1066316727-1067210268;bytes=1895155315-1896056970;bytes=127379383-128302428;bytes=32038768-32136927;bytes=1857098814-1858011977;bytes=826059437-826966466;bytes=1780607111-1781501997;bytes=28228336-28434926;bytes=633783180-634680301,dfbd3009;7286af50;234a4326;7542747c;06b9eef2;5270592d;210f6e60;0d231481;e1d428d4;8d520429;6458a6b0;0ed32398;4a017a43;76b1a8b1
4,5,14,success,None,22/Jul/2026:17:24:12.867893,22/Jul/2026:17:24:13.715003,0.8471,17,22/Jul/2026:17:24:12.869112;22/Jul/2026:17:24:03.243128;22/Jul/2026:17:23:57.950019;22/Jul/2026:17:23:56.744170;22/Jul/2026:17:24:12.872961;22/Jul/2026:17:24:07.485178;22/Jul/2026:17:24:11.896546;22/Jul/2026:17:24:12.875433;22/Jul/2026:17:24:12.869608;22/Jul/2026:17:23:59.509797;22/Jul/2026:17:24:05.792163;22/Jul/2026:17:24:11.185992;22/Jul/2026:17:24:00.921442;22/Jul/2026:17:24:04.689190;22/Jul/2026:17:24:11.513137;22/Jul/2026:17:24:12.872905;22/Jul/2026:17:24:13.675977,0.0124;9.6435;14.9403;16.1609;0.0821;5.4724;1.0636;0.0900;0.1003;13.4605;7.2161;1.8249;12.1340;8.3683;2.1725;0.8130;0.0100,bytes=27856488-27948609;bytes=422028697-422126700;bytes=1661022867-1661235301;bytes=1538063972-1538975340;bytes=76243160-76333742;bytes=1066316727-1067210268;bytes=1895155315-1896056970;bytes=127379383-128302428;bytes=32038768-32136927;bytes=1857098814-1858011977;bytes=826059437-826966466;bytes=1780607111-1781501997;bytes=28228336-28434926;bytes=633783180-634680301;bytes=1846370179-1846577444;bytes=72419817-72625560;bytes=182228661-182324486,dfbd3009;7286af50;234a4326;7542747c;06b9eef2;5270592d;210f6e60;0d231481;e1d428d4;8d520429;6458a6b0;0ed32398;4a017a43;76b1a8b1;6a971fba;ba2b8f57;2bf30689
4,5,21,success,None,22/Jul/2026:17:24:12.868025,22/Jul/2026:17:24:13.842979,0.9750,24,22/Jul/2026:17:24:12.869112;22/Jul/2026:17:24:03.243128;22/Jul/2026:17:23:57.950019;22/Jul/2026:17:23:56.744170;22/Jul/2026:17:24:12.872961;22/Jul/2026:17:24:07.485178;22/Jul/2026:17:24:11.896546;22/Jul/2026:17:24:12.875433;22/Jul/2026:17:24:12.869608;22/Jul/2026:17:23:59.509797;22/Jul/2026:17:24:05.792163;22/Jul/2026:17:24:11.185992;22/Jul/2026:17:24:00.921442;22/Jul/2026:17:24:04.689190;22/Jul/2026:17:24:11.513137;22/Jul/2026:17:24:12.872905;22/Jul/2026:17:24:13.675977;22/Jul/2026:17:24:12.871666;22/Jul/2026:17:24:12.869306;22/Jul/2026:17:24:08.820293;22/Jul/2026:17:24:13.676635;22/Jul/2026:17:24:13.677803;22/Jul/2026:17:24:12.869041;22/Jul/2026:17:24:13.717466,0.0124;9.6435;14.9403;16.1609;0.0821;5.4724;1.0636;0.0900;0.1003;13.4605;7.2161;1.8249;12.1340;8.3683;2.1725;0.8130;0.0100;0.8548;0.8583;4.9188;0.0643;0.0635;0.8725;0.0564,bytes=27856488-27948609;bytes=422028697-422126700;bytes=1661022867-1661235301;bytes=1538063972-1538975340;bytes=76243160-76333742;bytes=1066316727-1067210268;bytes=1895155315-1896056970;bytes=127379383-128302428;bytes=32038768-32136927;bytes=1857098814-1858011977;bytes=826059437-826966466;bytes=1780607111-1781501997;bytes=28228336-28434926;bytes=633783180-634680301;bytes=1846370179-1846577444;bytes=72419817-72625560;bytes=182228661-182324486;bytes=64256437-64350430;bytes=25131851-26021337;bytes=1358881721-1359786196;bytes=186367467-186466311;bytes=190616080-190706826;bytes=24032814-24234184;bytes=226421795-226522244,dfbd3009;7286af50;234a4326;7542747c;06b9eef2;5270592d;210f6e60;0d231481;e1d428d4;8d520429;6458a6b0;0ed32398;4a017a43;76b1a8b1;6a971fba;ba2b8f57;2bf30689;2e1e2639;541c9266;a572e033;059107f3;9368cfb3;6a9b70f4;a063be4b
4,5,31,success,None,22/Jul/2026:17:24:12.868363,22/Jul/2026:17:24:13.899657,1.0313,27,22/Jul/2026:17:24:12.869112;22/Jul/2026:17:24:03.243128;22/Jul/2026:17:23:57.950019;22/Jul/2026:17:23:56.744170;22/Jul/2026:17:24:12.872961;22/Jul/2026:17:24:07.485178;22/Jul/2026:17:24:11.896546;22/Jul/2026:17:24:12.875433;22/Jul/2026:17:24:12.869608;22/Jul/2026:17:23:59.509797;22/Jul/2026:17:24:05.792163;22/Jul/2026:17:24:11.185992;22/Jul/2026:17:24:00.921442;22/Jul/2026:17:24:04.689190;22/Jul/2026:17:24:11.513137;22/Jul/2026:17:24:12.872905;22/Jul/2026:17:24:13.675977;22/Jul/2026:17:24:12.871666;22/Jul/2026:17:24:12.869306;22/Jul/2026:17:24:08.820293;22/Jul/2026:17:24:13.676635;22/Jul/2026:17:24:13.677803;22/Jul/2026:17:24:12.869041;22/Jul/2026:17:24:13.717466;22/Jul/2026:17:24:13.716763;22/Jul/2026:17:24:13.844106;22/Jul/2026:17:23:59.501342,0.0124;9.6435;14.9403;16.1609;0.0821;5.4724;1.0636;0.0900;0.1003;13.4605;7.2161;1.8249;12.1340;8.3683;2.1725;0.8130;0.0100;0.8548;0.8583;4.9188;0.0643;0.0635;0.8725;0.0564;0.1341;0.0146;14.3638,bytes=27856488-27948609;bytes=422028697-422126700;bytes=1661022867-1661235301;bytes=1538063972-1538975340;bytes=76243160-76333742;bytes=1066316727-1067210268;bytes=1895155315-1896056970;bytes=127379383-128302428;bytes=32038768-32136927;bytes=1857098814-1858011977;bytes=826059437-826966466;bytes=1780607111-1781501997;bytes=28228336-28434926;bytes=633783180-634680301;bytes=1846370179-1846577444;bytes=72419817-72625560;bytes=182228661-182324486;bytes=64256437-64350430;bytes=25131851-26021337;bytes=1358881721-1359786196;bytes=186367467-186466311;bytes=190616080-190706826;bytes=24032814-24234184;bytes=226421795-226522244;bytes=218398595-218621076;bytes=239111117-240014891;bytes=1837010929-1837904929,dfbd3009;7286af50;234a4326;7542747c;06b9eef2;5270592d;210f6e60;0d231481;e1d428d4;8d520429;6458a6b0;0ed32398;4a017a43;76b1a8b1;6a971fba;ba2b8f57;2bf30689;2e1e2639;541c9266;a572e033;059107f3;9368cfb3;6a9b70f4;a063be4b;b27c9150;ae24ffb8;471feeca
4,5,43,success,None,22/Jul/2026:17:24:13.674625,22/Jul/2026:17:24:14.337308,0.6627,18,22/Jul/2026:17:24:11.513137;22/Jul/2026:17:24:12.872905;22/Jul/2026:17:24:13.675977;22/Jul/2026:17:24:12.871666;22/Jul/2026:17:24:12.869306;22/Jul/2026:17:24:08.820293;22/Jul/2026:17:24:13.676635;22/Jul/2026:17:24:13.677803;22/Jul/2026:17:24:12.869041;22/Jul/2026:17:24:13.717466;22/Jul/2026:17:24:13.716763;22/Jul/2026:17:24:13.844106;22/Jul/2026:17:23:59.501342;22/Jul/2026:17:24:12.870534;22/Jul/2026:17:24:12.870475;22/Jul/2026:17:24:13.844834;22/Jul/2026:17:24:12.869733;22/Jul/2026:17:24:12.876422,2.1725;0.8130;0.0100;0.8548;0.8583;4.9188;0.0643;0.0635;0.8725;0.0564;0.1341;0.0146;14.3638;1.0362;1.0435;0.0705;1.0582;1.0523,bytes=1846370179-1846577444;bytes=72419817-72625560;bytes=182228661-182324486;bytes=64256437-64350430;bytes=25131851-26021337;bytes=1358881721-1359786196;bytes=186367467-186466311;bytes=190616080-190706826;bytes=24032814-24234184;bytes=226421795-226522244;bytes=218398595-218621076;bytes=239111117-240014891;bytes=1837010929-1837904929;bytes=40334677-40433976;bytes=36543920-36729573;bytes=246620476-246739262;bytes=28434927-29322116;bytes=141731597-141819094,6a971fba;ba2b8f57;2bf30689;2e1e2639;541c9266;a572e033;059107f3;9368cfb3;6a9b70f4;a063be4b;b27c9150;ae24ffb8;471feeca;f1b18094;99b3fdc0;5ef59a3d;619359ac;b28eab83
4,5,52,success,None,22/Jul/2026:17:24:13.715306,22/Jul/2026:17:24:14.350571,0.6353,17,22/Jul/2026:17:24:12.871666;22/Jul/2026:17:24:12.869306;22/Jul/2026:17:24:08.820293;22/Jul/2026:17:24:13.676635;22/Jul/2026:17:24:13.677803;22/Jul/2026:17:24:12.869041;22/Jul/2026:17:24:13.717466;22/Jul/2026:17:24:13.716763;22/Jul/2026:17:24:13.844106;22/Jul/2026:17:23:59.501342;22/Jul/2026:17:24:12.870534;22/Jul/2026:17:24:12.870475;22/Jul/2026:17:24:13.844834;22/Jul/2026:17:24:12.869733;22/Jul/2026:17:24:12.876422;22/Jul/2026:17:24:13.677548;22/Jul/2026:17:23:57.959657,0.8548;0.8583;4.9188;0.0643;0.0635;0.8725;0.0564;0.1341;0.0146;14.3638;1.0362;1.0435;0.0705;1.0582;1.0523;0.6696;16.3875,bytes=64256437-64350430;bytes=25131851-26021337;bytes=1358881721-1359786196;bytes=186367467-186466311;bytes=190616080-190706826;bytes=24032814-24234184;bytes=226421795-226522244;bytes=218398595-218621076;bytes=239111117-240014891;bytes=1837010929-1837904929;bytes=40334677-40433976;bytes=36543920-36729573;bytes=246620476-246739262;bytes=28434927-29322116;bytes=141731597-141819094;bytes=188519626-189422253;bytes=1693745194-1694639553,2e1e2639;541c9266;a572e033;059107f3;9368cfb3;6a9b70f4;a063be4b;b27c9150;ae24ffb8;471feeca;f1b18094;99b3fdc0;5ef59a3d;619359ac;b28eab83;f07d5458;51ed9117
4,5,59,success,None,22/Jul/2026:17:24:13.843313,22/Jul/2026:17:24:14.493741,0.6504,19,22/Jul/2026:17:24:13.716763;22/Jul/2026:17:24:13.844106;22/Jul/2026:17:23:59.501342;22/Jul/2026:17:24:12.870534;22/Jul/2026:17:24:12.870475;22/Jul/2026:17:24:13.844834;22/Jul/2026:17:24:12.869733;22/Jul/2026:17:24:12.876422;22/Jul/2026:17:24:13.677548;22/Jul/2026:17:23:57.959657;22/Jul/2026:17:24:13.901982;22/Jul/2026:17:24:12.875031;22/Jul/2026:17:24:13.845665;22/Jul/2026:17:24:13.716031;22/Jul/2026:17:24:12.873882;22/Jul/2026:17:24:12.873414;22/Jul/2026:17:24:14.339379;22/Jul/2026:17:24:03.816258;22/Jul/2026:17:24:13.844263,0.1341;0.0146;14.3638;1.0362;1.0435;0.0705;1.0582;1.0523;0.6696;16.3875;0.4520;1.5047;0.5445;0.6782;1.5281;1.5294;0.0895;10.6138;0.5914,bytes=218398595-218621076;bytes=239111117-240014891;bytes=1837010929-1837904929;bytes=40334677-40433976;bytes=36543920-36729573;bytes=246620476-246739262;bytes=28434927-29322116;bytes=141731597-141819094;bytes=188519626-189422253;bytes=1693745194-1694639553;bytes=291705719-291798571;bytes=104841493-104958941;bytes=247957533-248837276;bytes=212123543-213038777;bytes=96791068-96873783;bytes=92805846-92892538;bytes=336701984-336799860;bytes=476764726-477647971;bytes=240014892-240901722,b27c9150;ae24ffb8;471feeca;f1b18094;99b3fdc0;5ef59a3d;619359ac;b28eab83;f07d5458;51ed9117;7345b700;a9f552ef;c2b882fc;ea837081;ece0078a;a6c12454;61f4fde5;3ac09a88;f2ad7b96
4,5,69,success,None,22/Jul/2026:17:24:13.900065,22/Jul/2026:17:24:14.663633,0.7636,21,22/Jul/2026:17:24:12.870534;22/Jul/2026:17:24:12.870475;22/Jul/2026:17:24:13.844834;22/Jul/2026:17:24:12.869733;22/Jul/2026:17:24:12.876422;22/Jul/2026:17:24:13.677548;22/Jul/2026:17:23:57.959657;22/Jul/2026:17:24:13.901982;22/Jul/2026:17:24:12.875031;22/Jul/2026:17:24:13.845665;22/Jul/2026:17:24:13.716031;22/Jul/2026:17:24:12.873882;22/Jul/2026:17:24:12.873414;22/Jul/2026:17:24:14.339379;22/Jul/2026:17:24:03.816258;22/Jul/2026:17:24:13.844263;22/Jul/2026:17:24:13.845454;22/Jul/2026:17:24:12.871212;22/Jul/2026:17:24:14.353677;22/Jul/2026:17:24:12.874083;22/Jul/2026:17:24:14.353832,1.0362;1.0435;0.0705;1.0582;1.0523;0.6696;16.3875;0.4520;1.5047;0.5445;0.6782;1.5281;1.5294;0.0895;10.6138;0.5914;0.6548;1.6307;0.1531;1.6352;0.1627,bytes=40334677-40433976;bytes=36543920-36729573;bytes=246620476-246739262;bytes=28434927-29322116;bytes=141731597-141819094;bytes=188519626-189422253;bytes=1693745194-1694639553;bytes=291705719-291798571;bytes=104841493-104958941;bytes=247957533-248837276;bytes=212123543-213038777;bytes=96791068-96873783;bytes=92805846-92892538;bytes=336701984-336799860;bytes=476764726-477647971;bytes=240014892-240901722;bytes=250632731-250784207;bytes=60347629-60436223;bytes=364951444-365141611;bytes=94089059-94982248;bytes=368962054-369057979,f1b18094;99b3fdc0;5ef59a3d;619359ac;b28eab83;f07d5458;51ed9117;7345b700;a9f552ef;c2b882fc;ea837081;ece0078a;a6c12454;61f4fde5;3ac09a88;f2ad7b96;160e5313;68c8e21e;830cec62;dcb3ba75;9e3c1885
4,5,80,success,None,22/Jul/2026:17:24:14.337629,22/Jul/2026:17:24:14.988381,0.6507,24,22/Jul/2026:17:24:13.677548;22/Jul/2026:17:23:57.959657;22/Jul/2026:17:24:13.901982;22/Jul/2026:17:24:12.875031;22/Jul/2026:17:24:13.845665;22/Jul/2026:17:24:13.716031;22/Jul/2026:17:24:12.873882;22/Jul/2026:17:24:12.873414;22/Jul/2026:17:24:14.339379;22/Jul/2026:17:24:03.816258;22/Jul/2026:17:24:13.844263;22/Jul/2026:17:24:13.845454;22/Jul/2026:17:24:12.871212;22/Jul/2026:17:24:14.353677;22/Jul/2026:17:24:12.874083;22/Jul/2026:17:24:14.353832;22/Jul/2026:17:23:59.502560;22/Jul/2026:17:24:14.338912;22/Jul/2026:17:24:12.871884;22/Jul/2026:17:23:56.744819;22/Jul/2026:17:23:56.284350;22/Jul/2026:17:24:11.535679;22/Jul/2026:17:24:13.845050;22/Jul/2026:17:24:12.870242,0.6696;16.3875;0.4520;1.5047;0.5445;0.6782;1.5281;1.5294;0.0895;10.6138;0.5914;0.6548;1.6307;0.1531;1.6352;0.1627;15.1699;0.3336;1.8059;17.9380;18.4003;3.1518;0.8531;1.8279,bytes=188519626-189422253;bytes=1693745194-1694639553;bytes=291705719-291798571;bytes=104841493-104958941;bytes=247957533-248837276;bytes=212123543-213038777;bytes=96791068-96873783;bytes=92805846-92892538;bytes=336701984-336799860;bytes=476764726-477647971;bytes=240014892-240901722;bytes=250632731-250784207;bytes=60347629-60436223;bytes=364951444-365141611;bytes=94089059-94982248;bytes=368962054-369057979;bytes=1850569100-1850676764;bytes=329887366-330775036;bytes=65254000-66153008;bytes=1544084198-1544301779;bytes=1519457892-1519582108;bytes=1867247510-1867361081;bytes=243950235-244835070;bytes=33501535-34378949,f07d5458;51ed9117;7345b700;a9f552ef;c2b882fc;ea837081;ece0078a;a6c12454;61f4fde5;3ac09a88;f2ad7b96;160e5313;68c8e21e;830cec62;dcb3ba75;9e3c1885;02e86d06;b958121e;9cc3c96c;257a1b6d;7bc6420b;24825b88;1bb7a6bc;9a114fbd
4,5,100,success,None,22/Jul/2026:17:24:14.494058,22/Jul/2026:17:24:15.186250,0.6922,16,22/Jul/2026:17:24:13.845454;22/Jul/2026:17:24:12.871212;22/Jul/2026:17:24:14.353677;22/Jul/2026:17:24:12.874083;22/Jul/2026:17:24:14.353832;22/Jul/2026:17:23:59.502560;22/Jul/2026:17:24:14.338912;22/Jul/2026:17:24:12.871884;22/Jul/2026:17:23:56.744819;22/Jul/2026:17:23:56.284350;22/Jul/2026:17:24:11.535679;22/Jul/2026:17:24:13.845050;22/Jul/2026:17:24:12.870242;22/Jul/2026:17:24:10.275570;22/Jul/2026:17:24:13.716831;22/Jul/2026:17:24:14.340321,0.6548;1.6307;0.1531;1.6352;0.1627;15.1699;0.3336;1.8059;17.9380;18.4003;3.1518;0.8531;1.8279;4.7207;1.2994;0.6813,bytes=250632731-250784207;bytes=60347629-60436223;bytes=364951444-365141611;bytes=94089059-94982248;bytes=368962054-369057979;bytes=1850569100-1850676764;bytes=329887366-330775036;bytes=65254000-66153008;bytes=1544084198-1544301779;bytes=1519457892-1519582108;bytes=1867247510-1867361081;bytes=243950235-244835070;bytes=33501535-34378949;bytes=1577428287-1577597875;bytes=222249683-222339354;bytes=339651643-340549457,160e5313;68c8e21e;830cec62;dcb3ba75;9e3c1885;02e86d06;b958121e;9cc3c96c;257a1b6d;7bc6420b;24825b88;1bb7a6bc;9a114fbd;a98d102f;f21f78a2;34942a7b
4,5,86,success,None,22/Jul/2026:17:24:14.350888,22/Jul/2026:17:24:15.245311,0.8944,32,22/Jul/2026:17:24:13.901982;22/Jul/2026:17:24:12.875031;22/Jul/2026:17:24:13.845665;22/Jul/2026:17:24:13.716031;22/Jul/2026:17:24:12.873882;22/Jul/2026:17:24:12.873414;22/Jul/2026:17:24:14.339379;22/Jul/2026:17:24:03.816258;22/Jul/2026:17:24:13.844263;22/Jul/2026:17:24:13.845454;22/Jul/2026:17:24:12.871212;22/Jul/2026:17:24:14.353677;22/Jul/2026:17:24:12.874083;22/Jul/2026:17:24:14.353832;22/Jul/2026:17:23:59.502560;22/Jul/2026:17:24:14.338912;22/Jul/2026:17:24:12.871884;22/Jul/2026:17:23:56.744819;22/Jul/2026:17:23:56.284350;22/Jul/2026:17:24:11.535679;22/Jul/2026:17:24:13.845050;22/Jul/2026:17:24:12.870242;22/Jul/2026:17:24:10.275570;22/Jul/2026:17:24:13.716831;22/Jul/2026:17:24:14.340321;22/Jul/2026:17:24:14.665331;22/Jul/2026:17:23:58.574693;22/Jul/2026:17:24:13.901769;22/Jul/2026:17:24:15.187265;22/Jul/2026:17:24:15.189608;22/Jul/2026:17:24:13.716962;22/Jul/2026:17:24:14.990578,0.4520;1.5047;0.5445;0.6782;1.5281;1.5294;0.0895;10.6138;0.5914;0.6548;1.6307;0.1531;1.6352;0.1627;15.1699;0.3336;1.8059;17.9380;18.4003;3.1518;0.8531;1.8279;4.7207;1.2994;0.6813;0.5314;16.6266;1.2996;0.0147;0.0132;1.4914;0.2178,bytes=291705719-291798571;bytes=104841493-104958941;bytes=247957533-248837276;bytes=212123543-213038777;bytes=96791068-96873783;bytes=92805846-92892538;bytes=336701984-336799860;bytes=476764726-477647971;bytes=240014892-240901722;bytes=250632731-250784207;bytes=60347629-60436223;bytes=364951444-365141611;bytes=94089059-94982248;bytes=368962054-369057979;bytes=1850569100-1850676764;bytes=329887366-330775036;bytes=65254000-66153008;bytes=1544084198-1544301779;bytes=1519457892-1519582108;bytes=1867247510-1867361081;bytes=243950235-244835070;bytes=33501535-34378949;bytes=1577428287-1577597875;bytes=222249683-222339354;bytes=339651643-340549457;bytes=448661459-449558010;bytes=1744292054-1745182188;bytes=286808847-287713546;bytes=542008841-542893128;bytes=552928219-553024806;bytes=218621077-219512660;bytes=487785452-487875761,7345b700;a9f552ef;c2b882fc;ea837081;ece0078a;a6c12454;61f4fde5;3ac09a88;f2ad7b96;160e5313;68c8e21e;830cec62;dcb3ba75;9e3c1885;02e86d06;b958121e;9cc3c96c;257a1b6d;7bc6420b;24825b88;1bb7a6bc;9a114fbd;a98d102f;f21f78a2;34942a7b;ade0fae3;1ce1183f;8566c9f5;6be5e0e5;90dc1386;6e79dcc4;2a4c42ae
4,5,109,success,None,22/Jul/2026:17:24:14.663967,22/Jul/2026:17:24:15.702679,1.0387,24,22/Jul/2026:17:23:59.502560;22/Jul/2026:17:24:14.338912;22/Jul/2026:17:24:12.871884;22/Jul/2026:17:23:56.744819;22/Jul/2026:17:23:56.284350;22/Jul/2026:17:24:11.535679;22/Jul/2026:17:24:13.845050;22/Jul/2026:17:24:12.870242;22/Jul/2026:17:24:10.275570;22/Jul/2026:17:24:13.716831;22/Jul/2026:17:24:14.340321;22/Jul/2026:17:24:14.665331;22/Jul/2026:17:23:58.574693;22/Jul/2026:17:24:13.901769;22/Jul/2026:17:24:15.187265;22/Jul/2026:17:24:15.189608;22/Jul/2026:17:24:13.716962;22/Jul/2026:17:24:14.990578;22/Jul/2026:17:24:14.665393;22/Jul/2026:17:24:13.901326;22/Jul/2026:17:24:14.989746;22/Jul/2026:17:24:13.716692;22/Jul/2026:17:24:13.716559;22/Jul/2026:17:24:11.897206,15.1699;0.3336;1.8059;17.9380;18.4003;3.1518;0.8531;1.8279;4.7207;1.2994;0.6813;0.5314;16.6266;1.2996;0.0147;0.0132;1.4914;0.2178;0.5908;1.3565;0.2785;1.5647;1.5800;3.3999,bytes=1850569100-1850676764;bytes=329887366-330775036;bytes=65254000-66153008;bytes=1544084198-1544301779;bytes=1519457892-1519582108;bytes=1867247510-1867361081;bytes=243950235-244835070;bytes=33501535-34378949;bytes=1577428287-1577597875;bytes=222249683-222339354;bytes=339651643-340549457;bytes=448661459-449558010;bytes=1744292054-1745182188;bytes=286808847-287713546;bytes=542008841-542893128;bytes=552928219-553024806;bytes=218621077-219512660;bytes=487785452-487875761;bytes=449558011-450456772;bytes=283957036-284092378;bytes=479941553-480850432;bytes=218212016-218398594;bytes=216215809-217140565;bytes=1898451898-1899376711,02e86d06;b958121e;9cc3c96c;257a1b6d;7bc6420b;24825b88;1bb7a6bc;9a114fbd;a98d102f;f21f78a2;34942a7b;ade0fae3;1ce1183f;8566c9f5;6be5e0e5;90dc1386;6e79dcc4;2a4c42ae;240392b7;801ffe69;bbc40529;e593ead5;7a781ee0;18825bb0
4,5,117,success,None,22/Jul/2026:17:24:14.988713,22/Jul/2026:17:24:15.711889,0.7232,16,22/Jul/2026:17:24:10.275570;22/Jul/2026:17:24:13.716831;22/Jul/2026:17:24:14.340321;22/Jul/2026:17:24:14.665331;22/Jul/2026:17:23:58.574693;22/Jul/2026:17:24:13.901769;22/Jul/2026:17:24:15.187265;22/Jul/2026:17:24:15.189608;22/Jul/2026:17:24:13.716962;22/Jul/2026:17:24:14.990578;22/Jul/2026:17:24:14.665393;22/Jul/2026:17:24:13.901326;22/Jul/2026:17:24:14.989746;22/Jul/2026:17:24:13.716692;22/Jul/2026:17:24:13.716559;22/Jul/2026:17:24:11.897206,4.7207;1.2994;0.6813;0.5314;16.6266;1.2996;0.0147;0.0132;1.4914;0.2178;0.5908;1.3565;0.2785;1.5647;1.5800;3.3999,bytes=1577428287-1577597875;bytes=222249683-222339354;bytes=339651643-340549457;bytes=448661459-449558010;bytes=1744292054-1745182188;bytes=286808847-287713546;bytes=542008841-542893128;bytes=552928219-553024806;bytes=218621077-219512660;bytes=487785452-487875761;bytes=449558011-450456772;bytes=283957036-284092378;bytes=479941553-480850432;bytes=218212016-218398594;bytes=216215809-217140565;bytes=1898451898-1899376711,a98d102f;f21f78a2;34942a7b;ade0fae3;1ce1183f;8566c9f5;6be5e0e5;90dc1386;6e79dcc4;2a4c42ae;240392b7;801ffe69;bbc40529;e593ead5;7a781ee0;18825bb0
4,5,133,success,None,22/Jul/2026:17:24:15.186585,22/Jul/2026:17:24:15.857526,0.6709,21,22/Jul/2026:17:24:14.665331;22/Jul/2026:17:23:58.574693;22/Jul/2026:17:24:13.901769;22/Jul/2026:17:24:15.187265;22/Jul/2026:17:24:15.189608;22/Jul/2026:17:24:13.716962;22/Jul/2026:17:24:14.990578;22/Jul/2026:17:24:14.665393;22/Jul/2026:17:24:13.901326;22/Jul/2026:17:24:14.989746;22/Jul/2026:17:24:13.716692;22/Jul/2026:17:24:13.716559;22/Jul/2026:17:24:11.897206;22/Jul/2026:17:24:14.338678;22/Jul/2026:17:24:14.989239;22/Jul/2026:17:24:15.246962;22/Jul/2026:17:24:15.188029;22/Jul/2026:17:24:14.339590;22/Jul/2026:17:24:12.870974;22/Jul/2026:17:24:14.495835;22/Jul/2026:17:24:14.990454,0.5314;16.6266;1.2996;0.0147;0.0132;1.4914;0.2178;0.5908;1.3565;0.2785;1.5647;1.5800;3.3999;1.3765;0.7426;0.4879;0.5604;1.4219;2.8967;1.2775;0.7833,bytes=448661459-449558010;bytes=1744292054-1745182188;bytes=286808847-287713546;bytes=542008841-542893128;bytes=552928219-553024806;bytes=218621077-219512660;bytes=487785452-487875761;bytes=449558011-450456772;bytes=283957036-284092378;bytes=479941553-480850432;bytes=218212016-218398594;bytes=216215809-217140565;bytes=1898451898-1899376711;bytes=332596750-332696830;bytes=476764726-477647971;bytes=575791287-576711568;bytes=545071620-545181816;bytes=334804947-335712584;bytes=57460714-58353065;bytes=416807683-417722195;bytes=486618732-487518383,ade0fae3;1ce1183f;8566c9f5;6be5e0e5;90dc1386;6e79dcc4;2a4c42ae;240392b7;801ffe69;bbc40529;e593ead5;7a781ee0;18825bb0;7e968377;20d4a29b;d7c96547;6eb69f65;7336e65e;9873a736;d8d16e56;8c594b87
4,5,140,success,None,22/Jul/2026:17:24:15.245618,22/Jul/2026:17:24:15.932676,0.6871,19,22/Jul/2026:17:24:14.665393;22/Jul/2026:17:24:13.901326;22/Jul/2026:17:24:14.989746;22/Jul/2026:17:24:13.716692;22/Jul/2026:17:24:13.716559;22/Jul/2026:17:24:11.897206;22/Jul/2026:17:24:14.338678;22/Jul/2026:17:24:14.989239;22/Jul/2026:17:24:15.246962;22/Jul/2026:17:24:15.188029;22/Jul/2026:17:24:14.339590;22/Jul/2026:17:24:12.870974;22/Jul/2026:17:24:14.495835;22/Jul/2026:17:24:14.990454;22/Jul/2026:17:24:14.338595;22/Jul/2026:17:24:15.861048;22/Jul/2026:17:24:15.704596;22/Jul/2026:17:24:15.246492;22/Jul/2026:17:23:56.743701,0.5908;1.3565;0.2785;1.5647;1.5800;3.3999;1.3765;0.7426;0.4879;0.5604;1.4219;2.8967;1.2775;0.7833;1.5294;0.0087;0.1700;0.6298;19.1830,bytes=449558011-450456772;bytes=283957036-284092378;bytes=479941553-480850432;bytes=218212016-218398594;bytes=216215809-217140565;bytes=1898451898-1899376711;bytes=332596750-332696830;bytes=476764726-477647971;bytes=575791287-576711568;bytes=545071620-545181816;bytes=334804947-335712584;bytes=57460714-58353065;bytes=416807683-417722195;bytes=486618732-487518383;bytes=328837696-328995603;bytes=663352985-663542636;bytes=605660114-605746078;bytes=572526864-573433340;bytes=1534914651-1535812064,240392b7;801ffe69;bbc40529;e593ead5;7a781ee0;18825bb0;7e968377;20d4a29b;d7c96547;6eb69f65;7336e65e;9873a736;d8d16e56;8c594b87;b9e2ea44;c9949b02;cf0d1db1;2c50330c;e20b59ed
4,5,146,success,None,22/Jul/2026:17:24:15.703003,22/Jul/2026:17:24:16.367564,0.6646,18,22/Jul/2026:17:24:14.338678;22/Jul/2026:17:24:14.989239;22/Jul/2026:17:24:15.246962;22/Jul/2026:17:24:15.188029;22/Jul/2026:17:24:14.339590;22/Jul/2026:17:24:12.870974;22/Jul/2026:17:24:14.495835;22/Jul/2026:17:24:14.990454;22/Jul/2026:17:24:14.338595;22/Jul/2026:17:24:15.861048;22/Jul/2026:17:24:15.704596;22/Jul/2026:17:24:15.246492;22/Jul/2026:17:23:56.743701;22/Jul/2026:17:24:15.862281;22/Jul/2026:17:24:15.859157;22/Jul/2026:17:24:14.665856;22/Jul/2026:17:24:14.495584;22/Jul/2026:17:24:13.846045,1.3765;0.7426;0.4879;0.5604;1.4219;2.8967;1.2775;0.7833;1.5294;0.0087;0.1700;0.6298;19.1830;0.0828;0.0966;1.2966;1.4856;2.1566,bytes=332596750-332696830;bytes=476764726-477647971;bytes=575791287-576711568;bytes=545071620-545181816;bytes=334804947-335712584;bytes=57460714-58353065;bytes=416807683-417722195;bytes=486618732-487518383;bytes=328837696-328995603;bytes=663352985-663542636;bytes=605660114-605746078;bytes=572526864-573433340;bytes=1534914651-1535812064;bytes=671515020-671626792;bytes=658970860-659067521;bytes=452723167-453645824;bytes=417817753-417916780;bytes=254723841-254852526,7e968377;20d4a29b;d7c96547;6eb69f65;7336e65e;9873a736;d8d16e56;8c594b87;b9e2ea44;c9949b02;cf0d1db1;2c50330c;e20b59ed;c2f36dd5;dd0fb589;1ce9f049;a47d6d51;170a7254
4,5,171,success,None,22/Jul/2026:17:24:15.932990,22/Jul/2026:17:24:16.450982,0.5180,12,22/Jul/2026:17:24:15.862281;22/Jul/2026:17:24:15.859157;22/Jul/2026:17:24:14.665856;22/Jul/2026:17:24:14.495584;22/Jul/2026:17:24:13.846045;22/Jul/2026:17:24:13.675196;22/Jul/2026:17:24:14.989811;22/Jul/2026:17:23:53.999980;22/Jul/2026:17:24:12.871153;22/Jul/2026:17:24:12.869855;22/Jul/2026:17:24:13.846728;22/Jul/2026:17:24:14.494785,0.0828;0.0966;1.2966;1.4856;2.1566;2.7039;1.3901;22.3803;3.5118;3.5178;2.5413;1.8988,bytes=671515020-671626792;bytes=658970860-659067521;bytes=452723167-453645824;bytes=417817753-417916780;bytes=254723841-254852526;bytes=176137584-177054364;bytes=480850433-481743553;bytes=1267784217-1267903691;bytes=60249183-60347628;bytes=30208736-31127958;bytes=255036591-255137808;bytes=408465905-409357834,c2f36dd5;dd0fb589;1ce9f049;a47d6d51;170a7254;86e7340c;fac6a1ce;ecc2cdee;888169b7;3b1096ad;3c8f2932;5f8fb6ac
4,5,152,success,None,22/Jul/2026:17:24:15.712213,22/Jul/2026:17:24:16.513097,0.8009,30,22/Jul/2026:17:24:14.338678;22/Jul/2026:17:24:14.989239;22/Jul/2026:17:24:15.246962;22/Jul/2026:17:24:15.188029;22/Jul/2026:17:24:14.339590;22/Jul/2026:17:24:12.870974;22/Jul/2026:17:24:14.495835;22/Jul/2026:17:24:14.990454;22/Jul/2026:17:24:14.338595;22/Jul/2026:17:24:15.861048;22/Jul/2026:17:24:15.704596;22/Jul/2026:17:24:15.246492;22/Jul/2026:17:23:56.743701;22/Jul/2026:17:24:15.862281;22/Jul/2026:17:24:15.859157;22/Jul/2026:17:24:14.665856;22/Jul/2026:17:24:14.495584;22/Jul/2026:17:24:13.846045;22/Jul/2026:17:24:13.675196;22/Jul/2026:17:24:14.989811;22/Jul/2026:17:23:53.999980;22/Jul/2026:17:24:12.871153;22/Jul/2026:17:24:12.869855;22/Jul/2026:17:24:13.846728;22/Jul/2026:17:24:14.494785;22/Jul/2026:17:24:16.455083;22/Jul/2026:17:24:15.860129;22/Jul/2026:17:24:15.713794;22/Jul/2026:17:24:12.869966;22/Jul/2026:17:24:16.370318,1.3765;0.7426;0.4879;0.5604;1.4219;2.8967;1.2775;0.7833;1.5294;0.0087;0.1700;0.6298;19.1830;0.0828;0.0966;1.2966;1.4856;2.1566;2.7039;1.3901;22.3803;3.5118;3.5178;2.5413;1.8988;0.0053;0.6036;0.7524;3.5988;0.0985,bytes=332596750-332696830;bytes=476764726-477647971;bytes=575791287-576711568;bytes=545071620-545181816;bytes=334804947-335712584;bytes=57460714-58353065;bytes=416807683-417722195;bytes=486618732-487518383;bytes=328837696-328995603;bytes=663352985-663542636;bytes=605660114-605746078;bytes=572526864-573433340;bytes=1534914651-1535812064;bytes=671515020-671626792;bytes=658970860-659067521;bytes=452723167-453645824;bytes=417817753-417916780;bytes=254723841-254852526;bytes=176137584-177054364;bytes=480850433-481743553;bytes=1267784217-1267903691;bytes=60249183-60347628;bytes=30208736-31127958;bytes=255036591-255137808;bytes=408465905-409357834;bytes=805192595-806093744;bytes=660448533-661337988;bytes=630794135-630893868;bytes=32236124-32417063;bytes=757091713-757182620,7e968377;20d4a29b;d7c96547;6eb69f65;7336e65e;9873a736;d8d16e56;8c594b87;b9e2ea44;c9949b02;cf0d1db1;2c50330c;e20b59ed;c2f36dd5;dd0fb589;1ce9f049;a47d6d51;170a7254;86e7340c;fac6a1ce;ecc2cdee;888169b7;3b1096ad;3c8f2932;5f8fb6ac;b6707739;4034937b;e830b623;e9487df9;84a6d1b7
4,5,160,success,None,22/Jul/2026:17:24:15.857848,22/Jul/2026:17:24:16.783045,0.9252,28,22/Jul/2026:17:24:14.338595;22/Jul/2026:17:24:15.861048;22/Jul/2026:17:24:15.704596;22/Jul/2026:17:24:15.246492;22/Jul/2026:17:23:56.743701;22/Jul/2026:17:24:15.862281;22/Jul/2026:17:24:15.859157;22/Jul/2026:17:24:14.665856;22/Jul/2026:17:24:14.495584;22/Jul/2026:17:24:13.846045;22/Jul/2026:17:24:13.675196;22/Jul/2026:17:24:14.989811;22/Jul/2026:17:23:53.999980;22/Jul/2026:17:24:12.871153;22/Jul/2026:17:24:12.869855;22/Jul/2026:17:24:13.846728;22/Jul/2026:17:24:14.494785;22/Jul/2026:17:24:16.455083;22/Jul/2026:17:24:15.860129;22/Jul/2026:17:24:15.713794;22/Jul/2026:17:24:12.869966;22/Jul/2026:17:24:16.370318;22/Jul/2026:17:24:14.339656;22/Jul/2026:17:24:15.862155;22/Jul/2026:17:24:15.934248;22/Jul/2026:17:24:16.369503;22/Jul/2026:17:24:16.515026;22/Jul/2026:17:24:14.989547,1.5294;0.0087;0.1700;0.6298;19.1830;0.0828;0.0966;1.2966;1.4856;2.1566;2.7039;1.3901;22.3803;3.5118;3.5178;2.5413;1.8988;0.0053;0.6036;0.7524;3.5988;0.0985;2.1812;0.6644;0.5937;0.1638;0.0626;1.5931,bytes=328837696-328995603;bytes=663352985-663542636;bytes=605660114-605746078;bytes=572526864-573433340;bytes=1534914651-1535812064;bytes=671515020-671626792;bytes=658970860-659067521;bytes=452723167-453645824;bytes=417817753-417916780;bytes=254723841-254852526;bytes=176137584-177054364;bytes=480850433-481743553;bytes=1267784217-1267903691;bytes=60249183-60347628;bytes=30208736-31127958;bytes=255036591-255137808;bytes=408465905-409357834;bytes=805192595-806093744;bytes=660448533-661337988;bytes=630794135-630893868;bytes=32236124-32417063;bytes=757091713-757182620;bytes=335712585-336613848;bytes=667721187-667930099;bytes=703663922-703757550;bytes=746221054-747119316;bytes=822992062-823102159;bytes=479803260-479941552,b9e2ea44;c9949b02;cf0d1db1;2c50330c;e20b59ed;c2f36dd5;dd0fb589;1ce9f049;a47d6d51;170a7254;86e7340c;fac6a1ce;ecc2cdee;888169b7;3b1096ad;3c8f2932;5f8fb6ac;b6707739;4034937b;e830b623;e9487df9;84a6d1b7;96ba8f15;842ca217;84602f6e;9e48ed72;f5636586;5286e3d2
4,5,181,success,None,22/Jul/2026:17:24:16.367874,22/Jul/2026:17:24:17.014250,0.6464,20,22/Jul/2026:17:24:13.675196;22/Jul/2026:17:24:14.989811;22/Jul/2026:17:23:53.999980;22/Jul/2026:17:24:12.871153;22/Jul/2026:17:24:12.869855;22/Jul/2026:17:24:13.846728;22/Jul/2026:17:24:14.494785;22/Jul/2026:17:24:16.455083;22/Jul/2026:17:24:15.860129;22/Jul/2026:17:24:15.713794;22/Jul/2026:17:24:12.869966;22/Jul/2026:17:24:16.370318;22/Jul/2026:17:24:14.339656;22/Jul/2026:17:24:15.862155;22/Jul/2026:17:24:15.934248;22/Jul/2026:17:24:16.369503;22/Jul/2026:17:24:16.515026;22/Jul/2026:17:24:14.989547;22/Jul/2026:17:24:14.352957;22/Jul/2026:17:24:16.516317,2.7039;1.3901;22.3803;3.5118;3.5178;2.5413;1.8988;0.0053;0.6036;0.7524;3.5988;0.0985;2.1812;0.6644;0.5937;0.1638;0.0626;1.5931;2.4358;0.2853,bytes=176137584-177054364;bytes=480850433-481743553;bytes=1267784217-1267903691;bytes=60249183-60347628;bytes=30208736-31127958;bytes=255036591-255137808;bytes=408465905-409357834;bytes=805192595-806093744;bytes=660448533-661337988;bytes=630794135-630893868;bytes=32236124-32417063;bytes=757091713-757182620;bytes=335712585-336613848;bytes=667721187-667930099;bytes=703663922-703757550;bytes=746221054-747119316;bytes=822992062-823102159;bytes=479803260-479941552;bytes=357907041-358812543;bytes=827353500-828260586,86e7340c;fac6a1ce;ecc2cdee;888169b7;3b1096ad;3c8f2932;5f8fb6ac;b6707739;4034937b;e830b623;e9487df9;84a6d1b7;96ba8f15;842ca217;84602f6e;9e48ed72;f5636586;5286e3d2;39ab8b4c;4d27a60a
4,5,200,success,None,22/Jul/2026:17:24:16.513447,22/Jul/2026:17:24:17.071565,0.5581,13,22/Jul/2026:17:24:14.339656;22/Jul/2026:17:24:15.862155;22/Jul/2026:17:24:15.934248;22/Jul/2026:17:24:16.369503;22/Jul/2026:17:24:16.515026;22/Jul/2026:17:24:14.989547;22/Jul/2026:17:24:14.352957;22/Jul/2026:17:24:16.516317;22/Jul/2026:17:24:13.676491;22/Jul/2026:17:24:16.515157;22/Jul/2026:17:24:14.495199;22/Jul/2026:17:24:16.369439;22/Jul/2026:17:24:15.704264,2.1812;0.6644;0.5937;0.1638;0.0626;1.5931;2.4358;0.2853;3.3538;0.5195;2.5398;0.6729;1.3393,bytes=335712585-336613848;bytes=667721187-667930099;bytes=703663922-703757550;bytes=746221054-747119316;bytes=822992062-823102159;bytes=479803260-479941552;bytes=357907041-358812543;bytes=827353500-828260586;bytes=182485933-182657370;bytes=820174260-821056099;bytes=410790285-411687734;bytes=745317825-746221053;bytes=599002198-599894479,96ba8f15;842ca217;84602f6e;9e48ed72;f5636586;5286e3d2;39ab8b4c;4d27a60a;b5371415;166c658a;f10c451a;65822137;3aa94400
4,5,194,success,None,22/Jul/2026:17:24:16.451341,22/Jul/2026:17:24:17.231292,0.7799,25,22/Jul/2026:17:24:16.455083;22/Jul/2026:17:24:15.860129;22/Jul/2026:17:24:15.713794;22/Jul/2026:17:24:12.869966;22/Jul/2026:17:24:16.370318;22/Jul/2026:17:24:14.339656;22/Jul/2026:17:24:15.862155;22/Jul/2026:17:24:15.934248;22/Jul/2026:17:24:16.369503;22/Jul/2026:17:24:16.515026;22/Jul/2026:17:24:14.989547;22/Jul/2026:17:24:14.352957;22/Jul/2026:17:24:16.516317;22/Jul/2026:17:24:13.676491;22/Jul/2026:17:24:16.515157;22/Jul/2026:17:24:14.495199;22/Jul/2026:17:24:16.369439;22/Jul/2026:17:24:15.704264;22/Jul/2026:17:24:16.514823;22/Jul/2026:17:24:15.934761;22/Jul/2026:17:24:14.353285;22/Jul/2026:17:24:13.716429;22/Jul/2026:17:24:16.515486;22/Jul/2026:17:24:16.515363;22/Jul/2026:17:24:16.369125,0.0053;0.6036;0.7524;3.5988;0.0985;2.1812;0.6644;0.5937;0.1638;0.0626;1.5931;2.4358;0.2853;3.3538;0.5195;2.5398;0.6729;1.3393;0.5693;1.1505;2.7346;3.3736;0.5795;0.5956;0.7682,bytes=805192595-806093744;bytes=660448533-661337988;bytes=630794135-630893868;bytes=32236124-32417063;bytes=757091713-757182620;bytes=335712585-336613848;bytes=667721187-667930099;bytes=703663922-703757550;bytes=746221054-747119316;bytes=822992062-823102159;bytes=479803260-479941552;bytes=357907041-358812543;bytes=827353500-828260586;bytes=182485933-182657370;bytes=820174260-821056099;bytes=410790285-411687734;bytes=745317825-746221053;bytes=599002198-599894479;bytes=818932860-819086860;bytes=707859338-707946661;bytes=364786456-364873418;bytes=214424172-215318826;bytes=826966467-827061254;bytes=823102160-823217353;bytes=744027705-744917794,b6707739;4034937b;e830b623;e9487df9;84a6d1b7;96ba8f15;842ca217;84602f6e;9e48ed72;f5636586;5286e3d2;39ab8b4c;4d27a60a;b5371415;166c658a;f10c451a;65822137;3aa94400;405592ae;ebb57afa;c6248803;817ae52e;85d97257;b13146a9;50afe179
4,5,206,success,None,22/Jul/2026:17:24:16.783374,22/Jul/2026:17:24:17.426991,0.6436,17,22/Jul/2026:17:24:14.352957;22/Jul/2026:17:24:16.516317;22/Jul/2026:17:24:13.676491;22/Jul/2026:17:24:16.515157;22/Jul/2026:17:24:14.495199;22/Jul/2026:17:24:16.369439;22/Jul/2026:17:24:15.704264;22/Jul/2026:17:24:16.514823;22/Jul/2026:17:24:15.934761;22/Jul/2026:17:24:14.353285;22/Jul/2026:17:24:13.716429;22/Jul/2026:17:24:16.515486;22/Jul/2026:17:24:16.515363;22/Jul/2026:17:24:16.369125;22/Jul/2026:17:24:16.783809;22/Jul/2026:17:24:12.873827;22/Jul/2026:17:24:12.876085,2.4358;0.2853;3.3538;0.5195;2.5398;0.6729;1.3393;0.5693;1.1505;2.7346;3.3736;0.5795;0.5956;0.7682;0.4603;4.3773;4.3932,bytes=357907041-358812543;bytes=827353500-828260586;bytes=182485933-182657370;bytes=820174260-821056099;bytes=410790285-411687734;bytes=745317825-746221053;bytes=599002198-599894479;bytes=818932860-819086860;bytes=707859338-707946661;bytes=364786456-364873418;bytes=214424172-215318826;bytes=826966467-827061254;bytes=823102160-823217353;bytes=744027705-744917794;bytes=839586951-840471700;bytes=93079693-93177728;bytes=135741532-136661144,39ab8b4c;4d27a60a;b5371415;166c658a;f10c451a;65822137;3aa94400;405592ae;ebb57afa;c6248803;817ae52e;85d97257;b13146a9;50afe179;4cb4fd92;66061398;9c8b2bc8
4,5,213,success,None,22/Jul/2026:17:24:17.014584,22/Jul/2026:17:24:17.491800,0.4772,21,22/Jul/2026:17:24:13.676491;22/Jul/2026:17:24:16.515157;22/Jul/2026:17:24:14.495199;22/Jul/2026:17:24:16.369439;22/Jul/2026:17:24:15.704264;22/Jul/2026:17:24:16.514823;22/Jul/2026:17:24:15.934761;22/Jul/2026:17:24:14.353285;22/Jul/2026:17:24:13.716429;22/Jul/2026:17:24:16.515486;22/Jul/2026:17:24:16.515363;22/Jul/2026:17:24:16.369125;22/Jul/2026:17:24:16.783809;22/Jul/2026:17:24:12.873827;22/Jul/2026:17:24:12.876085;22/Jul/2026:17:24:14.353222;22/Jul/2026:17:24:15.188198;22/Jul/2026:17:24:17.430462;22/Jul/2026:17:24:16.516677;22/Jul/2026:17:24:14.353412;22/Jul/2026:17:24:12.876284,3.3538;0.5195;2.5398;0.6729;1.3393;0.5693;1.1505;2.7346;3.3736;0.5795;0.5956;0.7682;0.4603;4.3773;4.3932;3.0821;2.2482;0.0106;0.9245;3.0908;4.5683,bytes=182485933-182657370;bytes=820174260-821056099;bytes=410790285-411687734;bytes=745317825-746221053;bytes=599002198-599894479;bytes=818932860-819086860;bytes=707859338-707946661;bytes=364786456-364873418;bytes=214424172-215318826;bytes=826966467-827061254;bytes=823102160-823217353;bytes=744027705-744917794;bytes=839586951-840471700;bytes=93079693-93177728;bytes=135741532-136661144;bytes=360987593-361173208;bytes=548820484-548884256;bytes=992500834-993395320;bytes=831223479-831318248;bytes=361173209-362066216;bytes=137941087-138851284,b5371415;166c658a;f10c451a;65822137;3aa94400;405592ae;ebb57afa;c6248803;817ae52e;85d97257;b13146a9;50afe179;4cb4fd92;66061398;9c8b2bc8;51b89bed;d71d7445;0c2ef838;e9c55eaa;a0336951;333bd626
4,5,240,failed,"429, message='Too Many Requests', url='https://esgf.ceda.ac.uk/thredds/fileServer/esg_cmip6/CMIP6/AerChemMIP/MOHC/UKESM1-0-LL/ssp370SST-lowNTCF/r1i1p1f2/Amon/cl/gn/latest/cl_Amon_UKESM1-0-LL_ssp370SST-lowNTCF_r1i1p1f2_gn_205001-209912.nc'",22/Jul/2026:17:24:17.427314,22/Jul/2026:17:24:17.852922,0.4256,11,22/Jul/2026:17:24:14.353222;22/Jul/2026:17:24:15.188198;22/Jul/2026:17:24:17.430462;22/Jul/2026:17:24:16.516677;22/Jul/2026:17:24:14.353412;22/Jul/2026:17:24:12.876284;22/Jul/2026:17:24:17.015963;22/Jul/2026:17:24:16.515296;22/Jul/2026:17:24:15.712879;22/Jul/2026:17:24:16.515610;22/Jul/2026:17:24:15.189079,3.0821;2.2482;0.0106;0.9245;3.0908;4.5683;0.4853;0.9882;1.8112;1.0176;2.3443,bytes=360987593-361173208;bytes=548820484-548884256;bytes=992500834-993395320;bytes=831223479-831318248;bytes=361173209-362066216;bytes=137941087-138851284;bytes=872733772-873638586;bytes=821978783-822890261;bytes=619795435-620669466;bytes=823353710-824262415;bytes=550886410-551793790,51b89bed;d71d7445;0c2ef838;e9c55eaa;a0336951;333bd626;65033268;587a55d9;0226645c;fcff7f47;60145672
4,5,227,success,None,22/Jul/2026:17:24:17.231595,22/Jul/2026:17:24:17.903621,0.6720,19,22/Jul/2026:17:24:16.783809;22/Jul/2026:17:24:12.873827;22/Jul/2026:17:24:12.876085;22/Jul/2026:17:24:14.353222;22/Jul/2026:17:24:15.188198;22/Jul/2026:17:24:17.430462;22/Jul/2026:17:24:16.516677;22/Jul/2026:17:24:14.353412;22/Jul/2026:17:24:12.876284;22/Jul/2026:17:24:17.015963;22/Jul/2026:17:24:16.515296;22/Jul/2026:17:24:15.712879;22/Jul/2026:17:24:16.515610;22/Jul/2026:17:24:15.189079;22/Jul/2026:17:24:17.855342;22/Jul/2026:17:24:17.072896;22/Jul/2026:17:24:14.990393;22/Jul/2026:17:24:16.454220;22/Jul/2026:17:24:14.990075,0.4603;4.3773;4.3932;3.0821;2.2482;0.0106;0.9245;3.0908;4.5683;0.4853;0.9882;1.8112;1.0176;2.3443;0.0081;0.7909;2.8935;1.4382;2.9063,bytes=839586951-840471700;bytes=93079693-93177728;bytes=135741532-136661144;bytes=360987593-361173208;bytes=548820484-548884256;bytes=992500834-993395320;bytes=831223479-831318248;bytes=361173209-362066216;bytes=137941087-138851284;bytes=872733772-873638586;bytes=821978783-822890261;bytes=619795435-620669466;bytes=823353710-824262415;bytes=550886410-551793790;bytes=1070386653-1071287542;bytes=901089237-901285645;bytes=485708228-486618731;bytes=806093745-806190527;bytes=483842755-483924364,4cb4fd92;66061398;9c8b2bc8;51b89bed;d71d7445;0c2ef838;e9c55eaa;a0336951;333bd626;65033268;587a55d9;0226645c;fcff7f47;60145672;6df83410;c4e7f183;3a70cb85;95425857;669aabaa
4,5,220,success,None,22/Jul/2026:17:24:17.071908,22/Jul/2026:17:24:17.918531,0.8466,29,22/Jul/2026:17:24:16.514823;22/Jul/2026:17:24:15.934761;22/Jul/2026:17:24:14.353285;22/Jul/2026:17:24:13.716429;22/Jul/2026:17:24:16.515486;22/Jul/2026:17:24:16.515363;22/Jul/2026:17:24:16.369125;22/Jul/2026:17:24:16.783809;22/Jul/2026:17:24:12.873827;22/Jul/2026:17:24:12.876085;22/Jul/2026:17:24:14.353222;22/Jul/2026:17:24:15.188198;22/Jul/2026:17:24:17.430462;22/Jul/2026:17:24:16.516677;22/Jul/2026:17:24:14.353412;22/Jul/2026:17:24:12.876284;22/Jul/2026:17:24:17.015963;22/Jul/2026:17:24:16.515296;22/Jul/2026:17:24:15.712879;22/Jul/2026:17:24:16.515610;22/Jul/2026:17:24:15.189079;22/Jul/2026:17:24:17.855342;22/Jul/2026:17:24:17.072896;22/Jul/2026:17:24:14.990393;22/Jul/2026:17:24:16.454220;22/Jul/2026:17:24:14.990075;22/Jul/2026:17:24:17.016373;22/Jul/2026:17:24:16.785078;22/Jul/2026:17:24:17.854356,0.5693;1.1505;2.7346;3.3736;0.5795;0.5956;0.7682;0.4603;4.3773;4.3932;3.0821;2.2482;0.0106;0.9245;3.0908;4.5683;0.4853;0.9882;1.8112;1.0176;2.3443;0.0081;0.7909;2.8935;1.4382;2.9063;0.8970;1.1293;0.0627,bytes=818932860-819086860;bytes=707859338-707946661;bytes=364786456-364873418;bytes=214424172-215318826;bytes=826966467-827061254;bytes=823102160-823217353;bytes=744027705-744917794;bytes=839586951-840471700;bytes=93079693-93177728;bytes=135741532-136661144;bytes=360987593-361173208;bytes=548820484-548884256;bytes=992500834-993395320;bytes=831223479-831318248;bytes=361173209-362066216;bytes=137941087-138851284;bytes=872733772-873638586;bytes=821978783-822890261;bytes=619795435-620669466;bytes=823353710-824262415;bytes=550886410-551793790;bytes=1070386653-1071287542;bytes=901089237-901285645;bytes=485708228-486618731;bytes=806093745-806190527;bytes=483842755-483924364;bytes=880339311-880428846;bytes=847493422-847588917;bytes=1070167399-1070266394,405592ae;ebb57afa;c6248803;817ae52e;85d97257;b13146a9;50afe179;4cb4fd92;66061398;9c8b2bc8;51b89bed;d71d7445;0c2ef838;e9c55eaa;a0336951;333bd626;65033268;587a55d9;0226645c;fcff7f47;60145672;6df83410;c4e7f183;3a70cb85;95425857;669aabaa;bb1e25db;7ac176d4;427d6fc2
4,5,261,failed,"429, message='Too Many Requests', url='https://esgf.ceda.ac.uk/thredds/fileServer/esg_cmip6/CMIP6/AerChemMIP/MOHC/UKESM1-0-LL/ssp370SST-lowNTCF/r1i1p1f2/Amon/cl/gn/latest/cl_Amon_UKESM1-0-LL_ssp370SST-lowNTCF_r1i1p1f2_gn_205001-209912.nc'",22/Jul/2026:17:24:17.852968,22/Jul/2026:17:24:18.456486,0.6035,10,22/Jul/2026:17:24:17.855342;22/Jul/2026:17:24:17.072896;22/Jul/2026:17:24:14.990393;22/Jul/2026:17:24:16.454220;22/Jul/2026:17:24:14.990075;22/Jul/2026:17:24:17.016373;22/Jul/2026:17:24:16.785078;22/Jul/2026:17:24:17.854356;22/Jul/2026:17:24:14.353090;22/Jul/2026:17:24:17.906865,0.0081;0.7909;2.8935;1.4382;2.9063;0.8970;1.1293;0.0627;3.5661;0.0641,bytes=1070386653-1071287542;bytes=901089237-901285645;bytes=485708228-486618731;bytes=806093745-806190527;bytes=483842755-483924364;bytes=880339311-880428846;bytes=847493422-847588917;bytes=1070167399-1070266394;bytes=359737661-360638262;bytes=1139780328-1139885051,6df83410;c4e7f183;3a70cb85;95425857;669aabaa;bb1e25db;7ac176d4;427d6fc2;372e5a1f;82f0d53f
4,5,255,success,None,22/Jul/2026:17:24:17.492127,22/Jul/2026:17:24:18.522042,1.0299,19,22/Jul/2026:17:24:17.015963;22/Jul/2026:17:24:16.515296;22/Jul/2026:17:24:15.712879;22/Jul/2026:17:24:16.515610;22/Jul/2026:17:24:15.189079;22/Jul/2026:17:24:17.855342;22/Jul/2026:17:24:17.072896;22/Jul/2026:17:24:14.990393;22/Jul/2026:17:24:16.454220;22/Jul/2026:17:24:14.990075;22/Jul/2026:17:24:17.016373;22/Jul/2026:17:24:16.785078;22/Jul/2026:17:24:17.854356;22/Jul/2026:17:24:14.353090;22/Jul/2026:17:24:17.906865;22/Jul/2026:17:24:17.906673;22/Jul/2026:17:24:17.906086;22/Jul/2026:17:24:17.233333;22/Jul/2026:17:24:17.906156,0.4853;0.9882;1.8112;1.0176;2.3443;0.0081;0.7909;2.8935;1.4382;2.9063;0.8970;1.1293;0.0627;3.5661;0.0641;0.5587;0.5614;1.2349;0.5662,bytes=872733772-873638586;bytes=821978783-822890261;bytes=619795435-620669466;bytes=823353710-824262415;bytes=550886410-551793790;bytes=1070386653-1071287542;bytes=901089237-901285645;bytes=485708228-486618731;bytes=806093745-806190527;bytes=483842755-483924364;bytes=880339311-880428846;bytes=847493422-847588917;bytes=1070167399-1070266394;bytes=359737661-360638262;bytes=1139780328-1139885051;bytes=1136872616-1137764879;bytes=1134550327-1135450990;bytes=937776304-937865292;bytes=1135755551-1135870747,65033268;587a55d9;0226645c;fcff7f47;60145672;6df83410;c4e7f183;3a70cb85;95425857;669aabaa;bb1e25db;7ac176d4;427d6fc2;372e5a1f;82f0d53f;226b3b08;b135d0e5;90d00b97;71972744
4,5,282,success,None,22/Jul/2026:17:24:17.918866,22/Jul/2026:17:24:18.590538,0.6717,12,22/Jul/2026:17:24:14.353090;22/Jul/2026:17:24:17.906865;22/Jul/2026:17:24:17.906673;22/Jul/2026:17:24:17.906086;22/Jul/2026:17:24:17.233333;22/Jul/2026:17:24:17.906156;22/Jul/2026:17:24:18.526162;22/Jul/2026:17:24:18.458630;22/Jul/2026:17:24:13.900679;22/Jul/2026:17:24:15.935135;22/Jul/2026:17:24:16.785222;22/Jul/2026:17:24:17.493877,3.5661;0.0641;0.5587;0.5614;1.2349;0.5662;0.0095;0.0776;4.6369;2.6062;1.7684;1.0610,bytes=359737661-360638262;bytes=1139780328-1139885051;bytes=1136872616-1137764879;bytes=1134550327-1135450990;bytes=937776304-937865292;bytes=1135755551-1135870747;bytes=1220358278-1221275791;bytes=1189301666-1189414011;bytes=280917475-281801805;bytes=708035812-708221433;bytes=851296805-851385937;bytes=1050241509-1051135656,372e5a1f;82f0d53f;226b3b08;b135d0e5;90d00b97;71972744;9239f2e2;2cb65963;45bf0b85;9441307e;afc9c6da;bf7cf8af
4,5,275,success,None,22/Jul/2026:17:24:17.903941,22/Jul/2026:17:24:18.730838,0.8269,20,22/Jul/2026:17:24:17.016373;22/Jul/2026:17:24:16.785078;22/Jul/2026:17:24:17.854356;22/Jul/2026:17:24:14.353090;22/Jul/2026:17:24:17.906865;22/Jul/2026:17:24:17.906673;22/Jul/2026:17:24:17.906086;22/Jul/2026:17:24:17.233333;22/Jul/2026:17:24:17.906156;22/Jul/2026:17:24:18.526162;22/Jul/2026:17:24:18.458630;22/Jul/2026:17:24:13.900679;22/Jul/2026:17:24:15.935135;22/Jul/2026:17:24:16.785222;22/Jul/2026:17:24:17.493877;22/Jul/2026:17:24:17.920177;22/Jul/2026:17:24:15.712779;22/Jul/2026:17:24:17.920507;22/Jul/2026:17:24:17.921142;22/Jul/2026:17:24:15.189688,0.8970;1.1293;0.0627;3.5661;0.0641;0.5587;0.5614;1.2349;0.5662;0.0095;0.0776;4.6369;2.6062;1.7684;1.0610;0.6862;2.8961;0.6890;0.6890;3.4207,bytes=880339311-880428846;bytes=847493422-847588917;bytes=1070167399-1070266394;bytes=359737661-360638262;bytes=1139780328-1139885051;bytes=1136872616-1137764879;bytes=1134550327-1135450990;bytes=937776304-937865292;bytes=1135755551-1135870747;bytes=1220358278-1221275791;bytes=1189301666-1189414011;bytes=280917475-281801805;bytes=708035812-708221433;bytes=851296805-851385937;bytes=1050241509-1051135656;bytes=1160189423-1160305916;bytes=618913578-619795434;bytes=1159275301-1160189422;bytes=1163476336-1164386202;bytes=556652000-556736704,bb1e25db;7ac176d4;427d6fc2;372e5a1f;82f0d53f;226b3b08;b135d0e5;90d00b97;71972744;9239f2e2;2cb65963;45bf0b85;9441307e;afc9c6da;bf7cf8af;3c73efd6;75922cff;8fa4652f;74331c3a;1f5c3501
4,5,289,failed,"429, message='Too Many Requests', url='https://esgf.ceda.ac.uk/thredds/fileServer/esg_cmip6/CMIP6/AerChemMIP/MOHC/UKESM1-0-LL/ssp370SST-lowNTCF/r1i1p1f2/Amon/cl/gn/latest/cl_Amon_UKESM1-0-LL_ssp370SST-lowNTCF_r1i1p1f2_gn_205001-209912.nc'",22/Jul/2026:17:24:18.456541,22/Jul/2026:17:24:18.997212,0.5407,19,22/Jul/2026:17:24:17.906673;22/Jul/2026:17:24:17.906086;22/Jul/2026:17:24:17.233333;22/Jul/2026:17:24:17.906156;22/Jul/2026:17:24:18.526162;22/Jul/2026:17:24:18.458630;22/Jul/2026:17:24:13.900679;22/Jul/2026:17:24:15.935135;22/Jul/2026:17:24:16.785222;22/Jul/2026:17:24:17.493877;22/Jul/2026:17:24:17.920177;22/Jul/2026:17:24:15.712779;22/Jul/2026:17:24:17.920507;22/Jul/2026:17:24:17.921142;22/Jul/2026:17:24:15.189688;22/Jul/2026:17:24:17.921672;22/Jul/2026:17:24:18.459697;22/Jul/2026:17:24:17.073547;22/Jul/2026:17:24:17.428804,0.5587;0.5614;1.2349;0.5662;0.0095;0.0776;4.6369;2.6062;1.7684;1.0610;0.6862;2.8961;0.6890;0.6890;3.4207;0.8296;0.3044;1.6970;1.3622,bytes=1136872616-1137764879;bytes=1134550327-1135450990;bytes=937776304-937865292;bytes=1135755551-1135870747;bytes=1220358278-1221275791;bytes=1189301666-1189414011;bytes=280917475-281801805;bytes=708035812-708221433;bytes=851296805-851385937;bytes=1050241509-1051135656;bytes=1160189423-1160305916;bytes=618913578-619795434;bytes=1159275301-1160189422;bytes=1163476336-1164386202;bytes=556652000-556736704;bytes=1167676322-1168583199;bytes=1193391478-1194292559;bytes=909276222-909375214;bytes=984239699-985128989,226b3b08;b135d0e5;90d00b97;71972744;9239f2e2;2cb65963;45bf0b85;9441307e;afc9c6da;bf7cf8af;3c73efd6;75922cff;8fa4652f;74331c3a;1f5c3501;c29cd3a5;fd1c55e8;040a4fd4;eeab4426
4,5,315,success,None,22/Jul/2026:17:24:18.731137,22/Jul/2026:17:24:19.181909,0.4508,7,22/Jul/2026:17:24:17.921672;22/Jul/2026:17:24:18.459697;22/Jul/2026:17:24:17.073547;22/Jul/2026:17:24:17.428804;22/Jul/2026:17:24:18.523118;22/Jul/2026:17:24:18.733985;22/Jul/2026:17:24:17.234495,0.8296;0.3044;1.6970;1.3622;0.4819;0.2717;1.8907,bytes=1167676322-1168583199;bytes=1193391478-1194292559;bytes=909276222-909375214;bytes=984239699-985128989;bytes=1206923727-1207811697;bytes=1301914001-1302801254;bytes=941918263-942023508,c29cd3a5;fd1c55e8;040a4fd4;eeab4426;68602b5e;640cc2e6;3f5665df
4,5,295,success,None,22/Jul/2026:17:24:18.522415,22/Jul/2026:17:24:19.356271,0.8339,24,22/Jul/2026:17:24:18.526162;22/Jul/2026:17:24:18.458630;22/Jul/2026:17:24:13.900679;22/Jul/2026:17:24:15.935135;22/Jul/2026:17:24:16.785222;22/Jul/2026:17:24:17.493877;22/Jul/2026:17:24:17.920177;22/Jul/2026:17:24:15.712779;22/Jul/2026:17:24:17.920507;22/Jul/2026:17:24:17.921142;22/Jul/2026:17:24:15.189688;22/Jul/2026:17:24:17.921672;22/Jul/2026:17:24:18.459697;22/Jul/2026:17:24:17.073547;22/Jul/2026:17:24:17.428804;22/Jul/2026:17:24:18.523118;22/Jul/2026:17:24:18.733985;22/Jul/2026:17:24:17.234495;22/Jul/2026:17:24:15.248551;22/Jul/2026:17:24:15.714801;22/Jul/2026:17:24:18.593288;22/Jul/2026:17:24:18.524761;22/Jul/2026:17:24:18.734120;22/Jul/2026:17:24:17.921735,0.0095;0.0776;4.6369;2.6062;1.7684;1.0610;0.6862;2.8961;0.6890;0.6890;3.4207;0.8296;0.3044;1.6970;1.3622;0.4819;0.2717;1.8907;3.9437;3.4775;0.6043;0.6729;0.4758;1.2922,bytes=1220358278-1221275791;bytes=1189301666-1189414011;bytes=280917475-281801805;bytes=708035812-708221433;bytes=851296805-851385937;bytes=1050241509-1051135656;bytes=1160189423-1160305916;bytes=618913578-619795434;bytes=1159275301-1160189422;bytes=1163476336-1164386202;bytes=556652000-556736704;bytes=1167676322-1168583199;bytes=1193391478-1194292559;bytes=909276222-909375214;bytes=984239699-985128989;bytes=1206923727-1207811697;bytes=1301914001-1302801254;bytes=941918263-942023508;bytes=589628499-589797897;bytes=634955073-635051501;bytes=1273123362-1274006926;bytes=1214484453-1215379021;bytes=1303727130-1304636732;bytes=1168809911-1168922393,9239f2e2;2cb65963;45bf0b85;9441307e;afc9c6da;bf7cf8af;3c73efd6;75922cff;8fa4652f;74331c3a;1f5c3501;c29cd3a5;fd1c55e8;040a4fd4;eeab4426;68602b5e;640cc2e6;3f5665df;398f9b6a;f51ce9da;aa50c8e6;f576d75b;a4cc9ff3;d4412ae3
4,5,308,success,None,22/Jul/2026:17:24:18.590887,22/Jul/2026:17:24:19.425317,0.8344,25,22/Jul/2026:17:24:17.920177;22/Jul/2026:17:24:15.712779;22/Jul/2026:17:24:17.920507;22/Jul/2026:17:24:17.921142;22/Jul/2026:17:24:15.189688;22/Jul/2026:17:24:17.921672;22/Jul/2026:17:24:18.459697;22/Jul/2026:17:24:17.073547;22/Jul/2026:17:24:17.428804;22/Jul/2026:17:24:18.523118;22/Jul/2026:17:24:18.733985;22/Jul/2026:17:24:17.234495;22/Jul/2026:17:24:15.248551;22/Jul/2026:17:24:15.714801;22/Jul/2026:17:24:18.593288;22/Jul/2026:17:24:18.524761;22/Jul/2026:17:24:18.734120;22/Jul/2026:17:24:17.921735;22/Jul/2026:17:24:18.591738;22/Jul/2026:17:24:18.997612;22/Jul/2026:17:24:17.233591;22/Jul/2026:17:24:18.593219;22/Jul/2026:17:24:19.357813;22/Jul/2026:17:24:15.935258;22/Jul/2026:17:24:15.248617,0.6862;2.8961;0.6890;0.6890;3.4207;0.8296;0.3044;1.6970;1.3622;0.4819;0.2717;1.8907;3.9437;3.4775;0.6043;0.6729;0.4758;1.2922;0.7785;0.3748;2.1390;0.7868;0.0342;3.4684;4.1598,bytes=1160189423-1160305916;bytes=618913578-619795434;bytes=1159275301-1160189422;bytes=1163476336-1164386202;bytes=556652000-556736704;bytes=1167676322-1168583199;bytes=1193391478-1194292559;bytes=909276222-909375214;bytes=984239699-985128989;bytes=1206923727-1207811697;bytes=1301914001-1302801254;bytes=941918263-942023508;bytes=589628499-589797897;bytes=634955073-635051501;bytes=1273123362-1274006926;bytes=1214484453-1215379021;bytes=1303727130-1304636732;bytes=1168809911-1168922393;bytes=1263864705-1264059242;bytes=1350429565-1351319049;bytes=935970485-936881947;bytes=1272219783-1273123361;bytes=1444456723-1444533543;bytes=712073303-712167191;bytes=589797898-589945730,3c73efd6;75922cff;8fa4652f;74331c3a;1f5c3501;c29cd3a5;fd1c55e8;040a4fd4;eeab4426;68602b5e;640cc2e6;3f5665df;398f9b6a;f51ce9da;aa50c8e6;f576d75b;a4cc9ff3;d4412ae3;64caff52;781b8296;a68b2176;6c32f7ae;cb8c5e6b;6008702f;a118d540
4,5,330,success,None,22/Jul/2026:17:24:18.997245,22/Jul/2026:17:24:19.503001,0.5058,19,22/Jul/2026:17:24:18.523118;22/Jul/2026:17:24:18.733985;22/Jul/2026:17:24:17.234495;22/Jul/2026:17:24:15.248551;22/Jul/2026:17:24:15.714801;22/Jul/2026:17:24:18.593288;22/Jul/2026:17:24:18.524761;22/Jul/2026:17:24:18.734120;22/Jul/2026:17:24:17.921735;22/Jul/2026:17:24:18.591738;22/Jul/2026:17:24:18.997612;22/Jul/2026:17:24:17.233591;22/Jul/2026:17:24:18.593219;22/Jul/2026:17:24:19.357813;22/Jul/2026:17:24:15.935258;22/Jul/2026:17:24:15.248617;22/Jul/2026:17:24:19.360317;22/Jul/2026:17:24:18.458698;22/Jul/2026:17:24:17.920574,0.4819;0.2717;1.8907;3.9437;3.4775;0.6043;0.6729;0.4758;1.2922;0.7785;0.3748;2.1390;0.7868;0.0342;3.4684;4.1598;0.0743;0.9803;1.5226,bytes=1206923727-1207811697;bytes=1301914001-1302801254;bytes=941918263-942023508;bytes=589628499-589797897;bytes=634955073-635051501;bytes=1273123362-1274006926;bytes=1214484453-1215379021;bytes=1303727130-1304636732;bytes=1168809911-1168922393;bytes=1263864705-1264059242;bytes=1350429565-1351319049;bytes=935970485-936881947;bytes=1272219783-1273123361;bytes=1444456723-1444533543;bytes=712073303-712167191;bytes=589797898-589945730;bytes=1457161496-1457279875;bytes=1193008035-1193097805;bytes=1160410985-1160593756,68602b5e;640cc2e6;3f5665df;398f9b6a;f51ce9da;aa50c8e6;f576d75b;a4cc9ff3;d4412ae3;64caff52;781b8296;a68b2176;6c32f7ae;cb8c5e6b;6008702f;a118d540;652117e3;4519d23b;97fa042b
4,5,337,success,None,22/Jul/2026:17:24:19.182204,22/Jul/2026:17:24:19.568038,0.3858,20,22/Jul/2026:17:24:15.248551;22/Jul/2026:17:24:15.714801;22/Jul/2026:17:24:18.593288;22/Jul/2026:17:24:18.524761;22/Jul/2026:17:24:18.734120;22/Jul/2026:17:24:17.921735;22/Jul/2026:17:24:18.591738;22/Jul/2026:17:24:18.997612;22/Jul/2026:17:24:17.233591;22/Jul/2026:17:24:18.593219;22/Jul/2026:17:24:19.357813;22/Jul/2026:17:24:15.935258;22/Jul/2026:17:24:15.248617;22/Jul/2026:17:24:19.360317;22/Jul/2026:17:24:18.458698;22/Jul/2026:17:24:17.920574;22/Jul/2026:17:24:19.427159;22/Jul/2026:17:24:18.524301;22/Jul/2026:17:24:19.427648;22/Jul/2026:17:24:19.505375,3.9437;3.4775;0.6043;0.6729;0.4758;1.2922;0.7785;0.3748;2.1390;0.7868;0.0342;3.4684;4.1598;0.0743;0.9803;1.5226;0.0871;0.9959;0.1148;0.0590,bytes=589628499-589797897;bytes=634955073-635051501;bytes=1273123362-1274006926;bytes=1214484453-1215379021;bytes=1303727130-1304636732;bytes=1168809911-1168922393;bytes=1263864705-1264059242;bytes=1350429565-1351319049;bytes=935970485-936881947;bytes=1272219783-1273123361;bytes=1444456723-1444533543;bytes=712073303-712167191;bytes=589797898-589945730;bytes=1457161496-1457279875;bytes=1193008035-1193097805;bytes=1160410985-1160593756;bytes=1473723708-1473821257;bytes=1212064719-1212985327;bytes=1473929926-1474029343;bytes=1511149191-1511269428,398f9b6a;f51ce9da;aa50c8e6;f576d75b;a4cc9ff3;d4412ae3;64caff52;781b8296;a68b2176;6c32f7ae;cb8c5e6b;6008702f;a118d540;652117e3;4519d23b;97fa042b;b1eb2b83;edaf161b;d849beed;5d607e3c
4,5,351,success,None,22/Jul/2026:17:24:19.356642,22/Jul/2026:17:24:20.160152,0.8035,19,22/Jul/2026:17:24:18.591738;22/Jul/2026:17:24:18.997612;22/Jul/2026:17:24:17.233591;22/Jul/2026:17:24:18.593219;22/Jul/2026:17:24:19.357813;22/Jul/2026:17:24:15.935258;22/Jul/2026:17:24:15.248617;22/Jul/2026:17:24:19.360317;22/Jul/2026:17:24:18.458698;22/Jul/2026:17:24:17.920574;22/Jul/2026:17:24:19.427159;22/Jul/2026:17:24:18.524301;22/Jul/2026:17:24:19.427648;22/Jul/2026:17:24:19.505375;22/Jul/2026:17:24:19.507591;22/Jul/2026:17:24:18.459827;22/Jul/2026:17:24:19.427844;22/Jul/2026:17:24:19.506809;22/Jul/2026:17:24:19.426973,0.7785;0.3748;2.1390;0.7868;0.0342;3.4684;4.1598;0.0743;0.9803;1.5226;0.0871;0.9959;0.1148;0.0590;0.0713;1.1204;0.1542;0.0854;0.2781,bytes=1263864705-1264059242;bytes=1350429565-1351319049;bytes=935970485-936881947;bytes=1272219783-1273123361;bytes=1444456723-1444533543;bytes=712073303-712167191;bytes=589797898-589945730;bytes=1457161496-1457279875;bytes=1193008035-1193097805;bytes=1160410985-1160593756;bytes=1473723708-1473821257;bytes=1212064719-1212985327;bytes=1473929926-1474029343;bytes=1511149191-1511269428;bytes=1519582109-1519680891;bytes=1195189724-1196111158;bytes=1477913760-1478041719;bytes=1515620016-1515734283;bytes=1469916622-1470012928,64caff52;781b8296;a68b2176;6c32f7ae;cb8c5e6b;6008702f;a118d540;652117e3;4519d23b;97fa042b;b1eb2b83;edaf161b;d849beed;5d607e3c;465afb84;bab7d63e;5134784f;50b57670;655f889a
4,5,367,success,None,22/Jul/2026:17:24:19.503383,22/Jul/2026:17:24:20.201145,0.6978,14,22/Jul/2026:17:24:19.427159;22/Jul/2026:17:24:18.524301;22/Jul/2026:17:24:19.427648;22/Jul/2026:17:24:19.505375;22/Jul/2026:17:24:19.507591;22/Jul/2026:17:24:18.459827;22/Jul/2026:17:24:19.427844;22/Jul/2026:17:24:19.506809;22/Jul/2026:17:24:19.426973;22/Jul/2026:17:24:18.998765;22/Jul/2026:17:24:17.906931;22/Jul/2026:17:24:19.507758;22/Jul/2026:17:24:18.593495;22/Jul/2026:17:24:15.714611,0.0871;0.9959;0.1148;0.0590;0.0713;1.1204;0.1542;0.0854;0.2781;1.1708;2.2627;0.6685;1.5870;4.4821,bytes=1473723708-1473821257;bytes=1212064719-1212985327;bytes=1473929926-1474029343;bytes=1511149191-1511269428;bytes=1519582109-1519680891;bytes=1195189724-1196111158;bytes=1477913760-1478041719;bytes=1515620016-1515734283;bytes=1469916622-1470012928;bytes=1358480175-1358670388;bytes=1139885052-1139991854;bytes=1523393465-1523499285;bytes=1276029506-1276135291;bytes=632882357-633783179,b1eb2b83;edaf161b;d849beed;5d607e3c;465afb84;bab7d63e;5134784f;50b57670;655f889a;4d8a16ec;013416ec;346d7406;1117cb27;b1cd1544
4,5,374,success,None,22/Jul/2026:17:24:19.568346,22/Jul/2026:17:24:20.257308,0.6890,13,22/Jul/2026:17:24:19.507591;22/Jul/2026:17:24:18.459827;22/Jul/2026:17:24:19.427844;22/Jul/2026:17:24:19.506809;22/Jul/2026:17:24:19.426973;22/Jul/2026:17:24:18.998765;22/Jul/2026:17:24:17.906931;22/Jul/2026:17:24:19.507758;22/Jul/2026:17:24:18.593495;22/Jul/2026:17:24:15.714611;22/Jul/2026:17:24:19.359808;22/Jul/2026:17:24:19.358077;22/Jul/2026:17:24:20.204166,0.0713;1.1204;0.1542;0.0854;0.2781;1.1708;2.2627;0.6685;1.5870;4.4821;0.8517;0.8770;0.0513,bytes=1519582109-1519680891;bytes=1195189724-1196111158;bytes=1477913760-1478041719;bytes=1515620016-1515734283;bytes=1469916622-1470012928;bytes=1358480175-1358670388;bytes=1139885052-1139991854;bytes=1523393465-1523499285;bytes=1276029506-1276135291;bytes=632882357-633783179;bytes=1453024520-1453122933;bytes=1442635423-1443557219;bytes=1619285811-1619379555,465afb84;bab7d63e;5134784f;50b57670;655f889a;4d8a16ec;013416ec;346d7406;1117cb27;b1cd1544;e849d32b;29f4394d;4c90a218
4,5,358,success,None,22/Jul/2026:17:24:19.425678,22/Jul/2026:17:24:20.662454,1.2368,25,22/Jul/2026:17:24:19.360317;22/Jul/2026:17:24:18.458698;22/Jul/2026:17:24:17.920574;22/Jul/2026:17:24:19.427159;22/Jul/2026:17:24:18.524301;22/Jul/2026:17:24:19.427648;22/Jul/2026:17:24:19.505375;22/Jul/2026:17:24:19.507591;22/Jul/2026:17:24:18.459827;22/Jul/2026:17:24:19.427844;22/Jul/2026:17:24:19.506809;22/Jul/2026:17:24:19.426973;22/Jul/2026:17:24:18.998765;22/Jul/2026:17:24:17.906931;22/Jul/2026:17:24:19.507758;22/Jul/2026:17:24:18.593495;22/Jul/2026:17:24:15.714611;22/Jul/2026:17:24:19.359808;22/Jul/2026:17:24:19.358077;22/Jul/2026:17:24:20.204166;22/Jul/2026:17:24:20.163287;22/Jul/2026:17:24:20.204235;22/Jul/2026:17:24:19.571214;22/Jul/2026:17:24:19.357885;22/Jul/2026:17:24:20.203094,0.0743;0.9803;1.5226;0.0871;0.9959;0.1148;0.0590;0.0713;1.1204;0.1542;0.0854;0.2781;1.1708;2.2627;0.6685;1.5870;4.4821;0.8517;0.8770;0.0513;0.1055;0.0695;0.7216;0.9427;0.0983,bytes=1457161496-1457279875;bytes=1193008035-1193097805;bytes=1160410985-1160593756;bytes=1473723708-1473821257;bytes=1212064719-1212985327;bytes=1473929926-1474029343;bytes=1511149191-1511269428;bytes=1519582109-1519680891;bytes=1195189724-1196111158;bytes=1477913760-1478041719;bytes=1515620016-1515734283;bytes=1469916622-1470012928;bytes=1358480175-1358670388;bytes=1139885052-1139991854;bytes=1523393465-1523499285;bytes=1276029506-1276135291;bytes=632882357-633783179;bytes=1453024520-1453122933;bytes=1442635423-1443557219;bytes=1619285811-1619379555;bytes=1585619758-1585797663;bytes=1619379556-1619476434;bytes=1552398909-1552514844;bytes=1444533544-1444612863;bytes=1614931818-1615044244,652117e3;4519d23b;97fa042b;b1eb2b83;edaf161b;d849beed;5d607e3c;465afb84;bab7d63e;5134784f;50b57670;655f889a;4d8a16ec;013416ec;346d7406;1117cb27;b1cd1544;e849d32b;29f4394d;4c90a218;95eae083;7c48bb37;70bc5d26;3341d74b;d2618bf5
4,5,382,success,None,22/Jul/2026:17:24:20.160478,22/Jul/2026:17:24:20.846357,0.6859,20,22/Jul/2026:17:24:18.998765;22/Jul/2026:17:24:17.906931;22/Jul/2026:17:24:19.507758;22/Jul/2026:17:24:18.593495;22/Jul/2026:17:24:15.714611;22/Jul/2026:17:24:19.359808;22/Jul/2026:17:24:19.358077;22/Jul/2026:17:24:20.204166;22/Jul/2026:17:24:20.163287;22/Jul/2026:17:24:20.204235;22/Jul/2026:17:24:19.571214;22/Jul/2026:17:24:19.357885;22/Jul/2026:17:24:20.203094;22/Jul/2026:17:24:15.703703;22/Jul/2026:17:24:20.202911;22/Jul/2026:17:24:17.920631;22/Jul/2026:17:24:19.506556;22/Jul/2026:17:24:19.505189;22/Jul/2026:17:24:19.570563;22/Jul/2026:17:24:20.258707,1.1708;2.2627;0.6685;1.5870;4.4821;0.8517;0.8770;0.0513;0.1055;0.0695;0.7216;0.9427;0.0983;4.9681;0.4718;2.7542;1.1720;1.1776;1.1272;0.4686,bytes=1358480175-1358670388;bytes=1139885052-1139991854;bytes=1523393465-1523499285;bytes=1276029506-1276135291;bytes=632882357-633783179;bytes=1453024520-1453122933;bytes=1442635423-1443557219;bytes=1619285811-1619379555;bytes=1585619758-1585797663;bytes=1619379556-1619476434;bytes=1552398909-1552514844;bytes=1444533544-1444612863;bytes=1614931818-1615044244;bytes=596844832-597727897;bytes=1610947478-1611122854;bytes=1160593757-1160804421;bytes=1513418448-1514342520;bytes=1507228124-1507445639;bytes=1544084198-1544301779;bytes=1644277103-1645163149,4d8a16ec;013416ec;346d7406;1117cb27;b1cd1544;e849d32b;29f4394d;4c90a218;95eae083;7c48bb37;70bc5d26;3341d74b;d2618bf5;7d05df00;c1067975;91ebbaab;efa1cfa1;afa46ab4;9714db33;2b32b5d4
4,5,401,success,None,22/Jul/2026:17:24:20.257641,22/Jul/2026:17:24:20.932266,0.6746,16,22/Jul/2026:17:24:20.163287;22/Jul/2026:17:24:20.204235;22/Jul/2026:17:24:19.571214;22/Jul/2026:17:24:19.357885;22/Jul/2026:17:24:20.203094;22/Jul/2026:17:24:15.703703;22/Jul/2026:17:24:20.202911;22/Jul/2026:17:24:17.920631;22/Jul/2026:17:24:19.506556;22/Jul/2026:17:24:19.505189;22/Jul/2026:17:24:19.570563;22/Jul/2026:17:24:20.258707;22/Jul/2026:17:24:19.357368;22/Jul/2026:17:24:19.426714;22/Jul/2026:17:24:19.426826;22/Jul/2026:17:24:20.161708,0.1055;0.0695;0.7216;0.9427;0.0983;4.9681;0.4718;2.7542;1.1720;1.1776;1.1272;0.4686;1.4994;1.4325;1.4341;0.7320,bytes=1585619758-1585797663;bytes=1619379556-1619476434;bytes=1552398909-1552514844;bytes=1444533544-1444612863;bytes=1614931818-1615044244;bytes=596844832-597727897;bytes=1610947478-1611122854;bytes=1160593757-1160804421;bytes=1513418448-1514342520;bytes=1507228124-1507445639;bytes=1544084198-1544301779;bytes=1644277103-1645163149;bytes=1438657333-1439564340;bytes=1466989933-1467875790;bytes=1467875791-1468789003;bytes=1571410929-1572319046,95eae083;7c48bb37;70bc5d26;3341d74b;d2618bf5;7d05df00;c1067975;91ebbaab;efa1cfa1;afa46ab4;9714db33;2b32b5d4;bc4a2748;d3700a43;dc298a3c;326646a9
4,5,412,success,None,22/Jul/2026:17:24:20.662756,22/Jul/2026:17:24:20.962128,0.2994,21,22/Jul/2026:17:24:15.703703;22/Jul/2026:17:24:20.202911;22/Jul/2026:17:24:17.920631;22/Jul/2026:17:24:19.506556;22/Jul/2026:17:24:19.505189;22/Jul/2026:17:24:19.570563;22/Jul/2026:17:24:20.258707;22/Jul/2026:17:24:19.357368;22/Jul/2026:17:24:19.426714;22/Jul/2026:17:24:19.426826;22/Jul/2026:17:24:20.161708;22/Jul/2026:17:24:19.183607;22/Jul/2026:17:24:20.936732;22/Jul/2026:17:24:19.429184;22/Jul/2026:17:24:20.848227;22/Jul/2026:17:24:19.427071;22/Jul/2026:17:24:20.664907;22/Jul/2026:17:24:20.852272;22/Jul/2026:17:24:19.426566;22/Jul/2026:17:24:19.183887;22/Jul/2026:17:24:20.664833,4.9681;0.4718;2.7542;1.1720;1.1776;1.1272;0.4686;1.4994;1.4325;1.4341;0.7320;1.7571;0.0044;1.5149;0.0965;1.5210;0.2844;0.0978;1.5279;1.7729;0.2942,bytes=596844832-597727897;bytes=1610947478-1611122854;bytes=1160593757-1160804421;bytes=1513418448-1514342520;bytes=1507228124-1507445639;bytes=1544084198-1544301779;bytes=1644277103-1645163149;bytes=1438657333-1439564340;bytes=1466989933-1467875790;bytes=1467875791-1468789003;bytes=1571410929-1572319046;bytes=1387043818-1387152924;bytes=1784332159-1784412679;bytes=1486029279-1486160245;bytes=1738932822-1739038698;bytes=1470012929-1470112442;bytes=1702315920-1703176128;bytes=1751731038-1751952447;bytes=1466082931-1466989932;bytes=1387264009-1388165986;bytes=1706029104-1706142512,7d05df00;c1067975;91ebbaab;efa1cfa1;afa46ab4;9714db33;2b32b5d4;bc4a2748;d3700a43;dc298a3c;326646a9;030f78f2;760c673f;8c426641;776c7bed;7eead66a;85c9e54c;bd9814ca;9e460ddb;34668836;bec77af9
4,5,392,success,None,22/Jul/2026:17:24:20.201561,22/Jul/2026:17:24:20.995227,0.7937,31,22/Jul/2026:17:24:19.359808;22/Jul/2026:17:24:19.358077;22/Jul/2026:17:24:20.204166;22/Jul/2026:17:24:20.163287;22/Jul/2026:17:24:20.204235;22/Jul/2026:17:24:19.571214;22/Jul/2026:17:24:19.357885;22/Jul/2026:17:24:20.203094;22/Jul/2026:17:24:15.703703;22/Jul/2026:17:24:20.202911;22/Jul/2026:17:24:17.920631;22/Jul/2026:17:24:19.506556;22/Jul/2026:17:24:19.505189;22/Jul/2026:17:24:19.570563;22/Jul/2026:17:24:20.258707;22/Jul/2026:17:24:19.357368;22/Jul/2026:17:24:19.426714;22/Jul/2026:17:24:19.426826;22/Jul/2026:17:24:20.161708;22/Jul/2026:17:24:19.183607;22/Jul/2026:17:24:20.936732;22/Jul/2026:17:24:19.429184;22/Jul/2026:17:24:20.848227;22/Jul/2026:17:24:19.427071;22/Jul/2026:17:24:20.664907;22/Jul/2026:17:24:20.852272;22/Jul/2026:17:24:19.426566;22/Jul/2026:17:24:19.183887;22/Jul/2026:17:24:20.664833;22/Jul/2026:17:24:18.999198;22/Jul/2026:17:24:20.259182,0.8517;0.8770;0.0513;0.1055;0.0695;0.7216;0.9427;0.0983;4.9681;0.4718;2.7542;1.1720;1.1776;1.1272;0.4686;1.4994;1.4325;1.4341;0.7320;1.7571;0.0044;1.5149;0.0965;1.5210;0.2844;0.0978;1.5279;1.7729;0.2942;1.9769;0.7305,bytes=1453024520-1453122933;bytes=1442635423-1443557219;bytes=1619285811-1619379555;bytes=1585619758-1585797663;bytes=1619379556-1619476434;bytes=1552398909-1552514844;bytes=1444533544-1444612863;bytes=1614931818-1615044244;bytes=596844832-597727897;bytes=1610947478-1611122854;bytes=1160593757-1160804421;bytes=1513418448-1514342520;bytes=1507228124-1507445639;bytes=1544084198-1544301779;bytes=1644277103-1645163149;bytes=1438657333-1439564340;bytes=1466989933-1467875790;bytes=1467875791-1468789003;bytes=1571410929-1572319046;bytes=1387043818-1387152924;bytes=1784332159-1784412679;bytes=1486029279-1486160245;bytes=1738932822-1739038698;bytes=1470012929-1470112442;bytes=1702315920-1703176128;bytes=1751731038-1751952447;bytes=1466082931-1466989932;bytes=1387264009-1388165986;bytes=1706029104-1706142512;bytes=1359786197-1360662810;bytes=1648320001-1648547224,e849d32b;29f4394d;4c90a218;95eae083;7c48bb37;70bc5d26;3341d74b;d2618bf5;7d05df00;c1067975;91ebbaab;efa1cfa1;afa46ab4;9714db33;2b32b5d4;bc4a2748;d3700a43;dc298a3c;326646a9;030f78f2;760c673f;8c426641;776c7bed;7eead66a;85c9e54c;bd9814ca;9e460ddb;34668836;bec77af9;365b8537;fee292b2
4,5,423,success,None,22/Jul/2026:17:24:20.846761,22/Jul/2026:17:24:21.551068,0.7043,20,22/Jul/2026:17:24:19.357368;22/Jul/2026:17:24:19.426714;22/Jul/2026:17:24:19.426826;22/Jul/2026:17:24:20.161708;22/Jul/2026:17:24:19.183607;22/Jul/2026:17:24:20.936732;22/Jul/2026:17:24:19.429184;22/Jul/2026:17:24:20.848227;22/Jul/2026:17:24:19.427071;22/Jul/2026:17:24:20.664907;22/Jul/2026:17:24:20.852272;22/Jul/2026:17:24:19.426566;22/Jul/2026:17:24:19.183887;22/Jul/2026:17:24:20.664833;22/Jul/2026:17:24:18.999198;22/Jul/2026:17:24:20.259182;22/Jul/2026:17:24:20.849447;22/Jul/2026:17:24:20.849255;22/Jul/2026:17:24:20.204295;22/Jul/2026:17:24:20.964481,1.4994;1.4325;1.4341;0.7320;1.7571;0.0044;1.5149;0.0965;1.5210;0.2844;0.0978;1.5279;1.7729;0.2942;1.9769;0.7305;0.1533;0.1833;0.8318;0.0771,bytes=1438657333-1439564340;bytes=1466989933-1467875790;bytes=1467875791-1468789003;bytes=1571410929-1572319046;bytes=1387043818-1387152924;bytes=1784332159-1784412679;bytes=1486029279-1486160245;bytes=1738932822-1739038698;bytes=1470012929-1470112442;bytes=1702315920-1703176128;bytes=1751731038-1751952447;bytes=1466082931-1466989932;bytes=1387264009-1388165986;bytes=1706029104-1706142512;bytes=1359786197-1360662810;bytes=1648320001-1648547224;bytes=1743396678-1744292053;bytes=1747024857-1747123985;bytes=1623075604-1623171853;bytes=1838193054-1838301333,bc4a2748;d3700a43;dc298a3c;326646a9;030f78f2;760c673f;8c426641;776c7bed;7eead66a;85c9e54c;bd9814ca;9e460ddb;34668836;bec77af9;365b8537;fee292b2;9c71df18;8cfb0ef5;6498b7aa;386d4f2d
4,5,452,success,None,22/Jul/2026:17:24:20.995548,22/Jul/2026:17:24:21.722977,0.7274,5,22/Jul/2026:17:24:20.849447;22/Jul/2026:17:24:20.849255;22/Jul/2026:17:24:20.204295;22/Jul/2026:17:24:20.964481;22/Jul/2026:17:24:20.963577,0.1533;0.1833;0.8318;0.0771;0.7112,bytes=1743396678-1744292053;bytes=1747024857-1747123985;bytes=1623075604-1623171853;bytes=1838193054-1838301333;bytes=1831223989-1832105533,9c71df18;8cfb0ef5;6498b7aa;386d4f2d;11f3f6ed
4,5,446,success,None,22/Jul/2026:17:24:20.962492,22/Jul/2026:17:24:21.837809,0.8753,7,22/Jul/2026:17:24:18.999198;22/Jul/2026:17:24:20.259182;22/Jul/2026:17:24:20.849447;22/Jul/2026:17:24:20.849255;22/Jul/2026:17:24:20.204295;22/Jul/2026:17:24:20.964481;22/Jul/2026:17:24:20.963577,1.9769;0.7305;0.1533;0.1833;0.8318;0.0771;0.7112,bytes=1359786197-1360662810;bytes=1648320001-1648547224;bytes=1743396678-1744292053;bytes=1747024857-1747123985;bytes=1623075604-1623171853;bytes=1838193054-1838301333;bytes=1831223989-1832105533,365b8537;fee292b2;9c71df18;8cfb0ef5;6498b7aa;386d4f2d;11f3f6ed
4,5,431,success,None,22/Jul/2026:17:24:20.932620,22/Jul/2026:17:24:21.908439,0.9758,17,22/Jul/2026:17:24:19.183607;22/Jul/2026:17:24:20.936732;22/Jul/2026:17:24:19.429184;22/Jul/2026:17:24:20.848227;22/Jul/2026:17:24:19.427071;22/Jul/2026:17:24:20.664907;22/Jul/2026:17:24:20.852272;22/Jul/2026:17:24:19.426566;22/Jul/2026:17:24:19.183887;22/Jul/2026:17:24:20.664833;22/Jul/2026:17:24:18.999198;22/Jul/2026:17:24:20.259182;22/Jul/2026:17:24:20.849447;22/Jul/2026:17:24:20.849255;22/Jul/2026:17:24:20.204295;22/Jul/2026:17:24:20.964481;22/Jul/2026:17:24:20.963577,1.7571;0.0044;1.5149;0.0965;1.5210;0.2844;0.0978;1.5279;1.7729;0.2942;1.9769;0.7305;0.1533;0.1833;0.8318;0.0771;0.7112,bytes=1387043818-1387152924;bytes=1784332159-1784412679;bytes=1486029279-1486160245;bytes=1738932822-1739038698;bytes=1470012929-1470112442;bytes=1702315920-1703176128;bytes=1751731038-1751952447;bytes=1466082931-1466989932;bytes=1387264009-1388165986;bytes=1706029104-1706142512;bytes=1359786197-1360662810;bytes=1648320001-1648547224;bytes=1743396678-1744292053;bytes=1747024857-1747123985;bytes=1623075604-1623171853;bytes=1838193054-1838301333;bytes=1831223989-1832105533,030f78f2;760c673f;8c426641;776c7bed;7eead66a;85c9e54c;bd9814ca;9e460ddb;34668836;bec77af9;365b8537;fee292b2;9c71df18;8cfb0ef5;6498b7aa;386d4f2d;11f3f6ed
4,5,461,success,None,22/Jul/2026:17:24:21.551388,22/Jul/2026:17:24:21.951464,0.4001,1,22/Jul/2026:17:24:20.963577,0.7112,bytes=1831223989-1832105533,11f3f6ed
5,5,5,success,None,22/Jul/2026:17:24:21.959268,22/Jul/2026:17:24:22.823333,0.8641,24,22/Jul/2026:17:24:11.185089;22/Jul/2026:17:24:10.328235;22/Jul/2026:17:24:19.183520;22/Jul/2026:17:24:11.513258;22/Jul/2026:17:24:11.049210;22/Jul/2026:17:24:10.405537;22/Jul/2026:17:24:21.963323;22/Jul/2026:17:24:11.512057;22/Jul/2026:17:24:21.963734;22/Jul/2026:17:24:18.997749;22/Jul/2026:17:24:21.961790;22/Jul/2026:17:24:21.960929;22/Jul/2026:17:24:11.022142;22/Jul/2026:17:24:21.962760;22/Jul/2026:17:24:13.717114;22/Jul/2026:17:24:21.964342;22/Jul/2026:17:24:20.162539;22/Jul/2026:17:24:08.821278;22/Jul/2026:17:24:21.963273;22/Jul/2026:17:24:21.963385;22/Jul/2026:17:24:21.961388;22/Jul/2026:17:24:20.260397;22/Jul/2026:17:24:19.570652;22/Jul/2026:17:24:19.570976,10.7840;11.6423;2.8018;10.4942;10.9884;11.6358;0.0804;10.5344;0.0880;3.0688;0.1192;0.1248;11.0673;0.1321;8.3797;0.1383;1.9417;13.2870;0.1534;0.1754;0.1897;1.8944;2.5951;2.6121,bytes=1776501528-1776608098;bytes=1612234289-1613112051;bytes=1385825844-1386724867;bytes=1850459018-1850569099;bytes=1738932822-1739038698;bytes=1648547225-1649417093;bytes=67958953-68033485;bytes=1837010929-1837904929;bytes=68266931-68439900;bytes=1351319050-1352202287;bytes=32417064-32607768;bytes=27856488-27948609;bytes=1697581521-1697811410;bytes=60249183-60347628;bytes=220406321-221333953;bytes=76243160-76333742;bytes=1577714638-1577820331;bytes=1370873809-1370986062;bytes=64256437-64350430;bytes=68033486-68105496;bytes=32038768-32136927;bytes=1657028491-1657891298;bytes=1544301780-1544504953;bytes=1546297568-1547233841,76894367;fad4224e;5e877a7c;56b907f0;5d6501e6;cac58eeb;ce71feef;6975998a;8018f33e;e957cf71;36ec03b9;af4423db;6b495488;ef73ba53;3fafca41;875ec6d4;ef10749c;94bbee67;1a27254d;929e4819;dbe30161;57f291ea;6f445de5;5206b36f
5,5,21,success,None,22/Jul/2026:17:24:21.959594,22/Jul/2026:17:24:22.824382,0.8648,24,22/Jul/2026:17:24:11.185089;22/Jul/2026:17:24:10.328235;22/Jul/2026:17:24:19.183520;22/Jul/2026:17:24:11.513258;22/Jul/2026:17:24:11.049210;22/Jul/2026:17:24:10.405537;22/Jul/2026:17:24:21.963323;22/Jul/2026:17:24:11.512057;22/Jul/2026:17:24:21.963734;22/Jul/2026:17:24:18.997749;22/Jul/2026:17:24:21.961790;22/Jul/2026:17:24:21.960929;22/Jul/2026:17:24:11.022142;22/Jul/2026:17:24:21.962760;22/Jul/2026:17:24:13.717114;22/Jul/2026:17:24:21.964342;22/Jul/2026:17:24:20.162539;22/Jul/2026:17:24:08.821278;22/Jul/2026:17:24:21.963273;22/Jul/2026:17:24:21.963385;22/Jul/2026:17:24:21.961388;22/Jul/2026:17:24:20.260397;22/Jul/2026:17:24:19.570652;22/Jul/2026:17:24:19.570976,10.7840;11.6423;2.8018;10.4942;10.9884;11.6358;0.0804;10.5344;0.0880;3.0688;0.1192;0.1248;11.0673;0.1321;8.3797;0.1383;1.9417;13.2870;0.1534;0.1754;0.1897;1.8944;2.5951;2.6121,bytes=1776501528-1776608098;bytes=1612234289-1613112051;bytes=1385825844-1386724867;bytes=1850459018-1850569099;bytes=1738932822-1739038698;bytes=1648547225-1649417093;bytes=67958953-68033485;bytes=1837010929-1837904929;bytes=68266931-68439900;bytes=1351319050-1352202287;bytes=32417064-32607768;bytes=27856488-27948609;bytes=1697581521-1697811410;bytes=60249183-60347628;bytes=220406321-221333953;bytes=76243160-76333742;bytes=1577714638-1577820331;bytes=1370873809-1370986062;bytes=64256437-64350430;bytes=68033486-68105496;bytes=32038768-32136927;bytes=1657028491-1657891298;bytes=1544301780-1544504953;bytes=1546297568-1547233841,76894367;fad4224e;5e877a7c;56b907f0;5d6501e6;cac58eeb;ce71feef;6975998a;8018f33e;e957cf71;36ec03b9;af4423db;6b495488;ef73ba53;3fafca41;875ec6d4;ef10749c;94bbee67;1a27254d;929e4819;dbe30161;57f291ea;6f445de5;5206b36f
5,5,43,success,None,22/Jul/2026:17:24:21.959866,22/Jul/2026:17:24:22.838382,0.8785,33,22/Jul/2026:17:24:11.185089;22/Jul/2026:17:24:10.328235;22/Jul/2026:17:24:19.183520;22/Jul/2026:17:24:11.513258;22/Jul/2026:17:24:11.049210;22/Jul/2026:17:24:10.405537;22/Jul/2026:17:24:21.963323;22/Jul/2026:17:24:11.512057;22/Jul/2026:17:24:21.963734;22/Jul/2026:17:24:18.997749;22/Jul/2026:17:24:21.961790;22/Jul/2026:17:24:21.960929;22/Jul/2026:17:24:11.022142;22/Jul/2026:17:24:21.962760;22/Jul/2026:17:24:13.717114;22/Jul/2026:17:24:21.964342;22/Jul/2026:17:24:20.162539;22/Jul/2026:17:24:08.821278;22/Jul/2026:17:24:21.963273;22/Jul/2026:17:24:21.963385;22/Jul/2026:17:24:21.961388;22/Jul/2026:17:24:20.260397;22/Jul/2026:17:24:19.570652;22/Jul/2026:17:24:19.570976;22/Jul/2026:17:24:21.964673;22/Jul/2026:17:24:20.160862;22/Jul/2026:17:24:21.962641;22/Jul/2026:17:24:21.960578;22/Jul/2026:17:24:20.163223;22/Jul/2026:17:24:21.962533;22/Jul/2026:17:24:20.964296;22/Jul/2026:17:24:22.833546;22/Jul/2026:17:24:21.960751,10.7840;11.6423;2.8018;10.4942;10.9884;11.6358;0.0804;10.5344;0.0880;3.0688;0.1192;0.1248;11.0673;0.1321;8.3797;0.1383;1.9417;13.2870;0.1534;0.1754;0.1897;1.8944;2.5951;2.6121;0.8706;2.6744;0.8726;0.8747;2.6727;0.8735;1.8727;0.0040;0.8768,bytes=1776501528-1776608098;bytes=1612234289-1613112051;bytes=1385825844-1386724867;bytes=1850459018-1850569099;bytes=1738932822-1739038698;bytes=1648547225-1649417093;bytes=67958953-68033485;bytes=1837010929-1837904929;bytes=68266931-68439900;bytes=1351319050-1352202287;bytes=32417064-32607768;bytes=27856488-27948609;bytes=1697581521-1697811410;bytes=60249183-60347628;bytes=220406321-221333953;bytes=76243160-76333742;bytes=1577714638-1577820331;bytes=1370873809-1370986062;bytes=64256437-64350430;bytes=68033486-68105496;bytes=32038768-32136927;bytes=1657028491-1657891298;bytes=1544301780-1544504953;bytes=1546297568-1547233841;bytes=88943721-89074012;bytes=1565566275-1566469009;bytes=58353066-59231727;bytes=20940273-21836258;bytes=1581917341-1582029485;bytes=56567130-57460713;bytes=1836096548-1837010928;bytes=258854695-258943323;bytes=22760622-23662340,76894367;fad4224e;5e877a7c;56b907f0;5d6501e6;cac58eeb;ce71feef;6975998a;8018f33e;e957cf71;36ec03b9;af4423db;6b495488;ef73ba53;3fafca41;875ec6d4;ef10749c;94bbee67;1a27254d;929e4819;dbe30161;57f291ea;6f445de5;5206b36f;c12badf1;91f4d973;d1a5760e;24ba612a;415f8246;96e610aa;f1a0aa30;86dd8cb5;1a529d85
5,5,31,success,None,22/Jul/2026:17:24:21.959751,22/Jul/2026:17:24:22.873056,0.9133,38,22/Jul/2026:17:24:11.185089;22/Jul/2026:17:24:10.328235;22/Jul/2026:17:24:19.183520;22/Jul/2026:17:24:11.513258;22/Jul/2026:17:24:11.049210;22/Jul/2026:17:24:10.405537;22/Jul/2026:17:24:21.963323;22/Jul/2026:17:24:11.512057;22/Jul/2026:17:24:21.963734;22/Jul/2026:17:24:18.997749;22/Jul/2026:17:24:21.961790;22/Jul/2026:17:24:21.960929;22/Jul/2026:17:24:11.022142;22/Jul/2026:17:24:21.962760;22/Jul/2026:17:24:13.717114;22/Jul/2026:17:24:21.964342;22/Jul/2026:17:24:20.162539;22/Jul/2026:17:24:08.821278;22/Jul/2026:17:24:21.963273;22/Jul/2026:17:24:21.963385;22/Jul/2026:17:24:21.961388;22/Jul/2026:17:24:20.260397;22/Jul/2026:17:24:19.570652;22/Jul/2026:17:24:19.570976;22/Jul/2026:17:24:21.964673;22/Jul/2026:17:24:20.160862;22/Jul/2026:17:24:21.962641;22/Jul/2026:17:24:21.960578;22/Jul/2026:17:24:20.163223;22/Jul/2026:17:24:21.962533;22/Jul/2026:17:24:20.964296;22/Jul/2026:17:24:22.833546;22/Jul/2026:17:24:21.960751;22/Jul/2026:17:24:20.259980;22/Jul/2026:17:24:20.965636;22/Jul/2026:17:24:20.965922;22/Jul/2026:17:24:21.961158;22/Jul/2026:17:23:59.502224,10.7840;11.6423;2.8018;10.4942;10.9884;11.6358;0.0804;10.5344;0.0880;3.0688;0.1192;0.1248;11.0673;0.1321;8.3797;0.1383;1.9417;13.2870;0.1534;0.1754;0.1897;1.8944;2.5951;2.6121;0.8706;2.6744;0.8726;0.8747;2.6727;0.8735;1.8727;0.0040;0.8768;2.5836;1.8779;1.8824;0.8902;23.3499,bytes=1776501528-1776608098;bytes=1612234289-1613112051;bytes=1385825844-1386724867;bytes=1850459018-1850569099;bytes=1738932822-1739038698;bytes=1648547225-1649417093;bytes=67958953-68033485;bytes=1837010929-1837904929;bytes=68266931-68439900;bytes=1351319050-1352202287;bytes=32417064-32607768;bytes=27856488-27948609;bytes=1697581521-1697811410;bytes=60249183-60347628;bytes=220406321-221333953;bytes=76243160-76333742;bytes=1577714638-1577820331;bytes=1370873809-1370986062;bytes=64256437-64350430;bytes=68033486-68105496;bytes=32038768-32136927;bytes=1657028491-1657891298;bytes=1544301780-1544504953;bytes=1546297568-1547233841;bytes=88943721-89074012;bytes=1565566275-1566469009;bytes=58353066-59231727;bytes=20940273-21836258;bytes=1581917341-1582029485;bytes=56567130-57460713;bytes=1836096548-1837010928;bytes=258854695-258943323;bytes=22760622-23662340;bytes=1653669493-1654546892;bytes=1844319043-1845259423;bytes=1850459018-1850569099;bytes=26021338-26949704;bytes=1843421484-1844319042,76894367;fad4224e;5e877a7c;56b907f0;5d6501e6;cac58eeb;ce71feef;6975998a;8018f33e;e957cf71;36ec03b9;af4423db;6b495488;ef73ba53;3fafca41;875ec6d4;ef10749c;94bbee67;1a27254d;929e4819;dbe30161;57f291ea;6f445de5;5206b36f;c12badf1;91f4d973;d1a5760e;24ba612a;415f8246;96e610aa;f1a0aa30;86dd8cb5;1a529d85;0109d045;bfe199be;f411e954;e7610f1e;0a88f089
5,5,14,success,None,22/Jul/2026:17:24:21.959454,22/Jul/2026:17:24:23.063618,1.1042,50,22/Jul/2026:17:24:11.185089;22/Jul/2026:17:24:10.328235;22/Jul/2026:17:24:19.183520;22/Jul/2026:17:24:11.513258;22/Jul/2026:17:24:11.049210;22/Jul/2026:17:24:10.405537;22/Jul/2026:17:24:21.963323;22/Jul/2026:17:24:11.512057;22/Jul/2026:17:24:21.963734;22/Jul/2026:17:24:18.997749;22/Jul/2026:17:24:21.961790;22/Jul/2026:17:24:21.960929;22/Jul/2026:17:24:11.022142;22/Jul/2026:17:24:21.962760;22/Jul/2026:17:24:13.717114;22/Jul/2026:17:24:21.964342;22/Jul/2026:17:24:20.162539;22/Jul/2026:17:24:08.821278;22/Jul/2026:17:24:21.963273;22/Jul/2026:17:24:21.963385;22/Jul/2026:17:24:21.961388;22/Jul/2026:17:24:20.260397;22/Jul/2026:17:24:19.570652;22/Jul/2026:17:24:19.570976;22/Jul/2026:17:24:21.964673;22/Jul/2026:17:24:20.160862;22/Jul/2026:17:24:21.962641;22/Jul/2026:17:24:21.960578;22/Jul/2026:17:24:20.163223;22/Jul/2026:17:24:21.962533;22/Jul/2026:17:24:20.964296;22/Jul/2026:17:24:22.833546;22/Jul/2026:17:24:21.960751;22/Jul/2026:17:24:20.259980;22/Jul/2026:17:24:20.965636;22/Jul/2026:17:24:20.965922;22/Jul/2026:17:24:21.961158;22/Jul/2026:17:23:59.502224;22/Jul/2026:17:24:21.967329;22/Jul/2026:17:24:21.964782;22/Jul/2026:17:24:21.963611;22/Jul/2026:17:24:22.830297;22/Jul/2026:17:24:19.507412;22/Jul/2026:17:24:15.704198;22/Jul/2026:17:24:21.962817;22/Jul/2026:17:23:56.284420;22/Jul/2026:17:24:11.185484;22/Jul/2026:17:24:22.841111;22/Jul/2026:17:24:21.966950;22/Jul/2026:17:24:11.534884,10.7840;11.6423;2.8018;10.4942;10.9884;11.6358;0.0804;10.5344;0.0880;3.0688;0.1192;0.1248;11.0673;0.1321;8.3797;0.1383;1.9417;13.2870;0.1534;0.1754;0.1897;1.8944;2.5951;2.6121;0.8706;2.6744;0.8726;0.8747;2.6727;0.8735;1.8727;0.0040;0.8768;2.5836;1.8779;1.8824;0.8902;23.3499;0.9094;0.9183;0.9352;0.0751;3.4038;7.2191;0.9616;26.6409;11.7416;0.0910;0.9960;11.4551,bytes=1776501528-1776608098;bytes=1612234289-1613112051;bytes=1385825844-1386724867;bytes=1850459018-1850569099;bytes=1738932822-1739038698;bytes=1648547225-1649417093;bytes=67958953-68033485;bytes=1837010929-1837904929;bytes=68266931-68439900;bytes=1351319050-1352202287;bytes=32417064-32607768;bytes=27856488-27948609;bytes=1697581521-1697811410;bytes=60249183-60347628;bytes=220406321-221333953;bytes=76243160-76333742;bytes=1577714638-1577820331;bytes=1370873809-1370986062;bytes=64256437-64350430;bytes=68033486-68105496;bytes=32038768-32136927;bytes=1657028491-1657891298;bytes=1544301780-1544504953;bytes=1546297568-1547233841;bytes=88943721-89074012;bytes=1565566275-1566469009;bytes=58353066-59231727;bytes=20940273-21836258;bytes=1581917341-1582029485;bytes=56567130-57460713;bytes=1836096548-1837010928;bytes=258854695-258943323;bytes=22760622-23662340;bytes=1653669493-1654546892;bytes=1844319043-1845259423;bytes=1850459018-1850569099;bytes=26021338-26949704;bytes=1843421484-1844319042;bytes=137856974-137941086;bytes=92805846-92892538;bytes=67066545-67958952;bytes=250632731-250784207;bytes=1517533739-1518445188;bytes=598113515-599002197;bytes=60347629-60436223;bytes=1515734284-1516642042;bytes=1779255828-1780142687;bytes=287918239-288007124;bytes=137561855-137658424;bytes=1858011978-1858924779,76894367;fad4224e;5e877a7c;56b907f0;5d6501e6;cac58eeb;ce71feef;6975998a;8018f33e;e957cf71;36ec03b9;af4423db;6b495488;ef73ba53;3fafca41;875ec6d4;ef10749c;94bbee67;1a27254d;929e4819;dbe30161;57f291ea;6f445de5;5206b36f;c12badf1;91f4d973;d1a5760e;24ba612a;415f8246;96e610aa;f1a0aa30;86dd8cb5;1a529d85;0109d045;bfe199be;f411e954;e7610f1e;0a88f089;bb83099d;8d3c698d;3f73a24d;39466395;5664ee4a;e183debf;3753b986;2f146724;e0f81df7;b303851a;b09e6893;68a8912f
5,5,59,success,None,22/Jul/2026:17:24:22.824705,22/Jul/2026:17:24:23.675154,0.8504,27,22/Jul/2026:17:24:21.964673;22/Jul/2026:17:24:20.160862;22/Jul/2026:17:24:21.962641;22/Jul/2026:17:24:21.960578;22/Jul/2026:17:24:20.163223;22/Jul/2026:17:24:21.962533;22/Jul/2026:17:24:20.964296;22/Jul/2026:17:24:22.833546;22/Jul/2026:17:24:21.960751;22/Jul/2026:17:24:20.259980;22/Jul/2026:17:24:20.965636;22/Jul/2026:17:24:20.965922;22/Jul/2026:17:24:21.961158;22/Jul/2026:17:23:59.502224;22/Jul/2026:17:24:21.967329;22/Jul/2026:17:24:21.964782;22/Jul/2026:17:24:21.963611;22/Jul/2026:17:24:22.830297;22/Jul/2026:17:24:19.507412;22/Jul/2026:17:24:15.704198;22/Jul/2026:17:24:21.962817;22/Jul/2026:17:23:56.284420;22/Jul/2026:17:24:11.185484;22/Jul/2026:17:24:22.841111;22/Jul/2026:17:24:21.966950;22/Jul/2026:17:24:11.534884;22/Jul/2026:17:24:22.831198,0.8706;2.6744;0.8726;0.8747;2.6727;0.8735;1.8727;0.0040;0.8768;2.5836;1.8779;1.8824;0.8902;23.3499;0.9094;0.9183;0.9352;0.0751;3.4038;7.2191;0.9616;26.6409;11.7416;0.0910;0.9960;11.4551;0.2606,bytes=88943721-89074012;bytes=1565566275-1566469009;bytes=58353066-59231727;bytes=20940273-21836258;bytes=1581917341-1582029485;bytes=56567130-57460713;bytes=1836096548-1837010928;bytes=258854695-258943323;bytes=22760622-23662340;bytes=1653669493-1654546892;bytes=1844319043-1845259423;bytes=1850459018-1850569099;bytes=26021338-26949704;bytes=1843421484-1844319042;bytes=137856974-137941086;bytes=92805846-92892538;bytes=67066545-67958952;bytes=250632731-250784207;bytes=1517533739-1518445188;bytes=598113515-599002197;bytes=60347629-60436223;bytes=1515734284-1516642042;bytes=1779255828-1780142687;bytes=287918239-288007124;bytes=137561855-137658424;bytes=1858011978-1858924779;bytes=247957533-248837276,c12badf1;91f4d973;d1a5760e;24ba612a;415f8246;96e610aa;f1a0aa30;86dd8cb5;1a529d85;0109d045;bfe199be;f411e954;e7610f1e;0a88f089;bb83099d;8d3c698d;3f73a24d;39466395;5664ee4a;e183debf;3753b986;2f146724;e0f81df7;b303851a;b09e6893;68a8912f;9bcb5ee1
5,5,80,success,None,22/Jul/2026:17:24:22.873386,22/Jul/2026:17:24:23.740215,0.8668,17,22/Jul/2026:17:24:21.967329;22/Jul/2026:17:24:21.964782;22/Jul/2026:17:24:21.963611;22/Jul/2026:17:24:22.830297;22/Jul/2026:17:24:19.507412;22/Jul/2026:17:24:15.704198;22/Jul/2026:17:24:21.962817;22/Jul/2026:17:23:56.284420;22/Jul/2026:17:24:11.185484;22/Jul/2026:17:24:22.841111;22/Jul/2026:17:24:21.966950;22/Jul/2026:17:24:11.534884;22/Jul/2026:17:24:22.831198;22/Jul/2026:17:24:22.828600;22/Jul/2026:17:24:21.960872;22/Jul/2026:17:24:21.966824;22/Jul/2026:17:24:21.966383,0.9094;0.9183;0.9352;0.0751;3.4038;7.2191;0.9616;26.6409;11.7416;0.0910;0.9960;11.4551;0.2606;0.8526;1.7255;1.7199;1.7205,bytes=137856974-137941086;bytes=92805846-92892538;bytes=67066545-67958952;bytes=250632731-250784207;bytes=1517533739-1518445188;bytes=598113515-599002197;bytes=60347629-60436223;bytes=1515734284-1516642042;bytes=1779255828-1780142687;bytes=287918239-288007124;bytes=137561855-137658424;bytes=1858011978-1858924779;bytes=247957533-248837276;bytes=226801956-227000490;bytes=24032814-24234184;bytes=131568699-132484979;bytes=125611313-126492675,bb83099d;8d3c698d;3f73a24d;39466395;5664ee4a;e183debf;3753b986;2f146724;e0f81df7;b303851a;b09e6893;68a8912f;9bcb5ee1;f85e4f44;9b1dbc10;da5a3055;cae5dbf2
5,5,69,success,None,22/Jul/2026:17:24:22.838771,22/Jul/2026:17:24:23.813461,0.9747,23,22/Jul/2026:17:24:20.259980;22/Jul/2026:17:24:20.965636;22/Jul/2026:17:24:20.965922;22/Jul/2026:17:24:21.961158;22/Jul/2026:17:23:59.502224;22/Jul/2026:17:24:21.967329;22/Jul/2026:17:24:21.964782;22/Jul/2026:17:24:21.963611;22/Jul/2026:17:24:22.830297;22/Jul/2026:17:24:19.507412;22/Jul/2026:17:24:15.704198;22/Jul/2026:17:24:21.962817;22/Jul/2026:17:23:56.284420;22/Jul/2026:17:24:11.185484;22/Jul/2026:17:24:22.841111;22/Jul/2026:17:24:21.966950;22/Jul/2026:17:24:11.534884;22/Jul/2026:17:24:22.831198;22/Jul/2026:17:24:22.828600;22/Jul/2026:17:24:21.960872;22/Jul/2026:17:24:21.966824;22/Jul/2026:17:24:21.966383;22/Jul/2026:17:24:20.663693,2.5836;1.8779;1.8824;0.8902;23.3499;0.9094;0.9183;0.9352;0.0751;3.4038;7.2191;0.9616;26.6409;11.7416;0.0910;0.9960;11.4551;0.2606;0.8526;1.7255;1.7199;1.7205;3.0880,bytes=1653669493-1654546892;bytes=1844319043-1845259423;bytes=1850459018-1850569099;bytes=26021338-26949704;bytes=1843421484-1844319042;bytes=137856974-137941086;bytes=92805846-92892538;bytes=67066545-67958952;bytes=250632731-250784207;bytes=1517533739-1518445188;bytes=598113515-599002197;bytes=60347629-60436223;bytes=1515734284-1516642042;bytes=1779255828-1780142687;bytes=287918239-288007124;bytes=137561855-137658424;bytes=1858011978-1858924779;bytes=247957533-248837276;bytes=226801956-227000490;bytes=24032814-24234184;bytes=131568699-132484979;bytes=125611313-126492675;bytes=1697481087-1697581520,0109d045;bfe199be;f411e954;e7610f1e;0a88f089;bb83099d;8d3c698d;3f73a24d;39466395;5664ee4a;e183debf;3753b986;2f146724;e0f81df7;b303851a;b09e6893;68a8912f;9bcb5ee1;f85e4f44;9b1dbc10;da5a3055;cae5dbf2;7315cda0
5,5,52,success,None,22/Jul/2026:17:24:22.823701,22/Jul/2026:17:24:23.959653,1.1359,33,22/Jul/2026:17:24:21.964673;22/Jul/2026:17:24:20.160862;22/Jul/2026:17:24:21.962641;22/Jul/2026:17:24:21.960578;22/Jul/2026:17:24:20.163223;22/Jul/2026:17:24:21.962533;22/Jul/2026:17:24:20.964296;22/Jul/2026:17:24:22.833546;22/Jul/2026:17:24:21.960751;22/Jul/2026:17:24:20.259980;22/Jul/2026:17:24:20.965636;22/Jul/2026:17:24:20.965922;22/Jul/2026:17:24:21.961158;22/Jul/2026:17:23:59.502224;22/Jul/2026:17:24:21.967329;22/Jul/2026:17:24:21.964782;22/Jul/2026:17:24:21.963611;22/Jul/2026:17:24:22.830297;22/Jul/2026:17:24:19.507412;22/Jul/2026:17:24:15.704198;22/Jul/2026:17:24:21.962817;22/Jul/2026:17:23:56.284420;22/Jul/2026:17:24:11.185484;22/Jul/2026:17:24:22.841111;22/Jul/2026:17:24:21.966950;22/Jul/2026:17:24:11.534884;22/Jul/2026:17:24:22.831198;22/Jul/2026:17:24:22.828600;22/Jul/2026:17:24:21.960872;22/Jul/2026:17:24:21.966824;22/Jul/2026:17:24:21.966383;22/Jul/2026:17:24:20.663693;22/Jul/2026:17:24:22.825454,0.8706;2.6744;0.8726;0.8747;2.6727;0.8735;1.8727;0.0040;0.8768;2.5836;1.8779;1.8824;0.8902;23.3499;0.9094;0.9183;0.9352;0.0751;3.4038;7.2191;0.9616;26.6409;11.7416;0.0910;0.9960;11.4551;0.2606;0.8526;1.7255;1.7199;1.7205;3.0880;1.0365,bytes=88943721-89074012;bytes=1565566275-1566469009;bytes=58353066-59231727;bytes=20940273-21836258;bytes=1581917341-1582029485;bytes=56567130-57460713;bytes=1836096548-1837010928;bytes=258854695-258943323;bytes=22760622-23662340;bytes=1653669493-1654546892;bytes=1844319043-1845259423;bytes=1850459018-1850569099;bytes=26021338-26949704;bytes=1843421484-1844319042;bytes=137856974-137941086;bytes=92805846-92892538;bytes=67066545-67958952;bytes=250632731-250784207;bytes=1517533739-1518445188;bytes=598113515-599002197;bytes=60347629-60436223;bytes=1515734284-1516642042;bytes=1779255828-1780142687;bytes=287918239-288007124;bytes=137561855-137658424;bytes=1858011978-1858924779;bytes=247957533-248837276;bytes=226801956-227000490;bytes=24032814-24234184;bytes=131568699-132484979;bytes=125611313-126492675;bytes=1697481087-1697581520;bytes=214251222-214424171,c12badf1;91f4d973;d1a5760e;24ba612a;415f8246;96e610aa;f1a0aa30;86dd8cb5;1a529d85;0109d045;bfe199be;f411e954;e7610f1e;0a88f089;bb83099d;8d3c698d;3f73a24d;39466395;5664ee4a;e183debf;3753b986;2f146724;e0f81df7;b303851a;b09e6893;68a8912f;9bcb5ee1;f85e4f44;9b1dbc10;da5a3055;cae5dbf2;7315cda0;5946a2ab
5,5,86,success,None,22/Jul/2026:17:24:23.063924,22/Jul/2026:17:24:24.223643,1.1597,13,22/Jul/2026:17:24:22.831198;22/Jul/2026:17:24:22.828600;22/Jul/2026:17:24:21.960872;22/Jul/2026:17:24:21.966824;22/Jul/2026:17:24:21.966383;22/Jul/2026:17:24:20.663693;22/Jul/2026:17:24:22.825454;22/Jul/2026:17:24:23.678531;22/Jul/2026:17:24:20.664403;22/Jul/2026:17:24:23.816907;22/Jul/2026:17:24:23.743008;22/Jul/2026:17:24:21.964940;22/Jul/2026:17:24:23.677479,0.2606;0.8526;1.7255;1.7199;1.7205;3.0880;1.0365;0.2964;3.3143;0.1811;0.2605;2.0388;0.3329,bytes=247957533-248837276;bytes=226801956-227000490;bytes=24032814-24234184;bytes=131568699-132484979;bytes=125611313-126492675;bytes=1697481087-1697581520;bytes=214251222-214424171;bytes=421008298-421916933;bytes=1699813160-1700737012;bytes=491831185-491929018;bytes=458562173-458659799;bytes=90102089-90990899;bytes=414984527-415878393,9bcb5ee1;f85e4f44;9b1dbc10;da5a3055;cae5dbf2;7315cda0;5946a2ab;faa0a925;bbaa12f7;89de1d75;0edc8a62;4fd13027;2cbf0450
5,5,100,success,None,22/Jul/2026:17:24:23.675482,22/Jul/2026:17:24:24.261239,0.5858,20,22/Jul/2026:17:24:22.828600;22/Jul/2026:17:24:21.960872;22/Jul/2026:17:24:21.966824;22/Jul/2026:17:24:21.966383;22/Jul/2026:17:24:20.663693;22/Jul/2026:17:24:22.825454;22/Jul/2026:17:24:23.678531;22/Jul/2026:17:24:20.664403;22/Jul/2026:17:24:23.816907;22/Jul/2026:17:24:23.743008;22/Jul/2026:17:24:21.964940;22/Jul/2026:17:24:23.677479;22/Jul/2026:17:24:22.828507;22/Jul/2026:17:24:24.226701;22/Jul/2026:17:24:23.816395;22/Jul/2026:17:24:19.359172;22/Jul/2026:17:24:11.051001;22/Jul/2026:17:24:23.676367;22/Jul/2026:17:24:22.829864;22/Jul/2026:17:24:20.964069,0.8526;1.7255;1.7199;1.7205;3.0880;1.0365;0.2964;3.3143;0.1811;0.2605;2.0388;0.3329;1.4056;0.0084;0.4191;4.8769;13.1859;0.5730;1.4249;3.2958,bytes=226801956-227000490;bytes=24032814-24234184;bytes=131568699-132484979;bytes=125611313-126492675;bytes=1697481087-1697581520;bytes=214251222-214424171;bytes=421008298-421916933;bytes=1699813160-1700737012;bytes=491831185-491929018;bytes=458562173-458659799;bytes=90102089-90990899;bytes=414984527-415878393;bytes=226620043-226801955;bytes=579904055-580817981;bytes=491597572-491729510;bytes=1447754491-1448667937;bytes=1751731038-1751952447;bytes=409696330-409893901;bytes=246978779-247076166;bytes=1837991559-1838079960,f85e4f44;9b1dbc10;da5a3055;cae5dbf2;7315cda0;5946a2ab;faa0a925;bbaa12f7;89de1d75;0edc8a62;4fd13027;2cbf0450;ea6fbda4;75b7ca64;dae2faea;60541732;31aa25d1;353c94de;20c0ae47;227b129d
5,5,117,success,None,22/Jul/2026:17:24:23.813805,22/Jul/2026:17:24:24.459591,0.6458,25,22/Jul/2026:17:24:22.825454;22/Jul/2026:17:24:23.678531;22/Jul/2026:17:24:20.664403;22/Jul/2026:17:24:23.816907;22/Jul/2026:17:24:23.743008;22/Jul/2026:17:24:21.964940;22/Jul/2026:17:24:23.677479;22/Jul/2026:17:24:22.828507;22/Jul/2026:17:24:24.226701;22/Jul/2026:17:24:23.816395;22/Jul/2026:17:24:19.359172;22/Jul/2026:17:24:11.051001;22/Jul/2026:17:24:23.676367;22/Jul/2026:17:24:22.829864;22/Jul/2026:17:24:20.964069;22/Jul/2026:17:24:23.065030;22/Jul/2026:17:24:21.967651;22/Jul/2026:17:24:23.742774;22/Jul/2026:17:24:24.225228;22/Jul/2026:17:24:08.384896;22/Jul/2026:17:24:24.227723;22/Jul/2026:17:24:04.529079;22/Jul/2026:17:24:23.677416;22/Jul/2026:17:24:21.965555;22/Jul/2026:17:23:55.453326,1.0365;0.2964;3.3143;0.1811;0.2605;2.0388;0.3329;1.4056;0.0084;0.4191;4.8769;13.1859;0.5730;1.4249;3.2958;1.2000;2.2974;0.5308;0.0487;15.8891;0.0547;19.7645;0.6198;2.3320;28.8531,bytes=214251222-214424171;bytes=421008298-421916933;bytes=1699813160-1700737012;bytes=491831185-491929018;bytes=458562173-458659799;bytes=90102089-90990899;bytes=414984527-415878393;bytes=226620043-226801955;bytes=579904055-580817981;bytes=491597572-491729510;bytes=1447754491-1448667937;bytes=1751731038-1751952447;bytes=409696330-409893901;bytes=246978779-247076166;bytes=1837991559-1838079960;bytes=350658584-351562970;bytes=145507303-145585440;bytes=452723167-453645824;bytes=573644371-573813792;bytes=1300484391-1300581860;bytes=585970367-586062657;bytes=595930604-596844831;bytes=414096608-414984526;bytes=97062700-97160197;bytes=1385825844-1386724867,5946a2ab;faa0a925;bbaa12f7;89de1d75;0edc8a62;4fd13027;2cbf0450;ea6fbda4;75b7ca64;dae2faea;60541732;31aa25d1;353c94de;20c0ae47;227b129d;dd269216;b9850fb2;780260a3;96dca259;d080d926;6fd46d8f;afe4ab87;7e615f87;b26f9c3b;369f3cc5
5,5,133,success,None,22/Jul/2026:17:24:23.959983,22/Jul/2026:17:24:24.489703,0.5297,29,22/Jul/2026:17:24:23.678531;22/Jul/2026:17:24:20.664403;22/Jul/2026:17:24:23.816907;22/Jul/2026:17:24:23.743008;22/Jul/2026:17:24:21.964940;22/Jul/2026:17:24:23.677479;22/Jul/2026:17:24:22.828507;22/Jul/2026:17:24:24.226701;22/Jul/2026:17:24:23.816395;22/Jul/2026:17:24:19.359172;22/Jul/2026:17:24:11.051001;22/Jul/2026:17:24:23.676367;22/Jul/2026:17:24:22.829864;22/Jul/2026:17:24:20.964069;22/Jul/2026:17:24:23.065030;22/Jul/2026:17:24:21.967651;22/Jul/2026:17:24:23.742774;22/Jul/2026:17:24:24.225228;22/Jul/2026:17:24:08.384896;22/Jul/2026:17:24:24.227723;22/Jul/2026:17:24:04.529079;22/Jul/2026:17:24:23.677416;22/Jul/2026:17:24:21.965555;22/Jul/2026:17:23:55.453326;22/Jul/2026:17:24:24.225454;22/Jul/2026:17:24:24.460987;22/Jul/2026:17:24:21.962054;22/Jul/2026:17:24:22.829776;22/Jul/2026:17:24:20.260908,0.2964;3.3143;0.1811;0.2605;2.0388;0.3329;1.4056;0.0084;0.4191;4.8769;13.1859;0.5730;1.4249;3.2958;1.2000;2.2974;0.5308;0.0487;15.8891;0.0547;19.7645;0.6198;2.3320;28.8531;0.2409;0.0106;2.5120;1.6478;4.2194,bytes=421008298-421916933;bytes=1699813160-1700737012;bytes=491831185-491929018;bytes=458562173-458659799;bytes=90102089-90990899;bytes=414984527-415878393;bytes=226620043-226801955;bytes=579904055-580817981;bytes=491597572-491729510;bytes=1447754491-1448667937;bytes=1751731038-1751952447;bytes=409696330-409893901;bytes=246978779-247076166;bytes=1837991559-1838079960;bytes=350658584-351562970;bytes=145507303-145585440;bytes=452723167-453645824;bytes=573644371-573813792;bytes=1300484391-1300581860;bytes=585970367-586062657;bytes=595930604-596844831;bytes=414096608-414984526;bytes=97062700-97160197;bytes=1385825844-1386724867;bytes=577712978-577821803;bytes=620669467-621587755;bytes=34378950-35297118;bytes=246877762-246978778;bytes=1661022867-1661235301,faa0a925;bbaa12f7;89de1d75;0edc8a62;4fd13027;2cbf0450;ea6fbda4;75b7ca64;dae2faea;60541732;31aa25d1;353c94de;20c0ae47;227b129d;dd269216;b9850fb2;780260a3;96dca259;d080d926;6fd46d8f;afe4ab87;7e615f87;b26f9c3b;369f3cc5;eceb877f;77057ab9;5a3f5eea;98e5301c;1c368ec7
5,5,109,success,None,22/Jul/2026:17:24:23.740557,22/Jul/2026:17:24:24.813637,1.0731,36,22/Jul/2026:17:24:20.663693;22/Jul/2026:17:24:22.825454;22/Jul/2026:17:24:23.678531;22/Jul/2026:17:24:20.664403;22/Jul/2026:17:24:23.816907;22/Jul/2026:17:24:23.743008;22/Jul/2026:17:24:21.964940;22/Jul/2026:17:24:23.677479;22/Jul/2026:17:24:22.828507;22/Jul/2026:17:24:24.226701;22/Jul/2026:17:24:23.816395;22/Jul/2026:17:24:19.359172;22/Jul/2026:17:24:11.051001;22/Jul/2026:17:24:23.676367;22/Jul/2026:17:24:22.829864;22/Jul/2026:17:24:20.964069;22/Jul/2026:17:24:23.065030;22/Jul/2026:17:24:21.967651;22/Jul/2026:17:24:23.742774;22/Jul/2026:17:24:24.225228;22/Jul/2026:17:24:08.384896;22/Jul/2026:17:24:24.227723;22/Jul/2026:17:24:04.529079;22/Jul/2026:17:24:23.677416;22/Jul/2026:17:24:21.965555;22/Jul/2026:17:23:55.453326;22/Jul/2026:17:24:24.225454;22/Jul/2026:17:24:24.460987;22/Jul/2026:17:24:21.962054;22/Jul/2026:17:24:22.829776;22/Jul/2026:17:24:20.260908;22/Jul/2026:17:24:22.832506;22/Jul/2026:17:24:22.828758;22/Jul/2026:17:24:24.463177;22/Jul/2026:17:24:24.462125;22/Jul/2026:17:24:23.066902,3.0880;1.0365;0.2964;3.3143;0.1811;0.2605;2.0388;0.3329;1.4056;0.0084;0.4191;4.8769;13.1859;0.5730;1.4249;3.2958;1.2000;2.2974;0.5308;0.0487;15.8891;0.0547;19.7645;0.6198;2.3320;28.8531;0.2409;0.0106;2.5120;1.6478;4.2194;1.6694;1.6848;0.0689;0.0710;1.4732,bytes=1697481087-1697581520;bytes=214251222-214424171;bytes=421008298-421916933;bytes=1699813160-1700737012;bytes=491831185-491929018;bytes=458562173-458659799;bytes=90102089-90990899;bytes=414984527-415878393;bytes=226620043-226801955;bytes=579904055-580817981;bytes=491597572-491729510;bytes=1447754491-1448667937;bytes=1751731038-1751952447;bytes=409696330-409893901;bytes=246978779-247076166;bytes=1837991559-1838079960;bytes=350658584-351562970;bytes=145507303-145585440;bytes=452723167-453645824;bytes=573644371-573813792;bytes=1300484391-1300581860;bytes=585970367-586062657;bytes=595930604-596844831;bytes=414096608-414984526;bytes=97062700-97160197;bytes=1385825844-1386724867;bytes=577712978-577821803;bytes=620669467-621587755;bytes=34378950-35297118;bytes=246877762-246978778;bytes=1661022867-1661235301;bytes=254723841-254852526;bytes=230710875-230812357;bytes=634955073-635051501;bytes=630696498-630794134;bytes=361173209-362066216,7315cda0;5946a2ab;faa0a925;bbaa12f7;89de1d75;0edc8a62;4fd13027;2cbf0450;ea6fbda4;75b7ca64;dae2faea;60541732;31aa25d1;353c94de;20c0ae47;227b129d;dd269216;b9850fb2;780260a3;96dca259;d080d926;6fd46d8f;afe4ab87;7e615f87;b26f9c3b;369f3cc5;eceb877f;77057ab9;5a3f5eea;98e5301c;1c368ec7;1b51dafa;43c738c3;48d48317;55ee58df;8e402b05
5,5,146,success,None,22/Jul/2026:17:24:24.261590,22/Jul/2026:17:24:24.917645,0.6561,28,22/Jul/2026:17:24:23.065030;22/Jul/2026:17:24:21.967651;22/Jul/2026:17:24:23.742774;22/Jul/2026:17:24:24.225228;22/Jul/2026:17:24:08.384896;22/Jul/2026:17:24:24.227723;22/Jul/2026:17:24:04.529079;22/Jul/2026:17:24:23.677416;22/Jul/2026:17:24:21.965555;22/Jul/2026:17:23:55.453326;22/Jul/2026:17:24:24.225454;22/Jul/2026:17:24:24.460987;22/Jul/2026:17:24:21.962054;22/Jul/2026:17:24:22.829776;22/Jul/2026:17:24:20.260908;22/Jul/2026:17:24:22.832506;22/Jul/2026:17:24:22.828758;22/Jul/2026:17:24:24.463177;22/Jul/2026:17:24:24.462125;22/Jul/2026:17:24:23.066902;22/Jul/2026:17:24:24.460835;22/Jul/2026:17:24:23.962066;22/Jul/2026:17:24:22.874819;22/Jul/2026:17:24:22.874120;22/Jul/2026:17:24:23.741714;22/Jul/2026:17:24:23.677880;22/Jul/2026:17:24:24.814992;22/Jul/2026:17:24:21.962876,1.2000;2.2974;0.5308;0.0487;15.8891;0.0547;19.7645;0.6198;2.3320;28.8531;0.2409;0.0106;2.5120;1.6478;4.2194;1.6694;1.6848;0.0689;0.0710;1.4732;0.3707;0.8843;1.9725;1.9743;1.1110;1.1829;0.0650;2.9174,bytes=350658584-351562970;bytes=145507303-145585440;bytes=452723167-453645824;bytes=573644371-573813792;bytes=1300484391-1300581860;bytes=585970367-586062657;bytes=595930604-596844831;bytes=414096608-414984526;bytes=97062700-97160197;bytes=1385825844-1386724867;bytes=577712978-577821803;bytes=620669467-621587755;bytes=34378950-35297118;bytes=246877762-246978778;bytes=1661022867-1661235301;bytes=254723841-254852526;bytes=230710875-230812357;bytes=634955073-635051501;bytes=630696498-630794134;bytes=361173209-362066216;bytes=619795435-620669466;bytes=551793791-552680387;bytes=330775037-331689551;bytes=325737835-326623523;bytes=445445323-446343268;bytes=421916934-422028696;bytes=699842702-699932936;bytes=64031676-64101355,dd269216;b9850fb2;780260a3;96dca259;d080d926;6fd46d8f;afe4ab87;7e615f87;b26f9c3b;369f3cc5;eceb877f;77057ab9;5a3f5eea;98e5301c;1c368ec7;1b51dafa;43c738c3;48d48317;55ee58df;8e402b05;506c0197;6f616525;3f99bcd5;d0bc90c0;0aa8d51a;70a36dae;75e8fb4a;6e32c213
5,5,152,success,None,22/Jul/2026:17:24:24.459941,22/Jul/2026:17:24:25.127894,0.6679,25,22/Jul/2026:17:24:24.225454;22/Jul/2026:17:24:24.460987;22/Jul/2026:17:24:21.962054;22/Jul/2026:17:24:22.829776;22/Jul/2026:17:24:20.260908;22/Jul/2026:17:24:22.832506;22/Jul/2026:17:24:22.828758;22/Jul/2026:17:24:24.463177;22/Jul/2026:17:24:24.462125;22/Jul/2026:17:24:23.066902;22/Jul/2026:17:24:24.460835;22/Jul/2026:17:24:23.962066;22/Jul/2026:17:24:22.874819;22/Jul/2026:17:24:22.874120;22/Jul/2026:17:24:23.741714;22/Jul/2026:17:24:23.677880;22/Jul/2026:17:24:24.814992;22/Jul/2026:17:24:21.962876;22/Jul/2026:17:24:24.262495;22/Jul/2026:17:24:24.816891;22/Jul/2026:17:24:24.264435;22/Jul/2026:17:24:21.965705;22/Jul/2026:17:24:24.815587;22/Jul/2026:17:24:24.814824;22/Jul/2026:17:24:22.826154,0.2409;0.0106;2.5120;1.6478;4.2194;1.6694;1.6848;0.0689;0.0710;1.4732;0.3707;0.8843;1.9725;1.9743;1.1110;1.1829;0.0650;2.9174;0.6724;0.1245;0.7046;3.0034;0.1561;0.1609;2.1496,bytes=577712978-577821803;bytes=620669467-621587755;bytes=34378950-35297118;bytes=246877762-246978778;bytes=1661022867-1661235301;bytes=254723841-254852526;bytes=230710875-230812357;bytes=634955073-635051501;bytes=630696498-630794134;bytes=361173209-362066216;bytes=619795435-620669466;bytes=551793791-552680387;bytes=330775037-331689551;bytes=325737835-326623523;bytes=445445323-446343268;bytes=421916934-422028696;bytes=699842702-699932936;bytes=64031676-64101355;bytes=596844832-597727897;bytes=712469711-712676158;bytes=610256616-610470853;bytes=97160198-98062851;bytes=702760237-703663921;bytes=697831250-698752900;bytes=222249683-222339354,eceb877f;77057ab9;5a3f5eea;98e5301c;1c368ec7;1b51dafa;43c738c3;48d48317;55ee58df;8e402b05;506c0197;6f616525;3f99bcd5;d0bc90c0;0aa8d51a;70a36dae;75e8fb4a;6e32c213;60b74d8a;cd6f7cd6;10d9cc88;9157a4ea;a4b01ddd;211d7f9c;098fb9dd
5,5,140,success,None,22/Jul/2026:17:24:24.223981,22/Jul/2026:17:24:25.293832,1.0698,49,22/Jul/2026:17:24:22.828507;22/Jul/2026:17:24:24.226701;22/Jul/2026:17:24:23.816395;22/Jul/2026:17:24:19.359172;22/Jul/2026:17:24:11.051001;22/Jul/2026:17:24:23.676367;22/Jul/2026:17:24:22.829864;22/Jul/2026:17:24:20.964069;22/Jul/2026:17:24:23.065030;22/Jul/2026:17:24:21.967651;22/Jul/2026:17:24:23.742774;22/Jul/2026:17:24:24.225228;22/Jul/2026:17:24:08.384896;22/Jul/2026:17:24:24.227723;22/Jul/2026:17:24:04.529079;22/Jul/2026:17:24:23.677416;22/Jul/2026:17:24:21.965555;22/Jul/2026:17:23:55.453326;22/Jul/2026:17:24:24.225454;22/Jul/2026:17:24:24.460987;22/Jul/2026:17:24:21.962054;22/Jul/2026:17:24:22.829776;22/Jul/2026:17:24:20.260908;22/Jul/2026:17:24:22.832506;22/Jul/2026:17:24:22.828758;22/Jul/2026:17:24:24.463177;22/Jul/2026:17:24:24.462125;22/Jul/2026:17:24:23.066902;22/Jul/2026:17:24:24.460835;22/Jul/2026:17:24:23.962066;22/Jul/2026:17:24:22.874819;22/Jul/2026:17:24:22.874120;22/Jul/2026:17:24:23.741714;22/Jul/2026:17:24:23.677880;22/Jul/2026:17:24:24.814992;22/Jul/2026:17:24:21.962876;22/Jul/2026:17:24:24.262495;22/Jul/2026:17:24:24.816891;22/Jul/2026:17:24:24.264435;22/Jul/2026:17:24:21.965705;22/Jul/2026:17:24:24.815587;22/Jul/2026:17:24:24.814824;22/Jul/2026:17:24:22.826154;22/Jul/2026:17:24:22.829088;22/Jul/2026:17:24:24.920417;22/Jul/2026:17:24:20.965416;22/Jul/2026:17:24:24.919396;22/Jul/2026:17:24:11.898765;22/Jul/2026:17:24:24.461291,1.4056;0.0084;0.4191;4.8769;13.1859;0.5730;1.4249;3.2958;1.2000;2.2974;0.5308;0.0487;15.8891;0.0547;19.7645;0.6198;2.3320;28.8531;0.2409;0.0106;2.5120;1.6478;4.2194;1.6694;1.6848;0.0689;0.0710;1.4732;0.3707;0.8843;1.9725;1.9743;1.1110;1.1829;0.0650;2.9174;0.6724;0.1245;0.7046;3.0034;0.1561;0.1609;2.1496;2.3094;0.2189;4.1788;0.2248;13.2547;0.6932,bytes=226620043-226801955;bytes=579904055-580817981;bytes=491597572-491729510;bytes=1447754491-1448667937;bytes=1751731038-1751952447;bytes=409696330-409893901;bytes=246978779-247076166;bytes=1837991559-1838079960;bytes=350658584-351562970;bytes=145507303-145585440;bytes=452723167-453645824;bytes=573644371-573813792;bytes=1300484391-1300581860;bytes=585970367-586062657;bytes=595930604-596844831;bytes=414096608-414984526;bytes=97062700-97160197;bytes=1385825844-1386724867;bytes=577712978-577821803;bytes=620669467-621587755;bytes=34378950-35297118;bytes=246877762-246978778;bytes=1661022867-1661235301;bytes=254723841-254852526;bytes=230710875-230812357;bytes=634955073-635051501;bytes=630696498-630794134;bytes=361173209-362066216;bytes=619795435-620669466;bytes=551793791-552680387;bytes=330775037-331689551;bytes=325737835-326623523;bytes=445445323-446343268;bytes=421916934-422028696;bytes=699842702-699932936;bytes=64031676-64101355;bytes=596844832-597727897;bytes=712469711-712676158;bytes=610256616-610470853;bytes=97160198-98062851;bytes=702760237-703663921;bytes=697831250-698752900;bytes=222249683-222339354;bytes=242883246-242969559;bytes=753009895-753089955;bytes=1846266673-1846370178;bytes=745094585-745206093;bytes=1912995093-1913111072;bytes=622710909-622878902,ea6fbda4;75b7ca64;dae2faea;60541732;31aa25d1;353c94de;20c0ae47;227b129d;dd269216;b9850fb2;780260a3;96dca259;d080d926;6fd46d8f;afe4ab87;7e615f87;b26f9c3b;369f3cc5;eceb877f;77057ab9;5a3f5eea;98e5301c;1c368ec7;1b51dafa;43c738c3;48d48317;55ee58df;8e402b05;506c0197;6f616525;3f99bcd5;d0bc90c0;0aa8d51a;70a36dae;75e8fb4a;6e32c213;60b74d8a;cd6f7cd6;10d9cc88;9157a4ea;a4b01ddd;211d7f9c;098fb9dd;13ac31f8;1b7eed66;023b04c7;a3690f1c;2cf926a4;b3637e59
5,5,160,success,None,22/Jul/2026:17:24:24.490062,22/Jul/2026:17:24:25.299902,0.8098,26,22/Jul/2026:17:24:22.832506;22/Jul/2026:17:24:22.828758;22/Jul/2026:17:24:24.463177;22/Jul/2026:17:24:24.462125;22/Jul/2026:17:24:23.066902;22/Jul/2026:17:24:24.460835;22/Jul/2026:17:24:23.962066;22/Jul/2026:17:24:22.874819;22/Jul/2026:17:24:22.874120;22/Jul/2026:17:24:23.741714;22/Jul/2026:17:24:23.677880;22/Jul/2026:17:24:24.814992;22/Jul/2026:17:24:21.962876;22/Jul/2026:17:24:24.262495;22/Jul/2026:17:24:24.816891;22/Jul/2026:17:24:24.264435;22/Jul/2026:17:24:21.965705;22/Jul/2026:17:24:24.815587;22/Jul/2026:17:24:24.814824;22/Jul/2026:17:24:22.826154;22/Jul/2026:17:24:22.829088;22/Jul/2026:17:24:24.920417;22/Jul/2026:17:24:20.965416;22/Jul/2026:17:24:24.919396;22/Jul/2026:17:24:11.898765;22/Jul/2026:17:24:24.461291,1.6694;1.6848;0.0689;0.0710;1.4732;0.3707;0.8843;1.9725;1.9743;1.1110;1.1829;0.0650;2.9174;0.6724;0.1245;0.7046;3.0034;0.1561;0.1609;2.1496;2.3094;0.2189;4.1788;0.2248;13.2547;0.6932,bytes=254723841-254852526;bytes=230710875-230812357;bytes=634955073-635051501;bytes=630696498-630794134;bytes=361173209-362066216;bytes=619795435-620669466;bytes=551793791-552680387;bytes=330775037-331689551;bytes=325737835-326623523;bytes=445445323-446343268;bytes=421916934-422028696;bytes=699842702-699932936;bytes=64031676-64101355;bytes=596844832-597727897;bytes=712469711-712676158;bytes=610256616-610470853;bytes=97160198-98062851;bytes=702760237-703663921;bytes=697831250-698752900;bytes=222249683-222339354;bytes=242883246-242969559;bytes=753009895-753089955;bytes=1846266673-1846370178;bytes=745094585-745206093;bytes=1912995093-1913111072;bytes=622710909-622878902,1b51dafa;43c738c3;48d48317;55ee58df;8e402b05;506c0197;6f616525;3f99bcd5;d0bc90c0;0aa8d51a;70a36dae;75e8fb4a;6e32c213;60b74d8a;cd6f7cd6;10d9cc88;9157a4ea;a4b01ddd;211d7f9c;098fb9dd;13ac31f8;1b7eed66;023b04c7;a3690f1c;2cf926a4;b3637e59
5,5,171,success,None,22/Jul/2026:17:24:24.813987,22/Jul/2026:17:24:25.480110,0.6661,32,22/Jul/2026:17:24:24.460835;22/Jul/2026:17:24:23.962066;22/Jul/2026:17:24:22.874819;22/Jul/2026:17:24:22.874120;22/Jul/2026:17:24:23.741714;22/Jul/2026:17:24:23.677880;22/Jul/2026:17:24:24.814992;22/Jul/2026:17:24:21.962876;22/Jul/2026:17:24:24.262495;22/Jul/2026:17:24:24.816891;22/Jul/2026:17:24:24.264435;22/Jul/2026:17:24:21.965705;22/Jul/2026:17:24:24.815587;22/Jul/2026:17:24:24.814824;22/Jul/2026:17:24:22.826154;22/Jul/2026:17:24:22.829088;22/Jul/2026:17:24:24.920417;22/Jul/2026:17:24:20.965416;22/Jul/2026:17:24:24.919396;22/Jul/2026:17:24:11.898765;22/Jul/2026:17:24:24.461291;22/Jul/2026:17:24:21.968523;22/Jul/2026:17:24:24.462411;22/Jul/2026:17:24:24.919699;22/Jul/2026:17:24:23.677673;22/Jul/2026:17:24:24.263711;22/Jul/2026:17:24:23.814791;22/Jul/2026:17:24:24.225945;22/Jul/2026:17:24:10.329434;22/Jul/2026:17:24:25.295674;22/Jul/2026:17:24:20.934725;22/Jul/2026:17:24:25.130985,0.3707;0.8843;1.9725;1.9743;1.1110;1.1829;0.0650;2.9174;0.6724;0.1245;0.7046;3.0034;0.1561;0.1609;2.1496;2.3094;0.2189;4.1788;0.2248;13.2547;0.6932;3.3351;0.8413;0.3844;1.6266;1.0421;1.4940;1.0840;15.0025;0.0462;4.4093;0.2181,bytes=619795435-620669466;bytes=551793791-552680387;bytes=330775037-331689551;bytes=325737835-326623523;bytes=445445323-446343268;bytes=421916934-422028696;bytes=699842702-699932936;bytes=64031676-64101355;bytes=596844832-597727897;bytes=712469711-712676158;bytes=610256616-610470853;bytes=97160198-98062851;bytes=702760237-703663921;bytes=697831250-698752900;bytes=222249683-222339354;bytes=242883246-242969559;bytes=753009895-753089955;bytes=1846266673-1846370178;bytes=745094585-745206093;bytes=1912995093-1913111072;bytes=622710909-622878902;bytes=186597640-186728403;bytes=628886394-629800883;bytes=745317825-746221053;bytes=416807683-417722195;bytes=609866794-609961965;bytes=478566718-479468962;bytes=577972885-578115999;bytes=1618162113-1619064761;bytes=822992062-823102159;bytes=1774269718-1775164389;bytes=810403114-810498889,506c0197;6f616525;3f99bcd5;d0bc90c0;0aa8d51a;70a36dae;75e8fb4a;6e32c213;60b74d8a;cd6f7cd6;10d9cc88;9157a4ea;a4b01ddd;211d7f9c;098fb9dd;13ac31f8;1b7eed66;023b04c7;a3690f1c;2cf926a4;b3637e59;e729732b;3032169c;92fe87f7;68f7d8c7;dd89c961;892b7f2d;a3142383;cb475a96;47ad9516;658b548b;7afe5c6f
5,5,181,success,None,22/Jul/2026:17:24:24.917986,22/Jul/2026:17:24:25.562807,0.6448,28,22/Jul/2026:17:24:24.262495;22/Jul/2026:17:24:24.816891;22/Jul/2026:17:24:24.264435;22/Jul/2026:17:24:21.965705;22/Jul/2026:17:24:24.815587;22/Jul/2026:17:24:24.814824;22/Jul/2026:17:24:22.826154;22/Jul/2026:17:24:22.829088;22/Jul/2026:17:24:24.920417;22/Jul/2026:17:24:20.965416;22/Jul/2026:17:24:24.919396;22/Jul/2026:17:24:11.898765;22/Jul/2026:17:24:24.461291;22/Jul/2026:17:24:21.968523;22/Jul/2026:17:24:24.462411;22/Jul/2026:17:24:24.919699;22/Jul/2026:17:24:23.677673;22/Jul/2026:17:24:24.263711;22/Jul/2026:17:24:23.814791;22/Jul/2026:17:24:24.225945;22/Jul/2026:17:24:10.329434;22/Jul/2026:17:24:25.295674;22/Jul/2026:17:24:20.934725;22/Jul/2026:17:24:25.130985;22/Jul/2026:17:24:21.966763;22/Jul/2026:17:24:25.303319;22/Jul/2026:17:24:23.816602;22/Jul/2026:17:24:24.263077,0.6724;0.1245;0.7046;3.0034;0.1561;0.1609;2.1496;2.3094;0.2189;4.1788;0.2248;13.2547;0.6932;3.3351;0.8413;0.3844;1.6266;1.0421;1.4940;1.0840;15.0025;0.0462;4.4093;0.2181;3.5256;0.1938;1.6811;1.2406,bytes=596844832-597727897;bytes=712469711-712676158;bytes=610256616-610470853;bytes=97160198-98062851;bytes=702760237-703663921;bytes=697831250-698752900;bytes=222249683-222339354;bytes=242883246-242969559;bytes=753009895-753089955;bytes=1846266673-1846370178;bytes=745094585-745206093;bytes=1912995093-1913111072;bytes=622710909-622878902;bytes=186597640-186728403;bytes=628886394-629800883;bytes=745317825-746221053;bytes=416807683-417722195;bytes=609866794-609961965;bytes=478566718-479468962;bytes=577972885-578115999;bytes=1618162113-1619064761;bytes=822992062-823102159;bytes=1774269718-1775164389;bytes=810403114-810498889;bytes=129793216-130690294;bytes=859702063-859807910;bytes=488767978-489647174;bytes=601842241-601944561,60b74d8a;cd6f7cd6;10d9cc88;9157a4ea;a4b01ddd;211d7f9c;098fb9dd;13ac31f8;1b7eed66;023b04c7;a3690f1c;2cf926a4;b3637e59;e729732b;3032169c;92fe87f7;68f7d8c7;dd89c961;892b7f2d;a3142383;cb475a96;47ad9516;658b548b;7afe5c6f;e1b2f91e;69a7152e;49442519;96ca5445
5,5,194,success,None,22/Jul/2026:17:24:25.128201,22/Jul/2026:17:24:25.984554,0.8563,28,22/Jul/2026:17:24:22.829088;22/Jul/2026:17:24:24.920417;22/Jul/2026:17:24:20.965416;22/Jul/2026:17:24:24.919396;22/Jul/2026:17:24:11.898765;22/Jul/2026:17:24:24.461291;22/Jul/2026:17:24:21.968523;22/Jul/2026:17:24:24.462411;22/Jul/2026:17:24:24.919699;22/Jul/2026:17:24:23.677673;22/Jul/2026:17:24:24.263711;22/Jul/2026:17:24:23.814791;22/Jul/2026:17:24:24.225945;22/Jul/2026:17:24:10.329434;22/Jul/2026:17:24:25.295674;22/Jul/2026:17:24:20.934725;22/Jul/2026:17:24:25.130985;22/Jul/2026:17:24:21.966763;22/Jul/2026:17:24:25.303319;22/Jul/2026:17:24:23.816602;22/Jul/2026:17:24:24.263077;22/Jul/2026:17:24:24.225791;22/Jul/2026:17:24:24.919092;22/Jul/2026:17:24:25.484451;22/Jul/2026:17:24:25.484384;22/Jul/2026:17:24:24.918964;22/Jul/2026:17:24:25.482616;22/Jul/2026:17:24:21.965922,2.3094;0.2189;4.1788;0.2248;13.2547;0.6932;3.3351;0.8413;0.3844;1.6266;1.0421;1.4940;1.0840;15.0025;0.0462;4.4093;0.2181;3.5256;0.1938;1.6811;1.2406;1.3543;0.6763;0.1130;0.1157;0.6834;0.1202;3.6369,bytes=242883246-242969559;bytes=753009895-753089955;bytes=1846266673-1846370178;bytes=745094585-745206093;bytes=1912995093-1913111072;bytes=622710909-622878902;bytes=186597640-186728403;bytes=628886394-629800883;bytes=745317825-746221053;bytes=416807683-417722195;bytes=609866794-609961965;bytes=478566718-479468962;bytes=577972885-578115999;bytes=1618162113-1619064761;bytes=822992062-823102159;bytes=1774269718-1775164389;bytes=810403114-810498889;bytes=129793216-130690294;bytes=859702063-859807910;bytes=488767978-489647174;bytes=601842241-601944561;bytes=576711569-577614165;bytes=741325427-742225898;bytes=888397957-888578475;bytes=884707907-884805069;bytes=744917795-745008757;bytes=876555465-876650552;bytes=98943526-99839544,13ac31f8;1b7eed66;023b04c7;a3690f1c;2cf926a4;b3637e59;e729732b;3032169c;92fe87f7;68f7d8c7;dd89c961;892b7f2d;a3142383;cb475a96;47ad9516;658b548b;7afe5c6f;e1b2f91e;69a7152e;49442519;96ca5445;e902bcf5;7d4b4f35;e06567ad;89232928;b5740777;87ca95af;e0c18b72
5,5,206,success,None,22/Jul/2026:17:24:25.300280,22/Jul/2026:17:24:26.114540,0.8143,27,22/Jul/2026:17:24:21.968523;22/Jul/2026:17:24:24.462411;22/Jul/2026:17:24:24.919699;22/Jul/2026:17:24:23.677673;22/Jul/2026:17:24:24.263711;22/Jul/2026:17:24:23.814791;22/Jul/2026:17:24:24.225945;22/Jul/2026:17:24:10.329434;22/Jul/2026:17:24:25.295674;22/Jul/2026:17:24:20.934725;22/Jul/2026:17:24:25.130985;22/Jul/2026:17:24:21.966763;22/Jul/2026:17:24:25.303319;22/Jul/2026:17:24:23.816602;22/Jul/2026:17:24:24.263077;22/Jul/2026:17:24:24.225791;22/Jul/2026:17:24:24.919092;22/Jul/2026:17:24:25.484451;22/Jul/2026:17:24:25.484384;22/Jul/2026:17:24:24.918964;22/Jul/2026:17:24:25.482616;22/Jul/2026:17:24:21.965922;22/Jul/2026:17:24:23.962823;22/Jul/2026:17:24:23.742083;22/Jul/2026:17:24:25.297069;22/Jul/2026:17:24:10.405908;22/Jul/2026:17:24:25.986352,3.3351;0.8413;0.3844;1.6266;1.0421;1.4940;1.0840;15.0025;0.0462;4.4093;0.2181;3.5256;0.1938;1.6811;1.2406;1.3543;0.6763;0.1130;0.1157;0.6834;0.1202;3.6369;2.0310;2.2554;0.7046;15.6124;0.0439,bytes=186597640-186728403;bytes=628886394-629800883;bytes=745317825-746221053;bytes=416807683-417722195;bytes=609866794-609961965;bytes=478566718-479468962;bytes=577972885-578115999;bytes=1618162113-1619064761;bytes=822992062-823102159;bytes=1774269718-1775164389;bytes=810403114-810498889;bytes=129793216-130690294;bytes=859702063-859807910;bytes=488767978-489647174;bytes=601842241-601944561;bytes=576711569-577614165;bytes=741325427-742225898;bytes=888397957-888578475;bytes=884707907-884805069;bytes=744917795-745008757;bytes=876555465-876650552;bytes=98943526-99839544;bytes=555750335-556651999;bytes=446882871-447774146;bytes=823353710-824262415;bytes=1656381142-1656502450;bytes=937865293-937946308,e729732b;3032169c;92fe87f7;68f7d8c7;dd89c961;892b7f2d;a3142383;cb475a96;47ad9516;658b548b;7afe5c6f;e1b2f91e;69a7152e;49442519;96ca5445;e902bcf5;7d4b4f35;e06567ad;89232928;b5740777;87ca95af;e0c18b72;4abf9a70;124c64f3;d7749d85;8ce66c82;d4525dec
5,5,213,success,None,22/Jul/2026:17:24:25.480488,22/Jul/2026:17:24:26.238444,0.7580,24,22/Jul/2026:17:24:21.966763;22/Jul/2026:17:24:25.303319;22/Jul/2026:17:24:23.816602;22/Jul/2026:17:24:24.263077;22/Jul/2026:17:24:24.225791;22/Jul/2026:17:24:24.919092;22/Jul/2026:17:24:25.484451;22/Jul/2026:17:24:25.484384;22/Jul/2026:17:24:24.918964;22/Jul/2026:17:24:25.482616;22/Jul/2026:17:24:21.965922;22/Jul/2026:17:24:23.962823;22/Jul/2026:17:24:23.742083;22/Jul/2026:17:24:25.297069;22/Jul/2026:17:24:10.405908;22/Jul/2026:17:24:25.986352;22/Jul/2026:17:24:21.966620;22/Jul/2026:17:24:25.986663;22/Jul/2026:17:24:23.815139;22/Jul/2026:17:24:24.461885;22/Jul/2026:17:24:25.298599;22/Jul/2026:17:24:25.986409;22/Jul/2026:17:24:21.967683;22/Jul/2026:17:24:25.986080,3.5256;0.1938;1.6811;1.2406;1.3543;0.6763;0.1130;0.1157;0.6834;0.1202;3.6369;2.0310;2.2554;0.7046;15.6124;0.0439;4.1599;0.1399;2.3150;1.6705;0.8355;0.1561;4.1776;0.1692,bytes=129793216-130690294;bytes=859702063-859807910;bytes=488767978-489647174;bytes=601842241-601944561;bytes=576711569-577614165;bytes=741325427-742225898;bytes=888397957-888578475;bytes=884707907-884805069;bytes=744917795-745008757;bytes=876555465-876650552;bytes=98943526-99839544;bytes=555750335-556651999;bytes=446882871-447774146;bytes=823353710-824262415;bytes=1656381142-1656502450;bytes=937865293-937946308;bytes=129421908-129600871;bytes=937946309-938056931;bytes=479941553-480850432;bytes=625779422-626678676;bytes=831223479-831318248;bytes=934176774-935071967;bytes=145585441-145671251;bytes=932897253-933791248,e1b2f91e;69a7152e;49442519;96ca5445;e902bcf5;7d4b4f35;e06567ad;89232928;b5740777;87ca95af;e0c18b72;4abf9a70;124c64f3;d7749d85;8ce66c82;d4525dec;0e2fce93;6696f628;a55179da;5ac57abb;a9efb138;ca50266d;db2d262f;ff79c3be
5,5,200,success,None,22/Jul/2026:17:24:25.294165,22/Jul/2026:17:24:26.258714,0.9645,39,22/Jul/2026:17:24:21.968523;22/Jul/2026:17:24:24.462411;22/Jul/2026:17:24:24.919699;22/Jul/2026:17:24:23.677673;22/Jul/2026:17:24:24.263711;22/Jul/2026:17:24:23.814791;22/Jul/2026:17:24:24.225945;22/Jul/2026:17:24:10.329434;22/Jul/2026:17:24:25.295674;22/Jul/2026:17:24:20.934725;22/Jul/2026:17:24:25.130985;22/Jul/2026:17:24:21.966763;22/Jul/2026:17:24:25.303319;22/Jul/2026:17:24:23.816602;22/Jul/2026:17:24:24.263077;22/Jul/2026:17:24:24.225791;22/Jul/2026:17:24:24.919092;22/Jul/2026:17:24:25.484451;22/Jul/2026:17:24:25.484384;22/Jul/2026:17:24:24.918964;22/Jul/2026:17:24:25.482616;22/Jul/2026:17:24:21.965922;22/Jul/2026:17:24:23.962823;22/Jul/2026:17:24:23.742083;22/Jul/2026:17:24:25.297069;22/Jul/2026:17:24:10.405908;22/Jul/2026:17:24:25.986352;22/Jul/2026:17:24:21.966620;22/Jul/2026:17:24:25.986663;22/Jul/2026:17:24:23.815139;22/Jul/2026:17:24:24.461885;22/Jul/2026:17:24:25.298599;22/Jul/2026:17:24:25.986409;22/Jul/2026:17:24:21.967683;22/Jul/2026:17:24:25.986080;22/Jul/2026:17:24:25.298461;22/Jul/2026:17:24:25.296893;22/Jul/2026:17:24:23.814487;22/Jul/2026:17:24:25.563651,3.3351;0.8413;0.3844;1.6266;1.0421;1.4940;1.0840;15.0025;0.0462;4.4093;0.2181;3.5256;0.1938;1.6811;1.2406;1.3543;0.6763;0.1130;0.1157;0.6834;0.1202;3.6369;2.0310;2.2554;0.7046;15.6124;0.0439;4.1599;0.1399;2.3150;1.6705;0.8355;0.1561;4.1776;0.1692;0.9538;0.9554;2.4405;0.6933,bytes=186597640-186728403;bytes=628886394-629800883;bytes=745317825-746221053;bytes=416807683-417722195;bytes=609866794-609961965;bytes=478566718-479468962;bytes=577972885-578115999;bytes=1618162113-1619064761;bytes=822992062-823102159;bytes=1774269718-1775164389;bytes=810403114-810498889;bytes=129793216-130690294;bytes=859702063-859807910;bytes=488767978-489647174;bytes=601842241-601944561;bytes=576711569-577614165;bytes=741325427-742225898;bytes=888397957-888578475;bytes=884707907-884805069;bytes=744917795-745008757;bytes=876555465-876650552;bytes=98943526-99839544;bytes=555750335-556651999;bytes=446882871-447774146;bytes=823353710-824262415;bytes=1656381142-1656502450;bytes=937865293-937946308;bytes=129421908-129600871;bytes=937946309-938056931;bytes=479941553-480850432;bytes=625779422-626678676;bytes=831223479-831318248;bytes=934176774-935071967;bytes=145585441-145671251;bytes=932897253-933791248;bytes=830047087-830943652;bytes=826966467-827061254;bytes=475861054-476764725;bytes=897086178-897985756,e729732b;3032169c;92fe87f7;68f7d8c7;dd89c961;892b7f2d;a3142383;cb475a96;47ad9516;658b548b;7afe5c6f;e1b2f91e;69a7152e;49442519;96ca5445;e902bcf5;7d4b4f35;e06567ad;89232928;b5740777;87ca95af;e0c18b72;4abf9a70;124c64f3;d7749d85;8ce66c82;d4525dec;0e2fce93;6696f628;a55179da;5ac57abb;a9efb138;ca50266d;db2d262f;ff79c3be;c3dbf3b4;a41909fa;b0945979;acbd7390
5,5,220,success,None,22/Jul/2026:17:24:25.563159,22/Jul/2026:17:24:26.347002,0.7838,33,22/Jul/2026:17:24:24.225791;22/Jul/2026:17:24:24.919092;22/Jul/2026:17:24:25.484451;22/Jul/2026:17:24:25.484384;22/Jul/2026:17:24:24.918964;22/Jul/2026:17:24:25.482616;22/Jul/2026:17:24:21.965922;22/Jul/2026:17:24:23.962823;22/Jul/2026:17:24:23.742083;22/Jul/2026:17:24:25.297069;22/Jul/2026:17:24:10.405908;22/Jul/2026:17:24:25.986352;22/Jul/2026:17:24:21.966620;22/Jul/2026:17:24:25.986663;22/Jul/2026:17:24:23.815139;22/Jul/2026:17:24:24.461885;22/Jul/2026:17:24:25.298599;22/Jul/2026:17:24:25.986409;22/Jul/2026:17:24:21.967683;22/Jul/2026:17:24:25.986080;22/Jul/2026:17:24:25.298461;22/Jul/2026:17:24:25.296893;22/Jul/2026:17:24:23.814487;22/Jul/2026:17:24:25.563651;22/Jul/2026:17:24:21.965980;22/Jul/2026:17:24:26.240343;22/Jul/2026:17:24:26.240426;22/Jul/2026:17:24:24.461818;22/Jul/2026:17:24:26.241648;22/Jul/2026:17:24:25.482308;22/Jul/2026:17:24:23.066052;22/Jul/2026:17:24:25.295773;22/Jul/2026:17:24:22.875465,1.3543;0.6763;0.1130;0.1157;0.6834;0.1202;3.6369;2.0310;2.2554;0.7046;15.6124;0.0439;4.1599;0.1399;2.3150;1.6705;0.8355;0.1561;4.1776;0.1692;0.9538;0.9554;2.4405;0.6933;4.3041;0.0317;0.0344;1.8181;0.0387;0.8244;3.2409;1.0119;3.4441,bytes=576711569-577614165;bytes=741325427-742225898;bytes=888397957-888578475;bytes=884707907-884805069;bytes=744917795-745008757;bytes=876555465-876650552;bytes=98943526-99839544;bytes=555750335-556651999;bytes=446882871-447774146;bytes=823353710-824262415;bytes=1656381142-1656502450;bytes=937865293-937946308;bytes=129421908-129600871;bytes=937946309-938056931;bytes=479941553-480850432;bytes=625779422-626678676;bytes=831223479-831318248;bytes=934176774-935071967;bytes=145585441-145671251;bytes=932897253-933791248;bytes=830047087-830943652;bytes=826966467-827061254;bytes=475861054-476764725;bytes=897086178-897985756;bytes=99839545-100736162;bytes=1048748111-1048842730;bytes=1048842731-1048931148;bytes=624857988-625779421;bytes=1057237479-1057349896;bytes=872733772-873638586;bytes=360738147-360814686;bytes=819275043-820174259;bytes=344472510-344588849,e902bcf5;7d4b4f35;e06567ad;89232928;b5740777;87ca95af;e0c18b72;4abf9a70;124c64f3;d7749d85;8ce66c82;d4525dec;0e2fce93;6696f628;a55179da;5ac57abb;a9efb138;ca50266d;db2d262f;ff79c3be;c3dbf3b4;a41909fa;b0945979;acbd7390;f5873d23;f3212196;c93b832d;be494b02;70addb04;3b14d15b;0a34879b;64945272;0b705c5f
5,5,227,success,None,22/Jul/2026:17:24:25.984862,22/Jul/2026:17:24:26.509874,0.5250,27,22/Jul/2026:17:24:23.962823;22/Jul/2026:17:24:23.742083;22/Jul/2026:17:24:25.297069;22/Jul/2026:17:24:10.405908;22/Jul/2026:17:24:25.986352;22/Jul/2026:17:24:21.966620;22/Jul/2026:17:24:25.986663;22/Jul/2026:17:24:23.815139;22/Jul/2026:17:24:24.461885;22/Jul/2026:17:24:25.298599;22/Jul/2026:17:24:25.986409;22/Jul/2026:17:24:21.967683;22/Jul/2026:17:24:25.986080;22/Jul/2026:17:24:25.298461;22/Jul/2026:17:24:25.296893;22/Jul/2026:17:24:23.814487;22/Jul/2026:17:24:25.563651;22/Jul/2026:17:24:21.965980;22/Jul/2026:17:24:26.240343;22/Jul/2026:17:24:26.240426;22/Jul/2026:17:24:24.461818;22/Jul/2026:17:24:26.241648;22/Jul/2026:17:24:25.482308;22/Jul/2026:17:24:23.066052;22/Jul/2026:17:24:25.295773;22/Jul/2026:17:24:22.875465;22/Jul/2026:17:24:22.841964,2.0310;2.2554;0.7046;15.6124;0.0439;4.1599;0.1399;2.3150;1.6705;0.8355;0.1561;4.1776;0.1692;0.9538;0.9554;2.4405;0.6933;4.3041;0.0317;0.0344;1.8181;0.0387;0.8244;3.2409;1.0119;3.4441;3.5166,bytes=555750335-556651999;bytes=446882871-447774146;bytes=823353710-824262415;bytes=1656381142-1656502450;bytes=937865293-937946308;bytes=129421908-129600871;bytes=937946309-938056931;bytes=479941553-480850432;bytes=625779422-626678676;bytes=831223479-831318248;bytes=934176774-935071967;bytes=145585441-145671251;bytes=932897253-933791248;bytes=830047087-830943652;bytes=826966467-827061254;bytes=475861054-476764725;bytes=897086178-897985756;bytes=99839545-100736162;bytes=1048748111-1048842730;bytes=1048842731-1048931148;bytes=624857988-625779421;bytes=1057237479-1057349896;bytes=872733772-873638586;bytes=360738147-360814686;bytes=819275043-820174259;bytes=344472510-344588849;bytes=292077097-292969385,4abf9a70;124c64f3;d7749d85;8ce66c82;d4525dec;0e2fce93;6696f628;a55179da;5ac57abb;a9efb138;ca50266d;db2d262f;ff79c3be;c3dbf3b4;a41909fa;b0945979;acbd7390;f5873d23;f3212196;c93b832d;be494b02;70addb04;3b14d15b;0a34879b;64945272;0b705c5f;b08d4115
5,5,240,success,None,22/Jul/2026:17:24:26.114874,22/Jul/2026:17:24:26.963563,0.8487,29,22/Jul/2026:17:24:21.966620;22/Jul/2026:17:24:25.986663;22/Jul/2026:17:24:23.815139;22/Jul/2026:17:24:24.461885;22/Jul/2026:17:24:25.298599;22/Jul/2026:17:24:25.986409;22/Jul/2026:17:24:21.967683;22/Jul/2026:17:24:25.986080;22/Jul/2026:17:24:25.298461;22/Jul/2026:17:24:25.296893;22/Jul/2026:17:24:23.814487;22/Jul/2026:17:24:25.563651;22/Jul/2026:17:24:21.965980;22/Jul/2026:17:24:26.240343;22/Jul/2026:17:24:26.240426;22/Jul/2026:17:24:24.461818;22/Jul/2026:17:24:26.241648;22/Jul/2026:17:24:25.482308;22/Jul/2026:17:24:23.066052;22/Jul/2026:17:24:25.295773;22/Jul/2026:17:24:22.875465;22/Jul/2026:17:24:22.841964;22/Jul/2026:17:24:21.968554;22/Jul/2026:17:24:25.987316;22/Jul/2026:17:24:25.296010;22/Jul/2026:17:24:26.348990;22/Jul/2026:17:24:26.241927;22/Jul/2026:17:24:25.564558;22/Jul/2026:17:24:25.986475,4.1599;0.1399;2.3150;1.6705;0.8355;0.1561;4.1776;0.1692;0.9538;0.9554;2.4405;0.6933;4.3041;0.0317;0.0344;1.8181;0.0387;0.8244;3.2409;1.0119;3.4441;3.5166;4.5508;0.5341;1.2275;0.1756;0.2957;0.9731;0.5730,bytes=129421908-129600871;bytes=937946309-938056931;bytes=479941553-480850432;bytes=625779422-626678676;bytes=831223479-831318248;bytes=934176774-935071967;bytes=145585441-145671251;bytes=932897253-933791248;bytes=830047087-830943652;bytes=826966467-827061254;bytes=475861054-476764725;bytes=897086178-897985756;bytes=99839545-100736162;bytes=1048748111-1048842730;bytes=1048842731-1048931148;bytes=624857988-625779421;bytes=1057237479-1057349896;bytes=872733772-873638586;bytes=360738147-360814686;bytes=819275043-820174259;bytes=344472510-344588849;bytes=292077097-292969385;bytes=190320567-190414876;bytes=941918263-942023508;bytes=821978783-822890261;bytes=1135450991-1135624981;bytes=1057349897-1057454774;bytes=904014758-904925129;bytes=935071968-935966828,0e2fce93;6696f628;a55179da;5ac57abb;a9efb138;ca50266d;db2d262f;ff79c3be;c3dbf3b4;a41909fa;b0945979;acbd7390;f5873d23;f3212196;c93b832d;be494b02;70addb04;3b14d15b;0a34879b;64945272;0b705c5f;b08d4115;61e4167e;633db32b;2c653a61;a31064a4;d0a0b933;23cf33f2;d4724cd7
5,5,261,success,None,22/Jul/2026:17:24:26.259108,22/Jul/2026:17:24:27.099898,0.8408,23,22/Jul/2026:17:24:21.965980;22/Jul/2026:17:24:26.240343;22/Jul/2026:17:24:26.240426;22/Jul/2026:17:24:24.461818;22/Jul/2026:17:24:26.241648;22/Jul/2026:17:24:25.482308;22/Jul/2026:17:24:23.066052;22/Jul/2026:17:24:25.295773;22/Jul/2026:17:24:22.875465;22/Jul/2026:17:24:22.841964;22/Jul/2026:17:24:21.968554;22/Jul/2026:17:24:25.987316;22/Jul/2026:17:24:25.296010;22/Jul/2026:17:24:26.348990;22/Jul/2026:17:24:26.241927;22/Jul/2026:17:24:25.564558;22/Jul/2026:17:24:25.986475;22/Jul/2026:17:24:26.268891;22/Jul/2026:17:24:23.961804;22/Jul/2026:17:24:23.743809;22/Jul/2026:17:24:26.269259;22/Jul/2026:17:24:26.116364;22/Jul/2026:17:24:26.347979,4.3041;0.0317;0.0344;1.8181;0.0387;0.8244;3.2409;1.0119;3.4441;3.5166;4.5508;0.5341;1.2275;0.1756;0.2957;0.9731;0.5730;0.7043;3.0138;3.2327;0.7282;0.9131;0.6984,bytes=99839545-100736162;bytes=1048748111-1048842730;bytes=1048842731-1048931148;bytes=624857988-625779421;bytes=1057237479-1057349896;bytes=872733772-873638586;bytes=360738147-360814686;bytes=819275043-820174259;bytes=344472510-344588849;bytes=292077097-292969385;bytes=190320567-190414876;bytes=941918263-942023508;bytes=821978783-822890261;bytes=1135450991-1135624981;bytes=1057349897-1057454774;bytes=904014758-904925129;bytes=935071968-935966828;bytes=1080170729-1081053818;bytes=552758885-552830568;bytes=458890134-459088627;bytes=1081053819-1081943355;bytes=987368605-987481768;bytes=1123742627-1124643377,f5873d23;f3212196;c93b832d;be494b02;70addb04;3b14d15b;0a34879b;64945272;0b705c5f;b08d4115;61e4167e;633db32b;2c653a61;a31064a4;d0a0b933;23cf33f2;d4724cd7;ea95f8bc;d9092c19;874aebf3;df00a1c5;d10254fd;8bd9698c
5,5,255,success,None,22/Jul/2026:17:24:26.238792,22/Jul/2026:17:24:27.114899,0.8761,32,22/Jul/2026:17:24:25.298461;22/Jul/2026:17:24:25.296893;22/Jul/2026:17:24:23.814487;22/Jul/2026:17:24:25.563651;22/Jul/2026:17:24:21.965980;22/Jul/2026:17:24:26.240343;22/Jul/2026:17:24:26.240426;22/Jul/2026:17:24:24.461818;22/Jul/2026:17:24:26.241648;22/Jul/2026:17:24:25.482308;22/Jul/2026:17:24:23.066052;22/Jul/2026:17:24:25.295773;22/Jul/2026:17:24:22.875465;22/Jul/2026:17:24:22.841964;22/Jul/2026:17:24:21.968554;22/Jul/2026:17:24:25.987316;22/Jul/2026:17:24:25.296010;22/Jul/2026:17:24:26.348990;22/Jul/2026:17:24:26.241927;22/Jul/2026:17:24:25.564558;22/Jul/2026:17:24:25.986475;22/Jul/2026:17:24:26.268891;22/Jul/2026:17:24:23.961804;22/Jul/2026:17:24:23.743809;22/Jul/2026:17:24:26.269259;22/Jul/2026:17:24:26.116364;22/Jul/2026:17:24:26.347979;22/Jul/2026:17:24:24.816695;22/Jul/2026:17:24:26.965567;22/Jul/2026:17:24:26.348665;22/Jul/2026:17:24:23.066505;22/Jul/2026:17:24:26.966539,0.9538;0.9554;2.4405;0.6933;4.3041;0.0317;0.0344;1.8181;0.0387;0.8244;3.2409;1.0119;3.4441;3.5166;4.5508;0.5341;1.2275;0.1756;0.2957;0.9731;0.5730;0.7043;3.0138;3.2327;0.7282;0.9131;0.6984;2.2911;0.1447;0.7619;4.0445;0.1455,bytes=830047087-830943652;bytes=826966467-827061254;bytes=475861054-476764725;bytes=897086178-897985756;bytes=99839545-100736162;bytes=1048748111-1048842730;bytes=1048842731-1048931148;bytes=624857988-625779421;bytes=1057237479-1057349896;bytes=872733772-873638586;bytes=360738147-360814686;bytes=819275043-820174259;bytes=344472510-344588849;bytes=292077097-292969385;bytes=190320567-190414876;bytes=941918263-942023508;bytes=821978783-822890261;bytes=1135450991-1135624981;bytes=1057349897-1057454774;bytes=904014758-904925129;bytes=935071968-935966828;bytes=1080170729-1081053818;bytes=552758885-552830568;bytes=458890134-459088627;bytes=1081053819-1081943355;bytes=987368605-987481768;bytes=1123742627-1124643377;bytes=710223012-711154066;bytes=1193097806-1193180880;bytes=1128609553-1129491367;bytes=364786456-364873418;bytes=1201170856-1201267339,c3dbf3b4;a41909fa;b0945979;acbd7390;f5873d23;f3212196;c93b832d;be494b02;70addb04;3b14d15b;0a34879b;64945272;0b705c5f;b08d4115;61e4167e;633db32b;2c653a61;a31064a4;d0a0b933;23cf33f2;d4724cd7;ea95f8bc;d9092c19;874aebf3;df00a1c5;d10254fd;8bd9698c;85ea28f7;bde09172;73defcf1;6712f7b2;e07a76ac
5,5,275,success,None,22/Jul/2026:17:24:26.347355,22/Jul/2026:17:24:27.202933,0.8556,28,22/Jul/2026:17:24:22.841964;22/Jul/2026:17:24:21.968554;22/Jul/2026:17:24:25.987316;22/Jul/2026:17:24:25.296010;22/Jul/2026:17:24:26.348990;22/Jul/2026:17:24:26.241927;22/Jul/2026:17:24:25.564558;22/Jul/2026:17:24:25.986475;22/Jul/2026:17:24:26.268891;22/Jul/2026:17:24:23.961804;22/Jul/2026:17:24:23.743809;22/Jul/2026:17:24:26.269259;22/Jul/2026:17:24:26.116364;22/Jul/2026:17:24:26.347979;22/Jul/2026:17:24:24.816695;22/Jul/2026:17:24:26.965567;22/Jul/2026:17:24:26.348665;22/Jul/2026:17:24:23.066505;22/Jul/2026:17:24:26.966539;22/Jul/2026:17:24:11.511556;22/Jul/2026:17:24:26.348256;22/Jul/2026:17:24:24.816295;22/Jul/2026:17:24:25.482383;22/Jul/2026:17:24:24.816621;22/Jul/2026:17:24:25.482139;22/Jul/2026:17:24:26.511466;22/Jul/2026:17:24:24.263645;22/Jul/2026:17:24:24.492854,3.5166;4.5508;0.5341;1.2275;0.1756;0.2957;0.9731;0.5730;0.7043;3.0138;3.2327;0.7282;0.9131;0.6984;2.2911;0.1447;0.7619;4.0445;0.1455;15.6083;0.7786;2.3127;1.6596;2.3300;1.6683;0.6401;2.8889;2.6718,bytes=292077097-292969385;bytes=190320567-190414876;bytes=941918263-942023508;bytes=821978783-822890261;bytes=1135450991-1135624981;bytes=1057349897-1057454774;bytes=904014758-904925129;bytes=935071968-935966828;bytes=1080170729-1081053818;bytes=552758885-552830568;bytes=458890134-459088627;bytes=1081053819-1081943355;bytes=987368605-987481768;bytes=1123742627-1124643377;bytes=710223012-711154066;bytes=1193097806-1193180880;bytes=1128609553-1129491367;bytes=364786456-364873418;bytes=1201170856-1201267339;bytes=1835202920-1836096547;bytes=1126415456-1127316506;bytes=708035812-708221433;bytes=873638587-874524200;bytes=709330376-710223011;bytes=876343105-876447698;bytes=1156366251-1156590784;bytes=606037159-606230135;bytes=663756106-664638262,b08d4115;61e4167e;633db32b;2c653a61;a31064a4;d0a0b933;23cf33f2;d4724cd7;ea95f8bc;d9092c19;874aebf3;df00a1c5;d10254fd;8bd9698c;85ea28f7;bde09172;73defcf1;6712f7b2;e07a76ac;00823b3c;9dc14b52;0d5977ab;0ce49987;f872c00a;4267db35;3f359fcb;acac5222;bfdbcbf0
5,5,282,success,None,22/Jul/2026:17:24:26.510207,22/Jul/2026:17:24:27.338848,0.8286,38,22/Jul/2026:17:24:21.968554;22/Jul/2026:17:24:25.987316;22/Jul/2026:17:24:25.296010;22/Jul/2026:17:24:26.348990;22/Jul/2026:17:24:26.241927;22/Jul/2026:17:24:25.564558;22/Jul/2026:17:24:25.986475;22/Jul/2026:17:24:26.268891;22/Jul/2026:17:24:23.961804;22/Jul/2026:17:24:23.743809;22/Jul/2026:17:24:26.269259;22/Jul/2026:17:24:26.116364;22/Jul/2026:17:24:26.347979;22/Jul/2026:17:24:24.816695;22/Jul/2026:17:24:26.965567;22/Jul/2026:17:24:26.348665;22/Jul/2026:17:24:23.066505;22/Jul/2026:17:24:26.966539;22/Jul/2026:17:24:11.511556;22/Jul/2026:17:24:26.348256;22/Jul/2026:17:24:24.816295;22/Jul/2026:17:24:25.482383;22/Jul/2026:17:24:24.816621;22/Jul/2026:17:24:25.482139;22/Jul/2026:17:24:26.511466;22/Jul/2026:17:24:24.263645;22/Jul/2026:17:24:24.492854;22/Jul/2026:17:24:26.117693;22/Jul/2026:17:24:26.266158;22/Jul/2026:17:24:25.565072;22/Jul/2026:17:24:26.239439;22/Jul/2026:17:24:26.349131;22/Jul/2026:17:24:26.267259;22/Jul/2026:17:24:09.280873;22/Jul/2026:17:24:26.965824;22/Jul/2026:17:24:27.204429;22/Jul/2026:17:24:27.101342;22/Jul/2026:17:24:26.262170,4.5508;0.5341;1.2275;0.1756;0.2957;0.9731;0.5730;0.7043;3.0138;3.2327;0.7282;0.9131;0.6984;2.2911;0.1447;0.7619;4.0445;0.1455;15.6083;0.7786;2.3127;1.6596;2.3300;1.6683;0.6401;2.8889;2.6718;1.0941;0.9467;1.6479;0.9778;0.8710;0.9544;17.9597;0.2760;0.0410;0.1479;0.9873,bytes=190320567-190414876;bytes=941918263-942023508;bytes=821978783-822890261;bytes=1135450991-1135624981;bytes=1057349897-1057454774;bytes=904014758-904925129;bytes=935071968-935966828;bytes=1080170729-1081053818;bytes=552758885-552830568;bytes=458890134-459088627;bytes=1081053819-1081943355;bytes=987368605-987481768;bytes=1123742627-1124643377;bytes=710223012-711154066;bytes=1193097806-1193180880;bytes=1128609553-1129491367;bytes=364786456-364873418;bytes=1201170856-1201267339;bytes=1835202920-1836096547;bytes=1126415456-1127316506;bytes=708035812-708221433;bytes=873638587-874524200;bytes=709330376-710223011;bytes=876343105-876447698;bytes=1156366251-1156590784;bytes=606037159-606230135;bytes=663756106-664638262;bytes=999333797-999414189;bytes=1072163062-1073081723;bytes=907318977-908256745;bytes=1042030339-1042928619;bytes=1131872361-1132765132;bytes=1074402903-1075311356;bytes=1457161496-1457279875;bytes=1192114660-1193008034;bytes=1296181031-1296274306;bytes=1210092025-1210309342;bytes=1067210269-1068090588,61e4167e;633db32b;2c653a61;a31064a4;d0a0b933;23cf33f2;d4724cd7;ea95f8bc;d9092c19;874aebf3;df00a1c5;d10254fd;8bd9698c;85ea28f7;bde09172;73defcf1;6712f7b2;e07a76ac;00823b3c;9dc14b52;0d5977ab;0ce49987;f872c00a;4267db35;3f359fcb;acac5222;bfdbcbf0;b0dffff9;98e4e4bf;147a48a4;c360aa59;95a8982d;b7aee059;fb39d7ca;ffa7c743;5055b503;7e1ebb0b;b10a2edf
5,5,289,success,None,22/Jul/2026:17:24:26.963869,22/Jul/2026:17:24:27.616142,0.6523,35,22/Jul/2026:17:24:26.268891;22/Jul/2026:17:24:23.961804;22/Jul/2026:17:24:23.743809;22/Jul/2026:17:24:26.269259;22/Jul/2026:17:24:26.116364;22/Jul/2026:17:24:26.347979;22/Jul/2026:17:24:24.816695;22/Jul/2026:17:24:26.965567;22/Jul/2026:17:24:26.348665;22/Jul/2026:17:24:23.066505;22/Jul/2026:17:24:26.966539;22/Jul/2026:17:24:11.511556;22/Jul/2026:17:24:26.348256;22/Jul/2026:17:24:24.816295;22/Jul/2026:17:24:25.482383;22/Jul/2026:17:24:24.816621;22/Jul/2026:17:24:25.482139;22/Jul/2026:17:24:26.511466;22/Jul/2026:17:24:24.263645;22/Jul/2026:17:24:24.492854;22/Jul/2026:17:24:26.117693;22/Jul/2026:17:24:26.266158;22/Jul/2026:17:24:25.565072;22/Jul/2026:17:24:26.239439;22/Jul/2026:17:24:26.349131;22/Jul/2026:17:24:26.267259;22/Jul/2026:17:24:09.280873;22/Jul/2026:17:24:26.965824;22/Jul/2026:17:24:27.204429;22/Jul/2026:17:24:27.101342;22/Jul/2026:17:24:26.262170;22/Jul/2026:17:24:27.101450;22/Jul/2026:17:24:27.204961;22/Jul/2026:17:24:25.297397;22/Jul/2026:17:24:27.118648,0.7043;3.0138;3.2327;0.7282;0.9131;0.6984;2.2911;0.1447;0.7619;4.0445;0.1455;15.6083;0.7786;2.3127;1.6596;2.3300;1.6683;0.6401;2.8889;2.6718;1.0941;0.9467;1.6479;0.9778;0.8710;0.9544;17.9597;0.2760;0.0410;0.1479;0.9873;0.2410;0.1432;2.0609;0.2426,bytes=1080170729-1081053818;bytes=552758885-552830568;bytes=458890134-459088627;bytes=1081053819-1081943355;bytes=987368605-987481768;bytes=1123742627-1124643377;bytes=710223012-711154066;bytes=1193097806-1193180880;bytes=1128609553-1129491367;bytes=364786456-364873418;bytes=1201170856-1201267339;bytes=1835202920-1836096547;bytes=1126415456-1127316506;bytes=708035812-708221433;bytes=873638587-874524200;bytes=709330376-710223011;bytes=876343105-876447698;bytes=1156366251-1156590784;bytes=606037159-606230135;bytes=663756106-664638262;bytes=999333797-999414189;bytes=1072163062-1073081723;bytes=907318977-908256745;bytes=1042030339-1042928619;bytes=1131872361-1132765132;bytes=1074402903-1075311356;bytes=1457161496-1457279875;bytes=1192114660-1193008034;bytes=1296181031-1296274306;bytes=1210092025-1210309342;bytes=1067210269-1068090588;bytes=1213897731-1214015633;bytes=1300381180-1300484390;bytes=827170828-827264790;bytes=1279795873-1279988950,ea95f8bc;d9092c19;874aebf3;df00a1c5;d10254fd;8bd9698c;85ea28f7;bde09172;73defcf1;6712f7b2;e07a76ac;00823b3c;9dc14b52;0d5977ab;0ce49987;f872c00a;4267db35;3f359fcb;acac5222;bfdbcbf0;b0dffff9;98e4e4bf;147a48a4;c360aa59;95a8982d;b7aee059;fb39d7ca;ffa7c743;5055b503;7e1ebb0b;b10a2edf;502f1bfd;fe67702e;eeac497a;da929aa8
5,5,308,success,None,22/Jul/2026:17:24:27.115231,22/Jul/2026:17:24:27.995121,0.8799,24,22/Jul/2026:17:24:11.511556;22/Jul/2026:17:24:26.348256;22/Jul/2026:17:24:24.816295;22/Jul/2026:17:24:25.482383;22/Jul/2026:17:24:24.816621;22/Jul/2026:17:24:25.482139;22/Jul/2026:17:24:26.511466;22/Jul/2026:17:24:24.263645;22/Jul/2026:17:24:24.492854;22/Jul/2026:17:24:26.117693;22/Jul/2026:17:24:26.266158;22/Jul/2026:17:24:25.565072;22/Jul/2026:17:24:26.239439;22/Jul/2026:17:24:26.349131;22/Jul/2026:17:24:26.267259;22/Jul/2026:17:24:09.280873;22/Jul/2026:17:24:26.965824;22/Jul/2026:17:24:27.204429;22/Jul/2026:17:24:27.101342;22/Jul/2026:17:24:26.262170;22/Jul/2026:17:24:27.101450;22/Jul/2026:17:24:27.204961;22/Jul/2026:17:24:25.297397;22/Jul/2026:17:24:27.118648,15.6083;0.7786;2.3127;1.6596;2.3300;1.6683;0.6401;2.8889;2.6718;1.0941;0.9467;1.6479;0.9778;0.8710;0.9544;17.9597;0.2760;0.0410;0.1479;0.9873;0.2410;0.1432;2.0609;0.2426,bytes=1835202920-1836096547;bytes=1126415456-1127316506;bytes=708035812-708221433;bytes=873638587-874524200;bytes=709330376-710223011;bytes=876343105-876447698;bytes=1156366251-1156590784;bytes=606037159-606230135;bytes=663756106-664638262;bytes=999333797-999414189;bytes=1072163062-1073081723;bytes=907318977-908256745;bytes=1042030339-1042928619;bytes=1131872361-1132765132;bytes=1074402903-1075311356;bytes=1457161496-1457279875;bytes=1192114660-1193008034;bytes=1296181031-1296274306;bytes=1210092025-1210309342;bytes=1067210269-1068090588;bytes=1213897731-1214015633;bytes=1300381180-1300484390;bytes=827170828-827264790;bytes=1279795873-1279988950,00823b3c;9dc14b52;0d5977ab;0ce49987;f872c00a;4267db35;3f359fcb;acac5222;bfdbcbf0;b0dffff9;98e4e4bf;147a48a4;c360aa59;95a8982d;b7aee059;fb39d7ca;ffa7c743;5055b503;7e1ebb0b;b10a2edf;502f1bfd;fe67702e;eeac497a;da929aa8
5,5,295,success,None,22/Jul/2026:17:24:27.100210,22/Jul/2026:17:24:28.003489,0.9033,30,22/Jul/2026:17:24:24.816695;22/Jul/2026:17:24:26.965567;22/Jul/2026:17:24:26.348665;22/Jul/2026:17:24:23.066505;22/Jul/2026:17:24:26.966539;22/Jul/2026:17:24:11.511556;22/Jul/2026:17:24:26.348256;22/Jul/2026:17:24:24.816295;22/Jul/2026:17:24:25.482383;22/Jul/2026:17:24:24.816621;22/Jul/2026:17:24:25.482139;22/Jul/2026:17:24:26.511466;22/Jul/2026:17:24:24.263645;22/Jul/2026:17:24:24.492854;22/Jul/2026:17:24:26.117693;22/Jul/2026:17:24:26.266158;22/Jul/2026:17:24:25.565072;22/Jul/2026:17:24:26.239439;22/Jul/2026:17:24:26.349131;22/Jul/2026:17:24:26.267259;22/Jul/2026:17:24:09.280873;22/Jul/2026:17:24:26.965824;22/Jul/2026:17:24:27.204429;22/Jul/2026:17:24:27.101342;22/Jul/2026:17:24:26.262170;22/Jul/2026:17:24:27.101450;22/Jul/2026:17:24:27.204961;22/Jul/2026:17:24:25.297397;22/Jul/2026:17:24:27.118648;22/Jul/2026:17:24:27.619022,2.2911;0.1447;0.7619;4.0445;0.1455;15.6083;0.7786;2.3127;1.6596;2.3300;1.6683;0.6401;2.8889;2.6718;1.0941;0.9467;1.6479;0.9778;0.8710;0.9544;17.9597;0.2760;0.0410;0.1479;0.9873;0.2410;0.1432;2.0609;0.2426;0.3831,bytes=710223012-711154066;bytes=1193097806-1193180880;bytes=1128609553-1129491367;bytes=364786456-364873418;bytes=1201170856-1201267339;bytes=1835202920-1836096547;bytes=1126415456-1127316506;bytes=708035812-708221433;bytes=873638587-874524200;bytes=709330376-710223011;bytes=876343105-876447698;bytes=1156366251-1156590784;bytes=606037159-606230135;bytes=663756106-664638262;bytes=999333797-999414189;bytes=1072163062-1073081723;bytes=907318977-908256745;bytes=1042030339-1042928619;bytes=1131872361-1132765132;bytes=1074402903-1075311356;bytes=1457161496-1457279875;bytes=1192114660-1193008034;bytes=1296181031-1296274306;bytes=1210092025-1210309342;bytes=1067210269-1068090588;bytes=1213897731-1214015633;bytes=1300381180-1300484390;bytes=827170828-827264790;bytes=1279795873-1279988950;bytes=1393191099-1394118841,85ea28f7;bde09172;73defcf1;6712f7b2;e07a76ac;00823b3c;9dc14b52;0d5977ab;0ce49987;f872c00a;4267db35;3f359fcb;acac5222;bfdbcbf0;b0dffff9;98e4e4bf;147a48a4;c360aa59;95a8982d;b7aee059;fb39d7ca;ffa7c743;5055b503;7e1ebb0b;b10a2edf;502f1bfd;fe67702e;eeac497a;da929aa8;7b14c8ca
5,5,330,success,None,22/Jul/2026:17:24:27.339181,22/Jul/2026:17:24:28.011162,0.6720,10,22/Jul/2026:17:24:27.101450;22/Jul/2026:17:24:27.204961;22/Jul/2026:17:24:25.297397;22/Jul/2026:17:24:27.118648;22/Jul/2026:17:24:27.619022;22/Jul/2026:17:24:27.342365;22/Jul/2026:17:24:27.116726;22/Jul/2026:17:24:25.985233;22/Jul/2026:17:24:25.295945;22/Jul/2026:17:24:27.340493,0.2410;0.1432;2.0609;0.2426;0.3831;0.6676;0.8932;2.0247;2.7140;0.6695,bytes=1213897731-1214015633;bytes=1300381180-1300484390;bytes=827170828-827264790;bytes=1279795873-1279988950;bytes=1393191099-1394118841;bytes=1370772023-1370873808;bytes=1264951591-1265833623;bytes=926235180-927143996;bytes=821056100-821978782;bytes=1358379818-1358480174,502f1bfd;fe67702e;eeac497a;da929aa8;7b14c8ca;59733da1;7e7f039a;c05f723c;e8c22969;f4126359
5,5,315,success,None,22/Jul/2026:17:24:27.203274,22/Jul/2026:17:24:28.164077,0.9608,33,22/Jul/2026:17:24:26.117693;22/Jul/2026:17:24:26.266158;22/Jul/2026:17:24:25.565072;22/Jul/2026:17:24:26.239439;22/Jul/2026:17:24:26.349131;22/Jul/2026:17:24:26.267259;22/Jul/2026:17:24:09.280873;22/Jul/2026:17:24:26.965824;22/Jul/2026:17:24:27.204429;22/Jul/2026:17:24:27.101342;22/Jul/2026:17:24:26.262170;22/Jul/2026:17:24:27.101450;22/Jul/2026:17:24:27.204961;22/Jul/2026:17:24:25.297397;22/Jul/2026:17:24:27.118648;22/Jul/2026:17:24:27.619022;22/Jul/2026:17:24:27.342365;22/Jul/2026:17:24:27.116726;22/Jul/2026:17:24:25.985233;22/Jul/2026:17:24:25.295945;22/Jul/2026:17:24:27.340493;22/Jul/2026:17:24:25.565660;22/Jul/2026:17:24:26.240782;22/Jul/2026:17:24:27.118191;22/Jul/2026:17:24:27.996698;22/Jul/2026:17:24:27.619227;22/Jul/2026:17:24:21.963440;22/Jul/2026:17:24:26.239725;22/Jul/2026:17:24:26.512341;22/Jul/2026:17:24:27.618146;22/Jul/2026:17:24:27.116013;22/Jul/2026:17:24:28.004982;22/Jul/2026:17:24:27.116789,1.0941;0.9467;1.6479;0.9778;0.8710;0.9544;17.9597;0.2760;0.0410;0.1479;0.9873;0.2410;0.1432;2.0609;0.2426;0.3831;0.6676;0.8932;2.0247;2.7140;0.6695;2.4463;1.7751;0.8981;0.0207;0.3987;6.0556;1.7844;1.5145;0.4294;0.9322;0.0568;0.9697,bytes=999333797-999414189;bytes=1072163062-1073081723;bytes=907318977-908256745;bytes=1042030339-1042928619;bytes=1131872361-1132765132;bytes=1074402903-1075311356;bytes=1457161496-1457279875;bytes=1192114660-1193008034;bytes=1296181031-1296274306;bytes=1210092025-1210309342;bytes=1067210269-1068090588;bytes=1213897731-1214015633;bytes=1300381180-1300484390;bytes=827170828-827264790;bytes=1279795873-1279988950;bytes=1393191099-1394118841;bytes=1370772023-1370873808;bytes=1264951591-1265833623;bytes=926235180-927143996;bytes=821056100-821978782;bytes=1358379818-1358480174;bytes=909777506-910654116;bytes=1047850140-1048748110;bytes=1273123362-1274006926;bytes=1444456723-1444533543;bytes=1395388933-1395602687;bytes=64350431-65253999;bytes=1043846130-1044733552;bytes=1162568151-1163476335;bytes=1387152925-1387264008;bytes=1259870837-1260745814;bytes=1473723708-1473821257;bytes=1265833624-1266759445,b0dffff9;98e4e4bf;147a48a4;c360aa59;95a8982d;b7aee059;fb39d7ca;ffa7c743;5055b503;7e1ebb0b;b10a2edf;502f1bfd;fe67702e;eeac497a;da929aa8;7b14c8ca;59733da1;7e7f039a;c05f723c;e8c22969;f4126359;ae622dae;80a5948c;c434eeb4;c16f4ae4;63015cb9;74f32446;511a3cbb;5e990aed;efbc9424;e1d50e19;3c57084f;92d2d514
5,5,337,success,None,22/Jul/2026:17:24:27.616469,22/Jul/2026:17:24:28.442120,0.8256,23,22/Jul/2026:17:24:27.619022;22/Jul/2026:17:24:27.342365;22/Jul/2026:17:24:27.116726;22/Jul/2026:17:24:25.985233;22/Jul/2026:17:24:25.295945;22/Jul/2026:17:24:27.340493;22/Jul/2026:17:24:25.565660;22/Jul/2026:17:24:26.240782;22/Jul/2026:17:24:27.118191;22/Jul/2026:17:24:27.996698;22/Jul/2026:17:24:27.619227;22/Jul/2026:17:24:21.963440;22/Jul/2026:17:24:26.239725;22/Jul/2026:17:24:26.512341;22/Jul/2026:17:24:27.618146;22/Jul/2026:17:24:27.116013;22/Jul/2026:17:24:28.004982;22/Jul/2026:17:24:27.116789;22/Jul/2026:17:24:26.116705;22/Jul/2026:17:24:26.242002;22/Jul/2026:17:24:25.302156;22/Jul/2026:17:24:24.262822;22/Jul/2026:17:24:27.116109,0.3831;0.6676;0.8932;2.0247;2.7140;0.6695;2.4463;1.7751;0.8981;0.0207;0.3987;6.0556;1.7844;1.5145;0.4294;0.9322;0.0568;0.9697;2.0612;1.9360;2.8765;3.9186;1.0877,bytes=1393191099-1394118841;bytes=1370772023-1370873808;bytes=1264951591-1265833623;bytes=926235180-927143996;bytes=821056100-821978782;bytes=1358379818-1358480174;bytes=909777506-910654116;bytes=1047850140-1048748110;bytes=1273123362-1274006926;bytes=1444456723-1444533543;bytes=1395388933-1395602687;bytes=64350431-65253999;bytes=1043846130-1044733552;bytes=1162568151-1163476335;bytes=1387152925-1387264008;bytes=1259870837-1260745814;bytes=1473723708-1473821257;bytes=1265833624-1266759445;bytes=989266405-990180068;bytes=1053613762-1054506869;bytes=851296805-851385937;bytes=598113515-599002197;bytes=1260745815-1261622240,7b14c8ca;59733da1;7e7f039a;c05f723c;e8c22969;f4126359;ae622dae;80a5948c;c434eeb4;c16f4ae4;63015cb9;74f32446;511a3cbb;5e990aed;efbc9424;e1d50e19;3c57084f;92d2d514;18ba72df;42fd4706;e04b0ce4;c61e4c85;1453200f
5,5,351,success,None,22/Jul/2026:17:24:27.995459,22/Jul/2026:17:24:28.810530,0.8151,27,22/Jul/2026:17:24:27.619022;22/Jul/2026:17:24:27.342365;22/Jul/2026:17:24:27.116726;22/Jul/2026:17:24:25.985233;22/Jul/2026:17:24:25.295945;22/Jul/2026:17:24:27.340493;22/Jul/2026:17:24:25.565660;22/Jul/2026:17:24:26.240782;22/Jul/2026:17:24:27.118191;22/Jul/2026:17:24:27.996698;22/Jul/2026:17:24:27.619227;22/Jul/2026:17:24:21.963440;22/Jul/2026:17:24:26.239725;22/Jul/2026:17:24:26.512341;22/Jul/2026:17:24:27.618146;22/Jul/2026:17:24:27.116013;22/Jul/2026:17:24:28.004982;22/Jul/2026:17:24:27.116789;22/Jul/2026:17:24:26.116705;22/Jul/2026:17:24:26.242002;22/Jul/2026:17:24:25.302156;22/Jul/2026:17:24:24.262822;22/Jul/2026:17:24:27.116109;22/Jul/2026:17:24:27.204231;22/Jul/2026:17:24:26.512014;22/Jul/2026:17:24:27.204365;22/Jul/2026:17:24:27.998815,0.3831;0.6676;0.8932;2.0247;2.7140;0.6695;2.4463;1.7751;0.8981;0.0207;0.3987;6.0556;1.7844;1.5145;0.4294;0.9322;0.0568;0.9697;2.0612;1.9360;2.8765;3.9186;1.0877;1.2496;1.9470;1.2657;0.4869,bytes=1393191099-1394118841;bytes=1370772023-1370873808;bytes=1264951591-1265833623;bytes=926235180-927143996;bytes=821056100-821978782;bytes=1358379818-1358480174;bytes=909777506-910654116;bytes=1047850140-1048748110;bytes=1273123362-1274006926;bytes=1444456723-1444533543;bytes=1395388933-1395602687;bytes=64350431-65253999;bytes=1043846130-1044733552;bytes=1162568151-1163476335;bytes=1387152925-1387264008;bytes=1259870837-1260745814;bytes=1473723708-1473821257;bytes=1265833624-1266759445;bytes=989266405-990180068;bytes=1053613762-1054506869;bytes=851296805-851385937;bytes=598113515-599002197;bytes=1260745815-1261622240;bytes=1291209639-1292101113;bytes=1160593757-1160804421;bytes=1292447688-1292562903;bytes=1453024520-1453122933,7b14c8ca;59733da1;7e7f039a;c05f723c;e8c22969;f4126359;ae622dae;80a5948c;c434eeb4;c16f4ae4;63015cb9;74f32446;511a3cbb;5e990aed;efbc9424;e1d50e19;3c57084f;92d2d514;18ba72df;42fd4706;e04b0ce4;c61e4c85;1453200f;3c4232ad;1b9f7697;4055195a;38489200
5,5,358,success,None,22/Jul/2026:17:24:28.003805,22/Jul/2026:17:24:28.929758,0.9259,32,22/Jul/2026:17:24:27.342365;22/Jul/2026:17:24:27.116726;22/Jul/2026:17:24:25.985233;22/Jul/2026:17:24:25.295945;22/Jul/2026:17:24:27.340493;22/Jul/2026:17:24:25.565660;22/Jul/2026:17:24:26.240782;22/Jul/2026:17:24:27.118191;22/Jul/2026:17:24:27.996698;22/Jul/2026:17:24:27.619227;22/Jul/2026:17:24:21.963440;22/Jul/2026:17:24:26.239725;22/Jul/2026:17:24:26.512341;22/Jul/2026:17:24:27.618146;22/Jul/2026:17:24:27.116013;22/Jul/2026:17:24:28.004982;22/Jul/2026:17:24:27.116789;22/Jul/2026:17:24:26.116705;22/Jul/2026:17:24:26.242002;22/Jul/2026:17:24:25.302156;22/Jul/2026:17:24:24.262822;22/Jul/2026:17:24:27.116109;22/Jul/2026:17:24:27.204231;22/Jul/2026:17:24:26.512014;22/Jul/2026:17:24:27.204365;22/Jul/2026:17:24:27.998815;22/Jul/2026:17:24:26.511163;22/Jul/2026:17:24:26.511024;22/Jul/2026:17:24:27.205393;22/Jul/2026:17:24:26.269609;22/Jul/2026:17:24:27.617773;22/Jul/2026:17:24:28.813496,0.6676;0.8932;2.0247;2.7140;0.6695;2.4463;1.7751;0.8981;0.0207;0.3987;6.0556;1.7844;1.5145;0.4294;0.9322;0.0568;0.9697;2.0612;1.9360;2.8765;3.9186;1.0877;1.2496;1.9470;1.2657;0.4869;2.3075;2.3096;1.6169;2.5538;1.2119;0.0460,bytes=1370772023-1370873808;bytes=1264951591-1265833623;bytes=926235180-927143996;bytes=821056100-821978782;bytes=1358379818-1358480174;bytes=909777506-910654116;bytes=1047850140-1048748110;bytes=1273123362-1274006926;bytes=1444456723-1444533543;bytes=1395388933-1395602687;bytes=64350431-65253999;bytes=1043846130-1044733552;bytes=1162568151-1163476335;bytes=1387152925-1387264008;bytes=1259870837-1260745814;bytes=1473723708-1473821257;bytes=1265833624-1266759445;bytes=989266405-990180068;bytes=1053613762-1054506869;bytes=851296805-851385937;bytes=598113515-599002197;bytes=1260745815-1261622240;bytes=1291209639-1292101113;bytes=1160593757-1160804421;bytes=1292447688-1292562903;bytes=1453024520-1453122933;bytes=1153240739-1154122775;bytes=1152351946-1153240738;bytes=1300581861-1300799751;bytes=1086083060-1086259664;bytes=1383135371-1384036236;bytes=1623287240-1623391613,59733da1;7e7f039a;c05f723c;e8c22969;f4126359;ae622dae;80a5948c;c434eeb4;c16f4ae4;63015cb9;74f32446;511a3cbb;5e990aed;efbc9424;e1d50e19;3c57084f;92d2d514;18ba72df;42fd4706;e04b0ce4;c61e4c85;1453200f;3c4232ad;1b9f7697;4055195a;38489200;b1ff01bd;4121b5ef;baffefaf;d06f00d7;04433a2f;34419c06
5,5,374,success,None,22/Jul/2026:17:24:28.164400,22/Jul/2026:17:24:28.939235,0.7748,15,22/Jul/2026:17:24:26.116705;22/Jul/2026:17:24:26.242002;22/Jul/2026:17:24:25.302156;22/Jul/2026:17:24:24.262822;22/Jul/2026:17:24:27.116109;22/Jul/2026:17:24:27.204231;22/Jul/2026:17:24:26.512014;22/Jul/2026:17:24:27.204365;22/Jul/2026:17:24:27.998815;22/Jul/2026:17:24:26.511163;22/Jul/2026:17:24:26.511024;22/Jul/2026:17:24:27.205393;22/Jul/2026:17:24:26.269609;22/Jul/2026:17:24:27.617773;22/Jul/2026:17:24:28.813496,2.0612;1.9360;2.8765;3.9186;1.0877;1.2496;1.9470;1.2657;0.4869;2.3075;2.3096;1.6169;2.5538;1.2119;0.0460,bytes=989266405-990180068;bytes=1053613762-1054506869;bytes=851296805-851385937;bytes=598113515-599002197;bytes=1260745815-1261622240;bytes=1291209639-1292101113;bytes=1160593757-1160804421;bytes=1292447688-1292562903;bytes=1453024520-1453122933;bytes=1153240739-1154122775;bytes=1152351946-1153240738;bytes=1300581861-1300799751;bytes=1086083060-1086259664;bytes=1383135371-1384036236;bytes=1623287240-1623391613,18ba72df;42fd4706;e04b0ce4;c61e4c85;1453200f;3c4232ad;1b9f7697;4055195a;38489200;b1ff01bd;4121b5ef;baffefaf;d06f00d7;04433a2f;34419c06
5,5,367,success,None,22/Jul/2026:17:24:28.011512,22/Jul/2026:17:24:28.942092,0.9306,33,22/Jul/2026:17:24:25.565660;22/Jul/2026:17:24:26.240782;22/Jul/2026:17:24:27.118191;22/Jul/2026:17:24:27.996698;22/Jul/2026:17:24:27.619227;22/Jul/2026:17:24:21.963440;22/Jul/2026:17:24:26.239725;22/Jul/2026:17:24:26.512341;22/Jul/2026:17:24:27.618146;22/Jul/2026:17:24:27.116013;22/Jul/2026:17:24:28.004982;22/Jul/2026:17:24:27.116789;22/Jul/2026:17:24:26.116705;22/Jul/2026:17:24:26.242002;22/Jul/2026:17:24:25.302156;22/Jul/2026:17:24:24.262822;22/Jul/2026:17:24:27.116109;22/Jul/2026:17:24:27.204231;22/Jul/2026:17:24:26.512014;22/Jul/2026:17:24:27.204365;22/Jul/2026:17:24:27.998815;22/Jul/2026:17:24:26.511163;22/Jul/2026:17:24:26.511024;22/Jul/2026:17:24:27.205393;22/Jul/2026:17:24:26.269609;22/Jul/2026:17:24:27.617773;22/Jul/2026:17:24:28.813496;22/Jul/2026:17:24:26.512072;22/Jul/2026:17:24:28.812504;22/Jul/2026:17:24:28.167152;22/Jul/2026:17:24:28.811838;22/Jul/2026:17:24:25.483019;22/Jul/2026:17:24:28.005160,2.4463;1.7751;0.8981;0.0207;0.3987;6.0556;1.7844;1.5145;0.4294;0.9322;0.0568;0.9697;2.0612;1.9360;2.8765;3.9186;1.0877;1.2496;1.9470;1.2657;0.4869;2.3075;2.3096;1.6169;2.5538;1.2119;0.0460;2.4282;0.1278;0.7731;0.1289;3.4577;0.9356,bytes=909777506-910654116;bytes=1047850140-1048748110;bytes=1273123362-1274006926;bytes=1444456723-1444533543;bytes=1395388933-1395602687;bytes=64350431-65253999;bytes=1043846130-1044733552;bytes=1162568151-1163476335;bytes=1387152925-1387264008;bytes=1259870837-1260745814;bytes=1473723708-1473821257;bytes=1265833624-1266759445;bytes=989266405-990180068;bytes=1053613762-1054506869;bytes=851296805-851385937;bytes=598113515-599002197;bytes=1260745815-1261622240;bytes=1291209639-1292101113;bytes=1160593757-1160804421;bytes=1292447688-1292562903;bytes=1453024520-1453122933;bytes=1153240739-1154122775;bytes=1152351946-1153240738;bytes=1300581861-1300799751;bytes=1086083060-1086259664;bytes=1383135371-1384036236;bytes=1623287240-1623391613;bytes=1164386203-1164503490;bytes=1619168689-1619285810;bytes=1546297568-1547233841;bytes=1615044245-1615161828;bytes=876752063-877656791;bytes=1470112443-1471020401,ae622dae;80a5948c;c434eeb4;c16f4ae4;63015cb9;74f32446;511a3cbb;5e990aed;efbc9424;e1d50e19;3c57084f;92d2d514;18ba72df;42fd4706;e04b0ce4;c61e4c85;1453200f;3c4232ad;1b9f7697;4055195a;38489200;b1ff01bd;4121b5ef;baffefaf;d06f00d7;04433a2f;34419c06;b65c5807;da2c9b89;9ad2ac8a;662ad7ef;6faa310f;861e76ff
5,5,382,success,None,22/Jul/2026:17:24:28.442443,22/Jul/2026:17:24:28.991443,0.5490,25,22/Jul/2026:17:24:27.204231;22/Jul/2026:17:24:26.512014;22/Jul/2026:17:24:27.204365;22/Jul/2026:17:24:27.998815;22/Jul/2026:17:24:26.511163;22/Jul/2026:17:24:26.511024;22/Jul/2026:17:24:27.205393;22/Jul/2026:17:24:26.269609;22/Jul/2026:17:24:27.617773;22/Jul/2026:17:24:28.813496;22/Jul/2026:17:24:26.512072;22/Jul/2026:17:24:28.812504;22/Jul/2026:17:24:28.167152;22/Jul/2026:17:24:28.811838;22/Jul/2026:17:24:25.483019;22/Jul/2026:17:24:28.005160;22/Jul/2026:17:24:28.444545;22/Jul/2026:17:24:26.965287;22/Jul/2026:17:24:28.007895;22/Jul/2026:17:24:28.012188;22/Jul/2026:17:24:26.349445;22/Jul/2026:17:24:24.227283;22/Jul/2026:17:24:26.261833;22/Jul/2026:17:24:28.013004;22/Jul/2026:17:24:28.934522,1.2496;1.9470;1.2657;0.4869;2.3075;2.3096;1.6169;2.5538;1.2119;0.0460;2.4282;0.1278;0.7731;0.1289;3.4577;0.9356;0.5028;1.9821;0.9450;0.9412;2.6079;4.7346;2.7000;0.9650;0.0527,bytes=1291209639-1292101113;bytes=1160593757-1160804421;bytes=1292447688-1292562903;bytes=1453024520-1453122933;bytes=1153240739-1154122775;bytes=1152351946-1153240738;bytes=1300581861-1300799751;bytes=1086083060-1086259664;bytes=1383135371-1384036236;bytes=1623287240-1623391613;bytes=1164386203-1164503490;bytes=1619168689-1619285810;bytes=1546297568-1547233841;bytes=1615044245-1615161828;bytes=876752063-877656791;bytes=1470112443-1471020401;bytes=1573626335-1574525660;bytes=1188081833-1188967181;bytes=1486029279-1486160245;bytes=1503189101-1504073806;bytes=1135870748-1135976822;bytes=585771586-585863644;bytes=1066316727-1067210268;bytes=1511269429-1511448028;bytes=1660602479-1660730410,3c4232ad;1b9f7697;4055195a;38489200;b1ff01bd;4121b5ef;baffefaf;d06f00d7;04433a2f;34419c06;b65c5807;da2c9b89;9ad2ac8a;662ad7ef;6faa310f;861e76ff;c0d9ca59;a996444b;a4bc15c4;535d2061;0567e31f;3aba8407;9186a381;0dc274f9;529db65a
5,5,392,success,None,22/Jul/2026:17:24:28.810845,22/Jul/2026:17:24:29.801914,0.9911,33,22/Jul/2026:17:24:26.511163;22/Jul/2026:17:24:26.511024;22/Jul/2026:17:24:27.205393;22/Jul/2026:17:24:26.269609;22/Jul/2026:17:24:27.617773;22/Jul/2026:17:24:28.813496;22/Jul/2026:17:24:26.512072;22/Jul/2026:17:24:28.812504;22/Jul/2026:17:24:28.167152;22/Jul/2026:17:24:28.811838;22/Jul/2026:17:24:25.483019;22/Jul/2026:17:24:28.005160;22/Jul/2026:17:24:28.444545;22/Jul/2026:17:24:26.965287;22/Jul/2026:17:24:28.007895;22/Jul/2026:17:24:28.012188;22/Jul/2026:17:24:26.349445;22/Jul/2026:17:24:24.227283;22/Jul/2026:17:24:26.261833;22/Jul/2026:17:24:28.013004;22/Jul/2026:17:24:28.934522;22/Jul/2026:17:24:28.933114;22/Jul/2026:17:24:27.102229;22/Jul/2026:17:24:26.267338;22/Jul/2026:17:24:28.445272;22/Jul/2026:17:24:28.934869;22/Jul/2026:17:24:28.948706;22/Jul/2026:17:24:28.005308;22/Jul/2026:17:24:28.005948;22/Jul/2026:17:24:28.948077;22/Jul/2026:17:24:24.919487;22/Jul/2026:17:24:28.812227;22/Jul/2026:17:24:24.462198,2.3075;2.3096;1.6169;2.5538;1.2119;0.0460;2.4282;0.1278;0.7731;0.1289;3.4577;0.9356;0.5028;1.9821;0.9450;0.9412;2.6079;4.7346;2.7000;0.9650;0.0527;0.0645;1.8962;2.7314;0.5907;0.1430;0.1508;1.1008;1.1019;0.1868;4.2232;0.3698;4.7291,bytes=1153240739-1154122775;bytes=1152351946-1153240738;bytes=1300581861-1300799751;bytes=1086083060-1086259664;bytes=1383135371-1384036236;bytes=1623287240-1623391613;bytes=1164386203-1164503490;bytes=1619168689-1619285810;bytes=1546297568-1547233841;bytes=1615044245-1615161828;bytes=876752063-877656791;bytes=1470112443-1471020401;bytes=1573626335-1574525660;bytes=1188081833-1188967181;bytes=1486029279-1486160245;bytes=1503189101-1504073806;bytes=1135870748-1135976822;bytes=585771586-585863644;bytes=1066316727-1067210268;bytes=1511269429-1511448028;bytes=1660602479-1660730410;bytes=1656502451-1656618240;bytes=1214484453-1215379021;bytes=1075311357-1076187499;bytes=1577820332-1578714513;bytes=1660730411-1660845354;bytes=1742961994-1743173610;bytes=1471909921-1472818690;bytes=1477913760-1478041719;bytes=1742774857-1742869508;bytes=745206094-745317824;bytes=1614029817-1614931817;bytes=630794135-630893868,b1ff01bd;4121b5ef;baffefaf;d06f00d7;04433a2f;34419c06;b65c5807;da2c9b89;9ad2ac8a;662ad7ef;6faa310f;861e76ff;c0d9ca59;a996444b;a4bc15c4;535d2061;0567e31f;3aba8407;9186a381;0dc274f9;529db65a;e45117d6;3d3be82c;c8385c20;a78ff4ed;4ab0ef44;9eda15e8;e50946dc;42f5031f;90868133;3b63e3d4;0a27c453;88d94b05
5,5,412,success,None,22/Jul/2026:17:24:28.939584,22/Jul/2026:17:24:29.838501,0.8989,30,22/Jul/2026:17:24:26.512072;22/Jul/2026:17:24:28.812504;22/Jul/2026:17:24:28.167152;22/Jul/2026:17:24:28.811838;22/Jul/2026:17:24:25.483019;22/Jul/2026:17:24:28.005160;22/Jul/2026:17:24:28.444545;22/Jul/2026:17:24:26.965287;22/Jul/2026:17:24:28.007895;22/Jul/2026:17:24:28.012188;22/Jul/2026:17:24:26.349445;22/Jul/2026:17:24:24.227283;22/Jul/2026:17:24:26.261833;22/Jul/2026:17:24:28.013004;22/Jul/2026:17:24:28.934522;22/Jul/2026:17:24:28.933114;22/Jul/2026:17:24:27.102229;22/Jul/2026:17:24:26.267338;22/Jul/2026:17:24:28.445272;22/Jul/2026:17:24:28.934869;22/Jul/2026:17:24:28.948706;22/Jul/2026:17:24:28.005308;22/Jul/2026:17:24:28.005948;22/Jul/2026:17:24:28.948077;22/Jul/2026:17:24:24.919487;22/Jul/2026:17:24:28.812227;22/Jul/2026:17:24:24.462198;22/Jul/2026:17:24:28.934963;22/Jul/2026:17:24:28.947592;22/Jul/2026:17:24:28.006049,2.4282;0.1278;0.7731;0.1289;3.4577;0.9356;0.5028;1.9821;0.9450;0.9412;2.6079;4.7346;2.7000;0.9650;0.0527;0.0645;1.8962;2.7314;0.5907;0.1430;0.1508;1.1008;1.1019;0.1868;4.2232;0.3698;4.7291;0.8897;0.8807;1.8223,bytes=1164386203-1164503490;bytes=1619168689-1619285810;bytes=1546297568-1547233841;bytes=1615044245-1615161828;bytes=876752063-877656791;bytes=1470112443-1471020401;bytes=1573626335-1574525660;bytes=1188081833-1188967181;bytes=1486029279-1486160245;bytes=1503189101-1504073806;bytes=1135870748-1135976822;bytes=585771586-585863644;bytes=1066316727-1067210268;bytes=1511269429-1511448028;bytes=1660602479-1660730410;bytes=1656502451-1656618240;bytes=1214484453-1215379021;bytes=1075311357-1076187499;bytes=1577820332-1578714513;bytes=1660730411-1660845354;bytes=1742961994-1743173610;bytes=1471909921-1472818690;bytes=1477913760-1478041719;bytes=1742774857-1742869508;bytes=745206094-745317824;bytes=1614029817-1614931817;bytes=630794135-630893868;bytes=1657028491-1657891298;bytes=1735145682-1736041527;bytes=1474134359-1475031751,b65c5807;da2c9b89;9ad2ac8a;662ad7ef;6faa310f;861e76ff;c0d9ca59;a996444b;a4bc15c4;535d2061;0567e31f;3aba8407;9186a381;0dc274f9;529db65a;e45117d6;3d3be82c;c8385c20;a78ff4ed;4ab0ef44;9eda15e8;e50946dc;42f5031f;90868133;3b63e3d4;0a27c453;88d94b05;f9effa2f;4520e79d;8d02f6ee
5,5,401,success,None,22/Jul/2026:17:24:28.930074,22/Jul/2026:17:24:30.020548,1.0905,43,22/Jul/2026:17:24:26.512072;22/Jul/2026:17:24:28.812504;22/Jul/2026:17:24:28.167152;22/Jul/2026:17:24:28.811838;22/Jul/2026:17:24:25.483019;22/Jul/2026:17:24:28.005160;22/Jul/2026:17:24:28.444545;22/Jul/2026:17:24:26.965287;22/Jul/2026:17:24:28.007895;22/Jul/2026:17:24:28.012188;22/Jul/2026:17:24:26.349445;22/Jul/2026:17:24:24.227283;22/Jul/2026:17:24:26.261833;22/Jul/2026:17:24:28.013004;22/Jul/2026:17:24:28.934522;22/Jul/2026:17:24:28.933114;22/Jul/2026:17:24:27.102229;22/Jul/2026:17:24:26.267338;22/Jul/2026:17:24:28.445272;22/Jul/2026:17:24:28.934869;22/Jul/2026:17:24:28.948706;22/Jul/2026:17:24:28.005308;22/Jul/2026:17:24:28.005948;22/Jul/2026:17:24:28.948077;22/Jul/2026:17:24:24.919487;22/Jul/2026:17:24:28.812227;22/Jul/2026:17:24:24.462198;22/Jul/2026:17:24:28.934963;22/Jul/2026:17:24:28.947592;22/Jul/2026:17:24:28.006049;22/Jul/2026:17:24:26.268468;22/Jul/2026:17:24:28.812061;22/Jul/2026:17:24:29.805290;22/Jul/2026:17:24:24.262327;22/Jul/2026:17:24:27.117863;22/Jul/2026:17:24:28.006843;22/Jul/2026:17:24:28.007364;22/Jul/2026:17:24:28.942828;22/Jul/2026:17:24:28.813562;22/Jul/2026:17:24:26.241569;22/Jul/2026:17:24:28.812930;22/Jul/2026:17:24:28.813363;22/Jul/2026:17:24:29.803246,2.4282;0.1278;0.7731;0.1289;3.4577;0.9356;0.5028;1.9821;0.9450;0.9412;2.6079;4.7346;2.7000;0.9650;0.0527;0.0645;1.8962;2.7314;0.5907;0.1430;0.1508;1.1008;1.1019;0.1868;4.2232;0.3698;4.7291;0.8897;0.8807;1.8223;3.5740;1.0309;0.0435;5.5896;2.7351;1.8485;1.8497;0.9146;1.0499;3.6222;1.0514;1.0601;0.0759,bytes=1164386203-1164503490;bytes=1619168689-1619285810;bytes=1546297568-1547233841;bytes=1615044245-1615161828;bytes=876752063-877656791;bytes=1470112443-1471020401;bytes=1573626335-1574525660;bytes=1188081833-1188967181;bytes=1486029279-1486160245;bytes=1503189101-1504073806;bytes=1135870748-1135976822;bytes=585771586-585863644;bytes=1066316727-1067210268;bytes=1511269429-1511448028;bytes=1660602479-1660730410;bytes=1656502451-1656618240;bytes=1214484453-1215379021;bytes=1075311357-1076187499;bytes=1577820332-1578714513;bytes=1660730411-1660845354;bytes=1742961994-1743173610;bytes=1471909921-1472818690;bytes=1477913760-1478041719;bytes=1742774857-1742869508;bytes=745206094-745317824;bytes=1614029817-1614931817;bytes=630794135-630893868;bytes=1657028491-1657891298;bytes=1735145682-1736041527;bytes=1474134359-1475031751;bytes=1078387509-1079293602;bytes=1612234289-1613112051;bytes=1850569100-1850676764;bytes=595041887-595930603;bytes=1272114331-1272219782;bytes=1478267137-1479162818;bytes=1480957528-1481853962;bytes=1693322960-1693531287;bytes=1623391614-1623490235;bytes=1053379430-1053613761;bytes=1619379556-1619476434;bytes=1621266175-1622172846;bytes=1834076349-1834190683,b65c5807;da2c9b89;9ad2ac8a;662ad7ef;6faa310f;861e76ff;c0d9ca59;a996444b;a4bc15c4;535d2061;0567e31f;3aba8407;9186a381;0dc274f9;529db65a;e45117d6;3d3be82c;c8385c20;a78ff4ed;4ab0ef44;9eda15e8;e50946dc;42f5031f;90868133;3b63e3d4;0a27c453;88d94b05;f9effa2f;4520e79d;8d02f6ee;884a5059;05f65ee2;ebdecfcb;bb4b2066;28f4fc73;aa94ad74;4bde5c12;73d92438;782d706a;4878fd6a;261f9c9a;dccb8d44;ce451f4e
5,5,423,success,None,22/Jul/2026:17:24:28.942423,22/Jul/2026:17:24:30.064175,1.1217,41,22/Jul/2026:17:24:28.444545;22/Jul/2026:17:24:26.965287;22/Jul/2026:17:24:28.007895;22/Jul/2026:17:24:28.012188;22/Jul/2026:17:24:26.349445;22/Jul/2026:17:24:24.227283;22/Jul/2026:17:24:26.261833;22/Jul/2026:17:24:28.013004;22/Jul/2026:17:24:28.934522;22/Jul/2026:17:24:28.933114;22/Jul/2026:17:24:27.102229;22/Jul/2026:17:24:26.267338;22/Jul/2026:17:24:28.445272;22/Jul/2026:17:24:28.934869;22/Jul/2026:17:24:28.948706;22/Jul/2026:17:24:28.005308;22/Jul/2026:17:24:28.005948;22/Jul/2026:17:24:28.948077;22/Jul/2026:17:24:24.919487;22/Jul/2026:17:24:28.812227;22/Jul/2026:17:24:24.462198;22/Jul/2026:17:24:28.934963;22/Jul/2026:17:24:28.947592;22/Jul/2026:17:24:28.006049;22/Jul/2026:17:24:26.268468;22/Jul/2026:17:24:28.812061;22/Jul/2026:17:24:29.805290;22/Jul/2026:17:24:24.262327;22/Jul/2026:17:24:27.117863;22/Jul/2026:17:24:28.006843;22/Jul/2026:17:24:28.007364;22/Jul/2026:17:24:28.942828;22/Jul/2026:17:24:28.813562;22/Jul/2026:17:24:26.241569;22/Jul/2026:17:24:28.812930;22/Jul/2026:17:24:28.813363;22/Jul/2026:17:24:29.803246;22/Jul/2026:17:24:28.444345;22/Jul/2026:17:24:26.117234;22/Jul/2026:17:24:28.811629;22/Jul/2026:17:24:28.944803,0.5028;1.9821;0.9450;0.9412;2.6079;4.7346;2.7000;0.9650;0.0527;0.0645;1.8962;2.7314;0.5907;0.1430;0.1508;1.1008;1.1019;0.1868;4.2232;0.3698;4.7291;0.8897;0.8807;1.8223;3.5740;1.0309;0.0435;5.5896;2.7351;1.8485;1.8497;0.9146;1.0499;3.6222;1.0514;1.0601;0.0759;1.5935;3.9208;1.2275;1.0945,bytes=1573626335-1574525660;bytes=1188081833-1188967181;bytes=1486029279-1486160245;bytes=1503189101-1504073806;bytes=1135870748-1135976822;bytes=585771586-585863644;bytes=1066316727-1067210268;bytes=1511269429-1511448028;bytes=1660602479-1660730410;bytes=1656502451-1656618240;bytes=1214484453-1215379021;bytes=1075311357-1076187499;bytes=1577820332-1578714513;bytes=1660730411-1660845354;bytes=1742961994-1743173610;bytes=1471909921-1472818690;bytes=1477913760-1478041719;bytes=1742774857-1742869508;bytes=745206094-745317824;bytes=1614029817-1614931817;bytes=630794135-630893868;bytes=1657028491-1657891298;bytes=1735145682-1736041527;bytes=1474134359-1475031751;bytes=1078387509-1079293602;bytes=1612234289-1613112051;bytes=1850569100-1850676764;bytes=595041887-595930603;bytes=1272114331-1272219782;bytes=1478267137-1479162818;bytes=1480957528-1481853962;bytes=1693322960-1693531287;bytes=1623391614-1623490235;bytes=1053379430-1053613761;bytes=1619379556-1619476434;bytes=1621266175-1622172846;bytes=1834076349-1834190683;bytes=1573523378-1573626334;bytes=991606602-992500833;bytes=1611122855-1611331801;bytes=1706029104-1706142512,c0d9ca59;a996444b;a4bc15c4;535d2061;0567e31f;3aba8407;9186a381;0dc274f9;529db65a;e45117d6;3d3be82c;c8385c20;a78ff4ed;4ab0ef44;9eda15e8;e50946dc;42f5031f;90868133;3b63e3d4;0a27c453;88d94b05;f9effa2f;4520e79d;8d02f6ee;884a5059;05f65ee2;ebdecfcb;bb4b2066;28f4fc73;aa94ad74;4bde5c12;73d92438;782d706a;4878fd6a;261f9c9a;dccb8d44;ce451f4e;f9fae4b8;0b81c747;52a116bf;4e67aee8
5,5,431,success,None,22/Jul/2026:17:24:28.991818,22/Jul/2026:17:24:30.084861,1.0930,33,22/Jul/2026:17:24:28.933114;22/Jul/2026:17:24:27.102229;22/Jul/2026:17:24:26.267338;22/Jul/2026:17:24:28.445272;22/Jul/2026:17:24:28.934869;22/Jul/2026:17:24:28.948706;22/Jul/2026:17:24:28.005308;22/Jul/2026:17:24:28.005948;22/Jul/2026:17:24:28.948077;22/Jul/2026:17:24:24.919487;22/Jul/2026:17:24:28.812227;22/Jul/2026:17:24:24.462198;22/Jul/2026:17:24:28.934963;22/Jul/2026:17:24:28.947592;22/Jul/2026:17:24:28.006049;22/Jul/2026:17:24:26.268468;22/Jul/2026:17:24:28.812061;22/Jul/2026:17:24:29.805290;22/Jul/2026:17:24:24.262327;22/Jul/2026:17:24:27.117863;22/Jul/2026:17:24:28.006843;22/Jul/2026:17:24:28.007364;22/Jul/2026:17:24:28.942828;22/Jul/2026:17:24:28.813562;22/Jul/2026:17:24:26.241569;22/Jul/2026:17:24:28.812930;22/Jul/2026:17:24:28.813363;22/Jul/2026:17:24:29.803246;22/Jul/2026:17:24:28.444345;22/Jul/2026:17:24:26.117234;22/Jul/2026:17:24:28.811629;22/Jul/2026:17:24:28.944803;22/Jul/2026:17:24:30.022619,0.0645;1.8962;2.7314;0.5907;0.1430;0.1508;1.1008;1.1019;0.1868;4.2232;0.3698;4.7291;0.8897;0.8807;1.8223;3.5740;1.0309;0.0435;5.5896;2.7351;1.8485;1.8497;0.9146;1.0499;3.6222;1.0514;1.0601;0.0759;1.5935;3.9208;1.2275;1.0945;0.0486,bytes=1656502451-1656618240;bytes=1214484453-1215379021;bytes=1075311357-1076187499;bytes=1577820332-1578714513;bytes=1660730411-1660845354;bytes=1742961994-1743173610;bytes=1471909921-1472818690;bytes=1477913760-1478041719;bytes=1742774857-1742869508;bytes=745206094-745317824;bytes=1614029817-1614931817;bytes=630794135-630893868;bytes=1657028491-1657891298;bytes=1735145682-1736041527;bytes=1474134359-1475031751;bytes=1078387509-1079293602;bytes=1612234289-1613112051;bytes=1850569100-1850676764;bytes=595041887-595930603;bytes=1272114331-1272219782;bytes=1478267137-1479162818;bytes=1480957528-1481853962;bytes=1693322960-1693531287;bytes=1623391614-1623490235;bytes=1053379430-1053613761;bytes=1619379556-1619476434;bytes=1621266175-1622172846;bytes=1834076349-1834190683;bytes=1573523378-1573626334;bytes=991606602-992500833;bytes=1611122855-1611331801;bytes=1706029104-1706142512;bytes=1900286406-1900402162,e45117d6;3d3be82c;c8385c20;a78ff4ed;4ab0ef44;9eda15e8;e50946dc;42f5031f;90868133;3b63e3d4;0a27c453;88d94b05;f9effa2f;4520e79d;8d02f6ee;884a5059;05f65ee2;ebdecfcb;bb4b2066;28f4fc73;aa94ad74;4bde5c12;73d92438;782d706a;4878fd6a;261f9c9a;dccb8d44;ce451f4e;f9fae4b8;0b81c747;52a116bf;4e67aee8;9dedf71e
5,5,452,success,None,22/Jul/2026:17:24:29.838844,22/Jul/2026:17:24:30.263120,0.4243,18,22/Jul/2026:17:24:26.268468;22/Jul/2026:17:24:28.812061;22/Jul/2026:17:24:29.805290;22/Jul/2026:17:24:24.262327;22/Jul/2026:17:24:27.117863;22/Jul/2026:17:24:28.006843;22/Jul/2026:17:24:28.007364;22/Jul/2026:17:24:28.942828;22/Jul/2026:17:24:28.813562;22/Jul/2026:17:24:26.241569;22/Jul/2026:17:24:28.812930;22/Jul/2026:17:24:28.813363;22/Jul/2026:17:24:29.803246;22/Jul/2026:17:24:28.444345;22/Jul/2026:17:24:26.117234;22/Jul/2026:17:24:28.811629;22/Jul/2026:17:24:28.944803;22/Jul/2026:17:24:30.022619,3.5740;1.0309;0.0435;5.5896;2.7351;1.8485;1.8497;0.9146;1.0499;3.6222;1.0514;1.0601;0.0759;1.5935;3.9208;1.2275;1.0945;0.0486,bytes=1078387509-1079293602;bytes=1612234289-1613112051;bytes=1850569100-1850676764;bytes=595041887-595930603;bytes=1272114331-1272219782;bytes=1478267137-1479162818;bytes=1480957528-1481853962;bytes=1693322960-1693531287;bytes=1623391614-1623490235;bytes=1053379430-1053613761;bytes=1619379556-1619476434;bytes=1621266175-1622172846;bytes=1834076349-1834190683;bytes=1573523378-1573626334;bytes=991606602-992500833;bytes=1611122855-1611331801;bytes=1706029104-1706142512;bytes=1900286406-1900402162,884a5059;05f65ee2;ebdecfcb;bb4b2066;28f4fc73;aa94ad74;4bde5c12;73d92438;782d706a;4878fd6a;261f9c9a;dccb8d44;ce451f4e;f9fae4b8;0b81c747;52a116bf;4e67aee8;9dedf71e
5,5,446,success,None,22/Jul/2026:17:24:29.802241,22/Jul/2026:17:24:30.314696,0.5125,21,22/Jul/2026:17:24:28.934963;22/Jul/2026:17:24:28.947592;22/Jul/2026:17:24:28.006049;22/Jul/2026:17:24:26.268468;22/Jul/2026:17:24:28.812061;22/Jul/2026:17:24:29.805290;22/Jul/2026:17:24:24.262327;22/Jul/2026:17:24:27.117863;22/Jul/2026:17:24:28.006843;22/Jul/2026:17:24:28.007364;22/Jul/2026:17:24:28.942828;22/Jul/2026:17:24:28.813562;22/Jul/2026:17:24:26.241569;22/Jul/2026:17:24:28.812930;22/Jul/2026:17:24:28.813363;22/Jul/2026:17:24:29.803246;22/Jul/2026:17:24:28.444345;22/Jul/2026:17:24:26.117234;22/Jul/2026:17:24:28.811629;22/Jul/2026:17:24:28.944803;22/Jul/2026:17:24:30.022619,0.8897;0.8807;1.8223;3.5740;1.0309;0.0435;5.5896;2.7351;1.8485;1.8497;0.9146;1.0499;3.6222;1.0514;1.0601;0.0759;1.5935;3.9208;1.2275;1.0945;0.0486,bytes=1657028491-1657891298;bytes=1735145682-1736041527;bytes=1474134359-1475031751;bytes=1078387509-1079293602;bytes=1612234289-1613112051;bytes=1850569100-1850676764;bytes=595041887-595930603;bytes=1272114331-1272219782;bytes=1478267137-1479162818;bytes=1480957528-1481853962;bytes=1693322960-1693531287;bytes=1623391614-1623490235;bytes=1053379430-1053613761;bytes=1619379556-1619476434;bytes=1621266175-1622172846;bytes=1834076349-1834190683;bytes=1573523378-1573626334;bytes=991606602-992500833;bytes=1611122855-1611331801;bytes=1706029104-1706142512;bytes=1900286406-1900402162,f9effa2f;4520e79d;8d02f6ee;884a5059;05f65ee2;ebdecfcb;bb4b2066;28f4fc73;aa94ad74;4bde5c12;73d92438;782d706a;4878fd6a;261f9c9a;dccb8d44;ce451f4e;f9fae4b8;0b81c747;52a116bf;4e67aee8;9dedf71e
5,5,461,success,None,22/Jul/2026:17:24:30.020881,22/Jul/2026:17:24:30.693031,0.6721,5,22/Jul/2026:17:24:28.444345;22/Jul/2026:17:24:26.117234;22/Jul/2026:17:24:28.811629;22/Jul/2026:17:24:28.944803;22/Jul/2026:17:24:30.022619,1.5935;3.9208;1.2275;1.0945;0.0486,bytes=1573523378-1573626334;bytes=991606602-992500833;bytes=1611122855-1611331801;bytes=1706029104-1706142512;bytes=1900286406-1900402162,f9fae4b8;0b81c747;52a116bf;4e67aee8;9dedf71e
15,5,21,success,None,22/Jul/2026:17:24:30.699725,22/Jul/2026:17:24:31.841180,1.1414,51,22/Jul/2026:17:24:29.840624;22/Jul/2026:17:24:20.162947;22/Jul/2026:17:24:13.716362;22/Jul/2026:17:24:23.677815;22/Jul/2026:17:24:20.849549;22/Jul/2026:17:24:19.428792;22/Jul/2026:17:24:19.570717;22/Jul/2026:17:24:20.999260;22/Jul/2026:17:24:19.570157;22/Jul/2026:17:24:19.183961;22/Jul/2026:17:24:25.295278;22/Jul/2026:17:24:30.704454;22/Jul/2026:17:24:30.709749;22/Jul/2026:17:24:19.570276;22/Jul/2026:17:24:11.535865;22/Jul/2026:17:24:26.965009;22/Jul/2026:17:24:30.709378;22/Jul/2026:17:24:30.708796;22/Jul/2026:17:24:28.444478;22/Jul/2026:17:24:14.340399;22/Jul/2026:17:24:20.204040;22/Jul/2026:17:24:30.703337;22/Jul/2026:17:24:20.161015;22/Jul/2026:17:24:30.711124;22/Jul/2026:17:24:16.453516;22/Jul/2026:17:24:30.714830;22/Jul/2026:17:24:15.190275;22/Jul/2026:17:24:30.704094;22/Jul/2026:17:24:29.803442;22/Jul/2026:17:24:25.985694;22/Jul/2026:17:24:30.717312;22/Jul/2026:17:24:30.710833;22/Jul/2026:17:24:30.713639;22/Jul/2026:17:24:30.715974;22/Jul/2026:17:24:30.703962;22/Jul/2026:17:24:30.704278;22/Jul/2026:17:24:30.713253;22/Jul/2026:17:24:30.718226;22/Jul/2026:17:24:30.716647;22/Jul/2026:17:24:30.703215;22/Jul/2026:17:24:30.716261;22/Jul/2026:17:24:30.716439;22/Jul/2026:17:24:22.825694;22/Jul/2026:17:24:27.339823;22/Jul/2026:17:24:30.715792;22/Jul/2026:17:24:30.716003;22/Jul/2026:17:24:28.812718;22/Jul/2026:17:24:27.102685;22/Jul/2026:17:24:21.552017;22/Jul/2026:17:24:30.703819;22/Jul/2026:17:24:30.715666,0.8716;10.5629;17.0095;7.0482;9.8764;11.2972;11.1558;9.7294;11.1589;11.5595;5.5119;0.1148;0.1108;11.2563;19.2959;3.8716;0.1330;0.1827;2.4522;16.5864;10.7611;0.2720;10.8273;0.2781;14.5409;0.4894;16.0174;0.6756;1.6044;5.5168;0.8293;0.8467;0.8474;0.9164;0.9377;0.9435;0.9412;0.9442;0.9679;0.9859;0.9985;0.9990;8.9001;4.4026;1.0536;1.0607;2.9882;4.7098;10.2652;1.1167;1.1134,bytes=1863401001-1863499138;bytes=1578714514-1579605577;bytes=218130113-218212015;bytes=418097565-418311418;bytes=1744292054-1745182188;bytes=1479162819-1480057985;bytes=1548137257-1548236610;bytes=1864533980-1865422371;bytes=1543906327-1543997920;bytes=1388165987-1389066682;bytes=816880329-817800474;bytes=40433977-40533620;bytes=92805846-92892538;bytes=1540275678-1541177113;bytes=1864533980-1865422371;bytes=1189089706-1189195268;bytes=76333743-76424815;bytes=68266931-68439900;bytes=1577428287-1577597875;bytes=340716861-340808275;bytes=1617249636-1618162112;bytes=32038768-32136927;bytes=1566469010-1567353145;bytes=100911844-101014333;bytes=798223020-798323844;bytes=217140566-218048429;bytes=554824724-555750334;bytes=33501535-34378949;bytes=1837991559-1838079960;bytes=930126251-930216946;bytes=299798266-299946571;bytes=97160198-98062851;bytes=176137584-177054364;bytes=247957533-248837276;bytes=36319658-36416454;bytes=36416455-36543919;bytes=137856974-137941086;bytes=344472510-344588849;bytes=284092379-285002112;bytes=28228336-28434926;bytes=253823466-254723840;bytes=280917475-281801805;bytes=215318827-216215808;bytes=1351319050-1352202287;bytes=245732603-246620475;bytes=248837277-249736121;bytes=1617249636-1618162112;bytes=1222176967-1222286700;bytes=1895155315-1896056970;bytes=32417064-32607768;bytes=246739263-246877761,ad2b1871;f1c7c8da;26a4d47b;5ea68c0b;80b93eb9;df1917ef;2e55668f;7703a25c;e359da31;37e94eb4;62828783;ca2917df;927cbece;8eaaffe1;4d031ff8;5572d8b9;fb55c81d;6ee2236b;dbd8afaf;3f94a590;18f71e5b;5b01ef12;0df1fb38;225ff6ff;d804fe23;892dfb04;22e8bb1d;b3874398;84bc5f1d;8f5d493f;4c3ca3d1;b8b73a58;86178164;1b1a4f04;2a2c2fb2;3f7cee5c;3c58c433;61935650;e5a16711;3e59d274;f9eaf11f;601bec33;e94cc379;4ae59807;b6f5fd7b;52a9cb18;d535af62;6b1c0cac;f60cc5db;0fabd00b;ca54d349
15,5,31,success,None,22/Jul/2026:17:24:30.700159,22/Jul/2026:17:24:31.889650,1.1895,53,22/Jul/2026:17:24:29.840624;22/Jul/2026:17:24:20.162947;22/Jul/2026:17:24:13.716362;22/Jul/2026:17:24:23.677815;22/Jul/2026:17:24:20.849549;22/Jul/2026:17:24:19.428792;22/Jul/2026:17:24:19.570717;22/Jul/2026:17:24:20.999260;22/Jul/2026:17:24:19.570157;22/Jul/2026:17:24:19.183961;22/Jul/2026:17:24:25.295278;22/Jul/2026:17:24:30.704454;22/Jul/2026:17:24:30.709749;22/Jul/2026:17:24:19.570276;22/Jul/2026:17:24:11.535865;22/Jul/2026:17:24:26.965009;22/Jul/2026:17:24:30.709378;22/Jul/2026:17:24:30.708796;22/Jul/2026:17:24:28.444478;22/Jul/2026:17:24:14.340399;22/Jul/2026:17:24:20.204040;22/Jul/2026:17:24:30.703337;22/Jul/2026:17:24:20.161015;22/Jul/2026:17:24:30.711124;22/Jul/2026:17:24:16.453516;22/Jul/2026:17:24:30.714830;22/Jul/2026:17:24:15.190275;22/Jul/2026:17:24:30.704094;22/Jul/2026:17:24:29.803442;22/Jul/2026:17:24:25.985694;22/Jul/2026:17:24:30.717312;22/Jul/2026:17:24:30.710833;22/Jul/2026:17:24:30.713639;22/Jul/2026:17:24:30.715974;22/Jul/2026:17:24:30.703962;22/Jul/2026:17:24:30.704278;22/Jul/2026:17:24:30.713253;22/Jul/2026:17:24:30.718226;22/Jul/2026:17:24:30.716647;22/Jul/2026:17:24:30.703215;22/Jul/2026:17:24:30.716261;22/Jul/2026:17:24:30.716439;22/Jul/2026:17:24:22.825694;22/Jul/2026:17:24:27.339823;22/Jul/2026:17:24:30.715792;22/Jul/2026:17:24:30.716003;22/Jul/2026:17:24:28.812718;22/Jul/2026:17:24:27.102685;22/Jul/2026:17:24:21.552017;22/Jul/2026:17:24:30.703819;22/Jul/2026:17:24:30.715666;22/Jul/2026:17:24:20.999865;22/Jul/2026:17:24:30.715303,0.8716;10.5629;17.0095;7.0482;9.8764;11.2972;11.1558;9.7294;11.1589;11.5595;5.5119;0.1148;0.1108;11.2563;19.2959;3.8716;0.1330;0.1827;2.4522;16.5864;10.7611;0.2720;10.8273;0.2781;14.5409;0.4894;16.0174;0.6756;1.6044;5.5168;0.8293;0.8467;0.8474;0.9164;0.9377;0.9435;0.9412;0.9442;0.9679;0.9859;0.9985;0.9990;8.9001;4.4026;1.0536;1.0607;2.9882;4.7098;10.2652;1.1167;1.1134;10.8465;1.1597,bytes=1863401001-1863499138;bytes=1578714514-1579605577;bytes=218130113-218212015;bytes=418097565-418311418;bytes=1744292054-1745182188;bytes=1479162819-1480057985;bytes=1548137257-1548236610;bytes=1864533980-1865422371;bytes=1543906327-1543997920;bytes=1388165987-1389066682;bytes=816880329-817800474;bytes=40433977-40533620;bytes=92805846-92892538;bytes=1540275678-1541177113;bytes=1864533980-1865422371;bytes=1189089706-1189195268;bytes=76333743-76424815;bytes=68266931-68439900;bytes=1577428287-1577597875;bytes=340716861-340808275;bytes=1617249636-1618162112;bytes=32038768-32136927;bytes=1566469010-1567353145;bytes=100911844-101014333;bytes=798223020-798323844;bytes=217140566-218048429;bytes=554824724-555750334;bytes=33501535-34378949;bytes=1837991559-1838079960;bytes=930126251-930216946;bytes=299798266-299946571;bytes=97160198-98062851;bytes=176137584-177054364;bytes=247957533-248837276;bytes=36319658-36416454;bytes=36416455-36543919;bytes=137856974-137941086;bytes=344472510-344588849;bytes=284092379-285002112;bytes=28228336-28434926;bytes=253823466-254723840;bytes=280917475-281801805;bytes=215318827-216215808;bytes=1351319050-1352202287;bytes=245732603-246620475;bytes=248837277-249736121;bytes=1617249636-1618162112;bytes=1222176967-1222286700;bytes=1895155315-1896056970;bytes=32417064-32607768;bytes=246739263-246877761;bytes=1867575487-1867687770;bytes=225508889-226421794,ad2b1871;f1c7c8da;26a4d47b;5ea68c0b;80b93eb9;df1917ef;2e55668f;7703a25c;e359da31;37e94eb4;62828783;ca2917df;927cbece;8eaaffe1;4d031ff8;5572d8b9;fb55c81d;6ee2236b;dbd8afaf;3f94a590;18f71e5b;5b01ef12;0df1fb38;225ff6ff;d804fe23;892dfb04;22e8bb1d;b3874398;84bc5f1d;8f5d493f;4c3ca3d1;b8b73a58;86178164;1b1a4f04;2a2c2fb2;3f7cee5c;3c58c433;61935650;e5a16711;3e59d274;f9eaf11f;601bec33;e94cc379;4ae59807;b6f5fd7b;52a9cb18;d535af62;6b1c0cac;f60cc5db;0fabd00b;ca54d349;64dcb5c2;341df19a
15,5,5,success,None,22/Jul/2026:17:24:30.699340,22/Jul/2026:17:24:31.901486,1.2021,54,22/Jul/2026:17:24:29.840624;22/Jul/2026:17:24:20.162947;22/Jul/2026:17:24:13.716362;22/Jul/2026:17:24:23.677815;22/Jul/2026:17:24:20.849549;22/Jul/2026:17:24:19.428792;22/Jul/2026:17:24:19.570717;22/Jul/2026:17:24:20.999260;22/Jul/2026:17:24:19.570157;22/Jul/2026:17:24:19.183961;22/Jul/2026:17:24:25.295278;22/Jul/2026:17:24:30.704454;22/Jul/2026:17:24:30.709749;22/Jul/2026:17:24:19.570276;22/Jul/2026:17:24:11.535865;22/Jul/2026:17:24:26.965009;22/Jul/2026:17:24:30.709378;22/Jul/2026:17:24:30.708796;22/Jul/2026:17:24:28.444478;22/Jul/2026:17:24:14.340399;22/Jul/2026:17:24:20.204040;22/Jul/2026:17:24:30.703337;22/Jul/2026:17:24:20.161015;22/Jul/2026:17:24:30.711124;22/Jul/2026:17:24:16.453516;22/Jul/2026:17:24:30.714830;22/Jul/2026:17:24:15.190275;22/Jul/2026:17:24:30.704094;22/Jul/2026:17:24:29.803442;22/Jul/2026:17:24:25.985694;22/Jul/2026:17:24:30.717312;22/Jul/2026:17:24:30.710833;22/Jul/2026:17:24:30.713639;22/Jul/2026:17:24:30.715974;22/Jul/2026:17:24:30.703962;22/Jul/2026:17:24:30.704278;22/Jul/2026:17:24:30.713253;22/Jul/2026:17:24:30.718226;22/Jul/2026:17:24:30.716647;22/Jul/2026:17:24:30.703215;22/Jul/2026:17:24:30.716261;22/Jul/2026:17:24:30.716439;22/Jul/2026:17:24:22.825694;22/Jul/2026:17:24:27.339823;22/Jul/2026:17:24:30.715792;22/Jul/2026:17:24:30.716003;22/Jul/2026:17:24:28.812718;22/Jul/2026:17:24:27.102685;22/Jul/2026:17:24:21.552017;22/Jul/2026:17:24:30.703819;22/Jul/2026:17:24:30.715666;22/Jul/2026:17:24:20.999865;22/Jul/2026:17:24:30.715303;22/Jul/2026:17:24:30.710930,0.8716;10.5629;17.0095;7.0482;9.8764;11.2972;11.1558;9.7294;11.1589;11.5595;5.5119;0.1148;0.1108;11.2563;19.2959;3.8716;0.1330;0.1827;2.4522;16.5864;10.7611;0.2720;10.8273;0.2781;14.5409;0.4894;16.0174;0.6756;1.6044;5.5168;0.8293;0.8467;0.8474;0.9164;0.9377;0.9435;0.9412;0.9442;0.9679;0.9859;0.9985;0.9990;8.9001;4.4026;1.0536;1.0607;2.9882;4.7098;10.2652;1.1167;1.1134;10.8465;1.1597;1.1874,bytes=1863401001-1863499138;bytes=1578714514-1579605577;bytes=218130113-218212015;bytes=418097565-418311418;bytes=1744292054-1745182188;bytes=1479162819-1480057985;bytes=1548137257-1548236610;bytes=1864533980-1865422371;bytes=1543906327-1543997920;bytes=1388165987-1389066682;bytes=816880329-817800474;bytes=40433977-40533620;bytes=92805846-92892538;bytes=1540275678-1541177113;bytes=1864533980-1865422371;bytes=1189089706-1189195268;bytes=76333743-76424815;bytes=68266931-68439900;bytes=1577428287-1577597875;bytes=340716861-340808275;bytes=1617249636-1618162112;bytes=32038768-32136927;bytes=1566469010-1567353145;bytes=100911844-101014333;bytes=798223020-798323844;bytes=217140566-218048429;bytes=554824724-555750334;bytes=33501535-34378949;bytes=1837991559-1838079960;bytes=930126251-930216946;bytes=299798266-299946571;bytes=97160198-98062851;bytes=176137584-177054364;bytes=247957533-248837276;bytes=36319658-36416454;bytes=36416455-36543919;bytes=137856974-137941086;bytes=344472510-344588849;bytes=284092379-285002112;bytes=28228336-28434926;bytes=253823466-254723840;bytes=280917475-281801805;bytes=215318827-216215808;bytes=1351319050-1352202287;bytes=245732603-246620475;bytes=248837277-249736121;bytes=1617249636-1618162112;bytes=1222176967-1222286700;bytes=1895155315-1896056970;bytes=32417064-32607768;bytes=246739263-246877761;bytes=1867575487-1867687770;bytes=225508889-226421794;bytes=98062852-98943525,ad2b1871;f1c7c8da;26a4d47b;5ea68c0b;80b93eb9;df1917ef;2e55668f;7703a25c;e359da31;37e94eb4;62828783;ca2917df;927cbece;8eaaffe1;4d031ff8;5572d8b9;fb55c81d;6ee2236b;dbd8afaf;3f94a590;18f71e5b;5b01ef12;0df1fb38;225ff6ff;d804fe23;892dfb04;22e8bb1d;b3874398;84bc5f1d;8f5d493f;4c3ca3d1;b8b73a58;86178164;1b1a4f04;2a2c2fb2;3f7cee5c;3c58c433;61935650;e5a16711;3e59d274;f9eaf11f;601bec33;e94cc379;4ae59807;b6f5fd7b;52a9cb18;d535af62;6b1c0cac;f60cc5db;0fabd00b;ca54d349;64dcb5c2;341df19a;43367997
15,5,14,success,None,22/Jul/2026:17:24:30.699569,22/Jul/2026:17:24:31.909870,1.2103,54,22/Jul/2026:17:24:29.840624;22/Jul/2026:17:24:20.162947;22/Jul/2026:17:24:13.716362;22/Jul/2026:17:24:23.677815;22/Jul/2026:17:24:20.849549;22/Jul/2026:17:24:19.428792;22/Jul/2026:17:24:19.570717;22/Jul/2026:17:24:20.999260;22/Jul/2026:17:24:19.570157;22/Jul/2026:17:24:19.183961;22/Jul/2026:17:24:25.295278;22/Jul/2026:17:24:30.704454;22/Jul/2026:17:24:30.709749;22/Jul/2026:17:24:19.570276;22/Jul/2026:17:24:11.535865;22/Jul/2026:17:24:26.965009;22/Jul/2026:17:24:30.709378;22/Jul/2026:17:24:30.708796;22/Jul/2026:17:24:28.444478;22/Jul/2026:17:24:14.340399;22/Jul/2026:17:24:20.204040;22/Jul/2026:17:24:30.703337;22/Jul/2026:17:24:20.161015;22/Jul/2026:17:24:30.711124;22/Jul/2026:17:24:16.453516;22/Jul/2026:17:24:30.714830;22/Jul/2026:17:24:15.190275;22/Jul/2026:17:24:30.704094;22/Jul/2026:17:24:29.803442;22/Jul/2026:17:24:25.985694;22/Jul/2026:17:24:30.717312;22/Jul/2026:17:24:30.710833;22/Jul/2026:17:24:30.713639;22/Jul/2026:17:24:30.715974;22/Jul/2026:17:24:30.703962;22/Jul/2026:17:24:30.704278;22/Jul/2026:17:24:30.713253;22/Jul/2026:17:24:30.718226;22/Jul/2026:17:24:30.716647;22/Jul/2026:17:24:30.703215;22/Jul/2026:17:24:30.716261;22/Jul/2026:17:24:30.716439;22/Jul/2026:17:24:22.825694;22/Jul/2026:17:24:27.339823;22/Jul/2026:17:24:30.715792;22/Jul/2026:17:24:30.716003;22/Jul/2026:17:24:28.812718;22/Jul/2026:17:24:27.102685;22/Jul/2026:17:24:21.552017;22/Jul/2026:17:24:30.703819;22/Jul/2026:17:24:30.715666;22/Jul/2026:17:24:20.999865;22/Jul/2026:17:24:30.715303;22/Jul/2026:17:24:30.710930,0.8716;10.5629;17.0095;7.0482;9.8764;11.2972;11.1558;9.7294;11.1589;11.5595;5.5119;0.1148;0.1108;11.2563;19.2959;3.8716;0.1330;0.1827;2.4522;16.5864;10.7611;0.2720;10.8273;0.2781;14.5409;0.4894;16.0174;0.6756;1.6044;5.5168;0.8293;0.8467;0.8474;0.9164;0.9377;0.9435;0.9412;0.9442;0.9679;0.9859;0.9985;0.9990;8.9001;4.4026;1.0536;1.0607;2.9882;4.7098;10.2652;1.1167;1.1134;10.8465;1.1597;1.1874,bytes=1863401001-1863499138;bytes=1578714514-1579605577;bytes=218130113-218212015;bytes=418097565-418311418;bytes=1744292054-1745182188;bytes=1479162819-1480057985;bytes=1548137257-1548236610;bytes=1864533980-1865422371;bytes=1543906327-1543997920;bytes=1388165987-1389066682;bytes=816880329-817800474;bytes=40433977-40533620;bytes=92805846-92892538;bytes=1540275678-1541177113;bytes=1864533980-1865422371;bytes=1189089706-1189195268;bytes=76333743-76424815;bytes=68266931-68439900;bytes=1577428287-1577597875;bytes=340716861-340808275;bytes=1617249636-1618162112;bytes=32038768-32136927;bytes=1566469010-1567353145;bytes=100911844-101014333;bytes=798223020-798323844;bytes=217140566-218048429;bytes=554824724-555750334;bytes=33501535-34378949;bytes=1837991559-1838079960;bytes=930126251-930216946;bytes=299798266-299946571;bytes=97160198-98062851;bytes=176137584-177054364;bytes=247957533-248837276;bytes=36319658-36416454;bytes=36416455-36543919;bytes=137856974-137941086;bytes=344472510-344588849;bytes=284092379-285002112;bytes=28228336-28434926;bytes=253823466-254723840;bytes=280917475-281801805;bytes=215318827-216215808;bytes=1351319050-1352202287;bytes=245732603-246620475;bytes=248837277-249736121;bytes=1617249636-1618162112;bytes=1222176967-1222286700;bytes=1895155315-1896056970;bytes=32417064-32607768;bytes=246739263-246877761;bytes=1867575487-1867687770;bytes=225508889-226421794;bytes=98062852-98943525,ad2b1871;f1c7c8da;26a4d47b;5ea68c0b;80b93eb9;df1917ef;2e55668f;7703a25c;e359da31;37e94eb4;62828783;ca2917df;927cbece;8eaaffe1;4d031ff8;5572d8b9;fb55c81d;6ee2236b;dbd8afaf;3f94a590;18f71e5b;5b01ef12;0df1fb38;225ff6ff;d804fe23;892dfb04;22e8bb1d;b3874398;84bc5f1d;8f5d493f;4c3ca3d1;b8b73a58;86178164;1b1a4f04;2a2c2fb2;3f7cee5c;3c58c433;61935650;e5a16711;3e59d274;f9eaf11f;601bec33;e94cc379;4ae59807;b6f5fd7b;52a9cb18;d535af62;6b1c0cac;f60cc5db;0fabd00b;ca54d349;64dcb5c2;341df19a;43367997
15,5,43,success,None,22/Jul/2026:17:24:30.700307,22/Jul/2026:17:24:32.183633,1.4833,68,22/Jul/2026:17:24:29.840624;22/Jul/2026:17:24:20.162947;22/Jul/2026:17:24:13.716362;22/Jul/2026:17:24:23.677815;22/Jul/2026:17:24:20.849549;22/Jul/2026:17:24:19.428792;22/Jul/2026:17:24:19.570717;22/Jul/2026:17:24:20.999260;22/Jul/2026:17:24:19.570157;22/Jul/2026:17:24:19.183961;22/Jul/2026:17:24:25.295278;22/Jul/2026:17:24:30.704454;22/Jul/2026:17:24:30.709749;22/Jul/2026:17:24:19.570276;22/Jul/2026:17:24:11.535865;22/Jul/2026:17:24:26.965009;22/Jul/2026:17:24:30.709378;22/Jul/2026:17:24:30.708796;22/Jul/2026:17:24:28.444478;22/Jul/2026:17:24:14.340399;22/Jul/2026:17:24:20.204040;22/Jul/2026:17:24:30.703337;22/Jul/2026:17:24:20.161015;22/Jul/2026:17:24:30.711124;22/Jul/2026:17:24:16.453516;22/Jul/2026:17:24:30.714830;22/Jul/2026:17:24:15.190275;22/Jul/2026:17:24:30.704094;22/Jul/2026:17:24:29.803442;22/Jul/2026:17:24:25.985694;22/Jul/2026:17:24:30.717312;22/Jul/2026:17:24:30.710833;22/Jul/2026:17:24:30.713639;22/Jul/2026:17:24:30.715974;22/Jul/2026:17:24:30.703962;22/Jul/2026:17:24:30.704278;22/Jul/2026:17:24:30.713253;22/Jul/2026:17:24:30.718226;22/Jul/2026:17:24:30.716647;22/Jul/2026:17:24:30.703215;22/Jul/2026:17:24:30.716261;22/Jul/2026:17:24:30.716439;22/Jul/2026:17:24:22.825694;22/Jul/2026:17:24:27.339823;22/Jul/2026:17:24:30.715792;22/Jul/2026:17:24:30.716003;22/Jul/2026:17:24:28.812718;22/Jul/2026:17:24:27.102685;22/Jul/2026:17:24:21.552017;22/Jul/2026:17:24:30.703819;22/Jul/2026:17:24:30.715666;22/Jul/2026:17:24:20.999865;22/Jul/2026:17:24:30.715303;22/Jul/2026:17:24:30.710930;22/Jul/2026:17:24:30.719330;22/Jul/2026:17:24:30.713282;22/Jul/2026:17:24:21.552356;22/Jul/2026:17:24:20.997990;22/Jul/2026:17:24:20.849352;22/Jul/2026:17:24:30.710659;22/Jul/2026:17:24:30.710102;22/Jul/2026:17:24:30.717822;22/Jul/2026:17:24:27.103046;22/Jul/2026:17:24:28.935215;22/Jul/2026:17:24:23.065648;22/Jul/2026:17:24:30.718027;22/Jul/2026:17:24:27.205032;22/Jul/2026:17:24:30.709214,0.8716;10.5629;17.0095;7.0482;9.8764;11.2972;11.1558;9.7294;11.1589;11.5595;5.5119;0.1148;0.1108;11.2563;19.2959;3.8716;0.1330;0.1827;2.4522;16.5864;10.7611;0.2720;10.8273;0.2781;14.5409;0.4894;16.0174;0.6756;1.6044;5.5168;0.8293;0.8467;0.8474;0.9164;0.9377;0.9435;0.9412;0.9442;0.9679;0.9859;0.9985;0.9990;8.9001;4.4026;1.0536;1.0607;2.9882;4.7098;10.2652;1.1167;1.1134;10.8465;1.1597;1.1874;1.2460;1.2765;10.4496;11.0076;11.1813;1.3375;1.3457;1.3634;5.0099;3.1859;9.0605;1.4093;4.9526;1.4532,bytes=1863401001-1863499138;bytes=1578714514-1579605577;bytes=218130113-218212015;bytes=418097565-418311418;bytes=1744292054-1745182188;bytes=1479162819-1480057985;bytes=1548137257-1548236610;bytes=1864533980-1865422371;bytes=1543906327-1543997920;bytes=1388165987-1389066682;bytes=816880329-817800474;bytes=40433977-40533620;bytes=92805846-92892538;bytes=1540275678-1541177113;bytes=1864533980-1865422371;bytes=1189089706-1189195268;bytes=76333743-76424815;bytes=68266931-68439900;bytes=1577428287-1577597875;bytes=340716861-340808275;bytes=1617249636-1618162112;bytes=32038768-32136927;bytes=1566469010-1567353145;bytes=100911844-101014333;bytes=798223020-798323844;bytes=217140566-218048429;bytes=554824724-555750334;bytes=33501535-34378949;bytes=1837991559-1838079960;bytes=930126251-930216946;bytes=299798266-299946571;bytes=97160198-98062851;bytes=176137584-177054364;bytes=247957533-248837276;bytes=36319658-36416454;bytes=36416455-36543919;bytes=137856974-137941086;bytes=344472510-344588849;bytes=284092379-285002112;bytes=28228336-28434926;bytes=253823466-254723840;bytes=280917475-281801805;bytes=215318827-216215808;bytes=1351319050-1352202287;bytes=245732603-246620475;bytes=248837277-249736121;bytes=1617249636-1618162112;bytes=1222176967-1222286700;bytes=1895155315-1896056970;bytes=32417064-32607768;bytes=246739263-246877761;bytes=1867575487-1867687770;bytes=225508889-226421794;bytes=98062852-98943525;bytes=408465905-409357834;bytes=141544733-141634968;bytes=1896688162-1897571413;bytes=1862240856-1863150782;bytes=1747123986-1747225559;bytes=100736163-100823178;bytes=92992578-93079692;bytes=333004365-333910753;bytes=1218578404-1219479880;bytes=1659691334-1660602478;bytes=353842503-354740173;bytes=340630874-340716860;bytes=1300484391-1300581860;bytes=72226775-72419816,ad2b1871;f1c7c8da;26a4d47b;5ea68c0b;80b93eb9;df1917ef;2e55668f;7703a25c;e359da31;37e94eb4;62828783;ca2917df;927cbece;8eaaffe1;4d031ff8;5572d8b9;fb55c81d;6ee2236b;dbd8afaf;3f94a590;18f71e5b;5b01ef12;0df1fb38;225ff6ff;d804fe23;892dfb04;22e8bb1d;b3874398;84bc5f1d;8f5d493f;4c3ca3d1;b8b73a58;86178164;1b1a4f04;2a2c2fb2;3f7cee5c;3c58c433;61935650;e5a16711;3e59d274;f9eaf11f;601bec33;e94cc379;4ae59807;b6f5fd7b;52a9cb18;d535af62;6b1c0cac;f60cc5db;0fabd00b;ca54d349;64dcb5c2;341df19a;43367997;aa26223c;f7db2161;dd89e9d4;a53d016e;f4b34d31;051ff65b;a3184fe9;9315270f;1c899335;fd96055b;1978dc11;19978090;86e1bb33;bc8cceff
15,5,52,success,None,22/Jul/2026:17:24:30.700562,22/Jul/2026:17:24:32.323694,1.6231,70,22/Jul/2026:17:24:29.840624;22/Jul/2026:17:24:20.162947;22/Jul/2026:17:24:13.716362;22/Jul/2026:17:24:23.677815;22/Jul/2026:17:24:20.849549;22/Jul/2026:17:24:19.428792;22/Jul/2026:17:24:19.570717;22/Jul/2026:17:24:20.999260;22/Jul/2026:17:24:19.570157;22/Jul/2026:17:24:19.183961;22/Jul/2026:17:24:25.295278;22/Jul/2026:17:24:30.704454;22/Jul/2026:17:24:30.709749;22/Jul/2026:17:24:19.570276;22/Jul/2026:17:24:11.535865;22/Jul/2026:17:24:26.965009;22/Jul/2026:17:24:30.709378;22/Jul/2026:17:24:30.708796;22/Jul/2026:17:24:28.444478;22/Jul/2026:17:24:14.340399;22/Jul/2026:17:24:20.204040;22/Jul/2026:17:24:30.703337;22/Jul/2026:17:24:20.161015;22/Jul/2026:17:24:30.711124;22/Jul/2026:17:24:16.453516;22/Jul/2026:17:24:30.714830;22/Jul/2026:17:24:15.190275;22/Jul/2026:17:24:30.704094;22/Jul/2026:17:24:29.803442;22/Jul/2026:17:24:25.985694;22/Jul/2026:17:24:30.717312;22/Jul/2026:17:24:30.710833;22/Jul/2026:17:24:30.713639;22/Jul/2026:17:24:30.715974;22/Jul/2026:17:24:30.703962;22/Jul/2026:17:24:30.704278;22/Jul/2026:17:24:30.713253;22/Jul/2026:17:24:30.718226;22/Jul/2026:17:24:30.716647;22/Jul/2026:17:24:30.703215;22/Jul/2026:17:24:30.716261;22/Jul/2026:17:24:30.716439;22/Jul/2026:17:24:22.825694;22/Jul/2026:17:24:27.339823;22/Jul/2026:17:24:30.715792;22/Jul/2026:17:24:30.716003;22/Jul/2026:17:24:28.812718;22/Jul/2026:17:24:27.102685;22/Jul/2026:17:24:21.552017;22/Jul/2026:17:24:30.703819;22/Jul/2026:17:24:30.715666;22/Jul/2026:17:24:20.999865;22/Jul/2026:17:24:30.715303;22/Jul/2026:17:24:30.710930;22/Jul/2026:17:24:30.719330;22/Jul/2026:17:24:30.713282;22/Jul/2026:17:24:21.552356;22/Jul/2026:17:24:20.997990;22/Jul/2026:17:24:20.849352;22/Jul/2026:17:24:30.710659;22/Jul/2026:17:24:30.710102;22/Jul/2026:17:24:30.717822;22/Jul/2026:17:24:27.103046;22/Jul/2026:17:24:28.935215;22/Jul/2026:17:24:23.065648;22/Jul/2026:17:24:30.718027;22/Jul/2026:17:24:27.205032;22/Jul/2026:17:24:30.709214;22/Jul/2026:17:24:30.712981;22/Jul/2026:17:24:30.709697,0.8716;10.5629;17.0095;7.0482;9.8764;11.2972;11.1558;9.7294;11.1589;11.5595;5.5119;0.1148;0.1108;11.2563;19.2959;3.8716;0.1330;0.1827;2.4522;16.5864;10.7611;0.2720;10.8273;0.2781;14.5409;0.4894;16.0174;0.6756;1.6044;5.5168;0.8293;0.8467;0.8474;0.9164;0.9377;0.9435;0.9412;0.9442;0.9679;0.9859;0.9985;0.9990;8.9001;4.4026;1.0536;1.0607;2.9882;4.7098;10.2652;1.1167;1.1134;10.8465;1.1597;1.1874;1.2460;1.2765;10.4496;11.0076;11.1813;1.3375;1.3457;1.3634;5.0099;3.1859;9.0605;1.4093;4.9526;1.4532;1.5021;1.5945,bytes=1863401001-1863499138;bytes=1578714514-1579605577;bytes=218130113-218212015;bytes=418097565-418311418;bytes=1744292054-1745182188;bytes=1479162819-1480057985;bytes=1548137257-1548236610;bytes=1864533980-1865422371;bytes=1543906327-1543997920;bytes=1388165987-1389066682;bytes=816880329-817800474;bytes=40433977-40533620;bytes=92805846-92892538;bytes=1540275678-1541177113;bytes=1864533980-1865422371;bytes=1189089706-1189195268;bytes=76333743-76424815;bytes=68266931-68439900;bytes=1577428287-1577597875;bytes=340716861-340808275;bytes=1617249636-1618162112;bytes=32038768-32136927;bytes=1566469010-1567353145;bytes=100911844-101014333;bytes=798223020-798323844;bytes=217140566-218048429;bytes=554824724-555750334;bytes=33501535-34378949;bytes=1837991559-1838079960;bytes=930126251-930216946;bytes=299798266-299946571;bytes=97160198-98062851;bytes=176137584-177054364;bytes=247957533-248837276;bytes=36319658-36416454;bytes=36416455-36543919;bytes=137856974-137941086;bytes=344472510-344588849;bytes=284092379-285002112;bytes=28228336-28434926;bytes=253823466-254723840;bytes=280917475-281801805;bytes=215318827-216215808;bytes=1351319050-1352202287;bytes=245732603-246620475;bytes=248837277-249736121;bytes=1617249636-1618162112;bytes=1222176967-1222286700;bytes=1895155315-1896056970;bytes=32417064-32607768;bytes=246739263-246877761;bytes=1867575487-1867687770;bytes=225508889-226421794;bytes=98062852-98943525;bytes=408465905-409357834;bytes=141544733-141634968;bytes=1896688162-1897571413;bytes=1862240856-1863150782;bytes=1747123986-1747225559;bytes=100736163-100823178;bytes=92992578-93079692;bytes=333004365-333910753;bytes=1218578404-1219479880;bytes=1659691334-1660602478;bytes=353842503-354740173;bytes=340630874-340716860;bytes=1300484391-1300581860;bytes=72226775-72419816;bytes=133596015-133768878;bytes=89074013-89192873,ad2b1871;f1c7c8da;26a4d47b;5ea68c0b;80b93eb9;df1917ef;2e55668f;7703a25c;e359da31;37e94eb4;62828783;ca2917df;927cbece;8eaaffe1;4d031ff8;5572d8b9;fb55c81d;6ee2236b;dbd8afaf;3f94a590;18f71e5b;5b01ef12;0df1fb38;225ff6ff;d804fe23;892dfb04;22e8bb1d;b3874398;84bc5f1d;8f5d493f;4c3ca3d1;b8b73a58;86178164;1b1a4f04;2a2c2fb2;3f7cee5c;3c58c433;61935650;e5a16711;3e59d274;f9eaf11f;601bec33;e94cc379;4ae59807;b6f5fd7b;52a9cb18;d535af62;6b1c0cac;f60cc5db;0fabd00b;ca54d349;64dcb5c2;341df19a;43367997;aa26223c;f7db2161;dd89e9d4;a53d016e;f4b34d31;051ff65b;a3184fe9;9315270f;1c899335;fd96055b;1978dc11;19978090;86e1bb33;bc8cceff;7ce01723;9cc3f7dc
15,5,59,success,None,22/Jul/2026:17:24:30.700796,22/Jul/2026:17:24:32.425519,1.7247,74,22/Jul/2026:17:24:29.840624;22/Jul/2026:17:24:20.162947;22/Jul/2026:17:24:13.716362;22/Jul/2026:17:24:23.677815;22/Jul/2026:17:24:20.849549;22/Jul/2026:17:24:19.428792;22/Jul/2026:17:24:19.570717;22/Jul/2026:17:24:20.999260;22/Jul/2026:17:24:19.570157;22/Jul/2026:17:24:19.183961;22/Jul/2026:17:24:25.295278;22/Jul/2026:17:24:30.704454;22/Jul/2026:17:24:30.709749;22/Jul/2026:17:24:19.570276;22/Jul/2026:17:24:11.535865;22/Jul/2026:17:24:26.965009;22/Jul/2026:17:24:30.709378;22/Jul/2026:17:24:30.708796;22/Jul/2026:17:24:28.444478;22/Jul/2026:17:24:14.340399;22/Jul/2026:17:24:20.204040;22/Jul/2026:17:24:30.703337;22/Jul/2026:17:24:20.161015;22/Jul/2026:17:24:30.711124;22/Jul/2026:17:24:16.453516;22/Jul/2026:17:24:30.714830;22/Jul/2026:17:24:15.190275;22/Jul/2026:17:24:30.704094;22/Jul/2026:17:24:29.803442;22/Jul/2026:17:24:25.985694;22/Jul/2026:17:24:30.717312;22/Jul/2026:17:24:30.710833;22/Jul/2026:17:24:30.713639;22/Jul/2026:17:24:30.715974;22/Jul/2026:17:24:30.703962;22/Jul/2026:17:24:30.704278;22/Jul/2026:17:24:30.713253;22/Jul/2026:17:24:30.718226;22/Jul/2026:17:24:30.716647;22/Jul/2026:17:24:30.703215;22/Jul/2026:17:24:30.716261;22/Jul/2026:17:24:30.716439;22/Jul/2026:17:24:22.825694;22/Jul/2026:17:24:27.339823;22/Jul/2026:17:24:30.715792;22/Jul/2026:17:24:30.716003;22/Jul/2026:17:24:28.812718;22/Jul/2026:17:24:27.102685;22/Jul/2026:17:24:21.552017;22/Jul/2026:17:24:30.703819;22/Jul/2026:17:24:30.715666;22/Jul/2026:17:24:20.999865;22/Jul/2026:17:24:30.715303;22/Jul/2026:17:24:30.710930;22/Jul/2026:17:24:30.719330;22/Jul/2026:17:24:30.713282;22/Jul/2026:17:24:21.552356;22/Jul/2026:17:24:20.997990;22/Jul/2026:17:24:20.849352;22/Jul/2026:17:24:30.710659;22/Jul/2026:17:24:30.710102;22/Jul/2026:17:24:30.717822;22/Jul/2026:17:24:27.103046;22/Jul/2026:17:24:28.935215;22/Jul/2026:17:24:23.065648;22/Jul/2026:17:24:30.718027;22/Jul/2026:17:24:27.205032;22/Jul/2026:17:24:30.709214;22/Jul/2026:17:24:30.712981;22/Jul/2026:17:24:30.709697;22/Jul/2026:17:24:30.709437;22/Jul/2026:17:24:30.717370;22/Jul/2026:17:24:28.004585;22/Jul/2026:17:24:30.709160,0.8716;10.5629;17.0095;7.0482;9.8764;11.2972;11.1558;9.7294;11.1589;11.5595;5.5119;0.1148;0.1108;11.2563;19.2959;3.8716;0.1330;0.1827;2.4522;16.5864;10.7611;0.2720;10.8273;0.2781;14.5409;0.4894;16.0174;0.6756;1.6044;5.5168;0.8293;0.8467;0.8474;0.9164;0.9377;0.9435;0.9412;0.9442;0.9679;0.9859;0.9985;0.9990;8.9001;4.4026;1.0536;1.0607;2.9882;4.7098;10.2652;1.1167;1.1134;10.8465;1.1597;1.1874;1.2460;1.2765;10.4496;11.0076;11.1813;1.3375;1.3457;1.3634;5.0099;3.1859;9.0605;1.4093;4.9526;1.4532;1.5021;1.5945;1.6370;1.6351;4.4074;1.7140,bytes=1863401001-1863499138;bytes=1578714514-1579605577;bytes=218130113-218212015;bytes=418097565-418311418;bytes=1744292054-1745182188;bytes=1479162819-1480057985;bytes=1548137257-1548236610;bytes=1864533980-1865422371;bytes=1543906327-1543997920;bytes=1388165987-1389066682;bytes=816880329-817800474;bytes=40433977-40533620;bytes=92805846-92892538;bytes=1540275678-1541177113;bytes=1864533980-1865422371;bytes=1189089706-1189195268;bytes=76333743-76424815;bytes=68266931-68439900;bytes=1577428287-1577597875;bytes=340716861-340808275;bytes=1617249636-1618162112;bytes=32038768-32136927;bytes=1566469010-1567353145;bytes=100911844-101014333;bytes=798223020-798323844;bytes=217140566-218048429;bytes=554824724-555750334;bytes=33501535-34378949;bytes=1837991559-1838079960;bytes=930126251-930216946;bytes=299798266-299946571;bytes=97160198-98062851;bytes=176137584-177054364;bytes=247957533-248837276;bytes=36319658-36416454;bytes=36416455-36543919;bytes=137856974-137941086;bytes=344472510-344588849;bytes=284092379-285002112;bytes=28228336-28434926;bytes=253823466-254723840;bytes=280917475-281801805;bytes=215318827-216215808;bytes=1351319050-1352202287;bytes=245732603-246620475;bytes=248837277-249736121;bytes=1617249636-1618162112;bytes=1222176967-1222286700;bytes=1895155315-1896056970;bytes=32417064-32607768;bytes=246739263-246877761;bytes=1867575487-1867687770;bytes=225508889-226421794;bytes=98062852-98943525;bytes=408465905-409357834;bytes=141544733-141634968;bytes=1896688162-1897571413;bytes=1862240856-1863150782;bytes=1747123986-1747225559;bytes=100736163-100823178;bytes=92992578-93079692;bytes=333004365-333910753;bytes=1218578404-1219479880;bytes=1659691334-1660602478;bytes=353842503-354740173;bytes=340630874-340716860;bytes=1300484391-1300581860;bytes=72226775-72419816;bytes=133596015-133768878;bytes=89074013-89192873;bytes=85130458-86033739;bytes=325737835-326623523;bytes=1466989933-1467875790;bytes=71156595-72061761,ad2b1871;f1c7c8da;26a4d47b;5ea68c0b;80b93eb9;df1917ef;2e55668f;7703a25c;e359da31;37e94eb4;62828783;ca2917df;927cbece;8eaaffe1;4d031ff8;5572d8b9;fb55c81d;6ee2236b;dbd8afaf;3f94a590;18f71e5b;5b01ef12;0df1fb38;225ff6ff;d804fe23;892dfb04;22e8bb1d;b3874398;84bc5f1d;8f5d493f;4c3ca3d1;b8b73a58;86178164;1b1a4f04;2a2c2fb2;3f7cee5c;3c58c433;61935650;e5a16711;3e59d274;f9eaf11f;601bec33;e94cc379;4ae59807;b6f5fd7b;52a9cb18;d535af62;6b1c0cac;f60cc5db;0fabd00b;ca54d349;64dcb5c2;341df19a;43367997;aa26223c;f7db2161;dd89e9d4;a53d016e;f4b34d31;051ff65b;a3184fe9;9315270f;1c899335;fd96055b;1978dc11;19978090;86e1bb33;bc8cceff;7ce01723;9cc3f7dc;70fcd44e;9530241b;56ad414a;c3d1bc9e
15,5,69,success,None,22/Jul/2026:17:24:30.701145,22/Jul/2026:17:24:32.554795,1.8536,79,22/Jul/2026:17:24:29.840624;22/Jul/2026:17:24:20.162947;22/Jul/2026:17:24:13.716362;22/Jul/2026:17:24:23.677815;22/Jul/2026:17:24:20.849549;22/Jul/2026:17:24:19.428792;22/Jul/2026:17:24:19.570717;22/Jul/2026:17:24:20.999260;22/Jul/2026:17:24:19.570157;22/Jul/2026:17:24:19.183961;22/Jul/2026:17:24:25.295278;22/Jul/2026:17:24:30.704454;22/Jul/2026:17:24:30.709749;22/Jul/2026:17:24:19.570276;22/Jul/2026:17:24:11.535865;22/Jul/2026:17:24:26.965009;22/Jul/2026:17:24:30.709378;22/Jul/2026:17:24:30.708796;22/Jul/2026:17:24:28.444478;22/Jul/2026:17:24:14.340399;22/Jul/2026:17:24:20.204040;22/Jul/2026:17:24:30.703337;22/Jul/2026:17:24:20.161015;22/Jul/2026:17:24:30.711124;22/Jul/2026:17:24:16.453516;22/Jul/2026:17:24:30.714830;22/Jul/2026:17:24:15.190275;22/Jul/2026:17:24:30.704094;22/Jul/2026:17:24:29.803442;22/Jul/2026:17:24:25.985694;22/Jul/2026:17:24:30.717312;22/Jul/2026:17:24:30.710833;22/Jul/2026:17:24:30.713639;22/Jul/2026:17:24:30.715974;22/Jul/2026:17:24:30.703962;22/Jul/2026:17:24:30.704278;22/Jul/2026:17:24:30.713253;22/Jul/2026:17:24:30.718226;22/Jul/2026:17:24:30.716647;22/Jul/2026:17:24:30.703215;22/Jul/2026:17:24:30.716261;22/Jul/2026:17:24:30.716439;22/Jul/2026:17:24:22.825694;22/Jul/2026:17:24:27.339823;22/Jul/2026:17:24:30.715792;22/Jul/2026:17:24:30.716003;22/Jul/2026:17:24:28.812718;22/Jul/2026:17:24:27.102685;22/Jul/2026:17:24:21.552017;22/Jul/2026:17:24:30.703819;22/Jul/2026:17:24:30.715666;22/Jul/2026:17:24:20.999865;22/Jul/2026:17:24:30.715303;22/Jul/2026:17:24:30.710930;22/Jul/2026:17:24:30.719330;22/Jul/2026:17:24:30.713282;22/Jul/2026:17:24:21.552356;22/Jul/2026:17:24:20.997990;22/Jul/2026:17:24:20.849352;22/Jul/2026:17:24:30.710659;22/Jul/2026:17:24:30.710102;22/Jul/2026:17:24:30.717822;22/Jul/2026:17:24:27.103046;22/Jul/2026:17:24:28.935215;22/Jul/2026:17:24:23.065648;22/Jul/2026:17:24:30.718027;22/Jul/2026:17:24:27.205032;22/Jul/2026:17:24:30.709214;22/Jul/2026:17:24:30.712981;22/Jul/2026:17:24:30.709697;22/Jul/2026:17:24:30.709437;22/Jul/2026:17:24:30.717370;22/Jul/2026:17:24:28.004585;22/Jul/2026:17:24:30.709160;22/Jul/2026:17:24:28.948633;22/Jul/2026:17:24:20.936850;22/Jul/2026:17:24:22.827130;22/Jul/2026:17:24:30.717731;22/Jul/2026:17:24:26.511538,0.8716;10.5629;17.0095;7.0482;9.8764;11.2972;11.1558;9.7294;11.1589;11.5595;5.5119;0.1148;0.1108;11.2563;19.2959;3.8716;0.1330;0.1827;2.4522;16.5864;10.7611;0.2720;10.8273;0.2781;14.5409;0.4894;16.0174;0.6756;1.6044;5.5168;0.8293;0.8467;0.8474;0.9164;0.9377;0.9435;0.9412;0.9442;0.9679;0.9859;0.9985;0.9990;8.9001;4.4026;1.0536;1.0607;2.9882;4.7098;10.2652;1.1167;1.1134;10.8465;1.1597;1.1874;1.2460;1.2765;10.4496;11.0076;11.1813;1.3375;1.3457;1.3634;5.0099;3.1859;9.0605;1.4093;4.9526;1.4532;1.5021;1.5945;1.6370;1.6351;4.4074;1.7140;3.5301;11.5538;9.6698;1.7946;6.0218,bytes=1863401001-1863499138;bytes=1578714514-1579605577;bytes=218130113-218212015;bytes=418097565-418311418;bytes=1744292054-1745182188;bytes=1479162819-1480057985;bytes=1548137257-1548236610;bytes=1864533980-1865422371;bytes=1543906327-1543997920;bytes=1388165987-1389066682;bytes=816880329-817800474;bytes=40433977-40533620;bytes=92805846-92892538;bytes=1540275678-1541177113;bytes=1864533980-1865422371;bytes=1189089706-1189195268;bytes=76333743-76424815;bytes=68266931-68439900;bytes=1577428287-1577597875;bytes=340716861-340808275;bytes=1617249636-1618162112;bytes=32038768-32136927;bytes=1566469010-1567353145;bytes=100911844-101014333;bytes=798223020-798323844;bytes=217140566-218048429;bytes=554824724-555750334;bytes=33501535-34378949;bytes=1837991559-1838079960;bytes=930126251-930216946;bytes=299798266-299946571;bytes=97160198-98062851;bytes=176137584-177054364;bytes=247957533-248837276;bytes=36319658-36416454;bytes=36416455-36543919;bytes=137856974-137941086;bytes=344472510-344588849;bytes=284092379-285002112;bytes=28228336-28434926;bytes=253823466-254723840;bytes=280917475-281801805;bytes=215318827-216215808;bytes=1351319050-1352202287;bytes=245732603-246620475;bytes=248837277-249736121;bytes=1617249636-1618162112;bytes=1222176967-1222286700;bytes=1895155315-1896056970;bytes=32417064-32607768;bytes=246739263-246877761;bytes=1867575487-1867687770;bytes=225508889-226421794;bytes=98062852-98943525;bytes=408465905-409357834;bytes=141544733-141634968;bytes=1896688162-1897571413;bytes=1862240856-1863150782;bytes=1747123986-1747225559;bytes=100736163-100823178;bytes=92992578-93079692;bytes=333004365-333910753;bytes=1218578404-1219479880;bytes=1659691334-1660602478;bytes=353842503-354740173;bytes=340630874-340716860;bytes=1300484391-1300581860;bytes=72226775-72419816;bytes=133596015-133768878;bytes=89074013-89192873;bytes=85130458-86033739;bytes=325737835-326623523;bytes=1466989933-1467875790;bytes=71156595-72061761;bytes=1741879835-1742774856;bytes=1780607111-1781501997;bytes=219512661-220406320;bytes=332900130-333004364;bytes=1160189423-1160305916,ad2b1871;f1c7c8da;26a4d47b;5ea68c0b;80b93eb9;df1917ef;2e55668f;7703a25c;e359da31;37e94eb4;62828783;ca2917df;927cbece;8eaaffe1;4d031ff8;5572d8b9;fb55c81d;6ee2236b;dbd8afaf;3f94a590;18f71e5b;5b01ef12;0df1fb38;225ff6ff;d804fe23;892dfb04;22e8bb1d;b3874398;84bc5f1d;8f5d493f;4c3ca3d1;b8b73a58;86178164;1b1a4f04;2a2c2fb2;3f7cee5c;3c58c433;61935650;e5a16711;3e59d274;f9eaf11f;601bec33;e94cc379;4ae59807;b6f5fd7b;52a9cb18;d535af62;6b1c0cac;f60cc5db;0fabd00b;ca54d349;64dcb5c2;341df19a;43367997;aa26223c;f7db2161;dd89e9d4;a53d016e;f4b34d31;051ff65b;a3184fe9;9315270f;1c899335;fd96055b;1978dc11;19978090;86e1bb33;bc8cceff;7ce01723;9cc3f7dc;70fcd44e;9530241b;56ad414a;c3d1bc9e;12e958fc;69e525c9;2b3449a9;8c500fbd;868927ad
15,5,80,success,None,22/Jul/2026:17:24:30.701330,22/Jul/2026:17:24:32.668819,1.9675,85,22/Jul/2026:17:24:29.840624;22/Jul/2026:17:24:20.162947;22/Jul/2026:17:24:13.716362;22/Jul/2026:17:24:23.677815;22/Jul/2026:17:24:20.849549;22/Jul/2026:17:24:19.428792;22/Jul/2026:17:24:19.570717;22/Jul/2026:17:24:20.999260;22/Jul/2026:17:24:19.570157;22/Jul/2026:17:24:19.183961;22/Jul/2026:17:24:25.295278;22/Jul/2026:17:24:30.704454;22/Jul/2026:17:24:30.709749;22/Jul/2026:17:24:19.570276;22/Jul/2026:17:24:11.535865;22/Jul/2026:17:24:26.965009;22/Jul/2026:17:24:30.709378;22/Jul/2026:17:24:30.708796;22/Jul/2026:17:24:28.444478;22/Jul/2026:17:24:14.340399;22/Jul/2026:17:24:20.204040;22/Jul/2026:17:24:30.703337;22/Jul/2026:17:24:20.161015;22/Jul/2026:17:24:30.711124;22/Jul/2026:17:24:16.453516;22/Jul/2026:17:24:30.714830;22/Jul/2026:17:24:15.190275;22/Jul/2026:17:24:30.704094;22/Jul/2026:17:24:29.803442;22/Jul/2026:17:24:25.985694;22/Jul/2026:17:24:30.717312;22/Jul/2026:17:24:30.710833;22/Jul/2026:17:24:30.713639;22/Jul/2026:17:24:30.715974;22/Jul/2026:17:24:30.703962;22/Jul/2026:17:24:30.704278;22/Jul/2026:17:24:30.713253;22/Jul/2026:17:24:30.718226;22/Jul/2026:17:24:30.716647;22/Jul/2026:17:24:30.703215;22/Jul/2026:17:24:30.716261;22/Jul/2026:17:24:30.716439;22/Jul/2026:17:24:22.825694;22/Jul/2026:17:24:27.339823;22/Jul/2026:17:24:30.715792;22/Jul/2026:17:24:30.716003;22/Jul/2026:17:24:28.812718;22/Jul/2026:17:24:27.102685;22/Jul/2026:17:24:21.552017;22/Jul/2026:17:24:30.703819;22/Jul/2026:17:24:30.715666;22/Jul/2026:17:24:20.999865;22/Jul/2026:17:24:30.715303;22/Jul/2026:17:24:30.710930;22/Jul/2026:17:24:30.719330;22/Jul/2026:17:24:30.713282;22/Jul/2026:17:24:21.552356;22/Jul/2026:17:24:20.997990;22/Jul/2026:17:24:20.849352;22/Jul/2026:17:24:30.710659;22/Jul/2026:17:24:30.710102;22/Jul/2026:17:24:30.717822;22/Jul/2026:17:24:27.103046;22/Jul/2026:17:24:28.935215;22/Jul/2026:17:24:23.065648;22/Jul/2026:17:24:30.718027;22/Jul/2026:17:24:27.205032;22/Jul/2026:17:24:30.709214;22/Jul/2026:17:24:30.712981;22/Jul/2026:17:24:30.709697;22/Jul/2026:17:24:30.709437;22/Jul/2026:17:24:30.717370;22/Jul/2026:17:24:28.004585;22/Jul/2026:17:24:30.709160;22/Jul/2026:17:24:28.948633;22/Jul/2026:17:24:20.936850;22/Jul/2026:17:24:22.827130;22/Jul/2026:17:24:30.717731;22/Jul/2026:17:24:26.511538;22/Jul/2026:17:24:20.937167;22/Jul/2026:17:24:21.961622;22/Jul/2026:17:24:28.931832;22/Jul/2026:17:24:30.719159;22/Jul/2026:17:24:27.997044;22/Jul/2026:17:24:04.688427,0.8716;10.5629;17.0095;7.0482;9.8764;11.2972;11.1558;9.7294;11.1589;11.5595;5.5119;0.1148;0.1108;11.2563;19.2959;3.8716;0.1330;0.1827;2.4522;16.5864;10.7611;0.2720;10.8273;0.2781;14.5409;0.4894;16.0174;0.6756;1.6044;5.5168;0.8293;0.8467;0.8474;0.9164;0.9377;0.9435;0.9412;0.9442;0.9679;0.9859;0.9985;0.9990;8.9001;4.4026;1.0536;1.0607;2.9882;4.7098;10.2652;1.1167;1.1134;10.8465;1.1597;1.1874;1.2460;1.2765;10.4496;11.0076;11.1813;1.3375;1.3457;1.3634;5.0099;3.1859;9.0605;1.4093;4.9526;1.4532;1.5021;1.5945;1.6370;1.6351;4.4074;1.7140;3.5301;11.5538;9.6698;1.7946;6.0218;11.6261;10.6138;3.6648;1.8777;4.6212;27.9774,bytes=1863401001-1863499138;bytes=1578714514-1579605577;bytes=218130113-218212015;bytes=418097565-418311418;bytes=1744292054-1745182188;bytes=1479162819-1480057985;bytes=1548137257-1548236610;bytes=1864533980-1865422371;bytes=1543906327-1543997920;bytes=1388165987-1389066682;bytes=816880329-817800474;bytes=40433977-40533620;bytes=92805846-92892538;bytes=1540275678-1541177113;bytes=1864533980-1865422371;bytes=1189089706-1189195268;bytes=76333743-76424815;bytes=68266931-68439900;bytes=1577428287-1577597875;bytes=340716861-340808275;bytes=1617249636-1618162112;bytes=32038768-32136927;bytes=1566469010-1567353145;bytes=100911844-101014333;bytes=798223020-798323844;bytes=217140566-218048429;bytes=554824724-555750334;bytes=33501535-34378949;bytes=1837991559-1838079960;bytes=930126251-930216946;bytes=299798266-299946571;bytes=97160198-98062851;bytes=176137584-177054364;bytes=247957533-248837276;bytes=36319658-36416454;bytes=36416455-36543919;bytes=137856974-137941086;bytes=344472510-344588849;bytes=284092379-285002112;bytes=28228336-28434926;bytes=253823466-254723840;bytes=280917475-281801805;bytes=215318827-216215808;bytes=1351319050-1352202287;bytes=245732603-246620475;bytes=248837277-249736121;bytes=1617249636-1618162112;bytes=1222176967-1222286700;bytes=1895155315-1896056970;bytes=32417064-32607768;bytes=246739263-246877761;bytes=1867575487-1867687770;bytes=225508889-226421794;bytes=98062852-98943525;bytes=408465905-409357834;bytes=141544733-141634968;bytes=1896688162-1897571413;bytes=1862240856-1863150782;bytes=1747123986-1747225559;bytes=100736163-100823178;bytes=92992578-93079692;bytes=333004365-333910753;bytes=1218578404-1219479880;bytes=1659691334-1660602478;bytes=353842503-354740173;bytes=340630874-340716860;bytes=1300484391-1300581860;bytes=72226775-72419816;bytes=133596015-133768878;bytes=89074013-89192873;bytes=85130458-86033739;bytes=325737835-326623523;bytes=1466989933-1467875790;bytes=71156595-72061761;bytes=1741879835-1742774856;bytes=1780607111-1781501997;bytes=219512661-220406320;bytes=332900130-333004364;bytes=1160189423-1160305916;bytes=1784527551-1784634464;bytes=30208736-31127958;bytes=1648320001-1648547224;bytes=365141612-365352939;bytes=1444533544-1444612863;bytes=628886394-629800883,ad2b1871;f1c7c8da;26a4d47b;5ea68c0b;80b93eb9;df1917ef;2e55668f;7703a25c;e359da31;37e94eb4;62828783;ca2917df;927cbece;8eaaffe1;4d031ff8;5572d8b9;fb55c81d;6ee2236b;dbd8afaf;3f94a590;18f71e5b;5b01ef12;0df1fb38;225ff6ff;d804fe23;892dfb04;22e8bb1d;b3874398;84bc5f1d;8f5d493f;4c3ca3d1;b8b73a58;86178164;1b1a4f04;2a2c2fb2;3f7cee5c;3c58c433;61935650;e5a16711;3e59d274;f9eaf11f;601bec33;e94cc379;4ae59807;b6f5fd7b;52a9cb18;d535af62;6b1c0cac;f60cc5db;0fabd00b;ca54d349;64dcb5c2;341df19a;43367997;aa26223c;f7db2161;dd89e9d4;a53d016e;f4b34d31;051ff65b;a3184fe9;9315270f;1c899335;fd96055b;1978dc11;19978090;86e1bb33;bc8cceff;7ce01723;9cc3f7dc;70fcd44e;9530241b;56ad414a;c3d1bc9e;12e958fc;69e525c9;2b3449a9;8c500fbd;868927ad;0c7cf95e;b7ee3e13;2a107f63;a8343199;8d6b3dba;0104a24a
15,5,86,success,None,22/Jul/2026:17:24:30.701505,22/Jul/2026:17:24:32.780127,2.0786,88,22/Jul/2026:17:24:29.840624;22/Jul/2026:17:24:20.162947;22/Jul/2026:17:24:13.716362;22/Jul/2026:17:24:23.677815;22/Jul/2026:17:24:20.849549;22/Jul/2026:17:24:19.428792;22/Jul/2026:17:24:19.570717;22/Jul/2026:17:24:20.999260;22/Jul/2026:17:24:19.570157;22/Jul/2026:17:24:19.183961;22/Jul/2026:17:24:25.295278;22/Jul/2026:17:24:30.704454;22/Jul/2026:17:24:30.709749;22/Jul/2026:17:24:19.570276;22/Jul/2026:17:24:11.535865;22/Jul/2026:17:24:26.965009;22/Jul/2026:17:24:30.709378;22/Jul/2026:17:24:30.708796;22/Jul/2026:17:24:28.444478;22/Jul/2026:17:24:14.340399;22/Jul/2026:17:24:20.204040;22/Jul/2026:17:24:30.703337;22/Jul/2026:17:24:20.161015;22/Jul/2026:17:24:30.711124;22/Jul/2026:17:24:16.453516;22/Jul/2026:17:24:30.714830;22/Jul/2026:17:24:15.190275;22/Jul/2026:17:24:30.704094;22/Jul/2026:17:24:29.803442;22/Jul/2026:17:24:25.985694;22/Jul/2026:17:24:30.717312;22/Jul/2026:17:24:30.710833;22/Jul/2026:17:24:30.713639;22/Jul/2026:17:24:30.715974;22/Jul/2026:17:24:30.703962;22/Jul/2026:17:24:30.704278;22/Jul/2026:17:24:30.713253;22/Jul/2026:17:24:30.718226;22/Jul/2026:17:24:30.716647;22/Jul/2026:17:24:30.703215;22/Jul/2026:17:24:30.716261;22/Jul/2026:17:24:30.716439;22/Jul/2026:17:24:22.825694;22/Jul/2026:17:24:27.339823;22/Jul/2026:17:24:30.715792;22/Jul/2026:17:24:30.716003;22/Jul/2026:17:24:28.812718;22/Jul/2026:17:24:27.102685;22/Jul/2026:17:24:21.552017;22/Jul/2026:17:24:30.703819;22/Jul/2026:17:24:30.715666;22/Jul/2026:17:24:20.999865;22/Jul/2026:17:24:30.715303;22/Jul/2026:17:24:30.710930;22/Jul/2026:17:24:30.719330;22/Jul/2026:17:24:30.713282;22/Jul/2026:17:24:21.552356;22/Jul/2026:17:24:20.997990;22/Jul/2026:17:24:20.849352;22/Jul/2026:17:24:30.710659;22/Jul/2026:17:24:30.710102;22/Jul/2026:17:24:30.717822;22/Jul/2026:17:24:27.103046;22/Jul/2026:17:24:28.935215;22/Jul/2026:17:24:23.065648;22/Jul/2026:17:24:30.718027;22/Jul/2026:17:24:27.205032;22/Jul/2026:17:24:30.709214;22/Jul/2026:17:24:30.712981;22/Jul/2026:17:24:30.709697;22/Jul/2026:17:24:30.709437;22/Jul/2026:17:24:30.717370;22/Jul/2026:17:24:28.004585;22/Jul/2026:17:24:30.709160;22/Jul/2026:17:24:28.948633;22/Jul/2026:17:24:20.936850;22/Jul/2026:17:24:22.827130;22/Jul/2026:17:24:30.717731;22/Jul/2026:17:24:26.511538;22/Jul/2026:17:24:20.937167;22/Jul/2026:17:24:21.961622;22/Jul/2026:17:24:28.931832;22/Jul/2026:17:24:30.719159;22/Jul/2026:17:24:27.997044;22/Jul/2026:17:24:04.688427;22/Jul/2026:17:24:30.714016;22/Jul/2026:17:24:30.723236;22/Jul/2026:17:24:30.713579,0.8716;10.5629;17.0095;7.0482;9.8764;11.2972;11.1558;9.7294;11.1589;11.5595;5.5119;0.1148;0.1108;11.2563;19.2959;3.8716;0.1330;0.1827;2.4522;16.5864;10.7611;0.2720;10.8273;0.2781;14.5409;0.4894;16.0174;0.6756;1.6044;5.5168;0.8293;0.8467;0.8474;0.9164;0.9377;0.9435;0.9412;0.9442;0.9679;0.9859;0.9985;0.9990;8.9001;4.4026;1.0536;1.0607;2.9882;4.7098;10.2652;1.1167;1.1134;10.8465;1.1597;1.1874;1.2460;1.2765;10.4496;11.0076;11.1813;1.3375;1.3457;1.3634;5.0099;3.1859;9.0605;1.4093;4.9526;1.4532;1.5021;1.5945;1.6370;1.6351;4.4074;1.7140;3.5301;11.5538;9.6698;1.7946;6.0218;11.6261;10.6138;3.6648;1.8777;4.6212;27.9774;2.0080;2.0146;2.0620,bytes=1863401001-1863499138;bytes=1578714514-1579605577;bytes=218130113-218212015;bytes=418097565-418311418;bytes=1744292054-1745182188;bytes=1479162819-1480057985;bytes=1548137257-1548236610;bytes=1864533980-1865422371;bytes=1543906327-1543997920;bytes=1388165987-1389066682;bytes=816880329-817800474;bytes=40433977-40533620;bytes=92805846-92892538;bytes=1540275678-1541177113;bytes=1864533980-1865422371;bytes=1189089706-1189195268;bytes=76333743-76424815;bytes=68266931-68439900;bytes=1577428287-1577597875;bytes=340716861-340808275;bytes=1617249636-1618162112;bytes=32038768-32136927;bytes=1566469010-1567353145;bytes=100911844-101014333;bytes=798223020-798323844;bytes=217140566-218048429;bytes=554824724-555750334;bytes=33501535-34378949;bytes=1837991559-1838079960;bytes=930126251-930216946;bytes=299798266-299946571;bytes=97160198-98062851;bytes=176137584-177054364;bytes=247957533-248837276;bytes=36319658-36416454;bytes=36416455-36543919;bytes=137856974-137941086;bytes=344472510-344588849;bytes=284092379-285002112;bytes=28228336-28434926;bytes=253823466-254723840;bytes=280917475-281801805;bytes=215318827-216215808;bytes=1351319050-1352202287;bytes=245732603-246620475;bytes=248837277-249736121;bytes=1617249636-1618162112;bytes=1222176967-1222286700;bytes=1895155315-1896056970;bytes=32417064-32607768;bytes=246739263-246877761;bytes=1867575487-1867687770;bytes=225508889-226421794;bytes=98062852-98943525;bytes=408465905-409357834;bytes=141544733-141634968;bytes=1896688162-1897571413;bytes=1862240856-1863150782;bytes=1747123986-1747225559;bytes=100736163-100823178;bytes=92992578-93079692;bytes=333004365-333910753;bytes=1218578404-1219479880;bytes=1659691334-1660602478;bytes=353842503-354740173;bytes=340630874-340716860;bytes=1300484391-1300581860;bytes=72226775-72419816;bytes=133596015-133768878;bytes=89074013-89192873;bytes=85130458-86033739;bytes=325737835-326623523;bytes=1466989933-1467875790;bytes=71156595-72061761;bytes=1741879835-1742774856;bytes=1780607111-1781501997;bytes=219512661-220406320;bytes=332900130-333004364;bytes=1160189423-1160305916;bytes=1784527551-1784634464;bytes=30208736-31127958;bytes=1648320001-1648547224;bytes=365141612-365352939;bytes=1444533544-1444612863;bytes=628886394-629800883;bytes=186367467-186466311;bytes=574007591-574904207;bytes=174363374-175258548,ad2b1871;f1c7c8da;26a4d47b;5ea68c0b;80b93eb9;df1917ef;2e55668f;7703a25c;e359da31;37e94eb4;62828783;ca2917df;927cbece;8eaaffe1;4d031ff8;5572d8b9;fb55c81d;6ee2236b;dbd8afaf;3f94a590;18f71e5b;5b01ef12;0df1fb38;225ff6ff;d804fe23;892dfb04;22e8bb1d;b3874398;84bc5f1d;8f5d493f;4c3ca3d1;b8b73a58;86178164;1b1a4f04;2a2c2fb2;3f7cee5c;3c58c433;61935650;e5a16711;3e59d274;f9eaf11f;601bec33;e94cc379;4ae59807;b6f5fd7b;52a9cb18;d535af62;6b1c0cac;f60cc5db;0fabd00b;ca54d349;64dcb5c2;341df19a;43367997;aa26223c;f7db2161;dd89e9d4;a53d016e;f4b34d31;051ff65b;a3184fe9;9315270f;1c899335;fd96055b;1978dc11;19978090;86e1bb33;bc8cceff;7ce01723;9cc3f7dc;70fcd44e;9530241b;56ad414a;c3d1bc9e;12e958fc;69e525c9;2b3449a9;8c500fbd;868927ad;0c7cf95e;b7ee3e13;2a107f63;a8343199;8d6b3dba;0104a24a;65ff1166;c297b7b1;0089f2e3
15,5,100,success,None,22/Jul/2026:17:24:30.701675,22/Jul/2026:17:24:33.033097,2.3314,93,22/Jul/2026:17:24:29.840624;22/Jul/2026:17:24:20.162947;22/Jul/2026:17:24:13.716362;22/Jul/2026:17:24:23.677815;22/Jul/2026:17:24:20.849549;22/Jul/2026:17:24:19.428792;22/Jul/2026:17:24:19.570717;22/Jul/2026:17:24:20.999260;22/Jul/2026:17:24:19.570157;22/Jul/2026:17:24:19.183961;22/Jul/2026:17:24:25.295278;22/Jul/2026:17:24:30.704454;22/Jul/2026:17:24:30.709749;22/Jul/2026:17:24:19.570276;22/Jul/2026:17:24:11.535865;22/Jul/2026:17:24:26.965009;22/Jul/2026:17:24:30.709378;22/Jul/2026:17:24:30.708796;22/Jul/2026:17:24:28.444478;22/Jul/2026:17:24:14.340399;22/Jul/2026:17:24:20.204040;22/Jul/2026:17:24:30.703337;22/Jul/2026:17:24:20.161015;22/Jul/2026:17:24:30.711124;22/Jul/2026:17:24:16.453516;22/Jul/2026:17:24:30.714830;22/Jul/2026:17:24:15.190275;22/Jul/2026:17:24:30.704094;22/Jul/2026:17:24:29.803442;22/Jul/2026:17:24:25.985694;22/Jul/2026:17:24:30.717312;22/Jul/2026:17:24:30.710833;22/Jul/2026:17:24:30.713639;22/Jul/2026:17:24:30.715974;22/Jul/2026:17:24:30.703962;22/Jul/2026:17:24:30.704278;22/Jul/2026:17:24:30.713253;22/Jul/2026:17:24:30.718226;22/Jul/2026:17:24:30.716647;22/Jul/2026:17:24:30.703215;22/Jul/2026:17:24:30.716261;22/Jul/2026:17:24:30.716439;22/Jul/2026:17:24:22.825694;22/Jul/2026:17:24:27.339823;22/Jul/2026:17:24:30.715792;22/Jul/2026:17:24:30.716003;22/Jul/2026:17:24:28.812718;22/Jul/2026:17:24:27.102685;22/Jul/2026:17:24:21.552017;22/Jul/2026:17:24:30.703819;22/Jul/2026:17:24:30.715666;22/Jul/2026:17:24:20.999865;22/Jul/2026:17:24:30.715303;22/Jul/2026:17:24:30.710930;22/Jul/2026:17:24:30.719330;22/Jul/2026:17:24:30.713282;22/Jul/2026:17:24:21.552356;22/Jul/2026:17:24:20.997990;22/Jul/2026:17:24:20.849352;22/Jul/2026:17:24:30.710659;22/Jul/2026:17:24:30.710102;22/Jul/2026:17:24:30.717822;22/Jul/2026:17:24:27.103046;22/Jul/2026:17:24:28.935215;22/Jul/2026:17:24:23.065648;22/Jul/2026:17:24:30.718027;22/Jul/2026:17:24:27.205032;22/Jul/2026:17:24:30.709214;22/Jul/2026:17:24:30.712981;22/Jul/2026:17:24:30.709697;22/Jul/2026:17:24:30.709437;22/Jul/2026:17:24:30.717370;22/Jul/2026:17:24:28.004585;22/Jul/2026:17:24:30.709160;22/Jul/2026:17:24:28.948633;22/Jul/2026:17:24:20.936850;22/Jul/2026:17:24:22.827130;22/Jul/2026:17:24:30.717731;22/Jul/2026:17:24:26.511538;22/Jul/2026:17:24:20.937167;22/Jul/2026:17:24:21.961622;22/Jul/2026:17:24:28.931832;22/Jul/2026:17:24:30.719159;22/Jul/2026:17:24:27.997044;22/Jul/2026:17:24:04.688427;22/Jul/2026:17:24:30.714016;22/Jul/2026:17:24:30.723236;22/Jul/2026:17:24:30.713579;22/Jul/2026:17:24:27.103706;22/Jul/2026:17:24:19.183226;22/Jul/2026:17:24:25.564807;22/Jul/2026:17:24:30.715822;22/Jul/2026:17:24:30.709322,0.8716;10.5629;17.0095;7.0482;9.8764;11.2972;11.1558;9.7294;11.1589;11.5595;5.5119;0.1148;0.1108;11.2563;19.2959;3.8716;0.1330;0.1827;2.4522;16.5864;10.7611;0.2720;10.8273;0.2781;14.5409;0.4894;16.0174;0.6756;1.6044;5.5168;0.8293;0.8467;0.8474;0.9164;0.9377;0.9435;0.9412;0.9442;0.9679;0.9859;0.9985;0.9990;8.9001;4.4026;1.0536;1.0607;2.9882;4.7098;10.2652;1.1167;1.1134;10.8465;1.1597;1.1874;1.2460;1.2765;10.4496;11.0076;11.1813;1.3375;1.3457;1.3634;5.0099;3.1859;9.0605;1.4093;4.9526;1.4532;1.5021;1.5945;1.6370;1.6351;4.4074;1.7140;3.5301;11.5538;9.6698;1.7946;6.0218;11.6261;10.6138;3.6648;1.8777;4.6212;27.9774;2.0080;2.0146;2.0620;5.7814;13.7051;7.3840;2.2413;2.2817,bytes=1863401001-1863499138;bytes=1578714514-1579605577;bytes=218130113-218212015;bytes=418097565-418311418;bytes=1744292054-1745182188;bytes=1479162819-1480057985;bytes=1548137257-1548236610;bytes=1864533980-1865422371;bytes=1543906327-1543997920;bytes=1388165987-1389066682;bytes=816880329-817800474;bytes=40433977-40533620;bytes=92805846-92892538;bytes=1540275678-1541177113;bytes=1864533980-1865422371;bytes=1189089706-1189195268;bytes=76333743-76424815;bytes=68266931-68439900;bytes=1577428287-1577597875;bytes=340716861-340808275;bytes=1617249636-1618162112;bytes=32038768-32136927;bytes=1566469010-1567353145;bytes=100911844-101014333;bytes=798223020-798323844;bytes=217140566-218048429;bytes=554824724-555750334;bytes=33501535-34378949;bytes=1837991559-1838079960;bytes=930126251-930216946;bytes=299798266-299946571;bytes=97160198-98062851;bytes=176137584-177054364;bytes=247957533-248837276;bytes=36319658-36416454;bytes=36416455-36543919;bytes=137856974-137941086;bytes=344472510-344588849;bytes=284092379-285002112;bytes=28228336-28434926;bytes=253823466-254723840;bytes=280917475-281801805;bytes=215318827-216215808;bytes=1351319050-1352202287;bytes=245732603-246620475;bytes=248837277-249736121;bytes=1617249636-1618162112;bytes=1222176967-1222286700;bytes=1895155315-1896056970;bytes=32417064-32607768;bytes=246739263-246877761;bytes=1867575487-1867687770;bytes=225508889-226421794;bytes=98062852-98943525;bytes=408465905-409357834;bytes=141544733-141634968;bytes=1896688162-1897571413;bytes=1862240856-1863150782;bytes=1747123986-1747225559;bytes=100736163-100823178;bytes=92992578-93079692;bytes=333004365-333910753;bytes=1218578404-1219479880;bytes=1659691334-1660602478;bytes=353842503-354740173;bytes=340630874-340716860;bytes=1300484391-1300581860;bytes=72226775-72419816;bytes=133596015-133768878;bytes=89074013-89192873;bytes=85130458-86033739;bytes=325737835-326623523;bytes=1466989933-1467875790;bytes=71156595-72061761;bytes=1741879835-1742774856;bytes=1780607111-1781501997;bytes=219512661-220406320;bytes=332900130-333004364;bytes=1160189423-1160305916;bytes=1784527551-1784634464;bytes=30208736-31127958;bytes=1648320001-1648547224;bytes=365141612-365352939;bytes=1444533544-1444612863;bytes=628886394-629800883;bytes=186367467-186466311;bytes=574007591-574904207;bytes=174363374-175258548;bytes=1222491658-1222581335;bytes=1386894736-1387043817;bytes=909174226-909276221;bytes=246877762-246978778;bytes=76243160-76333742,ad2b1871;f1c7c8da;26a4d47b;5ea68c0b;80b93eb9;df1917ef;2e55668f;7703a25c;e359da31;37e94eb4;62828783;ca2917df;927cbece;8eaaffe1;4d031ff8;5572d8b9;fb55c81d;6ee2236b;dbd8afaf;3f94a590;18f71e5b;5b01ef12;0df1fb38;225ff6ff;d804fe23;892dfb04;22e8bb1d;b3874398;84bc5f1d;8f5d493f;4c3ca3d1;b8b73a58;86178164;1b1a4f04;2a2c2fb2;3f7cee5c;3c58c433;61935650;e5a16711;3e59d274;f9eaf11f;601bec33;e94cc379;4ae59807;b6f5fd7b;52a9cb18;d535af62;6b1c0cac;f60cc5db;0fabd00b;ca54d349;64dcb5c2;341df19a;43367997;aa26223c;f7db2161;dd89e9d4;a53d016e;f4b34d31;051ff65b;a3184fe9;9315270f;1c899335;fd96055b;1978dc11;19978090;86e1bb33;bc8cceff;7ce01723;9cc3f7dc;70fcd44e;9530241b;56ad414a;c3d1bc9e;12e958fc;69e525c9;2b3449a9;8c500fbd;868927ad;0c7cf95e;b7ee3e13;2a107f63;a8343199;8d6b3dba;0104a24a;65ff1166;c297b7b1;0089f2e3;bee84209;1d9d5b93;83f6c0c7;dce33092;81825421
15,5,109,success,None,22/Jul/2026:17:24:30.701844,22/Jul/2026:17:24:33.251024,2.5492,99,22/Jul/2026:17:24:29.840624;22/Jul/2026:17:24:20.162947;22/Jul/2026:17:24:13.716362;22/Jul/2026:17:24:23.677815;22/Jul/2026:17:24:20.849549;22/Jul/2026:17:24:19.428792;22/Jul/2026:17:24:19.570717;22/Jul/2026:17:24:20.999260;22/Jul/2026:17:24:19.570157;22/Jul/2026:17:24:19.183961;22/Jul/2026:17:24:25.295278;22/Jul/2026:17:24:30.704454;22/Jul/2026:17:24:30.709749;22/Jul/2026:17:24:19.570276;22/Jul/2026:17:24:11.535865;22/Jul/2026:17:24:26.965009;22/Jul/2026:17:24:30.709378;22/Jul/2026:17:24:30.708796;22/Jul/2026:17:24:28.444478;22/Jul/2026:17:24:14.340399;22/Jul/2026:17:24:20.204040;22/Jul/2026:17:24:30.703337;22/Jul/2026:17:24:20.161015;22/Jul/2026:17:24:30.711124;22/Jul/2026:17:24:16.453516;22/Jul/2026:17:24:30.714830;22/Jul/2026:17:24:15.190275;22/Jul/2026:17:24:30.704094;22/Jul/2026:17:24:29.803442;22/Jul/2026:17:24:25.985694;22/Jul/2026:17:24:30.717312;22/Jul/2026:17:24:30.710833;22/Jul/2026:17:24:30.713639;22/Jul/2026:17:24:30.715974;22/Jul/2026:17:24:30.703962;22/Jul/2026:17:24:30.704278;22/Jul/2026:17:24:30.713253;22/Jul/2026:17:24:30.718226;22/Jul/2026:17:24:30.716647;22/Jul/2026:17:24:30.703215;22/Jul/2026:17:24:30.716261;22/Jul/2026:17:24:30.716439;22/Jul/2026:17:24:22.825694;22/Jul/2026:17:24:27.339823;22/Jul/2026:17:24:30.715792;22/Jul/2026:17:24:30.716003;22/Jul/2026:17:24:28.812718;22/Jul/2026:17:24:27.102685;22/Jul/2026:17:24:21.552017;22/Jul/2026:17:24:30.703819;22/Jul/2026:17:24:30.715666;22/Jul/2026:17:24:20.999865;22/Jul/2026:17:24:30.715303;22/Jul/2026:17:24:30.710930;22/Jul/2026:17:24:30.719330;22/Jul/2026:17:24:30.713282;22/Jul/2026:17:24:21.552356;22/Jul/2026:17:24:20.997990;22/Jul/2026:17:24:20.849352;22/Jul/2026:17:24:30.710659;22/Jul/2026:17:24:30.710102;22/Jul/2026:17:24:30.717822;22/Jul/2026:17:24:27.103046;22/Jul/2026:17:24:28.935215;22/Jul/2026:17:24:23.065648;22/Jul/2026:17:24:30.718027;22/Jul/2026:17:24:27.205032;22/Jul/2026:17:24:30.709214;22/Jul/2026:17:24:30.712981;22/Jul/2026:17:24:30.709697;22/Jul/2026:17:24:30.709437;22/Jul/2026:17:24:30.717370;22/Jul/2026:17:24:28.004585;22/Jul/2026:17:24:30.709160;22/Jul/2026:17:24:28.948633;22/Jul/2026:17:24:20.936850;22/Jul/2026:17:24:22.827130;22/Jul/2026:17:24:30.717731;22/Jul/2026:17:24:26.511538;22/Jul/2026:17:24:20.937167;22/Jul/2026:17:24:21.961622;22/Jul/2026:17:24:28.931832;22/Jul/2026:17:24:30.719159;22/Jul/2026:17:24:27.997044;22/Jul/2026:17:24:04.688427;22/Jul/2026:17:24:30.714016;22/Jul/2026:17:24:30.723236;22/Jul/2026:17:24:30.713579;22/Jul/2026:17:24:27.103706;22/Jul/2026:17:24:19.183226;22/Jul/2026:17:24:25.564807;22/Jul/2026:17:24:30.715822;22/Jul/2026:17:24:30.709322;22/Jul/2026:17:24:31.903708;22/Jul/2026:17:24:25.565008;22/Jul/2026:17:24:30.716590;22/Jul/2026:17:24:30.716968;22/Jul/2026:17:24:30.720236;22/Jul/2026:17:24:30.714275,0.8716;10.5629;17.0095;7.0482;9.8764;11.2972;11.1558;9.7294;11.1589;11.5595;5.5119;0.1148;0.1108;11.2563;19.2959;3.8716;0.1330;0.1827;2.4522;16.5864;10.7611;0.2720;10.8273;0.2781;14.5409;0.4894;16.0174;0.6756;1.6044;5.5168;0.8293;0.8467;0.8474;0.9164;0.9377;0.9435;0.9412;0.9442;0.9679;0.9859;0.9985;0.9990;8.9001;4.4026;1.0536;1.0607;2.9882;4.7098;10.2652;1.1167;1.1134;10.8465;1.1597;1.1874;1.2460;1.2765;10.4496;11.0076;11.1813;1.3375;1.3457;1.3634;5.0099;3.1859;9.0605;1.4093;4.9526;1.4532;1.5021;1.5945;1.6370;1.6351;4.4074;1.7140;3.5301;11.5538;9.6698;1.7946;6.0218;11.6261;10.6138;3.6648;1.8777;4.6212;27.9774;2.0080;2.0146;2.0620;5.7814;13.7051;7.3840;2.2413;2.2817;1.1320;7.4757;2.4865;2.4866;2.4949;2.5354,bytes=1863401001-1863499138;bytes=1578714514-1579605577;bytes=218130113-218212015;bytes=418097565-418311418;bytes=1744292054-1745182188;bytes=1479162819-1480057985;bytes=1548137257-1548236610;bytes=1864533980-1865422371;bytes=1543906327-1543997920;bytes=1388165987-1389066682;bytes=816880329-817800474;bytes=40433977-40533620;bytes=92805846-92892538;bytes=1540275678-1541177113;bytes=1864533980-1865422371;bytes=1189089706-1189195268;bytes=76333743-76424815;bytes=68266931-68439900;bytes=1577428287-1577597875;bytes=340716861-340808275;bytes=1617249636-1618162112;bytes=32038768-32136927;bytes=1566469010-1567353145;bytes=100911844-101014333;bytes=798223020-798323844;bytes=217140566-218048429;bytes=554824724-555750334;bytes=33501535-34378949;bytes=1837991559-1838079960;bytes=930126251-930216946;bytes=299798266-299946571;bytes=97160198-98062851;bytes=176137584-177054364;bytes=247957533-248837276;bytes=36319658-36416454;bytes=36416455-36543919;bytes=137856974-137941086;bytes=344472510-344588849;bytes=284092379-285002112;bytes=28228336-28434926;bytes=253823466-254723840;bytes=280917475-281801805;bytes=215318827-216215808;bytes=1351319050-1352202287;bytes=245732603-246620475;bytes=248837277-249736121;bytes=1617249636-1618162112;bytes=1222176967-1222286700;bytes=1895155315-1896056970;bytes=32417064-32607768;bytes=246739263-246877761;bytes=1867575487-1867687770;bytes=225508889-226421794;bytes=98062852-98943525;bytes=408465905-409357834;bytes=141544733-141634968;bytes=1896688162-1897571413;bytes=1862240856-1863150782;bytes=1747123986-1747225559;bytes=100736163-100823178;bytes=92992578-93079692;bytes=333004365-333910753;bytes=1218578404-1219479880;bytes=1659691334-1660602478;bytes=353842503-354740173;bytes=340630874-340716860;bytes=1300484391-1300581860;bytes=72226775-72419816;bytes=133596015-133768878;bytes=89074013-89192873;bytes=85130458-86033739;bytes=325737835-326623523;bytes=1466989933-1467875790;bytes=71156595-72061761;bytes=1741879835-1742774856;bytes=1780607111-1781501997;bytes=219512661-220406320;bytes=332900130-333004364;bytes=1160189423-1160305916;bytes=1784527551-1784634464;bytes=30208736-31127958;bytes=1648320001-1648547224;bytes=365141612-365352939;bytes=1444533544-1444612863;bytes=628886394-629800883;bytes=186367467-186466311;bytes=574007591-574904207;bytes=174363374-175258548;bytes=1222491658-1222581335;bytes=1386894736-1387043817;bytes=909174226-909276221;bytes=246877762-246978778;bytes=76243160-76333742;bytes=667343056-667458091;bytes=906430611-907318976;bytes=287713547-287809746;bytes=290805394-291705718;bytes=444537943-445445322;bytes=186728404-187637230,ad2b1871;f1c7c8da;26a4d47b;5ea68c0b;80b93eb9;df1917ef;2e55668f;7703a25c;e359da31;37e94eb4;62828783;ca2917df;927cbece;8eaaffe1;4d031ff8;5572d8b9;fb55c81d;6ee2236b;dbd8afaf;3f94a590;18f71e5b;5b01ef12;0df1fb38;225ff6ff;d804fe23;892dfb04;22e8bb1d;b3874398;84bc5f1d;8f5d493f;4c3ca3d1;b8b73a58;86178164;1b1a4f04;2a2c2fb2;3f7cee5c;3c58c433;61935650;e5a16711;3e59d274;f9eaf11f;601bec33;e94cc379;4ae59807;b6f5fd7b;52a9cb18;d535af62;6b1c0cac;f60cc5db;0fabd00b;ca54d349;64dcb5c2;341df19a;43367997;aa26223c;f7db2161;dd89e9d4;a53d016e;f4b34d31;051ff65b;a3184fe9;9315270f;1c899335;fd96055b;1978dc11;19978090;86e1bb33;bc8cceff;7ce01723;9cc3f7dc;70fcd44e;9530241b;56ad414a;c3d1bc9e;12e958fc;69e525c9;2b3449a9;8c500fbd;868927ad;0c7cf95e;b7ee3e13;2a107f63;a8343199;8d6b3dba;0104a24a;65ff1166;c297b7b1;0089f2e3;bee84209;1d9d5b93;83f6c0c7;dce33092;81825421;804966a2;15524d84;ce7db900;56b92ddf;e208ccc9;fcc5bfc4
15,5,117,success,None,22/Jul/2026:17:24:30.702013,22/Jul/2026:17:24:33.266562,2.5645,99,22/Jul/2026:17:24:29.840624;22/Jul/2026:17:24:20.162947;22/Jul/2026:17:24:13.716362;22/Jul/2026:17:24:23.677815;22/Jul/2026:17:24:20.849549;22/Jul/2026:17:24:19.428792;22/Jul/2026:17:24:19.570717;22/Jul/2026:17:24:20.999260;22/Jul/2026:17:24:19.570157;22/Jul/2026:17:24:19.183961;22/Jul/2026:17:24:25.295278;22/Jul/2026:17:24:30.704454;22/Jul/2026:17:24:30.709749;22/Jul/2026:17:24:19.570276;22/Jul/2026:17:24:11.535865;22/Jul/2026:17:24:26.965009;22/Jul/2026:17:24:30.709378;22/Jul/2026:17:24:30.708796;22/Jul/2026:17:24:28.444478;22/Jul/2026:17:24:14.340399;22/Jul/2026:17:24:20.204040;22/Jul/2026:17:24:30.703337;22/Jul/2026:17:24:20.161015;22/Jul/2026:17:24:30.711124;22/Jul/2026:17:24:16.453516;22/Jul/2026:17:24:30.714830;22/Jul/2026:17:24:15.190275;22/Jul/2026:17:24:30.704094;22/Jul/2026:17:24:29.803442;22/Jul/2026:17:24:25.985694;22/Jul/2026:17:24:30.717312;22/Jul/2026:17:24:30.710833;22/Jul/2026:17:24:30.713639;22/Jul/2026:17:24:30.715974;22/Jul/2026:17:24:30.703962;22/Jul/2026:17:24:30.704278;22/Jul/2026:17:24:30.713253;22/Jul/2026:17:24:30.718226;22/Jul/2026:17:24:30.716647;22/Jul/2026:17:24:30.703215;22/Jul/2026:17:24:30.716261;22/Jul/2026:17:24:30.716439;22/Jul/2026:17:24:22.825694;22/Jul/2026:17:24:27.339823;22/Jul/2026:17:24:30.715792;22/Jul/2026:17:24:30.716003;22/Jul/2026:17:24:28.812718;22/Jul/2026:17:24:27.102685;22/Jul/2026:17:24:21.552017;22/Jul/2026:17:24:30.703819;22/Jul/2026:17:24:30.715666;22/Jul/2026:17:24:20.999865;22/Jul/2026:17:24:30.715303;22/Jul/2026:17:24:30.710930;22/Jul/2026:17:24:30.719330;22/Jul/2026:17:24:30.713282;22/Jul/2026:17:24:21.552356;22/Jul/2026:17:24:20.997990;22/Jul/2026:17:24:20.849352;22/Jul/2026:17:24:30.710659;22/Jul/2026:17:24:30.710102;22/Jul/2026:17:24:30.717822;22/Jul/2026:17:24:27.103046;22/Jul/2026:17:24:28.935215;22/Jul/2026:17:24:23.065648;22/Jul/2026:17:24:30.718027;22/Jul/2026:17:24:27.205032;22/Jul/2026:17:24:30.709214;22/Jul/2026:17:24:30.712981;22/Jul/2026:17:24:30.709697;22/Jul/2026:17:24:30.709437;22/Jul/2026:17:24:30.717370;22/Jul/2026:17:24:28.004585;22/Jul/2026:17:24:30.709160;22/Jul/2026:17:24:28.948633;22/Jul/2026:17:24:20.936850;22/Jul/2026:17:24:22.827130;22/Jul/2026:17:24:30.717731;22/Jul/2026:17:24:26.511538;22/Jul/2026:17:24:20.937167;22/Jul/2026:17:24:21.961622;22/Jul/2026:17:24:28.931832;22/Jul/2026:17:24:30.719159;22/Jul/2026:17:24:27.997044;22/Jul/2026:17:24:04.688427;22/Jul/2026:17:24:30.714016;22/Jul/2026:17:24:30.723236;22/Jul/2026:17:24:30.713579;22/Jul/2026:17:24:27.103706;22/Jul/2026:17:24:19.183226;22/Jul/2026:17:24:25.564807;22/Jul/2026:17:24:30.715822;22/Jul/2026:17:24:30.709322;22/Jul/2026:17:24:31.903708;22/Jul/2026:17:24:25.565008;22/Jul/2026:17:24:30.716590;22/Jul/2026:17:24:30.716968;22/Jul/2026:17:24:30.720236;22/Jul/2026:17:24:30.714275,0.8716;10.5629;17.0095;7.0482;9.8764;11.2972;11.1558;9.7294;11.1589;11.5595;5.5119;0.1148;0.1108;11.2563;19.2959;3.8716;0.1330;0.1827;2.4522;16.5864;10.7611;0.2720;10.8273;0.2781;14.5409;0.4894;16.0174;0.6756;1.6044;5.5168;0.8293;0.8467;0.8474;0.9164;0.9377;0.9435;0.9412;0.9442;0.9679;0.9859;0.9985;0.9990;8.9001;4.4026;1.0536;1.0607;2.9882;4.7098;10.2652;1.1167;1.1134;10.8465;1.1597;1.1874;1.2460;1.2765;10.4496;11.0076;11.1813;1.3375;1.3457;1.3634;5.0099;3.1859;9.0605;1.4093;4.9526;1.4532;1.5021;1.5945;1.6370;1.6351;4.4074;1.7140;3.5301;11.5538;9.6698;1.7946;6.0218;11.6261;10.6138;3.6648;1.8777;4.6212;27.9774;2.0080;2.0146;2.0620;5.7814;13.7051;7.3840;2.2413;2.2817;1.1320;7.4757;2.4865;2.4866;2.4949;2.5354,bytes=1863401001-1863499138;bytes=1578714514-1579605577;bytes=218130113-218212015;bytes=418097565-418311418;bytes=1744292054-1745182188;bytes=1479162819-1480057985;bytes=1548137257-1548236610;bytes=1864533980-1865422371;bytes=1543906327-1543997920;bytes=1388165987-1389066682;bytes=816880329-817800474;bytes=40433977-40533620;bytes=92805846-92892538;bytes=1540275678-1541177113;bytes=1864533980-1865422371;bytes=1189089706-1189195268;bytes=76333743-76424815;bytes=68266931-68439900;bytes=1577428287-1577597875;bytes=340716861-340808275;bytes=1617249636-1618162112;bytes=32038768-32136927;bytes=1566469010-1567353145;bytes=100911844-101014333;bytes=798223020-798323844;bytes=217140566-218048429;bytes=554824724-555750334;bytes=33501535-34378949;bytes=1837991559-1838079960;bytes=930126251-930216946;bytes=299798266-299946571;bytes=97160198-98062851;bytes=176137584-177054364;bytes=247957533-248837276;bytes=36319658-36416454;bytes=36416455-36543919;bytes=137856974-137941086;bytes=344472510-344588849;bytes=284092379-285002112;bytes=28228336-28434926;bytes=253823466-254723840;bytes=280917475-281801805;bytes=215318827-216215808;bytes=1351319050-1352202287;bytes=245732603-246620475;bytes=248837277-249736121;bytes=1617249636-1618162112;bytes=1222176967-1222286700;bytes=1895155315-1896056970;bytes=32417064-32607768;bytes=246739263-246877761;bytes=1867575487-1867687770;bytes=225508889-226421794;bytes=98062852-98943525;bytes=408465905-409357834;bytes=141544733-141634968;bytes=1896688162-1897571413;bytes=1862240856-1863150782;bytes=1747123986-1747225559;bytes=100736163-100823178;bytes=92992578-93079692;bytes=333004365-333910753;bytes=1218578404-1219479880;bytes=1659691334-1660602478;bytes=353842503-354740173;bytes=340630874-340716860;bytes=1300484391-1300581860;bytes=72226775-72419816;bytes=133596015-133768878;bytes=89074013-89192873;bytes=85130458-86033739;bytes=325737835-326623523;bytes=1466989933-1467875790;bytes=71156595-72061761;bytes=1741879835-1742774856;bytes=1780607111-1781501997;bytes=219512661-220406320;bytes=332900130-333004364;bytes=1160189423-1160305916;bytes=1784527551-1784634464;bytes=30208736-31127958;bytes=1648320001-1648547224;bytes=365141612-365352939;bytes=1444533544-1444612863;bytes=628886394-629800883;bytes=186367467-186466311;bytes=574007591-574904207;bytes=174363374-175258548;bytes=1222491658-1222581335;bytes=1386894736-1387043817;bytes=909174226-909276221;bytes=246877762-246978778;bytes=76243160-76333742;bytes=667343056-667458091;bytes=906430611-907318976;bytes=287713547-287809746;bytes=290805394-291705718;bytes=444537943-445445322;bytes=186728404-187637230,ad2b1871;f1c7c8da;26a4d47b;5ea68c0b;80b93eb9;df1917ef;2e55668f;7703a25c;e359da31;37e94eb4;62828783;ca2917df;927cbece;8eaaffe1;4d031ff8;5572d8b9;fb55c81d;6ee2236b;dbd8afaf;3f94a590;18f71e5b;5b01ef12;0df1fb38;225ff6ff;d804fe23;892dfb04;22e8bb1d;b3874398;84bc5f1d;8f5d493f;4c3ca3d1;b8b73a58;86178164;1b1a4f04;2a2c2fb2;3f7cee5c;3c58c433;61935650;e5a16711;3e59d274;f9eaf11f;601bec33;e94cc379;4ae59807;b6f5fd7b;52a9cb18;d535af62;6b1c0cac;f60cc5db;0fabd00b;ca54d349;64dcb5c2;341df19a;43367997;aa26223c;f7db2161;dd89e9d4;a53d016e;f4b34d31;051ff65b;a3184fe9;9315270f;1c899335;fd96055b;1978dc11;19978090;86e1bb33;bc8cceff;7ce01723;9cc3f7dc;70fcd44e;9530241b;56ad414a;c3d1bc9e;12e958fc;69e525c9;2b3449a9;8c500fbd;868927ad;0c7cf95e;b7ee3e13;2a107f63;a8343199;8d6b3dba;0104a24a;65ff1166;c297b7b1;0089f2e3;bee84209;1d9d5b93;83f6c0c7;dce33092;81825421;804966a2;15524d84;ce7db900;56b92ddf;e208ccc9;fcc5bfc4
15,5,133,success,None,22/Jul/2026:17:24:30.702625,22/Jul/2026:17:24:33.292994,2.5904,101,22/Jul/2026:17:24:29.840624;22/Jul/2026:17:24:20.162947;22/Jul/2026:17:24:13.716362;22/Jul/2026:17:24:23.677815;22/Jul/2026:17:24:20.849549;22/Jul/2026:17:24:19.428792;22/Jul/2026:17:24:19.570717;22/Jul/2026:17:24:20.999260;22/Jul/2026:17:24:19.570157;22/Jul/2026:17:24:19.183961;22/Jul/2026:17:24:25.295278;22/Jul/2026:17:24:30.704454;22/Jul/2026:17:24:30.709749;22/Jul/2026:17:24:19.570276;22/Jul/2026:17:24:11.535865;22/Jul/2026:17:24:26.965009;22/Jul/2026:17:24:30.709378;22/Jul/2026:17:24:30.708796;22/Jul/2026:17:24:28.444478;22/Jul/2026:17:24:14.340399;22/Jul/2026:17:24:20.204040;22/Jul/2026:17:24:30.703337;22/Jul/2026:17:24:20.161015;22/Jul/2026:17:24:30.711124;22/Jul/2026:17:24:16.453516;22/Jul/2026:17:24:30.714830;22/Jul/2026:17:24:15.190275;22/Jul/2026:17:24:30.704094;22/Jul/2026:17:24:29.803442;22/Jul/2026:17:24:25.985694;22/Jul/2026:17:24:30.717312;22/Jul/2026:17:24:30.710833;22/Jul/2026:17:24:30.713639;22/Jul/2026:17:24:30.715974;22/Jul/2026:17:24:30.703962;22/Jul/2026:17:24:30.704278;22/Jul/2026:17:24:30.713253;22/Jul/2026:17:24:30.718226;22/Jul/2026:17:24:30.716647;22/Jul/2026:17:24:30.703215;22/Jul/2026:17:24:30.716261;22/Jul/2026:17:24:30.716439;22/Jul/2026:17:24:22.825694;22/Jul/2026:17:24:27.339823;22/Jul/2026:17:24:30.715792;22/Jul/2026:17:24:30.716003;22/Jul/2026:17:24:28.812718;22/Jul/2026:17:24:27.102685;22/Jul/2026:17:24:21.552017;22/Jul/2026:17:24:30.703819;22/Jul/2026:17:24:30.715666;22/Jul/2026:17:24:20.999865;22/Jul/2026:17:24:30.715303;22/Jul/2026:17:24:30.710930;22/Jul/2026:17:24:30.719330;22/Jul/2026:17:24:30.713282;22/Jul/2026:17:24:21.552356;22/Jul/2026:17:24:20.997990;22/Jul/2026:17:24:20.849352;22/Jul/2026:17:24:30.710659;22/Jul/2026:17:24:30.710102;22/Jul/2026:17:24:30.717822;22/Jul/2026:17:24:27.103046;22/Jul/2026:17:24:28.935215;22/Jul/2026:17:24:23.065648;22/Jul/2026:17:24:30.718027;22/Jul/2026:17:24:27.205032;22/Jul/2026:17:24:30.709214;22/Jul/2026:17:24:30.712981;22/Jul/2026:17:24:30.709697;22/Jul/2026:17:24:30.709437;22/Jul/2026:17:24:30.717370;22/Jul/2026:17:24:28.004585;22/Jul/2026:17:24:30.709160;22/Jul/2026:17:24:28.948633;22/Jul/2026:17:24:20.936850;22/Jul/2026:17:24:22.827130;22/Jul/2026:17:24:30.717731;22/Jul/2026:17:24:26.511538;22/Jul/2026:17:24:20.937167;22/Jul/2026:17:24:21.961622;22/Jul/2026:17:24:28.931832;22/Jul/2026:17:24:30.719159;22/Jul/2026:17:24:27.997044;22/Jul/2026:17:24:04.688427;22/Jul/2026:17:24:30.714016;22/Jul/2026:17:24:30.723236;22/Jul/2026:17:24:30.713579;22/Jul/2026:17:24:27.103706;22/Jul/2026:17:24:19.183226;22/Jul/2026:17:24:25.564807;22/Jul/2026:17:24:30.715822;22/Jul/2026:17:24:30.709322;22/Jul/2026:17:24:31.903708;22/Jul/2026:17:24:25.565008;22/Jul/2026:17:24:30.716590;22/Jul/2026:17:24:30.716968;22/Jul/2026:17:24:30.720236;22/Jul/2026:17:24:30.714275;22/Jul/2026:17:24:26.513193;22/Jul/2026:17:24:30.719108,0.8716;10.5629;17.0095;7.0482;9.8764;11.2972;11.1558;9.7294;11.1589;11.5595;5.5119;0.1148;0.1108;11.2563;19.2959;3.8716;0.1330;0.1827;2.4522;16.5864;10.7611;0.2720;10.8273;0.2781;14.5409;0.4894;16.0174;0.6756;1.6044;5.5168;0.8293;0.8467;0.8474;0.9164;0.9377;0.9435;0.9412;0.9442;0.9679;0.9859;0.9985;0.9990;8.9001;4.4026;1.0536;1.0607;2.9882;4.7098;10.2652;1.1167;1.1134;10.8465;1.1597;1.1874;1.2460;1.2765;10.4496;11.0076;11.1813;1.3375;1.3457;1.3634;5.0099;3.1859;9.0605;1.4093;4.9526;1.4532;1.5021;1.5945;1.6370;1.6351;4.4074;1.7140;3.5301;11.5538;9.6698;1.7946;6.0218;11.6261;10.6138;3.6648;1.8777;4.6212;27.9774;2.0080;2.0146;2.0620;5.7814;13.7051;7.3840;2.2413;2.2817;1.1320;7.4757;2.4865;2.4866;2.4949;2.5354;6.7549;2.5556,bytes=1863401001-1863499138;bytes=1578714514-1579605577;bytes=218130113-218212015;bytes=418097565-418311418;bytes=1744292054-1745182188;bytes=1479162819-1480057985;bytes=1548137257-1548236610;bytes=1864533980-1865422371;bytes=1543906327-1543997920;bytes=1388165987-1389066682;bytes=816880329-817800474;bytes=40433977-40533620;bytes=92805846-92892538;bytes=1540275678-1541177113;bytes=1864533980-1865422371;bytes=1189089706-1189195268;bytes=76333743-76424815;bytes=68266931-68439900;bytes=1577428287-1577597875;bytes=340716861-340808275;bytes=1617249636-1618162112;bytes=32038768-32136927;bytes=1566469010-1567353145;bytes=100911844-101014333;bytes=798223020-798323844;bytes=217140566-218048429;bytes=554824724-555750334;bytes=33501535-34378949;bytes=1837991559-1838079960;bytes=930126251-930216946;bytes=299798266-299946571;bytes=97160198-98062851;bytes=176137584-177054364;bytes=247957533-248837276;bytes=36319658-36416454;bytes=36416455-36543919;bytes=137856974-137941086;bytes=344472510-344588849;bytes=284092379-285002112;bytes=28228336-28434926;bytes=253823466-254723840;bytes=280917475-281801805;bytes=215318827-216215808;bytes=1351319050-1352202287;bytes=245732603-246620475;bytes=248837277-249736121;bytes=1617249636-1618162112;bytes=1222176967-1222286700;bytes=1895155315-1896056970;bytes=32417064-32607768;bytes=246739263-246877761;bytes=1867575487-1867687770;bytes=225508889-226421794;bytes=98062852-98943525;bytes=408465905-409357834;bytes=141544733-141634968;bytes=1896688162-1897571413;bytes=1862240856-1863150782;bytes=1747123986-1747225559;bytes=100736163-100823178;bytes=92992578-93079692;bytes=333004365-333910753;bytes=1218578404-1219479880;bytes=1659691334-1660602478;bytes=353842503-354740173;bytes=340630874-340716860;bytes=1300484391-1300581860;bytes=72226775-72419816;bytes=133596015-133768878;bytes=89074013-89192873;bytes=85130458-86033739;bytes=325737835-326623523;bytes=1466989933-1467875790;bytes=71156595-72061761;bytes=1741879835-1742774856;bytes=1780607111-1781501997;bytes=219512661-220406320;bytes=332900130-333004364;bytes=1160189423-1160305916;bytes=1784527551-1784634464;bytes=30208736-31127958;bytes=1648320001-1648547224;bytes=365141612-365352939;bytes=1444533544-1444612863;bytes=628886394-629800883;bytes=186367467-186466311;bytes=574007591-574904207;bytes=174363374-175258548;bytes=1222491658-1222581335;bytes=1386894736-1387043817;bytes=909174226-909276221;bytes=246877762-246978778;bytes=76243160-76333742;bytes=667343056-667458091;bytes=906430611-907318976;bytes=287713547-287809746;bytes=290805394-291705718;bytes=444537943-445445322;bytes=186728404-187637230;bytes=1168809911-1168922393;bytes=364951444-365141611,ad2b1871;f1c7c8da;26a4d47b;5ea68c0b;80b93eb9;df1917ef;2e55668f;7703a25c;e359da31;37e94eb4;62828783;ca2917df;927cbece;8eaaffe1;4d031ff8;5572d8b9;fb55c81d;6ee2236b;dbd8afaf;3f94a590;18f71e5b;5b01ef12;0df1fb38;225ff6ff;d804fe23;892dfb04;22e8bb1d;b3874398;84bc5f1d;8f5d493f;4c3ca3d1;b8b73a58;86178164;1b1a4f04;2a2c2fb2;3f7cee5c;3c58c433;61935650;e5a16711;3e59d274;f9eaf11f;601bec33;e94cc379;4ae59807;b6f5fd7b;52a9cb18;d535af62;6b1c0cac;f60cc5db;0fabd00b;ca54d349;64dcb5c2;341df19a;43367997;aa26223c;f7db2161;dd89e9d4;a53d016e;f4b34d31;051ff65b;a3184fe9;9315270f;1c899335;fd96055b;1978dc11;19978090;86e1bb33;bc8cceff;7ce01723;9cc3f7dc;70fcd44e;9530241b;56ad414a;c3d1bc9e;12e958fc;69e525c9;2b3449a9;8c500fbd;868927ad;0c7cf95e;b7ee3e13;2a107f63;a8343199;8d6b3dba;0104a24a;65ff1166;c297b7b1;0089f2e3;bee84209;1d9d5b93;83f6c0c7;dce33092;81825421;804966a2;15524d84;ce7db900;56b92ddf;e208ccc9;fcc5bfc4;19fcbd3d;2af2a106
15,5,140,success,None,22/Jul/2026:17:24:30.702827,22/Jul/2026:17:24:33.524200,2.8214,107,22/Jul/2026:17:24:29.840624;22/Jul/2026:17:24:20.162947;22/Jul/2026:17:24:13.716362;22/Jul/2026:17:24:23.677815;22/Jul/2026:17:24:20.849549;22/Jul/2026:17:24:19.428792;22/Jul/2026:17:24:19.570717;22/Jul/2026:17:24:20.999260;22/Jul/2026:17:24:19.570157;22/Jul/2026:17:24:19.183961;22/Jul/2026:17:24:25.295278;22/Jul/2026:17:24:30.704454;22/Jul/2026:17:24:30.709749;22/Jul/2026:17:24:19.570276;22/Jul/2026:17:24:11.535865;22/Jul/2026:17:24:26.965009;22/Jul/2026:17:24:30.709378;22/Jul/2026:17:24:30.708796;22/Jul/2026:17:24:28.444478;22/Jul/2026:17:24:14.340399;22/Jul/2026:17:24:20.204040;22/Jul/2026:17:24:30.703337;22/Jul/2026:17:24:20.161015;22/Jul/2026:17:24:30.711124;22/Jul/2026:17:24:16.453516;22/Jul/2026:17:24:30.714830;22/Jul/2026:17:24:15.190275;22/Jul/2026:17:24:30.704094;22/Jul/2026:17:24:29.803442;22/Jul/2026:17:24:25.985694;22/Jul/2026:17:24:30.717312;22/Jul/2026:17:24:30.710833;22/Jul/2026:17:24:30.713639;22/Jul/2026:17:24:30.715974;22/Jul/2026:17:24:30.703962;22/Jul/2026:17:24:30.704278;22/Jul/2026:17:24:30.713253;22/Jul/2026:17:24:30.718226;22/Jul/2026:17:24:30.716647;22/Jul/2026:17:24:30.703215;22/Jul/2026:17:24:30.716261;22/Jul/2026:17:24:30.716439;22/Jul/2026:17:24:22.825694;22/Jul/2026:17:24:27.339823;22/Jul/2026:17:24:30.715792;22/Jul/2026:17:24:30.716003;22/Jul/2026:17:24:28.812718;22/Jul/2026:17:24:27.102685;22/Jul/2026:17:24:21.552017;22/Jul/2026:17:24:30.703819;22/Jul/2026:17:24:30.715666;22/Jul/2026:17:24:20.999865;22/Jul/2026:17:24:30.715303;22/Jul/2026:17:24:30.710930;22/Jul/2026:17:24:30.719330;22/Jul/2026:17:24:30.713282;22/Jul/2026:17:24:21.552356;22/Jul/2026:17:24:20.997990;22/Jul/2026:17:24:20.849352;22/Jul/2026:17:24:30.710659;22/Jul/2026:17:24:30.710102;22/Jul/2026:17:24:30.717822;22/Jul/2026:17:24:27.103046;22/Jul/2026:17:24:28.935215;22/Jul/2026:17:24:23.065648;22/Jul/2026:17:24:30.718027;22/Jul/2026:17:24:27.205032;22/Jul/2026:17:24:30.709214;22/Jul/2026:17:24:30.712981;22/Jul/2026:17:24:30.709697;22/Jul/2026:17:24:30.709437;22/Jul/2026:17:24:30.717370;22/Jul/2026:17:24:28.004585;22/Jul/2026:17:24:30.709160;22/Jul/2026:17:24:28.948633;22/Jul/2026:17:24:20.936850;22/Jul/2026:17:24:22.827130;22/Jul/2026:17:24:30.717731;22/Jul/2026:17:24:26.511538;22/Jul/2026:17:24:20.937167;22/Jul/2026:17:24:21.961622;22/Jul/2026:17:24:28.931832;22/Jul/2026:17:24:30.719159;22/Jul/2026:17:24:27.997044;22/Jul/2026:17:24:04.688427;22/Jul/2026:17:24:30.714016;22/Jul/2026:17:24:30.723236;22/Jul/2026:17:24:30.713579;22/Jul/2026:17:24:27.103706;22/Jul/2026:17:24:19.183226;22/Jul/2026:17:24:25.564807;22/Jul/2026:17:24:30.715822;22/Jul/2026:17:24:30.709322;22/Jul/2026:17:24:31.903708;22/Jul/2026:17:24:25.565008;22/Jul/2026:17:24:30.716590;22/Jul/2026:17:24:30.716968;22/Jul/2026:17:24:30.720236;22/Jul/2026:17:24:30.714275;22/Jul/2026:17:24:26.513193;22/Jul/2026:17:24:30.719108;22/Jul/2026:17:24:30.715449;22/Jul/2026:17:24:21.964617;22/Jul/2026:17:24:30.718531;22/Jul/2026:17:24:20.936986;22/Jul/2026:17:24:20.665107;22/Jul/2026:17:24:28.935525,0.8716;10.5629;17.0095;7.0482;9.8764;11.2972;11.1558;9.7294;11.1589;11.5595;5.5119;0.1148;0.1108;11.2563;19.2959;3.8716;0.1330;0.1827;2.4522;16.5864;10.7611;0.2720;10.8273;0.2781;14.5409;0.4894;16.0174;0.6756;1.6044;5.5168;0.8293;0.8467;0.8474;0.9164;0.9377;0.9435;0.9412;0.9442;0.9679;0.9859;0.9985;0.9990;8.9001;4.4026;1.0536;1.0607;2.9882;4.7098;10.2652;1.1167;1.1134;10.8465;1.1597;1.1874;1.2460;1.2765;10.4496;11.0076;11.1813;1.3375;1.3457;1.3634;5.0099;3.1859;9.0605;1.4093;4.9526;1.4532;1.5021;1.5945;1.6370;1.6351;4.4074;1.7140;3.5301;11.5538;9.6698;1.7946;6.0218;11.6261;10.6138;3.6648;1.8777;4.6212;27.9774;2.0080;2.0146;2.0620;5.7814;13.7051;7.3840;2.2413;2.2817;1.1320;7.4757;2.4865;2.4866;2.4949;2.5354;6.7549;2.5556;2.7001;11.4521;2.7208;12.5405;12.8258;4.5838,bytes=1863401001-1863499138;bytes=1578714514-1579605577;bytes=218130113-218212015;bytes=418097565-418311418;bytes=1744292054-1745182188;bytes=1479162819-1480057985;bytes=1548137257-1548236610;bytes=1864533980-1865422371;bytes=1543906327-1543997920;bytes=1388165987-1389066682;bytes=816880329-817800474;bytes=40433977-40533620;bytes=92805846-92892538;bytes=1540275678-1541177113;bytes=1864533980-1865422371;bytes=1189089706-1189195268;bytes=76333743-76424815;bytes=68266931-68439900;bytes=1577428287-1577597875;bytes=340716861-340808275;bytes=1617249636-1618162112;bytes=32038768-32136927;bytes=1566469010-1567353145;bytes=100911844-101014333;bytes=798223020-798323844;bytes=217140566-218048429;bytes=554824724-555750334;bytes=33501535-34378949;bytes=1837991559-1838079960;bytes=930126251-930216946;bytes=299798266-299946571;bytes=97160198-98062851;bytes=176137584-177054364;bytes=247957533-248837276;bytes=36319658-36416454;bytes=36416455-36543919;bytes=137856974-137941086;bytes=344472510-344588849;bytes=284092379-285002112;bytes=28228336-28434926;bytes=253823466-254723840;bytes=280917475-281801805;bytes=215318827-216215808;bytes=1351319050-1352202287;bytes=245732603-246620475;bytes=248837277-249736121;bytes=1617249636-1618162112;bytes=1222176967-1222286700;bytes=1895155315-1896056970;bytes=32417064-32607768;bytes=246739263-246877761;bytes=1867575487-1867687770;bytes=225508889-226421794;bytes=98062852-98943525;bytes=408465905-409357834;bytes=141544733-141634968;bytes=1896688162-1897571413;bytes=1862240856-1863150782;bytes=1747123986-1747225559;bytes=100736163-100823178;bytes=92992578-93079692;bytes=333004365-333910753;bytes=1218578404-1219479880;bytes=1659691334-1660602478;bytes=353842503-354740173;bytes=340630874-340716860;bytes=1300484391-1300581860;bytes=72226775-72419816;bytes=133596015-133768878;bytes=89074013-89192873;bytes=85130458-86033739;bytes=325737835-326623523;bytes=1466989933-1467875790;bytes=71156595-72061761;bytes=1741879835-1742774856;bytes=1780607111-1781501997;bytes=219512661-220406320;bytes=332900130-333004364;bytes=1160189423-1160305916;bytes=1784527551-1784634464;bytes=30208736-31127958;bytes=1648320001-1648547224;bytes=365141612-365352939;bytes=1444533544-1444612863;bytes=628886394-629800883;bytes=186367467-186466311;bytes=574007591-574904207;bytes=174363374-175258548;bytes=1222491658-1222581335;bytes=1386894736-1387043817;bytes=909174226-909276221;bytes=246877762-246978778;bytes=76243160-76333742;bytes=667343056-667458091;bytes=906430611-907318976;bytes=287713547-287809746;bytes=290805394-291705718;bytes=444537943-445445322;bytes=186728404-187637230;bytes=1168809911-1168922393;bytes=364951444-365141611;bytes=239111117-240014891;bytes=87839551-88745992;bytes=352948512-353842502;bytes=1782387453-1783289925;bytes=1704990817-1705903703;bytes=1664941500-1665069361,ad2b1871;f1c7c8da;26a4d47b;5ea68c0b;80b93eb9;df1917ef;2e55668f;7703a25c;e359da31;37e94eb4;62828783;ca2917df;927cbece;8eaaffe1;4d031ff8;5572d8b9;fb55c81d;6ee2236b;dbd8afaf;3f94a590;18f71e5b;5b01ef12;0df1fb38;225ff6ff;d804fe23;892dfb04;22e8bb1d;b3874398;84bc5f1d;8f5d493f;4c3ca3d1;b8b73a58;86178164;1b1a4f04;2a2c2fb2;3f7cee5c;3c58c433;61935650;e5a16711;3e59d274;f9eaf11f;601bec33;e94cc379;4ae59807;b6f5fd7b;52a9cb18;d535af62;6b1c0cac;f60cc5db;0fabd00b;ca54d349;64dcb5c2;341df19a;43367997;aa26223c;f7db2161;dd89e9d4;a53d016e;f4b34d31;051ff65b;a3184fe9;9315270f;1c899335;fd96055b;1978dc11;19978090;86e1bb33;bc8cceff;7ce01723;9cc3f7dc;70fcd44e;9530241b;56ad414a;c3d1bc9e;12e958fc;69e525c9;2b3449a9;8c500fbd;868927ad;0c7cf95e;b7ee3e13;2a107f63;a8343199;8d6b3dba;0104a24a;65ff1166;c297b7b1;0089f2e3;bee84209;1d9d5b93;83f6c0c7;dce33092;81825421;804966a2;15524d84;ce7db900;56b92ddf;e208ccc9;fcc5bfc4;19fcbd3d;2af2a106;54c6f8b2;23bd4581;5d77e1d8;4db50285;e89521a3;1ad40520
15,5,146,success,None,22/Jul/2026:17:24:31.841565,22/Jul/2026:17:24:33.769940,1.9284,71,22/Jul/2026:17:24:20.999865;22/Jul/2026:17:24:30.715303;22/Jul/2026:17:24:30.710930;22/Jul/2026:17:24:30.719330;22/Jul/2026:17:24:30.713282;22/Jul/2026:17:24:21.552356;22/Jul/2026:17:24:20.997990;22/Jul/2026:17:24:20.849352;22/Jul/2026:17:24:30.710659;22/Jul/2026:17:24:30.710102;22/Jul/2026:17:24:30.717822;22/Jul/2026:17:24:27.103046;22/Jul/2026:17:24:28.935215;22/Jul/2026:17:24:23.065648;22/Jul/2026:17:24:30.718027;22/Jul/2026:17:24:27.205032;22/Jul/2026:17:24:30.709214;22/Jul/2026:17:24:30.712981;22/Jul/2026:17:24:30.709697;22/Jul/2026:17:24:30.709437;22/Jul/2026:17:24:30.717370;22/Jul/2026:17:24:28.004585;22/Jul/2026:17:24:30.709160;22/Jul/2026:17:24:28.948633;22/Jul/2026:17:24:20.936850;22/Jul/2026:17:24:22.827130;22/Jul/2026:17:24:30.717731;22/Jul/2026:17:24:26.511538;22/Jul/2026:17:24:20.937167;22/Jul/2026:17:24:21.961622;22/Jul/2026:17:24:28.931832;22/Jul/2026:17:24:30.719159;22/Jul/2026:17:24:27.997044;22/Jul/2026:17:24:04.688427;22/Jul/2026:17:24:30.714016;22/Jul/2026:17:24:30.723236;22/Jul/2026:17:24:30.713579;22/Jul/2026:17:24:27.103706;22/Jul/2026:17:24:19.183226;22/Jul/2026:17:24:25.564807;22/Jul/2026:17:24:30.715822;22/Jul/2026:17:24:30.709322;22/Jul/2026:17:24:31.903708;22/Jul/2026:17:24:25.565008;22/Jul/2026:17:24:30.716590;22/Jul/2026:17:24:30.716968;22/Jul/2026:17:24:30.720236;22/Jul/2026:17:24:30.714275;22/Jul/2026:17:24:26.513193;22/Jul/2026:17:24:30.719108;22/Jul/2026:17:24:30.715449;22/Jul/2026:17:24:21.964617;22/Jul/2026:17:24:30.718531;22/Jul/2026:17:24:20.936986;22/Jul/2026:17:24:20.665107;22/Jul/2026:17:24:28.935525;22/Jul/2026:17:24:31.912551;22/Jul/2026:17:24:30.718932;22/Jul/2026:17:24:30.716347;22/Jul/2026:17:24:30.717909;22/Jul/2026:17:24:30.717939;22/Jul/2026:17:24:19.570484;22/Jul/2026:17:24:20.937225;22/Jul/2026:17:24:30.713518;22/Jul/2026:17:24:32.556676;22/Jul/2026:17:24:20.202703;22/Jul/2026:17:24:03.281547;22/Jul/2026:17:24:30.716504;22/Jul/2026:17:24:20.849655;22/Jul/2026:17:24:30.716997;22/Jul/2026:17:24:30.720382,10.8465;1.1597;1.1874;1.2460;1.2765;10.4496;11.0076;11.1813;1.3375;1.3457;1.3634;5.0099;3.1859;9.0605;1.4093;4.9526;1.4532;1.5021;1.5945;1.6370;1.6351;4.4074;1.7140;3.5301;11.5538;9.6698;1.7946;6.0218;11.6261;10.6138;3.6648;1.8777;4.6212;27.9774;2.0080;2.0146;2.0620;5.7814;13.7051;7.3840;2.2413;2.2817;1.1320;7.4757;2.4865;2.4866;2.4949;2.5354;6.7549;2.5556;2.7001;11.4521;2.7208;12.5405;12.8258;4.5838;1.6147;2.8291;2.8389;2.8427;2.8438;14.0019;12.6700;2.9164;1.1095;13.4835;30.4056;2.9743;12.8654;3.0082;3.0137,bytes=1867575487-1867687770;bytes=225508889-226421794;bytes=98062852-98943525;bytes=408465905-409357834;bytes=141544733-141634968;bytes=1896688162-1897571413;bytes=1862240856-1863150782;bytes=1747123986-1747225559;bytes=100736163-100823178;bytes=92992578-93079692;bytes=333004365-333910753;bytes=1218578404-1219479880;bytes=1659691334-1660602478;bytes=353842503-354740173;bytes=340630874-340716860;bytes=1300484391-1300581860;bytes=72226775-72419816;bytes=133596015-133768878;bytes=89074013-89192873;bytes=85130458-86033739;bytes=325737835-326623523;bytes=1466989933-1467875790;bytes=71156595-72061761;bytes=1741879835-1742774856;bytes=1780607111-1781501997;bytes=219512661-220406320;bytes=332900130-333004364;bytes=1160189423-1160305916;bytes=1784527551-1784634464;bytes=30208736-31127958;bytes=1648320001-1648547224;bytes=365141612-365352939;bytes=1444533544-1444612863;bytes=628886394-629800883;bytes=186367467-186466311;bytes=574007591-574904207;bytes=174363374-175258548;bytes=1222491658-1222581335;bytes=1386894736-1387043817;bytes=909174226-909276221;bytes=246877762-246978778;bytes=76243160-76333742;bytes=667343056-667458091;bytes=906430611-907318976;bytes=287713547-287809746;bytes=290805394-291705718;bytes=444537943-445445322;bytes=186728404-187637230;bytes=1168809911-1168922393;bytes=364951444-365141611;bytes=239111117-240014891;bytes=87839551-88745992;bytes=352948512-353842502;bytes=1782387453-1783289925;bytes=1704990817-1705903703;bytes=1664941500-1665069361;bytes=709330376-710223011;bytes=364786456-364873418;bytes=258746982-258854694;bytes=335712585-336613848;bytes=336799861-336888541;bytes=1543008564-1543906326;bytes=1788244411-1788351526;bytes=145507303-145585440;bytes=847689898-848590221;bytes=1608021241-1608897746;bytes=450590286-450738054;bytes=282723703-283630507;bytes=1745182189-1746117439;bytes=291897784-291985303;bytes=450590286-450738054,64dcb5c2;341df19a;43367997;aa26223c;f7db2161;dd89e9d4;a53d016e;f4b34d31;051ff65b;a3184fe9;9315270f;1c899335;fd96055b;1978dc11;19978090;86e1bb33;bc8cceff;7ce01723;9cc3f7dc;70fcd44e;9530241b;56ad414a;c3d1bc9e;12e958fc;69e525c9;2b3449a9;8c500fbd;868927ad;0c7cf95e;b7ee3e13;2a107f63;a8343199;8d6b3dba;0104a24a;65ff1166;c297b7b1;0089f2e3;bee84209;1d9d5b93;83f6c0c7;dce33092;81825421;804966a2;15524d84;ce7db900;56b92ddf;e208ccc9;fcc5bfc4;19fcbd3d;2af2a106;54c6f8b2;23bd4581;5d77e1d8;4db50285;e89521a3;1ad40520;67547739;e8cd9d9b;472dfe43;fed4143a;5dd6b8de;6a490bed;fb45e883;5e9ed447;1d33192d;94cd4b31;48f4bb6a;b56817c4;87fc62cb;1c2327c1;72bad120
15,5,152,success,None,22/Jul/2026:17:24:31.890086,22/Jul/2026:17:24:33.817148,1.9271,71,22/Jul/2026:17:24:30.710930;22/Jul/2026:17:24:30.719330;22/Jul/2026:17:24:30.713282;22/Jul/2026:17:24:21.552356;22/Jul/2026:17:24:20.997990;22/Jul/2026:17:24:20.849352;22/Jul/2026:17:24:30.710659;22/Jul/2026:17:24:30.710102;22/Jul/2026:17:24:30.717822;22/Jul/2026:17:24:27.103046;22/Jul/2026:17:24:28.935215;22/Jul/2026:17:24:23.065648;22/Jul/2026:17:24:30.718027;22/Jul/2026:17:24:27.205032;22/Jul/2026:17:24:30.709214;22/Jul/2026:17:24:30.712981;22/Jul/2026:17:24:30.709697;22/Jul/2026:17:24:30.709437;22/Jul/2026:17:24:30.717370;22/Jul/2026:17:24:28.004585;22/Jul/2026:17:24:30.709160;22/Jul/2026:17:24:28.948633;22/Jul/2026:17:24:20.936850;22/Jul/2026:17:24:22.827130;22/Jul/2026:17:24:30.717731;22/Jul/2026:17:24:26.511538;22/Jul/2026:17:24:20.937167;22/Jul/2026:17:24:21.961622;22/Jul/2026:17:24:28.931832;22/Jul/2026:17:24:30.719159;22/Jul/2026:17:24:27.997044;22/Jul/2026:17:24:04.688427;22/Jul/2026:17:24:30.714016;22/Jul/2026:17:24:30.723236;22/Jul/2026:17:24:30.713579;22/Jul/2026:17:24:27.103706;22/Jul/2026:17:24:19.183226;22/Jul/2026:17:24:25.564807;22/Jul/2026:17:24:30.715822;22/Jul/2026:17:24:30.709322;22/Jul/2026:17:24:31.903708;22/Jul/2026:17:24:25.565008;22/Jul/2026:17:24:30.716590;22/Jul/2026:17:24:30.716968;22/Jul/2026:17:24:30.720236;22/Jul/2026:17:24:30.714275;22/Jul/2026:17:24:26.513193;22/Jul/2026:17:24:30.719108;22/Jul/2026:17:24:30.715449;22/Jul/2026:17:24:21.964617;22/Jul/2026:17:24:30.718531;22/Jul/2026:17:24:20.936986;22/Jul/2026:17:24:20.665107;22/Jul/2026:17:24:28.935525;22/Jul/2026:17:24:31.912551;22/Jul/2026:17:24:30.718932;22/Jul/2026:17:24:30.716347;22/Jul/2026:17:24:30.717909;22/Jul/2026:17:24:30.717939;22/Jul/2026:17:24:19.570484;22/Jul/2026:17:24:20.937225;22/Jul/2026:17:24:30.713518;22/Jul/2026:17:24:32.556676;22/Jul/2026:17:24:20.202703;22/Jul/2026:17:24:03.281547;22/Jul/2026:17:24:30.716504;22/Jul/2026:17:24:20.849655;22/Jul/2026:17:24:30.716997;22/Jul/2026:17:24:30.720382;22/Jul/2026:17:24:30.718701;22/Jul/2026:17:24:32.184780,1.1874;1.2460;1.2765;10.4496;11.0076;11.1813;1.3375;1.3457;1.3634;5.0099;3.1859;9.0605;1.4093;4.9526;1.4532;1.5021;1.5945;1.6370;1.6351;4.4074;1.7140;3.5301;11.5538;9.6698;1.7946;6.0218;11.6261;10.6138;3.6648;1.8777;4.6212;27.9774;2.0080;2.0146;2.0620;5.7814;13.7051;7.3840;2.2413;2.2817;1.1320;7.4757;2.4865;2.4866;2.4949;2.5354;6.7549;2.5556;2.7001;11.4521;2.7208;12.5405;12.8258;4.5838;1.6147;2.8291;2.8389;2.8427;2.8438;14.0019;12.6700;2.9164;1.1095;13.4835;30.4056;2.9743;12.8654;3.0082;3.0137;3.0755;1.6139,bytes=98062852-98943525;bytes=408465905-409357834;bytes=141544733-141634968;bytes=1896688162-1897571413;bytes=1862240856-1863150782;bytes=1747123986-1747225559;bytes=100736163-100823178;bytes=92992578-93079692;bytes=333004365-333910753;bytes=1218578404-1219479880;bytes=1659691334-1660602478;bytes=353842503-354740173;bytes=340630874-340716860;bytes=1300484391-1300581860;bytes=72226775-72419816;bytes=133596015-133768878;bytes=89074013-89192873;bytes=85130458-86033739;bytes=325737835-326623523;bytes=1466989933-1467875790;bytes=71156595-72061761;bytes=1741879835-1742774856;bytes=1780607111-1781501997;bytes=219512661-220406320;bytes=332900130-333004364;bytes=1160189423-1160305916;bytes=1784527551-1784634464;bytes=30208736-31127958;bytes=1648320001-1648547224;bytes=365141612-365352939;bytes=1444533544-1444612863;bytes=628886394-629800883;bytes=186367467-186466311;bytes=574007591-574904207;bytes=174363374-175258548;bytes=1222491658-1222581335;bytes=1386894736-1387043817;bytes=909174226-909276221;bytes=246877762-246978778;bytes=76243160-76333742;bytes=667343056-667458091;bytes=906430611-907318976;bytes=287713547-287809746;bytes=290805394-291705718;bytes=444537943-445445322;bytes=186728404-187637230;bytes=1168809911-1168922393;bytes=364951444-365141611;bytes=239111117-240014891;bytes=87839551-88745992;bytes=352948512-353842502;bytes=1782387453-1783289925;bytes=1704990817-1705903703;bytes=1664941500-1665069361;bytes=709330376-710223011;bytes=364786456-364873418;bytes=258746982-258854694;bytes=335712585-336613848;bytes=336799861-336888541;bytes=1543008564-1543906326;bytes=1788244411-1788351526;bytes=145507303-145585440;bytes=847689898-848590221;bytes=1608021241-1608897746;bytes=450590286-450738054;bytes=282723703-283630507;bytes=1745182189-1746117439;bytes=291897784-291985303;bytes=450590286-450738054;bytes=360638263-360738146;bytes=741096050-741212233,43367997;aa26223c;f7db2161;dd89e9d4;a53d016e;f4b34d31;051ff65b;a3184fe9;9315270f;1c899335;fd96055b;1978dc11;19978090;86e1bb33;bc8cceff;7ce01723;9cc3f7dc;70fcd44e;9530241b;56ad414a;c3d1bc9e;12e958fc;69e525c9;2b3449a9;8c500fbd;868927ad;0c7cf95e;b7ee3e13;2a107f63;a8343199;8d6b3dba;0104a24a;65ff1166;c297b7b1;0089f2e3;bee84209;1d9d5b93;83f6c0c7;dce33092;81825421;804966a2;15524d84;ce7db900;56b92ddf;e208ccc9;fcc5bfc4;19fcbd3d;2af2a106;54c6f8b2;23bd4581;5d77e1d8;4db50285;e89521a3;1ad40520;67547739;e8cd9d9b;472dfe43;fed4143a;5dd6b8de;6a490bed;fb45e883;5e9ed447;1d33192d;94cd4b31;48f4bb6a;b56817c4;87fc62cb;1c2327c1;72bad120;dc42d1ad;3b4625b6
15,5,160,success,None,22/Jul/2026:17:24:31.901818,22/Jul/2026:17:24:34.033088,2.1313,87,22/Jul/2026:17:24:30.719330;22/Jul/2026:17:24:30.713282;22/Jul/2026:17:24:21.552356;22/Jul/2026:17:24:20.997990;22/Jul/2026:17:24:20.849352;22/Jul/2026:17:24:30.710659;22/Jul/2026:17:24:30.710102;22/Jul/2026:17:24:30.717822;22/Jul/2026:17:24:27.103046;22/Jul/2026:17:24:28.935215;22/Jul/2026:17:24:23.065648;22/Jul/2026:17:24:30.718027;22/Jul/2026:17:24:27.205032;22/Jul/2026:17:24:30.709214;22/Jul/2026:17:24:30.712981;22/Jul/2026:17:24:30.709697;22/Jul/2026:17:24:30.709437;22/Jul/2026:17:24:30.717370;22/Jul/2026:17:24:28.004585;22/Jul/2026:17:24:30.709160;22/Jul/2026:17:24:28.948633;22/Jul/2026:17:24:20.936850;22/Jul/2026:17:24:22.827130;22/Jul/2026:17:24:30.717731;22/Jul/2026:17:24:26.511538;22/Jul/2026:17:24:20.937167;22/Jul/2026:17:24:21.961622;22/Jul/2026:17:24:28.931832;22/Jul/2026:17:24:30.719159;22/Jul/2026:17:24:27.997044;22/Jul/2026:17:24:04.688427;22/Jul/2026:17:24:30.714016;22/Jul/2026:17:24:30.723236;22/Jul/2026:17:24:30.713579;22/Jul/2026:17:24:27.103706;22/Jul/2026:17:24:19.183226;22/Jul/2026:17:24:25.564807;22/Jul/2026:17:24:30.715822;22/Jul/2026:17:24:30.709322;22/Jul/2026:17:24:31.903708;22/Jul/2026:17:24:25.565008;22/Jul/2026:17:24:30.716590;22/Jul/2026:17:24:30.716968;22/Jul/2026:17:24:30.720236;22/Jul/2026:17:24:30.714275;22/Jul/2026:17:24:26.513193;22/Jul/2026:17:24:30.719108;22/Jul/2026:17:24:30.715449;22/Jul/2026:17:24:21.964617;22/Jul/2026:17:24:30.718531;22/Jul/2026:17:24:20.936986;22/Jul/2026:17:24:20.665107;22/Jul/2026:17:24:28.935525;22/Jul/2026:17:24:31.912551;22/Jul/2026:17:24:30.718932;22/Jul/2026:17:24:30.716347;22/Jul/2026:17:24:30.717909;22/Jul/2026:17:24:30.717939;22/Jul/2026:17:24:19.570484;22/Jul/2026:17:24:20.937225;22/Jul/2026:17:24:30.713518;22/Jul/2026:17:24:32.556676;22/Jul/2026:17:24:20.202703;22/Jul/2026:17:24:03.281547;22/Jul/2026:17:24:30.716504;22/Jul/2026:17:24:20.849655;22/Jul/2026:17:24:30.716997;22/Jul/2026:17:24:30.720382;22/Jul/2026:17:24:30.718701;22/Jul/2026:17:24:32.184780;22/Jul/2026:17:24:30.711004;22/Jul/2026:17:24:30.704398;22/Jul/2026:17:24:30.712886;22/Jul/2026:17:24:30.719646;22/Jul/2026:17:24:30.719565;22/Jul/2026:17:24:30.713551;22/Jul/2026:17:24:32.185375;22/Jul/2026:17:24:33.034158;22/Jul/2026:17:24:30.721557;22/Jul/2026:17:24:30.712819;22/Jul/2026:17:24:30.717761;22/Jul/2026:17:24:23.961388;22/Jul/2026:17:24:32.184953;22/Jul/2026:17:24:20.848939;22/Jul/2026:17:24:31.903097;22/Jul/2026:17:24:30.714623;22/Jul/2026:17:24:17.905541,1.2460;1.2765;10.4496;11.0076;11.1813;1.3375;1.3457;1.3634;5.0099;3.1859;9.0605;1.4093;4.9526;1.4532;1.5021;1.5945;1.6370;1.6351;4.4074;1.7140;3.5301;11.5538;9.6698;1.7946;6.0218;11.6261;10.6138;3.6648;1.8777;4.6212;27.9774;2.0080;2.0146;2.0620;5.7814;13.7051;7.3840;2.2413;2.2817;1.1320;7.4757;2.4865;2.4866;2.4949;2.5354;6.7549;2.5556;2.7001;11.4521;2.7208;12.5405;12.8258;4.5838;1.6147;2.8291;2.8389;2.8427;2.8438;14.0019;12.6700;2.9164;1.1095;13.4835;30.4056;2.9743;12.8654;3.0082;3.0137;3.0755;1.6139;3.1221;3.1306;3.1427;3.1607;3.1784;3.1897;1.7206;0.8882;3.2056;3.2442;3.2429;10.0085;1.7949;13.1484;2.1026;3.2941;16.1095,bytes=408465905-409357834;bytes=141544733-141634968;bytes=1896688162-1897571413;bytes=1862240856-1863150782;bytes=1747123986-1747225559;bytes=100736163-100823178;bytes=92992578-93079692;bytes=333004365-333910753;bytes=1218578404-1219479880;bytes=1659691334-1660602478;bytes=353842503-354740173;bytes=340630874-340716860;bytes=1300484391-1300581860;bytes=72226775-72419816;bytes=133596015-133768878;bytes=89074013-89192873;bytes=85130458-86033739;bytes=325737835-326623523;bytes=1466989933-1467875790;bytes=71156595-72061761;bytes=1741879835-1742774856;bytes=1780607111-1781501997;bytes=219512661-220406320;bytes=332900130-333004364;bytes=1160189423-1160305916;bytes=1784527551-1784634464;bytes=30208736-31127958;bytes=1648320001-1648547224;bytes=365141612-365352939;bytes=1444533544-1444612863;bytes=628886394-629800883;bytes=186367467-186466311;bytes=574007591-574904207;bytes=174363374-175258548;bytes=1222491658-1222581335;bytes=1386894736-1387043817;bytes=909174226-909276221;bytes=246877762-246978778;bytes=76243160-76333742;bytes=667343056-667458091;bytes=906430611-907318976;bytes=287713547-287809746;bytes=290805394-291705718;bytes=444537943-445445322;bytes=186728404-187637230;bytes=1168809911-1168922393;bytes=364951444-365141611;bytes=239111117-240014891;bytes=87839551-88745992;bytes=352948512-353842502;bytes=1782387453-1783289925;bytes=1704990817-1705903703;bytes=1664941500-1665069361;bytes=709330376-710223011;bytes=364786456-364873418;bytes=258746982-258854694;bytes=335712585-336613848;bytes=336799861-336888541;bytes=1543008564-1543906326;bytes=1788244411-1788351526;bytes=145507303-145585440;bytes=847689898-848590221;bytes=1608021241-1608897746;bytes=450590286-450738054;bytes=282723703-283630507;bytes=1745182189-1746117439;bytes=291897784-291985303;bytes=450590286-450738054;bytes=360638263-360738146;bytes=741096050-741212233;bytes=98943526-99839544;bytes=40334677-40433976;bytes=130690295-131568698;bytes=417722196-417817752;bytes=412619641-413529452;bytes=145585441-145671251;bytes=745317825-746221053;bytes=928026001-928926360;bytes=487597823-487695244;bytes=133498418-133596014;bytes=336613849-336701983;bytes=546065016-546956971;bytes=741325427-742225898;bytes=1740957939-1741879834;bytes=655192749-655357470;bytes=214087073-214251221;bytes=1130398512-1131299524,aa26223c;f7db2161;dd89e9d4;a53d016e;f4b34d31;051ff65b;a3184fe9;9315270f;1c899335;fd96055b;1978dc11;19978090;86e1bb33;bc8cceff;7ce01723;9cc3f7dc;70fcd44e;9530241b;56ad414a;c3d1bc9e;12e958fc;69e525c9;2b3449a9;8c500fbd;868927ad;0c7cf95e;b7ee3e13;2a107f63;a8343199;8d6b3dba;0104a24a;65ff1166;c297b7b1;0089f2e3;bee84209;1d9d5b93;83f6c0c7;dce33092;81825421;804966a2;15524d84;ce7db900;56b92ddf;e208ccc9;fcc5bfc4;19fcbd3d;2af2a106;54c6f8b2;23bd4581;5d77e1d8;4db50285;e89521a3;1ad40520;67547739;e8cd9d9b;472dfe43;fed4143a;5dd6b8de;6a490bed;fb45e883;5e9ed447;1d33192d;94cd4b31;48f4bb6a;b56817c4;87fc62cb;1c2327c1;72bad120;dc42d1ad;3b4625b6;fc0854c5;9c7da065;f95cbf84;3d3f04e6;f4579e22;b7b1f00b;1bbbc0ae;4de27309;1ccd833b;bc9b5fe6;2cd03155;d8a36f76;486574af;f4b3572b;61399916;ddda7ffc;b7d85d28
15,5,181,success,None,22/Jul/2026:17:24:32.183992,22/Jul/2026:17:24:34.128783,1.9448,79,22/Jul/2026:17:24:30.712981;22/Jul/2026:17:24:30.709697;22/Jul/2026:17:24:30.709437;22/Jul/2026:17:24:30.717370;22/Jul/2026:17:24:28.004585;22/Jul/2026:17:24:30.709160;22/Jul/2026:17:24:28.948633;22/Jul/2026:17:24:20.936850;22/Jul/2026:17:24:22.827130;22/Jul/2026:17:24:30.717731;22/Jul/2026:17:24:26.511538;22/Jul/2026:17:24:20.937167;22/Jul/2026:17:24:21.961622;22/Jul/2026:17:24:28.931832;22/Jul/2026:17:24:30.719159;22/Jul/2026:17:24:27.997044;22/Jul/2026:17:24:04.688427;22/Jul/2026:17:24:30.714016;22/Jul/2026:17:24:30.723236;22/Jul/2026:17:24:30.713579;22/Jul/2026:17:24:27.103706;22/Jul/2026:17:24:19.183226;22/Jul/2026:17:24:25.564807;22/Jul/2026:17:24:30.715822;22/Jul/2026:17:24:30.709322;22/Jul/2026:17:24:31.903708;22/Jul/2026:17:24:25.565008;22/Jul/2026:17:24:30.716590;22/Jul/2026:17:24:30.716968;22/Jul/2026:17:24:30.720236;22/Jul/2026:17:24:30.714275;22/Jul/2026:17:24:26.513193;22/Jul/2026:17:24:30.719108;22/Jul/2026:17:24:30.715449;22/Jul/2026:17:24:21.964617;22/Jul/2026:17:24:30.718531;22/Jul/2026:17:24:20.936986;22/Jul/2026:17:24:20.665107;22/Jul/2026:17:24:28.935525;22/Jul/2026:17:24:31.912551;22/Jul/2026:17:24:30.718932;22/Jul/2026:17:24:30.716347;22/Jul/2026:17:24:30.717909;22/Jul/2026:17:24:30.717939;22/Jul/2026:17:24:19.570484;22/Jul/2026:17:24:20.937225;22/Jul/2026:17:24:30.713518;22/Jul/2026:17:24:32.556676;22/Jul/2026:17:24:20.202703;22/Jul/2026:17:24:03.281547;22/Jul/2026:17:24:30.716504;22/Jul/2026:17:24:20.849655;22/Jul/2026:17:24:30.716997;22/Jul/2026:17:24:30.720382;22/Jul/2026:17:24:30.718701;22/Jul/2026:17:24:32.184780;22/Jul/2026:17:24:30.711004;22/Jul/2026:17:24:30.704398;22/Jul/2026:17:24:30.712886;22/Jul/2026:17:24:30.719646;22/Jul/2026:17:24:30.719565;22/Jul/2026:17:24:30.713551;22/Jul/2026:17:24:32.185375;22/Jul/2026:17:24:33.034158;22/Jul/2026:17:24:30.721557;22/Jul/2026:17:24:30.712819;22/Jul/2026:17:24:30.717761;22/Jul/2026:17:24:23.961388;22/Jul/2026:17:24:32.184953;22/Jul/2026:17:24:20.848939;22/Jul/2026:17:24:31.903097;22/Jul/2026:17:24:30.714623;22/Jul/2026:17:24:17.905541;22/Jul/2026:17:24:30.719792;22/Jul/2026:17:24:30.713696;22/Jul/2026:17:24:30.723648;22/Jul/2026:17:24:17.494964;22/Jul/2026:17:24:32.426731;22/Jul/2026:17:24:28.013650,1.5021;1.5945;1.6370;1.6351;4.4074;1.7140;3.5301;11.5538;9.6698;1.7946;6.0218;11.6261;10.6138;3.6648;1.8777;4.6212;27.9774;2.0080;2.0146;2.0620;5.7814;13.7051;7.3840;2.2413;2.2817;1.1320;7.4757;2.4865;2.4866;2.4949;2.5354;6.7549;2.5556;2.7001;11.4521;2.7208;12.5405;12.8258;4.5838;1.6147;2.8291;2.8389;2.8427;2.8438;14.0019;12.6700;2.9164;1.1095;13.4835;30.4056;2.9743;12.8654;3.0082;3.0137;3.0755;1.6139;3.1221;3.1306;3.1427;3.1607;3.1784;3.1897;1.7206;0.8882;3.2056;3.2442;3.2429;10.0085;1.7949;13.1484;2.1026;3.2941;16.1095;3.3347;3.3713;3.3672;16.5977;1.6861;6.1063,bytes=133596015-133768878;bytes=89074013-89192873;bytes=85130458-86033739;bytes=325737835-326623523;bytes=1466989933-1467875790;bytes=71156595-72061761;bytes=1741879835-1742774856;bytes=1780607111-1781501997;bytes=219512661-220406320;bytes=332900130-333004364;bytes=1160189423-1160305916;bytes=1784527551-1784634464;bytes=30208736-31127958;bytes=1648320001-1648547224;bytes=365141612-365352939;bytes=1444533544-1444612863;bytes=628886394-629800883;bytes=186367467-186466311;bytes=574007591-574904207;bytes=174363374-175258548;bytes=1222491658-1222581335;bytes=1386894736-1387043817;bytes=909174226-909276221;bytes=246877762-246978778;bytes=76243160-76333742;bytes=667343056-667458091;bytes=906430611-907318976;bytes=287713547-287809746;bytes=290805394-291705718;bytes=444537943-445445322;bytes=186728404-187637230;bytes=1168809911-1168922393;bytes=364951444-365141611;bytes=239111117-240014891;bytes=87839551-88745992;bytes=352948512-353842502;bytes=1782387453-1783289925;bytes=1704990817-1705903703;bytes=1664941500-1665069361;bytes=709330376-710223011;bytes=364786456-364873418;bytes=258746982-258854694;bytes=335712585-336613848;bytes=336799861-336888541;bytes=1543008564-1543906326;bytes=1788244411-1788351526;bytes=145507303-145585440;bytes=847689898-848590221;bytes=1608021241-1608897746;bytes=450590286-450738054;bytes=282723703-283630507;bytes=1745182189-1746117439;bytes=291897784-291985303;bytes=450590286-450738054;bytes=360638263-360738146;bytes=741096050-741212233;bytes=98943526-99839544;bytes=40334677-40433976;bytes=130690295-131568698;bytes=417722196-417817752;bytes=412619641-413529452;bytes=145585441-145671251;bytes=745317825-746221053;bytes=928026001-928926360;bytes=487597823-487695244;bytes=133498418-133596014;bytes=336613849-336701983;bytes=546065016-546956971;bytes=741325427-742225898;bytes=1740957939-1741879834;bytes=655192749-655357470;bytes=214087073-214251221;bytes=1130398512-1131299524;bytes=416807683-417722195;bytes=178158114-178336996;bytes=585679501-585771585;bytes=1061589419-1061700987;bytes=817800475-818710051;bytes=1514342521-1515253992,7ce01723;9cc3f7dc;70fcd44e;9530241b;56ad414a;c3d1bc9e;12e958fc;69e525c9;2b3449a9;8c500fbd;868927ad;0c7cf95e;b7ee3e13;2a107f63;a8343199;8d6b3dba;0104a24a;65ff1166;c297b7b1;0089f2e3;bee84209;1d9d5b93;83f6c0c7;dce33092;81825421;804966a2;15524d84;ce7db900;56b92ddf;e208ccc9;fcc5bfc4;19fcbd3d;2af2a106;54c6f8b2;23bd4581;5d77e1d8;4db50285;e89521a3;1ad40520;67547739;e8cd9d9b;472dfe43;fed4143a;5dd6b8de;6a490bed;fb45e883;5e9ed447;1d33192d;94cd4b31;48f4bb6a;b56817c4;87fc62cb;1c2327c1;72bad120;dc42d1ad;3b4625b6;fc0854c5;9c7da065;f95cbf84;3d3f04e6;f4579e22;b7b1f00b;1bbbc0ae;4de27309;1ccd833b;bc9b5fe6;2cd03155;d8a36f76;486574af;f4b3572b;61399916;ddda7ffc;b7d85d28;5a5b1cf5;5c52c8a2;573bc886;95318607;7700b48b;e8988c7a
15,5,171,success,None,22/Jul/2026:17:24:31.910237,22/Jul/2026:17:24:34.180072,2.2698,95,22/Jul/2026:17:24:30.719330;22/Jul/2026:17:24:30.713282;22/Jul/2026:17:24:21.552356;22/Jul/2026:17:24:20.997990;22/Jul/2026:17:24:20.849352;22/Jul/2026:17:24:30.710659;22/Jul/2026:17:24:30.710102;22/Jul/2026:17:24:30.717822;22/Jul/2026:17:24:27.103046;22/Jul/2026:17:24:28.935215;22/Jul/2026:17:24:23.065648;22/Jul/2026:17:24:30.718027;22/Jul/2026:17:24:27.205032;22/Jul/2026:17:24:30.709214;22/Jul/2026:17:24:30.712981;22/Jul/2026:17:24:30.709697;22/Jul/2026:17:24:30.709437;22/Jul/2026:17:24:30.717370;22/Jul/2026:17:24:28.004585;22/Jul/2026:17:24:30.709160;22/Jul/2026:17:24:28.948633;22/Jul/2026:17:24:20.936850;22/Jul/2026:17:24:22.827130;22/Jul/2026:17:24:30.717731;22/Jul/2026:17:24:26.511538;22/Jul/2026:17:24:20.937167;22/Jul/2026:17:24:21.961622;22/Jul/2026:17:24:28.931832;22/Jul/2026:17:24:30.719159;22/Jul/2026:17:24:27.997044;22/Jul/2026:17:24:04.688427;22/Jul/2026:17:24:30.714016;22/Jul/2026:17:24:30.723236;22/Jul/2026:17:24:30.713579;22/Jul/2026:17:24:27.103706;22/Jul/2026:17:24:19.183226;22/Jul/2026:17:24:25.564807;22/Jul/2026:17:24:30.715822;22/Jul/2026:17:24:30.709322;22/Jul/2026:17:24:31.903708;22/Jul/2026:17:24:25.565008;22/Jul/2026:17:24:30.716590;22/Jul/2026:17:24:30.716968;22/Jul/2026:17:24:30.720236;22/Jul/2026:17:24:30.714275;22/Jul/2026:17:24:26.513193;22/Jul/2026:17:24:30.719108;22/Jul/2026:17:24:30.715449;22/Jul/2026:17:24:21.964617;22/Jul/2026:17:24:30.718531;22/Jul/2026:17:24:20.936986;22/Jul/2026:17:24:20.665107;22/Jul/2026:17:24:28.935525;22/Jul/2026:17:24:31.912551;22/Jul/2026:17:24:30.718932;22/Jul/2026:17:24:30.716347;22/Jul/2026:17:24:30.717909;22/Jul/2026:17:24:30.717939;22/Jul/2026:17:24:19.570484;22/Jul/2026:17:24:20.937225;22/Jul/2026:17:24:30.713518;22/Jul/2026:17:24:32.556676;22/Jul/2026:17:24:20.202703;22/Jul/2026:17:24:03.281547;22/Jul/2026:17:24:30.716504;22/Jul/2026:17:24:20.849655;22/Jul/2026:17:24:30.716997;22/Jul/2026:17:24:30.720382;22/Jul/2026:17:24:30.718701;22/Jul/2026:17:24:32.184780;22/Jul/2026:17:24:30.711004;22/Jul/2026:17:24:30.704398;22/Jul/2026:17:24:30.712886;22/Jul/2026:17:24:30.719646;22/Jul/2026:17:24:30.719565;22/Jul/2026:17:24:30.713551;22/Jul/2026:17:24:32.185375;22/Jul/2026:17:24:33.034158;22/Jul/2026:17:24:30.721557;22/Jul/2026:17:24:30.712819;22/Jul/2026:17:24:30.717761;22/Jul/2026:17:24:23.961388;22/Jul/2026:17:24:32.184953;22/Jul/2026:17:24:20.848939;22/Jul/2026:17:24:31.903097;22/Jul/2026:17:24:30.714623;22/Jul/2026:17:24:17.905541;22/Jul/2026:17:24:30.719792;22/Jul/2026:17:24:30.713696;22/Jul/2026:17:24:30.723648;22/Jul/2026:17:24:17.494964;22/Jul/2026:17:24:32.426731;22/Jul/2026:17:24:28.013650;22/Jul/2026:17:24:30.722147;22/Jul/2026:17:24:32.782737,1.2460;1.2765;10.4496;11.0076;11.1813;1.3375;1.3457;1.3634;5.0099;3.1859;9.0605;1.4093;4.9526;1.4532;1.5021;1.5945;1.6370;1.6351;4.4074;1.7140;3.5301;11.5538;9.6698;1.7946;6.0218;11.6261;10.6138;3.6648;1.8777;4.6212;27.9774;2.0080;2.0146;2.0620;5.7814;13.7051;7.3840;2.2413;2.2817;1.1320;7.4757;2.4865;2.4866;2.4949;2.5354;6.7549;2.5556;2.7001;11.4521;2.7208;12.5405;12.8258;4.5838;1.6147;2.8291;2.8389;2.8427;2.8438;14.0019;12.6700;2.9164;1.1095;13.4835;30.4056;2.9743;12.8654;3.0082;3.0137;3.0755;1.6139;3.1221;3.1306;3.1427;3.1607;3.1784;3.1897;1.7206;0.8882;3.2056;3.2442;3.2429;10.0085;1.7949;13.1484;2.1026;3.2941;16.1095;3.3347;3.3713;3.3672;16.5977;1.6861;6.1063;3.4290;1.3941,bytes=408465905-409357834;bytes=141544733-141634968;bytes=1896688162-1897571413;bytes=1862240856-1863150782;bytes=1747123986-1747225559;bytes=100736163-100823178;bytes=92992578-93079692;bytes=333004365-333910753;bytes=1218578404-1219479880;bytes=1659691334-1660602478;bytes=353842503-354740173;bytes=340630874-340716860;bytes=1300484391-1300581860;bytes=72226775-72419816;bytes=133596015-133768878;bytes=89074013-89192873;bytes=85130458-86033739;bytes=325737835-326623523;bytes=1466989933-1467875790;bytes=71156595-72061761;bytes=1741879835-1742774856;bytes=1780607111-1781501997;bytes=219512661-220406320;bytes=332900130-333004364;bytes=1160189423-1160305916;bytes=1784527551-1784634464;bytes=30208736-31127958;bytes=1648320001-1648547224;bytes=365141612-365352939;bytes=1444533544-1444612863;bytes=628886394-629800883;bytes=186367467-186466311;bytes=574007591-574904207;bytes=174363374-175258548;bytes=1222491658-1222581335;bytes=1386894736-1387043817;bytes=909174226-909276221;bytes=246877762-246978778;bytes=76243160-76333742;bytes=667343056-667458091;bytes=906430611-907318976;bytes=287713547-287809746;bytes=290805394-291705718;bytes=444537943-445445322;bytes=186728404-187637230;bytes=1168809911-1168922393;bytes=364951444-365141611;bytes=239111117-240014891;bytes=87839551-88745992;bytes=352948512-353842502;bytes=1782387453-1783289925;bytes=1704990817-1705903703;bytes=1664941500-1665069361;bytes=709330376-710223011;bytes=364786456-364873418;bytes=258746982-258854694;bytes=335712585-336613848;bytes=336799861-336888541;bytes=1543008564-1543906326;bytes=1788244411-1788351526;bytes=145507303-145585440;bytes=847689898-848590221;bytes=1608021241-1608897746;bytes=450590286-450738054;bytes=282723703-283630507;bytes=1745182189-1746117439;bytes=291897784-291985303;bytes=450590286-450738054;bytes=360638263-360738146;bytes=741096050-741212233;bytes=98943526-99839544;bytes=40334677-40433976;bytes=130690295-131568698;bytes=417722196-417817752;bytes=412619641-413529452;bytes=145585441-145671251;bytes=745317825-746221053;bytes=928026001-928926360;bytes=487597823-487695244;bytes=133498418-133596014;bytes=336613849-336701983;bytes=546065016-546956971;bytes=741325427-742225898;bytes=1740957939-1741879834;bytes=655192749-655357470;bytes=214087073-214251221;bytes=1130398512-1131299524;bytes=416807683-417722195;bytes=178158114-178336996;bytes=585679501-585771585;bytes=1061589419-1061700987;bytes=817800475-818710051;bytes=1514342521-1515253992;bytes=543794075-544681178;bytes=908256746-909174225,aa26223c;f7db2161;dd89e9d4;a53d016e;f4b34d31;051ff65b;a3184fe9;9315270f;1c899335;fd96055b;1978dc11;19978090;86e1bb33;bc8cceff;7ce01723;9cc3f7dc;70fcd44e;9530241b;56ad414a;c3d1bc9e;12e958fc;69e525c9;2b3449a9;8c500fbd;868927ad;0c7cf95e;b7ee3e13;2a107f63;a8343199;8d6b3dba;0104a24a;65ff1166;c297b7b1;0089f2e3;bee84209;1d9d5b93;83f6c0c7;dce33092;81825421;804966a2;15524d84;ce7db900;56b92ddf;e208ccc9;fcc5bfc4;19fcbd3d;2af2a106;54c6f8b2;23bd4581;5d77e1d8;4db50285;e89521a3;1ad40520;67547739;e8cd9d9b;472dfe43;fed4143a;5dd6b8de;6a490bed;fb45e883;5e9ed447;1d33192d;94cd4b31;48f4bb6a;b56817c4;87fc62cb;1c2327c1;72bad120;dc42d1ad;3b4625b6;fc0854c5;9c7da065;f95cbf84;3d3f04e6;f4579e22;b7b1f00b;1bbbc0ae;4de27309;1ccd833b;bc9b5fe6;2cd03155;d8a36f76;486574af;f4b3572b;61399916;ddda7ffc;b7d85d28;5a5b1cf5;5c52c8a2;573bc886;95318607;7700b48b;e8988c7a;6ba6a712;e414dde9
15,5,194,success,None,22/Jul/2026:17:24:32.324065,22/Jul/2026:17:24:34.262088,1.9380,80,22/Jul/2026:17:24:30.709437;22/Jul/2026:17:24:30.717370;22/Jul/2026:17:24:28.004585;22/Jul/2026:17:24:30.709160;22/Jul/2026:17:24:28.948633;22/Jul/2026:17:24:20.936850;22/Jul/2026:17:24:22.827130;22/Jul/2026:17:24:30.717731;22/Jul/2026:17:24:26.511538;22/Jul/2026:17:24:20.937167;22/Jul/2026:17:24:21.961622;22/Jul/2026:17:24:28.931832;22/Jul/2026:17:24:30.719159;22/Jul/2026:17:24:27.997044;22/Jul/2026:17:24:04.688427;22/Jul/2026:17:24:30.714016;22/Jul/2026:17:24:30.723236;22/Jul/2026:17:24:30.713579;22/Jul/2026:17:24:27.103706;22/Jul/2026:17:24:19.183226;22/Jul/2026:17:24:25.564807;22/Jul/2026:17:24:30.715822;22/Jul/2026:17:24:30.709322;22/Jul/2026:17:24:31.903708;22/Jul/2026:17:24:25.565008;22/Jul/2026:17:24:30.716590;22/Jul/2026:17:24:30.716968;22/Jul/2026:17:24:30.720236;22/Jul/2026:17:24:30.714275;22/Jul/2026:17:24:26.513193;22/Jul/2026:17:24:30.719108;22/Jul/2026:17:24:30.715449;22/Jul/2026:17:24:21.964617;22/Jul/2026:17:24:30.718531;22/Jul/2026:17:24:20.936986;22/Jul/2026:17:24:20.665107;22/Jul/2026:17:24:28.935525;22/Jul/2026:17:24:31.912551;22/Jul/2026:17:24:30.718932;22/Jul/2026:17:24:30.716347;22/Jul/2026:17:24:30.717909;22/Jul/2026:17:24:30.717939;22/Jul/2026:17:24:19.570484;22/Jul/2026:17:24:20.937225;22/Jul/2026:17:24:30.713518;22/Jul/2026:17:24:32.556676;22/Jul/2026:17:24:20.202703;22/Jul/2026:17:24:03.281547;22/Jul/2026:17:24:30.716504;22/Jul/2026:17:24:20.849655;22/Jul/2026:17:24:30.716997;22/Jul/2026:17:24:30.720382;22/Jul/2026:17:24:30.718701;22/Jul/2026:17:24:32.184780;22/Jul/2026:17:24:30.711004;22/Jul/2026:17:24:30.704398;22/Jul/2026:17:24:30.712886;22/Jul/2026:17:24:30.719646;22/Jul/2026:17:24:30.719565;22/Jul/2026:17:24:30.713551;22/Jul/2026:17:24:32.185375;22/Jul/2026:17:24:33.034158;22/Jul/2026:17:24:30.721557;22/Jul/2026:17:24:30.712819;22/Jul/2026:17:24:30.717761;22/Jul/2026:17:24:23.961388;22/Jul/2026:17:24:32.184953;22/Jul/2026:17:24:20.848939;22/Jul/2026:17:24:31.903097;22/Jul/2026:17:24:30.714623;22/Jul/2026:17:24:17.905541;22/Jul/2026:17:24:30.719792;22/Jul/2026:17:24:30.713696;22/Jul/2026:17:24:30.723648;22/Jul/2026:17:24:17.494964;22/Jul/2026:17:24:32.426731;22/Jul/2026:17:24:28.013650;22/Jul/2026:17:24:30.722147;22/Jul/2026:17:24:32.782737;22/Jul/2026:17:24:06.698922,1.6370;1.6351;4.4074;1.7140;3.5301;11.5538;9.6698;1.7946;6.0218;11.6261;10.6138;3.6648;1.8777;4.6212;27.9774;2.0080;2.0146;2.0620;5.7814;13.7051;7.3840;2.2413;2.2817;1.1320;7.4757;2.4865;2.4866;2.4949;2.5354;6.7549;2.5556;2.7001;11.4521;2.7208;12.5405;12.8258;4.5838;1.6147;2.8291;2.8389;2.8427;2.8438;14.0019;12.6700;2.9164;1.1095;13.4835;30.4056;2.9743;12.8654;3.0082;3.0137;3.0755;1.6139;3.1221;3.1306;3.1427;3.1607;3.1784;3.1897;1.7206;0.8882;3.2056;3.2442;3.2429;10.0085;1.7949;13.1484;2.1026;3.2941;16.1095;3.3347;3.3713;3.3672;16.5977;1.6861;6.1063;3.4290;1.3941;27.4844,bytes=85130458-86033739;bytes=325737835-326623523;bytes=1466989933-1467875790;bytes=71156595-72061761;bytes=1741879835-1742774856;bytes=1780607111-1781501997;bytes=219512661-220406320;bytes=332900130-333004364;bytes=1160189423-1160305916;bytes=1784527551-1784634464;bytes=30208736-31127958;bytes=1648320001-1648547224;bytes=365141612-365352939;bytes=1444533544-1444612863;bytes=628886394-629800883;bytes=186367467-186466311;bytes=574007591-574904207;bytes=174363374-175258548;bytes=1222491658-1222581335;bytes=1386894736-1387043817;bytes=909174226-909276221;bytes=246877762-246978778;bytes=76243160-76333742;bytes=667343056-667458091;bytes=906430611-907318976;bytes=287713547-287809746;bytes=290805394-291705718;bytes=444537943-445445322;bytes=186728404-187637230;bytes=1168809911-1168922393;bytes=364951444-365141611;bytes=239111117-240014891;bytes=87839551-88745992;bytes=352948512-353842502;bytes=1782387453-1783289925;bytes=1704990817-1705903703;bytes=1664941500-1665069361;bytes=709330376-710223011;bytes=364786456-364873418;bytes=258746982-258854694;bytes=335712585-336613848;bytes=336799861-336888541;bytes=1543008564-1543906326;bytes=1788244411-1788351526;bytes=145507303-145585440;bytes=847689898-848590221;bytes=1608021241-1608897746;bytes=450590286-450738054;bytes=282723703-283630507;bytes=1745182189-1746117439;bytes=291897784-291985303;bytes=450590286-450738054;bytes=360638263-360738146;bytes=741096050-741212233;bytes=98943526-99839544;bytes=40334677-40433976;bytes=130690295-131568698;bytes=417722196-417817752;bytes=412619641-413529452;bytes=145585441-145671251;bytes=745317825-746221053;bytes=928026001-928926360;bytes=487597823-487695244;bytes=133498418-133596014;bytes=336613849-336701983;bytes=546065016-546956971;bytes=741325427-742225898;bytes=1740957939-1741879834;bytes=655192749-655357470;bytes=214087073-214251221;bytes=1130398512-1131299524;bytes=416807683-417722195;bytes=178158114-178336996;bytes=585679501-585771585;bytes=1061589419-1061700987;bytes=817800475-818710051;bytes=1514342521-1515253992;bytes=543794075-544681178;bytes=908256746-909174225;bytes=938056932-938164807,70fcd44e;9530241b;56ad414a;c3d1bc9e;12e958fc;69e525c9;2b3449a9;8c500fbd;868927ad;0c7cf95e;b7ee3e13;2a107f63;a8343199;8d6b3dba;0104a24a;65ff1166;c297b7b1;0089f2e3;bee84209;1d9d5b93;83f6c0c7;dce33092;81825421;804966a2;15524d84;ce7db900;56b92ddf;e208ccc9;fcc5bfc4;19fcbd3d;2af2a106;54c6f8b2;23bd4581;5d77e1d8;4db50285;e89521a3;1ad40520;67547739;e8cd9d9b;472dfe43;fed4143a;5dd6b8de;6a490bed;fb45e883;5e9ed447;1d33192d;94cd4b31;48f4bb6a;b56817c4;87fc62cb;1c2327c1;72bad120;dc42d1ad;3b4625b6;fc0854c5;9c7da065;f95cbf84;3d3f04e6;f4579e22;b7b1f00b;1bbbc0ae;4de27309;1ccd833b;bc9b5fe6;2cd03155;d8a36f76;486574af;f4b3572b;61399916;ddda7ffc;b7d85d28;5a5b1cf5;5c52c8a2;573bc886;95318607;7700b48b;e8988c7a;6ba6a712;e414dde9;39487575
15,5,206,success,None,22/Jul/2026:17:24:32.555170,22/Jul/2026:17:24:34.614647,2.0595,88,22/Jul/2026:17:24:20.937167;22/Jul/2026:17:24:21.961622;22/Jul/2026:17:24:28.931832;22/Jul/2026:17:24:30.719159;22/Jul/2026:17:24:27.997044;22/Jul/2026:17:24:04.688427;22/Jul/2026:17:24:30.714016;22/Jul/2026:17:24:30.723236;22/Jul/2026:17:24:30.713579;22/Jul/2026:17:24:27.103706;22/Jul/2026:17:24:19.183226;22/Jul/2026:17:24:25.564807;22/Jul/2026:17:24:30.715822;22/Jul/2026:17:24:30.709322;22/Jul/2026:17:24:31.903708;22/Jul/2026:17:24:25.565008;22/Jul/2026:17:24:30.716590;22/Jul/2026:17:24:30.716968;22/Jul/2026:17:24:30.720236;22/Jul/2026:17:24:30.714275;22/Jul/2026:17:24:26.513193;22/Jul/2026:17:24:30.719108;22/Jul/2026:17:24:30.715449;22/Jul/2026:17:24:21.964617;22/Jul/2026:17:24:30.718531;22/Jul/2026:17:24:20.936986;22/Jul/2026:17:24:20.665107;22/Jul/2026:17:24:28.935525;22/Jul/2026:17:24:31.912551;22/Jul/2026:17:24:30.718932;22/Jul/2026:17:24:30.716347;22/Jul/2026:17:24:30.717909;22/Jul/2026:17:24:30.717939;22/Jul/2026:17:24:19.570484;22/Jul/2026:17:24:20.937225;22/Jul/2026:17:24:30.713518;22/Jul/2026:17:24:32.556676;22/Jul/2026:17:24:20.202703;22/Jul/2026:17:24:03.281547;22/Jul/2026:17:24:30.716504;22/Jul/2026:17:24:20.849655;22/Jul/2026:17:24:30.716997;22/Jul/2026:17:24:30.720382;22/Jul/2026:17:24:30.718701;22/Jul/2026:17:24:32.184780;22/Jul/2026:17:24:30.711004;22/Jul/2026:17:24:30.704398;22/Jul/2026:17:24:30.712886;22/Jul/2026:17:24:30.719646;22/Jul/2026:17:24:30.719565;22/Jul/2026:17:24:30.713551;22/Jul/2026:17:24:32.185375;22/Jul/2026:17:24:33.034158;22/Jul/2026:17:24:30.721557;22/Jul/2026:17:24:30.712819;22/Jul/2026:17:24:30.717761;22/Jul/2026:17:24:23.961388;22/Jul/2026:17:24:32.184953;22/Jul/2026:17:24:20.848939;22/Jul/2026:17:24:31.903097;22/Jul/2026:17:24:30.714623;22/Jul/2026:17:24:17.905541;22/Jul/2026:17:24:30.719792;22/Jul/2026:17:24:30.713696;22/Jul/2026:17:24:30.723648;22/Jul/2026:17:24:17.494964;22/Jul/2026:17:24:32.426731;22/Jul/2026:17:24:28.013650;22/Jul/2026:17:24:30.722147;22/Jul/2026:17:24:32.782737;22/Jul/2026:17:24:06.698922;22/Jul/2026:17:24:32.427398;22/Jul/2026:17:24:30.717221;22/Jul/2026:17:24:30.709910;22/Jul/2026:17:24:30.721498;22/Jul/2026:17:24:30.722089;22/Jul/2026:17:24:31.893145;22/Jul/2026:17:24:30.723708;22/Jul/2026:17:24:30.712596;22/Jul/2026:17:24:30.723177;22/Jul/2026:17:24:30.709540;22/Jul/2026:17:24:28.813018;22/Jul/2026:17:24:31.893691;22/Jul/2026:17:24:33.034905;22/Jul/2026:17:24:33.294592;22/Jul/2026:17:24:30.718788;22/Jul/2026:17:24:30.718617;22/Jul/2026:17:24:30.718760,11.6261;10.6138;3.6648;1.8777;4.6212;27.9774;2.0080;2.0146;2.0620;5.7814;13.7051;7.3840;2.2413;2.2817;1.1320;7.4757;2.4865;2.4866;2.4949;2.5354;6.7549;2.5556;2.7001;11.4521;2.7208;12.5405;12.8258;4.5838;1.6147;2.8291;2.8389;2.8427;2.8438;14.0019;12.6700;2.9164;1.1095;13.4835;30.4056;2.9743;12.8654;3.0082;3.0137;3.0755;1.6139;3.1221;3.1306;3.1427;3.1607;3.1784;3.1897;1.7206;0.8882;3.2056;3.2442;3.2429;10.0085;1.7949;13.1484;2.1026;3.2941;16.1095;3.3347;3.3713;3.3672;16.5977;1.6861;6.1063;3.4290;1.3941;27.4844;1.8574;3.6303;3.6806;3.7361;3.7370;2.6271;3.7994;3.8114;3.8075;3.8213;5.7234;2.6592;1.5232;1.2713;3.8522;3.8605;3.8750,bytes=1784527551-1784634464;bytes=30208736-31127958;bytes=1648320001-1648547224;bytes=365141612-365352939;bytes=1444533544-1444612863;bytes=628886394-629800883;bytes=186367467-186466311;bytes=574007591-574904207;bytes=174363374-175258548;bytes=1222491658-1222581335;bytes=1386894736-1387043817;bytes=909174226-909276221;bytes=246877762-246978778;bytes=76243160-76333742;bytes=667343056-667458091;bytes=906430611-907318976;bytes=287713547-287809746;bytes=290805394-291705718;bytes=444537943-445445322;bytes=186728404-187637230;bytes=1168809911-1168922393;bytes=364951444-365141611;bytes=239111117-240014891;bytes=87839551-88745992;bytes=352948512-353842502;bytes=1782387453-1783289925;bytes=1704990817-1705903703;bytes=1664941500-1665069361;bytes=709330376-710223011;bytes=364786456-364873418;bytes=258746982-258854694;bytes=335712585-336613848;bytes=336799861-336888541;bytes=1543008564-1543906326;bytes=1788244411-1788351526;bytes=145507303-145585440;bytes=847689898-848590221;bytes=1608021241-1608897746;bytes=450590286-450738054;bytes=282723703-283630507;bytes=1745182189-1746117439;bytes=291897784-291985303;bytes=450590286-450738054;bytes=360638263-360738146;bytes=741096050-741212233;bytes=98943526-99839544;bytes=40334677-40433976;bytes=130690295-131568698;bytes=417722196-417817752;bytes=412619641-413529452;bytes=145585441-145671251;bytes=745317825-746221053;bytes=928026001-928926360;bytes=487597823-487695244;bytes=133498418-133596014;bytes=336613849-336701983;bytes=546065016-546956971;bytes=741325427-742225898;bytes=1740957939-1741879834;bytes=655192749-655357470;bytes=214087073-214251221;bytes=1130398512-1131299524;bytes=416807683-417722195;bytes=178158114-178336996;bytes=585679501-585771585;bytes=1061589419-1061700987;bytes=817800475-818710051;bytes=1514342521-1515253992;bytes=543794075-544681178;bytes=908256746-909174225;bytes=938056932-938164807;bytes=830943653-831033454;bytes=295837679-295934867;bytes=90102089-90990899;bytes=483842755-483924364;bytes=542008841-542893128;bytes=628886394-629800883;bytes=582091563-582993357;bytes=127379383-128302428;bytes=577614166-577712977;bytes=86918662-87839550;bytes=1623075604-1623171853;bytes=634863718-634955072;bytes=937946309-938056931;bytes=1074215423-1074304773;bytes=357907041-358812543;bytes=355663976-356564851;bytes=357003732-357907040,0c7cf95e;b7ee3e13;2a107f63;a8343199;8d6b3dba;0104a24a;65ff1166;c297b7b1;0089f2e3;bee84209;1d9d5b93;83f6c0c7;dce33092;81825421;804966a2;15524d84;ce7db900;56b92ddf;e208ccc9;fcc5bfc4;19fcbd3d;2af2a106;54c6f8b2;23bd4581;5d77e1d8;4db50285;e89521a3;1ad40520;67547739;e8cd9d9b;472dfe43;fed4143a;5dd6b8de;6a490bed;fb45e883;5e9ed447;1d33192d;94cd4b31;48f4bb6a;b56817c4;87fc62cb;1c2327c1;72bad120;dc42d1ad;3b4625b6;fc0854c5;9c7da065;f95cbf84;3d3f04e6;f4579e22;b7b1f00b;1bbbc0ae;4de27309;1ccd833b;bc9b5fe6;2cd03155;d8a36f76;486574af;f4b3572b;61399916;ddda7ffc;b7d85d28;5a5b1cf5;5c52c8a2;573bc886;95318607;7700b48b;e8988c7a;6ba6a712;e414dde9;39487575;27e7cdf6;c9f02671;b3dcea7f;d23ef84a;d391635a;1a9842db;b5348e0e;fc06384b;1d5620f0;867857c8;dc4a7d4f;86530472;4ff1b792;84de323e;51328106;e10bdfcd;bd61d303
15,5,200,success,None,22/Jul/2026:17:24:32.425932,22/Jul/2026:17:24:34.615292,2.1894,93,22/Jul/2026:17:24:28.948633;22/Jul/2026:17:24:20.936850;22/Jul/2026:17:24:22.827130;22/Jul/2026:17:24:30.717731;22/Jul/2026:17:24:26.511538;22/Jul/2026:17:24:20.937167;22/Jul/2026:17:24:21.961622;22/Jul/2026:17:24:28.931832;22/Jul/2026:17:24:30.719159;22/Jul/2026:17:24:27.997044;22/Jul/2026:17:24:04.688427;22/Jul/2026:17:24:30.714016;22/Jul/2026:17:24:30.723236;22/Jul/2026:17:24:30.713579;22/Jul/2026:17:24:27.103706;22/Jul/2026:17:24:19.183226;22/Jul/2026:17:24:25.564807;22/Jul/2026:17:24:30.715822;22/Jul/2026:17:24:30.709322;22/Jul/2026:17:24:31.903708;22/Jul/2026:17:24:25.565008;22/Jul/2026:17:24:30.716590;22/Jul/2026:17:24:30.716968;22/Jul/2026:17:24:30.720236;22/Jul/2026:17:24:30.714275;22/Jul/2026:17:24:26.513193;22/Jul/2026:17:24:30.719108;22/Jul/2026:17:24:30.715449;22/Jul/2026:17:24:21.964617;22/Jul/2026:17:24:30.718531;22/Jul/2026:17:24:20.936986;22/Jul/2026:17:24:20.665107;22/Jul/2026:17:24:28.935525;22/Jul/2026:17:24:31.912551;22/Jul/2026:17:24:30.718932;22/Jul/2026:17:24:30.716347;22/Jul/2026:17:24:30.717909;22/Jul/2026:17:24:30.717939;22/Jul/2026:17:24:19.570484;22/Jul/2026:17:24:20.937225;22/Jul/2026:17:24:30.713518;22/Jul/2026:17:24:32.556676;22/Jul/2026:17:24:20.202703;22/Jul/2026:17:24:03.281547;22/Jul/2026:17:24:30.716504;22/Jul/2026:17:24:20.849655;22/Jul/2026:17:24:30.716997;22/Jul/2026:17:24:30.720382;22/Jul/2026:17:24:30.718701;22/Jul/2026:17:24:32.184780;22/Jul/2026:17:24:30.711004;22/Jul/2026:17:24:30.704398;22/Jul/2026:17:24:30.712886;22/Jul/2026:17:24:30.719646;22/Jul/2026:17:24:30.719565;22/Jul/2026:17:24:30.713551;22/Jul/2026:17:24:32.185375;22/Jul/2026:17:24:33.034158;22/Jul/2026:17:24:30.721557;22/Jul/2026:17:24:30.712819;22/Jul/2026:17:24:30.717761;22/Jul/2026:17:24:23.961388;22/Jul/2026:17:24:32.184953;22/Jul/2026:17:24:20.848939;22/Jul/2026:17:24:31.903097;22/Jul/2026:17:24:30.714623;22/Jul/2026:17:24:17.905541;22/Jul/2026:17:24:30.719792;22/Jul/2026:17:24:30.713696;22/Jul/2026:17:24:30.723648;22/Jul/2026:17:24:17.494964;22/Jul/2026:17:24:32.426731;22/Jul/2026:17:24:28.013650;22/Jul/2026:17:24:30.722147;22/Jul/2026:17:24:32.782737;22/Jul/2026:17:24:06.698922;22/Jul/2026:17:24:32.427398;22/Jul/2026:17:24:30.717221;22/Jul/2026:17:24:30.709910;22/Jul/2026:17:24:30.721498;22/Jul/2026:17:24:30.722089;22/Jul/2026:17:24:31.893145;22/Jul/2026:17:24:30.723708;22/Jul/2026:17:24:30.712596;22/Jul/2026:17:24:30.723177;22/Jul/2026:17:24:30.709540;22/Jul/2026:17:24:28.813018;22/Jul/2026:17:24:31.893691;22/Jul/2026:17:24:33.034905;22/Jul/2026:17:24:33.294592;22/Jul/2026:17:24:30.718788;22/Jul/2026:17:24:30.718617;22/Jul/2026:17:24:30.718760,3.5301;11.5538;9.6698;1.7946;6.0218;11.6261;10.6138;3.6648;1.8777;4.6212;27.9774;2.0080;2.0146;2.0620;5.7814;13.7051;7.3840;2.2413;2.2817;1.1320;7.4757;2.4865;2.4866;2.4949;2.5354;6.7549;2.5556;2.7001;11.4521;2.7208;12.5405;12.8258;4.5838;1.6147;2.8291;2.8389;2.8427;2.8438;14.0019;12.6700;2.9164;1.1095;13.4835;30.4056;2.9743;12.8654;3.0082;3.0137;3.0755;1.6139;3.1221;3.1306;3.1427;3.1607;3.1784;3.1897;1.7206;0.8882;3.2056;3.2442;3.2429;10.0085;1.7949;13.1484;2.1026;3.2941;16.1095;3.3347;3.3713;3.3672;16.5977;1.6861;6.1063;3.4290;1.3941;27.4844;1.8574;3.6303;3.6806;3.7361;3.7370;2.6271;3.7994;3.8114;3.8075;3.8213;5.7234;2.6592;1.5232;1.2713;3.8522;3.8605;3.8750,bytes=1741879835-1742774856;bytes=1780607111-1781501997;bytes=219512661-220406320;bytes=332900130-333004364;bytes=1160189423-1160305916;bytes=1784527551-1784634464;bytes=30208736-31127958;bytes=1648320001-1648547224;bytes=365141612-365352939;bytes=1444533544-1444612863;bytes=628886394-629800883;bytes=186367467-186466311;bytes=574007591-574904207;bytes=174363374-175258548;bytes=1222491658-1222581335;bytes=1386894736-1387043817;bytes=909174226-909276221;bytes=246877762-246978778;bytes=76243160-76333742;bytes=667343056-667458091;bytes=906430611-907318976;bytes=287713547-287809746;bytes=290805394-291705718;bytes=444537943-445445322;bytes=186728404-187637230;bytes=1168809911-1168922393;bytes=364951444-365141611;bytes=239111117-240014891;bytes=87839551-88745992;bytes=352948512-353842502;bytes=1782387453-1783289925;bytes=1704990817-1705903703;bytes=1664941500-1665069361;bytes=709330376-710223011;bytes=364786456-364873418;bytes=258746982-258854694;bytes=335712585-336613848;bytes=336799861-336888541;bytes=1543008564-1543906326;bytes=1788244411-1788351526;bytes=145507303-145585440;bytes=847689898-848590221;bytes=1608021241-1608897746;bytes=450590286-450738054;bytes=282723703-283630507;bytes=1745182189-1746117439;bytes=291897784-291985303;bytes=450590286-450738054;bytes=360638263-360738146;bytes=741096050-741212233;bytes=98943526-99839544;bytes=40334677-40433976;bytes=130690295-131568698;bytes=417722196-417817752;bytes=412619641-413529452;bytes=145585441-145671251;bytes=745317825-746221053;bytes=928026001-928926360;bytes=487597823-487695244;bytes=133498418-133596014;bytes=336613849-336701983;bytes=546065016-546956971;bytes=741325427-742225898;bytes=1740957939-1741879834;bytes=655192749-655357470;bytes=214087073-214251221;bytes=1130398512-1131299524;bytes=416807683-417722195;bytes=178158114-178336996;bytes=585679501-585771585;bytes=1061589419-1061700987;bytes=817800475-818710051;bytes=1514342521-1515253992;bytes=543794075-544681178;bytes=908256746-909174225;bytes=938056932-938164807;bytes=830943653-831033454;bytes=295837679-295934867;bytes=90102089-90990899;bytes=483842755-483924364;bytes=542008841-542893128;bytes=628886394-629800883;bytes=582091563-582993357;bytes=127379383-128302428;bytes=577614166-577712977;bytes=86918662-87839550;bytes=1623075604-1623171853;bytes=634863718-634955072;bytes=937946309-938056931;bytes=1074215423-1074304773;bytes=357907041-358812543;bytes=355663976-356564851;bytes=357003732-357907040,12e958fc;69e525c9;2b3449a9;8c500fbd;868927ad;0c7cf95e;b7ee3e13;2a107f63;a8343199;8d6b3dba;0104a24a;65ff1166;c297b7b1;0089f2e3;bee84209;1d9d5b93;83f6c0c7;dce33092;81825421;804966a2;15524d84;ce7db900;56b92ddf;e208ccc9;fcc5bfc4;19fcbd3d;2af2a106;54c6f8b2;23bd4581;5d77e1d8;4db50285;e89521a3;1ad40520;67547739;e8cd9d9b;472dfe43;fed4143a;5dd6b8de;6a490bed;fb45e883;5e9ed447;1d33192d;94cd4b31;48f4bb6a;b56817c4;87fc62cb;1c2327c1;72bad120;dc42d1ad;3b4625b6;fc0854c5;9c7da065;f95cbf84;3d3f04e6;f4579e22;b7b1f00b;1bbbc0ae;4de27309;1ccd833b;bc9b5fe6;2cd03155;d8a36f76;486574af;f4b3572b;61399916;ddda7ffc;b7d85d28;5a5b1cf5;5c52c8a2;573bc886;95318607;7700b48b;e8988c7a;6ba6a712;e414dde9;39487575;27e7cdf6;c9f02671;b3dcea7f;d23ef84a;d391635a;1a9842db;b5348e0e;fc06384b;1d5620f0;867857c8;dc4a7d4f;86530472;4ff1b792;84de323e;51328106;e10bdfcd;bd61d303
15,5,213,success,None,22/Jul/2026:17:24:32.669233,22/Jul/2026:17:24:34.851870,2.1826,95,22/Jul/2026:17:24:30.714016;22/Jul/2026:17:24:30.723236;22/Jul/2026:17:24:30.713579;22/Jul/2026:17:24:27.103706;22/Jul/2026:17:24:19.183226;22/Jul/2026:17:24:25.564807;22/Jul/2026:17:24:30.715822;22/Jul/2026:17:24:30.709322;22/Jul/2026:17:24:31.903708;22/Jul/2026:17:24:25.565008;22/Jul/2026:17:24:30.716590;22/Jul/2026:17:24:30.716968;22/Jul/2026:17:24:30.720236;22/Jul/2026:17:24:30.714275;22/Jul/2026:17:24:26.513193;22/Jul/2026:17:24:30.719108;22/Jul/2026:17:24:30.715449;22/Jul/2026:17:24:21.964617;22/Jul/2026:17:24:30.718531;22/Jul/2026:17:24:20.936986;22/Jul/2026:17:24:20.665107;22/Jul/2026:17:24:28.935525;22/Jul/2026:17:24:31.912551;22/Jul/2026:17:24:30.718932;22/Jul/2026:17:24:30.716347;22/Jul/2026:17:24:30.717909;22/Jul/2026:17:24:30.717939;22/Jul/2026:17:24:19.570484;22/Jul/2026:17:24:20.937225;22/Jul/2026:17:24:30.713518;22/Jul/2026:17:24:32.556676;22/Jul/2026:17:24:20.202703;22/Jul/2026:17:24:03.281547;22/Jul/2026:17:24:30.716504;22/Jul/2026:17:24:20.849655;22/Jul/2026:17:24:30.716997;22/Jul/2026:17:24:30.720382;22/Jul/2026:17:24:30.718701;22/Jul/2026:17:24:32.184780;22/Jul/2026:17:24:30.711004;22/Jul/2026:17:24:30.704398;22/Jul/2026:17:24:30.712886;22/Jul/2026:17:24:30.719646;22/Jul/2026:17:24:30.719565;22/Jul/2026:17:24:30.713551;22/Jul/2026:17:24:32.185375;22/Jul/2026:17:24:33.034158;22/Jul/2026:17:24:30.721557;22/Jul/2026:17:24:30.712819;22/Jul/2026:17:24:30.717761;22/Jul/2026:17:24:23.961388;22/Jul/2026:17:24:32.184953;22/Jul/2026:17:24:20.848939;22/Jul/2026:17:24:31.903097;22/Jul/2026:17:24:30.714623;22/Jul/2026:17:24:17.905541;22/Jul/2026:17:24:30.719792;22/Jul/2026:17:24:30.713696;22/Jul/2026:17:24:30.723648;22/Jul/2026:17:24:17.494964;22/Jul/2026:17:24:32.426731;22/Jul/2026:17:24:28.013650;22/Jul/2026:17:24:30.722147;22/Jul/2026:17:24:32.782737;22/Jul/2026:17:24:06.698922;22/Jul/2026:17:24:32.427398;22/Jul/2026:17:24:30.717221;22/Jul/2026:17:24:30.709910;22/Jul/2026:17:24:30.721498;22/Jul/2026:17:24:30.722089;22/Jul/2026:17:24:31.893145;22/Jul/2026:17:24:30.723708;22/Jul/2026:17:24:30.712596;22/Jul/2026:17:24:30.723177;22/Jul/2026:17:24:30.709540;22/Jul/2026:17:24:28.813018;22/Jul/2026:17:24:31.893691;22/Jul/2026:17:24:33.034905;22/Jul/2026:17:24:33.294592;22/Jul/2026:17:24:30.718788;22/Jul/2026:17:24:30.718617;22/Jul/2026:17:24:30.718760;22/Jul/2026:17:24:32.326267;22/Jul/2026:17:24:30.722854;22/Jul/2026:17:24:33.772769;22/Jul/2026:17:24:30.721613;22/Jul/2026:17:24:24.918672;22/Jul/2026:17:24:20.848722;22/Jul/2026:17:24:30.713869;22/Jul/2026:17:24:30.713927;22/Jul/2026:17:24:30.720560;22/Jul/2026:17:24:32.670350;22/Jul/2026:17:24:32.325128;22/Jul/2026:17:24:15.705462;22/Jul/2026:17:24:31.845851,2.0080;2.0146;2.0620;5.7814;13.7051;7.3840;2.2413;2.2817;1.1320;7.4757;2.4865;2.4866;2.4949;2.5354;6.7549;2.5556;2.7001;11.4521;2.7208;12.5405;12.8258;4.5838;1.6147;2.8291;2.8389;2.8427;2.8438;14.0019;12.6700;2.9164;1.1095;13.4835;30.4056;2.9743;12.8654;3.0082;3.0137;3.0755;1.6139;3.1221;3.1306;3.1427;3.1607;3.1784;3.1897;1.7206;0.8882;3.2056;3.2442;3.2429;10.0085;1.7949;13.1484;2.1026;3.2941;16.1095;3.3347;3.3713;3.3672;16.5977;1.6861;6.1063;3.4290;1.3941;27.4844;1.8574;3.6303;3.6806;3.7361;3.7370;2.6271;3.7994;3.8114;3.8075;3.8213;5.7234;2.6592;1.5232;1.2713;3.8522;3.8605;3.8750;2.3005;3.9069;0.8695;3.9223;9.7741;13.8555;4.0409;4.0553;4.0649;2.1177;2.4823;19.1286;3.0007,bytes=186367467-186466311;bytes=574007591-574904207;bytes=174363374-175258548;bytes=1222491658-1222581335;bytes=1386894736-1387043817;bytes=909174226-909276221;bytes=246877762-246978778;bytes=76243160-76333742;bytes=667343056-667458091;bytes=906430611-907318976;bytes=287713547-287809746;bytes=290805394-291705718;bytes=444537943-445445322;bytes=186728404-187637230;bytes=1168809911-1168922393;bytes=364951444-365141611;bytes=239111117-240014891;bytes=87839551-88745992;bytes=352948512-353842502;bytes=1782387453-1783289925;bytes=1704990817-1705903703;bytes=1664941500-1665069361;bytes=709330376-710223011;bytes=364786456-364873418;bytes=258746982-258854694;bytes=335712585-336613848;bytes=336799861-336888541;bytes=1543008564-1543906326;bytes=1788244411-1788351526;bytes=145507303-145585440;bytes=847689898-848590221;bytes=1608021241-1608897746;bytes=450590286-450738054;bytes=282723703-283630507;bytes=1745182189-1746117439;bytes=291897784-291985303;bytes=450590286-450738054;bytes=360638263-360738146;bytes=741096050-741212233;bytes=98943526-99839544;bytes=40334677-40433976;bytes=130690295-131568698;bytes=417722196-417817752;bytes=412619641-413529452;bytes=145585441-145671251;bytes=745317825-746221053;bytes=928026001-928926360;bytes=487597823-487695244;bytes=133498418-133596014;bytes=336613849-336701983;bytes=546065016-546956971;bytes=741325427-742225898;bytes=1740957939-1741879834;bytes=655192749-655357470;bytes=214087073-214251221;bytes=1130398512-1131299524;bytes=416807683-417722195;bytes=178158114-178336996;bytes=585679501-585771585;bytes=1061589419-1061700987;bytes=817800475-818710051;bytes=1514342521-1515253992;bytes=543794075-544681178;bytes=908256746-909174225;bytes=938056932-938164807;bytes=830943653-831033454;bytes=295837679-295934867;bytes=90102089-90990899;bytes=483842755-483924364;bytes=542008841-542893128;bytes=628886394-629800883;bytes=582091563-582993357;bytes=127379383-128302428;bytes=577614166-577712977;bytes=86918662-87839550;bytes=1623075604-1623171853;bytes=634863718-634955072;bytes=937946309-938056931;bytes=1074215423-1074304773;bytes=357907041-358812543;bytes=355663976-356564851;bytes=357003732-357907040;bytes=800127308-801045268;bytes=555750335-556651999;bytes=1172765519-1172882409;bytes=484820337-485708227;bytes=739065014-739973477;bytes=1739159984-1740059847;bytes=180309114-181218689;bytes=182324487-182485932;bytes=450836345-450930966;bytes=876343105-876447698;bytes=794280908-794388454;bytes=608028695-608958036;bytes=605825045-606037158,65ff1166;c297b7b1;0089f2e3;bee84209;1d9d5b93;83f6c0c7;dce33092;81825421;804966a2;15524d84;ce7db900;56b92ddf;e208ccc9;fcc5bfc4;19fcbd3d;2af2a106;54c6f8b2;23bd4581;5d77e1d8;4db50285;e89521a3;1ad40520;67547739;e8cd9d9b;472dfe43;fed4143a;5dd6b8de;6a490bed;fb45e883;5e9ed447;1d33192d;94cd4b31;48f4bb6a;b56817c4;87fc62cb;1c2327c1;72bad120;dc42d1ad;3b4625b6;fc0854c5;9c7da065;f95cbf84;3d3f04e6;f4579e22;b7b1f00b;1bbbc0ae;4de27309;1ccd833b;bc9b5fe6;2cd03155;d8a36f76;486574af;f4b3572b;61399916;ddda7ffc;b7d85d28;5a5b1cf5;5c52c8a2;573bc886;95318607;7700b48b;e8988c7a;6ba6a712;e414dde9;39487575;27e7cdf6;c9f02671;b3dcea7f;d23ef84a;d391635a;1a9842db;b5348e0e;fc06384b;1d5620f0;867857c8;dc4a7d4f;86530472;4ff1b792;84de323e;51328106;e10bdfcd;bd61d303;c61a86de;97cdbe2e;6dea3d84;6d64d19f;949c7252;9443d6ed;1bd73507;4ebccc30;0634b777;df6556cd;8d39bf88;9f7d42e4;23602cd7
15,5,220,success,None,22/Jul/2026:17:24:32.780773,22/Jul/2026:17:24:34.988908,2.2081,95,22/Jul/2026:17:24:27.103706;22/Jul/2026:17:24:19.183226;22/Jul/2026:17:24:25.564807;22/Jul/2026:17:24:30.715822;22/Jul/2026:17:24:30.709322;22/Jul/2026:17:24:31.903708;22/Jul/2026:17:24:25.565008;22/Jul/2026:17:24:30.716590;22/Jul/2026:17:24:30.716968;22/Jul/2026:17:24:30.720236;22/Jul/2026:17:24:30.714275;22/Jul/2026:17:24:26.513193;22/Jul/2026:17:24:30.719108;22/Jul/2026:17:24:30.715449;22/Jul/2026:17:24:21.964617;22/Jul/2026:17:24:30.718531;22/Jul/2026:17:24:20.936986;22/Jul/2026:17:24:20.665107;22/Jul/2026:17:24:28.935525;22/Jul/2026:17:24:31.912551;22/Jul/2026:17:24:30.718932;22/Jul/2026:17:24:30.716347;22/Jul/2026:17:24:30.717909;22/Jul/2026:17:24:30.717939;22/Jul/2026:17:24:19.570484;22/Jul/2026:17:24:20.937225;22/Jul/2026:17:24:30.713518;22/Jul/2026:17:24:32.556676;22/Jul/2026:17:24:20.202703;22/Jul/2026:17:24:03.281547;22/Jul/2026:17:24:30.716504;22/Jul/2026:17:24:20.849655;22/Jul/2026:17:24:30.716997;22/Jul/2026:17:24:30.720382;22/Jul/2026:17:24:30.718701;22/Jul/2026:17:24:32.184780;22/Jul/2026:17:24:30.711004;22/Jul/2026:17:24:30.704398;22/Jul/2026:17:24:30.712886;22/Jul/2026:17:24:30.719646;22/Jul/2026:17:24:30.719565;22/Jul/2026:17:24:30.713551;22/Jul/2026:17:24:32.185375;22/Jul/2026:17:24:33.034158;22/Jul/2026:17:24:30.721557;22/Jul/2026:17:24:30.712819;22/Jul/2026:17:24:30.717761;22/Jul/2026:17:24:23.961388;22/Jul/2026:17:24:32.184953;22/Jul/2026:17:24:20.848939;22/Jul/2026:17:24:31.903097;22/Jul/2026:17:24:30.714623;22/Jul/2026:17:24:17.905541;22/Jul/2026:17:24:30.719792;22/Jul/2026:17:24:30.713696;22/Jul/2026:17:24:30.723648;22/Jul/2026:17:24:17.494964;22/Jul/2026:17:24:32.426731;22/Jul/2026:17:24:28.013650;22/Jul/2026:17:24:30.722147;22/Jul/2026:17:24:32.782737;22/Jul/2026:17:24:06.698922;22/Jul/2026:17:24:32.427398;22/Jul/2026:17:24:30.717221;22/Jul/2026:17:24:30.709910;22/Jul/2026:17:24:30.721498;22/Jul/2026:17:24:30.722089;22/Jul/2026:17:24:31.893145;22/Jul/2026:17:24:30.723708;22/Jul/2026:17:24:30.712596;22/Jul/2026:17:24:30.723177;22/Jul/2026:17:24:30.709540;22/Jul/2026:17:24:28.813018;22/Jul/2026:17:24:31.893691;22/Jul/2026:17:24:33.034905;22/Jul/2026:17:24:33.294592;22/Jul/2026:17:24:30.718788;22/Jul/2026:17:24:30.718617;22/Jul/2026:17:24:30.718760;22/Jul/2026:17:24:32.326267;22/Jul/2026:17:24:30.722854;22/Jul/2026:17:24:33.772769;22/Jul/2026:17:24:30.721613;22/Jul/2026:17:24:24.918672;22/Jul/2026:17:24:20.848722;22/Jul/2026:17:24:30.713869;22/Jul/2026:17:24:30.713927;22/Jul/2026:17:24:30.720560;22/Jul/2026:17:24:32.670350;22/Jul/2026:17:24:32.325128;22/Jul/2026:17:24:15.705462;22/Jul/2026:17:24:31.845851;22/Jul/2026:17:24:30.720620;22/Jul/2026:17:24:30.720734;22/Jul/2026:17:24:31.845935,5.7814;13.7051;7.3840;2.2413;2.2817;1.1320;7.4757;2.4865;2.4866;2.4949;2.5354;6.7549;2.5556;2.7001;11.4521;2.7208;12.5405;12.8258;4.5838;1.6147;2.8291;2.8389;2.8427;2.8438;14.0019;12.6700;2.9164;1.1095;13.4835;30.4056;2.9743;12.8654;3.0082;3.0137;3.0755;1.6139;3.1221;3.1306;3.1427;3.1607;3.1784;3.1897;1.7206;0.8882;3.2056;3.2442;3.2429;10.0085;1.7949;13.1484;2.1026;3.2941;16.1095;3.3347;3.3713;3.3672;16.5977;1.6861;6.1063;3.4290;1.3941;27.4844;1.8574;3.6303;3.6806;3.7361;3.7370;2.6271;3.7994;3.8114;3.8075;3.8213;5.7234;2.6592;1.5232;1.2713;3.8522;3.8605;3.8750;2.3005;3.9069;0.8695;3.9223;9.7741;13.8555;4.0409;4.0553;4.0649;2.1177;2.4823;19.1286;3.0007;4.2028;4.2027;3.1215,bytes=1222491658-1222581335;bytes=1386894736-1387043817;bytes=909174226-909276221;bytes=246877762-246978778;bytes=76243160-76333742;bytes=667343056-667458091;bytes=906430611-907318976;bytes=287713547-287809746;bytes=290805394-291705718;bytes=444537943-445445322;bytes=186728404-187637230;bytes=1168809911-1168922393;bytes=364951444-365141611;bytes=239111117-240014891;bytes=87839551-88745992;bytes=352948512-353842502;bytes=1782387453-1783289925;bytes=1704990817-1705903703;bytes=1664941500-1665069361;bytes=709330376-710223011;bytes=364786456-364873418;bytes=258746982-258854694;bytes=335712585-336613848;bytes=336799861-336888541;bytes=1543008564-1543906326;bytes=1788244411-1788351526;bytes=145507303-145585440;bytes=847689898-848590221;bytes=1608021241-1608897746;bytes=450590286-450738054;bytes=282723703-283630507;bytes=1745182189-1746117439;bytes=291897784-291985303;bytes=450590286-450738054;bytes=360638263-360738146;bytes=741096050-741212233;bytes=98943526-99839544;bytes=40334677-40433976;bytes=130690295-131568698;bytes=417722196-417817752;bytes=412619641-413529452;bytes=145585441-145671251;bytes=745317825-746221053;bytes=928026001-928926360;bytes=487597823-487695244;bytes=133498418-133596014;bytes=336613849-336701983;bytes=546065016-546956971;bytes=741325427-742225898;bytes=1740957939-1741879834;bytes=655192749-655357470;bytes=214087073-214251221;bytes=1130398512-1131299524;bytes=416807683-417722195;bytes=178158114-178336996;bytes=585679501-585771585;bytes=1061589419-1061700987;bytes=817800475-818710051;bytes=1514342521-1515253992;bytes=543794075-544681178;bytes=908256746-909174225;bytes=938056932-938164807;bytes=830943653-831033454;bytes=295837679-295934867;bytes=90102089-90990899;bytes=483842755-483924364;bytes=542008841-542893128;bytes=628886394-629800883;bytes=582091563-582993357;bytes=127379383-128302428;bytes=577614166-577712977;bytes=86918662-87839550;bytes=1623075604-1623171853;bytes=634863718-634955072;bytes=937946309-938056931;bytes=1074215423-1074304773;bytes=357907041-358812543;bytes=355663976-356564851;bytes=357003732-357907040;bytes=800127308-801045268;bytes=555750335-556651999;bytes=1172765519-1172882409;bytes=484820337-485708227;bytes=739065014-739973477;bytes=1739159984-1740059847;bytes=180309114-181218689;bytes=182324487-182485932;bytes=450836345-450930966;bytes=876343105-876447698;bytes=794280908-794388454;bytes=608028695-608958036;bytes=605825045-606037158;bytes=454652304-454740884;bytes=453645825-454542799;bytes=609866794-609961965,bee84209;1d9d5b93;83f6c0c7;dce33092;81825421;804966a2;15524d84;ce7db900;56b92ddf;e208ccc9;fcc5bfc4;19fcbd3d;2af2a106;54c6f8b2;23bd4581;5d77e1d8;4db50285;e89521a3;1ad40520;67547739;e8cd9d9b;472dfe43;fed4143a;5dd6b8de;6a490bed;fb45e883;5e9ed447;1d33192d;94cd4b31;48f4bb6a;b56817c4;87fc62cb;1c2327c1;72bad120;dc42d1ad;3b4625b6;fc0854c5;9c7da065;f95cbf84;3d3f04e6;f4579e22;b7b1f00b;1bbbc0ae;4de27309;1ccd833b;bc9b5fe6;2cd03155;d8a36f76;486574af;f4b3572b;61399916;ddda7ffc;b7d85d28;5a5b1cf5;5c52c8a2;573bc886;95318607;7700b48b;e8988c7a;6ba6a712;e414dde9;39487575;27e7cdf6;c9f02671;b3dcea7f;d23ef84a;d391635a;1a9842db;b5348e0e;fc06384b;1d5620f0;867857c8;dc4a7d4f;86530472;4ff1b792;84de323e;51328106;e10bdfcd;bd61d303;c61a86de;97cdbe2e;6dea3d84;6d64d19f;949c7252;9443d6ed;1bd73507;4ebccc30;0634b777;df6556cd;8d39bf88;9f7d42e4;23602cd7;ef2bb9bb;7657790b;75fef67c
15,5,227,success,None,22/Jul/2026:17:24:33.033447,22/Jul/2026:17:24:34.994483,1.9610,90,22/Jul/2026:17:24:31.903708;22/Jul/2026:17:24:25.565008;22/Jul/2026:17:24:30.716590;22/Jul/2026:17:24:30.716968;22/Jul/2026:17:24:30.720236;22/Jul/2026:17:24:30.714275;22/Jul/2026:17:24:26.513193;22/Jul/2026:17:24:30.719108;22/Jul/2026:17:24:30.715449;22/Jul/2026:17:24:21.964617;22/Jul/2026:17:24:30.718531;22/Jul/2026:17:24:20.936986;22/Jul/2026:17:24:20.665107;22/Jul/2026:17:24:28.935525;22/Jul/2026:17:24:31.912551;22/Jul/2026:17:24:30.718932;22/Jul/2026:17:24:30.716347;22/Jul/2026:17:24:30.717909;22/Jul/2026:17:24:30.717939;22/Jul/2026:17:24:19.570484;22/Jul/2026:17:24:20.937225;22/Jul/2026:17:24:30.713518;22/Jul/2026:17:24:32.556676;22/Jul/2026:17:24:20.202703;22/Jul/2026:17:24:03.281547;22/Jul/2026:17:24:30.716504;22/Jul/2026:17:24:20.849655;22/Jul/2026:17:24:30.716997;22/Jul/2026:17:24:30.720382;22/Jul/2026:17:24:30.718701;22/Jul/2026:17:24:32.184780;22/Jul/2026:17:24:30.711004;22/Jul/2026:17:24:30.704398;22/Jul/2026:17:24:30.712886;22/Jul/2026:17:24:30.719646;22/Jul/2026:17:24:30.719565;22/Jul/2026:17:24:30.713551;22/Jul/2026:17:24:32.185375;22/Jul/2026:17:24:33.034158;22/Jul/2026:17:24:30.721557;22/Jul/2026:17:24:30.712819;22/Jul/2026:17:24:30.717761;22/Jul/2026:17:24:23.961388;22/Jul/2026:17:24:32.184953;22/Jul/2026:17:24:20.848939;22/Jul/2026:17:24:31.903097;22/Jul/2026:17:24:30.714623;22/Jul/2026:17:24:17.905541;22/Jul/2026:17:24:30.719792;22/Jul/2026:17:24:30.713696;22/Jul/2026:17:24:30.723648;22/Jul/2026:17:24:17.494964;22/Jul/2026:17:24:32.426731;22/Jul/2026:17:24:28.013650;22/Jul/2026:17:24:30.722147;22/Jul/2026:17:24:32.782737;22/Jul/2026:17:24:06.698922;22/Jul/2026:17:24:32.427398;22/Jul/2026:17:24:30.717221;22/Jul/2026:17:24:30.709910;22/Jul/2026:17:24:30.721498;22/Jul/2026:17:24:30.722089;22/Jul/2026:17:24:31.893145;22/Jul/2026:17:24:30.723708;22/Jul/2026:17:24:30.712596;22/Jul/2026:17:24:30.723177;22/Jul/2026:17:24:30.709540;22/Jul/2026:17:24:28.813018;22/Jul/2026:17:24:31.893691;22/Jul/2026:17:24:33.034905;22/Jul/2026:17:24:33.294592;22/Jul/2026:17:24:30.718788;22/Jul/2026:17:24:30.718617;22/Jul/2026:17:24:30.718760;22/Jul/2026:17:24:32.326267;22/Jul/2026:17:24:30.722854;22/Jul/2026:17:24:33.772769;22/Jul/2026:17:24:30.721613;22/Jul/2026:17:24:24.918672;22/Jul/2026:17:24:20.848722;22/Jul/2026:17:24:30.713869;22/Jul/2026:17:24:30.713927;22/Jul/2026:17:24:30.720560;22/Jul/2026:17:24:32.670350;22/Jul/2026:17:24:32.325128;22/Jul/2026:17:24:15.705462;22/Jul/2026:17:24:31.845851;22/Jul/2026:17:24:30.720620;22/Jul/2026:17:24:30.720734;22/Jul/2026:17:24:31.845935,1.1320;7.4757;2.4865;2.4866;2.4949;2.5354;6.7549;2.5556;2.7001;11.4521;2.7208;12.5405;12.8258;4.5838;1.6147;2.8291;2.8389;2.8427;2.8438;14.0019;12.6700;2.9164;1.1095;13.4835;30.4056;2.9743;12.8654;3.0082;3.0137;3.0755;1.6139;3.1221;3.1306;3.1427;3.1607;3.1784;3.1897;1.7206;0.8882;3.2056;3.2442;3.2429;10.0085;1.7949;13.1484;2.1026;3.2941;16.1095;3.3347;3.3713;3.3672;16.5977;1.6861;6.1063;3.4290;1.3941;27.4844;1.8574;3.6303;3.6806;3.7361;3.7370;2.6271;3.7994;3.8114;3.8075;3.8213;5.7234;2.6592;1.5232;1.2713;3.8522;3.8605;3.8750;2.3005;3.9069;0.8695;3.9223;9.7741;13.8555;4.0409;4.0553;4.0649;2.1177;2.4823;19.1286;3.0007;4.2028;4.2027;3.1215,bytes=667343056-667458091;bytes=906430611-907318976;bytes=287713547-287809746;bytes=290805394-291705718;bytes=444537943-445445322;bytes=186728404-187637230;bytes=1168809911-1168922393;bytes=364951444-365141611;bytes=239111117-240014891;bytes=87839551-88745992;bytes=352948512-353842502;bytes=1782387453-1783289925;bytes=1704990817-1705903703;bytes=1664941500-1665069361;bytes=709330376-710223011;bytes=364786456-364873418;bytes=258746982-258854694;bytes=335712585-336613848;bytes=336799861-336888541;bytes=1543008564-1543906326;bytes=1788244411-1788351526;bytes=145507303-145585440;bytes=847689898-848590221;bytes=1608021241-1608897746;bytes=450590286-450738054;bytes=282723703-283630507;bytes=1745182189-1746117439;bytes=291897784-291985303;bytes=450590286-450738054;bytes=360638263-360738146;bytes=741096050-741212233;bytes=98943526-99839544;bytes=40334677-40433976;bytes=130690295-131568698;bytes=417722196-417817752;bytes=412619641-413529452;bytes=145585441-145671251;bytes=745317825-746221053;bytes=928026001-928926360;bytes=487597823-487695244;bytes=133498418-133596014;bytes=336613849-336701983;bytes=546065016-546956971;bytes=741325427-742225898;bytes=1740957939-1741879834;bytes=655192749-655357470;bytes=214087073-214251221;bytes=1130398512-1131299524;bytes=416807683-417722195;bytes=178158114-178336996;bytes=585679501-585771585;bytes=1061589419-1061700987;bytes=817800475-818710051;bytes=1514342521-1515253992;bytes=543794075-544681178;bytes=908256746-909174225;bytes=938056932-938164807;bytes=830943653-831033454;bytes=295837679-295934867;bytes=90102089-90990899;bytes=483842755-483924364;bytes=542008841-542893128;bytes=628886394-629800883;bytes=582091563-582993357;bytes=127379383-128302428;bytes=577614166-577712977;bytes=86918662-87839550;bytes=1623075604-1623171853;bytes=634863718-634955072;bytes=937946309-938056931;bytes=1074215423-1074304773;bytes=357907041-358812543;bytes=355663976-356564851;bytes=357003732-357907040;bytes=800127308-801045268;bytes=555750335-556651999;bytes=1172765519-1172882409;bytes=484820337-485708227;bytes=739065014-739973477;bytes=1739159984-1740059847;bytes=180309114-181218689;bytes=182324487-182485932;bytes=450836345-450930966;bytes=876343105-876447698;bytes=794280908-794388454;bytes=608028695-608958036;bytes=605825045-606037158;bytes=454652304-454740884;bytes=453645825-454542799;bytes=609866794-609961965,804966a2;15524d84;ce7db900;56b92ddf;e208ccc9;fcc5bfc4;19fcbd3d;2af2a106;54c6f8b2;23bd4581;5d77e1d8;4db50285;e89521a3;1ad40520;67547739;e8cd9d9b;472dfe43;fed4143a;5dd6b8de;6a490bed;fb45e883;5e9ed447;1d33192d;94cd4b31;48f4bb6a;b56817c4;87fc62cb;1c2327c1;72bad120;dc42d1ad;3b4625b6;fc0854c5;9c7da065;f95cbf84;3d3f04e6;f4579e22;b7b1f00b;1bbbc0ae;4de27309;1ccd833b;bc9b5fe6;2cd03155;d8a36f76;486574af;f4b3572b;61399916;ddda7ffc;b7d85d28;5a5b1cf5;5c52c8a2;573bc886;95318607;7700b48b;e8988c7a;6ba6a712;e414dde9;39487575;27e7cdf6;c9f02671;b3dcea7f;d23ef84a;d391635a;1a9842db;b5348e0e;fc06384b;1d5620f0;867857c8;dc4a7d4f;86530472;4ff1b792;84de323e;51328106;e10bdfcd;bd61d303;c61a86de;97cdbe2e;6dea3d84;6d64d19f;949c7252;9443d6ed;1bd73507;4ebccc30;0634b777;df6556cd;8d39bf88;9f7d42e4;23602cd7;ef2bb9bb;7657790b;75fef67c
15,5,240,success,None,22/Jul/2026:17:24:33.251419,22/Jul/2026:17:24:35.352384,2.1010,106,22/Jul/2026:17:24:26.513193;22/Jul/2026:17:24:30.719108;22/Jul/2026:17:24:30.715449;22/Jul/2026:17:24:21.964617;22/Jul/2026:17:24:30.718531;22/Jul/2026:17:24:20.936986;22/Jul/2026:17:24:20.665107;22/Jul/2026:17:24:28.935525;22/Jul/2026:17:24:31.912551;22/Jul/2026:17:24:30.718932;22/Jul/2026:17:24:30.716347;22/Jul/2026:17:24:30.717909;22/Jul/2026:17:24:30.717939;22/Jul/2026:17:24:19.570484;22/Jul/2026:17:24:20.937225;22/Jul/2026:17:24:30.713518;22/Jul/2026:17:24:32.556676;22/Jul/2026:17:24:20.202703;22/Jul/2026:17:24:03.281547;22/Jul/2026:17:24:30.716504;22/Jul/2026:17:24:20.849655;22/Jul/2026:17:24:30.716997;22/Jul/2026:17:24:30.720382;22/Jul/2026:17:24:30.718701;22/Jul/2026:17:24:32.184780;22/Jul/2026:17:24:30.711004;22/Jul/2026:17:24:30.704398;22/Jul/2026:17:24:30.712886;22/Jul/2026:17:24:30.719646;22/Jul/2026:17:24:30.719565;22/Jul/2026:17:24:30.713551;22/Jul/2026:17:24:32.185375;22/Jul/2026:17:24:33.034158;22/Jul/2026:17:24:30.721557;22/Jul/2026:17:24:30.712819;22/Jul/2026:17:24:30.717761;22/Jul/2026:17:24:23.961388;22/Jul/2026:17:24:32.184953;22/Jul/2026:17:24:20.848939;22/Jul/2026:17:24:31.903097;22/Jul/2026:17:24:30.714623;22/Jul/2026:17:24:17.905541;22/Jul/2026:17:24:30.719792;22/Jul/2026:17:24:30.713696;22/Jul/2026:17:24:30.723648;22/Jul/2026:17:24:17.494964;22/Jul/2026:17:24:32.426731;22/Jul/2026:17:24:28.013650;22/Jul/2026:17:24:30.722147;22/Jul/2026:17:24:32.782737;22/Jul/2026:17:24:06.698922;22/Jul/2026:17:24:32.427398;22/Jul/2026:17:24:30.717221;22/Jul/2026:17:24:30.709910;22/Jul/2026:17:24:30.721498;22/Jul/2026:17:24:30.722089;22/Jul/2026:17:24:31.893145;22/Jul/2026:17:24:30.723708;22/Jul/2026:17:24:30.712596;22/Jul/2026:17:24:30.723177;22/Jul/2026:17:24:30.709540;22/Jul/2026:17:24:28.813018;22/Jul/2026:17:24:31.893691;22/Jul/2026:17:24:33.034905;22/Jul/2026:17:24:33.294592;22/Jul/2026:17:24:30.718788;22/Jul/2026:17:24:30.718617;22/Jul/2026:17:24:30.718760;22/Jul/2026:17:24:32.326267;22/Jul/2026:17:24:30.722854;22/Jul/2026:17:24:33.772769;22/Jul/2026:17:24:30.721613;22/Jul/2026:17:24:24.918672;22/Jul/2026:17:24:20.848722;22/Jul/2026:17:24:30.713869;22/Jul/2026:17:24:30.713927;22/Jul/2026:17:24:30.720560;22/Jul/2026:17:24:32.670350;22/Jul/2026:17:24:32.325128;22/Jul/2026:17:24:15.705462;22/Jul/2026:17:24:31.845851;22/Jul/2026:17:24:30.720620;22/Jul/2026:17:24:30.720734;22/Jul/2026:17:24:31.845935;22/Jul/2026:17:24:34.034624;22/Jul/2026:17:24:31.846344;22/Jul/2026:17:24:30.721081;22/Jul/2026:17:24:32.326422;22/Jul/2026:17:24:31.892882;22/Jul/2026:17:24:30.717999;22/Jul/2026:17:24:22.841239;22/Jul/2026:17:24:32.427263;22/Jul/2026:17:24:34.130956;22/Jul/2026:17:24:30.718140;22/Jul/2026:17:24:31.902920;22/Jul/2026:17:24:19.504951;22/Jul/2026:17:24:19.506181;22/Jul/2026:17:24:33.034256;22/Jul/2026:17:24:32.782272;22/Jul/2026:17:24:31.912754;22/Jul/2026:17:24:20.963788;22/Jul/2026:17:24:34.263658;22/Jul/2026:17:24:30.722294;22/Jul/2026:17:24:30.712536;22/Jul/2026:17:24:21.553927;22/Jul/2026:17:24:19.507869,6.7549;2.5556;2.7001;11.4521;2.7208;12.5405;12.8258;4.5838;1.6147;2.8291;2.8389;2.8427;2.8438;14.0019;12.6700;2.9164;1.1095;13.4835;30.4056;2.9743;12.8654;3.0082;3.0137;3.0755;1.6139;3.1221;3.1306;3.1427;3.1607;3.1784;3.1897;1.7206;0.8882;3.2056;3.2442;3.2429;10.0085;1.7949;13.1484;2.1026;3.2941;16.1095;3.3347;3.3713;3.3672;16.5977;1.6861;6.1063;3.4290;1.3941;27.4844;1.8574;3.6303;3.6806;3.7361;3.7370;2.6271;3.7994;3.8114;3.8075;3.8213;5.7234;2.6592;1.5232;1.2713;3.8522;3.8605;3.8750;2.3005;3.9069;0.8695;3.9223;9.7741;13.8555;4.0409;4.0553;4.0649;2.1177;2.4823;19.1286;3.0007;4.2028;4.2027;3.1215;1.0007;3.1952;4.3276;2.7660;3.2239;4.4050;12.2991;2.7508;1.0499;4.4978;3.3324;15.7329;15.7442;2.2243;2.4783;3.3687;14.3305;1.0311;4.5761;4.6019;13.7785;15.8360,bytes=1168809911-1168922393;bytes=364951444-365141611;bytes=239111117-240014891;bytes=87839551-88745992;bytes=352948512-353842502;bytes=1782387453-1783289925;bytes=1704990817-1705903703;bytes=1664941500-1665069361;bytes=709330376-710223011;bytes=364786456-364873418;bytes=258746982-258854694;bytes=335712585-336613848;bytes=336799861-336888541;bytes=1543008564-1543906326;bytes=1788244411-1788351526;bytes=145507303-145585440;bytes=847689898-848590221;bytes=1608021241-1608897746;bytes=450590286-450738054;bytes=282723703-283630507;bytes=1745182189-1746117439;bytes=291897784-291985303;bytes=450590286-450738054;bytes=360638263-360738146;bytes=741096050-741212233;bytes=98943526-99839544;bytes=40334677-40433976;bytes=130690295-131568698;bytes=417722196-417817752;bytes=412619641-413529452;bytes=145585441-145671251;bytes=745317825-746221053;bytes=928026001-928926360;bytes=487597823-487695244;bytes=133498418-133596014;bytes=336613849-336701983;bytes=546065016-546956971;bytes=741325427-742225898;bytes=1740957939-1741879834;bytes=655192749-655357470;bytes=214087073-214251221;bytes=1130398512-1131299524;bytes=416807683-417722195;bytes=178158114-178336996;bytes=585679501-585771585;bytes=1061589419-1061700987;bytes=817800475-818710051;bytes=1514342521-1515253992;bytes=543794075-544681178;bytes=908256746-909174225;bytes=938056932-938164807;bytes=830943653-831033454;bytes=295837679-295934867;bytes=90102089-90990899;bytes=483842755-483924364;bytes=542008841-542893128;bytes=628886394-629800883;bytes=582091563-582993357;bytes=127379383-128302428;bytes=577614166-577712977;bytes=86918662-87839550;bytes=1623075604-1623171853;bytes=634863718-634955072;bytes=937946309-938056931;bytes=1074215423-1074304773;bytes=357907041-358812543;bytes=355663976-356564851;bytes=357003732-357907040;bytes=800127308-801045268;bytes=555750335-556651999;bytes=1172765519-1172882409;bytes=484820337-485708227;bytes=739065014-739973477;bytes=1739159984-1740059847;bytes=180309114-181218689;bytes=182324487-182485932;bytes=450836345-450930966;bytes=876343105-876447698;bytes=794280908-794388454;bytes=608028695-608958036;bytes=605825045-606037158;bytes=454652304-454740884;bytes=453645825-454542799;bytes=609866794-609961965;bytes=1214129063-1214297948;bytes=614186449-614284664;bytes=462818131-462902767;bytes=802287696-802474179;bytes=626890300-626992406;bytes=340549458-340630873;bytes=291705719-291798571;bytes=825149656-826059436;bytes=1272114331-1272219782;bytes=339651643-340549457;bytes=652133223-653029732;bytes=1505882322-1506796877;bytes=1512539870-1513418447;bytes=930024667-930126250;bytes=905018761-905113119;bytes=716284551-716394143;bytes=1834076349-1834190683;bytes=1352202288-1353132433;bytes=545181817-546065015;bytes=126492676-127379382;bytes=1913111073-1913233495;bytes=1523499286-1523608447,19fcbd3d;2af2a106;54c6f8b2;23bd4581;5d77e1d8;4db50285;e89521a3;1ad40520;67547739;e8cd9d9b;472dfe43;fed4143a;5dd6b8de;6a490bed;fb45e883;5e9ed447;1d33192d;94cd4b31;48f4bb6a;b56817c4;87fc62cb;1c2327c1;72bad120;dc42d1ad;3b4625b6;fc0854c5;9c7da065;f95cbf84;3d3f04e6;f4579e22;b7b1f00b;1bbbc0ae;4de27309;1ccd833b;bc9b5fe6;2cd03155;d8a36f76;486574af;f4b3572b;61399916;ddda7ffc;b7d85d28;5a5b1cf5;5c52c8a2;573bc886;95318607;7700b48b;e8988c7a;6ba6a712;e414dde9;39487575;27e7cdf6;c9f02671;b3dcea7f;d23ef84a;d391635a;1a9842db;b5348e0e;fc06384b;1d5620f0;867857c8;dc4a7d4f;86530472;4ff1b792;84de323e;51328106;e10bdfcd;bd61d303;c61a86de;97cdbe2e;6dea3d84;6d64d19f;949c7252;9443d6ed;1bd73507;4ebccc30;0634b777;df6556cd;8d39bf88;9f7d42e4;23602cd7;ef2bb9bb;7657790b;75fef67c;2a0970ab;147e8e95;5b8c58df;d680746c;8147da3d;53ecdae0;f8cf0402;c8ff8631;22f91b75;d5242349;895b1395;dfd7f194;fbdeb2e1;90c4a6ea;02cbce0c;645a7d62;96bcb80f;88ca5e35;938d9377;9735b68b;2391318f;d02a812c
15,5,255,success,None,22/Jul/2026:17:24:33.266939,22/Jul/2026:17:24:35.506235,2.2393,113,22/Jul/2026:17:24:26.513193;22/Jul/2026:17:24:30.719108;22/Jul/2026:17:24:30.715449;22/Jul/2026:17:24:21.964617;22/Jul/2026:17:24:30.718531;22/Jul/2026:17:24:20.936986;22/Jul/2026:17:24:20.665107;22/Jul/2026:17:24:28.935525;22/Jul/2026:17:24:31.912551;22/Jul/2026:17:24:30.718932;22/Jul/2026:17:24:30.716347;22/Jul/2026:17:24:30.717909;22/Jul/2026:17:24:30.717939;22/Jul/2026:17:24:19.570484;22/Jul/2026:17:24:20.937225;22/Jul/2026:17:24:30.713518;22/Jul/2026:17:24:32.556676;22/Jul/2026:17:24:20.202703;22/Jul/2026:17:24:03.281547;22/Jul/2026:17:24:30.716504;22/Jul/2026:17:24:20.849655;22/Jul/2026:17:24:30.716997;22/Jul/2026:17:24:30.720382;22/Jul/2026:17:24:30.718701;22/Jul/2026:17:24:32.184780;22/Jul/2026:17:24:30.711004;22/Jul/2026:17:24:30.704398;22/Jul/2026:17:24:30.712886;22/Jul/2026:17:24:30.719646;22/Jul/2026:17:24:30.719565;22/Jul/2026:17:24:30.713551;22/Jul/2026:17:24:32.185375;22/Jul/2026:17:24:33.034158;22/Jul/2026:17:24:30.721557;22/Jul/2026:17:24:30.712819;22/Jul/2026:17:24:30.717761;22/Jul/2026:17:24:23.961388;22/Jul/2026:17:24:32.184953;22/Jul/2026:17:24:20.848939;22/Jul/2026:17:24:31.903097;22/Jul/2026:17:24:30.714623;22/Jul/2026:17:24:17.905541;22/Jul/2026:17:24:30.719792;22/Jul/2026:17:24:30.713696;22/Jul/2026:17:24:30.723648;22/Jul/2026:17:24:17.494964;22/Jul/2026:17:24:32.426731;22/Jul/2026:17:24:28.013650;22/Jul/2026:17:24:30.722147;22/Jul/2026:17:24:32.782737;22/Jul/2026:17:24:06.698922;22/Jul/2026:17:24:32.427398;22/Jul/2026:17:24:30.717221;22/Jul/2026:17:24:30.709910;22/Jul/2026:17:24:30.721498;22/Jul/2026:17:24:30.722089;22/Jul/2026:17:24:31.893145;22/Jul/2026:17:24:30.723708;22/Jul/2026:17:24:30.712596;22/Jul/2026:17:24:30.723177;22/Jul/2026:17:24:30.709540;22/Jul/2026:17:24:28.813018;22/Jul/2026:17:24:31.893691;22/Jul/2026:17:24:33.034905;22/Jul/2026:17:24:33.294592;22/Jul/2026:17:24:30.718788;22/Jul/2026:17:24:30.718617;22/Jul/2026:17:24:30.718760;22/Jul/2026:17:24:32.326267;22/Jul/2026:17:24:30.722854;22/Jul/2026:17:24:33.772769;22/Jul/2026:17:24:30.721613;22/Jul/2026:17:24:24.918672;22/Jul/2026:17:24:20.848722;22/Jul/2026:17:24:30.713869;22/Jul/2026:17:24:30.713927;22/Jul/2026:17:24:30.720560;22/Jul/2026:17:24:32.670350;22/Jul/2026:17:24:32.325128;22/Jul/2026:17:24:15.705462;22/Jul/2026:17:24:31.845851;22/Jul/2026:17:24:30.720620;22/Jul/2026:17:24:30.720734;22/Jul/2026:17:24:31.845935;22/Jul/2026:17:24:34.034624;22/Jul/2026:17:24:31.846344;22/Jul/2026:17:24:30.721081;22/Jul/2026:17:24:32.326422;22/Jul/2026:17:24:31.892882;22/Jul/2026:17:24:30.717999;22/Jul/2026:17:24:22.841239;22/Jul/2026:17:24:32.427263;22/Jul/2026:17:24:34.130956;22/Jul/2026:17:24:30.718140;22/Jul/2026:17:24:31.902920;22/Jul/2026:17:24:19.504951;22/Jul/2026:17:24:19.506181;22/Jul/2026:17:24:33.034256;22/Jul/2026:17:24:32.782272;22/Jul/2026:17:24:31.912754;22/Jul/2026:17:24:20.963788;22/Jul/2026:17:24:34.263658;22/Jul/2026:17:24:30.722294;22/Jul/2026:17:24:30.712536;22/Jul/2026:17:24:21.553927;22/Jul/2026:17:24:19.507869;22/Jul/2026:17:24:22.825323;22/Jul/2026:17:24:31.911265;22/Jul/2026:17:24:31.846187;22/Jul/2026:17:24:32.670637;22/Jul/2026:17:24:34.034776;22/Jul/2026:17:24:34.181776;22/Jul/2026:17:24:27.205926,6.7549;2.5556;2.7001;11.4521;2.7208;12.5405;12.8258;4.5838;1.6147;2.8291;2.8389;2.8427;2.8438;14.0019;12.6700;2.9164;1.1095;13.4835;30.4056;2.9743;12.8654;3.0082;3.0137;3.0755;1.6139;3.1221;3.1306;3.1427;3.1607;3.1784;3.1897;1.7206;0.8882;3.2056;3.2442;3.2429;10.0085;1.7949;13.1484;2.1026;3.2941;16.1095;3.3347;3.3713;3.3672;16.5977;1.6861;6.1063;3.4290;1.3941;27.4844;1.8574;3.6303;3.6806;3.7361;3.7370;2.6271;3.7994;3.8114;3.8075;3.8213;5.7234;2.6592;1.5232;1.2713;3.8522;3.8605;3.8750;2.3005;3.9069;0.8695;3.9223;9.7741;13.8555;4.0409;4.0553;4.0649;2.1177;2.4823;19.1286;3.0007;4.2028;4.2027;3.1215;1.0007;3.1952;4.3276;2.7660;3.2239;4.4050;12.2991;2.7508;1.0499;4.4978;3.3324;15.7329;15.7442;2.2243;2.4783;3.3687;14.3305;1.0311;4.5761;4.6019;13.7785;15.8360;12.5485;3.5009;3.5679;2.7688;1.4166;1.2900;8.2751,bytes=1168809911-1168922393;bytes=364951444-365141611;bytes=239111117-240014891;bytes=87839551-88745992;bytes=352948512-353842502;bytes=1782387453-1783289925;bytes=1704990817-1705903703;bytes=1664941500-1665069361;bytes=709330376-710223011;bytes=364786456-364873418;bytes=258746982-258854694;bytes=335712585-336613848;bytes=336799861-336888541;bytes=1543008564-1543906326;bytes=1788244411-1788351526;bytes=145507303-145585440;bytes=847689898-848590221;bytes=1608021241-1608897746;bytes=450590286-450738054;bytes=282723703-283630507;bytes=1745182189-1746117439;bytes=291897784-291985303;bytes=450590286-450738054;bytes=360638263-360738146;bytes=741096050-741212233;bytes=98943526-99839544;bytes=40334677-40433976;bytes=130690295-131568698;bytes=417722196-417817752;bytes=412619641-413529452;bytes=145585441-145671251;bytes=745317825-746221053;bytes=928026001-928926360;bytes=487597823-487695244;bytes=133498418-133596014;bytes=336613849-336701983;bytes=546065016-546956971;bytes=741325427-742225898;bytes=1740957939-1741879834;bytes=655192749-655357470;bytes=214087073-214251221;bytes=1130398512-1131299524;bytes=416807683-417722195;bytes=178158114-178336996;bytes=585679501-585771585;bytes=1061589419-1061700987;bytes=817800475-818710051;bytes=1514342521-1515253992;bytes=543794075-544681178;bytes=908256746-909174225;bytes=938056932-938164807;bytes=830943653-831033454;bytes=295837679-295934867;bytes=90102089-90990899;bytes=483842755-483924364;bytes=542008841-542893128;bytes=628886394-629800883;bytes=582091563-582993357;bytes=127379383-128302428;bytes=577614166-577712977;bytes=86918662-87839550;bytes=1623075604-1623171853;bytes=634863718-634955072;bytes=937946309-938056931;bytes=1074215423-1074304773;bytes=357907041-358812543;bytes=355663976-356564851;bytes=357003732-357907040;bytes=800127308-801045268;bytes=555750335-556651999;bytes=1172765519-1172882409;bytes=484820337-485708227;bytes=739065014-739973477;bytes=1739159984-1740059847;bytes=180309114-181218689;bytes=182324487-182485932;bytes=450836345-450930966;bytes=876343105-876447698;bytes=794280908-794388454;bytes=608028695-608958036;bytes=605825045-606037158;bytes=454652304-454740884;bytes=453645825-454542799;bytes=609866794-609961965;bytes=1214129063-1214297948;bytes=614186449-614284664;bytes=462818131-462902767;bytes=802287696-802474179;bytes=626890300-626992406;bytes=340549458-340630873;bytes=291705719-291798571;bytes=825149656-826059436;bytes=1272114331-1272219782;bytes=339651643-340549457;bytes=652133223-653029732;bytes=1505882322-1506796877;bytes=1512539870-1513418447;bytes=930024667-930126250;bytes=905018761-905113119;bytes=716284551-716394143;bytes=1834076349-1834190683;bytes=1352202288-1353132433;bytes=545181817-546065015;bytes=126492676-127379382;bytes=1913111073-1913233495;bytes=1523499286-1523608447;bytes=213038778-213933941;bytes=696932642-697831249;bytes=608958037-609866793;bytes=880339311-880428846;bytes=1214484453-1215379021;bytes=1295281716-1296181030;bytes=1301026424-1301914000,19fcbd3d;2af2a106;54c6f8b2;23bd4581;5d77e1d8;4db50285;e89521a3;1ad40520;67547739;e8cd9d9b;472dfe43;fed4143a;5dd6b8de;6a490bed;fb45e883;5e9ed447;1d33192d;94cd4b31;48f4bb6a;b56817c4;87fc62cb;1c2327c1;72bad120;dc42d1ad;3b4625b6;fc0854c5;9c7da065;f95cbf84;3d3f04e6;f4579e22;b7b1f00b;1bbbc0ae;4de27309;1ccd833b;bc9b5fe6;2cd03155;d8a36f76;486574af;f4b3572b;61399916;ddda7ffc;b7d85d28;5a5b1cf5;5c52c8a2;573bc886;95318607;7700b48b;e8988c7a;6ba6a712;e414dde9;39487575;27e7cdf6;c9f02671;b3dcea7f;d23ef84a;d391635a;1a9842db;b5348e0e;fc06384b;1d5620f0;867857c8;dc4a7d4f;86530472;4ff1b792;84de323e;51328106;e10bdfcd;bd61d303;c61a86de;97cdbe2e;6dea3d84;6d64d19f;949c7252;9443d6ed;1bd73507;4ebccc30;0634b777;df6556cd;8d39bf88;9f7d42e4;23602cd7;ef2bb9bb;7657790b;75fef67c;2a0970ab;147e8e95;5b8c58df;d680746c;8147da3d;53ecdae0;f8cf0402;c8ff8631;22f91b75;d5242349;895b1395;dfd7f194;fbdeb2e1;90c4a6ea;02cbce0c;645a7d62;96bcb80f;88ca5e35;938d9377;9735b68b;2391318f;d02a812c;d8221f84;cede1254;01fdcf0f;338507cf;2c76aa74;512d490f;93e1808a
15,5,261,success,None,22/Jul/2026:17:24:33.293361,22/Jul/2026:17:24:35.690244,2.3969,127,22/Jul/2026:17:24:30.715449;22/Jul/2026:17:24:21.964617;22/Jul/2026:17:24:30.718531;22/Jul/2026:17:24:20.936986;22/Jul/2026:17:24:20.665107;22/Jul/2026:17:24:28.935525;22/Jul/2026:17:24:31.912551;22/Jul/2026:17:24:30.718932;22/Jul/2026:17:24:30.716347;22/Jul/2026:17:24:30.717909;22/Jul/2026:17:24:30.717939;22/Jul/2026:17:24:19.570484;22/Jul/2026:17:24:20.937225;22/Jul/2026:17:24:30.713518;22/Jul/2026:17:24:32.556676;22/Jul/2026:17:24:20.202703;22/Jul/2026:17:24:03.281547;22/Jul/2026:17:24:30.716504;22/Jul/2026:17:24:20.849655;22/Jul/2026:17:24:30.716997;22/Jul/2026:17:24:30.720382;22/Jul/2026:17:24:30.718701;22/Jul/2026:17:24:32.184780;22/Jul/2026:17:24:30.711004;22/Jul/2026:17:24:30.704398;22/Jul/2026:17:24:30.712886;22/Jul/2026:17:24:30.719646;22/Jul/2026:17:24:30.719565;22/Jul/2026:17:24:30.713551;22/Jul/2026:17:24:32.185375;22/Jul/2026:17:24:33.034158;22/Jul/2026:17:24:30.721557;22/Jul/2026:17:24:30.712819;22/Jul/2026:17:24:30.717761;22/Jul/2026:17:24:23.961388;22/Jul/2026:17:24:32.184953;22/Jul/2026:17:24:20.848939;22/Jul/2026:17:24:31.903097;22/Jul/2026:17:24:30.714623;22/Jul/2026:17:24:17.905541;22/Jul/2026:17:24:30.719792;22/Jul/2026:17:24:30.713696;22/Jul/2026:17:24:30.723648;22/Jul/2026:17:24:17.494964;22/Jul/2026:17:24:32.426731;22/Jul/2026:17:24:28.013650;22/Jul/2026:17:24:30.722147;22/Jul/2026:17:24:32.782737;22/Jul/2026:17:24:06.698922;22/Jul/2026:17:24:32.427398;22/Jul/2026:17:24:30.717221;22/Jul/2026:17:24:30.709910;22/Jul/2026:17:24:30.721498;22/Jul/2026:17:24:30.722089;22/Jul/2026:17:24:31.893145;22/Jul/2026:17:24:30.723708;22/Jul/2026:17:24:30.712596;22/Jul/2026:17:24:30.723177;22/Jul/2026:17:24:30.709540;22/Jul/2026:17:24:28.813018;22/Jul/2026:17:24:31.893691;22/Jul/2026:17:24:33.034905;22/Jul/2026:17:24:33.294592;22/Jul/2026:17:24:30.718788;22/Jul/2026:17:24:30.718617;22/Jul/2026:17:24:30.718760;22/Jul/2026:17:24:32.326267;22/Jul/2026:17:24:30.722854;22/Jul/2026:17:24:33.772769;22/Jul/2026:17:24:30.721613;22/Jul/2026:17:24:24.918672;22/Jul/2026:17:24:20.848722;22/Jul/2026:17:24:30.713869;22/Jul/2026:17:24:30.713927;22/Jul/2026:17:24:30.720560;22/Jul/2026:17:24:32.670350;22/Jul/2026:17:24:32.325128;22/Jul/2026:17:24:15.705462;22/Jul/2026:17:24:31.845851;22/Jul/2026:17:24:30.720620;22/Jul/2026:17:24:30.720734;22/Jul/2026:17:24:31.845935;22/Jul/2026:17:24:34.034624;22/Jul/2026:17:24:31.846344;22/Jul/2026:17:24:30.721081;22/Jul/2026:17:24:32.326422;22/Jul/2026:17:24:31.892882;22/Jul/2026:17:24:30.717999;22/Jul/2026:17:24:22.841239;22/Jul/2026:17:24:32.427263;22/Jul/2026:17:24:34.130956;22/Jul/2026:17:24:30.718140;22/Jul/2026:17:24:31.902920;22/Jul/2026:17:24:19.504951;22/Jul/2026:17:24:19.506181;22/Jul/2026:17:24:33.034256;22/Jul/2026:17:24:32.782272;22/Jul/2026:17:24:31.912754;22/Jul/2026:17:24:20.963788;22/Jul/2026:17:24:34.263658;22/Jul/2026:17:24:30.722294;22/Jul/2026:17:24:30.712536;22/Jul/2026:17:24:21.553927;22/Jul/2026:17:24:19.507869;22/Jul/2026:17:24:22.825323;22/Jul/2026:17:24:31.911265;22/Jul/2026:17:24:31.846187;22/Jul/2026:17:24:32.670637;22/Jul/2026:17:24:34.034776;22/Jul/2026:17:24:34.181776;22/Jul/2026:17:24:27.205926;22/Jul/2026:17:24:32.670531;22/Jul/2026:17:24:33.253133;22/Jul/2026:17:24:30.720206;22/Jul/2026:17:24:30.721109;22/Jul/2026:17:24:32.782153;22/Jul/2026:17:24:30.707480;22/Jul/2026:17:24:28.994584;22/Jul/2026:17:24:30.716905;22/Jul/2026:17:24:30.721229;22/Jul/2026:17:24:32.557155;22/Jul/2026:17:24:31.903523;22/Jul/2026:17:24:32.326596;22/Jul/2026:17:24:29.804999;22/Jul/2026:17:24:31.903354;22/Jul/2026:17:24:31.892741;22/Jul/2026:17:24:33.269543,2.7001;11.4521;2.7208;12.5405;12.8258;4.5838;1.6147;2.8291;2.8389;2.8427;2.8438;14.0019;12.6700;2.9164;1.1095;13.4835;30.4056;2.9743;12.8654;3.0082;3.0137;3.0755;1.6139;3.1221;3.1306;3.1427;3.1607;3.1784;3.1897;1.7206;0.8882;3.2056;3.2442;3.2429;10.0085;1.7949;13.1484;2.1026;3.2941;16.1095;3.3347;3.3713;3.3672;16.5977;1.6861;6.1063;3.4290;1.3941;27.4844;1.8574;3.6303;3.6806;3.7361;3.7370;2.6271;3.7994;3.8114;3.8075;3.8213;5.7234;2.6592;1.5232;1.2713;3.8522;3.8605;3.8750;2.3005;3.9069;0.8695;3.9223;9.7741;13.8555;4.0409;4.0553;4.0649;2.1177;2.4823;19.1286;3.0007;4.2028;4.2027;3.1215;1.0007;3.1952;4.3276;2.7660;3.2239;4.4050;12.2991;2.7508;1.0499;4.4978;3.3324;15.7329;15.7442;2.2243;2.4783;3.3687;14.3305;1.0311;4.5761;4.6019;13.7785;15.8360;12.5485;3.5009;3.5679;2.7688;1.4166;1.2900;8.2751;2.8448;2.2726;4.8363;4.8374;2.7824;4.8719;6.5901;4.8753;4.8713;3.0411;3.7082;3.2932;5.8153;3.7624;3.7843;2.4170,bytes=239111117-240014891;bytes=87839551-88745992;bytes=352948512-353842502;bytes=1782387453-1783289925;bytes=1704990817-1705903703;bytes=1664941500-1665069361;bytes=709330376-710223011;bytes=364786456-364873418;bytes=258746982-258854694;bytes=335712585-336613848;bytes=336799861-336888541;bytes=1543008564-1543906326;bytes=1788244411-1788351526;bytes=145507303-145585440;bytes=847689898-848590221;bytes=1608021241-1608897746;bytes=450590286-450738054;bytes=282723703-283630507;bytes=1745182189-1746117439;bytes=291897784-291985303;bytes=450590286-450738054;bytes=360638263-360738146;bytes=741096050-741212233;bytes=98943526-99839544;bytes=40334677-40433976;bytes=130690295-131568698;bytes=417722196-417817752;bytes=412619641-413529452;bytes=145585441-145671251;bytes=745317825-746221053;bytes=928026001-928926360;bytes=487597823-487695244;bytes=133498418-133596014;bytes=336613849-336701983;bytes=546065016-546956971;bytes=741325427-742225898;bytes=1740957939-1741879834;bytes=655192749-655357470;bytes=214087073-214251221;bytes=1130398512-1131299524;bytes=416807683-417722195;bytes=178158114-178336996;bytes=585679501-585771585;bytes=1061589419-1061700987;bytes=817800475-818710051;bytes=1514342521-1515253992;bytes=543794075-544681178;bytes=908256746-909174225;bytes=938056932-938164807;bytes=830943653-831033454;bytes=295837679-295934867;bytes=90102089-90990899;bytes=483842755-483924364;bytes=542008841-542893128;bytes=628886394-629800883;bytes=582091563-582993357;bytes=127379383-128302428;bytes=577614166-577712977;bytes=86918662-87839550;bytes=1623075604-1623171853;bytes=634863718-634955072;bytes=937946309-938056931;bytes=1074215423-1074304773;bytes=357907041-358812543;bytes=355663976-356564851;bytes=357003732-357907040;bytes=800127308-801045268;bytes=555750335-556651999;bytes=1172765519-1172882409;bytes=484820337-485708227;bytes=739065014-739973477;bytes=1739159984-1740059847;bytes=180309114-181218689;bytes=182324487-182485932;bytes=450836345-450930966;bytes=876343105-876447698;bytes=794280908-794388454;bytes=608028695-608958036;bytes=605825045-606037158;bytes=454652304-454740884;bytes=453645825-454542799;bytes=609866794-609961965;bytes=1214129063-1214297948;bytes=614186449-614284664;bytes=462818131-462902767;bytes=802287696-802474179;bytes=626890300-626992406;bytes=340549458-340630873;bytes=291705719-291798571;bytes=825149656-826059436;bytes=1272114331-1272219782;bytes=339651643-340549457;bytes=652133223-653029732;bytes=1505882322-1506796877;bytes=1512539870-1513418447;bytes=930024667-930126250;bytes=905018761-905113119;bytes=716284551-716394143;bytes=1834076349-1834190683;bytes=1352202288-1353132433;bytes=545181817-546065015;bytes=126492676-127379382;bytes=1913111073-1913233495;bytes=1523499286-1523608447;bytes=213038778-213933941;bytes=696932642-697831249;bytes=608958037-609866793;bytes=880339311-880428846;bytes=1214484453-1215379021;bytes=1295281716-1296181030;bytes=1301026424-1301914000;bytes=875440181-876343104;bytes=986029238-986922112;bytes=443657332-444537942;bytes=475861054-476764725;bytes=900904259-901089236;bytes=56567130-57460713;bytes=1771135507-1772038181;bytes=289013214-289896582;bytes=479677043-479803259;bytes=855671366-855866604;bytes=660448533-661337988;bytes=803368537-804259728;bytes=1845259424-1846166279;bytes=659151290-659347481;bytes=624857988-625779421;bytes=1061589419-1061700987,54c6f8b2;23bd4581;5d77e1d8;4db50285;e89521a3;1ad40520;67547739;e8cd9d9b;472dfe43;fed4143a;5dd6b8de;6a490bed;fb45e883;5e9ed447;1d33192d;94cd4b31;48f4bb6a;b56817c4;87fc62cb;1c2327c1;72bad120;dc42d1ad;3b4625b6;fc0854c5;9c7da065;f95cbf84;3d3f04e6;f4579e22;b7b1f00b;1bbbc0ae;4de27309;1ccd833b;bc9b5fe6;2cd03155;d8a36f76;486574af;f4b3572b;61399916;ddda7ffc;b7d85d28;5a5b1cf5;5c52c8a2;573bc886;95318607;7700b48b;e8988c7a;6ba6a712;e414dde9;39487575;27e7cdf6;c9f02671;b3dcea7f;d23ef84a;d391635a;1a9842db;b5348e0e;fc06384b;1d5620f0;867857c8;dc4a7d4f;86530472;4ff1b792;84de323e;51328106;e10bdfcd;bd61d303;c61a86de;97cdbe2e;6dea3d84;6d64d19f;949c7252;9443d6ed;1bd73507;4ebccc30;0634b777;df6556cd;8d39bf88;9f7d42e4;23602cd7;ef2bb9bb;7657790b;75fef67c;2a0970ab;147e8e95;5b8c58df;d680746c;8147da3d;53ecdae0;f8cf0402;c8ff8631;22f91b75;d5242349;895b1395;dfd7f194;fbdeb2e1;90c4a6ea;02cbce0c;645a7d62;96bcb80f;88ca5e35;938d9377;9735b68b;2391318f;d02a812c;d8221f84;cede1254;01fdcf0f;338507cf;2c76aa74;512d490f;93e1808a;e8907b9d;6e22a9de;d3e868a9;470fe06a;e66958d9;435fb296;ac638704;c7c338ca;874a58f7;7deaad43;594f97eb;2cb9d0a2;adcf6b10;a46c05f2;ffc9ee00;c1e9aeee
15,5,275,success,None,22/Jul/2026:17:24:33.524580,22/Jul/2026:17:24:35.708834,2.1842,122,22/Jul/2026:17:24:31.912551;22/Jul/2026:17:24:30.718932;22/Jul/2026:17:24:30.716347;22/Jul/2026:17:24:30.717909;22/Jul/2026:17:24:30.717939;22/Jul/2026:17:24:19.570484;22/Jul/2026:17:24:20.937225;22/Jul/2026:17:24:30.713518;22/Jul/2026:17:24:32.556676;22/Jul/2026:17:24:20.202703;22/Jul/2026:17:24:03.281547;22/Jul/2026:17:24:30.716504;22/Jul/2026:17:24:20.849655;22/Jul/2026:17:24:30.716997;22/Jul/2026:17:24:30.720382;22/Jul/2026:17:24:30.718701;22/Jul/2026:17:24:32.184780;22/Jul/2026:17:24:30.711004;22/Jul/2026:17:24:30.704398;22/Jul/2026:17:24:30.712886;22/Jul/2026:17:24:30.719646;22/Jul/2026:17:24:30.719565;22/Jul/2026:17:24:30.713551;22/Jul/2026:17:24:32.185375;22/Jul/2026:17:24:33.034158;22/Jul/2026:17:24:30.721557;22/Jul/2026:17:24:30.712819;22/Jul/2026:17:24:30.717761;22/Jul/2026:17:24:23.961388;22/Jul/2026:17:24:32.184953;22/Jul/2026:17:24:20.848939;22/Jul/2026:17:24:31.903097;22/Jul/2026:17:24:30.714623;22/Jul/2026:17:24:17.905541;22/Jul/2026:17:24:30.719792;22/Jul/2026:17:24:30.713696;22/Jul/2026:17:24:30.723648;22/Jul/2026:17:24:17.494964;22/Jul/2026:17:24:32.426731;22/Jul/2026:17:24:28.013650;22/Jul/2026:17:24:30.722147;22/Jul/2026:17:24:32.782737;22/Jul/2026:17:24:06.698922;22/Jul/2026:17:24:32.427398;22/Jul/2026:17:24:30.717221;22/Jul/2026:17:24:30.709910;22/Jul/2026:17:24:30.721498;22/Jul/2026:17:24:30.722089;22/Jul/2026:17:24:31.893145;22/Jul/2026:17:24:30.723708;22/Jul/2026:17:24:30.712596;22/Jul/2026:17:24:30.723177;22/Jul/2026:17:24:30.709540;22/Jul/2026:17:24:28.813018;22/Jul/2026:17:24:31.893691;22/Jul/2026:17:24:33.034905;22/Jul/2026:17:24:33.294592;22/Jul/2026:17:24:30.718788;22/Jul/2026:17:24:30.718617;22/Jul/2026:17:24:30.718760;22/Jul/2026:17:24:32.326267;22/Jul/2026:17:24:30.722854;22/Jul/2026:17:24:33.772769;22/Jul/2026:17:24:30.721613;22/Jul/2026:17:24:24.918672;22/Jul/2026:17:24:20.848722;22/Jul/2026:17:24:30.713869;22/Jul/2026:17:24:30.713927;22/Jul/2026:17:24:30.720560;22/Jul/2026:17:24:32.670350;22/Jul/2026:17:24:32.325128;22/Jul/2026:17:24:15.705462;22/Jul/2026:17:24:31.845851;22/Jul/2026:17:24:30.720620;22/Jul/2026:17:24:30.720734;22/Jul/2026:17:24:31.845935;22/Jul/2026:17:24:34.034624;22/Jul/2026:17:24:31.846344;22/Jul/2026:17:24:30.721081;22/Jul/2026:17:24:32.326422;22/Jul/2026:17:24:31.892882;22/Jul/2026:17:24:30.717999;22/Jul/2026:17:24:22.841239;22/Jul/2026:17:24:32.427263;22/Jul/2026:17:24:34.130956;22/Jul/2026:17:24:30.718140;22/Jul/2026:17:24:31.902920;22/Jul/2026:17:24:19.504951;22/Jul/2026:17:24:19.506181;22/Jul/2026:17:24:33.034256;22/Jul/2026:17:24:32.782272;22/Jul/2026:17:24:31.912754;22/Jul/2026:17:24:20.963788;22/Jul/2026:17:24:34.263658;22/Jul/2026:17:24:30.722294;22/Jul/2026:17:24:30.712536;22/Jul/2026:17:24:21.553927;22/Jul/2026:17:24:19.507869;22/Jul/2026:17:24:22.825323;22/Jul/2026:17:24:31.911265;22/Jul/2026:17:24:31.846187;22/Jul/2026:17:24:32.670637;22/Jul/2026:17:24:34.034776;22/Jul/2026:17:24:34.181776;22/Jul/2026:17:24:27.205926;22/Jul/2026:17:24:32.670531;22/Jul/2026:17:24:33.253133;22/Jul/2026:17:24:30.720206;22/Jul/2026:17:24:30.721109;22/Jul/2026:17:24:32.782153;22/Jul/2026:17:24:30.707480;22/Jul/2026:17:24:28.994584;22/Jul/2026:17:24:30.716905;22/Jul/2026:17:24:30.721229;22/Jul/2026:17:24:32.557155;22/Jul/2026:17:24:31.903523;22/Jul/2026:17:24:32.326596;22/Jul/2026:17:24:29.804999;22/Jul/2026:17:24:31.903354;22/Jul/2026:17:24:31.892741;22/Jul/2026:17:24:33.269543;22/Jul/2026:17:24:30.716203,1.6147;2.8291;2.8389;2.8427;2.8438;14.0019;12.6700;2.9164;1.1095;13.4835;30.4056;2.9743;12.8654;3.0082;3.0137;3.0755;1.6139;3.1221;3.1306;3.1427;3.1607;3.1784;3.1897;1.7206;0.8882;3.2056;3.2442;3.2429;10.0085;1.7949;13.1484;2.1026;3.2941;16.1095;3.3347;3.3713;3.3672;16.5977;1.6861;6.1063;3.4290;1.3941;27.4844;1.8574;3.6303;3.6806;3.7361;3.7370;2.6271;3.7994;3.8114;3.8075;3.8213;5.7234;2.6592;1.5232;1.2713;3.8522;3.8605;3.8750;2.3005;3.9069;0.8695;3.9223;9.7741;13.8555;4.0409;4.0553;4.0649;2.1177;2.4823;19.1286;3.0007;4.2028;4.2027;3.1215;1.0007;3.1952;4.3276;2.7660;3.2239;4.4050;12.2991;2.7508;1.0499;4.4978;3.3324;15.7329;15.7442;2.2243;2.4783;3.3687;14.3305;1.0311;4.5761;4.6019;13.7785;15.8360;12.5485;3.5009;3.5679;2.7688;1.4166;1.2900;8.2751;2.8448;2.2726;4.8363;4.8374;2.7824;4.8719;6.5901;4.8753;4.8713;3.0411;3.7082;3.2932;5.8153;3.7624;3.7843;2.4170;4.9801,bytes=709330376-710223011;bytes=364786456-364873418;bytes=258746982-258854694;bytes=335712585-336613848;bytes=336799861-336888541;bytes=1543008564-1543906326;bytes=1788244411-1788351526;bytes=145507303-145585440;bytes=847689898-848590221;bytes=1608021241-1608897746;bytes=450590286-450738054;bytes=282723703-283630507;bytes=1745182189-1746117439;bytes=291897784-291985303;bytes=450590286-450738054;bytes=360638263-360738146;bytes=741096050-741212233;bytes=98943526-99839544;bytes=40334677-40433976;bytes=130690295-131568698;bytes=417722196-417817752;bytes=412619641-413529452;bytes=145585441-145671251;bytes=745317825-746221053;bytes=928026001-928926360;bytes=487597823-487695244;bytes=133498418-133596014;bytes=336613849-336701983;bytes=546065016-546956971;bytes=741325427-742225898;bytes=1740957939-1741879834;bytes=655192749-655357470;bytes=214087073-214251221;bytes=1130398512-1131299524;bytes=416807683-417722195;bytes=178158114-178336996;bytes=585679501-585771585;bytes=1061589419-1061700987;bytes=817800475-818710051;bytes=1514342521-1515253992;bytes=543794075-544681178;bytes=908256746-909174225;bytes=938056932-938164807;bytes=830943653-831033454;bytes=295837679-295934867;bytes=90102089-90990899;bytes=483842755-483924364;bytes=542008841-542893128;bytes=628886394-629800883;bytes=582091563-582993357;bytes=127379383-128302428;bytes=577614166-577712977;bytes=86918662-87839550;bytes=1623075604-1623171853;bytes=634863718-634955072;bytes=937946309-938056931;bytes=1074215423-1074304773;bytes=357907041-358812543;bytes=355663976-356564851;bytes=357003732-357907040;bytes=800127308-801045268;bytes=555750335-556651999;bytes=1172765519-1172882409;bytes=484820337-485708227;bytes=739065014-739973477;bytes=1739159984-1740059847;bytes=180309114-181218689;bytes=182324487-182485932;bytes=450836345-450930966;bytes=876343105-876447698;bytes=794280908-794388454;bytes=608028695-608958036;bytes=605825045-606037158;bytes=454652304-454740884;bytes=453645825-454542799;bytes=609866794-609961965;bytes=1214129063-1214297948;bytes=614186449-614284664;bytes=462818131-462902767;bytes=802287696-802474179;bytes=626890300-626992406;bytes=340549458-340630873;bytes=291705719-291798571;bytes=825149656-826059436;bytes=1272114331-1272219782;bytes=339651643-340549457;bytes=652133223-653029732;bytes=1505882322-1506796877;bytes=1512539870-1513418447;bytes=930024667-930126250;bytes=905018761-905113119;bytes=716284551-716394143;bytes=1834076349-1834190683;bytes=1352202288-1353132433;bytes=545181817-546065015;bytes=126492676-127379382;bytes=1913111073-1913233495;bytes=1523499286-1523608447;bytes=213038778-213933941;bytes=696932642-697831249;bytes=608958037-609866793;bytes=880339311-880428846;bytes=1214484453-1215379021;bytes=1295281716-1296181030;bytes=1301026424-1301914000;bytes=875440181-876343104;bytes=986029238-986922112;bytes=443657332-444537942;bytes=475861054-476764725;bytes=900904259-901089236;bytes=56567130-57460713;bytes=1771135507-1772038181;bytes=289013214-289896582;bytes=479677043-479803259;bytes=855671366-855866604;bytes=660448533-661337988;bytes=803368537-804259728;bytes=1845259424-1846166279;bytes=659151290-659347481;bytes=624857988-625779421;bytes=1061589419-1061700987;bytes=252035495-252924192,67547739;e8cd9d9b;472dfe43;fed4143a;5dd6b8de;6a490bed;fb45e883;5e9ed447;1d33192d;94cd4b31;48f4bb6a;b56817c4;87fc62cb;1c2327c1;72bad120;dc42d1ad;3b4625b6;fc0854c5;9c7da065;f95cbf84;3d3f04e6;f4579e22;b7b1f00b;1bbbc0ae;4de27309;1ccd833b;bc9b5fe6;2cd03155;d8a36f76;486574af;f4b3572b;61399916;ddda7ffc;b7d85d28;5a5b1cf5;5c52c8a2;573bc886;95318607;7700b48b;e8988c7a;6ba6a712;e414dde9;39487575;27e7cdf6;c9f02671;b3dcea7f;d23ef84a;d391635a;1a9842db;b5348e0e;fc06384b;1d5620f0;867857c8;dc4a7d4f;86530472;4ff1b792;84de323e;51328106;e10bdfcd;bd61d303;c61a86de;97cdbe2e;6dea3d84;6d64d19f;949c7252;9443d6ed;1bd73507;4ebccc30;0634b777;df6556cd;8d39bf88;9f7d42e4;23602cd7;ef2bb9bb;7657790b;75fef67c;2a0970ab;147e8e95;5b8c58df;d680746c;8147da3d;53ecdae0;f8cf0402;c8ff8631;22f91b75;d5242349;895b1395;dfd7f194;fbdeb2e1;90c4a6ea;02cbce0c;645a7d62;96bcb80f;88ca5e35;938d9377;9735b68b;2391318f;d02a812c;d8221f84;cede1254;01fdcf0f;338507cf;2c76aa74;512d490f;93e1808a;e8907b9d;6e22a9de;d3e868a9;470fe06a;e66958d9;435fb296;ac638704;c7c338ca;874a58f7;7deaad43;594f97eb;2cb9d0a2;adcf6b10;a46c05f2;ffc9ee00;c1e9aeee;1fb85815
15,5,282,success,None,22/Jul/2026:17:24:33.770321,22/Jul/2026:17:24:35.755803,1.9855,109,22/Jul/2026:17:24:30.718701;22/Jul/2026:17:24:32.184780;22/Jul/2026:17:24:30.711004;22/Jul/2026:17:24:30.704398;22/Jul/2026:17:24:30.712886;22/Jul/2026:17:24:30.719646;22/Jul/2026:17:24:30.719565;22/Jul/2026:17:24:30.713551;22/Jul/2026:17:24:32.185375;22/Jul/2026:17:24:33.034158;22/Jul/2026:17:24:30.721557;22/Jul/2026:17:24:30.712819;22/Jul/2026:17:24:30.717761;22/Jul/2026:17:24:23.961388;22/Jul/2026:17:24:32.184953;22/Jul/2026:17:24:20.848939;22/Jul/2026:17:24:31.903097;22/Jul/2026:17:24:30.714623;22/Jul/2026:17:24:17.905541;22/Jul/2026:17:24:30.719792;22/Jul/2026:17:24:30.713696;22/Jul/2026:17:24:30.723648;22/Jul/2026:17:24:17.494964;22/Jul/2026:17:24:32.426731;22/Jul/2026:17:24:28.013650;22/Jul/2026:17:24:30.722147;22/Jul/2026:17:24:32.782737;22/Jul/2026:17:24:06.698922;22/Jul/2026:17:24:32.427398;22/Jul/2026:17:24:30.717221;22/Jul/2026:17:24:30.709910;22/Jul/2026:17:24:30.721498;22/Jul/2026:17:24:30.722089;22/Jul/2026:17:24:31.893145;22/Jul/2026:17:24:30.723708;22/Jul/2026:17:24:30.712596;22/Jul/2026:17:24:30.723177;22/Jul/2026:17:24:30.709540;22/Jul/2026:17:24:28.813018;22/Jul/2026:17:24:31.893691;22/Jul/2026:17:24:33.034905;22/Jul/2026:17:24:33.294592;22/Jul/2026:17:24:30.718788;22/Jul/2026:17:24:30.718617;22/Jul/2026:17:24:30.718760;22/Jul/2026:17:24:32.326267;22/Jul/2026:17:24:30.722854;22/Jul/2026:17:24:33.772769;22/Jul/2026:17:24:30.721613;22/Jul/2026:17:24:24.918672;22/Jul/2026:17:24:20.848722;22/Jul/2026:17:24:30.713869;22/Jul/2026:17:24:30.713927;22/Jul/2026:17:24:30.720560;22/Jul/2026:17:24:32.670350;22/Jul/2026:17:24:32.325128;22/Jul/2026:17:24:15.705462;22/Jul/2026:17:24:31.845851;22/Jul/2026:17:24:30.720620;22/Jul/2026:17:24:30.720734;22/Jul/2026:17:24:31.845935;22/Jul/2026:17:24:34.034624;22/Jul/2026:17:24:31.846344;22/Jul/2026:17:24:30.721081;22/Jul/2026:17:24:32.326422;22/Jul/2026:17:24:31.892882;22/Jul/2026:17:24:30.717999;22/Jul/2026:17:24:22.841239;22/Jul/2026:17:24:32.427263;22/Jul/2026:17:24:34.130956;22/Jul/2026:17:24:30.718140;22/Jul/2026:17:24:31.902920;22/Jul/2026:17:24:19.504951;22/Jul/2026:17:24:19.506181;22/Jul/2026:17:24:33.034256;22/Jul/2026:17:24:32.782272;22/Jul/2026:17:24:31.912754;22/Jul/2026:17:24:20.963788;22/Jul/2026:17:24:34.263658;22/Jul/2026:17:24:30.722294;22/Jul/2026:17:24:30.712536;22/Jul/2026:17:24:21.553927;22/Jul/2026:17:24:19.507869;22/Jul/2026:17:24:22.825323;22/Jul/2026:17:24:31.911265;22/Jul/2026:17:24:31.846187;22/Jul/2026:17:24:32.670637;22/Jul/2026:17:24:34.034776;22/Jul/2026:17:24:34.181776;22/Jul/2026:17:24:27.205926;22/Jul/2026:17:24:32.670531;22/Jul/2026:17:24:33.253133;22/Jul/2026:17:24:30.720206;22/Jul/2026:17:24:30.721109;22/Jul/2026:17:24:32.782153;22/Jul/2026:17:24:30.707480;22/Jul/2026:17:24:28.994584;22/Jul/2026:17:24:30.716905;22/Jul/2026:17:24:30.721229;22/Jul/2026:17:24:32.557155;22/Jul/2026:17:24:31.903523;22/Jul/2026:17:24:32.326596;22/Jul/2026:17:24:29.804999;22/Jul/2026:17:24:31.903354;22/Jul/2026:17:24:31.892741;22/Jul/2026:17:24:33.269543;22/Jul/2026:17:24:30.716203;22/Jul/2026:17:24:31.845773;22/Jul/2026:17:24:32.556396,3.0755;1.6139;3.1221;3.1306;3.1427;3.1607;3.1784;3.1897;1.7206;0.8882;3.2056;3.2442;3.2429;10.0085;1.7949;13.1484;2.1026;3.2941;16.1095;3.3347;3.3713;3.3672;16.5977;1.6861;6.1063;3.4290;1.3941;27.4844;1.8574;3.6303;3.6806;3.7361;3.7370;2.6271;3.7994;3.8114;3.8075;3.8213;5.7234;2.6592;1.5232;1.2713;3.8522;3.8605;3.8750;2.3005;3.9069;0.8695;3.9223;9.7741;13.8555;4.0409;4.0553;4.0649;2.1177;2.4823;19.1286;3.0007;4.2028;4.2027;3.1215;1.0007;3.1952;4.3276;2.7660;3.2239;4.4050;12.2991;2.7508;1.0499;4.4978;3.3324;15.7329;15.7442;2.2243;2.4783;3.3687;14.3305;1.0311;4.5761;4.6019;13.7785;15.8360;12.5485;3.5009;3.5679;2.7688;1.4166;1.2900;8.2751;2.8448;2.2726;4.8363;4.8374;2.7824;4.8719;6.5901;4.8753;4.8713;3.0411;3.7082;3.2932;5.8153;3.7624;3.7843;2.4170;4.9801;3.8896;3.1802,bytes=360638263-360738146;bytes=741096050-741212233;bytes=98943526-99839544;bytes=40334677-40433976;bytes=130690295-131568698;bytes=417722196-417817752;bytes=412619641-413529452;bytes=145585441-145671251;bytes=745317825-746221053;bytes=928026001-928926360;bytes=487597823-487695244;bytes=133498418-133596014;bytes=336613849-336701983;bytes=546065016-546956971;bytes=741325427-742225898;bytes=1740957939-1741879834;bytes=655192749-655357470;bytes=214087073-214251221;bytes=1130398512-1131299524;bytes=416807683-417722195;bytes=178158114-178336996;bytes=585679501-585771585;bytes=1061589419-1061700987;bytes=817800475-818710051;bytes=1514342521-1515253992;bytes=543794075-544681178;bytes=908256746-909174225;bytes=938056932-938164807;bytes=830943653-831033454;bytes=295837679-295934867;bytes=90102089-90990899;bytes=483842755-483924364;bytes=542008841-542893128;bytes=628886394-629800883;bytes=582091563-582993357;bytes=127379383-128302428;bytes=577614166-577712977;bytes=86918662-87839550;bytes=1623075604-1623171853;bytes=634863718-634955072;bytes=937946309-938056931;bytes=1074215423-1074304773;bytes=357907041-358812543;bytes=355663976-356564851;bytes=357003732-357907040;bytes=800127308-801045268;bytes=555750335-556651999;bytes=1172765519-1172882409;bytes=484820337-485708227;bytes=739065014-739973477;bytes=1739159984-1740059847;bytes=180309114-181218689;bytes=182324487-182485932;bytes=450836345-450930966;bytes=876343105-876447698;bytes=794280908-794388454;bytes=608028695-608958036;bytes=605825045-606037158;bytes=454652304-454740884;bytes=453645825-454542799;bytes=609866794-609961965;bytes=1214129063-1214297948;bytes=614186449-614284664;bytes=462818131-462902767;bytes=802287696-802474179;bytes=626890300-626992406;bytes=340549458-340630873;bytes=291705719-291798571;bytes=825149656-826059436;bytes=1272114331-1272219782;bytes=339651643-340549457;bytes=652133223-653029732;bytes=1505882322-1506796877;bytes=1512539870-1513418447;bytes=930024667-930126250;bytes=905018761-905113119;bytes=716284551-716394143;bytes=1834076349-1834190683;bytes=1352202288-1353132433;bytes=545181817-546065015;bytes=126492676-127379382;bytes=1913111073-1913233495;bytes=1523499286-1523608447;bytes=213038778-213933941;bytes=696932642-697831249;bytes=608958037-609866793;bytes=880339311-880428846;bytes=1214484453-1215379021;bytes=1295281716-1296181030;bytes=1301026424-1301914000;bytes=875440181-876343104;bytes=986029238-986922112;bytes=443657332-444537942;bytes=475861054-476764725;bytes=900904259-901089236;bytes=56567130-57460713;bytes=1771135507-1772038181;bytes=289013214-289896582;bytes=479677043-479803259;bytes=855671366-855866604;bytes=660448533-661337988;bytes=803368537-804259728;bytes=1845259424-1846166279;bytes=659151290-659347481;bytes=624857988-625779421;bytes=1061589419-1061700987;bytes=252035495-252924192;bytes=603846199-604764782;bytes=846405018-847301304,dc42d1ad;3b4625b6;fc0854c5;9c7da065;f95cbf84;3d3f04e6;f4579e22;b7b1f00b;1bbbc0ae;4de27309;1ccd833b;bc9b5fe6;2cd03155;d8a36f76;486574af;f4b3572b;61399916;ddda7ffc;b7d85d28;5a5b1cf5;5c52c8a2;573bc886;95318607;7700b48b;e8988c7a;6ba6a712;e414dde9;39487575;27e7cdf6;c9f02671;b3dcea7f;d23ef84a;d391635a;1a9842db;b5348e0e;fc06384b;1d5620f0;867857c8;dc4a7d4f;86530472;4ff1b792;84de323e;51328106;e10bdfcd;bd61d303;c61a86de;97cdbe2e;6dea3d84;6d64d19f;949c7252;9443d6ed;1bd73507;4ebccc30;0634b777;df6556cd;8d39bf88;9f7d42e4;23602cd7;ef2bb9bb;7657790b;75fef67c;2a0970ab;147e8e95;5b8c58df;d680746c;8147da3d;53ecdae0;f8cf0402;c8ff8631;22f91b75;d5242349;895b1395;dfd7f194;fbdeb2e1;90c4a6ea;02cbce0c;645a7d62;96bcb80f;88ca5e35;938d9377;9735b68b;2391318f;d02a812c;d8221f84;cede1254;01fdcf0f;338507cf;2c76aa74;512d490f;93e1808a;e8907b9d;6e22a9de;d3e868a9;470fe06a;e66958d9;435fb296;ac638704;c7c338ca;874a58f7;7deaad43;594f97eb;2cb9d0a2;adcf6b10;a46c05f2;ffc9ee00;c1e9aeee;1fb85815;c4a1abc7;ddae155c
15,5,295,success,None,22/Jul/2026:17:24:34.033484,22/Jul/2026:17:24:35.986176,1.9527,99,22/Jul/2026:17:24:30.719792;22/Jul/2026:17:24:30.713696;22/Jul/2026:17:24:30.723648;22/Jul/2026:17:24:17.494964;22/Jul/2026:17:24:32.426731;22/Jul/2026:17:24:28.013650;22/Jul/2026:17:24:30.722147;22/Jul/2026:17:24:32.782737;22/Jul/2026:17:24:06.698922;22/Jul/2026:17:24:32.427398;22/Jul/2026:17:24:30.717221;22/Jul/2026:17:24:30.709910;22/Jul/2026:17:24:30.721498;22/Jul/2026:17:24:30.722089;22/Jul/2026:17:24:31.893145;22/Jul/2026:17:24:30.723708;22/Jul/2026:17:24:30.712596;22/Jul/2026:17:24:30.723177;22/Jul/2026:17:24:30.709540;22/Jul/2026:17:24:28.813018;22/Jul/2026:17:24:31.893691;22/Jul/2026:17:24:33.034905;22/Jul/2026:17:24:33.294592;22/Jul/2026:17:24:30.718788;22/Jul/2026:17:24:30.718617;22/Jul/2026:17:24:30.718760;22/Jul/2026:17:24:32.326267;22/Jul/2026:17:24:30.722854;22/Jul/2026:17:24:33.772769;22/Jul/2026:17:24:30.721613;22/Jul/2026:17:24:24.918672;22/Jul/2026:17:24:20.848722;22/Jul/2026:17:24:30.713869;22/Jul/2026:17:24:30.713927;22/Jul/2026:17:24:30.720560;22/Jul/2026:17:24:32.670350;22/Jul/2026:17:24:32.325128;22/Jul/2026:17:24:15.705462;22/Jul/2026:17:24:31.845851;22/Jul/2026:17:24:30.720620;22/Jul/2026:17:24:30.720734;22/Jul/2026:17:24:31.845935;22/Jul/2026:17:24:34.034624;22/Jul/2026:17:24:31.846344;22/Jul/2026:17:24:30.721081;22/Jul/2026:17:24:32.326422;22/Jul/2026:17:24:31.892882;22/Jul/2026:17:24:30.717999;22/Jul/2026:17:24:22.841239;22/Jul/2026:17:24:32.427263;22/Jul/2026:17:24:34.130956;22/Jul/2026:17:24:30.718140;22/Jul/2026:17:24:31.902920;22/Jul/2026:17:24:19.504951;22/Jul/2026:17:24:19.506181;22/Jul/2026:17:24:33.034256;22/Jul/2026:17:24:32.782272;22/Jul/2026:17:24:31.912754;22/Jul/2026:17:24:20.963788;22/Jul/2026:17:24:34.263658;22/Jul/2026:17:24:30.722294;22/Jul/2026:17:24:30.712536;22/Jul/2026:17:24:21.553927;22/Jul/2026:17:24:19.507869;22/Jul/2026:17:24:22.825323;22/Jul/2026:17:24:31.911265;22/Jul/2026:17:24:31.846187;22/Jul/2026:17:24:32.670637;22/Jul/2026:17:24:34.034776;22/Jul/2026:17:24:34.181776;22/Jul/2026:17:24:27.205926;22/Jul/2026:17:24:32.670531;22/Jul/2026:17:24:33.253133;22/Jul/2026:17:24:30.720206;22/Jul/2026:17:24:30.721109;22/Jul/2026:17:24:32.782153;22/Jul/2026:17:24:30.707480;22/Jul/2026:17:24:28.994584;22/Jul/2026:17:24:30.716905;22/Jul/2026:17:24:30.721229;22/Jul/2026:17:24:32.557155;22/Jul/2026:17:24:31.903523;22/Jul/2026:17:24:32.326596;22/Jul/2026:17:24:29.804999;22/Jul/2026:17:24:31.903354;22/Jul/2026:17:24:31.892741;22/Jul/2026:17:24:33.269543;22/Jul/2026:17:24:30.716203;22/Jul/2026:17:24:31.845773;22/Jul/2026:17:24:32.556396;22/Jul/2026:17:24:30.721351;22/Jul/2026:17:24:30.709642;22/Jul/2026:17:24:32.782662;22/Jul/2026:17:24:24.225550;22/Jul/2026:17:24:19.183820;22/Jul/2026:17:24:33.772691;22/Jul/2026:17:24:32.185090;22/Jul/2026:17:24:33.294276;22/Jul/2026:17:24:32.556475,3.3347;3.3713;3.3672;16.5977;1.6861;6.1063;3.4290;1.3941;27.4844;1.8574;3.6303;3.6806;3.7361;3.7370;2.6271;3.7994;3.8114;3.8075;3.8213;5.7234;2.6592;1.5232;1.2713;3.8522;3.8605;3.8750;2.3005;3.9069;0.8695;3.9223;9.7741;13.8555;4.0409;4.0553;4.0649;2.1177;2.4823;19.1286;3.0007;4.2028;4.2027;3.1215;1.0007;3.1952;4.3276;2.7660;3.2239;4.4050;12.2991;2.7508;1.0499;4.4978;3.3324;15.7329;15.7442;2.2243;2.4783;3.3687;14.3305;1.0311;4.5761;4.6019;13.7785;15.8360;12.5485;3.5009;3.5679;2.7688;1.4166;1.2900;8.2751;2.8448;2.2726;4.8363;4.8374;2.7824;4.8719;6.5901;4.8753;4.8713;3.0411;3.7082;3.2932;5.8153;3.7624;3.7843;2.4170;4.9801;3.8896;3.1802;5.0515;5.0818;3.0148;11.6229;16.6746;2.1149;3.7185;2.6327;3.4028,bytes=416807683-417722195;bytes=178158114-178336996;bytes=585679501-585771585;bytes=1061589419-1061700987;bytes=817800475-818710051;bytes=1514342521-1515253992;bytes=543794075-544681178;bytes=908256746-909174225;bytes=938056932-938164807;bytes=830943653-831033454;bytes=295837679-295934867;bytes=90102089-90990899;bytes=483842755-483924364;bytes=542008841-542893128;bytes=628886394-629800883;bytes=582091563-582993357;bytes=127379383-128302428;bytes=577614166-577712977;bytes=86918662-87839550;bytes=1623075604-1623171853;bytes=634863718-634955072;bytes=937946309-938056931;bytes=1074215423-1074304773;bytes=357907041-358812543;bytes=355663976-356564851;bytes=357003732-357907040;bytes=800127308-801045268;bytes=555750335-556651999;bytes=1172765519-1172882409;bytes=484820337-485708227;bytes=739065014-739973477;bytes=1739159984-1740059847;bytes=180309114-181218689;bytes=182324487-182485932;bytes=450836345-450930966;bytes=876343105-876447698;bytes=794280908-794388454;bytes=608028695-608958036;bytes=605825045-606037158;bytes=454652304-454740884;bytes=453645825-454542799;bytes=609866794-609961965;bytes=1214129063-1214297948;bytes=614186449-614284664;bytes=462818131-462902767;bytes=802287696-802474179;bytes=626890300-626992406;bytes=340549458-340630873;bytes=291705719-291798571;bytes=825149656-826059436;bytes=1272114331-1272219782;bytes=339651643-340549457;bytes=652133223-653029732;bytes=1505882322-1506796877;bytes=1512539870-1513418447;bytes=930024667-930126250;bytes=905018761-905113119;bytes=716284551-716394143;bytes=1834076349-1834190683;bytes=1352202288-1353132433;bytes=545181817-546065015;bytes=126492676-127379382;bytes=1913111073-1913233495;bytes=1523499286-1523608447;bytes=213038778-213933941;bytes=696932642-697831249;bytes=608958037-609866793;bytes=880339311-880428846;bytes=1214484453-1215379021;bytes=1295281716-1296181030;bytes=1301026424-1301914000;bytes=875440181-876343104;bytes=986029238-986922112;bytes=443657332-444537942;bytes=475861054-476764725;bytes=900904259-901089236;bytes=56567130-57460713;bytes=1771135507-1772038181;bytes=289013214-289896582;bytes=479677043-479803259;bytes=855671366-855866604;bytes=660448533-661337988;bytes=803368537-804259728;bytes=1845259424-1846166279;bytes=659151290-659347481;bytes=624857988-625779421;bytes=1061589419-1061700987;bytes=252035495-252924192;bytes=603846199-604764782;bytes=846405018-847301304;bytes=479941553-480850432;bytes=88943721-89074012;bytes=906430611-907318976;bytes=574007591-574904207;bytes=1391056161-1391182385;bytes=1168922394-1169058818;bytes=744027705-744917794;bytes=1070167399-1070266394;bytes=847592574-847689897,5a5b1cf5;5c52c8a2;573bc886;95318607;7700b48b;e8988c7a;6ba6a712;e414dde9;39487575;27e7cdf6;c9f02671;b3dcea7f;d23ef84a;d391635a;1a9842db;b5348e0e;fc06384b;1d5620f0;867857c8;dc4a7d4f;86530472;4ff1b792;84de323e;51328106;e10bdfcd;bd61d303;c61a86de;97cdbe2e;6dea3d84;6d64d19f;949c7252;9443d6ed;1bd73507;4ebccc30;0634b777;df6556cd;8d39bf88;9f7d42e4;23602cd7;ef2bb9bb;7657790b;75fef67c;2a0970ab;147e8e95;5b8c58df;d680746c;8147da3d;53ecdae0;f8cf0402;c8ff8631;22f91b75;d5242349;895b1395;dfd7f194;fbdeb2e1;90c4a6ea;02cbce0c;645a7d62;96bcb80f;88ca5e35;938d9377;9735b68b;2391318f;d02a812c;d8221f84;cede1254;01fdcf0f;338507cf;2c76aa74;512d490f;93e1808a;e8907b9d;6e22a9de;d3e868a9;470fe06a;e66958d9;435fb296;ac638704;c7c338ca;874a58f7;7deaad43;594f97eb;2cb9d0a2;adcf6b10;a46c05f2;ffc9ee00;c1e9aeee;1fb85815;c4a1abc7;ddae155c;66ef8a92;e21d03ca;7a42edfe;9b43cf11;79610ab0;bba319e8;c7dca747;ae40f909;1ccd1655
15,5,289,success,None,22/Jul/2026:17:24:33.817567,22/Jul/2026:17:24:36.039608,2.2220,120,22/Jul/2026:17:24:30.711004;22/Jul/2026:17:24:30.704398;22/Jul/2026:17:24:30.712886;22/Jul/2026:17:24:30.719646;22/Jul/2026:17:24:30.719565;22/Jul/2026:17:24:30.713551;22/Jul/2026:17:24:32.185375;22/Jul/2026:17:24:33.034158;22/Jul/2026:17:24:30.721557;22/Jul/2026:17:24:30.712819;22/Jul/2026:17:24:30.717761;22/Jul/2026:17:24:23.961388;22/Jul/2026:17:24:32.184953;22/Jul/2026:17:24:20.848939;22/Jul/2026:17:24:31.903097;22/Jul/2026:17:24:30.714623;22/Jul/2026:17:24:17.905541;22/Jul/2026:17:24:30.719792;22/Jul/2026:17:24:30.713696;22/Jul/2026:17:24:30.723648;22/Jul/2026:17:24:17.494964;22/Jul/2026:17:24:32.426731;22/Jul/2026:17:24:28.013650;22/Jul/2026:17:24:30.722147;22/Jul/2026:17:24:32.782737;22/Jul/2026:17:24:06.698922;22/Jul/2026:17:24:32.427398;22/Jul/2026:17:24:30.717221;22/Jul/2026:17:24:30.709910;22/Jul/2026:17:24:30.721498;22/Jul/2026:17:24:30.722089;22/Jul/2026:17:24:31.893145;22/Jul/2026:17:24:30.723708;22/Jul/2026:17:24:30.712596;22/Jul/2026:17:24:30.723177;22/Jul/2026:17:24:30.709540;22/Jul/2026:17:24:28.813018;22/Jul/2026:17:24:31.893691;22/Jul/2026:17:24:33.034905;22/Jul/2026:17:24:33.294592;22/Jul/2026:17:24:30.718788;22/Jul/2026:17:24:30.718617;22/Jul/2026:17:24:30.718760;22/Jul/2026:17:24:32.326267;22/Jul/2026:17:24:30.722854;22/Jul/2026:17:24:33.772769;22/Jul/2026:17:24:30.721613;22/Jul/2026:17:24:24.918672;22/Jul/2026:17:24:20.848722;22/Jul/2026:17:24:30.713869;22/Jul/2026:17:24:30.713927;22/Jul/2026:17:24:30.720560;22/Jul/2026:17:24:32.670350;22/Jul/2026:17:24:32.325128;22/Jul/2026:17:24:15.705462;22/Jul/2026:17:24:31.845851;22/Jul/2026:17:24:30.720620;22/Jul/2026:17:24:30.720734;22/Jul/2026:17:24:31.845935;22/Jul/2026:17:24:34.034624;22/Jul/2026:17:24:31.846344;22/Jul/2026:17:24:30.721081;22/Jul/2026:17:24:32.326422;22/Jul/2026:17:24:31.892882;22/Jul/2026:17:24:30.717999;22/Jul/2026:17:24:22.841239;22/Jul/2026:17:24:32.427263;22/Jul/2026:17:24:34.130956;22/Jul/2026:17:24:30.718140;22/Jul/2026:17:24:31.902920;22/Jul/2026:17:24:19.504951;22/Jul/2026:17:24:19.506181;22/Jul/2026:17:24:33.034256;22/Jul/2026:17:24:32.782272;22/Jul/2026:17:24:31.912754;22/Jul/2026:17:24:20.963788;22/Jul/2026:17:24:34.263658;22/Jul/2026:17:24:30.722294;22/Jul/2026:17:24:30.712536;22/Jul/2026:17:24:21.553927;22/Jul/2026:17:24:19.507869;22/Jul/2026:17:24:22.825323;22/Jul/2026:17:24:31.911265;22/Jul/2026:17:24:31.846187;22/Jul/2026:17:24:32.670637;22/Jul/2026:17:24:34.034776;22/Jul/2026:17:24:34.181776;22/Jul/2026:17:24:27.205926;22/Jul/2026:17:24:32.670531;22/Jul/2026:17:24:33.253133;22/Jul/2026:17:24:30.720206;22/Jul/2026:17:24:30.721109;22/Jul/2026:17:24:32.782153;22/Jul/2026:17:24:30.707480;22/Jul/2026:17:24:28.994584;22/Jul/2026:17:24:30.716905;22/Jul/2026:17:24:30.721229;22/Jul/2026:17:24:32.557155;22/Jul/2026:17:24:31.903523;22/Jul/2026:17:24:32.326596;22/Jul/2026:17:24:29.804999;22/Jul/2026:17:24:31.903354;22/Jul/2026:17:24:31.892741;22/Jul/2026:17:24:33.269543;22/Jul/2026:17:24:30.716203;22/Jul/2026:17:24:31.845773;22/Jul/2026:17:24:32.556396;22/Jul/2026:17:24:30.721351;22/Jul/2026:17:24:30.709642;22/Jul/2026:17:24:32.782662;22/Jul/2026:17:24:24.225550;22/Jul/2026:17:24:19.183820;22/Jul/2026:17:24:33.772691;22/Jul/2026:17:24:32.185090;22/Jul/2026:17:24:33.294276;22/Jul/2026:17:24:32.556475;22/Jul/2026:17:24:30.721822;22/Jul/2026:17:24:33.294310;22/Jul/2026:17:24:32.326103;22/Jul/2026:17:24:32.782802,3.1221;3.1306;3.1427;3.1607;3.1784;3.1897;1.7206;0.8882;3.2056;3.2442;3.2429;10.0085;1.7949;13.1484;2.1026;3.2941;16.1095;3.3347;3.3713;3.3672;16.5977;1.6861;6.1063;3.4290;1.3941;27.4844;1.8574;3.6303;3.6806;3.7361;3.7370;2.6271;3.7994;3.8114;3.8075;3.8213;5.7234;2.6592;1.5232;1.2713;3.8522;3.8605;3.8750;2.3005;3.9069;0.8695;3.9223;9.7741;13.8555;4.0409;4.0553;4.0649;2.1177;2.4823;19.1286;3.0007;4.2028;4.2027;3.1215;1.0007;3.1952;4.3276;2.7660;3.2239;4.4050;12.2991;2.7508;1.0499;4.4978;3.3324;15.7329;15.7442;2.2243;2.4783;3.3687;14.3305;1.0311;4.5761;4.6019;13.7785;15.8360;12.5485;3.5009;3.5679;2.7688;1.4166;1.2900;8.2751;2.8448;2.2726;4.8363;4.8374;2.7824;4.8719;6.5901;4.8753;4.8713;3.0411;3.7082;3.2932;5.8153;3.7624;3.7843;2.4170;4.9801;3.8896;3.1802;5.0515;5.0818;3.0148;11.6229;16.6746;2.1149;3.7185;2.6327;3.4028;5.2967;2.7249;3.7002;3.2521,bytes=98943526-99839544;bytes=40334677-40433976;bytes=130690295-131568698;bytes=417722196-417817752;bytes=412619641-413529452;bytes=145585441-145671251;bytes=745317825-746221053;bytes=928026001-928926360;bytes=487597823-487695244;bytes=133498418-133596014;bytes=336613849-336701983;bytes=546065016-546956971;bytes=741325427-742225898;bytes=1740957939-1741879834;bytes=655192749-655357470;bytes=214087073-214251221;bytes=1130398512-1131299524;bytes=416807683-417722195;bytes=178158114-178336996;bytes=585679501-585771585;bytes=1061589419-1061700987;bytes=817800475-818710051;bytes=1514342521-1515253992;bytes=543794075-544681178;bytes=908256746-909174225;bytes=938056932-938164807;bytes=830943653-831033454;bytes=295837679-295934867;bytes=90102089-90990899;bytes=483842755-483924364;bytes=542008841-542893128;bytes=628886394-629800883;bytes=582091563-582993357;bytes=127379383-128302428;bytes=577614166-577712977;bytes=86918662-87839550;bytes=1623075604-1623171853;bytes=634863718-634955072;bytes=937946309-938056931;bytes=1074215423-1074304773;bytes=357907041-358812543;bytes=355663976-356564851;bytes=357003732-357907040;bytes=800127308-801045268;bytes=555750335-556651999;bytes=1172765519-1172882409;bytes=484820337-485708227;bytes=739065014-739973477;bytes=1739159984-1740059847;bytes=180309114-181218689;bytes=182324487-182485932;bytes=450836345-450930966;bytes=876343105-876447698;bytes=794280908-794388454;bytes=608028695-608958036;bytes=605825045-606037158;bytes=454652304-454740884;bytes=453645825-454542799;bytes=609866794-609961965;bytes=1214129063-1214297948;bytes=614186449-614284664;bytes=462818131-462902767;bytes=802287696-802474179;bytes=626890300-626992406;bytes=340549458-340630873;bytes=291705719-291798571;bytes=825149656-826059436;bytes=1272114331-1272219782;bytes=339651643-340549457;bytes=652133223-653029732;bytes=1505882322-1506796877;bytes=1512539870-1513418447;bytes=930024667-930126250;bytes=905018761-905113119;bytes=716284551-716394143;bytes=1834076349-1834190683;bytes=1352202288-1353132433;bytes=545181817-546065015;bytes=126492676-127379382;bytes=1913111073-1913233495;bytes=1523499286-1523608447;bytes=213038778-213933941;bytes=696932642-697831249;bytes=608958037-609866793;bytes=880339311-880428846;bytes=1214484453-1215379021;bytes=1295281716-1296181030;bytes=1301026424-1301914000;bytes=875440181-876343104;bytes=986029238-986922112;bytes=443657332-444537942;bytes=475861054-476764725;bytes=900904259-901089236;bytes=56567130-57460713;bytes=1771135507-1772038181;bytes=289013214-289896582;bytes=479677043-479803259;bytes=855671366-855866604;bytes=660448533-661337988;bytes=803368537-804259728;bytes=1845259424-1846166279;bytes=659151290-659347481;bytes=624857988-625779421;bytes=1061589419-1061700987;bytes=252035495-252924192;bytes=603846199-604764782;bytes=846405018-847301304;bytes=479941553-480850432;bytes=88943721-89074012;bytes=906430611-907318976;bytes=574007591-574904207;bytes=1391056161-1391182385;bytes=1168922394-1169058818;bytes=744027705-744917794;bytes=1070167399-1070266394;bytes=847592574-847689897;bytes=487875762-488767977;bytes=1070266395-1070386652;bytes=802021126-802106002;bytes=909567986-909777505,fc0854c5;9c7da065;f95cbf84;3d3f04e6;f4579e22;b7b1f00b;1bbbc0ae;4de27309;1ccd833b;bc9b5fe6;2cd03155;d8a36f76;486574af;f4b3572b;61399916;ddda7ffc;b7d85d28;5a5b1cf5;5c52c8a2;573bc886;95318607;7700b48b;e8988c7a;6ba6a712;e414dde9;39487575;27e7cdf6;c9f02671;b3dcea7f;d23ef84a;d391635a;1a9842db;b5348e0e;fc06384b;1d5620f0;867857c8;dc4a7d4f;86530472;4ff1b792;84de323e;51328106;e10bdfcd;bd61d303;c61a86de;97cdbe2e;6dea3d84;6d64d19f;949c7252;9443d6ed;1bd73507;4ebccc30;0634b777;df6556cd;8d39bf88;9f7d42e4;23602cd7;ef2bb9bb;7657790b;75fef67c;2a0970ab;147e8e95;5b8c58df;d680746c;8147da3d;53ecdae0;f8cf0402;c8ff8631;22f91b75;d5242349;895b1395;dfd7f194;fbdeb2e1;90c4a6ea;02cbce0c;645a7d62;96bcb80f;88ca5e35;938d9377;9735b68b;2391318f;d02a812c;d8221f84;cede1254;01fdcf0f;338507cf;2c76aa74;512d490f;93e1808a;e8907b9d;6e22a9de;d3e868a9;470fe06a;e66958d9;435fb296;ac638704;c7c338ca;874a58f7;7deaad43;594f97eb;2cb9d0a2;adcf6b10;a46c05f2;ffc9ee00;c1e9aeee;1fb85815;c4a1abc7;ddae155c;66ef8a92;e21d03ca;7a42edfe;9b43cf11;79610ab0;bba319e8;c7dca747;ae40f909;1ccd1655;5181bfa3;3ff483a0;2e8609ca;0b5b2aee
15,5,308,success,None,22/Jul/2026:17:24:34.129177,22/Jul/2026:17:24:36.233329,2.1041,115,22/Jul/2026:17:24:30.722147;22/Jul/2026:17:24:32.782737;22/Jul/2026:17:24:06.698922;22/Jul/2026:17:24:32.427398;22/Jul/2026:17:24:30.717221;22/Jul/2026:17:24:30.709910;22/Jul/2026:17:24:30.721498;22/Jul/2026:17:24:30.722089;22/Jul/2026:17:24:31.893145;22/Jul/2026:17:24:30.723708;22/Jul/2026:17:24:30.712596;22/Jul/2026:17:24:30.723177;22/Jul/2026:17:24:30.709540;22/Jul/2026:17:24:28.813018;22/Jul/2026:17:24:31.893691;22/Jul/2026:17:24:33.034905;22/Jul/2026:17:24:33.294592;22/Jul/2026:17:24:30.718788;22/Jul/2026:17:24:30.718617;22/Jul/2026:17:24:30.718760;22/Jul/2026:17:24:32.326267;22/Jul/2026:17:24:30.722854;22/Jul/2026:17:24:33.772769;22/Jul/2026:17:24:30.721613;22/Jul/2026:17:24:24.918672;22/Jul/2026:17:24:20.848722;22/Jul/2026:17:24:30.713869;22/Jul/2026:17:24:30.713927;22/Jul/2026:17:24:30.720560;22/Jul/2026:17:24:32.670350;22/Jul/2026:17:24:32.325128;22/Jul/2026:17:24:15.705462;22/Jul/2026:17:24:31.845851;22/Jul/2026:17:24:30.720620;22/Jul/2026:17:24:30.720734;22/Jul/2026:17:24:31.845935;22/Jul/2026:17:24:34.034624;22/Jul/2026:17:24:31.846344;22/Jul/2026:17:24:30.721081;22/Jul/2026:17:24:32.326422;22/Jul/2026:17:24:31.892882;22/Jul/2026:17:24:30.717999;22/Jul/2026:17:24:22.841239;22/Jul/2026:17:24:32.427263;22/Jul/2026:17:24:34.130956;22/Jul/2026:17:24:30.718140;22/Jul/2026:17:24:31.902920;22/Jul/2026:17:24:19.504951;22/Jul/2026:17:24:19.506181;22/Jul/2026:17:24:33.034256;22/Jul/2026:17:24:32.782272;22/Jul/2026:17:24:31.912754;22/Jul/2026:17:24:20.963788;22/Jul/2026:17:24:34.263658;22/Jul/2026:17:24:30.722294;22/Jul/2026:17:24:30.712536;22/Jul/2026:17:24:21.553927;22/Jul/2026:17:24:19.507869;22/Jul/2026:17:24:22.825323;22/Jul/2026:17:24:31.911265;22/Jul/2026:17:24:31.846187;22/Jul/2026:17:24:32.670637;22/Jul/2026:17:24:34.034776;22/Jul/2026:17:24:34.181776;22/Jul/2026:17:24:27.205926;22/Jul/2026:17:24:32.670531;22/Jul/2026:17:24:33.253133;22/Jul/2026:17:24:30.720206;22/Jul/2026:17:24:30.721109;22/Jul/2026:17:24:32.782153;22/Jul/2026:17:24:30.707480;22/Jul/2026:17:24:28.994584;22/Jul/2026:17:24:30.716905;22/Jul/2026:17:24:30.721229;22/Jul/2026:17:24:32.557155;22/Jul/2026:17:24:31.903523;22/Jul/2026:17:24:32.326596;22/Jul/2026:17:24:29.804999;22/Jul/2026:17:24:31.903354;22/Jul/2026:17:24:31.892741;22/Jul/2026:17:24:33.269543;22/Jul/2026:17:24:30.716203;22/Jul/2026:17:24:31.845773;22/Jul/2026:17:24:32.556396;22/Jul/2026:17:24:30.721351;22/Jul/2026:17:24:30.709642;22/Jul/2026:17:24:32.782662;22/Jul/2026:17:24:24.225550;22/Jul/2026:17:24:19.183820;22/Jul/2026:17:24:33.772691;22/Jul/2026:17:24:32.185090;22/Jul/2026:17:24:33.294276;22/Jul/2026:17:24:32.556475;22/Jul/2026:17:24:30.721822;22/Jul/2026:17:24:33.294310;22/Jul/2026:17:24:32.326103;22/Jul/2026:17:24:32.782802;22/Jul/2026:17:24:22.826687;22/Jul/2026:17:24:31.903671;22/Jul/2026:17:24:34.617565;22/Jul/2026:17:24:32.670789;22/Jul/2026:17:24:30.717283;22/Jul/2026:17:24:34.618579;22/Jul/2026:17:24:27.997245;22/Jul/2026:17:24:32.782771;22/Jul/2026:17:24:26.965079;22/Jul/2026:17:24:30.714886;22/Jul/2026:17:24:34.617701;22/Jul/2026:17:24:30.721440;22/Jul/2026:17:24:30.710599;22/Jul/2026:17:24:25.303196;22/Jul/2026:17:24:32.670168;22/Jul/2026:17:24:22.829026;22/Jul/2026:17:24:34.618937;22/Jul/2026:17:24:30.722672,3.4290;1.3941;27.4844;1.8574;3.6303;3.6806;3.7361;3.7370;2.6271;3.7994;3.8114;3.8075;3.8213;5.7234;2.6592;1.5232;1.2713;3.8522;3.8605;3.8750;2.3005;3.9069;0.8695;3.9223;9.7741;13.8555;4.0409;4.0553;4.0649;2.1177;2.4823;19.1286;3.0007;4.2028;4.2027;3.1215;1.0007;3.1952;4.3276;2.7660;3.2239;4.4050;12.2991;2.7508;1.0499;4.4978;3.3324;15.7329;15.7442;2.2243;2.4783;3.3687;14.3305;1.0311;4.5761;4.6019;13.7785;15.8360;12.5485;3.5009;3.5679;2.7688;1.4166;1.2900;8.2751;2.8448;2.2726;4.8363;4.8374;2.7824;4.8719;6.5901;4.8753;4.8713;3.0411;3.7082;3.2932;5.8153;3.7624;3.7843;2.4170;4.9801;3.8896;3.1802;5.0515;5.0818;3.0148;11.6229;16.6746;2.1149;3.7185;2.6327;3.4028;5.2967;2.7249;3.7002;3.2521;13.2204;4.1493;1.4487;3.4003;5.3702;1.4731;8.1166;3.3472;9.1675;5.4185;1.5406;5.4375;5.4589;10.8709;3.5043;13.3530;1.5797;5.5048,bytes=543794075-544681178;bytes=908256746-909174225;bytes=938056932-938164807;bytes=830943653-831033454;bytes=295837679-295934867;bytes=90102089-90990899;bytes=483842755-483924364;bytes=542008841-542893128;bytes=628886394-629800883;bytes=582091563-582993357;bytes=127379383-128302428;bytes=577614166-577712977;bytes=86918662-87839550;bytes=1623075604-1623171853;bytes=634863718-634955072;bytes=937946309-938056931;bytes=1074215423-1074304773;bytes=357907041-358812543;bytes=355663976-356564851;bytes=357003732-357907040;bytes=800127308-801045268;bytes=555750335-556651999;bytes=1172765519-1172882409;bytes=484820337-485708227;bytes=739065014-739973477;bytes=1739159984-1740059847;bytes=180309114-181218689;bytes=182324487-182485932;bytes=450836345-450930966;bytes=876343105-876447698;bytes=794280908-794388454;bytes=608028695-608958036;bytes=605825045-606037158;bytes=454652304-454740884;bytes=453645825-454542799;bytes=609866794-609961965;bytes=1214129063-1214297948;bytes=614186449-614284664;bytes=462818131-462902767;bytes=802287696-802474179;bytes=626890300-626992406;bytes=340549458-340630873;bytes=291705719-291798571;bytes=825149656-826059436;bytes=1272114331-1272219782;bytes=339651643-340549457;bytes=652133223-653029732;bytes=1505882322-1506796877;bytes=1512539870-1513418447;bytes=930024667-930126250;bytes=905018761-905113119;bytes=716284551-716394143;bytes=1834076349-1834190683;bytes=1352202288-1353132433;bytes=545181817-546065015;bytes=126492676-127379382;bytes=1913111073-1913233495;bytes=1523499286-1523608447;bytes=213038778-213933941;bytes=696932642-697831249;bytes=608958037-609866793;bytes=880339311-880428846;bytes=1214484453-1215379021;bytes=1295281716-1296181030;bytes=1301026424-1301914000;bytes=875440181-876343104;bytes=986029238-986922112;bytes=443657332-444537942;bytes=475861054-476764725;bytes=900904259-901089236;bytes=56567130-57460713;bytes=1771135507-1772038181;bytes=289013214-289896582;bytes=479677043-479803259;bytes=855671366-855866604;bytes=660448533-661337988;bytes=803368537-804259728;bytes=1845259424-1846166279;bytes=659151290-659347481;bytes=624857988-625779421;bytes=1061589419-1061700987;bytes=252035495-252924192;bytes=603846199-604764782;bytes=846405018-847301304;bytes=479941553-480850432;bytes=88943721-89074012;bytes=906430611-907318976;bytes=574007591-574904207;bytes=1391056161-1391182385;bytes=1168922394-1169058818;bytes=744027705-744917794;bytes=1070167399-1070266394;bytes=847592574-847689897;bytes=487875762-488767977;bytes=1070266395-1070386652;bytes=802021126-802106002;bytes=909567986-909777505;bytes=218621077-219512660;bytes=663542637-663756105;bytes=1385825844-1386724867;bytes=878540881-879440537;bytes=299612938-299798265;bytes=1441735758-1442635422;bytes=1441735758-1442635422;bytes=909375215-909567985;bytes=1185387124-1186289766;bytes=218398595-218621076;bytes=1391056161-1391182385;bytes=482655092-483555319;bytes=97062700-97160197;bytes=855671366-855866604;bytes=870472530-871396245;bytes=241805302-242709624;bytes=1448856723-1449081046;bytes=552928219-553024806,6ba6a712;e414dde9;39487575;27e7cdf6;c9f02671;b3dcea7f;d23ef84a;d391635a;1a9842db;b5348e0e;fc06384b;1d5620f0;867857c8;dc4a7d4f;86530472;4ff1b792;84de323e;51328106;e10bdfcd;bd61d303;c61a86de;97cdbe2e;6dea3d84;6d64d19f;949c7252;9443d6ed;1bd73507;4ebccc30;0634b777;df6556cd;8d39bf88;9f7d42e4;23602cd7;ef2bb9bb;7657790b;75fef67c;2a0970ab;147e8e95;5b8c58df;d680746c;8147da3d;53ecdae0;f8cf0402;c8ff8631;22f91b75;d5242349;895b1395;dfd7f194;fbdeb2e1;90c4a6ea;02cbce0c;645a7d62;96bcb80f;88ca5e35;938d9377;9735b68b;2391318f;d02a812c;d8221f84;cede1254;01fdcf0f;338507cf;2c76aa74;512d490f;93e1808a;e8907b9d;6e22a9de;d3e868a9;470fe06a;e66958d9;435fb296;ac638704;c7c338ca;874a58f7;7deaad43;594f97eb;2cb9d0a2;adcf6b10;a46c05f2;ffc9ee00;c1e9aeee;1fb85815;c4a1abc7;ddae155c;66ef8a92;e21d03ca;7a42edfe;9b43cf11;79610ab0;bba319e8;c7dca747;ae40f909;1ccd1655;5181bfa3;3ff483a0;2e8609ca;0b5b2aee;199d857e;7b94fab0;7a6086d8;21a9d5ca;95375b78;3dec93e8;b48e7618;89050f47;4aafe634;6fc7f755;4e1006b6;1d637add;2d799164;9dd78c56;22d4da90;d678e5c8;4bc6e7e1;cc36f8f7
15,5,315,success,None,22/Jul/2026:17:24:34.180420,22/Jul/2026:17:24:36.325215,2.1448,121,22/Jul/2026:17:24:06.698922;22/Jul/2026:17:24:32.427398;22/Jul/2026:17:24:30.717221;22/Jul/2026:17:24:30.709910;22/Jul/2026:17:24:30.721498;22/Jul/2026:17:24:30.722089;22/Jul/2026:17:24:31.893145;22/Jul/2026:17:24:30.723708;22/Jul/2026:17:24:30.712596;22/Jul/2026:17:24:30.723177;22/Jul/2026:17:24:30.709540;22/Jul/2026:17:24:28.813018;22/Jul/2026:17:24:31.893691;22/Jul/2026:17:24:33.034905;22/Jul/2026:17:24:33.294592;22/Jul/2026:17:24:30.718788;22/Jul/2026:17:24:30.718617;22/Jul/2026:17:24:30.718760;22/Jul/2026:17:24:32.326267;22/Jul/2026:17:24:30.722854;22/Jul/2026:17:24:33.772769;22/Jul/2026:17:24:30.721613;22/Jul/2026:17:24:24.918672;22/Jul/2026:17:24:20.848722;22/Jul/2026:17:24:30.713869;22/Jul/2026:17:24:30.713927;22/Jul/2026:17:24:30.720560;22/Jul/2026:17:24:32.670350;22/Jul/2026:17:24:32.325128;22/Jul/2026:17:24:15.705462;22/Jul/2026:17:24:31.845851;22/Jul/2026:17:24:30.720620;22/Jul/2026:17:24:30.720734;22/Jul/2026:17:24:31.845935;22/Jul/2026:17:24:34.034624;22/Jul/2026:17:24:31.846344;22/Jul/2026:17:24:30.721081;22/Jul/2026:17:24:32.326422;22/Jul/2026:17:24:31.892882;22/Jul/2026:17:24:30.717999;22/Jul/2026:17:24:22.841239;22/Jul/2026:17:24:32.427263;22/Jul/2026:17:24:34.130956;22/Jul/2026:17:24:30.718140;22/Jul/2026:17:24:31.902920;22/Jul/2026:17:24:19.504951;22/Jul/2026:17:24:19.506181;22/Jul/2026:17:24:33.034256;22/Jul/2026:17:24:32.782272;22/Jul/2026:17:24:31.912754;22/Jul/2026:17:24:20.963788;22/Jul/2026:17:24:34.263658;22/Jul/2026:17:24:30.722294;22/Jul/2026:17:24:30.712536;22/Jul/2026:17:24:21.553927;22/Jul/2026:17:24:19.507869;22/Jul/2026:17:24:22.825323;22/Jul/2026:17:24:31.911265;22/Jul/2026:17:24:31.846187;22/Jul/2026:17:24:32.670637;22/Jul/2026:17:24:34.034776;22/Jul/2026:17:24:34.181776;22/Jul/2026:17:24:27.205926;22/Jul/2026:17:24:32.670531;22/Jul/2026:17:24:33.253133;22/Jul/2026:17:24:30.720206;22/Jul/2026:17:24:30.721109;22/Jul/2026:17:24:32.782153;22/Jul/2026:17:24:30.707480;22/Jul/2026:17:24:28.994584;22/Jul/2026:17:24:30.716905;22/Jul/2026:17:24:30.721229;22/Jul/2026:17:24:32.557155;22/Jul/2026:17:24:31.903523;22/Jul/2026:17:24:32.326596;22/Jul/2026:17:24:29.804999;22/Jul/2026:17:24:31.903354;22/Jul/2026:17:24:31.892741;22/Jul/2026:17:24:33.269543;22/Jul/2026:17:24:30.716203;22/Jul/2026:17:24:31.845773;22/Jul/2026:17:24:32.556396;22/Jul/2026:17:24:30.721351;22/Jul/2026:17:24:30.709642;22/Jul/2026:17:24:32.782662;22/Jul/2026:17:24:24.225550;22/Jul/2026:17:24:19.183820;22/Jul/2026:17:24:33.772691;22/Jul/2026:17:24:32.185090;22/Jul/2026:17:24:33.294276;22/Jul/2026:17:24:32.556475;22/Jul/2026:17:24:30.721822;22/Jul/2026:17:24:33.294310;22/Jul/2026:17:24:32.326103;22/Jul/2026:17:24:32.782802;22/Jul/2026:17:24:22.826687;22/Jul/2026:17:24:31.903671;22/Jul/2026:17:24:34.617565;22/Jul/2026:17:24:32.670789;22/Jul/2026:17:24:30.717283;22/Jul/2026:17:24:34.618579;22/Jul/2026:17:24:27.997245;22/Jul/2026:17:24:32.782771;22/Jul/2026:17:24:26.965079;22/Jul/2026:17:24:30.714886;22/Jul/2026:17:24:34.617701;22/Jul/2026:17:24:30.721440;22/Jul/2026:17:24:30.710599;22/Jul/2026:17:24:25.303196;22/Jul/2026:17:24:32.670168;22/Jul/2026:17:24:22.829026;22/Jul/2026:17:24:34.618937;22/Jul/2026:17:24:30.722672;22/Jul/2026:17:24:28.994390;22/Jul/2026:17:24:32.427666;22/Jul/2026:17:24:32.326559;22/Jul/2026:17:24:30.721642;22/Jul/2026:17:24:33.034424;22/Jul/2026:17:24:34.617308;22/Jul/2026:17:24:35.354532;22/Jul/2026:17:24:33.818376,27.4844;1.8574;3.6303;3.6806;3.7361;3.7370;2.6271;3.7994;3.8114;3.8075;3.8213;5.7234;2.6592;1.5232;1.2713;3.8522;3.8605;3.8750;2.3005;3.9069;0.8695;3.9223;9.7741;13.8555;4.0409;4.0553;4.0649;2.1177;2.4823;19.1286;3.0007;4.2028;4.2027;3.1215;1.0007;3.1952;4.3276;2.7660;3.2239;4.4050;12.2991;2.7508;1.0499;4.4978;3.3324;15.7329;15.7442;2.2243;2.4783;3.3687;14.3305;1.0311;4.5761;4.6019;13.7785;15.8360;12.5485;3.5009;3.5679;2.7688;1.4166;1.2900;8.2751;2.8448;2.2726;4.8363;4.8374;2.7824;4.8719;6.5901;4.8753;4.8713;3.0411;3.7082;3.2932;5.8153;3.7624;3.7843;2.4170;4.9801;3.8896;3.1802;5.0515;5.0818;3.0148;11.6229;16.6746;2.1149;3.7185;2.6327;3.4028;5.2967;2.7249;3.7002;3.2521;13.2204;4.1493;1.4487;3.4003;5.3702;1.4731;8.1166;3.3472;9.1675;5.4185;1.5406;5.4375;5.4589;10.8709;3.5043;13.3530;1.5797;5.5048;7.2483;3.8242;3.9389;5.5457;3.2536;1.6728;0.9359;2.4821,bytes=938056932-938164807;bytes=830943653-831033454;bytes=295837679-295934867;bytes=90102089-90990899;bytes=483842755-483924364;bytes=542008841-542893128;bytes=628886394-629800883;bytes=582091563-582993357;bytes=127379383-128302428;bytes=577614166-577712977;bytes=86918662-87839550;bytes=1623075604-1623171853;bytes=634863718-634955072;bytes=937946309-938056931;bytes=1074215423-1074304773;bytes=357907041-358812543;bytes=355663976-356564851;bytes=357003732-357907040;bytes=800127308-801045268;bytes=555750335-556651999;bytes=1172765519-1172882409;bytes=484820337-485708227;bytes=739065014-739973477;bytes=1739159984-1740059847;bytes=180309114-181218689;bytes=182324487-182485932;bytes=450836345-450930966;bytes=876343105-876447698;bytes=794280908-794388454;bytes=608028695-608958036;bytes=605825045-606037158;bytes=454652304-454740884;bytes=453645825-454542799;bytes=609866794-609961965;bytes=1214129063-1214297948;bytes=614186449-614284664;bytes=462818131-462902767;bytes=802287696-802474179;bytes=626890300-626992406;bytes=340549458-340630873;bytes=291705719-291798571;bytes=825149656-826059436;bytes=1272114331-1272219782;bytes=339651643-340549457;bytes=652133223-653029732;bytes=1505882322-1506796877;bytes=1512539870-1513418447;bytes=930024667-930126250;bytes=905018761-905113119;bytes=716284551-716394143;bytes=1834076349-1834190683;bytes=1352202288-1353132433;bytes=545181817-546065015;bytes=126492676-127379382;bytes=1913111073-1913233495;bytes=1523499286-1523608447;bytes=213038778-213933941;bytes=696932642-697831249;bytes=608958037-609866793;bytes=880339311-880428846;bytes=1214484453-1215379021;bytes=1295281716-1296181030;bytes=1301026424-1301914000;bytes=875440181-876343104;bytes=986029238-986922112;bytes=443657332-444537942;bytes=475861054-476764725;bytes=900904259-901089236;bytes=56567130-57460713;bytes=1771135507-1772038181;bytes=289013214-289896582;bytes=479677043-479803259;bytes=855671366-855866604;bytes=660448533-661337988;bytes=803368537-804259728;bytes=1845259424-1846166279;bytes=659151290-659347481;bytes=624857988-625779421;bytes=1061589419-1061700987;bytes=252035495-252924192;bytes=603846199-604764782;bytes=846405018-847301304;bytes=479941553-480850432;bytes=88943721-89074012;bytes=906430611-907318976;bytes=574007591-574904207;bytes=1391056161-1391182385;bytes=1168922394-1169058818;bytes=744027705-744917794;bytes=1070167399-1070266394;bytes=847592574-847689897;bytes=487875762-488767977;bytes=1070266395-1070386652;bytes=802021126-802106002;bytes=909567986-909777505;bytes=218621077-219512660;bytes=663542637-663756105;bytes=1385825844-1386724867;bytes=878540881-879440537;bytes=299612938-299798265;bytes=1441735758-1442635422;bytes=1441735758-1442635422;bytes=909375215-909567985;bytes=1185387124-1186289766;bytes=218398595-218621076;bytes=1391056161-1391182385;bytes=482655092-483555319;bytes=97062700-97160197;bytes=855671366-855866604;bytes=870472530-871396245;bytes=241805302-242709624;bytes=1448856723-1449081046;bytes=552928219-553024806;bytes=1769358615-1770232839;bytes=834907026-835095198;bytes=802474180-803368536;bytes=485708228-486618731;bytes=930216947-931113769;bytes=1382919233-1383031980;bytes=1581797740-1581917340;bytes=1185161663-1185275505,39487575;27e7cdf6;c9f02671;b3dcea7f;d23ef84a;d391635a;1a9842db;b5348e0e;fc06384b;1d5620f0;867857c8;dc4a7d4f;86530472;4ff1b792;84de323e;51328106;e10bdfcd;bd61d303;c61a86de;97cdbe2e;6dea3d84;6d64d19f;949c7252;9443d6ed;1bd73507;4ebccc30;0634b777;df6556cd;8d39bf88;9f7d42e4;23602cd7;ef2bb9bb;7657790b;75fef67c;2a0970ab;147e8e95;5b8c58df;d680746c;8147da3d;53ecdae0;f8cf0402;c8ff8631;22f91b75;d5242349;895b1395;dfd7f194;fbdeb2e1;90c4a6ea;02cbce0c;645a7d62;96bcb80f;88ca5e35;938d9377;9735b68b;2391318f;d02a812c;d8221f84;cede1254;01fdcf0f;338507cf;2c76aa74;512d490f;93e1808a;e8907b9d;6e22a9de;d3e868a9;470fe06a;e66958d9;435fb296;ac638704;c7c338ca;874a58f7;7deaad43;594f97eb;2cb9d0a2;adcf6b10;a46c05f2;ffc9ee00;c1e9aeee;1fb85815;c4a1abc7;ddae155c;66ef8a92;e21d03ca;7a42edfe;9b43cf11;79610ab0;bba319e8;c7dca747;ae40f909;1ccd1655;5181bfa3;3ff483a0;2e8609ca;0b5b2aee;199d857e;7b94fab0;7a6086d8;21a9d5ca;95375b78;3dec93e8;b48e7618;89050f47;4aafe634;6fc7f755;4e1006b6;1d637add;2d799164;9dd78c56;22d4da90;d678e5c8;4bc6e7e1;cc36f8f7;ac80ed98;f1823292;5fa694c4;f8ec4157;27b4f423;edf1c5c7;498a2271;246f5dd5
15,5,330,success,None,22/Jul/2026:17:24:34.262504,22/Jul/2026:17:24:36.533317,2.2708,131,22/Jul/2026:17:24:32.427398;22/Jul/2026:17:24:30.717221;22/Jul/2026:17:24:30.709910;22/Jul/2026:17:24:30.721498;22/Jul/2026:17:24:30.722089;22/Jul/2026:17:24:31.893145;22/Jul/2026:17:24:30.723708;22/Jul/2026:17:24:30.712596;22/Jul/2026:17:24:30.723177;22/Jul/2026:17:24:30.709540;22/Jul/2026:17:24:28.813018;22/Jul/2026:17:24:31.893691;22/Jul/2026:17:24:33.034905;22/Jul/2026:17:24:33.294592;22/Jul/2026:17:24:30.718788;22/Jul/2026:17:24:30.718617;22/Jul/2026:17:24:30.718760;22/Jul/2026:17:24:32.326267;22/Jul/2026:17:24:30.722854;22/Jul/2026:17:24:33.772769;22/Jul/2026:17:24:30.721613;22/Jul/2026:17:24:24.918672;22/Jul/2026:17:24:20.848722;22/Jul/2026:17:24:30.713869;22/Jul/2026:17:24:30.713927;22/Jul/2026:17:24:30.720560;22/Jul/2026:17:24:32.670350;22/Jul/2026:17:24:32.325128;22/Jul/2026:17:24:15.705462;22/Jul/2026:17:24:31.845851;22/Jul/2026:17:24:30.720620;22/Jul/2026:17:24:30.720734;22/Jul/2026:17:24:31.845935;22/Jul/2026:17:24:34.034624;22/Jul/2026:17:24:31.846344;22/Jul/2026:17:24:30.721081;22/Jul/2026:17:24:32.326422;22/Jul/2026:17:24:31.892882;22/Jul/2026:17:24:30.717999;22/Jul/2026:17:24:22.841239;22/Jul/2026:17:24:32.427263;22/Jul/2026:17:24:34.130956;22/Jul/2026:17:24:30.718140;22/Jul/2026:17:24:31.902920;22/Jul/2026:17:24:19.504951;22/Jul/2026:17:24:19.506181;22/Jul/2026:17:24:33.034256;22/Jul/2026:17:24:32.782272;22/Jul/2026:17:24:31.912754;22/Jul/2026:17:24:20.963788;22/Jul/2026:17:24:34.263658;22/Jul/2026:17:24:30.722294;22/Jul/2026:17:24:30.712536;22/Jul/2026:17:24:21.553927;22/Jul/2026:17:24:19.507869;22/Jul/2026:17:24:22.825323;22/Jul/2026:17:24:31.911265;22/Jul/2026:17:24:31.846187;22/Jul/2026:17:24:32.670637;22/Jul/2026:17:24:34.034776;22/Jul/2026:17:24:34.181776;22/Jul/2026:17:24:27.205926;22/Jul/2026:17:24:32.670531;22/Jul/2026:17:24:33.253133;22/Jul/2026:17:24:30.720206;22/Jul/2026:17:24:30.721109;22/Jul/2026:17:24:32.782153;22/Jul/2026:17:24:30.707480;22/Jul/2026:17:24:28.994584;22/Jul/2026:17:24:30.716905;22/Jul/2026:17:24:30.721229;22/Jul/2026:17:24:32.557155;22/Jul/2026:17:24:31.903523;22/Jul/2026:17:24:32.326596;22/Jul/2026:17:24:29.804999;22/Jul/2026:17:24:31.903354;22/Jul/2026:17:24:31.892741;22/Jul/2026:17:24:33.269543;22/Jul/2026:17:24:30.716203;22/Jul/2026:17:24:31.845773;22/Jul/2026:17:24:32.556396;22/Jul/2026:17:24:30.721351;22/Jul/2026:17:24:30.709642;22/Jul/2026:17:24:32.782662;22/Jul/2026:17:24:24.225550;22/Jul/2026:17:24:19.183820;22/Jul/2026:17:24:33.772691;22/Jul/2026:17:24:32.185090;22/Jul/2026:17:24:33.294276;22/Jul/2026:17:24:32.556475;22/Jul/2026:17:24:30.721822;22/Jul/2026:17:24:33.294310;22/Jul/2026:17:24:32.326103;22/Jul/2026:17:24:32.782802;22/Jul/2026:17:24:22.826687;22/Jul/2026:17:24:31.903671;22/Jul/2026:17:24:34.617565;22/Jul/2026:17:24:32.670789;22/Jul/2026:17:24:30.717283;22/Jul/2026:17:24:34.618579;22/Jul/2026:17:24:27.997245;22/Jul/2026:17:24:32.782771;22/Jul/2026:17:24:26.965079;22/Jul/2026:17:24:30.714886;22/Jul/2026:17:24:34.617701;22/Jul/2026:17:24:30.721440;22/Jul/2026:17:24:30.710599;22/Jul/2026:17:24:25.303196;22/Jul/2026:17:24:32.670168;22/Jul/2026:17:24:22.829026;22/Jul/2026:17:24:34.618937;22/Jul/2026:17:24:30.722672;22/Jul/2026:17:24:28.994390;22/Jul/2026:17:24:32.427666;22/Jul/2026:17:24:32.326559;22/Jul/2026:17:24:30.721642;22/Jul/2026:17:24:33.034424;22/Jul/2026:17:24:34.617308;22/Jul/2026:17:24:35.354532;22/Jul/2026:17:24:33.818376;22/Jul/2026:17:24:34.182308;22/Jul/2026:17:24:31.845409;22/Jul/2026:17:24:34.130918;22/Jul/2026:17:24:34.264384;22/Jul/2026:17:24:32.185830;22/Jul/2026:17:24:34.264604;22/Jul/2026:17:24:34.853282;22/Jul/2026:17:24:31.893046;22/Jul/2026:17:24:33.269009;22/Jul/2026:17:24:30.722477;22/Jul/2026:17:24:30.711236,1.8574;3.6303;3.6806;3.7361;3.7370;2.6271;3.7994;3.8114;3.8075;3.8213;5.7234;2.6592;1.5232;1.2713;3.8522;3.8605;3.8750;2.3005;3.9069;0.8695;3.9223;9.7741;13.8555;4.0409;4.0553;4.0649;2.1177;2.4823;19.1286;3.0007;4.2028;4.2027;3.1215;1.0007;3.1952;4.3276;2.7660;3.2239;4.4050;12.2991;2.7508;1.0499;4.4978;3.3324;15.7329;15.7442;2.2243;2.4783;3.3687;14.3305;1.0311;4.5761;4.6019;13.7785;15.8360;12.5485;3.5009;3.5679;2.7688;1.4166;1.2900;8.2751;2.8448;2.2726;4.8363;4.8374;2.7824;4.8719;6.5901;4.8753;4.8713;3.0411;3.7082;3.2932;5.8153;3.7624;3.7843;2.4170;4.9801;3.8896;3.1802;5.0515;5.0818;3.0148;11.6229;16.6746;2.1149;3.7185;2.6327;3.4028;5.2967;2.7249;3.7002;3.2521;13.2204;4.1493;1.4487;3.4003;5.3702;1.4731;8.1166;3.3472;9.1675;5.4185;1.5406;5.4375;5.4589;10.8709;3.5043;13.3530;1.5797;5.5048;7.2483;3.8242;3.9389;5.5457;3.2536;1.6728;0.9359;2.4821;2.1662;4.5191;2.2469;2.1284;4.2129;2.1457;1.5891;4.5596;3.1947;5.7667;5.8075,bytes=830943653-831033454;bytes=295837679-295934867;bytes=90102089-90990899;bytes=483842755-483924364;bytes=542008841-542893128;bytes=628886394-629800883;bytes=582091563-582993357;bytes=127379383-128302428;bytes=577614166-577712977;bytes=86918662-87839550;bytes=1623075604-1623171853;bytes=634863718-634955072;bytes=937946309-938056931;bytes=1074215423-1074304773;bytes=357907041-358812543;bytes=355663976-356564851;bytes=357003732-357907040;bytes=800127308-801045268;bytes=555750335-556651999;bytes=1172765519-1172882409;bytes=484820337-485708227;bytes=739065014-739973477;bytes=1739159984-1740059847;bytes=180309114-181218689;bytes=182324487-182485932;bytes=450836345-450930966;bytes=876343105-876447698;bytes=794280908-794388454;bytes=608028695-608958036;bytes=605825045-606037158;bytes=454652304-454740884;bytes=453645825-454542799;bytes=609866794-609961965;bytes=1214129063-1214297948;bytes=614186449-614284664;bytes=462818131-462902767;bytes=802287696-802474179;bytes=626890300-626992406;bytes=340549458-340630873;bytes=291705719-291798571;bytes=825149656-826059436;bytes=1272114331-1272219782;bytes=339651643-340549457;bytes=652133223-653029732;bytes=1505882322-1506796877;bytes=1512539870-1513418447;bytes=930024667-930126250;bytes=905018761-905113119;bytes=716284551-716394143;bytes=1834076349-1834190683;bytes=1352202288-1353132433;bytes=545181817-546065015;bytes=126492676-127379382;bytes=1913111073-1913233495;bytes=1523499286-1523608447;bytes=213038778-213933941;bytes=696932642-697831249;bytes=608958037-609866793;bytes=880339311-880428846;bytes=1214484453-1215379021;bytes=1295281716-1296181030;bytes=1301026424-1301914000;bytes=875440181-876343104;bytes=986029238-986922112;bytes=443657332-444537942;bytes=475861054-476764725;bytes=900904259-901089236;bytes=56567130-57460713;bytes=1771135507-1772038181;bytes=289013214-289896582;bytes=479677043-479803259;bytes=855671366-855866604;bytes=660448533-661337988;bytes=803368537-804259728;bytes=1845259424-1846166279;bytes=659151290-659347481;bytes=624857988-625779421;bytes=1061589419-1061700987;bytes=252035495-252924192;bytes=603846199-604764782;bytes=846405018-847301304;bytes=479941553-480850432;bytes=88943721-89074012;bytes=906430611-907318976;bytes=574007591-574904207;bytes=1391056161-1391182385;bytes=1168922394-1169058818;bytes=744027705-744917794;bytes=1070167399-1070266394;bytes=847592574-847689897;bytes=487875762-488767977;bytes=1070266395-1070386652;bytes=802021126-802106002;bytes=909567986-909777505;bytes=218621077-219512660;bytes=663542637-663756105;bytes=1385825844-1386724867;bytes=878540881-879440537;bytes=299612938-299798265;bytes=1441735758-1442635422;bytes=1441735758-1442635422;bytes=909375215-909567985;bytes=1185387124-1186289766;bytes=218398595-218621076;bytes=1391056161-1391182385;bytes=482655092-483555319;bytes=97062700-97160197;bytes=855671366-855866604;bytes=870472530-871396245;bytes=241805302-242709624;bytes=1448856723-1449081046;bytes=552928219-553024806;bytes=1769358615-1770232839;bytes=834907026-835095198;bytes=802474180-803368536;bytes=485708228-486618731;bytes=930216947-931113769;bytes=1382919233-1383031980;bytes=1581797740-1581917340;bytes=1185161663-1185275505;bytes=1303727130-1304636732;bytes=600801981-601683450;bytes=1272025344-1272114330;bytes=1366699955-1366817062;bytes=752019689-752921722;bytes=1367041587-1367179169;bytes=1471020402-1471909920;bytes=627102779-628008708;bytes=1049339162-1050241508;bytes=552680388-552758884;bytes=104682994-104841492,27e7cdf6;c9f02671;b3dcea7f;d23ef84a;d391635a;1a9842db;b5348e0e;fc06384b;1d5620f0;867857c8;dc4a7d4f;86530472;4ff1b792;84de323e;51328106;e10bdfcd;bd61d303;c61a86de;97cdbe2e;6dea3d84;6d64d19f;949c7252;9443d6ed;1bd73507;4ebccc30;0634b777;df6556cd;8d39bf88;9f7d42e4;23602cd7;ef2bb9bb;7657790b;75fef67c;2a0970ab;147e8e95;5b8c58df;d680746c;8147da3d;53ecdae0;f8cf0402;c8ff8631;22f91b75;d5242349;895b1395;dfd7f194;fbdeb2e1;90c4a6ea;02cbce0c;645a7d62;96bcb80f;88ca5e35;938d9377;9735b68b;2391318f;d02a812c;d8221f84;cede1254;01fdcf0f;338507cf;2c76aa74;512d490f;93e1808a;e8907b9d;6e22a9de;d3e868a9;470fe06a;e66958d9;435fb296;ac638704;c7c338ca;874a58f7;7deaad43;594f97eb;2cb9d0a2;adcf6b10;a46c05f2;ffc9ee00;c1e9aeee;1fb85815;c4a1abc7;ddae155c;66ef8a92;e21d03ca;7a42edfe;9b43cf11;79610ab0;bba319e8;c7dca747;ae40f909;1ccd1655;5181bfa3;3ff483a0;2e8609ca;0b5b2aee;199d857e;7b94fab0;7a6086d8;21a9d5ca;95375b78;3dec93e8;b48e7618;89050f47;4aafe634;6fc7f755;4e1006b6;1d637add;2d799164;9dd78c56;22d4da90;d678e5c8;4bc6e7e1;cc36f8f7;ac80ed98;f1823292;5fa694c4;f8ec4157;27b4f423;edf1c5c7;498a2271;246f5dd5;50a8d123;777b5fb6;0017756a;1f3fbf07;91200632;631aa371;10b926d1;8649c637;47e4a41b;ca132a31;f04e3339
15,5,337,success,None,22/Jul/2026:17:24:34.615037,22/Jul/2026:17:24:36.551037,1.9360,114,22/Jul/2026:17:24:32.326267;22/Jul/2026:17:24:30.722854;22/Jul/2026:17:24:33.772769;22/Jul/2026:17:24:30.721613;22/Jul/2026:17:24:24.918672;22/Jul/2026:17:24:20.848722;22/Jul/2026:17:24:30.713869;22/Jul/2026:17:24:30.713927;22/Jul/2026:17:24:30.720560;22/Jul/2026:17:24:32.670350;22/Jul/2026:17:24:32.325128;22/Jul/2026:17:24:15.705462;22/Jul/2026:17:24:31.845851;22/Jul/2026:17:24:30.720620;22/Jul/2026:17:24:30.720734;22/Jul/2026:17:24:31.845935;22/Jul/2026:17:24:34.034624;22/Jul/2026:17:24:31.846344;22/Jul/2026:17:24:30.721081;22/Jul/2026:17:24:32.326422;22/Jul/2026:17:24:31.892882;22/Jul/2026:17:24:30.717999;22/Jul/2026:17:24:22.841239;22/Jul/2026:17:24:32.427263;22/Jul/2026:17:24:34.130956;22/Jul/2026:17:24:30.718140;22/Jul/2026:17:24:31.902920;22/Jul/2026:17:24:19.504951;22/Jul/2026:17:24:19.506181;22/Jul/2026:17:24:33.034256;22/Jul/2026:17:24:32.782272;22/Jul/2026:17:24:31.912754;22/Jul/2026:17:24:20.963788;22/Jul/2026:17:24:34.263658;22/Jul/2026:17:24:30.722294;22/Jul/2026:17:24:30.712536;22/Jul/2026:17:24:21.553927;22/Jul/2026:17:24:19.507869;22/Jul/2026:17:24:22.825323;22/Jul/2026:17:24:31.911265;22/Jul/2026:17:24:31.846187;22/Jul/2026:17:24:32.670637;22/Jul/2026:17:24:34.034776;22/Jul/2026:17:24:34.181776;22/Jul/2026:17:24:27.205926;22/Jul/2026:17:24:32.670531;22/Jul/2026:17:24:33.253133;22/Jul/2026:17:24:30.720206;22/Jul/2026:17:24:30.721109;22/Jul/2026:17:24:32.782153;22/Jul/2026:17:24:30.707480;22/Jul/2026:17:24:28.994584;22/Jul/2026:17:24:30.716905;22/Jul/2026:17:24:30.721229;22/Jul/2026:17:24:32.557155;22/Jul/2026:17:24:31.903523;22/Jul/2026:17:24:32.326596;22/Jul/2026:17:24:29.804999;22/Jul/2026:17:24:31.903354;22/Jul/2026:17:24:31.892741;22/Jul/2026:17:24:33.269543;22/Jul/2026:17:24:30.716203;22/Jul/2026:17:24:31.845773;22/Jul/2026:17:24:32.556396;22/Jul/2026:17:24:30.721351;22/Jul/2026:17:24:30.709642;22/Jul/2026:17:24:32.782662;22/Jul/2026:17:24:24.225550;22/Jul/2026:17:24:19.183820;22/Jul/2026:17:24:33.772691;22/Jul/2026:17:24:32.185090;22/Jul/2026:17:24:33.294276;22/Jul/2026:17:24:32.556475;22/Jul/2026:17:24:30.721822;22/Jul/2026:17:24:33.294310;22/Jul/2026:17:24:32.326103;22/Jul/2026:17:24:32.782802;22/Jul/2026:17:24:22.826687;22/Jul/2026:17:24:31.903671;22/Jul/2026:17:24:34.617565;22/Jul/2026:17:24:32.670789;22/Jul/2026:17:24:30.717283;22/Jul/2026:17:24:34.618579;22/Jul/2026:17:24:27.997245;22/Jul/2026:17:24:32.782771;22/Jul/2026:17:24:26.965079;22/Jul/2026:17:24:30.714886;22/Jul/2026:17:24:34.617701;22/Jul/2026:17:24:30.721440;22/Jul/2026:17:24:30.710599;22/Jul/2026:17:24:25.303196;22/Jul/2026:17:24:32.670168;22/Jul/2026:17:24:22.829026;22/Jul/2026:17:24:34.618937;22/Jul/2026:17:24:30.722672;22/Jul/2026:17:24:28.994390;22/Jul/2026:17:24:32.427666;22/Jul/2026:17:24:32.326559;22/Jul/2026:17:24:30.721642;22/Jul/2026:17:24:33.034424;22/Jul/2026:17:24:34.617308;22/Jul/2026:17:24:35.354532;22/Jul/2026:17:24:33.818376;22/Jul/2026:17:24:34.182308;22/Jul/2026:17:24:31.845409;22/Jul/2026:17:24:34.130918;22/Jul/2026:17:24:34.264384;22/Jul/2026:17:24:32.185830;22/Jul/2026:17:24:34.264604;22/Jul/2026:17:24:34.853282;22/Jul/2026:17:24:31.893046;22/Jul/2026:17:24:33.269009;22/Jul/2026:17:24:30.722477;22/Jul/2026:17:24:30.711236,2.3005;3.9069;0.8695;3.9223;9.7741;13.8555;4.0409;4.0553;4.0649;2.1177;2.4823;19.1286;3.0007;4.2028;4.2027;3.1215;1.0007;3.1952;4.3276;2.7660;3.2239;4.4050;12.2991;2.7508;1.0499;4.4978;3.3324;15.7329;15.7442;2.2243;2.4783;3.3687;14.3305;1.0311;4.5761;4.6019;13.7785;15.8360;12.5485;3.5009;3.5679;2.7688;1.4166;1.2900;8.2751;2.8448;2.2726;4.8363;4.8374;2.7824;4.8719;6.5901;4.8753;4.8713;3.0411;3.7082;3.2932;5.8153;3.7624;3.7843;2.4170;4.9801;3.8896;3.1802;5.0515;5.0818;3.0148;11.6229;16.6746;2.1149;3.7185;2.6327;3.4028;5.2967;2.7249;3.7002;3.2521;13.2204;4.1493;1.4487;3.4003;5.3702;1.4731;8.1166;3.3472;9.1675;5.4185;1.5406;5.4375;5.4589;10.8709;3.5043;13.3530;1.5797;5.5048;7.2483;3.8242;3.9389;5.5457;3.2536;1.6728;0.9359;2.4821;2.1662;4.5191;2.2469;2.1284;4.2129;2.1457;1.5891;4.5596;3.1947;5.7667;5.8075,bytes=800127308-801045268;bytes=555750335-556651999;bytes=1172765519-1172882409;bytes=484820337-485708227;bytes=739065014-739973477;bytes=1739159984-1740059847;bytes=180309114-181218689;bytes=182324487-182485932;bytes=450836345-450930966;bytes=876343105-876447698;bytes=794280908-794388454;bytes=608028695-608958036;bytes=605825045-606037158;bytes=454652304-454740884;bytes=453645825-454542799;bytes=609866794-609961965;bytes=1214129063-1214297948;bytes=614186449-614284664;bytes=462818131-462902767;bytes=802287696-802474179;bytes=626890300-626992406;bytes=340549458-340630873;bytes=291705719-291798571;bytes=825149656-826059436;bytes=1272114331-1272219782;bytes=339651643-340549457;bytes=652133223-653029732;bytes=1505882322-1506796877;bytes=1512539870-1513418447;bytes=930024667-930126250;bytes=905018761-905113119;bytes=716284551-716394143;bytes=1834076349-1834190683;bytes=1352202288-1353132433;bytes=545181817-546065015;bytes=126492676-127379382;bytes=1913111073-1913233495;bytes=1523499286-1523608447;bytes=213038778-213933941;bytes=696932642-697831249;bytes=608958037-609866793;bytes=880339311-880428846;bytes=1214484453-1215379021;bytes=1295281716-1296181030;bytes=1301026424-1301914000;bytes=875440181-876343104;bytes=986029238-986922112;bytes=443657332-444537942;bytes=475861054-476764725;bytes=900904259-901089236;bytes=56567130-57460713;bytes=1771135507-1772038181;bytes=289013214-289896582;bytes=479677043-479803259;bytes=855671366-855866604;bytes=660448533-661337988;bytes=803368537-804259728;bytes=1845259424-1846166279;bytes=659151290-659347481;bytes=624857988-625779421;bytes=1061589419-1061700987;bytes=252035495-252924192;bytes=603846199-604764782;bytes=846405018-847301304;bytes=479941553-480850432;bytes=88943721-89074012;bytes=906430611-907318976;bytes=574007591-574904207;bytes=1391056161-1391182385;bytes=1168922394-1169058818;bytes=744027705-744917794;bytes=1070167399-1070266394;bytes=847592574-847689897;bytes=487875762-488767977;bytes=1070266395-1070386652;bytes=802021126-802106002;bytes=909567986-909777505;bytes=218621077-219512660;bytes=663542637-663756105;bytes=1385825844-1386724867;bytes=878540881-879440537;bytes=299612938-299798265;bytes=1441735758-1442635422;bytes=1441735758-1442635422;bytes=909375215-909567985;bytes=1185387124-1186289766;bytes=218398595-218621076;bytes=1391056161-1391182385;bytes=482655092-483555319;bytes=97062700-97160197;bytes=855671366-855866604;bytes=870472530-871396245;bytes=241805302-242709624;bytes=1448856723-1449081046;bytes=552928219-553024806;bytes=1769358615-1770232839;bytes=834907026-835095198;bytes=802474180-803368536;bytes=485708228-486618731;bytes=930216947-931113769;bytes=1382919233-1383031980;bytes=1581797740-1581917340;bytes=1185161663-1185275505;bytes=1303727130-1304636732;bytes=600801981-601683450;bytes=1272025344-1272114330;bytes=1366699955-1366817062;bytes=752019689-752921722;bytes=1367041587-1367179169;bytes=1471020402-1471909920;bytes=627102779-628008708;bytes=1049339162-1050241508;bytes=552680388-552758884;bytes=104682994-104841492,c61a86de;97cdbe2e;6dea3d84;6d64d19f;949c7252;9443d6ed;1bd73507;4ebccc30;0634b777;df6556cd;8d39bf88;9f7d42e4;23602cd7;ef2bb9bb;7657790b;75fef67c;2a0970ab;147e8e95;5b8c58df;d680746c;8147da3d;53ecdae0;f8cf0402;c8ff8631;22f91b75;d5242349;895b1395;dfd7f194;fbdeb2e1;90c4a6ea;02cbce0c;645a7d62;96bcb80f;88ca5e35;938d9377;9735b68b;2391318f;d02a812c;d8221f84;cede1254;01fdcf0f;338507cf;2c76aa74;512d490f;93e1808a;e8907b9d;6e22a9de;d3e868a9;470fe06a;e66958d9;435fb296;ac638704;c7c338ca;874a58f7;7deaad43;594f97eb;2cb9d0a2;adcf6b10;a46c05f2;ffc9ee00;c1e9aeee;1fb85815;c4a1abc7;ddae155c;66ef8a92;e21d03ca;7a42edfe;9b43cf11;79610ab0;bba319e8;c7dca747;ae40f909;1ccd1655;5181bfa3;3ff483a0;2e8609ca;0b5b2aee;199d857e;7b94fab0;7a6086d8;21a9d5ca;95375b78;3dec93e8;b48e7618;89050f47;4aafe634;6fc7f755;4e1006b6;1d637add;2d799164;9dd78c56;22d4da90;d678e5c8;4bc6e7e1;cc36f8f7;ac80ed98;f1823292;5fa694c4;f8ec4157;27b4f423;edf1c5c7;498a2271;246f5dd5;50a8d123;777b5fb6;0017756a;1f3fbf07;91200632;631aa371;10b926d1;8649c637;47e4a41b;ca132a31;f04e3339
15,5,358,success,None,22/Jul/2026:17:24:34.852220,22/Jul/2026:17:24:36.863962,2.0117,111,22/Jul/2026:17:24:30.720620;22/Jul/2026:17:24:30.720734;22/Jul/2026:17:24:31.845935;22/Jul/2026:17:24:34.034624;22/Jul/2026:17:24:31.846344;22/Jul/2026:17:24:30.721081;22/Jul/2026:17:24:32.326422;22/Jul/2026:17:24:31.892882;22/Jul/2026:17:24:30.717999;22/Jul/2026:17:24:22.841239;22/Jul/2026:17:24:32.427263;22/Jul/2026:17:24:34.130956;22/Jul/2026:17:24:30.718140;22/Jul/2026:17:24:31.902920;22/Jul/2026:17:24:19.504951;22/Jul/2026:17:24:19.506181;22/Jul/2026:17:24:33.034256;22/Jul/2026:17:24:32.782272;22/Jul/2026:17:24:31.912754;22/Jul/2026:17:24:20.963788;22/Jul/2026:17:24:34.263658;22/Jul/2026:17:24:30.722294;22/Jul/2026:17:24:30.712536;22/Jul/2026:17:24:21.553927;22/Jul/2026:17:24:19.507869;22/Jul/2026:17:24:22.825323;22/Jul/2026:17:24:31.911265;22/Jul/2026:17:24:31.846187;22/Jul/2026:17:24:32.670637;22/Jul/2026:17:24:34.034776;22/Jul/2026:17:24:34.181776;22/Jul/2026:17:24:27.205926;22/Jul/2026:17:24:32.670531;22/Jul/2026:17:24:33.253133;22/Jul/2026:17:24:30.720206;22/Jul/2026:17:24:30.721109;22/Jul/2026:17:24:32.782153;22/Jul/2026:17:24:30.707480;22/Jul/2026:17:24:28.994584;22/Jul/2026:17:24:30.716905;22/Jul/2026:17:24:30.721229;22/Jul/2026:17:24:32.557155;22/Jul/2026:17:24:31.903523;22/Jul/2026:17:24:32.326596;22/Jul/2026:17:24:29.804999;22/Jul/2026:17:24:31.903354;22/Jul/2026:17:24:31.892741;22/Jul/2026:17:24:33.269543;22/Jul/2026:17:24:30.716203;22/Jul/2026:17:24:31.845773;22/Jul/2026:17:24:32.556396;22/Jul/2026:17:24:30.721351;22/Jul/2026:17:24:30.709642;22/Jul/2026:17:24:32.782662;22/Jul/2026:17:24:24.225550;22/Jul/2026:17:24:19.183820;22/Jul/2026:17:24:33.772691;22/Jul/2026:17:24:32.185090;22/Jul/2026:17:24:33.294276;22/Jul/2026:17:24:32.556475;22/Jul/2026:17:24:30.721822;22/Jul/2026:17:24:33.294310;22/Jul/2026:17:24:32.326103;22/Jul/2026:17:24:32.782802;22/Jul/2026:17:24:22.826687;22/Jul/2026:17:24:31.903671;22/Jul/2026:17:24:34.617565;22/Jul/2026:17:24:32.670789;22/Jul/2026:17:24:30.717283;22/Jul/2026:17:24:34.618579;22/Jul/2026:17:24:27.997245;22/Jul/2026:17:24:32.782771;22/Jul/2026:17:24:26.965079;22/Jul/2026:17:24:30.714886;22/Jul/2026:17:24:34.617701;22/Jul/2026:17:24:30.721440;22/Jul/2026:17:24:30.710599;22/Jul/2026:17:24:25.303196;22/Jul/2026:17:24:32.670168;22/Jul/2026:17:24:22.829026;22/Jul/2026:17:24:34.618937;22/Jul/2026:17:24:30.722672;22/Jul/2026:17:24:28.994390;22/Jul/2026:17:24:32.427666;22/Jul/2026:17:24:32.326559;22/Jul/2026:17:24:30.721642;22/Jul/2026:17:24:33.034424;22/Jul/2026:17:24:34.617308;22/Jul/2026:17:24:35.354532;22/Jul/2026:17:24:33.818376;22/Jul/2026:17:24:34.182308;22/Jul/2026:17:24:31.845409;22/Jul/2026:17:24:34.130918;22/Jul/2026:17:24:34.264384;22/Jul/2026:17:24:32.185830;22/Jul/2026:17:24:34.264604;22/Jul/2026:17:24:34.853282;22/Jul/2026:17:24:31.893046;22/Jul/2026:17:24:33.269009;22/Jul/2026:17:24:30.722477;22/Jul/2026:17:24:30.711236;22/Jul/2026:17:24:33.268237;22/Jul/2026:17:24:34.264638;22/Jul/2026:17:24:35.693525;22/Jul/2026:17:24:35.693490;22/Jul/2026:17:24:34.618771;22/Jul/2026:17:24:33.294452;22/Jul/2026:17:24:30.710483;22/Jul/2026:17:24:17.905665;22/Jul/2026:17:24:32.670568;22/Jul/2026:17:24:31.845639,4.2028;4.2027;3.1215;1.0007;3.1952;4.3276;2.7660;3.2239;4.4050;12.2991;2.7508;1.0499;4.4978;3.3324;15.7329;15.7442;2.2243;2.4783;3.3687;14.3305;1.0311;4.5761;4.6019;13.7785;15.8360;12.5485;3.5009;3.5679;2.7688;1.4166;1.2900;8.2751;2.8448;2.2726;4.8363;4.8374;2.7824;4.8719;6.5901;4.8753;4.8713;3.0411;3.7082;3.2932;5.8153;3.7624;3.7843;2.4170;4.9801;3.8896;3.1802;5.0515;5.0818;3.0148;11.6229;16.6746;2.1149;3.7185;2.6327;3.4028;5.2967;2.7249;3.7002;3.2521;13.2204;4.1493;1.4487;3.4003;5.3702;1.4731;8.1166;3.3472;9.1675;5.4185;1.5406;5.4375;5.4589;10.8709;3.5043;13.3530;1.5797;5.5048;7.2483;3.8242;3.9389;5.5457;3.2536;1.6728;0.9359;2.4821;2.1662;4.5191;2.2469;2.1284;4.2129;2.1457;1.5891;4.5596;3.1947;5.7667;5.8075;3.3461;2.3818;1.0028;1.0040;2.1202;3.4517;6.0662;18.8762;4.1266;5.0039,bytes=454652304-454740884;bytes=453645825-454542799;bytes=609866794-609961965;bytes=1214129063-1214297948;bytes=614186449-614284664;bytes=462818131-462902767;bytes=802287696-802474179;bytes=626890300-626992406;bytes=340549458-340630873;bytes=291705719-291798571;bytes=825149656-826059436;bytes=1272114331-1272219782;bytes=339651643-340549457;bytes=652133223-653029732;bytes=1505882322-1506796877;bytes=1512539870-1513418447;bytes=930024667-930126250;bytes=905018761-905113119;bytes=716284551-716394143;bytes=1834076349-1834190683;bytes=1352202288-1353132433;bytes=545181817-546065015;bytes=126492676-127379382;bytes=1913111073-1913233495;bytes=1523499286-1523608447;bytes=213038778-213933941;bytes=696932642-697831249;bytes=608958037-609866793;bytes=880339311-880428846;bytes=1214484453-1215379021;bytes=1295281716-1296181030;bytes=1301026424-1301914000;bytes=875440181-876343104;bytes=986029238-986922112;bytes=443657332-444537942;bytes=475861054-476764725;bytes=900904259-901089236;bytes=56567130-57460713;bytes=1771135507-1772038181;bytes=289013214-289896582;bytes=479677043-479803259;bytes=855671366-855866604;bytes=660448533-661337988;bytes=803368537-804259728;bytes=1845259424-1846166279;bytes=659151290-659347481;bytes=624857988-625779421;bytes=1061589419-1061700987;bytes=252035495-252924192;bytes=603846199-604764782;bytes=846405018-847301304;bytes=479941553-480850432;bytes=88943721-89074012;bytes=906430611-907318976;bytes=574007591-574904207;bytes=1391056161-1391182385;bytes=1168922394-1169058818;bytes=744027705-744917794;bytes=1070167399-1070266394;bytes=847592574-847689897;bytes=487875762-488767977;bytes=1070266395-1070386652;bytes=802021126-802106002;bytes=909567986-909777505;bytes=218621077-219512660;bytes=663542637-663756105;bytes=1385825844-1386724867;bytes=878540881-879440537;bytes=299612938-299798265;bytes=1441735758-1442635422;bytes=1441735758-1442635422;bytes=909375215-909567985;bytes=1185387124-1186289766;bytes=218398595-218621076;bytes=1391056161-1391182385;bytes=482655092-483555319;bytes=97062700-97160197;bytes=855671366-855866604;bytes=870472530-871396245;bytes=241805302-242709624;bytes=1448856723-1449081046;bytes=552928219-553024806;bytes=1769358615-1770232839;bytes=834907026-835095198;bytes=802474180-803368536;bytes=485708228-486618731;bytes=930216947-931113769;bytes=1382919233-1383031980;bytes=1581797740-1581917340;bytes=1185161663-1185275505;bytes=1303727130-1304636732;bytes=600801981-601683450;bytes=1272025344-1272114330;bytes=1366699955-1366817062;bytes=752019689-752921722;bytes=1367041587-1367179169;bytes=1471020402-1471909920;bytes=627102779-628008708;bytes=1049339162-1050241508;bytes=552680388-552758884;bytes=104682994-104841492;bytes=1041131964-1042030338;bytes=1370772023-1370873808;bytes=1664825934-1664941499;bytes=1661022867-1661235301;bytes=1448764433-1448856722;bytes=1071287543-1072163061;bytes=95891543-96791067;bytes=1131770168-1131872360;bytes=876555465-876650552;bytes=602048918-602953355,ef2bb9bb;7657790b;75fef67c;2a0970ab;147e8e95;5b8c58df;d680746c;8147da3d;53ecdae0;f8cf0402;c8ff8631;22f91b75;d5242349;895b1395;dfd7f194;fbdeb2e1;90c4a6ea;02cbce0c;645a7d62;96bcb80f;88ca5e35;938d9377;9735b68b;2391318f;d02a812c;d8221f84;cede1254;01fdcf0f;338507cf;2c76aa74;512d490f;93e1808a;e8907b9d;6e22a9de;d3e868a9;470fe06a;e66958d9;435fb296;ac638704;c7c338ca;874a58f7;7deaad43;594f97eb;2cb9d0a2;adcf6b10;a46c05f2;ffc9ee00;c1e9aeee;1fb85815;c4a1abc7;ddae155c;66ef8a92;e21d03ca;7a42edfe;9b43cf11;79610ab0;bba319e8;c7dca747;ae40f909;1ccd1655;5181bfa3;3ff483a0;2e8609ca;0b5b2aee;199d857e;7b94fab0;7a6086d8;21a9d5ca;95375b78;3dec93e8;b48e7618;89050f47;4aafe634;6fc7f755;4e1006b6;1d637add;2d799164;9dd78c56;22d4da90;d678e5c8;4bc6e7e1;cc36f8f7;ac80ed98;f1823292;5fa694c4;f8ec4157;27b4f423;edf1c5c7;498a2271;246f5dd5;50a8d123;777b5fb6;0017756a;1f3fbf07;91200632;631aa371;10b926d1;8649c637;47e4a41b;ca132a31;f04e3339;6d9e06b0;10894c11;83bff712;090553de;9883d1f6;72144cc5;7aa72382;16beff81;0561bdc7;148f4424
15,5,351,success,None,22/Jul/2026:17:24:34.615625,22/Jul/2026:17:24:37.061081,2.4454,135,22/Jul/2026:17:24:32.326267;22/Jul/2026:17:24:30.722854;22/Jul/2026:17:24:33.772769;22/Jul/2026:17:24:30.721613;22/Jul/2026:17:24:24.918672;22/Jul/2026:17:24:20.848722;22/Jul/2026:17:24:30.713869;22/Jul/2026:17:24:30.713927;22/Jul/2026:17:24:30.720560;22/Jul/2026:17:24:32.670350;22/Jul/2026:17:24:32.325128;22/Jul/2026:17:24:15.705462;22/Jul/2026:17:24:31.845851;22/Jul/2026:17:24:30.720620;22/Jul/2026:17:24:30.720734;22/Jul/2026:17:24:31.845935;22/Jul/2026:17:24:34.034624;22/Jul/2026:17:24:31.846344;22/Jul/2026:17:24:30.721081;22/Jul/2026:17:24:32.326422;22/Jul/2026:17:24:31.892882;22/Jul/2026:17:24:30.717999;22/Jul/2026:17:24:22.841239;22/Jul/2026:17:24:32.427263;22/Jul/2026:17:24:34.130956;22/Jul/2026:17:24:30.718140;22/Jul/2026:17:24:31.902920;22/Jul/2026:17:24:19.504951;22/Jul/2026:17:24:19.506181;22/Jul/2026:17:24:33.034256;22/Jul/2026:17:24:32.782272;22/Jul/2026:17:24:31.912754;22/Jul/2026:17:24:20.963788;22/Jul/2026:17:24:34.263658;22/Jul/2026:17:24:30.722294;22/Jul/2026:17:24:30.712536;22/Jul/2026:17:24:21.553927;22/Jul/2026:17:24:19.507869;22/Jul/2026:17:24:22.825323;22/Jul/2026:17:24:31.911265;22/Jul/2026:17:24:31.846187;22/Jul/2026:17:24:32.670637;22/Jul/2026:17:24:34.034776;22/Jul/2026:17:24:34.181776;22/Jul/2026:17:24:27.205926;22/Jul/2026:17:24:32.670531;22/Jul/2026:17:24:33.253133;22/Jul/2026:17:24:30.720206;22/Jul/2026:17:24:30.721109;22/Jul/2026:17:24:32.782153;22/Jul/2026:17:24:30.707480;22/Jul/2026:17:24:28.994584;22/Jul/2026:17:24:30.716905;22/Jul/2026:17:24:30.721229;22/Jul/2026:17:24:32.557155;22/Jul/2026:17:24:31.903523;22/Jul/2026:17:24:32.326596;22/Jul/2026:17:24:29.804999;22/Jul/2026:17:24:31.903354;22/Jul/2026:17:24:31.892741;22/Jul/2026:17:24:33.269543;22/Jul/2026:17:24:30.716203;22/Jul/2026:17:24:31.845773;22/Jul/2026:17:24:32.556396;22/Jul/2026:17:24:30.721351;22/Jul/2026:17:24:30.709642;22/Jul/2026:17:24:32.782662;22/Jul/2026:17:24:24.225550;22/Jul/2026:17:24:19.183820;22/Jul/2026:17:24:33.772691;22/Jul/2026:17:24:32.185090;22/Jul/2026:17:24:33.294276;22/Jul/2026:17:24:32.556475;22/Jul/2026:17:24:30.721822;22/Jul/2026:17:24:33.294310;22/Jul/2026:17:24:32.326103;22/Jul/2026:17:24:32.782802;22/Jul/2026:17:24:22.826687;22/Jul/2026:17:24:31.903671;22/Jul/2026:17:24:34.617565;22/Jul/2026:17:24:32.670789;22/Jul/2026:17:24:30.717283;22/Jul/2026:17:24:34.618579;22/Jul/2026:17:24:27.997245;22/Jul/2026:17:24:32.782771;22/Jul/2026:17:24:26.965079;22/Jul/2026:17:24:30.714886;22/Jul/2026:17:24:34.617701;22/Jul/2026:17:24:30.721440;22/Jul/2026:17:24:30.710599;22/Jul/2026:17:24:25.303196;22/Jul/2026:17:24:32.670168;22/Jul/2026:17:24:22.829026;22/Jul/2026:17:24:34.618937;22/Jul/2026:17:24:30.722672;22/Jul/2026:17:24:28.994390;22/Jul/2026:17:24:32.427666;22/Jul/2026:17:24:32.326559;22/Jul/2026:17:24:30.721642;22/Jul/2026:17:24:33.034424;22/Jul/2026:17:24:34.617308;22/Jul/2026:17:24:35.354532;22/Jul/2026:17:24:33.818376;22/Jul/2026:17:24:34.182308;22/Jul/2026:17:24:31.845409;22/Jul/2026:17:24:34.130918;22/Jul/2026:17:24:34.264384;22/Jul/2026:17:24:32.185830;22/Jul/2026:17:24:34.264604;22/Jul/2026:17:24:34.853282;22/Jul/2026:17:24:31.893046;22/Jul/2026:17:24:33.269009;22/Jul/2026:17:24:30.722477;22/Jul/2026:17:24:30.711236;22/Jul/2026:17:24:33.268237;22/Jul/2026:17:24:34.264638;22/Jul/2026:17:24:35.693525;22/Jul/2026:17:24:35.693490;22/Jul/2026:17:24:34.618771;22/Jul/2026:17:24:33.294452;22/Jul/2026:17:24:30.710483;22/Jul/2026:17:24:17.905665;22/Jul/2026:17:24:32.670568;22/Jul/2026:17:24:31.845639;22/Jul/2026:17:24:34.618611;22/Jul/2026:17:24:35.353774;22/Jul/2026:17:24:35.693254;22/Jul/2026:17:24:34.990592;22/Jul/2026:17:24:33.268856;22/Jul/2026:17:24:33.268894;22/Jul/2026:17:24:31.893227;22/Jul/2026:17:24:30.723506;22/Jul/2026:17:24:34.990833;22/Jul/2026:17:24:33.772375;22/Jul/2026:17:24:30.718196,2.3005;3.9069;0.8695;3.9223;9.7741;13.8555;4.0409;4.0553;4.0649;2.1177;2.4823;19.1286;3.0007;4.2028;4.2027;3.1215;1.0007;3.1952;4.3276;2.7660;3.2239;4.4050;12.2991;2.7508;1.0499;4.4978;3.3324;15.7329;15.7442;2.2243;2.4783;3.3687;14.3305;1.0311;4.5761;4.6019;13.7785;15.8360;12.5485;3.5009;3.5679;2.7688;1.4166;1.2900;8.2751;2.8448;2.2726;4.8363;4.8374;2.7824;4.8719;6.5901;4.8753;4.8713;3.0411;3.7082;3.2932;5.8153;3.7624;3.7843;2.4170;4.9801;3.8896;3.1802;5.0515;5.0818;3.0148;11.6229;16.6746;2.1149;3.7185;2.6327;3.4028;5.2967;2.7249;3.7002;3.2521;13.2204;4.1493;1.4487;3.4003;5.3702;1.4731;8.1166;3.3472;9.1675;5.4185;1.5406;5.4375;5.4589;10.8709;3.5043;13.3530;1.5797;5.5048;7.2483;3.8242;3.9389;5.5457;3.2536;1.6728;0.9359;2.4821;2.1662;4.5191;2.2469;2.1284;4.2129;2.1457;1.5891;4.5596;3.1947;5.7667;5.8075;3.3461;2.3818;1.0028;1.0040;2.1202;3.4517;6.0662;18.8762;4.1266;5.0039;2.2920;1.5840;1.2485;1.9566;3.6961;3.7039;5.1078;6.2786;2.0348;3.2640;6.3291,bytes=800127308-801045268;bytes=555750335-556651999;bytes=1172765519-1172882409;bytes=484820337-485708227;bytes=739065014-739973477;bytes=1739159984-1740059847;bytes=180309114-181218689;bytes=182324487-182485932;bytes=450836345-450930966;bytes=876343105-876447698;bytes=794280908-794388454;bytes=608028695-608958036;bytes=605825045-606037158;bytes=454652304-454740884;bytes=453645825-454542799;bytes=609866794-609961965;bytes=1214129063-1214297948;bytes=614186449-614284664;bytes=462818131-462902767;bytes=802287696-802474179;bytes=626890300-626992406;bytes=340549458-340630873;bytes=291705719-291798571;bytes=825149656-826059436;bytes=1272114331-1272219782;bytes=339651643-340549457;bytes=652133223-653029732;bytes=1505882322-1506796877;bytes=1512539870-1513418447;bytes=930024667-930126250;bytes=905018761-905113119;bytes=716284551-716394143;bytes=1834076349-1834190683;bytes=1352202288-1353132433;bytes=545181817-546065015;bytes=126492676-127379382;bytes=1913111073-1913233495;bytes=1523499286-1523608447;bytes=213038778-213933941;bytes=696932642-697831249;bytes=608958037-609866793;bytes=880339311-880428846;bytes=1214484453-1215379021;bytes=1295281716-1296181030;bytes=1301026424-1301914000;bytes=875440181-876343104;bytes=986029238-986922112;bytes=443657332-444537942;bytes=475861054-476764725;bytes=900904259-901089236;bytes=56567130-57460713;bytes=1771135507-1772038181;bytes=289013214-289896582;bytes=479677043-479803259;bytes=855671366-855866604;bytes=660448533-661337988;bytes=803368537-804259728;bytes=1845259424-1846166279;bytes=659151290-659347481;bytes=624857988-625779421;bytes=1061589419-1061700987;bytes=252035495-252924192;bytes=603846199-604764782;bytes=846405018-847301304;bytes=479941553-480850432;bytes=88943721-89074012;bytes=906430611-907318976;bytes=574007591-574904207;bytes=1391056161-1391182385;bytes=1168922394-1169058818;bytes=744027705-744917794;bytes=1070167399-1070266394;bytes=847592574-847689897;bytes=487875762-488767977;bytes=1070266395-1070386652;bytes=802021126-802106002;bytes=909567986-909777505;bytes=218621077-219512660;bytes=663542637-663756105;bytes=1385825844-1386724867;bytes=878540881-879440537;bytes=299612938-299798265;bytes=1441735758-1442635422;bytes=1441735758-1442635422;bytes=909375215-909567985;bytes=1185387124-1186289766;bytes=218398595-218621076;bytes=1391056161-1391182385;bytes=482655092-483555319;bytes=97062700-97160197;bytes=855671366-855866604;bytes=870472530-871396245;bytes=241805302-242709624;bytes=1448856723-1449081046;bytes=552928219-553024806;bytes=1769358615-1770232839;bytes=834907026-835095198;bytes=802474180-803368536;bytes=485708228-486618731;bytes=930216947-931113769;bytes=1382919233-1383031980;bytes=1581797740-1581917340;bytes=1185161663-1185275505;bytes=1303727130-1304636732;bytes=600801981-601683450;bytes=1272025344-1272114330;bytes=1366699955-1366817062;bytes=752019689-752921722;bytes=1367041587-1367179169;bytes=1471020402-1471909920;bytes=627102779-628008708;bytes=1049339162-1050241508;bytes=552680388-552758884;bytes=104682994-104841492;bytes=1041131964-1042030338;bytes=1370772023-1370873808;bytes=1664825934-1664941499;bytes=1661022867-1661235301;bytes=1448764433-1448856722;bytes=1071287543-1072163061;bytes=95891543-96791067;bytes=1131770168-1131872360;bytes=876555465-876650552;bytes=602048918-602953355;bytes=1442635423-1443557219;bytes=1570528441-1571410928;bytes=1660730411-1660845354;bytes=1509197624-1510114642;bytes=1048931149-1049125980;bytes=1049125981-1049339161;bytes=630893869-630990582;bytes=579017069-579904054;bytes=1511649095-1512539869;bytes=1164784907-1164986061;bytes=340808276-340891921,c61a86de;97cdbe2e;6dea3d84;6d64d19f;949c7252;9443d6ed;1bd73507;4ebccc30;0634b777;df6556cd;8d39bf88;9f7d42e4;23602cd7;ef2bb9bb;7657790b;75fef67c;2a0970ab;147e8e95;5b8c58df;d680746c;8147da3d;53ecdae0;f8cf0402;c8ff8631;22f91b75;d5242349;895b1395;dfd7f194;fbdeb2e1;90c4a6ea;02cbce0c;645a7d62;96bcb80f;88ca5e35;938d9377;9735b68b;2391318f;d02a812c;d8221f84;cede1254;01fdcf0f;338507cf;2c76aa74;512d490f;93e1808a;e8907b9d;6e22a9de;d3e868a9;470fe06a;e66958d9;435fb296;ac638704;c7c338ca;874a58f7;7deaad43;594f97eb;2cb9d0a2;adcf6b10;a46c05f2;ffc9ee00;c1e9aeee;1fb85815;c4a1abc7;ddae155c;66ef8a92;e21d03ca;7a42edfe;9b43cf11;79610ab0;bba319e8;c7dca747;ae40f909;1ccd1655;5181bfa3;3ff483a0;2e8609ca;0b5b2aee;199d857e;7b94fab0;7a6086d8;21a9d5ca;95375b78;3dec93e8;b48e7618;89050f47;4aafe634;6fc7f755;4e1006b6;1d637add;2d799164;9dd78c56;22d4da90;d678e5c8;4bc6e7e1;cc36f8f7;ac80ed98;f1823292;5fa694c4;f8ec4157;27b4f423;edf1c5c7;498a2271;246f5dd5;50a8d123;777b5fb6;0017756a;1f3fbf07;91200632;631aa371;10b926d1;8649c637;47e4a41b;ca132a31;f04e3339;6d9e06b0;10894c11;83bff712;090553de;9883d1f6;72144cc5;7aa72382;16beff81;0561bdc7;148f4424;0ea86b8d;325b4551;5a244df8;f32cd7ac;f61b20d0;7a9a8140;ce7dd830;62c6fe73;c55bc60a;f67ec2fb;292cc61e
15,5,367,success,None,22/Jul/2026:17:24:34.989259,22/Jul/2026:17:24:37.092913,2.1036,122,22/Jul/2026:17:24:34.034624;22/Jul/2026:17:24:31.846344;22/Jul/2026:17:24:30.721081;22/Jul/2026:17:24:32.326422;22/Jul/2026:17:24:31.892882;22/Jul/2026:17:24:30.717999;22/Jul/2026:17:24:22.841239;22/Jul/2026:17:24:32.427263;22/Jul/2026:17:24:34.130956;22/Jul/2026:17:24:30.718140;22/Jul/2026:17:24:31.902920;22/Jul/2026:17:24:19.504951;22/Jul/2026:17:24:19.506181;22/Jul/2026:17:24:33.034256;22/Jul/2026:17:24:32.782272;22/Jul/2026:17:24:31.912754;22/Jul/2026:17:24:20.963788;22/Jul/2026:17:24:34.263658;22/Jul/2026:17:24:30.722294;22/Jul/2026:17:24:30.712536;22/Jul/2026:17:24:21.553927;22/Jul/2026:17:24:19.507869;22/Jul/2026:17:24:22.825323;22/Jul/2026:17:24:31.911265;22/Jul/2026:17:24:31.846187;22/Jul/2026:17:24:32.670637;22/Jul/2026:17:24:34.034776;22/Jul/2026:17:24:34.181776;22/Jul/2026:17:24:27.205926;22/Jul/2026:17:24:32.670531;22/Jul/2026:17:24:33.253133;22/Jul/2026:17:24:30.720206;22/Jul/2026:17:24:30.721109;22/Jul/2026:17:24:32.782153;22/Jul/2026:17:24:30.707480;22/Jul/2026:17:24:28.994584;22/Jul/2026:17:24:30.716905;22/Jul/2026:17:24:30.721229;22/Jul/2026:17:24:32.557155;22/Jul/2026:17:24:31.903523;22/Jul/2026:17:24:32.326596;22/Jul/2026:17:24:29.804999;22/Jul/2026:17:24:31.903354;22/Jul/2026:17:24:31.892741;22/Jul/2026:17:24:33.269543;22/Jul/2026:17:24:30.716203;22/Jul/2026:17:24:31.845773;22/Jul/2026:17:24:32.556396;22/Jul/2026:17:24:30.721351;22/Jul/2026:17:24:30.709642;22/Jul/2026:17:24:32.782662;22/Jul/2026:17:24:24.225550;22/Jul/2026:17:24:19.183820;22/Jul/2026:17:24:33.772691;22/Jul/2026:17:24:32.185090;22/Jul/2026:17:24:33.294276;22/Jul/2026:17:24:32.556475;22/Jul/2026:17:24:30.721822;22/Jul/2026:17:24:33.294310;22/Jul/2026:17:24:32.326103;22/Jul/2026:17:24:32.782802;22/Jul/2026:17:24:22.826687;22/Jul/2026:17:24:31.903671;22/Jul/2026:17:24:34.617565;22/Jul/2026:17:24:32.670789;22/Jul/2026:17:24:30.717283;22/Jul/2026:17:24:34.618579;22/Jul/2026:17:24:27.997245;22/Jul/2026:17:24:32.782771;22/Jul/2026:17:24:26.965079;22/Jul/2026:17:24:30.714886;22/Jul/2026:17:24:34.617701;22/Jul/2026:17:24:30.721440;22/Jul/2026:17:24:30.710599;22/Jul/2026:17:24:25.303196;22/Jul/2026:17:24:32.670168;22/Jul/2026:17:24:22.829026;22/Jul/2026:17:24:34.618937;22/Jul/2026:17:24:30.722672;22/Jul/2026:17:24:28.994390;22/Jul/2026:17:24:32.427666;22/Jul/2026:17:24:32.326559;22/Jul/2026:17:24:30.721642;22/Jul/2026:17:24:33.034424;22/Jul/2026:17:24:34.617308;22/Jul/2026:17:24:35.354532;22/Jul/2026:17:24:33.818376;22/Jul/2026:17:24:34.182308;22/Jul/2026:17:24:31.845409;22/Jul/2026:17:24:34.130918;22/Jul/2026:17:24:34.264384;22/Jul/2026:17:24:32.185830;22/Jul/2026:17:24:34.264604;22/Jul/2026:17:24:34.853282;22/Jul/2026:17:24:31.893046;22/Jul/2026:17:24:33.269009;22/Jul/2026:17:24:30.722477;22/Jul/2026:17:24:30.711236;22/Jul/2026:17:24:33.268237;22/Jul/2026:17:24:34.264638;22/Jul/2026:17:24:35.693525;22/Jul/2026:17:24:35.693490;22/Jul/2026:17:24:34.618771;22/Jul/2026:17:24:33.294452;22/Jul/2026:17:24:30.710483;22/Jul/2026:17:24:17.905665;22/Jul/2026:17:24:32.670568;22/Jul/2026:17:24:31.845639;22/Jul/2026:17:24:34.618611;22/Jul/2026:17:24:35.353774;22/Jul/2026:17:24:35.693254;22/Jul/2026:17:24:34.990592;22/Jul/2026:17:24:33.268856;22/Jul/2026:17:24:33.268894;22/Jul/2026:17:24:31.893227;22/Jul/2026:17:24:30.723506;22/Jul/2026:17:24:34.990833;22/Jul/2026:17:24:33.772375;22/Jul/2026:17:24:30.718196;22/Jul/2026:17:24:35.712793;22/Jul/2026:17:24:35.757791;22/Jul/2026:17:24:31.845492,1.0007;3.1952;4.3276;2.7660;3.2239;4.4050;12.2991;2.7508;1.0499;4.4978;3.3324;15.7329;15.7442;2.2243;2.4783;3.3687;14.3305;1.0311;4.5761;4.6019;13.7785;15.8360;12.5485;3.5009;3.5679;2.7688;1.4166;1.2900;8.2751;2.8448;2.2726;4.8363;4.8374;2.7824;4.8719;6.5901;4.8753;4.8713;3.0411;3.7082;3.2932;5.8153;3.7624;3.7843;2.4170;4.9801;3.8896;3.1802;5.0515;5.0818;3.0148;11.6229;16.6746;2.1149;3.7185;2.6327;3.4028;5.2967;2.7249;3.7002;3.2521;13.2204;4.1493;1.4487;3.4003;5.3702;1.4731;8.1166;3.3472;9.1675;5.4185;1.5406;5.4375;5.4589;10.8709;3.5043;13.3530;1.5797;5.5048;7.2483;3.8242;3.9389;5.5457;3.2536;1.6728;0.9359;2.4821;2.1662;4.5191;2.2469;2.1284;4.2129;2.1457;1.5891;4.5596;3.1947;5.7667;5.8075;3.3461;2.3818;1.0028;1.0040;2.1202;3.4517;6.0662;18.8762;4.1266;5.0039;2.2920;1.5840;1.2485;1.9566;3.6961;3.7039;5.1078;6.2786;2.0348;3.2640;6.3291;1.3627;1.3260;5.2402,bytes=1214129063-1214297948;bytes=614186449-614284664;bytes=462818131-462902767;bytes=802287696-802474179;bytes=626890300-626992406;bytes=340549458-340630873;bytes=291705719-291798571;bytes=825149656-826059436;bytes=1272114331-1272219782;bytes=339651643-340549457;bytes=652133223-653029732;bytes=1505882322-1506796877;bytes=1512539870-1513418447;bytes=930024667-930126250;bytes=905018761-905113119;bytes=716284551-716394143;bytes=1834076349-1834190683;bytes=1352202288-1353132433;bytes=545181817-546065015;bytes=126492676-127379382;bytes=1913111073-1913233495;bytes=1523499286-1523608447;bytes=213038778-213933941;bytes=696932642-697831249;bytes=608958037-609866793;bytes=880339311-880428846;bytes=1214484453-1215379021;bytes=1295281716-1296181030;bytes=1301026424-1301914000;bytes=875440181-876343104;bytes=986029238-986922112;bytes=443657332-444537942;bytes=475861054-476764725;bytes=900904259-901089236;bytes=56567130-57460713;bytes=1771135507-1772038181;bytes=289013214-289896582;bytes=479677043-479803259;bytes=855671366-855866604;bytes=660448533-661337988;bytes=803368537-804259728;bytes=1845259424-1846166279;bytes=659151290-659347481;bytes=624857988-625779421;bytes=1061589419-1061700987;bytes=252035495-252924192;bytes=603846199-604764782;bytes=846405018-847301304;bytes=479941553-480850432;bytes=88943721-89074012;bytes=906430611-907318976;bytes=574007591-574904207;bytes=1391056161-1391182385;bytes=1168922394-1169058818;bytes=744027705-744917794;bytes=1070167399-1070266394;bytes=847592574-847689897;bytes=487875762-488767977;bytes=1070266395-1070386652;bytes=802021126-802106002;bytes=909567986-909777505;bytes=218621077-219512660;bytes=663542637-663756105;bytes=1385825844-1386724867;bytes=878540881-879440537;bytes=299612938-299798265;bytes=1441735758-1442635422;bytes=1441735758-1442635422;bytes=909375215-909567985;bytes=1185387124-1186289766;bytes=218398595-218621076;bytes=1391056161-1391182385;bytes=482655092-483555319;bytes=97062700-97160197;bytes=855671366-855866604;bytes=870472530-871396245;bytes=241805302-242709624;bytes=1448856723-1449081046;bytes=552928219-553024806;bytes=1769358615-1770232839;bytes=834907026-835095198;bytes=802474180-803368536;bytes=485708228-486618731;bytes=930216947-931113769;bytes=1382919233-1383031980;bytes=1581797740-1581917340;bytes=1185161663-1185275505;bytes=1303727130-1304636732;bytes=600801981-601683450;bytes=1272025344-1272114330;bytes=1366699955-1366817062;bytes=752019689-752921722;bytes=1367041587-1367179169;bytes=1471020402-1471909920;bytes=627102779-628008708;bytes=1049339162-1050241508;bytes=552680388-552758884;bytes=104682994-104841492;bytes=1041131964-1042030338;bytes=1370772023-1370873808;bytes=1664825934-1664941499;bytes=1661022867-1661235301;bytes=1448764433-1448856722;bytes=1071287543-1072163061;bytes=95891543-96791067;bytes=1131770168-1131872360;bytes=876555465-876650552;bytes=602048918-602953355;bytes=1442635423-1443557219;bytes=1570528441-1571410928;bytes=1660730411-1660845354;bytes=1509197624-1510114642;bytes=1048931149-1049125980;bytes=1049125981-1049339161;bytes=630893869-630990582;bytes=579017069-579904054;bytes=1511649095-1512539869;bytes=1164784907-1164986061;bytes=340808276-340891921;bytes=1703176129-1704060484;bytes=1755511311-1755633324;bytes=601944562-602048917,2a0970ab;147e8e95;5b8c58df;d680746c;8147da3d;53ecdae0;f8cf0402;c8ff8631;22f91b75;d5242349;895b1395;dfd7f194;fbdeb2e1;90c4a6ea;02cbce0c;645a7d62;96bcb80f;88ca5e35;938d9377;9735b68b;2391318f;d02a812c;d8221f84;cede1254;01fdcf0f;338507cf;2c76aa74;512d490f;93e1808a;e8907b9d;6e22a9de;d3e868a9;470fe06a;e66958d9;435fb296;ac638704;c7c338ca;874a58f7;7deaad43;594f97eb;2cb9d0a2;adcf6b10;a46c05f2;ffc9ee00;c1e9aeee;1fb85815;c4a1abc7;ddae155c;66ef8a92;e21d03ca;7a42edfe;9b43cf11;79610ab0;bba319e8;c7dca747;ae40f909;1ccd1655;5181bfa3;3ff483a0;2e8609ca;0b5b2aee;199d857e;7b94fab0;7a6086d8;21a9d5ca;95375b78;3dec93e8;b48e7618;89050f47;4aafe634;6fc7f755;4e1006b6;1d637add;2d799164;9dd78c56;22d4da90;d678e5c8;4bc6e7e1;cc36f8f7;ac80ed98;f1823292;5fa694c4;f8ec4157;27b4f423;edf1c5c7;498a2271;246f5dd5;50a8d123;777b5fb6;0017756a;1f3fbf07;91200632;631aa371;10b926d1;8649c637;47e4a41b;ca132a31;f04e3339;6d9e06b0;10894c11;83bff712;090553de;9883d1f6;72144cc5;7aa72382;16beff81;0561bdc7;148f4424;0ea86b8d;325b4551;5a244df8;f32cd7ac;f61b20d0;7a9a8140;ce7dd830;62c6fe73;c55bc60a;f67ec2fb;292cc61e;a222ab52;df27b185;dfa18d53
15,5,374,success,None,22/Jul/2026:17:24:34.994932,22/Jul/2026:17:24:37.239473,2.2445,126,22/Jul/2026:17:24:34.034624;22/Jul/2026:17:24:31.846344;22/Jul/2026:17:24:30.721081;22/Jul/2026:17:24:32.326422;22/Jul/2026:17:24:31.892882;22/Jul/2026:17:24:30.717999;22/Jul/2026:17:24:22.841239;22/Jul/2026:17:24:32.427263;22/Jul/2026:17:24:34.130956;22/Jul/2026:17:24:30.718140;22/Jul/2026:17:24:31.902920;22/Jul/2026:17:24:19.504951;22/Jul/2026:17:24:19.506181;22/Jul/2026:17:24:33.034256;22/Jul/2026:17:24:32.782272;22/Jul/2026:17:24:31.912754;22/Jul/2026:17:24:20.963788;22/Jul/2026:17:24:34.263658;22/Jul/2026:17:24:30.722294;22/Jul/2026:17:24:30.712536;22/Jul/2026:17:24:21.553927;22/Jul/2026:17:24:19.507869;22/Jul/2026:17:24:22.825323;22/Jul/2026:17:24:31.911265;22/Jul/2026:17:24:31.846187;22/Jul/2026:17:24:32.670637;22/Jul/2026:17:24:34.034776;22/Jul/2026:17:24:34.181776;22/Jul/2026:17:24:27.205926;22/Jul/2026:17:24:32.670531;22/Jul/2026:17:24:33.253133;22/Jul/2026:17:24:30.720206;22/Jul/2026:17:24:30.721109;22/Jul/2026:17:24:32.782153;22/Jul/2026:17:24:30.707480;22/Jul/2026:17:24:28.994584;22/Jul/2026:17:24:30.716905;22/Jul/2026:17:24:30.721229;22/Jul/2026:17:24:32.557155;22/Jul/2026:17:24:31.903523;22/Jul/2026:17:24:32.326596;22/Jul/2026:17:24:29.804999;22/Jul/2026:17:24:31.903354;22/Jul/2026:17:24:31.892741;22/Jul/2026:17:24:33.269543;22/Jul/2026:17:24:30.716203;22/Jul/2026:17:24:31.845773;22/Jul/2026:17:24:32.556396;22/Jul/2026:17:24:30.721351;22/Jul/2026:17:24:30.709642;22/Jul/2026:17:24:32.782662;22/Jul/2026:17:24:24.225550;22/Jul/2026:17:24:19.183820;22/Jul/2026:17:24:33.772691;22/Jul/2026:17:24:32.185090;22/Jul/2026:17:24:33.294276;22/Jul/2026:17:24:32.556475;22/Jul/2026:17:24:30.721822;22/Jul/2026:17:24:33.294310;22/Jul/2026:17:24:32.326103;22/Jul/2026:17:24:32.782802;22/Jul/2026:17:24:22.826687;22/Jul/2026:17:24:31.903671;22/Jul/2026:17:24:34.617565;22/Jul/2026:17:24:32.670789;22/Jul/2026:17:24:30.717283;22/Jul/2026:17:24:34.618579;22/Jul/2026:17:24:27.997245;22/Jul/2026:17:24:32.782771;22/Jul/2026:17:24:26.965079;22/Jul/2026:17:24:30.714886;22/Jul/2026:17:24:34.617701;22/Jul/2026:17:24:30.721440;22/Jul/2026:17:24:30.710599;22/Jul/2026:17:24:25.303196;22/Jul/2026:17:24:32.670168;22/Jul/2026:17:24:22.829026;22/Jul/2026:17:24:34.618937;22/Jul/2026:17:24:30.722672;22/Jul/2026:17:24:28.994390;22/Jul/2026:17:24:32.427666;22/Jul/2026:17:24:32.326559;22/Jul/2026:17:24:30.721642;22/Jul/2026:17:24:33.034424;22/Jul/2026:17:24:34.617308;22/Jul/2026:17:24:35.354532;22/Jul/2026:17:24:33.818376;22/Jul/2026:17:24:34.182308;22/Jul/2026:17:24:31.845409;22/Jul/2026:17:24:34.130918;22/Jul/2026:17:24:34.264384;22/Jul/2026:17:24:32.185830;22/Jul/2026:17:24:34.264604;22/Jul/2026:17:24:34.853282;22/Jul/2026:17:24:31.893046;22/Jul/2026:17:24:33.269009;22/Jul/2026:17:24:30.722477;22/Jul/2026:17:24:30.711236;22/Jul/2026:17:24:33.268237;22/Jul/2026:17:24:34.264638;22/Jul/2026:17:24:35.693525;22/Jul/2026:17:24:35.693490;22/Jul/2026:17:24:34.618771;22/Jul/2026:17:24:33.294452;22/Jul/2026:17:24:30.710483;22/Jul/2026:17:24:17.905665;22/Jul/2026:17:24:32.670568;22/Jul/2026:17:24:31.845639;22/Jul/2026:17:24:34.618611;22/Jul/2026:17:24:35.353774;22/Jul/2026:17:24:35.693254;22/Jul/2026:17:24:34.990592;22/Jul/2026:17:24:33.268856;22/Jul/2026:17:24:33.268894;22/Jul/2026:17:24:31.893227;22/Jul/2026:17:24:30.723506;22/Jul/2026:17:24:34.990833;22/Jul/2026:17:24:33.772375;22/Jul/2026:17:24:30.718196;22/Jul/2026:17:24:35.712793;22/Jul/2026:17:24:35.757791;22/Jul/2026:17:24:31.845492;22/Jul/2026:17:24:35.508758;22/Jul/2026:17:24:33.269081;22/Jul/2026:17:24:34.617271;22/Jul/2026:17:24:24.224987,1.0007;3.1952;4.3276;2.7660;3.2239;4.4050;12.2991;2.7508;1.0499;4.4978;3.3324;15.7329;15.7442;2.2243;2.4783;3.3687;14.3305;1.0311;4.5761;4.6019;13.7785;15.8360;12.5485;3.5009;3.5679;2.7688;1.4166;1.2900;8.2751;2.8448;2.2726;4.8363;4.8374;2.7824;4.8719;6.5901;4.8753;4.8713;3.0411;3.7082;3.2932;5.8153;3.7624;3.7843;2.4170;4.9801;3.8896;3.1802;5.0515;5.0818;3.0148;11.6229;16.6746;2.1149;3.7185;2.6327;3.4028;5.2967;2.7249;3.7002;3.2521;13.2204;4.1493;1.4487;3.4003;5.3702;1.4731;8.1166;3.3472;9.1675;5.4185;1.5406;5.4375;5.4589;10.8709;3.5043;13.3530;1.5797;5.5048;7.2483;3.8242;3.9389;5.5457;3.2536;1.6728;0.9359;2.4821;2.1662;4.5191;2.2469;2.1284;4.2129;2.1457;1.5891;4.5596;3.1947;5.7667;5.8075;3.3461;2.3818;1.0028;1.0040;2.1202;3.4517;6.0662;18.8762;4.1266;5.0039;2.2920;1.5840;1.2485;1.9566;3.6961;3.7039;5.1078;6.2786;2.0348;3.2640;6.3291;1.3627;1.3260;5.2402;1.5922;3.8531;2.5115;12.9818,bytes=1214129063-1214297948;bytes=614186449-614284664;bytes=462818131-462902767;bytes=802287696-802474179;bytes=626890300-626992406;bytes=340549458-340630873;bytes=291705719-291798571;bytes=825149656-826059436;bytes=1272114331-1272219782;bytes=339651643-340549457;bytes=652133223-653029732;bytes=1505882322-1506796877;bytes=1512539870-1513418447;bytes=930024667-930126250;bytes=905018761-905113119;bytes=716284551-716394143;bytes=1834076349-1834190683;bytes=1352202288-1353132433;bytes=545181817-546065015;bytes=126492676-127379382;bytes=1913111073-1913233495;bytes=1523499286-1523608447;bytes=213038778-213933941;bytes=696932642-697831249;bytes=608958037-609866793;bytes=880339311-880428846;bytes=1214484453-1215379021;bytes=1295281716-1296181030;bytes=1301026424-1301914000;bytes=875440181-876343104;bytes=986029238-986922112;bytes=443657332-444537942;bytes=475861054-476764725;bytes=900904259-901089236;bytes=56567130-57460713;bytes=1771135507-1772038181;bytes=289013214-289896582;bytes=479677043-479803259;bytes=855671366-855866604;bytes=660448533-661337988;bytes=803368537-804259728;bytes=1845259424-1846166279;bytes=659151290-659347481;bytes=624857988-625779421;bytes=1061589419-1061700987;bytes=252035495-252924192;bytes=603846199-604764782;bytes=846405018-847301304;bytes=479941553-480850432;bytes=88943721-89074012;bytes=906430611-907318976;bytes=574007591-574904207;bytes=1391056161-1391182385;bytes=1168922394-1169058818;bytes=744027705-744917794;bytes=1070167399-1070266394;bytes=847592574-847689897;bytes=487875762-488767977;bytes=1070266395-1070386652;bytes=802021126-802106002;bytes=909567986-909777505;bytes=218621077-219512660;bytes=663542637-663756105;bytes=1385825844-1386724867;bytes=878540881-879440537;bytes=299612938-299798265;bytes=1441735758-1442635422;bytes=1441735758-1442635422;bytes=909375215-909567985;bytes=1185387124-1186289766;bytes=218398595-218621076;bytes=1391056161-1391182385;bytes=482655092-483555319;bytes=97062700-97160197;bytes=855671366-855866604;bytes=870472530-871396245;bytes=241805302-242709624;bytes=1448856723-1449081046;bytes=552928219-553024806;bytes=1769358615-1770232839;bytes=834907026-835095198;bytes=802474180-803368536;bytes=485708228-486618731;bytes=930216947-931113769;bytes=1382919233-1383031980;bytes=1581797740-1581917340;bytes=1185161663-1185275505;bytes=1303727130-1304636732;bytes=600801981-601683450;bytes=1272025344-1272114330;bytes=1366699955-1366817062;bytes=752019689-752921722;bytes=1367041587-1367179169;bytes=1471020402-1471909920;bytes=627102779-628008708;bytes=1049339162-1050241508;bytes=552680388-552758884;bytes=104682994-104841492;bytes=1041131964-1042030338;bytes=1370772023-1370873808;bytes=1664825934-1664941499;bytes=1661022867-1661235301;bytes=1448764433-1448856722;bytes=1071287543-1072163061;bytes=95891543-96791067;bytes=1131770168-1131872360;bytes=876555465-876650552;bytes=602048918-602953355;bytes=1442635423-1443557219;bytes=1570528441-1571410928;bytes=1660730411-1660845354;bytes=1509197624-1510114642;bytes=1048931149-1049125980;bytes=1049125981-1049339161;bytes=630893869-630990582;bytes=579017069-579904054;bytes=1511649095-1512539869;bytes=1164784907-1164986061;bytes=340808276-340891921;bytes=1703176129-1704060484;bytes=1755511311-1755633324;bytes=601944562-602048917;bytes=1620387924-1621266174;bytes=1051135657-1052070016;bytes=1381769011-1382661019;bytes=571623487-572526863,2a0970ab;147e8e95;5b8c58df;d680746c;8147da3d;53ecdae0;f8cf0402;c8ff8631;22f91b75;d5242349;895b1395;dfd7f194;fbdeb2e1;90c4a6ea;02cbce0c;645a7d62;96bcb80f;88ca5e35;938d9377;9735b68b;2391318f;d02a812c;d8221f84;cede1254;01fdcf0f;338507cf;2c76aa74;512d490f;93e1808a;e8907b9d;6e22a9de;d3e868a9;470fe06a;e66958d9;435fb296;ac638704;c7c338ca;874a58f7;7deaad43;594f97eb;2cb9d0a2;adcf6b10;a46c05f2;ffc9ee00;c1e9aeee;1fb85815;c4a1abc7;ddae155c;66ef8a92;e21d03ca;7a42edfe;9b43cf11;79610ab0;bba319e8;c7dca747;ae40f909;1ccd1655;5181bfa3;3ff483a0;2e8609ca;0b5b2aee;199d857e;7b94fab0;7a6086d8;21a9d5ca;95375b78;3dec93e8;b48e7618;89050f47;4aafe634;6fc7f755;4e1006b6;1d637add;2d799164;9dd78c56;22d4da90;d678e5c8;4bc6e7e1;cc36f8f7;ac80ed98;f1823292;5fa694c4;f8ec4157;27b4f423;edf1c5c7;498a2271;246f5dd5;50a8d123;777b5fb6;0017756a;1f3fbf07;91200632;631aa371;10b926d1;8649c637;47e4a41b;ca132a31;f04e3339;6d9e06b0;10894c11;83bff712;090553de;9883d1f6;72144cc5;7aa72382;16beff81;0561bdc7;148f4424;0ea86b8d;325b4551;5a244df8;f32cd7ac;f61b20d0;7a9a8140;ce7dd830;62c6fe73;c55bc60a;f67ec2fb;292cc61e;a222ab52;df27b185;dfa18d53;1117ff9e;af4e222e;5a398556;d0fa59c1
15,5,392,success,None,22/Jul/2026:17:24:35.506651,22/Jul/2026:17:24:37.423877,1.9172,102,22/Jul/2026:17:24:32.670531;22/Jul/2026:17:24:33.253133;22/Jul/2026:17:24:30.720206;22/Jul/2026:17:24:30.721109;22/Jul/2026:17:24:32.782153;22/Jul/2026:17:24:30.707480;22/Jul/2026:17:24:28.994584;22/Jul/2026:17:24:30.716905;22/Jul/2026:17:24:30.721229;22/Jul/2026:17:24:32.557155;22/Jul/2026:17:24:31.903523;22/Jul/2026:17:24:32.326596;22/Jul/2026:17:24:29.804999;22/Jul/2026:17:24:31.903354;22/Jul/2026:17:24:31.892741;22/Jul/2026:17:24:33.269543;22/Jul/2026:17:24:30.716203;22/Jul/2026:17:24:31.845773;22/Jul/2026:17:24:32.556396;22/Jul/2026:17:24:30.721351;22/Jul/2026:17:24:30.709642;22/Jul/2026:17:24:32.782662;22/Jul/2026:17:24:24.225550;22/Jul/2026:17:24:19.183820;22/Jul/2026:17:24:33.772691;22/Jul/2026:17:24:32.185090;22/Jul/2026:17:24:33.294276;22/Jul/2026:17:24:32.556475;22/Jul/2026:17:24:30.721822;22/Jul/2026:17:24:33.294310;22/Jul/2026:17:24:32.326103;22/Jul/2026:17:24:32.782802;22/Jul/2026:17:24:22.826687;22/Jul/2026:17:24:31.903671;22/Jul/2026:17:24:34.617565;22/Jul/2026:17:24:32.670789;22/Jul/2026:17:24:30.717283;22/Jul/2026:17:24:34.618579;22/Jul/2026:17:24:27.997245;22/Jul/2026:17:24:32.782771;22/Jul/2026:17:24:26.965079;22/Jul/2026:17:24:30.714886;22/Jul/2026:17:24:34.617701;22/Jul/2026:17:24:30.721440;22/Jul/2026:17:24:30.710599;22/Jul/2026:17:24:25.303196;22/Jul/2026:17:24:32.670168;22/Jul/2026:17:24:22.829026;22/Jul/2026:17:24:34.618937;22/Jul/2026:17:24:30.722672;22/Jul/2026:17:24:28.994390;22/Jul/2026:17:24:32.427666;22/Jul/2026:17:24:32.326559;22/Jul/2026:17:24:30.721642;22/Jul/2026:17:24:33.034424;22/Jul/2026:17:24:34.617308;22/Jul/2026:17:24:35.354532;22/Jul/2026:17:24:33.818376;22/Jul/2026:17:24:34.182308;22/Jul/2026:17:24:31.845409;22/Jul/2026:17:24:34.130918;22/Jul/2026:17:24:34.264384;22/Jul/2026:17:24:32.185830;22/Jul/2026:17:24:34.264604;22/Jul/2026:17:24:34.853282;22/Jul/2026:17:24:31.893046;22/Jul/2026:17:24:33.269009;22/Jul/2026:17:24:30.722477;22/Jul/2026:17:24:30.711236;22/Jul/2026:17:24:33.268237;22/Jul/2026:17:24:34.264638;22/Jul/2026:17:24:35.693525;22/Jul/2026:17:24:35.693490;22/Jul/2026:17:24:34.618771;22/Jul/2026:17:24:33.294452;22/Jul/2026:17:24:30.710483;22/Jul/2026:17:24:17.905665;22/Jul/2026:17:24:32.670568;22/Jul/2026:17:24:31.845639;22/Jul/2026:17:24:34.618611;22/Jul/2026:17:24:35.353774;22/Jul/2026:17:24:35.693254;22/Jul/2026:17:24:34.990592;22/Jul/2026:17:24:33.268856;22/Jul/2026:17:24:33.268894;22/Jul/2026:17:24:31.893227;22/Jul/2026:17:24:30.723506;22/Jul/2026:17:24:34.990833;22/Jul/2026:17:24:33.772375;22/Jul/2026:17:24:30.718196;22/Jul/2026:17:24:35.712793;22/Jul/2026:17:24:35.757791;22/Jul/2026:17:24:31.845492;22/Jul/2026:17:24:35.508758;22/Jul/2026:17:24:33.269081;22/Jul/2026:17:24:34.617271;22/Jul/2026:17:24:24.224987;22/Jul/2026:17:24:34.263963;22/Jul/2026:17:24:33.268780;22/Jul/2026:17:24:33.818925;22/Jul/2026:17:24:33.295496;22/Jul/2026:17:24:33.525908,2.8448;2.2726;4.8363;4.8374;2.7824;4.8719;6.5901;4.8753;4.8713;3.0411;3.7082;3.2932;5.8153;3.7624;3.7843;2.4170;4.9801;3.8896;3.1802;5.0515;5.0818;3.0148;11.6229;16.6746;2.1149;3.7185;2.6327;3.4028;5.2967;2.7249;3.7002;3.2521;13.2204;4.1493;1.4487;3.4003;5.3702;1.4731;8.1166;3.3472;9.1675;5.4185;1.5406;5.4375;5.4589;10.8709;3.5043;13.3530;1.5797;5.5048;7.2483;3.8242;3.9389;5.5457;3.2536;1.6728;0.9359;2.4821;2.1662;4.5191;2.2469;2.1284;4.2129;2.1457;1.5891;4.5596;3.1947;5.7667;5.8075;3.3461;2.3818;1.0028;1.0040;2.1202;3.4517;6.0662;18.8762;4.1266;5.0039;2.2920;1.5840;1.2485;1.9566;3.6961;3.7039;5.1078;6.2786;2.0348;3.2640;6.3291;1.3627;1.3260;5.2402;1.5922;3.8531;2.5115;12.9818;2.9888;4.0062;3.5295;4.0737;3.8571,bytes=875440181-876343104;bytes=986029238-986922112;bytes=443657332-444537942;bytes=475861054-476764725;bytes=900904259-901089236;bytes=56567130-57460713;bytes=1771135507-1772038181;bytes=289013214-289896582;bytes=479677043-479803259;bytes=855671366-855866604;bytes=660448533-661337988;bytes=803368537-804259728;bytes=1845259424-1846166279;bytes=659151290-659347481;bytes=624857988-625779421;bytes=1061589419-1061700987;bytes=252035495-252924192;bytes=603846199-604764782;bytes=846405018-847301304;bytes=479941553-480850432;bytes=88943721-89074012;bytes=906430611-907318976;bytes=574007591-574904207;bytes=1391056161-1391182385;bytes=1168922394-1169058818;bytes=744027705-744917794;bytes=1070167399-1070266394;bytes=847592574-847689897;bytes=487875762-488767977;bytes=1070266395-1070386652;bytes=802021126-802106002;bytes=909567986-909777505;bytes=218621077-219512660;bytes=663542637-663756105;bytes=1385825844-1386724867;bytes=878540881-879440537;bytes=299612938-299798265;bytes=1441735758-1442635422;bytes=1441735758-1442635422;bytes=909375215-909567985;bytes=1185387124-1186289766;bytes=218398595-218621076;bytes=1391056161-1391182385;bytes=482655092-483555319;bytes=97062700-97160197;bytes=855671366-855866604;bytes=870472530-871396245;bytes=241805302-242709624;bytes=1448856723-1449081046;bytes=552928219-553024806;bytes=1769358615-1770232839;bytes=834907026-835095198;bytes=802474180-803368536;bytes=485708228-486618731;bytes=930216947-931113769;bytes=1382919233-1383031980;bytes=1581797740-1581917340;bytes=1185161663-1185275505;bytes=1303727130-1304636732;bytes=600801981-601683450;bytes=1272025344-1272114330;bytes=1366699955-1366817062;bytes=752019689-752921722;bytes=1367041587-1367179169;bytes=1471020402-1471909920;bytes=627102779-628008708;bytes=1049339162-1050241508;bytes=552680388-552758884;bytes=104682994-104841492;bytes=1041131964-1042030338;bytes=1370772023-1370873808;bytes=1664825934-1664941499;bytes=1661022867-1661235301;bytes=1448764433-1448856722;bytes=1071287543-1072163061;bytes=95891543-96791067;bytes=1131770168-1131872360;bytes=876555465-876650552;bytes=602048918-602953355;bytes=1442635423-1443557219;bytes=1570528441-1571410928;bytes=1660730411-1660845354;bytes=1509197624-1510114642;bytes=1048931149-1049125980;bytes=1049125981-1049339161;bytes=630893869-630990582;bytes=579017069-579904054;bytes=1511649095-1512539869;bytes=1164784907-1164986061;bytes=340808276-340891921;bytes=1703176129-1704060484;bytes=1755511311-1755633324;bytes=601944562-602048917;bytes=1620387924-1621266174;bytes=1051135657-1052070016;bytes=1381769011-1382661019;bytes=571623487-572526863;bytes=1356440318-1357355607;bytes=1046935226-1047850139;bytes=1193180881-1193280300;bytes=1082299062-1082411368;bytes=1131662980-1131770167,e8907b9d;6e22a9de;d3e868a9;470fe06a;e66958d9;435fb296;ac638704;c7c338ca;874a58f7;7deaad43;594f97eb;2cb9d0a2;adcf6b10;a46c05f2;ffc9ee00;c1e9aeee;1fb85815;c4a1abc7;ddae155c;66ef8a92;e21d03ca;7a42edfe;9b43cf11;79610ab0;bba319e8;c7dca747;ae40f909;1ccd1655;5181bfa3;3ff483a0;2e8609ca;0b5b2aee;199d857e;7b94fab0;7a6086d8;21a9d5ca;95375b78;3dec93e8;b48e7618;89050f47;4aafe634;6fc7f755;4e1006b6;1d637add;2d799164;9dd78c56;22d4da90;d678e5c8;4bc6e7e1;cc36f8f7;ac80ed98;f1823292;5fa694c4;f8ec4157;27b4f423;edf1c5c7;498a2271;246f5dd5;50a8d123;777b5fb6;0017756a;1f3fbf07;91200632;631aa371;10b926d1;8649c637;47e4a41b;ca132a31;f04e3339;6d9e06b0;10894c11;83bff712;090553de;9883d1f6;72144cc5;7aa72382;16beff81;0561bdc7;148f4424;0ea86b8d;325b4551;5a244df8;f32cd7ac;f61b20d0;7a9a8140;ce7dd830;62c6fe73;c55bc60a;f67ec2fb;292cc61e;a222ab52;df27b185;dfa18d53;1117ff9e;af4e222e;5a398556;d0fa59c1;ceac0555;4b38b5f3;de4f2cb8;480b546d;7ab417bd
15,5,382,success,None,22/Jul/2026:17:24:35.352782,22/Jul/2026:17:24:37.498029,2.1452,109,22/Jul/2026:17:24:22.825323;22/Jul/2026:17:24:31.911265;22/Jul/2026:17:24:31.846187;22/Jul/2026:17:24:32.670637;22/Jul/2026:17:24:34.034776;22/Jul/2026:17:24:34.181776;22/Jul/2026:17:24:27.205926;22/Jul/2026:17:24:32.670531;22/Jul/2026:17:24:33.253133;22/Jul/2026:17:24:30.720206;22/Jul/2026:17:24:30.721109;22/Jul/2026:17:24:32.782153;22/Jul/2026:17:24:30.707480;22/Jul/2026:17:24:28.994584;22/Jul/2026:17:24:30.716905;22/Jul/2026:17:24:30.721229;22/Jul/2026:17:24:32.557155;22/Jul/2026:17:24:31.903523;22/Jul/2026:17:24:32.326596;22/Jul/2026:17:24:29.804999;22/Jul/2026:17:24:31.903354;22/Jul/2026:17:24:31.892741;22/Jul/2026:17:24:33.269543;22/Jul/2026:17:24:30.716203;22/Jul/2026:17:24:31.845773;22/Jul/2026:17:24:32.556396;22/Jul/2026:17:24:30.721351;22/Jul/2026:17:24:30.709642;22/Jul/2026:17:24:32.782662;22/Jul/2026:17:24:24.225550;22/Jul/2026:17:24:19.183820;22/Jul/2026:17:24:33.772691;22/Jul/2026:17:24:32.185090;22/Jul/2026:17:24:33.294276;22/Jul/2026:17:24:32.556475;22/Jul/2026:17:24:30.721822;22/Jul/2026:17:24:33.294310;22/Jul/2026:17:24:32.326103;22/Jul/2026:17:24:32.782802;22/Jul/2026:17:24:22.826687;22/Jul/2026:17:24:31.903671;22/Jul/2026:17:24:34.617565;22/Jul/2026:17:24:32.670789;22/Jul/2026:17:24:30.717283;22/Jul/2026:17:24:34.618579;22/Jul/2026:17:24:27.997245;22/Jul/2026:17:24:32.782771;22/Jul/2026:17:24:26.965079;22/Jul/2026:17:24:30.714886;22/Jul/2026:17:24:34.617701;22/Jul/2026:17:24:30.721440;22/Jul/2026:17:24:30.710599;22/Jul/2026:17:24:25.303196;22/Jul/2026:17:24:32.670168;22/Jul/2026:17:24:22.829026;22/Jul/2026:17:24:34.618937;22/Jul/2026:17:24:30.722672;22/Jul/2026:17:24:28.994390;22/Jul/2026:17:24:32.427666;22/Jul/2026:17:24:32.326559;22/Jul/2026:17:24:30.721642;22/Jul/2026:17:24:33.034424;22/Jul/2026:17:24:34.617308;22/Jul/2026:17:24:35.354532;22/Jul/2026:17:24:33.818376;22/Jul/2026:17:24:34.182308;22/Jul/2026:17:24:31.845409;22/Jul/2026:17:24:34.130918;22/Jul/2026:17:24:34.264384;22/Jul/2026:17:24:32.185830;22/Jul/2026:17:24:34.264604;22/Jul/2026:17:24:34.853282;22/Jul/2026:17:24:31.893046;22/Jul/2026:17:24:33.269009;22/Jul/2026:17:24:30.722477;22/Jul/2026:17:24:30.711236;22/Jul/2026:17:24:33.268237;22/Jul/2026:17:24:34.264638;22/Jul/2026:17:24:35.693525;22/Jul/2026:17:24:35.693490;22/Jul/2026:17:24:34.618771;22/Jul/2026:17:24:33.294452;22/Jul/2026:17:24:30.710483;22/Jul/2026:17:24:17.905665;22/Jul/2026:17:24:32.670568;22/Jul/2026:17:24:31.845639;22/Jul/2026:17:24:34.618611;22/Jul/2026:17:24:35.353774;22/Jul/2026:17:24:35.693254;22/Jul/2026:17:24:34.990592;22/Jul/2026:17:24:33.268856;22/Jul/2026:17:24:33.268894;22/Jul/2026:17:24:31.893227;22/Jul/2026:17:24:30.723506;22/Jul/2026:17:24:34.990833;22/Jul/2026:17:24:33.772375;22/Jul/2026:17:24:30.718196;22/Jul/2026:17:24:35.712793;22/Jul/2026:17:24:35.757791;22/Jul/2026:17:24:31.845492;22/Jul/2026:17:24:35.508758;22/Jul/2026:17:24:33.269081;22/Jul/2026:17:24:34.617271;22/Jul/2026:17:24:24.224987;22/Jul/2026:17:24:34.263963;22/Jul/2026:17:24:33.268780;22/Jul/2026:17:24:33.818925;22/Jul/2026:17:24:33.295496;22/Jul/2026:17:24:33.525908,12.5485;3.5009;3.5679;2.7688;1.4166;1.2900;8.2751;2.8448;2.2726;4.8363;4.8374;2.7824;4.8719;6.5901;4.8753;4.8713;3.0411;3.7082;3.2932;5.8153;3.7624;3.7843;2.4170;4.9801;3.8896;3.1802;5.0515;5.0818;3.0148;11.6229;16.6746;2.1149;3.7185;2.6327;3.4028;5.2967;2.7249;3.7002;3.2521;13.2204;4.1493;1.4487;3.4003;5.3702;1.4731;8.1166;3.3472;9.1675;5.4185;1.5406;5.4375;5.4589;10.8709;3.5043;13.3530;1.5797;5.5048;7.2483;3.8242;3.9389;5.5457;3.2536;1.6728;0.9359;2.4821;2.1662;4.5191;2.2469;2.1284;4.2129;2.1457;1.5891;4.5596;3.1947;5.7667;5.8075;3.3461;2.3818;1.0028;1.0040;2.1202;3.4517;6.0662;18.8762;4.1266;5.0039;2.2920;1.5840;1.2485;1.9566;3.6961;3.7039;5.1078;6.2786;2.0348;3.2640;6.3291;1.3627;1.3260;5.2402;1.5922;3.8531;2.5115;12.9818;2.9888;4.0062;3.5295;4.0737;3.8571,bytes=213038778-213933941;bytes=696932642-697831249;bytes=608958037-609866793;bytes=880339311-880428846;bytes=1214484453-1215379021;bytes=1295281716-1296181030;bytes=1301026424-1301914000;bytes=875440181-876343104;bytes=986029238-986922112;bytes=443657332-444537942;bytes=475861054-476764725;bytes=900904259-901089236;bytes=56567130-57460713;bytes=1771135507-1772038181;bytes=289013214-289896582;bytes=479677043-479803259;bytes=855671366-855866604;bytes=660448533-661337988;bytes=803368537-804259728;bytes=1845259424-1846166279;bytes=659151290-659347481;bytes=624857988-625779421;bytes=1061589419-1061700987;bytes=252035495-252924192;bytes=603846199-604764782;bytes=846405018-847301304;bytes=479941553-480850432;bytes=88943721-89074012;bytes=906430611-907318976;bytes=574007591-574904207;bytes=1391056161-1391182385;bytes=1168922394-1169058818;bytes=744027705-744917794;bytes=1070167399-1070266394;bytes=847592574-847689897;bytes=487875762-488767977;bytes=1070266395-1070386652;bytes=802021126-802106002;bytes=909567986-909777505;bytes=218621077-219512660;bytes=663542637-663756105;bytes=1385825844-1386724867;bytes=878540881-879440537;bytes=299612938-299798265;bytes=1441735758-1442635422;bytes=1441735758-1442635422;bytes=909375215-909567985;bytes=1185387124-1186289766;bytes=218398595-218621076;bytes=1391056161-1391182385;bytes=482655092-483555319;bytes=97062700-97160197;bytes=855671366-855866604;bytes=870472530-871396245;bytes=241805302-242709624;bytes=1448856723-1449081046;bytes=552928219-553024806;bytes=1769358615-1770232839;bytes=834907026-835095198;bytes=802474180-803368536;bytes=485708228-486618731;bytes=930216947-931113769;bytes=1382919233-1383031980;bytes=1581797740-1581917340;bytes=1185161663-1185275505;bytes=1303727130-1304636732;bytes=600801981-601683450;bytes=1272025344-1272114330;bytes=1366699955-1366817062;bytes=752019689-752921722;bytes=1367041587-1367179169;bytes=1471020402-1471909920;bytes=627102779-628008708;bytes=1049339162-1050241508;bytes=552680388-552758884;bytes=104682994-104841492;bytes=1041131964-1042030338;bytes=1370772023-1370873808;bytes=1664825934-1664941499;bytes=1661022867-1661235301;bytes=1448764433-1448856722;bytes=1071287543-1072163061;bytes=95891543-96791067;bytes=1131770168-1131872360;bytes=876555465-876650552;bytes=602048918-602953355;bytes=1442635423-1443557219;bytes=1570528441-1571410928;bytes=1660730411-1660845354;bytes=1509197624-1510114642;bytes=1048931149-1049125980;bytes=1049125981-1049339161;bytes=630893869-630990582;bytes=579017069-579904054;bytes=1511649095-1512539869;bytes=1164784907-1164986061;bytes=340808276-340891921;bytes=1703176129-1704060484;bytes=1755511311-1755633324;bytes=601944562-602048917;bytes=1620387924-1621266174;bytes=1051135657-1052070016;bytes=1381769011-1382661019;bytes=571623487-572526863;bytes=1356440318-1357355607;bytes=1046935226-1047850139;bytes=1193180881-1193280300;bytes=1082299062-1082411368;bytes=1131662980-1131770167,d8221f84;cede1254;01fdcf0f;338507cf;2c76aa74;512d490f;93e1808a;e8907b9d;6e22a9de;d3e868a9;470fe06a;e66958d9;435fb296;ac638704;c7c338ca;874a58f7;7deaad43;594f97eb;2cb9d0a2;adcf6b10;a46c05f2;ffc9ee00;c1e9aeee;1fb85815;c4a1abc7;ddae155c;66ef8a92;e21d03ca;7a42edfe;9b43cf11;79610ab0;bba319e8;c7dca747;ae40f909;1ccd1655;5181bfa3;3ff483a0;2e8609ca;0b5b2aee;199d857e;7b94fab0;7a6086d8;21a9d5ca;95375b78;3dec93e8;b48e7618;89050f47;4aafe634;6fc7f755;4e1006b6;1d637add;2d799164;9dd78c56;22d4da90;d678e5c8;4bc6e7e1;cc36f8f7;ac80ed98;f1823292;5fa694c4;f8ec4157;27b4f423;edf1c5c7;498a2271;246f5dd5;50a8d123;777b5fb6;0017756a;1f3fbf07;91200632;631aa371;10b926d1;8649c637;47e4a41b;ca132a31;f04e3339;6d9e06b0;10894c11;83bff712;090553de;9883d1f6;72144cc5;7aa72382;16beff81;0561bdc7;148f4424;0ea86b8d;325b4551;5a244df8;f32cd7ac;f61b20d0;7a9a8140;ce7dd830;62c6fe73;c55bc60a;f67ec2fb;292cc61e;a222ab52;df27b185;dfa18d53;1117ff9e;af4e222e;5a398556;d0fa59c1;ceac0555;4b38b5f3;de4f2cb8;480b546d;7ab417bd
15,5,401,success,None,22/Jul/2026:17:24:35.690642,22/Jul/2026:17:24:37.586000,1.8954,86,22/Jul/2026:17:24:30.716203;22/Jul/2026:17:24:31.845773;22/Jul/2026:17:24:32.556396;22/Jul/2026:17:24:30.721351;22/Jul/2026:17:24:30.709642;22/Jul/2026:17:24:32.782662;22/Jul/2026:17:24:24.225550;22/Jul/2026:17:24:19.183820;22/Jul/2026:17:24:33.772691;22/Jul/2026:17:24:32.185090;22/Jul/2026:17:24:33.294276;22/Jul/2026:17:24:32.556475;22/Jul/2026:17:24:30.721822;22/Jul/2026:17:24:33.294310;22/Jul/2026:17:24:32.326103;22/Jul/2026:17:24:32.782802;22/Jul/2026:17:24:22.826687;22/Jul/2026:17:24:31.903671;22/Jul/2026:17:24:34.617565;22/Jul/2026:17:24:32.670789;22/Jul/2026:17:24:30.717283;22/Jul/2026:17:24:34.618579;22/Jul/2026:17:24:27.997245;22/Jul/2026:17:24:32.782771;22/Jul/2026:17:24:26.965079;22/Jul/2026:17:24:30.714886;22/Jul/2026:17:24:34.617701;22/Jul/2026:17:24:30.721440;22/Jul/2026:17:24:30.710599;22/Jul/2026:17:24:25.303196;22/Jul/2026:17:24:32.670168;22/Jul/2026:17:24:22.829026;22/Jul/2026:17:24:34.618937;22/Jul/2026:17:24:30.722672;22/Jul/2026:17:24:28.994390;22/Jul/2026:17:24:32.427666;22/Jul/2026:17:24:32.326559;22/Jul/2026:17:24:30.721642;22/Jul/2026:17:24:33.034424;22/Jul/2026:17:24:34.617308;22/Jul/2026:17:24:35.354532;22/Jul/2026:17:24:33.818376;22/Jul/2026:17:24:34.182308;22/Jul/2026:17:24:31.845409;22/Jul/2026:17:24:34.130918;22/Jul/2026:17:24:34.264384;22/Jul/2026:17:24:32.185830;22/Jul/2026:17:24:34.264604;22/Jul/2026:17:24:34.853282;22/Jul/2026:17:24:31.893046;22/Jul/2026:17:24:33.269009;22/Jul/2026:17:24:30.722477;22/Jul/2026:17:24:30.711236;22/Jul/2026:17:24:33.268237;22/Jul/2026:17:24:34.264638;22/Jul/2026:17:24:35.693525;22/Jul/2026:17:24:35.693490;22/Jul/2026:17:24:34.618771;22/Jul/2026:17:24:33.294452;22/Jul/2026:17:24:30.710483;22/Jul/2026:17:24:17.905665;22/Jul/2026:17:24:32.670568;22/Jul/2026:17:24:31.845639;22/Jul/2026:17:24:34.618611;22/Jul/2026:17:24:35.353774;22/Jul/2026:17:24:35.693254;22/Jul/2026:17:24:34.990592;22/Jul/2026:17:24:33.268856;22/Jul/2026:17:24:33.268894;22/Jul/2026:17:24:31.893227;22/Jul/2026:17:24:30.723506;22/Jul/2026:17:24:34.990833;22/Jul/2026:17:24:33.772375;22/Jul/2026:17:24:30.718196;22/Jul/2026:17:24:35.712793;22/Jul/2026:17:24:35.757791;22/Jul/2026:17:24:31.845492;22/Jul/2026:17:24:35.508758;22/Jul/2026:17:24:33.269081;22/Jul/2026:17:24:34.617271;22/Jul/2026:17:24:24.224987;22/Jul/2026:17:24:34.263963;22/Jul/2026:17:24:33.268780;22/Jul/2026:17:24:33.818925;22/Jul/2026:17:24:33.295496;22/Jul/2026:17:24:33.525908,4.9801;3.8896;3.1802;5.0515;5.0818;3.0148;11.6229;16.6746;2.1149;3.7185;2.6327;3.4028;5.2967;2.7249;3.7002;3.2521;13.2204;4.1493;1.4487;3.4003;5.3702;1.4731;8.1166;3.3472;9.1675;5.4185;1.5406;5.4375;5.4589;10.8709;3.5043;13.3530;1.5797;5.5048;7.2483;3.8242;3.9389;5.5457;3.2536;1.6728;0.9359;2.4821;2.1662;4.5191;2.2469;2.1284;4.2129;2.1457;1.5891;4.5596;3.1947;5.7667;5.8075;3.3461;2.3818;1.0028;1.0040;2.1202;3.4517;6.0662;18.8762;4.1266;5.0039;2.2920;1.5840;1.2485;1.9566;3.6961;3.7039;5.1078;6.2786;2.0348;3.2640;6.3291;1.3627;1.3260;5.2402;1.5922;3.8531;2.5115;12.9818;2.9888;4.0062;3.5295;4.0737;3.8571,bytes=252035495-252924192;bytes=603846199-604764782;bytes=846405018-847301304;bytes=479941553-480850432;bytes=88943721-89074012;bytes=906430611-907318976;bytes=574007591-574904207;bytes=1391056161-1391182385;bytes=1168922394-1169058818;bytes=744027705-744917794;bytes=1070167399-1070266394;bytes=847592574-847689897;bytes=487875762-488767977;bytes=1070266395-1070386652;bytes=802021126-802106002;bytes=909567986-909777505;bytes=218621077-219512660;bytes=663542637-663756105;bytes=1385825844-1386724867;bytes=878540881-879440537;bytes=299612938-299798265;bytes=1441735758-1442635422;bytes=1441735758-1442635422;bytes=909375215-909567985;bytes=1185387124-1186289766;bytes=218398595-218621076;bytes=1391056161-1391182385;bytes=482655092-483555319;bytes=97062700-97160197;bytes=855671366-855866604;bytes=870472530-871396245;bytes=241805302-242709624;bytes=1448856723-1449081046;bytes=552928219-553024806;bytes=1769358615-1770232839;bytes=834907026-835095198;bytes=802474180-803368536;bytes=485708228-486618731;bytes=930216947-931113769;bytes=1382919233-1383031980;bytes=1581797740-1581917340;bytes=1185161663-1185275505;bytes=1303727130-1304636732;bytes=600801981-601683450;bytes=1272025344-1272114330;bytes=1366699955-1366817062;bytes=752019689-752921722;bytes=1367041587-1367179169;bytes=1471020402-1471909920;bytes=627102779-628008708;bytes=1049339162-1050241508;bytes=552680388-552758884;bytes=104682994-104841492;bytes=1041131964-1042030338;bytes=1370772023-1370873808;bytes=1664825934-1664941499;bytes=1661022867-1661235301;bytes=1448764433-1448856722;bytes=1071287543-1072163061;bytes=95891543-96791067;bytes=1131770168-1131872360;bytes=876555465-876650552;bytes=602048918-602953355;bytes=1442635423-1443557219;bytes=1570528441-1571410928;bytes=1660730411-1660845354;bytes=1509197624-1510114642;bytes=1048931149-1049125980;bytes=1049125981-1049339161;bytes=630893869-630990582;bytes=579017069-579904054;bytes=1511649095-1512539869;bytes=1164784907-1164986061;bytes=340808276-340891921;bytes=1703176129-1704060484;bytes=1755511311-1755633324;bytes=601944562-602048917;bytes=1620387924-1621266174;bytes=1051135657-1052070016;bytes=1381769011-1382661019;bytes=571623487-572526863;bytes=1356440318-1357355607;bytes=1046935226-1047850139;bytes=1193180881-1193280300;bytes=1082299062-1082411368;bytes=1131662980-1131770167,1fb85815;c4a1abc7;ddae155c;66ef8a92;e21d03ca;7a42edfe;9b43cf11;79610ab0;bba319e8;c7dca747;ae40f909;1ccd1655;5181bfa3;3ff483a0;2e8609ca;0b5b2aee;199d857e;7b94fab0;7a6086d8;21a9d5ca;95375b78;3dec93e8;b48e7618;89050f47;4aafe634;6fc7f755;4e1006b6;1d637add;2d799164;9dd78c56;22d4da90;d678e5c8;4bc6e7e1;cc36f8f7;ac80ed98;f1823292;5fa694c4;f8ec4157;27b4f423;edf1c5c7;498a2271;246f5dd5;50a8d123;777b5fb6;0017756a;1f3fbf07;91200632;631aa371;10b926d1;8649c637;47e4a41b;ca132a31;f04e3339;6d9e06b0;10894c11;83bff712;090553de;9883d1f6;72144cc5;7aa72382;16beff81;0561bdc7;148f4424;0ea86b8d;325b4551;5a244df8;f32cd7ac;f61b20d0;7a9a8140;ce7dd830;62c6fe73;c55bc60a;f67ec2fb;292cc61e;a222ab52;df27b185;dfa18d53;1117ff9e;af4e222e;5a398556;d0fa59c1;ceac0555;4b38b5f3;de4f2cb8;480b546d;7ab417bd
15,5,412,success,None,22/Jul/2026:17:24:35.709192,22/Jul/2026:17:24:37.647243,1.9380,85,22/Jul/2026:17:24:31.845773;22/Jul/2026:17:24:32.556396;22/Jul/2026:17:24:30.721351;22/Jul/2026:17:24:30.709642;22/Jul/2026:17:24:32.782662;22/Jul/2026:17:24:24.225550;22/Jul/2026:17:24:19.183820;22/Jul/2026:17:24:33.772691;22/Jul/2026:17:24:32.185090;22/Jul/2026:17:24:33.294276;22/Jul/2026:17:24:32.556475;22/Jul/2026:17:24:30.721822;22/Jul/2026:17:24:33.294310;22/Jul/2026:17:24:32.326103;22/Jul/2026:17:24:32.782802;22/Jul/2026:17:24:22.826687;22/Jul/2026:17:24:31.903671;22/Jul/2026:17:24:34.617565;22/Jul/2026:17:24:32.670789;22/Jul/2026:17:24:30.717283;22/Jul/2026:17:24:34.618579;22/Jul/2026:17:24:27.997245;22/Jul/2026:17:24:32.782771;22/Jul/2026:17:24:26.965079;22/Jul/2026:17:24:30.714886;22/Jul/2026:17:24:34.617701;22/Jul/2026:17:24:30.721440;22/Jul/2026:17:24:30.710599;22/Jul/2026:17:24:25.303196;22/Jul/2026:17:24:32.670168;22/Jul/2026:17:24:22.829026;22/Jul/2026:17:24:34.618937;22/Jul/2026:17:24:30.722672;22/Jul/2026:17:24:28.994390;22/Jul/2026:17:24:32.427666;22/Jul/2026:17:24:32.326559;22/Jul/2026:17:24:30.721642;22/Jul/2026:17:24:33.034424;22/Jul/2026:17:24:34.617308;22/Jul/2026:17:24:35.354532;22/Jul/2026:17:24:33.818376;22/Jul/2026:17:24:34.182308;22/Jul/2026:17:24:31.845409;22/Jul/2026:17:24:34.130918;22/Jul/2026:17:24:34.264384;22/Jul/2026:17:24:32.185830;22/Jul/2026:17:24:34.264604;22/Jul/2026:17:24:34.853282;22/Jul/2026:17:24:31.893046;22/Jul/2026:17:24:33.269009;22/Jul/2026:17:24:30.722477;22/Jul/2026:17:24:30.711236;22/Jul/2026:17:24:33.268237;22/Jul/2026:17:24:34.264638;22/Jul/2026:17:24:35.693525;22/Jul/2026:17:24:35.693490;22/Jul/2026:17:24:34.618771;22/Jul/2026:17:24:33.294452;22/Jul/2026:17:24:30.710483;22/Jul/2026:17:24:17.905665;22/Jul/2026:17:24:32.670568;22/Jul/2026:17:24:31.845639;22/Jul/2026:17:24:34.618611;22/Jul/2026:17:24:35.353774;22/Jul/2026:17:24:35.693254;22/Jul/2026:17:24:34.990592;22/Jul/2026:17:24:33.268856;22/Jul/2026:17:24:33.268894;22/Jul/2026:17:24:31.893227;22/Jul/2026:17:24:30.723506;22/Jul/2026:17:24:34.990833;22/Jul/2026:17:24:33.772375;22/Jul/2026:17:24:30.718196;22/Jul/2026:17:24:35.712793;22/Jul/2026:17:24:35.757791;22/Jul/2026:17:24:31.845492;22/Jul/2026:17:24:35.508758;22/Jul/2026:17:24:33.269081;22/Jul/2026:17:24:34.617271;22/Jul/2026:17:24:24.224987;22/Jul/2026:17:24:34.263963;22/Jul/2026:17:24:33.268780;22/Jul/2026:17:24:33.818925;22/Jul/2026:17:24:33.295496;22/Jul/2026:17:24:33.525908,3.8896;3.1802;5.0515;5.0818;3.0148;11.6229;16.6746;2.1149;3.7185;2.6327;3.4028;5.2967;2.7249;3.7002;3.2521;13.2204;4.1493;1.4487;3.4003;5.3702;1.4731;8.1166;3.3472;9.1675;5.4185;1.5406;5.4375;5.4589;10.8709;3.5043;13.3530;1.5797;5.5048;7.2483;3.8242;3.9389;5.5457;3.2536;1.6728;0.9359;2.4821;2.1662;4.5191;2.2469;2.1284;4.2129;2.1457;1.5891;4.5596;3.1947;5.7667;5.8075;3.3461;2.3818;1.0028;1.0040;2.1202;3.4517;6.0662;18.8762;4.1266;5.0039;2.2920;1.5840;1.2485;1.9566;3.6961;3.7039;5.1078;6.2786;2.0348;3.2640;6.3291;1.3627;1.3260;5.2402;1.5922;3.8531;2.5115;12.9818;2.9888;4.0062;3.5295;4.0737;3.8571,bytes=603846199-604764782;bytes=846405018-847301304;bytes=479941553-480850432;bytes=88943721-89074012;bytes=906430611-907318976;bytes=574007591-574904207;bytes=1391056161-1391182385;bytes=1168922394-1169058818;bytes=744027705-744917794;bytes=1070167399-1070266394;bytes=847592574-847689897;bytes=487875762-488767977;bytes=1070266395-1070386652;bytes=802021126-802106002;bytes=909567986-909777505;bytes=218621077-219512660;bytes=663542637-663756105;bytes=1385825844-1386724867;bytes=878540881-879440537;bytes=299612938-299798265;bytes=1441735758-1442635422;bytes=1441735758-1442635422;bytes=909375215-909567985;bytes=1185387124-1186289766;bytes=218398595-218621076;bytes=1391056161-1391182385;bytes=482655092-483555319;bytes=97062700-97160197;bytes=855671366-855866604;bytes=870472530-871396245;bytes=241805302-242709624;bytes=1448856723-1449081046;bytes=552928219-553024806;bytes=1769358615-1770232839;bytes=834907026-835095198;bytes=802474180-803368536;bytes=485708228-486618731;bytes=930216947-931113769;bytes=1382919233-1383031980;bytes=1581797740-1581917340;bytes=1185161663-1185275505;bytes=1303727130-1304636732;bytes=600801981-601683450;bytes=1272025344-1272114330;bytes=1366699955-1366817062;bytes=752019689-752921722;bytes=1367041587-1367179169;bytes=1471020402-1471909920;bytes=627102779-628008708;bytes=1049339162-1050241508;bytes=552680388-552758884;bytes=104682994-104841492;bytes=1041131964-1042030338;bytes=1370772023-1370873808;bytes=1664825934-1664941499;bytes=1661022867-1661235301;bytes=1448764433-1448856722;bytes=1071287543-1072163061;bytes=95891543-96791067;bytes=1131770168-1131872360;bytes=876555465-876650552;bytes=602048918-602953355;bytes=1442635423-1443557219;bytes=1570528441-1571410928;bytes=1660730411-1660845354;bytes=1509197624-1510114642;bytes=1048931149-1049125980;bytes=1049125981-1049339161;bytes=630893869-630990582;bytes=579017069-579904054;bytes=1511649095-1512539869;bytes=1164784907-1164986061;bytes=340808276-340891921;bytes=1703176129-1704060484;bytes=1755511311-1755633324;bytes=601944562-602048917;bytes=1620387924-1621266174;bytes=1051135657-1052070016;bytes=1381769011-1382661019;bytes=571623487-572526863;bytes=1356440318-1357355607;bytes=1046935226-1047850139;bytes=1193180881-1193280300;bytes=1082299062-1082411368;bytes=1131662980-1131770167,c4a1abc7;ddae155c;66ef8a92;e21d03ca;7a42edfe;9b43cf11;79610ab0;bba319e8;c7dca747;ae40f909;1ccd1655;5181bfa3;3ff483a0;2e8609ca;0b5b2aee;199d857e;7b94fab0;7a6086d8;21a9d5ca;95375b78;3dec93e8;b48e7618;89050f47;4aafe634;6fc7f755;4e1006b6;1d637add;2d799164;9dd78c56;22d4da90;d678e5c8;4bc6e7e1;cc36f8f7;ac80ed98;f1823292;5fa694c4;f8ec4157;27b4f423;edf1c5c7;498a2271;246f5dd5;50a8d123;777b5fb6;0017756a;1f3fbf07;91200632;631aa371;10b926d1;8649c637;47e4a41b;ca132a31;f04e3339;6d9e06b0;10894c11;83bff712;090553de;9883d1f6;72144cc5;7aa72382;16beff81;0561bdc7;148f4424;0ea86b8d;325b4551;5a244df8;f32cd7ac;f61b20d0;7a9a8140;ce7dd830;62c6fe73;c55bc60a;f67ec2fb;292cc61e;a222ab52;df27b185;dfa18d53;1117ff9e;af4e222e;5a398556;d0fa59c1;ceac0555;4b38b5f3;de4f2cb8;480b546d;7ab417bd
15,5,423,success,None,22/Jul/2026:17:24:35.756139,22/Jul/2026:17:24:37.931196,2.1750,83,22/Jul/2026:17:24:30.721351;22/Jul/2026:17:24:30.709642;22/Jul/2026:17:24:32.782662;22/Jul/2026:17:24:24.225550;22/Jul/2026:17:24:19.183820;22/Jul/2026:17:24:33.772691;22/Jul/2026:17:24:32.185090;22/Jul/2026:17:24:33.294276;22/Jul/2026:17:24:32.556475;22/Jul/2026:17:24:30.721822;22/Jul/2026:17:24:33.294310;22/Jul/2026:17:24:32.326103;22/Jul/2026:17:24:32.782802;22/Jul/2026:17:24:22.826687;22/Jul/2026:17:24:31.903671;22/Jul/2026:17:24:34.617565;22/Jul/2026:17:24:32.670789;22/Jul/2026:17:24:30.717283;22/Jul/2026:17:24:34.618579;22/Jul/2026:17:24:27.997245;22/Jul/2026:17:24:32.782771;22/Jul/2026:17:24:26.965079;22/Jul/2026:17:24:30.714886;22/Jul/2026:17:24:34.617701;22/Jul/2026:17:24:30.721440;22/Jul/2026:17:24:30.710599;22/Jul/2026:17:24:25.303196;22/Jul/2026:17:24:32.670168;22/Jul/2026:17:24:22.829026;22/Jul/2026:17:24:34.618937;22/Jul/2026:17:24:30.722672;22/Jul/2026:17:24:28.994390;22/Jul/2026:17:24:32.427666;22/Jul/2026:17:24:32.326559;22/Jul/2026:17:24:30.721642;22/Jul/2026:17:24:33.034424;22/Jul/2026:17:24:34.617308;22/Jul/2026:17:24:35.354532;22/Jul/2026:17:24:33.818376;22/Jul/2026:17:24:34.182308;22/Jul/2026:17:24:31.845409;22/Jul/2026:17:24:34.130918;22/Jul/2026:17:24:34.264384;22/Jul/2026:17:24:32.185830;22/Jul/2026:17:24:34.264604;22/Jul/2026:17:24:34.853282;22/Jul/2026:17:24:31.893046;22/Jul/2026:17:24:33.269009;22/Jul/2026:17:24:30.722477;22/Jul/2026:17:24:30.711236;22/Jul/2026:17:24:33.268237;22/Jul/2026:17:24:34.264638;22/Jul/2026:17:24:35.693525;22/Jul/2026:17:24:35.693490;22/Jul/2026:17:24:34.618771;22/Jul/2026:17:24:33.294452;22/Jul/2026:17:24:30.710483;22/Jul/2026:17:24:17.905665;22/Jul/2026:17:24:32.670568;22/Jul/2026:17:24:31.845639;22/Jul/2026:17:24:34.618611;22/Jul/2026:17:24:35.353774;22/Jul/2026:17:24:35.693254;22/Jul/2026:17:24:34.990592;22/Jul/2026:17:24:33.268856;22/Jul/2026:17:24:33.268894;22/Jul/2026:17:24:31.893227;22/Jul/2026:17:24:30.723506;22/Jul/2026:17:24:34.990833;22/Jul/2026:17:24:33.772375;22/Jul/2026:17:24:30.718196;22/Jul/2026:17:24:35.712793;22/Jul/2026:17:24:35.757791;22/Jul/2026:17:24:31.845492;22/Jul/2026:17:24:35.508758;22/Jul/2026:17:24:33.269081;22/Jul/2026:17:24:34.617271;22/Jul/2026:17:24:24.224987;22/Jul/2026:17:24:34.263963;22/Jul/2026:17:24:33.268780;22/Jul/2026:17:24:33.818925;22/Jul/2026:17:24:33.295496;22/Jul/2026:17:24:33.525908,5.0515;5.0818;3.0148;11.6229;16.6746;2.1149;3.7185;2.6327;3.4028;5.2967;2.7249;3.7002;3.2521;13.2204;4.1493;1.4487;3.4003;5.3702;1.4731;8.1166;3.3472;9.1675;5.4185;1.5406;5.4375;5.4589;10.8709;3.5043;13.3530;1.5797;5.5048;7.2483;3.8242;3.9389;5.5457;3.2536;1.6728;0.9359;2.4821;2.1662;4.5191;2.2469;2.1284;4.2129;2.1457;1.5891;4.5596;3.1947;5.7667;5.8075;3.3461;2.3818;1.0028;1.0040;2.1202;3.4517;6.0662;18.8762;4.1266;5.0039;2.2920;1.5840;1.2485;1.9566;3.6961;3.7039;5.1078;6.2786;2.0348;3.2640;6.3291;1.3627;1.3260;5.2402;1.5922;3.8531;2.5115;12.9818;2.9888;4.0062;3.5295;4.0737;3.8571,bytes=479941553-480850432;bytes=88943721-89074012;bytes=906430611-907318976;bytes=574007591-574904207;bytes=1391056161-1391182385;bytes=1168922394-1169058818;bytes=744027705-744917794;bytes=1070167399-1070266394;bytes=847592574-847689897;bytes=487875762-488767977;bytes=1070266395-1070386652;bytes=802021126-802106002;bytes=909567986-909777505;bytes=218621077-219512660;bytes=663542637-663756105;bytes=1385825844-1386724867;bytes=878540881-879440537;bytes=299612938-299798265;bytes=1441735758-1442635422;bytes=1441735758-1442635422;bytes=909375215-909567985;bytes=1185387124-1186289766;bytes=218398595-218621076;bytes=1391056161-1391182385;bytes=482655092-483555319;bytes=97062700-97160197;bytes=855671366-855866604;bytes=870472530-871396245;bytes=241805302-242709624;bytes=1448856723-1449081046;bytes=552928219-553024806;bytes=1769358615-1770232839;bytes=834907026-835095198;bytes=802474180-803368536;bytes=485708228-486618731;bytes=930216947-931113769;bytes=1382919233-1383031980;bytes=1581797740-1581917340;bytes=1185161663-1185275505;bytes=1303727130-1304636732;bytes=600801981-601683450;bytes=1272025344-1272114330;bytes=1366699955-1366817062;bytes=752019689-752921722;bytes=1367041587-1367179169;bytes=1471020402-1471909920;bytes=627102779-628008708;bytes=1049339162-1050241508;bytes=552680388-552758884;bytes=104682994-104841492;bytes=1041131964-1042030338;bytes=1370772023-1370873808;bytes=1664825934-1664941499;bytes=1661022867-1661235301;bytes=1448764433-1448856722;bytes=1071287543-1072163061;bytes=95891543-96791067;bytes=1131770168-1131872360;bytes=876555465-876650552;bytes=602048918-602953355;bytes=1442635423-1443557219;bytes=1570528441-1571410928;bytes=1660730411-1660845354;bytes=1509197624-1510114642;bytes=1048931149-1049125980;bytes=1049125981-1049339161;bytes=630893869-630990582;bytes=579017069-579904054;bytes=1511649095-1512539869;bytes=1164784907-1164986061;bytes=340808276-340891921;bytes=1703176129-1704060484;bytes=1755511311-1755633324;bytes=601944562-602048917;bytes=1620387924-1621266174;bytes=1051135657-1052070016;bytes=1381769011-1382661019;bytes=571623487-572526863;bytes=1356440318-1357355607;bytes=1046935226-1047850139;bytes=1193180881-1193280300;bytes=1082299062-1082411368;bytes=1131662980-1131770167,66ef8a92;e21d03ca;7a42edfe;9b43cf11;79610ab0;bba319e8;c7dca747;ae40f909;1ccd1655;5181bfa3;3ff483a0;2e8609ca;0b5b2aee;199d857e;7b94fab0;7a6086d8;21a9d5ca;95375b78;3dec93e8;b48e7618;89050f47;4aafe634;6fc7f755;4e1006b6;1d637add;2d799164;9dd78c56;22d4da90;d678e5c8;4bc6e7e1;cc36f8f7;ac80ed98;f1823292;5fa694c4;f8ec4157;27b4f423;edf1c5c7;498a2271;246f5dd5;50a8d123;777b5fb6;0017756a;1f3fbf07;91200632;631aa371;10b926d1;8649c637;47e4a41b;ca132a31;f04e3339;6d9e06b0;10894c11;83bff712;090553de;9883d1f6;72144cc5;7aa72382;16beff81;0561bdc7;148f4424;0ea86b8d;325b4551;5a244df8;f32cd7ac;f61b20d0;7a9a8140;ce7dd830;62c6fe73;c55bc60a;f67ec2fb;292cc61e;a222ab52;df27b185;dfa18d53;1117ff9e;af4e222e;5a398556;d0fa59c1;ceac0555;4b38b5f3;de4f2cb8;480b546d;7ab417bd
15,5,446,success,None,22/Jul/2026:17:24:36.039944,22/Jul/2026:17:24:38.002388,1.9624,70,22/Jul/2026:17:24:22.826687;22/Jul/2026:17:24:31.903671;22/Jul/2026:17:24:34.617565;22/Jul/2026:17:24:32.670789;22/Jul/2026:17:24:30.717283;22/Jul/2026:17:24:34.618579;22/Jul/2026:17:24:27.997245;22/Jul/2026:17:24:32.782771;22/Jul/2026:17:24:26.965079;22/Jul/2026:17:24:30.714886;22/Jul/2026:17:24:34.617701;22/Jul/2026:17:24:30.721440;22/Jul/2026:17:24:30.710599;22/Jul/2026:17:24:25.303196;22/Jul/2026:17:24:32.670168;22/Jul/2026:17:24:22.829026;22/Jul/2026:17:24:34.618937;22/Jul/2026:17:24:30.722672;22/Jul/2026:17:24:28.994390;22/Jul/2026:17:24:32.427666;22/Jul/2026:17:24:32.326559;22/Jul/2026:17:24:30.721642;22/Jul/2026:17:24:33.034424;22/Jul/2026:17:24:34.617308;22/Jul/2026:17:24:35.354532;22/Jul/2026:17:24:33.818376;22/Jul/2026:17:24:34.182308;22/Jul/2026:17:24:31.845409;22/Jul/2026:17:24:34.130918;22/Jul/2026:17:24:34.264384;22/Jul/2026:17:24:32.185830;22/Jul/2026:17:24:34.264604;22/Jul/2026:17:24:34.853282;22/Jul/2026:17:24:31.893046;22/Jul/2026:17:24:33.269009;22/Jul/2026:17:24:30.722477;22/Jul/2026:17:24:30.711236;22/Jul/2026:17:24:33.268237;22/Jul/2026:17:24:34.264638;22/Jul/2026:17:24:35.693525;22/Jul/2026:17:24:35.693490;22/Jul/2026:17:24:34.618771;22/Jul/2026:17:24:33.294452;22/Jul/2026:17:24:30.710483;22/Jul/2026:17:24:17.905665;22/Jul/2026:17:24:32.670568;22/Jul/2026:17:24:31.845639;22/Jul/2026:17:24:34.618611;22/Jul/2026:17:24:35.353774;22/Jul/2026:17:24:35.693254;22/Jul/2026:17:24:34.990592;22/Jul/2026:17:24:33.268856;22/Jul/2026:17:24:33.268894;22/Jul/2026:17:24:31.893227;22/Jul/2026:17:24:30.723506;22/Jul/2026:17:24:34.990833;22/Jul/2026:17:24:33.772375;22/Jul/2026:17:24:30.718196;22/Jul/2026:17:24:35.712793;22/Jul/2026:17:24:35.757791;22/Jul/2026:17:24:31.845492;22/Jul/2026:17:24:35.508758;22/Jul/2026:17:24:33.269081;22/Jul/2026:17:24:34.617271;22/Jul/2026:17:24:24.224987;22/Jul/2026:17:24:34.263963;22/Jul/2026:17:24:33.268780;22/Jul/2026:17:24:33.818925;22/Jul/2026:17:24:33.295496;22/Jul/2026:17:24:33.525908,13.2204;4.1493;1.4487;3.4003;5.3702;1.4731;8.1166;3.3472;9.1675;5.4185;1.5406;5.4375;5.4589;10.8709;3.5043;13.3530;1.5797;5.5048;7.2483;3.8242;3.9389;5.5457;3.2536;1.6728;0.9359;2.4821;2.1662;4.5191;2.2469;2.1284;4.2129;2.1457;1.5891;4.5596;3.1947;5.7667;5.8075;3.3461;2.3818;1.0028;1.0040;2.1202;3.4517;6.0662;18.8762;4.1266;5.0039;2.2920;1.5840;1.2485;1.9566;3.6961;3.7039;5.1078;6.2786;2.0348;3.2640;6.3291;1.3627;1.3260;5.2402;1.5922;3.8531;2.5115;12.9818;2.9888;4.0062;3.5295;4.0737;3.8571,bytes=218621077-219512660;bytes=663542637-663756105;bytes=1385825844-1386724867;bytes=878540881-879440537;bytes=299612938-299798265;bytes=1441735758-1442635422;bytes=1441735758-1442635422;bytes=909375215-909567985;bytes=1185387124-1186289766;bytes=218398595-218621076;bytes=1391056161-1391182385;bytes=482655092-483555319;bytes=97062700-97160197;bytes=855671366-855866604;bytes=870472530-871396245;bytes=241805302-242709624;bytes=1448856723-1449081046;bytes=552928219-553024806;bytes=1769358615-1770232839;bytes=834907026-835095198;bytes=802474180-803368536;bytes=485708228-486618731;bytes=930216947-931113769;bytes=1382919233-1383031980;bytes=1581797740-1581917340;bytes=1185161663-1185275505;bytes=1303727130-1304636732;bytes=600801981-601683450;bytes=1272025344-1272114330;bytes=1366699955-1366817062;bytes=752019689-752921722;bytes=1367041587-1367179169;bytes=1471020402-1471909920;bytes=627102779-628008708;bytes=1049339162-1050241508;bytes=552680388-552758884;bytes=104682994-104841492;bytes=1041131964-1042030338;bytes=1370772023-1370873808;bytes=1664825934-1664941499;bytes=1661022867-1661235301;bytes=1448764433-1448856722;bytes=1071287543-1072163061;bytes=95891543-96791067;bytes=1131770168-1131872360;bytes=876555465-876650552;bytes=602048918-602953355;bytes=1442635423-1443557219;bytes=1570528441-1571410928;bytes=1660730411-1660845354;bytes=1509197624-1510114642;bytes=1048931149-1049125980;bytes=1049125981-1049339161;bytes=630893869-630990582;bytes=579017069-579904054;bytes=1511649095-1512539869;bytes=1164784907-1164986061;bytes=340808276-340891921;bytes=1703176129-1704060484;bytes=1755511311-1755633324;bytes=601944562-602048917;bytes=1620387924-1621266174;bytes=1051135657-1052070016;bytes=1381769011-1382661019;bytes=571623487-572526863;bytes=1356440318-1357355607;bytes=1046935226-1047850139;bytes=1193180881-1193280300;bytes=1082299062-1082411368;bytes=1131662980-1131770167,199d857e;7b94fab0;7a6086d8;21a9d5ca;95375b78;3dec93e8;b48e7618;89050f47;4aafe634;6fc7f755;4e1006b6;1d637add;2d799164;9dd78c56;22d4da90;d678e5c8;4bc6e7e1;cc36f8f7;ac80ed98;f1823292;5fa694c4;f8ec4157;27b4f423;edf1c5c7;498a2271;246f5dd5;50a8d123;777b5fb6;0017756a;1f3fbf07;91200632;631aa371;10b926d1;8649c637;47e4a41b;ca132a31;f04e3339;6d9e06b0;10894c11;83bff712;090553de;9883d1f6;72144cc5;7aa72382;16beff81;0561bdc7;148f4424;0ea86b8d;325b4551;5a244df8;f32cd7ac;f61b20d0;7a9a8140;ce7dd830;62c6fe73;c55bc60a;f67ec2fb;292cc61e;a222ab52;df27b185;dfa18d53;1117ff9e;af4e222e;5a398556;d0fa59c1;ceac0555;4b38b5f3;de4f2cb8;480b546d;7ab417bd
15,5,431,success,None,22/Jul/2026:17:24:35.986561,22/Jul/2026:17:24:38.084310,2.0977,74,22/Jul/2026:17:24:30.721822;22/Jul/2026:17:24:33.294310;22/Jul/2026:17:24:32.326103;22/Jul/2026:17:24:32.782802;22/Jul/2026:17:24:22.826687;22/Jul/2026:17:24:31.903671;22/Jul/2026:17:24:34.617565;22/Jul/2026:17:24:32.670789;22/Jul/2026:17:24:30.717283;22/Jul/2026:17:24:34.618579;22/Jul/2026:17:24:27.997245;22/Jul/2026:17:24:32.782771;22/Jul/2026:17:24:26.965079;22/Jul/2026:17:24:30.714886;22/Jul/2026:17:24:34.617701;22/Jul/2026:17:24:30.721440;22/Jul/2026:17:24:30.710599;22/Jul/2026:17:24:25.303196;22/Jul/2026:17:24:32.670168;22/Jul/2026:17:24:22.829026;22/Jul/2026:17:24:34.618937;22/Jul/2026:17:24:30.722672;22/Jul/2026:17:24:28.994390;22/Jul/2026:17:24:32.427666;22/Jul/2026:17:24:32.326559;22/Jul/2026:17:24:30.721642;22/Jul/2026:17:24:33.034424;22/Jul/2026:17:24:34.617308;22/Jul/2026:17:24:35.354532;22/Jul/2026:17:24:33.818376;22/Jul/2026:17:24:34.182308;22/Jul/2026:17:24:31.845409;22/Jul/2026:17:24:34.130918;22/Jul/2026:17:24:34.264384;22/Jul/2026:17:24:32.185830;22/Jul/2026:17:24:34.264604;22/Jul/2026:17:24:34.853282;22/Jul/2026:17:24:31.893046;22/Jul/2026:17:24:33.269009;22/Jul/2026:17:24:30.722477;22/Jul/2026:17:24:30.711236;22/Jul/2026:17:24:33.268237;22/Jul/2026:17:24:34.264638;22/Jul/2026:17:24:35.693525;22/Jul/2026:17:24:35.693490;22/Jul/2026:17:24:34.618771;22/Jul/2026:17:24:33.294452;22/Jul/2026:17:24:30.710483;22/Jul/2026:17:24:17.905665;22/Jul/2026:17:24:32.670568;22/Jul/2026:17:24:31.845639;22/Jul/2026:17:24:34.618611;22/Jul/2026:17:24:35.353774;22/Jul/2026:17:24:35.693254;22/Jul/2026:17:24:34.990592;22/Jul/2026:17:24:33.268856;22/Jul/2026:17:24:33.268894;22/Jul/2026:17:24:31.893227;22/Jul/2026:17:24:30.723506;22/Jul/2026:17:24:34.990833;22/Jul/2026:17:24:33.772375;22/Jul/2026:17:24:30.718196;22/Jul/2026:17:24:35.712793;22/Jul/2026:17:24:35.757791;22/Jul/2026:17:24:31.845492;22/Jul/2026:17:24:35.508758;22/Jul/2026:17:24:33.269081;22/Jul/2026:17:24:34.617271;22/Jul/2026:17:24:24.224987;22/Jul/2026:17:24:34.263963;22/Jul/2026:17:24:33.268780;22/Jul/2026:17:24:33.818925;22/Jul/2026:17:24:33.295496;22/Jul/2026:17:24:33.525908,5.2967;2.7249;3.7002;3.2521;13.2204;4.1493;1.4487;3.4003;5.3702;1.4731;8.1166;3.3472;9.1675;5.4185;1.5406;5.4375;5.4589;10.8709;3.5043;13.3530;1.5797;5.5048;7.2483;3.8242;3.9389;5.5457;3.2536;1.6728;0.9359;2.4821;2.1662;4.5191;2.2469;2.1284;4.2129;2.1457;1.5891;4.5596;3.1947;5.7667;5.8075;3.3461;2.3818;1.0028;1.0040;2.1202;3.4517;6.0662;18.8762;4.1266;5.0039;2.2920;1.5840;1.2485;1.9566;3.6961;3.7039;5.1078;6.2786;2.0348;3.2640;6.3291;1.3627;1.3260;5.2402;1.5922;3.8531;2.5115;12.9818;2.9888;4.0062;3.5295;4.0737;3.8571,bytes=487875762-488767977;bytes=1070266395-1070386652;bytes=802021126-802106002;bytes=909567986-909777505;bytes=218621077-219512660;bytes=663542637-663756105;bytes=1385825844-1386724867;bytes=878540881-879440537;bytes=299612938-299798265;bytes=1441735758-1442635422;bytes=1441735758-1442635422;bytes=909375215-909567985;bytes=1185387124-1186289766;bytes=218398595-218621076;bytes=1391056161-1391182385;bytes=482655092-483555319;bytes=97062700-97160197;bytes=855671366-855866604;bytes=870472530-871396245;bytes=241805302-242709624;bytes=1448856723-1449081046;bytes=552928219-553024806;bytes=1769358615-1770232839;bytes=834907026-835095198;bytes=802474180-803368536;bytes=485708228-486618731;bytes=930216947-931113769;bytes=1382919233-1383031980;bytes=1581797740-1581917340;bytes=1185161663-1185275505;bytes=1303727130-1304636732;bytes=600801981-601683450;bytes=1272025344-1272114330;bytes=1366699955-1366817062;bytes=752019689-752921722;bytes=1367041587-1367179169;bytes=1471020402-1471909920;bytes=627102779-628008708;bytes=1049339162-1050241508;bytes=552680388-552758884;bytes=104682994-104841492;bytes=1041131964-1042030338;bytes=1370772023-1370873808;bytes=1664825934-1664941499;bytes=1661022867-1661235301;bytes=1448764433-1448856722;bytes=1071287543-1072163061;bytes=95891543-96791067;bytes=1131770168-1131872360;bytes=876555465-876650552;bytes=602048918-602953355;bytes=1442635423-1443557219;bytes=1570528441-1571410928;bytes=1660730411-1660845354;bytes=1509197624-1510114642;bytes=1048931149-1049125980;bytes=1049125981-1049339161;bytes=630893869-630990582;bytes=579017069-579904054;bytes=1511649095-1512539869;bytes=1164784907-1164986061;bytes=340808276-340891921;bytes=1703176129-1704060484;bytes=1755511311-1755633324;bytes=601944562-602048917;bytes=1620387924-1621266174;bytes=1051135657-1052070016;bytes=1381769011-1382661019;bytes=571623487-572526863;bytes=1356440318-1357355607;bytes=1046935226-1047850139;bytes=1193180881-1193280300;bytes=1082299062-1082411368;bytes=1131662980-1131770167,5181bfa3;3ff483a0;2e8609ca;0b5b2aee;199d857e;7b94fab0;7a6086d8;21a9d5ca;95375b78;3dec93e8;b48e7618;89050f47;4aafe634;6fc7f755;4e1006b6;1d637add;2d799164;9dd78c56;22d4da90;d678e5c8;4bc6e7e1;cc36f8f7;ac80ed98;f1823292;5fa694c4;f8ec4157;27b4f423;edf1c5c7;498a2271;246f5dd5;50a8d123;777b5fb6;0017756a;1f3fbf07;91200632;631aa371;10b926d1;8649c637;47e4a41b;ca132a31;f04e3339;6d9e06b0;10894c11;83bff712;090553de;9883d1f6;72144cc5;7aa72382;16beff81;0561bdc7;148f4424;0ea86b8d;325b4551;5a244df8;f32cd7ac;f61b20d0;7a9a8140;ce7dd830;62c6fe73;c55bc60a;f67ec2fb;292cc61e;a222ab52;df27b185;dfa18d53;1117ff9e;af4e222e;5a398556;d0fa59c1;ceac0555;4b38b5f3;de4f2cb8;480b546d;7ab417bd
15,5,452,success,None,22/Jul/2026:17:24:36.233690,22/Jul/2026:17:24:38.096274,1.8626,52,22/Jul/2026:17:24:28.994390;22/Jul/2026:17:24:32.427666;22/Jul/2026:17:24:32.326559;22/Jul/2026:17:24:30.721642;22/Jul/2026:17:24:33.034424;22/Jul/2026:17:24:34.617308;22/Jul/2026:17:24:35.354532;22/Jul/2026:17:24:33.818376;22/Jul/2026:17:24:34.182308;22/Jul/2026:17:24:31.845409;22/Jul/2026:17:24:34.130918;22/Jul/2026:17:24:34.264384;22/Jul/2026:17:24:32.185830;22/Jul/2026:17:24:34.264604;22/Jul/2026:17:24:34.853282;22/Jul/2026:17:24:31.893046;22/Jul/2026:17:24:33.269009;22/Jul/2026:17:24:30.722477;22/Jul/2026:17:24:30.711236;22/Jul/2026:17:24:33.268237;22/Jul/2026:17:24:34.264638;22/Jul/2026:17:24:35.693525;22/Jul/2026:17:24:35.693490;22/Jul/2026:17:24:34.618771;22/Jul/2026:17:24:33.294452;22/Jul/2026:17:24:30.710483;22/Jul/2026:17:24:17.905665;22/Jul/2026:17:24:32.670568;22/Jul/2026:17:24:31.845639;22/Jul/2026:17:24:34.618611;22/Jul/2026:17:24:35.353774;22/Jul/2026:17:24:35.693254;22/Jul/2026:17:24:34.990592;22/Jul/2026:17:24:33.268856;22/Jul/2026:17:24:33.268894;22/Jul/2026:17:24:31.893227;22/Jul/2026:17:24:30.723506;22/Jul/2026:17:24:34.990833;22/Jul/2026:17:24:33.772375;22/Jul/2026:17:24:30.718196;22/Jul/2026:17:24:35.712793;22/Jul/2026:17:24:35.757791;22/Jul/2026:17:24:31.845492;22/Jul/2026:17:24:35.508758;22/Jul/2026:17:24:33.269081;22/Jul/2026:17:24:34.617271;22/Jul/2026:17:24:24.224987;22/Jul/2026:17:24:34.263963;22/Jul/2026:17:24:33.268780;22/Jul/2026:17:24:33.818925;22/Jul/2026:17:24:33.295496;22/Jul/2026:17:24:33.525908,7.2483;3.8242;3.9389;5.5457;3.2536;1.6728;0.9359;2.4821;2.1662;4.5191;2.2469;2.1284;4.2129;2.1457;1.5891;4.5596;3.1947;5.7667;5.8075;3.3461;2.3818;1.0028;1.0040;2.1202;3.4517;6.0662;18.8762;4.1266;5.0039;2.2920;1.5840;1.2485;1.9566;3.6961;3.7039;5.1078;6.2786;2.0348;3.2640;6.3291;1.3627;1.3260;5.2402;1.5922;3.8531;2.5115;12.9818;2.9888;4.0062;3.5295;4.0737;3.8571,bytes=1769358615-1770232839;bytes=834907026-835095198;bytes=802474180-803368536;bytes=485708228-486618731;bytes=930216947-931113769;bytes=1382919233-1383031980;bytes=1581797740-1581917340;bytes=1185161663-1185275505;bytes=1303727130-1304636732;bytes=600801981-601683450;bytes=1272025344-1272114330;bytes=1366699955-1366817062;bytes=752019689-752921722;bytes=1367041587-1367179169;bytes=1471020402-1471909920;bytes=627102779-628008708;bytes=1049339162-1050241508;bytes=552680388-552758884;bytes=104682994-104841492;bytes=1041131964-1042030338;bytes=1370772023-1370873808;bytes=1664825934-1664941499;bytes=1661022867-1661235301;bytes=1448764433-1448856722;bytes=1071287543-1072163061;bytes=95891543-96791067;bytes=1131770168-1131872360;bytes=876555465-876650552;bytes=602048918-602953355;bytes=1442635423-1443557219;bytes=1570528441-1571410928;bytes=1660730411-1660845354;bytes=1509197624-1510114642;bytes=1048931149-1049125980;bytes=1049125981-1049339161;bytes=630893869-630990582;bytes=579017069-579904054;bytes=1511649095-1512539869;bytes=1164784907-1164986061;bytes=340808276-340891921;bytes=1703176129-1704060484;bytes=1755511311-1755633324;bytes=601944562-602048917;bytes=1620387924-1621266174;bytes=1051135657-1052070016;bytes=1381769011-1382661019;bytes=571623487-572526863;bytes=1356440318-1357355607;bytes=1046935226-1047850139;bytes=1193180881-1193280300;bytes=1082299062-1082411368;bytes=1131662980-1131770167,ac80ed98;f1823292;5fa694c4;f8ec4157;27b4f423;edf1c5c7;498a2271;246f5dd5;50a8d123;777b5fb6;0017756a;1f3fbf07;91200632;631aa371;10b926d1;8649c637;47e4a41b;ca132a31;f04e3339;6d9e06b0;10894c11;83bff712;090553de;9883d1f6;72144cc5;7aa72382;16beff81;0561bdc7;148f4424;0ea86b8d;325b4551;5a244df8;f32cd7ac;f61b20d0;7a9a8140;ce7dd830;62c6fe73;c55bc60a;f67ec2fb;292cc61e;a222ab52;df27b185;dfa18d53;1117ff9e;af4e222e;5a398556;d0fa59c1;ceac0555;4b38b5f3;de4f2cb8;480b546d;7ab417bd
15,5,461,success,None,22/Jul/2026:17:24:36.325553,22/Jul/2026:17:24:38.203514,1.8780,44,22/Jul/2026:17:24:34.182308;22/Jul/2026:17:24:31.845409;22/Jul/2026:17:24:34.130918;22/Jul/2026:17:24:34.264384;22/Jul/2026:17:24:32.185830;22/Jul/2026:17:24:34.264604;22/Jul/2026:17:24:34.853282;22/Jul/2026:17:24:31.893046;22/Jul/2026:17:24:33.269009;22/Jul/2026:17:24:30.722477;22/Jul/2026:17:24:30.711236;22/Jul/2026:17:24:33.268237;22/Jul/2026:17:24:34.264638;22/Jul/2026:17:24:35.693525;22/Jul/2026:17:24:35.693490;22/Jul/2026:17:24:34.618771;22/Jul/2026:17:24:33.294452;22/Jul/2026:17:24:30.710483;22/Jul/2026:17:24:17.905665;22/Jul/2026:17:24:32.670568;22/Jul/2026:17:24:31.845639;22/Jul/2026:17:24:34.618611;22/Jul/2026:17:24:35.353774;22/Jul/2026:17:24:35.693254;22/Jul/2026:17:24:34.990592;22/Jul/2026:17:24:33.268856;22/Jul/2026:17:24:33.268894;22/Jul/2026:17:24:31.893227;22/Jul/2026:17:24:30.723506;22/Jul/2026:17:24:34.990833;22/Jul/2026:17:24:33.772375;22/Jul/2026:17:24:30.718196;22/Jul/2026:17:24:35.712793;22/Jul/2026:17:24:35.757791;22/Jul/2026:17:24:31.845492;22/Jul/2026:17:24:35.508758;22/Jul/2026:17:24:33.269081;22/Jul/2026:17:24:34.617271;22/Jul/2026:17:24:24.224987;22/Jul/2026:17:24:34.263963;22/Jul/2026:17:24:33.268780;22/Jul/2026:17:24:33.818925;22/Jul/2026:17:24:33.295496;22/Jul/2026:17:24:33.525908,2.1662;4.5191;2.2469;2.1284;4.2129;2.1457;1.5891;4.5596;3.1947;5.7667;5.8075;3.3461;2.3818;1.0028;1.0040;2.1202;3.4517;6.0662;18.8762;4.1266;5.0039;2.2920;1.5840;1.2485;1.9566;3.6961;3.7039;5.1078;6.2786;2.0348;3.2640;6.3291;1.3627;1.3260;5.2402;1.5922;3.8531;2.5115;12.9818;2.9888;4.0062;3.5295;4.0737;3.8571,bytes=1303727130-1304636732;bytes=600801981-601683450;bytes=1272025344-1272114330;bytes=1366699955-1366817062;bytes=752019689-752921722;bytes=1367041587-1367179169;bytes=1471020402-1471909920;bytes=627102779-628008708;bytes=1049339162-1050241508;bytes=552680388-552758884;bytes=104682994-104841492;bytes=1041131964-1042030338;bytes=1370772023-1370873808;bytes=1664825934-1664941499;bytes=1661022867-1661235301;bytes=1448764433-1448856722;bytes=1071287543-1072163061;bytes=95891543-96791067;bytes=1131770168-1131872360;bytes=876555465-876650552;bytes=602048918-602953355;bytes=1442635423-1443557219;bytes=1570528441-1571410928;bytes=1660730411-1660845354;bytes=1509197624-1510114642;bytes=1048931149-1049125980;bytes=1049125981-1049339161;bytes=630893869-630990582;bytes=579017069-579904054;bytes=1511649095-1512539869;bytes=1164784907-1164986061;bytes=340808276-340891921;bytes=1703176129-1704060484;bytes=1755511311-1755633324;bytes=601944562-602048917;bytes=1620387924-1621266174;bytes=1051135657-1052070016;bytes=1381769011-1382661019;bytes=571623487-572526863;bytes=1356440318-1357355607;bytes=1046935226-1047850139;bytes=1193180881-1193280300;bytes=1082299062-1082411368;bytes=1131662980-1131770167,50a8d123;777b5fb6;0017756a;1f3fbf07;91200632;631aa371;10b926d1;8649c637;47e4a41b;ca132a31;f04e3339;6d9e06b0;10894c11;83bff712;090553de;9883d1f6;72144cc5;7aa72382;16beff81;0561bdc7;148f4424;0ea86b8d;325b4551;5a244df8;f32cd7ac;f61b20d0;7a9a8140;ce7dd830;62c6fe73;c55bc60a;f67ec2fb;292cc61e;a222ab52;df27b185;dfa18d53;1117ff9e;af4e222e;5a398556;d0fa59c1;ceac0555;4b38b5f3;de4f2cb8;480b546d;7ab417bd
