maxWorkers,chunkSize,StartIndex,Status,Error,StartClock,EndClock,Slice_Latency,HTTPSRequestCount,HTTPSRequestClocks,HTTPSRequestLatencies,HTTPS Byte Ranges,HTTPSRequestIDs
1,4,2,success,None,23/Jul/2026:13:15:27.399328,23/Jul/2026:13:15:28.884729,1.4854,0,None,None,None,None
1,4,7,success,None,23/Jul/2026:13:15:28.884939,23/Jul/2026:13:15:30.071656,1.1867,0,None,None,None,None
1,4,12,success,None,23/Jul/2026:13:15:30.071874,23/Jul/2026:13:15:31.213098,1.1412,2,23/Jul/2026:13:15:27.402575;23/Jul/2026:13:15:28.886258,2.7212;1.2509,bytes=19624248-19703507;bytes=36416455-36543919,22ac4b94;b62fa301
1,4,20,success,None,23/Jul/2026:13:15:31.213330,23/Jul/2026:13:15:32.193567,0.9802,4,23/Jul/2026:13:15:31.213840;23/Jul/2026:13:15:28.886026;23/Jul/2026:13:15:27.402758;23/Jul/2026:13:15:30.072710,0.0516;2.4096;3.9240;1.3221,bytes=81885664-82767056;bytes=32607769-33501534;bytes=16834771-17733156;bytes=56155737-56304528,5e10a640;b5d04ff8;0d49ada2;c567461c
1,4,30,success,None,23/Jul/2026:13:15:32.193781,23/Jul/2026:13:15:33.227822,1.0340,5,23/Jul/2026:13:15:31.215209;23/Jul/2026:13:15:27.401760;23/Jul/2026:13:15:30.073047;23/Jul/2026:13:15:31.214975;23/Jul/2026:13:15:32.195437,1.0369;4.8503;2.1792;1.0536;0.0812,bytes=92992578-93079692;bytes=11975124-12870473;bytes=54370984-55273864;bytes=89192874-90102088;bytes=133498418-133596014,f8a25f61;8602a3b5;37c1554b;3ac5f575;ad0ffe79
1,4,41,success,None,23/Jul/2026:13:15:33.228044,23/Jul/2026:13:15:34.512826,1.2848,4,23/Jul/2026:13:15:28.885669;23/Jul/2026:13:15:30.072515;23/Jul/2026:13:15:32.194563;23/Jul/2026:13:15:32.194128,4.3691;3.1823;1.0693;1.0963,bytes=32236124-32417063;bytes=51261479-52138480;bytes=125414255-125611312;bytes=121412194-122309905,ea4b6f69;39b7cc4f;b2ffff4d;e1f8b645
1,4,52,success,None,23/Jul/2026:13:15:34.513055,23/Jul/2026:13:15:35.524758,1.0117,0,None,None,None,None
1,4,60,success,None,23/Jul/2026:13:15:35.524981,23/Jul/2026:13:15:36.736634,1.2117,6,23/Jul/2026:13:15:34.514773;23/Jul/2026:13:15:34.514715;23/Jul/2026:13:15:28.886086;23/Jul/2026:13:15:28.885453;23/Jul/2026:13:15:31.215378;23/Jul/2026:13:15:33.229456,1.0383;1.0385;6.6724;6.6782;4.3588;2.3544,bytes=221333954-222249682;bytes=220406321-221333953;bytes=33501535-34378949;bytes=29322117-30208735;bytes=96873784-96964377;bytes=173982062-174165865,2c217933;3f02f6c0;b34e3a02;dc5c7167;d4cb7451;8d9a6a2e
1,4,73,success,None,23/Jul/2026:13:15:36.736832,23/Jul/2026:13:15:37.697049,0.9602,8,23/Jul/2026:13:15:34.514356;23/Jul/2026:13:15:31.214438;23/Jul/2026:13:15:28.885952;23/Jul/2026:13:15:32.195498;23/Jul/2026:13:15:31.214917;23/Jul/2026:13:15:34.515003;23/Jul/2026:13:15:36.738709;23/Jul/2026:13:15:34.513789,2.2595;5.5596;7.8900;4.5920;5.5740;2.3168;0.1022;2.3336,bytes=218212016-218398594;bytes=88844908-88943720;bytes=36319658-36416454;bytes=129793216-130690294;bytes=92896195-92992577;bytes=226522245-226620042;bytes=307918882-308012965;bytes=213038778-213933941,0beafa35;dbd9a89d;2ea78848;0e54e7b3;7cd75ffa;602d6094;0567cf5d;1ad173dc
1,4,85,success,None,23/Jul/2026:13:15:37.697273,23/Jul/2026:13:15:38.672327,0.9751,2,23/Jul/2026:13:15:34.514472;23/Jul/2026:13:15:37.698688,3.2427;0.1018,bytes=222249683-222339354;bytes=352849588-352948511,2df829b0;3cc15a8f
1,4,95,success,None,23/Jul/2026:13:15:38.672552,23/Jul/2026:13:15:39.652418,0.9799,3,23/Jul/2026:13:15:36.737317;23/Jul/2026:13:15:36.737903;23/Jul/2026:13:15:37.699106,1.9678;1.9845;1.0242,bytes=296927649-297803306;bytes=300147834-301031514;bytes=356813979-356907188,f7b28090;d758d17d;488b59b9
1,4,100,success,None,23/Jul/2026:13:15:39.652644,23/Jul/2026:13:15:40.697484,1.0448,4,23/Jul/2026:13:15:31.214162;23/Jul/2026:13:15:36.737395;23/Jul/2026:13:15:38.672904;23/Jul/2026:13:15:34.514121,8.4721;2.9495;1.0567;5.2727,bytes=84801065-84961422;bytes=297803307-298711102;bytes=385865751-386772233;bytes=214424172-215318826,883ed4c8;633bc348;af92c96b;0cc06869
1,4,105,success,None,23/Jul/2026:13:15:40.697698,23/Jul/2026:13:15:41.473684,0.7760,6,23/Jul/2026:13:15:35.525565;23/Jul/2026:13:15:38.674331;23/Jul/2026:13:15:37.699170;23/Jul/2026:13:15:38.673988;23/Jul/2026:13:15:38.674221;23/Jul/2026:13:15:37.698422,5.2060;2.0716;3.0468;2.0882;2.0892;3.0736,bytes=244835071-245732602;bytes=397604782-397705040;bytes=356907189-357003731;bytes=397270077-397470084;bytes=395517720-396384850;bytes=349775547-350658583,3647714f;cb8a283d;0ca91958;87757a4f;9b6b7442;937bfaaa
1,4,113,success,None,23/Jul/2026:13:15:41.473910,23/Jul/2026:13:15:42.925998,1.4521,4,23/Jul/2026:13:15:37.699286;23/Jul/2026:13:15:40.698486;23/Jul/2026:13:15:38.674048;23/Jul/2026:13:15:40.698973,3.8166;0.8188;2.8519;0.8316,bytes=360738147-360814686;bytes=430463925-430591837;bytes=397470085-397604781;bytes=432525202-433433878,b09357a1;38b3ea99;ef36214a;b1cced2a
1,4,122,success,None,23/Jul/2026:13:15:42.926215,23/Jul/2026:13:15:44.010101,1.0839,3,23/Jul/2026:13:15:41.475510;23/Jul/2026:13:15:41.475394;23/Jul/2026:13:15:30.073746,1.4860;1.4975;12.9000,bytes=467516814-468397469;bytes=471132378-471238932;bytes=64031676-64101355,2ff16e68;f4111a34;c54dc13f
1,4,128,success,None,23/Jul/2026:13:15:44.010326,23/Jul/2026:13:15:45.107502,1.0972,5,23/Jul/2026:13:15:42.927108;23/Jul/2026:13:15:39.654533;23/Jul/2026:13:15:41.474873;23/Jul/2026:13:15:37.698868;23/Jul/2026:13:15:44.011598,1.1143;4.3911;2.5756;6.3639;0.1107,bytes=503752198-503880044;bytes=422028697-422126700;bytes=467010151-467103932;bytes=352948512-353842502;bytes=528844495-528937260,48da404a;58c510af;a97e3a58;5392342b;8838e57a
1,4,137,success,None,23/Jul/2026:13:15:45.107724,23/Jul/2026:13:15:46.233119,1.1254,9,23/Jul/2026:13:15:41.475203;23/Jul/2026:13:15:38.673216;23/Jul/2026:13:15:40.699430;23/Jul/2026:13:15:41.475131;23/Jul/2026:13:15:42.927733;23/Jul/2026:13:15:44.011773;23/Jul/2026:13:15:44.011055;23/Jul/2026:13:15:45.109726;23/Jul/2026:13:15:42.928078,3.6660;6.4683;4.4477;3.6722;2.2226;1.1443;1.1585;0.0611;2.2564,bytes=466000762-466912682;bytes=388560401-389466134;bytes=436493583-437389647;bytes=465071914-466000761;bytes=507862669-507935482;bytes=532745253-532850845;bytes=524676355-524847305;bytes=573539384-573644370;bytes=508117604-508298438,8a909866;675118c4;5c814868;b4d63b17;db48a91b;fb9f88b7;53b4bfa6;39f536f3;8caafaee
1,4,142,success,None,23/Jul/2026:13:15:46.233346,23/Jul/2026:13:15:47.306150,1.0728,4,23/Jul/2026:13:15:45.109496;23/Jul/2026:13:15:45.109313;23/Jul/2026:13:15:44.011157;23/Jul/2026:13:15:40.699603,1.1808;1.1820;2.2802;5.6326,bytes=568354230-569265182;bytes=565662708-566543610;bytes=524847306-525013330;bytes=438578455-438672914,54a4c0d9;de28c8d1;1af370f3;53b2cba7
1,4,151,success,None,23/Jul/2026:13:15:47.306402,23/Jul/2026:13:15:48.369355,1.0630,6,23/Jul/2026:13:15:44.011226;23/Jul/2026:13:15:41.474636;23/Jul/2026:13:15:34.513594;23/Jul/2026:13:15:39.653964;23/Jul/2026:13:15:44.011832;23/Jul/2026:13:15:45.109071,3.3250;5.8652;12.8385;7.7013;3.3558;2.2664,bytes=528627516-528731142;bytes=462902768-463097128;bytes=211226170-212123542;bytes=413892166-414096607;bytes=529032097-529940174;bytes=565244006-565446215,6a992e9a;9ed9edb7;e6c33e54;422cf5a1;f6a581c4;ce7a0dfe
1,4,157,success,None,23/Jul/2026:13:15:48.369641,23/Jul/2026:13:15:49.192779,0.8231,4,23/Jul/2026:13:15:42.926559;23/Jul/2026:13:15:47.307530;23/Jul/2026:13:15:48.371645;23/Jul/2026:13:15:48.371697,5.4729;1.0921;0.0478;0.0547,bytes=496031908-496918350;bytes=622605347-622710908;bytes=654838511-654922995;bytes=654922996-655003102,ff4df3bc;ca55b60b;62d3baf2;77c26eed
1,4,177,success,None,23/Jul/2026:13:15:49.193036,23/Jul/2026:13:15:50.662321,1.4693,2,23/Jul/2026:13:15:48.371593;23/Jul/2026:13:15:48.371172,0.8501;0.8864,bytes=651124891-651228523;bytes=647067087-647169188,0e416a6f;825cc562
1,4,185,success,None,23/Jul/2026:13:15:50.662572,23/Jul/2026:13:15:51.819346,1.1568,7,23/Jul/2026:13:15:49.194028;23/Jul/2026:13:15:40.699657;23/Jul/2026:13:15:48.371490;23/Jul/2026:13:15:49.193616;23/Jul/2026:13:15:47.307958;23/Jul/2026:13:15:49.193966;23/Jul/2026:13:15:46.234461,1.4974;9.9950;2.3260;1.5050;3.3939;1.5099;4.4694,bytes=728797327-728892940;bytes=442256569-442413724;bytes=649882761-650790070;bytes=721944040-722831132;bytes=626782312-626890299;bytes=725031293-725184091;bytes=582091563-582993357,bccd0f2f;e18a6a0c;85177456;f3637058;503f754d;ec5f15a4;d2ee93c9
1,4,190,success,None,23/Jul/2026:13:15:51.819572,23/Jul/2026:13:15:52.941715,1.1221,8,23/Jul/2026:13:15:42.927963;23/Jul/2026:13:15:50.663426;23/Jul/2026:13:15:49.194877;23/Jul/2026:13:15:50.662945;23/Jul/2026:13:15:49.194435;23/Jul/2026:13:15:50.663871;23/Jul/2026:13:15:50.664728;23/Jul/2026:13:15:50.664671,8.9199;1.1894;2.6579;1.2054;2.6816;1.2123;1.2135;1.2474,bytes=506882624-507783747;bytes=757490362-757708076;bytes=733087581-733188612;bytes=753484099-754377061;bytes=729104088-729196943;bytes=758605300-759497059;bytes=769898911-770005745;bytes=769788690-769898910,92e1e6ab;a7c5e724;d40d1963;7de56b9e;f8635974;030dccbb;5625fee2;1d874e0a
1,4,202,success,None,23/Jul/2026:13:15:52.941940,23/Jul/2026:13:15:53.884447,0.9425,4,23/Jul/2026:13:15:49.194152;23/Jul/2026:13:15:46.234804;23/Jul/2026:13:15:51.821501;23/Jul/2026:13:15:52.943742,3.7780;6.7374;1.1614;0.0538,bytes=725184092-726088638;bytes=585970367-586062657;bytes=789959867-790080222;bytes=835337755-835436006,6d270d7c;5f48afab;e91da780;8bced41e
1,4,224,success,None,23/Jul/2026:13:15:53.884660,23/Jul/2026:13:15:54.896236,1.0116,4,23/Jul/2026:13:15:52.942446;23/Jul/2026:13:15:45.109193;23/Jul/2026:13:15:45.109438;23/Jul/2026:13:15:53.886603,0.9780;8.8116;8.8115;0.0615,bytes=824262416-825149655;bytes=569265183-569370811;bytes=567430107-568354229;bytes=929822322-929918593,aced3639;51819dc6;e374f49d;718b5c79
1,4,238,success,None,23/Jul/2026:13:15:54.896453,23/Jul/2026:13:15:55.916717,1.0203,4,23/Jul/2026:13:15:50.664207;23/Jul/2026:13:15:51.820179;23/Jul/2026:13:15:52.943045;23/Jul/2026:13:15:44.010914,4.2734;3.1178;2.0205;11.1338,bytes=765574495-765684330;bytes=776163132-777071371;bytes=828260587-829140935;bytes=522642852-523552586,8ad1b9f5;8568fc0a;c415ddaa;1b2ef55b
1,4,243,success,None,23/Jul/2026:13:15:55.916922,23/Jul/2026:13:15:57.033324,1.1164,3,23/Jul/2026:13:15:53.886075;23/Jul/2026:13:15:54.898277;23/Jul/2026:13:15:55.918330,2.0921;1.1322;0.1239,bytes=922113374-922232210;bytes=986922113-987118234;bytes=1003522846-1003611197,b73767a2;045e7cc2;d047180d
1,4,254,success,None,23/Jul/2026:13:15:57.033549,23/Jul/2026:13:15:58.174723,1.1412,4,23/Jul/2026:13:15:55.918214;23/Jul/2026:13:15:46.235074;23/Jul/2026:13:15:57.035414;23/Jul/2026:13:15:57.034521,1.1505;10.8640;0.0837;0.1300,bytes=999614523-999794361;bytes=587835498-588740464;bytes=1052972426-1053068010;bytes=1044835501-1044914701,4446aa2d;6622fcdf;092271a7;fc79a041
1,4,281,success,None,23/Jul/2026:13:15:58.174951,23/Jul/2026:13:15:59.326481,1.1515,7,23/Jul/2026:13:15:48.370418;23/Jul/2026:13:15:54.897575;23/Jul/2026:13:15:54.897378;23/Jul/2026:13:15:55.918037;23/Jul/2026:13:15:58.176987;23/Jul/2026:13:15:58.177055;23/Jul/2026:13:15:55.918558,9.8333;3.3146;3.3295;2.3105;0.0641;0.0782;2.3911,bytes=641657763-642550150;bytes=977130538-978040156;bytes=979033112-979126104;bytes=997419038-998340707;bytes=1164386203-1164503490;bytes=1164503491-1164613268;bytes=1002519116-1003425931,03ca15ca;ff1804e1;b2bdf1f2;68e8054b;58ec5f85;040ad475;ca6dda83
1,4,286,success,None,23/Jul/2026:13:15:59.326700,23/Jul/2026:13:16:00.446541,1.1198,6,23/Jul/2026:13:15:55.918613;23/Jul/2026:13:15:54.897514;23/Jul/2026:13:15:54.897447;23/Jul/2026:13:15:49.194987;23/Jul/2026:13:15:59.328468;23/Jul/2026:13:15:52.943230,3.4450;4.4676;4.4792;10.1927;0.1264;6.5191,bytes=1003611198-1003818588;bytes=976247996-977130537;bytes=975344972-976247995;bytes=736935669-737069838;bytes=1181175098-1181274319;bytes=831132034-831223478,edef3b70;4a4c46ef;cadcb8d4;7cdc8676;e78d0b48;78b81fae
1,4,292,success,None,23/Jul/2026:13:16:00.446776,23/Jul/2026:13:16:01.705914,1.2591,2,23/Jul/2026:13:15:58.175534;23/Jul/2026:13:15:59.328124,2.3100;1.1682,bytes=1149907225-1150840459;bytes=1180904565-1181071878,5a7f599b;9e1d09ec
1,4,299,success,None,23/Jul/2026:13:16:01.706128,23/Jul/2026:13:16:02.556732,0.8506,2,23/Jul/2026:13:16:00.448236;23/Jul/2026:13:16:01.707552,1.3008;0.1354,bytes=1205513196-1205612698;bytes=1230555524-1230653469,b2d6360f;989c1fc3
1,4,308,success,None,23/Jul/2026:13:16:02.556950,23/Jul/2026:13:16:03.994340,1.4374,4,23/Jul/2026:13:15:59.327892;23/Jul/2026:13:16:01.707008;23/Jul/2026:13:16:02.558797;23/Jul/2026:13:16:02.558739,3.2602;0.8926;0.0779;0.0907,bytes=1175790559-1176690287;bytes=1230130554-1230313674;bytes=1275921608-1276029505;bytes=1275821518-1275921607,37c382f7;7e997e45;e62a3396;0485081a
1,4,315,success,None,23/Jul/2026:13:16:03.994557,23/Jul/2026:13:16:04.874680,0.8801,7,23/Jul/2026:13:16:02.557630;23/Jul/2026:13:16:00.448625;23/Jul/2026:13:15:52.943796;23/Jul/2026:13:16:00.447633;23/Jul/2026:13:16:01.707075;23/Jul/2026:13:16:02.558112;23/Jul/2026:13:16:02.558568,1.4681;3.5783;11.0849;3.5852;2.3363;1.4919;1.4936,bytes=1263699455-1263864704;bytes=1209652294-1209765457;bytes=839008891-839203005;bytes=1197373174-1197551733;bytes=1230313675-1230454211;bytes=1266759446-1267671704;bytes=1270889998-1271792928,f4d16939;a8ca1834;6b9df4fc;edc391c8;08224b2e;4e197d4f;f5dc2464
1,4,325,success,None,23/Jul/2026:13:16:04.874897,23/Jul/2026:13:16:05.962631,1.0877,4,23/Jul/2026:13:16:03.996535;23/Jul/2026:13:16:03.996423;23/Jul/2026:13:15:52.943632;23/Jul/2026:13:16:04.876103,0.9184;0.9370;12.0115;0.0877,bytes=1304747441-1304851647;bytes=1300799752-1301026423;bytes=834004341-834907025;bytes=1337808242-1337916045,971ae527;3098602a;3b4662bf;321df725
1,4,340,success,None,23/Jul/2026:13:16:05.962855,23/Jul/2026:13:16:06.944512,0.9817,4,23/Jul/2026:13:15:58.176739;23/Jul/2026:13:15:55.918448;23/Jul/2026:13:16:02.557918;23/Jul/2026:13:15:59.327714,7.8211;10.0860;3.4474;6.6785,bytes=1159275301-1160189422;bytes=1000692090-1001583116;bytes=1264059243-1264951590;bytes=1173080027-1173990336,5fc8c3cd;075083ef;e5473007;621d7f23
1,4,346,success,None,23/Jul/2026:13:16:06.944725,23/Jul/2026:13:16:08.083925,1.1392,2,23/Jul/2026:13:16:04.876722;23/Jul/2026:13:16:05.964709,2.1481;1.0789,bytes=1345685151-1345763079;bytes=1402561942-1403479281,9f127157;70ca4065
1,4,360,success,None,23/Jul/2026:13:16:08.084139,23/Jul/2026:13:16:09.231057,1.1469,8,23/Jul/2026:13:16:03.996366;23/Jul/2026:13:16:05.963220;23/Jul/2026:13:16:05.964220;23/Jul/2026:13:16:05.964156;23/Jul/2026:13:16:05.963374;23/Jul/2026:13:16:06.946207;23/Jul/2026:13:16:08.085917;23/Jul/2026:13:16:08.085601,4.1268;2.1612;2.1655;2.1655;2.1664;1.2011;0.0622;0.1177,bytes=1300581861-1300799751;bytes=1391383537-1392289527;bytes=1398323026-1399232346;bytes=1397390444-1398323025;bytes=1392289528-1393191098;bytes=1424551420-1425448506;bytes=1486387303-1486508121;bytes=1486160246-1486269076,4699f2a9;e3a0c8f2;ecf1b64f;7553238e;19e54cea;dd2ae54e;8eed50f6;901df503
1,4,370,success,None,23/Jul/2026:13:16:09.231265,23/Jul/2026:13:16:09.973343,0.7421,4,23/Jul/2026:13:16:05.964827;23/Jul/2026:13:16:08.085651;23/Jul/2026:13:16:08.085550;23/Jul/2026:13:16:08.085706,3.3053;1.1848;1.1850;1.1875,bytes=1403869345-1404093584;bytes=1482454922-1483353321;bytes=1486029279-1486160245;bytes=1483353322-1484245762,49a1fa5d;5838a9d2;d5d78922;e647fa5e
1,4,376,success,None,23/Jul/2026:13:16:09.973573,23/Jul/2026:13:16:11.148217,1.1746,4,23/Jul/2026:13:16:06.946489;23/Jul/2026:13:16:09.232977;23/Jul/2026:13:16:04.875922;23/Jul/2026:13:16:08.084757,3.0585;0.7720;5.1394;1.9527,bytes=1428604280-1428702704;bytes=1527787989-1527899773;bytes=1334963380-1335846351;bytes=1476827262-1477734558,fc1df3ff;7907c45c;6e2ec998;a3d03f8e
1,4,385,success,None,23/Jul/2026:13:16:11.148461,23/Jul/2026:13:16:12.322829,1.1744,4,23/Jul/2026:13:16:09.975180;23/Jul/2026:13:16:08.085812;23/Jul/2026:13:16:09.233032;23/Jul/2026:13:16:11.150582,1.2088;3.1107;1.9689;0.0702,bytes=1550559658-1551484085;bytes=1485141055-1486029278;bytes=1527899774-1528003956;bytes=1593787037-1593887948,2110fe8a;5353bb69;9c363966;17023dc8
1,4,393,success,None,23/Jul/2026:13:16:12.323036,23/Jul/2026:13:16:13.390604,1.0676,5,23/Jul/2026:13:16:08.084692;23/Jul/2026:13:16:11.148798;23/Jul/2026:13:16:09.974712;23/Jul/2026:13:16:05.964883;23/Jul/2026:13:16:11.150295,4.2722;1.2121;2.3936;6.4384;1.2821,bytes=1475921472-1476827261;bytes=1577820332-1578714513;bytes=1546297568-1547233841;bytes=1407677456-1407794838;bytes=1587034414-1587933187,012f465f;29e9e0cb;93cbc9b3;228cc963;84111e48
1,4,400,success,None,23/Jul/2026:13:16:13.390829,23/Jul/2026:13:16:14.398377,1.0075,3,23/Jul/2026:13:16:12.324885;23/Jul/2026:13:16:06.946264;23/Jul/2026:13:16:12.324363,1.0955;6.5269;1.1511,bytes=1627088920-1627291683;bytes=1425448507-1426330955;bytes=1619379556-1619476434,7deddf23;f8026583;cead7c84
1,4,407,success,None,23/Jul/2026:13:16:14.398597,23/Jul/2026:13:16:15.284496,0.8859,2,23/Jul/2026:13:16:13.391457;23/Jul/2026:13:16:08.084876,1.0463;6.3573,bytes=1642770737-1643670810;bytes=1478154241-1478267136,294b1c7d;bc0f82c1
1,4,412,success,None,23/Jul/2026:13:16:15.284703,23/Jul/2026:13:16:16.368837,1.0841,5,23/Jul/2026:13:16:13.392367;23/Jul/2026:13:16:12.323983;23/Jul/2026:13:16:05.964469;23/Jul/2026:13:16:15.286769;23/Jul/2026:13:16:11.149240,1.9203;2.9889;9.3588;0.0775;4.2460,bytes=1652157320-1652269896;bytes=1619168689-1619285810;bytes=1403584185-1403680133;bytes=1706029104-1706142512;bytes=1581917341-1582029485,5f4b9f9f;0e455a32;79ab40fe;3a040d5a;bb66934f
1,4,419,success,None,23/Jul/2026:13:16:16.369053,23/Jul/2026:13:16:17.505057,1.1360,3,23/Jul/2026:13:16:11.149652;23/Jul/2026:13:16:15.285497;23/Jul/2026:13:16:14.399760,5.2533;1.1244;2.0105,bytes=1582033142-1582928914;bytes=1693531288-1693745193;bytes=1674253421-1675134211,3d5e481a;7655d959;0425e02f
1,4,426,success,None,23/Jul/2026:13:16:17.505272,23/Jul/2026:13:16:18.678163,1.1729,6,23/Jul/2026:13:16:15.285183;23/Jul/2026:13:16:12.323753;23/Jul/2026:13:16:09.974212;23/Jul/2026:13:16:16.370592;23/Jul/2026:13:16:16.370489;23/Jul/2026:13:16:16.370691,2.2660;5.2447;7.5943;1.2074;1.2096;1.2118,bytes=1690414656-1691312947;bytes=1615161829-1615315640;bytes=1543008564-1543906326;bytes=1728806131-1729710489;bytes=1727026584-1727917932;bytes=1730891984-1731011212,3415705c;a723508a;daf4ec45;85ecfb50;d4044246;f28696cc
1,4,438,success,None,23/Jul/2026:13:16:18.678386,23/Jul/2026:13:16:20.121395,1.4430,2,23/Jul/2026:13:16:09.974279;23/Jul/2026:13:16:09.974521,8.7422;8.7510,bytes=1544084198-1544301779;bytes=1548236611-1548333499,133777fd;32bf8373
1,4,448,success,None,23/Jul/2026:13:16:20.121609,23/Jul/2026:13:16:21.007054,0.8854,3,23/Jul/2026:13:16:03.996196;23/Jul/2026:13:16:18.679705;23/Jul/2026:13:16:18.678915,16.1703;1.4869;1.4969,bytes=1297648871-1298546223;bytes=1803199766-1804124808;bytes=1798075691-1798949236,82a0ef39;ad627c3c;b23d735f
1,4,464,success,None,23/Jul/2026:13:16:21.007261,23/Jul/2026:13:16:22.093435,1.0862,6,23/Jul/2026:13:16:18.679645;23/Jul/2026:13:16:20.123000;23/Jul/2026:13:16:17.506522;23/Jul/2026:13:16:17.506419;23/Jul/2026:13:16:13.392675;23/Jul/2026:13:16:21.009299,2.3604;0.9172;3.5354;3.5355;7.6793;0.0867,bytes=1802324086-1803199765;bytes=1846819949-1847713443;bytes=1755946977-1756152368;bytes=1754602557-1755511310;bytes=1651240223-1652157319;bytes=1921175092-1921301760,f2b09034;d4d738fa;a73c5c1d;d8a6676d;ce7db5ec;3f25fded
2,4,2,success,None,23/Jul/2026:13:16:22.094695,23/Jul/2026:13:16:23.303946,1.2092,7,23/Jul/2026:13:16:22.096731;23/Jul/2026:13:16:11.148958;23/Jul/2026:13:15:32.194368;23/Jul/2026:13:15:32.194503;23/Jul/2026:13:16:22.095777;23/Jul/2026:13:16:22.095669;23/Jul/2026:13:15:40.698338,0.0290;10.9801;49.9550;50.1159;0.2709;0.2885;41.7490,bytes=28434927-29322116;bytes=1578714514-1579605577;bytes=123201472-124124679;bytes=125230783-125414254;bytes=15553835-15652077;bytes=11768140-11869466;bytes=428420649-429342131,9df73c86;46b23be8;9929aedb;59c43f8b;ff453579;4ed3f2cf;b8b673da
2,4,7,success,None,23/Jul/2026:13:16:22.094868,23/Jul/2026:13:16:24.119366,2.0245,7,23/Jul/2026:13:16:22.096731;23/Jul/2026:13:16:11.148958;23/Jul/2026:13:15:32.194368;23/Jul/2026:13:15:32.194503;23/Jul/2026:13:16:22.095777;23/Jul/2026:13:16:22.095669;23/Jul/2026:13:15:40.698338,0.0290;10.9801;49.9550;50.1159;0.2709;0.2885;41.7490,bytes=28434927-29322116;bytes=1578714514-1579605577;bytes=123201472-124124679;bytes=125230783-125414254;bytes=15553835-15652077;bytes=11768140-11869466;bytes=428420649-429342131,9df73c86;46b23be8;9929aedb;59c43f8b;ff453579;4ed3f2cf;b8b673da
2,4,12,success,None,23/Jul/2026:13:16:23.304161,23/Jul/2026:13:16:24.503739,1.1996,1,23/Jul/2026:13:16:23.304850,0.8674,bytes=52399041-52496406,f2d91b00
2,4,20,success,None,23/Jul/2026:13:16:24.119587,23/Jul/2026:13:16:25.381571,1.2620,3,23/Jul/2026:13:16:23.304850;23/Jul/2026:13:16:24.120853;23/Jul/2026:13:16:20.121936,0.8674;0.4743;4.8085,bytes=52399041-52496406;bytes=88943721-89074012;bytes=1838301334-1839199248,f2d91b00;8736771d;e2490125
2,4,41,success,None,23/Jul/2026:13:16:25.381791,23/Jul/2026:13:16:26.399403,1.0176,6,23/Jul/2026:13:16:22.097230;23/Jul/2026:13:16:03.995490;23/Jul/2026:13:16:24.120602;23/Jul/2026:13:16:23.306027;23/Jul/2026:13:16:22.096896;23/Jul/2026:13:15:51.820249,3.3179;21.4272;1.3137;2.1304;3.3816;33.6900,bytes=35304431-36212069;bytes=1296181031-1296274306;bytes=85130458-86033739;bytes=60249183-60347628;bytes=31127959-32038767;bytes=777071372-777974563,d3640545;8d31a2a1;0ec66ca2;9d666e1e;4cbc6b14;ce384608
2,4,30,success,None,23/Jul/2026:13:16:24.503971,23/Jul/2026:13:16:26.596109,2.0921,12,23/Jul/2026:13:16:24.120853;23/Jul/2026:13:16:20.121936;23/Jul/2026:13:16:22.097230;23/Jul/2026:13:16:03.995490;23/Jul/2026:13:16:24.120602;23/Jul/2026:13:16:23.306027;23/Jul/2026:13:16:22.096896;23/Jul/2026:13:15:51.820249;23/Jul/2026:13:16:24.120032;23/Jul/2026:13:16:22.097188;23/Jul/2026:13:16:25.383707;23/Jul/2026:13:15:55.917560,0.4743;4.8085;3.3179;21.4272;1.3137;2.1304;3.3816;33.6900;2.3146;4.3473;1.0939;30.5749,bytes=88943721-89074012;bytes=1838301334-1839199248;bytes=35304431-36212069;bytes=1296181031-1296274306;bytes=85130458-86033739;bytes=60249183-60347628;bytes=31127959-32038767;bytes=777071372-777974563;bytes=81885664-82767056;bytes=34378950-35297118;bytes=182228661-182324486;bytes=994315722-995202076,8736771d;e2490125;d3640545;8d31a2a1;0ec66ca2;9d666e1e;4cbc6b14;ce384608;d03e84e2;007fc067;ead300af;15078039
2,4,60,success,None,23/Jul/2026:13:16:26.596341,23/Jul/2026:13:16:27.928876,1.3325,1,23/Jul/2026:13:16:24.505057,2.1297,bytes=125611313-126492675,b9892cc2
2,4,52,success,None,23/Jul/2026:13:16:26.399611,23/Jul/2026:13:16:28.033516,1.6339,10,23/Jul/2026:13:16:24.120032;23/Jul/2026:13:16:22.097188;23/Jul/2026:13:16:25.383707;23/Jul/2026:13:15:55.917560;23/Jul/2026:13:16:24.505057;23/Jul/2026:13:16:24.505835;23/Jul/2026:13:16:26.401436;23/Jul/2026:13:16:23.305686;23/Jul/2026:13:16:24.505774;23/Jul/2026:13:16:23.305860,2.3146;4.3473;1.0939;30.5749;2.1297;3.4626;1.5684;4.6648;3.4704;4.6719,bytes=81885664-82767056;bytes=34378950-35297118;bytes=182228661-182324486;bytes=994315722-995202076;bytes=125611313-126492675;bytes=133596015-133768878;bytes=221333954-222249682;bytes=60118164-60193157;bytes=132484980-133389993;bytes=57460714-58353065,d03e84e2;007fc067;ead300af;15078039;b9892cc2;587527f9;ad6cff3c;d26001c9;f8cc6b7c;1a708376
2,4,73,success,None,23/Jul/2026:13:16:27.929085,23/Jul/2026:13:16:29.147397,1.2183,9,23/Jul/2026:13:16:24.505835;23/Jul/2026:13:16:26.401436;23/Jul/2026:13:16:23.305686;23/Jul/2026:13:16:24.505774;23/Jul/2026:13:16:23.305860;23/Jul/2026:13:16:26.400245;23/Jul/2026:13:16:22.096317;23/Jul/2026:13:15:39.653216;23/Jul/2026:13:16:26.400174,3.4626;1.5684;4.6648;3.4704;4.6719;1.7011;6.0123;48.4771;1.7483,bytes=133596015-133768878;bytes=221333954-222249682;bytes=60118164-60193157;bytes=132484980-133389993;bytes=57460714-58353065;bytes=213038778-213933941;bytes=15930432-16834770;bytes=407544298-408465904;bytes=212123543-213038777,587527f9;ad6cff3c;d26001c9;f8cc6b7c;1a708376;2a438c3f;725c0e3b;d9fdd072;774b6fa4
2,4,95,success,None,23/Jul/2026:13:16:29.147630,23/Jul/2026:13:16:30.281167,1.1335,5,23/Jul/2026:13:16:28.035065;23/Jul/2026:13:16:26.401079;23/Jul/2026:13:16:25.382236;23/Jul/2026:13:16:28.035164;23/Jul/2026:13:16:26.597917,1.1563;2.7915;3.8110;1.1593;2.5997,bytes=352948512-353842502;bytes=218398595-218621076;bytes=166897230-167787605;bytes=354740174-355663975;bytes=252035495-252924192,573a8961;6a3a2050;5d07354e;64862f99;28f855e9
2,4,85,success,None,23/Jul/2026:13:16:28.033716,23/Jul/2026:13:16:30.301836,2.2681,9,23/Jul/2026:13:16:26.400245;23/Jul/2026:13:16:22.096317;23/Jul/2026:13:15:39.653216;23/Jul/2026:13:16:26.400174;23/Jul/2026:13:16:28.035065;23/Jul/2026:13:16:26.401079;23/Jul/2026:13:16:25.382236;23/Jul/2026:13:16:28.035164;23/Jul/2026:13:16:26.597917,1.7011;6.0123;48.4771;1.7483;1.1563;2.7915;3.8110;1.1593;2.5997,bytes=213038778-213933941;bytes=15930432-16834770;bytes=407544298-408465904;bytes=212123543-213038777;bytes=352948512-353842502;bytes=218398595-218621076;bytes=166897230-167787605;bytes=354740174-355663975;bytes=252035495-252924192,2a438c3f;725c0e3b;d9fdd072;774b6fa4;573a8961;6a3a2050;5d07354e;64862f99;28f855e9
2,4,105,success,None,23/Jul/2026:13:16:30.302059,23/Jul/2026:13:16:31.801600,1.4995,7,23/Jul/2026:13:16:27.929962;23/Jul/2026:13:16:29.148804;23/Jul/2026:13:16:25.383225;23/Jul/2026:13:16:30.303440;23/Jul/2026:13:16:29.148996;23/Jul/2026:13:16:28.035115;23/Jul/2026:13:16:29.149601,2.3925;1.1829;4.9635;0.0627;1.2179;2.3655;1.2666,bytes=303855190-303954638;bytes=389820654-390718147;bytes=178067929-178158113;bytes=438481285-438578454;bytes=392490562-393391275;bytes=353842503-354740173;bytes=397705041-397793682,658de9e0;2245725a;88aa1283;b014781e;bc9c4b4a;8ed0e4ab;1e377368
2,4,100,success,None,23/Jul/2026:13:16:30.281423,23/Jul/2026:13:16:32.195908,1.9145,13,23/Jul/2026:13:16:27.929962;23/Jul/2026:13:16:29.148804;23/Jul/2026:13:16:25.383225;23/Jul/2026:13:16:30.303440;23/Jul/2026:13:16:29.148996;23/Jul/2026:13:16:28.035115;23/Jul/2026:13:16:29.149601;23/Jul/2026:13:16:26.597213;23/Jul/2026:13:16:30.302951;23/Jul/2026:13:16:24.505471;23/Jul/2026:13:16:24.504926;23/Jul/2026:13:16:27.930605;23/Jul/2026:13:16:30.302585,2.3925;1.1829;4.9635;0.0627;1.2179;2.3655;1.2666;5.2452;1.5405;7.3438;7.3622;3.9429;1.5906,bytes=303855190-303954638;bytes=389820654-390718147;bytes=178067929-178158113;bytes=438481285-438578454;bytes=392490562-393391275;bytes=353842503-354740173;bytes=397705041-397793682;bytes=250784208-250950560;bytes=432525202-433433878;bytes=133389994-133498417;bytes=129323427-129421907;bytes=305935462-306855809;bytes=429342132-430246770,658de9e0;2245725a;88aa1283;b014781e;bc9c4b4a;8ed0e4ab;1e377368;a4ce6cde;066115cf;f6113466;b18bfac7;bb363120;1b479757
2,4,113,success,None,23/Jul/2026:13:16:31.801848,23/Jul/2026:13:16:33.238356,1.4365,7,23/Jul/2026:13:16:26.597213;23/Jul/2026:13:16:30.302951;23/Jul/2026:13:16:24.505471;23/Jul/2026:13:16:24.504926;23/Jul/2026:13:16:27.930605;23/Jul/2026:13:16:30.302585;23/Jul/2026:13:16:28.035015,5.2452;1.5405;7.3438;7.3622;3.9429;1.5906;4.1984,bytes=250784208-250950560;bytes=432525202-433433878;bytes=133389994-133498417;bytes=129323427-129421907;bytes=305935462-306855809;bytes=429342132-430246770;bytes=356699355-356813978,a4ce6cde;066115cf;f6113466;b18bfac7;bb363120;1b479757;92ff0921
2,4,122,success,None,23/Jul/2026:13:16:32.196133,23/Jul/2026:13:16:33.729134,1.5330,5,23/Jul/2026:13:16:28.035015;23/Jul/2026:13:16:31.803491;23/Jul/2026:13:16:30.283668;23/Jul/2026:13:16:29.149301;23/Jul/2026:13:16:30.302360,4.1984;1.4658;2.9911;4.1296;2.9889,bytes=356699355-356813978;bytes=471326783-471499488;bytes=416807683-417722195;bytes=393747918-394638067;bytes=426640967-427535995,92ff0921;a4fc32bf;fee031bb;84c3eb7d;a304b078
2,4,128,success,None,23/Jul/2026:13:16:33.238600,23/Jul/2026:13:16:34.575683,1.3371,8,23/Jul/2026:13:16:31.803491;23/Jul/2026:13:16:30.283668;23/Jul/2026:13:16:29.149301;23/Jul/2026:13:16:30.302360;23/Jul/2026:13:16:32.197097;23/Jul/2026:13:16:33.239629;23/Jul/2026:13:16:29.148735;23/Jul/2026:13:16:31.802199,1.4658;2.9911;4.1296;2.9889;1.5816;0.6028;4.9342;2.2809,bytes=471326783-471499488;bytes=416807683-417722195;bytes=393747918-394638067;bytes=426640967-427535995;bytes=500029961-500138678;bytes=528627516-528731142;bytes=393478533-393564246;bytes=459088628-459986326,a4fc32bf;fee031bb;84c3eb7d;a304b078;c3fceb1c;e05c05f4;7b59dfb2;47de3dd2
2,4,137,success,None,23/Jul/2026:13:16:33.729388,23/Jul/2026:13:16:35.096880,1.3675,10,23/Jul/2026:13:16:32.197097;23/Jul/2026:13:16:33.239629;23/Jul/2026:13:16:29.148735;23/Jul/2026:13:16:31.802199;23/Jul/2026:13:16:22.097104;23/Jul/2026:13:16:33.730851;23/Jul/2026:13:16:30.303535;23/Jul/2026:13:16:30.303246;23/Jul/2026:13:16:33.239853;23/Jul/2026:13:16:26.401377,1.5816;0.6028;4.9342;2.2809;12.5131;0.8793;4.3182;4.3186;1.3888;8.2332,bytes=500029961-500138678;bytes=528627516-528731142;bytes=393478533-393564246;bytes=459088628-459986326;bytes=32607769-33501534;bytes=569265183-569370811;bytes=442256569-442413724;bytes=434701608-435608382;bytes=526795582-527717796;bytes=220406321-221333953,c3fceb1c;e05c05f4;7b59dfb2;47de3dd2;32aa0b07;4ec4c0a4;e39bfd4c;54873c82;5e3c7786;d25e256c
2,4,142,success,None,23/Jul/2026:13:16:34.575918,23/Jul/2026:13:16:35.898416,1.3225,9,23/Jul/2026:13:16:22.097104;23/Jul/2026:13:16:33.730851;23/Jul/2026:13:16:30.303535;23/Jul/2026:13:16:30.303246;23/Jul/2026:13:16:33.239853;23/Jul/2026:13:16:26.401377;23/Jul/2026:13:16:34.577400;23/Jul/2026:13:16:33.730963;23/Jul/2026:13:16:32.198336,12.5131;0.8793;4.3182;4.3186;1.3888;8.2332;0.5689;1.4356;2.9731,bytes=32607769-33501534;bytes=569265183-569370811;bytes=442256569-442413724;bytes=434701608-435608382;bytes=526795582-527717796;bytes=220406321-221333953;bytes=584776568-585679500;bytes=565662708-566543610;bytes=508117604-508298438,32aa0b07;4ec4c0a4;e39bfd4c;54873c82;5e3c7786;d25e256c;23d2b095;8ebbee11;3a8189fa
2,4,151,success,None,23/Jul/2026:13:16:35.097096,23/Jul/2026:13:16:36.273633,1.1765,10,23/Jul/2026:13:16:34.577400;23/Jul/2026:13:16:33.730963;23/Jul/2026:13:16:32.198336;23/Jul/2026:13:16:34.577818;23/Jul/2026:13:16:34.577091;23/Jul/2026:13:16:29.149720;23/Jul/2026:13:16:35.098103;23/Jul/2026:13:16:35.099170;23/Jul/2026:13:16:33.240115;23/Jul/2026:13:16:32.197464,0.5689;1.4356;2.9731;1.3532;1.3542;6.7815;0.8399;0.8419;2.7110;3.7600,bytes=584776568-585679500;bytes=565662708-566543610;bytes=508117604-508298438;bytes=587835498-588740464;bytes=585679501-585771585;bytes=401515195-401614369;bytes=618913578-619795434;bytes=630794135-630893868;bytes=532745253-532850845;bytes=501035482-501934466,23d2b095;8ebbee11;3a8189fa;f5938fc3;6666d180;7539fb0d;26b6406a;cfd91812;41d4aca3;2224108b
2,4,157,success,None,23/Jul/2026:13:16:35.898638,23/Jul/2026:13:16:37.118162,1.2195,10,23/Jul/2026:13:16:34.577818;23/Jul/2026:13:16:34.577091;23/Jul/2026:13:16:29.149720;23/Jul/2026:13:16:35.098103;23/Jul/2026:13:16:35.099170;23/Jul/2026:13:16:33.240115;23/Jul/2026:13:16:32.197464;23/Jul/2026:13:16:34.576726;23/Jul/2026:13:16:35.098747;23/Jul/2026:13:16:32.198401,1.3532;1.3542;6.7815;0.8399;0.8419;2.7110;3.7600;1.8041;1.2956;4.1963,bytes=587835498-588740464;bytes=585679501-585771585;bytes=401515195-401614369;bytes=618913578-619795434;bytes=630794135-630893868;bytes=532745253-532850845;bytes=501035482-501934466;bytes=580817982-581719631;bytes=623075492-623981965;bytes=511921712-512010497,f5938fc3;6666d180;7539fb0d;26b6406a;cfd91812;41d4aca3;2224108b;a1db06af;a8e2bb88;43f949b5
2,4,177,success,None,23/Jul/2026:13:16:36.273847,23/Jul/2026:13:16:37.542525,1.2687,7,23/Jul/2026:13:16:34.576726;23/Jul/2026:13:16:35.098747;23/Jul/2026:13:16:32.198401;23/Jul/2026:13:16:35.098318;23/Jul/2026:13:16:35.900206;23/Jul/2026:13:16:34.578116;23/Jul/2026:13:16:36.275777,1.8041;1.2956;4.1963;2.0558;1.2548;2.5769;0.8925,bytes=580817982-581719631;bytes=623075492-623981965;bytes=511921712-512010497;bytes=620669467-621587755;bytes=647169189-648066373;bytes=593827299-593917808;bytes=733087581-733188612,a1db06af;a8e2bb88;43f949b5;451ff881;d74a31cc;4a85c1f6;cfab82a9
2,4,185,success,None,23/Jul/2026:13:16:37.118391,23/Jul/2026:13:16:38.734584,1.6162,10,23/Jul/2026:13:16:35.098318;23/Jul/2026:13:16:35.900206;23/Jul/2026:13:16:34.578116;23/Jul/2026:13:16:36.275777;23/Jul/2026:13:16:37.119123;23/Jul/2026:13:16:37.119054;23/Jul/2026:13:16:37.120159;23/Jul/2026:13:16:37.120103;23/Jul/2026:13:16:35.098873;23/Jul/2026:13:16:35.098684,2.0558;1.2548;2.5769;0.8925;0.4523;0.4647;0.4653;0.4654;2.4872;2.4958,bytes=620669467-621587755;bytes=647169189-648066373;bytes=593827299-593917808;bytes=733087581-733188612;bytes=757490362-757708076;bytes=757276058-757490361;bytes=769898911-770005745;bytes=769788690-769898910;bytes=624857988-625779421;bytes=626782312-626890299,451ff881;d74a31cc;4a85c1f6;cfab82a9;f317d219;1bdea096;f990aec3;88478622;057d8e93;06afc6ec
2,4,190,success,None,23/Jul/2026:13:16:37.542752,23/Jul/2026:13:16:38.744575,1.2018,6,23/Jul/2026:13:16:37.119123;23/Jul/2026:13:16:37.119054;23/Jul/2026:13:16:37.120159;23/Jul/2026:13:16:37.120103;23/Jul/2026:13:16:35.098873;23/Jul/2026:13:16:35.098684,0.4523;0.4647;0.4653;0.4654;2.4872;2.4958,bytes=757490362-757708076;bytes=757276058-757490361;bytes=769898911-770005745;bytes=769788690-769898910;bytes=624857988-625779421;bytes=626782312-626890299,f317d219;1bdea096;f990aec3;88478622;057d8e93;06afc6ec
2,4,202,success,None,23/Jul/2026:13:16:38.734832,23/Jul/2026:13:16:40.056174,1.3213,4,23/Jul/2026:13:16:38.735172;23/Jul/2026:13:16:35.900449;23/Jul/2026:13:16:37.544935;23/Jul/2026:13:16:37.544520,0.0401;2.8763;1.2577;1.2715,bytes=823353710-824262415;bytes=651027138-651124890;bytes=786194023-786300894;bytes=785884733-786077637,b9e177a8;20f9a811;4c6b52b4;80c1c56a
2,4,224,success,None,23/Jul/2026:13:16:38.744807,23/Jul/2026:13:16:40.067388,1.3226,4,23/Jul/2026:13:16:38.735172;23/Jul/2026:13:16:35.900449;23/Jul/2026:13:16:37.544935;23/Jul/2026:13:16:37.544520,0.0401;2.8763;1.2577;1.2715,bytes=823353710-824262415;bytes=651027138-651124890;bytes=786194023-786300894;bytes=785884733-786077637,b9e177a8;20f9a811;4c6b52b4;80c1c56a
2,4,238,success,None,23/Jul/2026:13:16:40.056427,23/Jul/2026:13:16:41.619614,1.5632,4,23/Jul/2026:13:16:38.745586;23/Jul/2026:13:16:38.745531;23/Jul/2026:13:16:38.745859;23/Jul/2026:13:16:38.745747,1.3471;1.3474;1.3641;1.3656,bytes=921862906-921984858;bytes=921753407-921862905;bytes=921984859-922113373;bytes=919924427-920846152,329c4c0e;ede395d5;a8920645;4dc542f1
2,4,243,success,None,23/Jul/2026:13:16:40.067621,23/Jul/2026:13:16:41.739149,1.6715,6,23/Jul/2026:13:16:38.745586;23/Jul/2026:13:16:38.745531;23/Jul/2026:13:16:38.745859;23/Jul/2026:13:16:38.745747;23/Jul/2026:13:16:32.197608;23/Jul/2026:13:16:35.899321,1.3471;1.3474;1.3641;1.3656;9.4697;5.7691,bytes=921862906-921984858;bytes=921753407-921862905;bytes=921984859-922113373;bytes=919924427-920846152;bytes=502851698-503752197;bytes=642897022-642998494,329c4c0e;ede395d5;a8920645;4dc542f1;2f9dc881;22569609
2,4,254,success,None,23/Jul/2026:13:16:41.619909,23/Jul/2026:13:16:42.938218,1.3183,8,23/Jul/2026:13:16:32.197608;23/Jul/2026:13:16:35.899321;23/Jul/2026:13:16:41.621280;23/Jul/2026:13:16:33.239492;23/Jul/2026:13:16:38.736079;23/Jul/2026:13:16:41.620716;23/Jul/2026:13:16:41.620654;23/Jul/2026:13:16:32.197831,9.4697;5.7691;0.1945;8.5956;3.1009;0.2192;0.2359;9.7333,bytes=502851698-503752197;bytes=642897022-642998494;bytes=1048842731-1048931148;bytes=524676355-524847305;bytes=827170828-827264790;bytes=1041016744-1041131963;bytes=1040904774-1041016743;bytes=504062201-504159947,2f9dc881;22569609;676781a2;1e2ddbc2;c695ec58;b505ea06;a4dfd409;a271332b
2,4,281,success,None,23/Jul/2026:13:16:41.739387,23/Jul/2026:13:16:43.323680,1.5843,8,23/Jul/2026:13:16:41.621280;23/Jul/2026:13:16:33.239492;23/Jul/2026:13:16:38.736079;23/Jul/2026:13:16:41.620716;23/Jul/2026:13:16:41.620654;23/Jul/2026:13:16:32.197831;23/Jul/2026:13:16:29.148346;23/Jul/2026:13:16:41.621002,0.1945;8.5956;3.1009;0.2192;0.2359;9.7333;13.8233;1.3639,bytes=1048842731-1048931148;bytes=524676355-524847305;bytes=827170828-827264790;bytes=1041016744-1041131963;bytes=1040904774-1041016743;bytes=504062201-504159947;bytes=388560401-389466134;bytes=1042928620-1043846129,676781a2;1e2ddbc2;c695ec58;b505ea06;a4dfd409;a271332b;5a3e62c2;406d085f
2,4,286,success,None,23/Jul/2026:13:16:42.938461,23/Jul/2026:13:16:44.565872,1.6274,5,23/Jul/2026:13:16:29.148346;23/Jul/2026:13:16:41.621002;23/Jul/2026:13:16:42.939936;23/Jul/2026:13:16:40.057631;23/Jul/2026:13:16:37.544766,13.8233;1.3639;0.4378;3.3223;5.8957,bytes=388560401-389466134;bytes=1042928620-1043846129;bytes=1176903555-1177002925;bytes=979126105-979222678;bytes=783250185-784124164,5a3e62c2;406d085f;617fba55;f643eb31;47674a66
2,4,292,success,None,23/Jul/2026:13:16:43.323918,23/Jul/2026:13:16:44.783277,1.4594,5,23/Jul/2026:13:16:42.939936;23/Jul/2026:13:16:40.057631;23/Jul/2026:13:16:37.544766;23/Jul/2026:13:16:43.325444;23/Jul/2026:13:16:42.940047,0.4378;3.3223;5.8957;1.2748;1.7069,bytes=1176903555-1177002925;bytes=979126105-979222678;bytes=783250185-784124164;bytes=1205513196-1205612698;bytes=1180699054-1180904564,617fba55;f643eb31;47674a66;9010ad3d;2c127568
2,4,299,success,None,23/Jul/2026:13:16:44.566141,23/Jul/2026:13:16:45.869145,1.3030,7,23/Jul/2026:13:16:43.325444;23/Jul/2026:13:16:42.940047;23/Jul/2026:13:16:41.741043;23/Jul/2026:13:16:40.069844;23/Jul/2026:13:16:40.068921;23/Jul/2026:13:16:43.324467;23/Jul/2026:13:16:40.068064,1.2748;1.7069;3.1190;4.7954;4.7970;1.5481;4.8842,bytes=1205513196-1205612698;bytes=1180699054-1180904564;bytes=1157476671-1158359808;bytes=1007730428-1007834351;bytes=996518528-997419037;bytes=1195189724-1196111158;bytes=991606602-992500833,9010ad3d;2c127568;d8f63630;6baba17a;78dc9725;494f6e10;81bc3588
2,4,308,success,None,23/Jul/2026:13:16:44.783573,23/Jul/2026:13:16:46.598352,1.8148,8,23/Jul/2026:13:16:41.741043;23/Jul/2026:13:16:40.069844;23/Jul/2026:13:16:40.068921;23/Jul/2026:13:16:43.324467;23/Jul/2026:13:16:40.068064;23/Jul/2026:13:16:40.069555;23/Jul/2026:13:16:37.543940;23/Jul/2026:13:16:35.898970,3.1190;4.7954;4.7970;1.5481;4.8842;5.8313;8.3623;10.0085,bytes=1157476671-1158359808;bytes=1007730428-1007834351;bytes=996518528-997419037;bytes=1195189724-1196111158;bytes=991606602-992500833;bytes=1001583117-1002519115;bytes=778280108-778371145;bytes=638999130-639889896,d8f63630;6baba17a;78dc9725;494f6e10;81bc3588;abea97e4;65409e34;5bfd44aa
2,4,315,success,None,23/Jul/2026:13:16:45.869415,23/Jul/2026:13:16:47.138701,1.2693,12,23/Jul/2026:13:16:40.069555;23/Jul/2026:13:16:37.543940;23/Jul/2026:13:16:35.898970;23/Jul/2026:13:16:44.785083;23/Jul/2026:13:16:43.324393;23/Jul/2026:13:16:44.567470;23/Jul/2026:13:16:40.057397;23/Jul/2026:13:16:41.620775;23/Jul/2026:13:16:44.567038;23/Jul/2026:13:16:45.870774;23/Jul/2026:13:16:40.069320;23/Jul/2026:13:16:43.325326,5.8313;8.3623;10.0085;1.8502;3.3148;2.0722;6.6031;5.0555;2.1144;0.8321;6.6340;3.3907,bytes=1001583117-1002519115;bytes=778280108-778371145;bytes=638999130-639889896;bytes=1268026567-1268180234;bytes=1194292560-1195189723;bytes=1230454212-1230555523;bytes=975344972-976247995;bytes=1044733553-1044835500;bytes=1230313675-1230454211;bytes=1296549279-1296749087;bytes=1003425932-1003522845;bytes=1201568098-1201780893,abea97e4;65409e34;5bfd44aa;702bc9e9;c0819a4c;d919367d;b61eeb6d;c2147de8;04b03fdc;caa844ac;aa42e8f5;a3cec43f
2,4,325,success,None,23/Jul/2026:13:16:46.598585,23/Jul/2026:13:16:47.633250,1.0347,13,23/Jul/2026:13:16:44.785083;23/Jul/2026:13:16:43.324393;23/Jul/2026:13:16:44.567470;23/Jul/2026:13:16:40.057397;23/Jul/2026:13:16:41.620775;23/Jul/2026:13:16:44.567038;23/Jul/2026:13:16:45.870774;23/Jul/2026:13:16:40.069320;23/Jul/2026:13:16:43.325326;23/Jul/2026:13:16:40.069379;23/Jul/2026:13:16:44.784619;23/Jul/2026:13:16:32.197966;23/Jul/2026:13:16:42.939473,1.8502;3.3148;2.0722;6.6031;5.0555;2.1144;0.8321;6.6340;3.3907;7.0960;2.3837;14.9921;4.3550,bytes=1268026567-1268180234;bytes=1194292560-1195189723;bytes=1230454212-1230555523;bytes=975344972-976247995;bytes=1044733553-1044835500;bytes=1230313675-1230454211;bytes=1296549279-1296749087;bytes=1003425932-1003522845;bytes=1201568098-1201780893;bytes=1003522846-1003611197;bytes=1267784217-1267903691;bytes=507862669-507935482;bytes=1172978406-1173080026,702bc9e9;c0819a4c;d919367d;b61eeb6d;c2147de8;04b03fdc;caa844ac;aa42e8f5;a3cec43f;96f33631;ad9a695c;936bbdaf;c5ea326f
2,4,340,success,None,23/Jul/2026:13:16:47.138948,23/Jul/2026:13:16:48.327596,1.1886,4,23/Jul/2026:13:16:40.069379;23/Jul/2026:13:16:44.784619;23/Jul/2026:13:16:32.197966;23/Jul/2026:13:16:42.939473,7.0960;2.3837;14.9921;4.3550,bytes=1003522846-1003611197;bytes=1267784217-1267903691;bytes=507862669-507935482;bytes=1172978406-1173080026,96f33631;ad9a695c;936bbdaf;c5ea326f
2,4,346,success,None,23/Jul/2026:13:16:47.633479,23/Jul/2026:13:16:48.718257,1.0848,1,23/Jul/2026:13:16:47.634927,0.7283,bytes=1424456688-1424551419,ed6a02b6
2,4,370,success,None,23/Jul/2026:13:16:48.718471,23/Jul/2026:13:16:49.716961,0.9985,3,23/Jul/2026:13:16:47.140281;23/Jul/2026:13:16:41.741248;23/Jul/2026:13:16:41.741147,1.6847;7.0838;7.0839,bytes=1398323026-1399232346;bytes=1160593757-1160804421;bytes=1159275301-1160189422,ae18eec6;0e006c57;63bcb210
2,4,360,success,None,23/Jul/2026:13:16:48.327823,23/Jul/2026:13:16:49.755113,1.4273,5,23/Jul/2026:13:16:47.634927;23/Jul/2026:13:16:47.140281;23/Jul/2026:13:16:41.741248;23/Jul/2026:13:16:41.741147;23/Jul/2026:13:16:46.599996,0.7283;1.6847;7.0838;7.0839;3.1528,bytes=1424456688-1424551419;bytes=1398323026-1399232346;bytes=1160593757-1160804421;bytes=1159275301-1160189422;bytes=1341704467-1341778418,ed6a02b6;ae18eec6;0e006c57;63bcb210;e5563c20
2,4,376,success,None,23/Jul/2026:13:16:49.717211,23/Jul/2026:13:16:51.195543,1.4783,10,23/Jul/2026:13:16:46.599996;23/Jul/2026:13:16:45.870934;23/Jul/2026:13:16:48.719310;23/Jul/2026:13:16:48.720088;23/Jul/2026:13:16:44.568059;23/Jul/2026:13:16:48.328503;23/Jul/2026:13:16:48.328436;23/Jul/2026:13:16:42.940199;23/Jul/2026:13:16:48.329266;23/Jul/2026:13:16:49.719141,3.1528;3.8929;1.0447;1.0447;5.2018;1.4791;1.4811;6.8936;1.5258;0.2192,bytes=1341704467-1341778418;bytes=1296749088-1297648870;bytes=1523499286-1523608447;bytes=1526491641-1527392139;bytes=1238423361-1238592089;bytes=1478041720-1478154240;bytes=1476827262-1477734558;bytes=1178006849-1178890180;bytes=1486029279-1486160245;bytes=1552398909-1552514844,e5563c20;44cf4d80;c19ff461;a59f657b;2fde5d2f;05f7af67;4152f8a5;7e4974ef;1659f559;de2d87d5
2,4,385,success,None,23/Jul/2026:13:16:49.755384,23/Jul/2026:13:16:51.265611,1.5102,13,23/Jul/2026:13:16:45.870934;23/Jul/2026:13:16:48.719310;23/Jul/2026:13:16:48.720088;23/Jul/2026:13:16:44.568059;23/Jul/2026:13:16:48.328503;23/Jul/2026:13:16:48.328436;23/Jul/2026:13:16:42.940199;23/Jul/2026:13:16:48.329266;23/Jul/2026:13:16:49.719141;23/Jul/2026:13:16:36.275234;23/Jul/2026:13:16:38.745910;23/Jul/2026:13:16:47.634364;23/Jul/2026:13:16:45.870257,3.8929;1.0447;1.0447;5.2018;1.4791;1.4811;6.8936;1.5258;0.2192;14.9582;12.4939;3.6056;5.3743,bytes=1296749088-1297648870;bytes=1523499286-1523608447;bytes=1526491641-1527392139;bytes=1238423361-1238592089;bytes=1478041720-1478154240;bytes=1476827262-1477734558;bytes=1178006849-1178890180;bytes=1486029279-1486160245;bytes=1552398909-1552514844;bytes=729006662-729104087;bytes=922113374-922232210;bytes=1424248209-1424354690;bytes=1292332169-1292447687,44cf4d80;c19ff461;a59f657b;2fde5d2f;05f7af67;4152f8a5;7e4974ef;1659f559;de2d87d5;0279d720;5d97bf33;6b9670d6;ad06997c
2,4,400,success,None,23/Jul/2026:13:16:51.265807,23/Jul/2026:13:16:52.578661,1.3129,4,23/Jul/2026:13:16:51.197171;23/Jul/2026:13:16:51.197618;23/Jul/2026:13:16:51.197226;23/Jul/2026:13:16:49.718581,0.1446;0.1588;0.1600;1.6833,bytes=1619379556-1619476434;bytes=1623391614-1623490235;bytes=1623075604-1623171853;bytes=1544301780-1544504953,00530bc2;cffe4655;c801c7da;38a4f4c0
2,4,393,success,None,23/Jul/2026:13:16:51.195759,23/Jul/2026:13:16:52.679867,1.4841,12,23/Jul/2026:13:16:36.275234;23/Jul/2026:13:16:38.745910;23/Jul/2026:13:16:47.634364;23/Jul/2026:13:16:45.870257;23/Jul/2026:13:16:51.197171;23/Jul/2026:13:16:51.197618;23/Jul/2026:13:16:51.197226;23/Jul/2026:13:16:49.718581;23/Jul/2026:13:16:37.544422;23/Jul/2026:13:16:47.140954;23/Jul/2026:13:16:51.266358;23/Jul/2026:13:16:49.756824,14.9582;12.4939;3.6056;5.3743;0.1446;0.1588;0.1600;1.6833;15.0731;5.4770;1.3559;2.8905,bytes=729006662-729104087;bytes=922113374-922232210;bytes=1424248209-1424354690;bytes=1292332169-1292447687;bytes=1619379556-1619476434;bytes=1623391614-1623490235;bytes=1623075604-1623171853;bytes=1544301780-1544504953;bytes=782261394-782354766;bytes=1407677456-1407794838;bytes=1640950568-1641848931;bytes=1587034414-1587933187,0279d720;5d97bf33;6b9670d6;ad06997c;00530bc2;cffe4655;c801c7da;38a4f4c0;f12e682f;3bc07849;1cc9225b;de7b169f
2,4,407,success,None,23/Jul/2026:13:16:52.578886,23/Jul/2026:13:16:53.853541,1.2747,9,23/Jul/2026:13:16:37.544422;23/Jul/2026:13:16:47.140954;23/Jul/2026:13:16:51.266358;23/Jul/2026:13:16:49.756824;23/Jul/2026:13:16:49.719589;23/Jul/2026:13:16:49.719086;23/Jul/2026:13:16:48.720141;23/Jul/2026:13:16:46.599570;23/Jul/2026:13:16:44.785614,15.0731;5.4770;1.3559;2.8905;3.0156;3.0181;4.0176;6.1457;7.9697,bytes=782261394-782354766;bytes=1407677456-1407794838;bytes=1640950568-1641848931;bytes=1587034414-1587933187;bytes=1556680459-1556800515;bytes=1548548151-1548785268;bytes=1527787989-1527899773;bytes=1334069937-1334963379;bytes=1275921608-1276029505,f12e682f;3bc07849;1cc9225b;de7b169f;d842100e;b1ec2058;dd101713;25f03795;0fcab84c
2,4,412,success,None,23/Jul/2026:13:16:52.680056,23/Jul/2026:13:16:54.082771,1.4027,11,23/Jul/2026:13:16:49.719589;23/Jul/2026:13:16:49.719086;23/Jul/2026:13:16:48.720141;23/Jul/2026:13:16:46.599570;23/Jul/2026:13:16:44.785614;23/Jul/2026:13:16:41.739800;23/Jul/2026:13:16:40.057797;23/Jul/2026:13:16:43.324726;23/Jul/2026:13:16:33.730739;23/Jul/2026:13:16:43.325207;23/Jul/2026:13:16:51.197503,3.0156;3.0181;4.0176;6.1457;7.9697;12.1488;13.8369;10.5702;20.1712;10.5768;2.7089,bytes=1556680459-1556800515;bytes=1548548151-1548785268;bytes=1527787989-1527899773;bytes=1334069937-1334963379;bytes=1275921608-1276029505;bytes=1148106083-1149008867;bytes=983027211-983145168;bytes=1201170856-1201267339;bytes=565244006-565446215;bytes=1200266174-1201170855;bytes=1622172847-1623075603,d842100e;b1ec2058;dd101713;25f03795;0fcab84c;8cfcfe94;f37218a9;4076b0bb;9f11ccab;d71c4b48;09fba77c
2,4,426,success,None,23/Jul/2026:13:16:54.082971,23/Jul/2026:13:16:55.262975,1.1800,2,23/Jul/2026:13:16:53.855530;23/Jul/2026:13:16:43.324951,0.2877;10.8203,bytes=1734825344-1734910513;bytes=1197551734-1198442236,94a933bb;fabcf034
2,4,419,success,None,23/Jul/2026:13:16:53.853769,23/Jul/2026:13:16:56.077174,2.2234,11,23/Jul/2026:13:16:41.739800;23/Jul/2026:13:16:40.057797;23/Jul/2026:13:16:43.324726;23/Jul/2026:13:16:33.730739;23/Jul/2026:13:16:43.325207;23/Jul/2026:13:16:51.197503;23/Jul/2026:13:16:53.855530;23/Jul/2026:13:16:43.324951;23/Jul/2026:13:16:51.197116;23/Jul/2026:13:16:53.854370;23/Jul/2026:13:16:51.266908,12.1488;13.8369;10.5702;20.1712;10.5768;2.7089;0.2877;10.8203;4.1004;1.4446;4.0375,bytes=1148106083-1149008867;bytes=983027211-983145168;bytes=1201170856-1201267339;bytes=565244006-565446215;bytes=1200266174-1201170855;bytes=1622172847-1623075603;bytes=1734825344-1734910513;bytes=1197551734-1198442236;bytes=1619285811-1619379555;bytes=1721618381-1722516742;bytes=1646991576-1647897672,8cfcfe94;f37218a9;4076b0bb;9f11ccab;d71c4b48;09fba77c;94a933bb;fabcf034;af1508cc;5edb6d20;ab588f6d
2,4,438,success,None,23/Jul/2026:13:16:55.263202,23/Jul/2026:13:16:56.722224,1.4590,7,23/Jul/2026:13:16:51.197116;23/Jul/2026:13:16:53.854370;23/Jul/2026:13:16:51.266908;23/Jul/2026:13:16:54.084221;23/Jul/2026:13:16:52.580037;23/Jul/2026:13:16:52.579679;23/Jul/2026:13:16:53.854618,4.1004;1.4446;4.0375;2.0394;3.5495;3.5535;2.2874,bytes=1619285811-1619379555;bytes=1721618381-1722516742;bytes=1646991576-1647897672;bytes=1751952448-1752823675;bytes=1676037585-1676932347;bytes=1673260173-1673357556;bytes=1726699648-1726806622,af1508cc;5edb6d20;ab588f6d;38364914;adb69c7d;d54099f5;ad72eeb8
2,4,448,success,None,23/Jul/2026:13:16:56.077426,23/Jul/2026:13:16:57.241635,1.1642,7,23/Jul/2026:13:16:54.084221;23/Jul/2026:13:16:52.580037;23/Jul/2026:13:16:52.579679;23/Jul/2026:13:16:53.854618;23/Jul/2026:13:16:51.267217;23/Jul/2026:13:16:55.264993;23/Jul/2026:13:16:56.078921,2.0394;3.5495;3.5535;2.2874;5.5109;1.5150;0.7817,bytes=1751952448-1752823675;bytes=1676037585-1676932347;bytes=1673260173-1673357556;bytes=1726699648-1726806622;bytes=1649417094-1650305781;bytes=1809500664-1809663537;bytes=1848608709-1849541406,38364914;adb69c7d;d54099f5;ad72eeb8;23ebdca1;5db1fc05;b6f182db
2,4,464,success,None,23/Jul/2026:13:16:56.722439,23/Jul/2026:13:16:58.159293,1.4369,3,23/Jul/2026:13:16:51.267217;23/Jul/2026:13:16:55.264993;23/Jul/2026:13:16:56.078921,5.5109;1.5150;0.7817,bytes=1649417094-1650305781;bytes=1809500664-1809663537;bytes=1848608709-1849541406,23ebdca1;5db1fc05;b6f182db
3,4,7,success,None,23/Jul/2026:13:16:58.160696,23/Jul/2026:13:16:59.938577,1.7779,11,23/Jul/2026:13:16:37.119243;23/Jul/2026:13:16:18.679427;23/Jul/2026:13:16:21.008386;23/Jul/2026:13:16:16.370641;23/Jul/2026:13:16:58.162934;23/Jul/2026:13:16:18.679323;23/Jul/2026:13:16:14.399298;23/Jul/2026:13:16:29.149118;23/Jul/2026:13:16:58.162267;23/Jul/2026:13:16:58.163792;23/Jul/2026:13:16:30.282030,21.0787;39.5346;37.2292;42.1078;0.3927;39.8767;44.1574;29.4080;0.5257;0.5885;28.5685,bytes=761437009-761535436;bytes=1805040238-1805162640;bytes=1909395906-1910292496;bytes=1729710490-1730607334;bytes=23748272-23833272;bytes=1801212264-1801447881;bytes=1673163341-1673260172;bytes=393661501-393747917;bytes=15733140-15826720;bytes=40334677-40433976;bytes=407544298-408465904,9c9036b1;efc1a58e;c6ac59de;5314ad95;1b10985c;ce9883ae;452478ce;929dcd1f;5e85b30f;4eb11d63;14c5d20c
3,4,2,success,None,23/Jul/2026:13:16:58.160525,23/Jul/2026:13:17:00.273370,2.1128,14,23/Jul/2026:13:16:37.119243;23/Jul/2026:13:16:18.679427;23/Jul/2026:13:16:21.008386;23/Jul/2026:13:16:16.370641;23/Jul/2026:13:16:58.162934;23/Jul/2026:13:16:18.679323;23/Jul/2026:13:16:14.399298;23/Jul/2026:13:16:29.149118;23/Jul/2026:13:16:58.162267;23/Jul/2026:13:16:58.163792;23/Jul/2026:13:16:30.282030;23/Jul/2026:13:16:58.162633;23/Jul/2026:13:16:44.566655;23/Jul/2026:13:16:23.306082,21.0787;39.5346;37.2292;42.1078;0.3927;39.8767;44.1574;29.4080;0.5257;0.5885;28.5685;1.8122;15.4238;36.7144,bytes=761437009-761535436;bytes=1805040238-1805162640;bytes=1909395906-1910292496;bytes=1729710490-1730607334;bytes=23748272-23833272;bytes=1801212264-1801447881;bytes=1673163341-1673260172;bytes=393661501-393747917;bytes=15733140-15826720;bytes=40334677-40433976;bytes=407544298-408465904;bytes=17733157-18648159;bytes=1223478370-1224351173;bytes=60347629-60436223,9c9036b1;efc1a58e;c6ac59de;5314ad95;1b10985c;ce9883ae;452478ce;929dcd1f;5e85b30f;4eb11d63;14c5d20c;ce0025b0;c6064349;15121323
3,4,12,success,None,23/Jul/2026:13:16:58.160827,23/Jul/2026:13:17:01.153591,2.9928,16,23/Jul/2026:13:16:37.119243;23/Jul/2026:13:16:18.679427;23/Jul/2026:13:16:21.008386;23/Jul/2026:13:16:16.370641;23/Jul/2026:13:16:58.162934;23/Jul/2026:13:16:18.679323;23/Jul/2026:13:16:14.399298;23/Jul/2026:13:16:29.149118;23/Jul/2026:13:16:58.162267;23/Jul/2026:13:16:58.163792;23/Jul/2026:13:16:30.282030;23/Jul/2026:13:16:58.162633;23/Jul/2026:13:16:44.566655;23/Jul/2026:13:16:23.306082;23/Jul/2026:13:16:58.164198;23/Jul/2026:13:16:59.940346,21.0787;39.5346;37.2292;42.1078;0.3927;39.8767;44.1574;29.4080;0.5257;0.5885;28.5685;1.8122;15.4238;36.7144;2.2762;0.5016,bytes=761437009-761535436;bytes=1805040238-1805162640;bytes=1909395906-1910292496;bytes=1729710490-1730607334;bytes=23748272-23833272;bytes=1801212264-1801447881;bytes=1673163341-1673260172;bytes=393661501-393747917;bytes=15733140-15826720;bytes=40334677-40433976;bytes=407544298-408465904;bytes=17733157-18648159;bytes=1223478370-1224351173;bytes=60347629-60436223;bytes=39431121-40334676;bytes=89074013-89192873,9c9036b1;efc1a58e;c6ac59de;5314ad95;1b10985c;ce9883ae;452478ce;929dcd1f;5e85b30f;4eb11d63;14c5d20c;ce0025b0;c6064349;15121323;d7fb1109;2f40af81
3,4,20,success,None,23/Jul/2026:13:16:59.938842,23/Jul/2026:13:17:01.532070,1.5932,8,23/Jul/2026:13:16:58.162633;23/Jul/2026:13:16:44.566655;23/Jul/2026:13:16:23.306082;23/Jul/2026:13:16:58.164198;23/Jul/2026:13:16:59.940346;23/Jul/2026:13:17:00.274579;23/Jul/2026:13:16:53.855253;23/Jul/2026:13:16:58.163115,1.8122;15.4238;36.7144;2.2762;0.5016;0.9227;7.3809;3.0945,bytes=17733157-18648159;bytes=1223478370-1224351173;bytes=60347629-60436223;bytes=39431121-40334676;bytes=89074013-89192873;bytes=129216603-129323426;bytes=1728806131-1729710489;bytes=30208736-31127958,ce0025b0;c6064349;15121323;d7fb1109;2f40af81;88269c80;aaa64647;e0f1b421
3,4,41,success,None,23/Jul/2026:13:17:01.153815,23/Jul/2026:13:17:03.058766,1.9050,7,23/Jul/2026:13:17:00.274579;23/Jul/2026:13:16:53.855253;23/Jul/2026:13:16:58.163115;23/Jul/2026:13:16:37.118852;23/Jul/2026:13:17:01.155702;23/Jul/2026:13:16:40.057574;23/Jul/2026:13:17:01.532660,0.9227;7.3809;3.0945;24.4699;0.4399;21.5903;0.1369,bytes=129216603-129323426;bytes=1728806131-1729710489;bytes=30208736-31127958;bytes=754377062-755262882;bytes=178336997-178518486;bytes=978040157-978943090;bytes=210325116-211226169,88269c80;aaa64647;e0f1b421;f0c06afa;34395210;76e41d1e;9f59fc97
3,4,52,success,None,23/Jul/2026:13:17:01.532319,23/Jul/2026:13:17:03.078257,1.5459,4,23/Jul/2026:13:16:37.118852;23/Jul/2026:13:17:01.155702;23/Jul/2026:13:16:40.057574;23/Jul/2026:13:17:01.532660,24.4699;0.4399;21.5903;0.1369,bytes=754377062-755262882;bytes=178336997-178518486;bytes=978040157-978943090;bytes=210325116-211226169,f0c06afa;34395210;76e41d1e;9f59fc97
3,4,30,success,None,23/Jul/2026:13:17:00.273653,23/Jul/2026:13:17:03.135927,2.8623,15,23/Jul/2026:13:16:58.164198;23/Jul/2026:13:16:59.940346;23/Jul/2026:13:17:00.274579;23/Jul/2026:13:16:53.855253;23/Jul/2026:13:16:58.163115;23/Jul/2026:13:16:37.118852;23/Jul/2026:13:17:01.155702;23/Jul/2026:13:16:40.057574;23/Jul/2026:13:17:01.532660;23/Jul/2026:13:16:58.161445;23/Jul/2026:13:16:58.165241;23/Jul/2026:13:16:58.164609;23/Jul/2026:13:16:58.165039;23/Jul/2026:13:17:01.155399;23/Jul/2026:13:17:01.533132,2.2762;0.5016;0.9227;7.3809;3.0945;24.4699;0.4399;21.5903;0.1369;4.9313;4.9332;4.9388;4.9467;1.9777;1.6000,bytes=39431121-40334676;bytes=89074013-89192873;bytes=129216603-129323426;bytes=1728806131-1729710489;bytes=30208736-31127958;bytes=754377062-755262882;bytes=178336997-178518486;bytes=978040157-978943090;bytes=210325116-211226169;bytes=8856070-9744491;bytes=56567130-57460713;bytes=50366470-51261478;bytes=55273865-56155736;bytes=174363374-175258548;bytes=214251222-214424171,d7fb1109;2f40af81;88269c80;aaa64647;e0f1b421;f0c06afa;34395210;76e41d1e;9f59fc97;b2c0ec8e;4a88adfe;e0a56718;4abf9934;925511f3;221cad68
3,4,60,success,None,23/Jul/2026:13:17:03.059023,23/Jul/2026:13:17:04.871576,1.8126,16,23/Jul/2026:13:16:58.161445;23/Jul/2026:13:16:58.165241;23/Jul/2026:13:16:58.164609;23/Jul/2026:13:16:58.165039;23/Jul/2026:13:17:01.155399;23/Jul/2026:13:17:01.533132;23/Jul/2026:13:16:58.164825;23/Jul/2026:13:16:58.164738;23/Jul/2026:13:17:00.274255;23/Jul/2026:13:16:58.164954;23/Jul/2026:13:16:53.855142;23/Jul/2026:13:17:01.154534;23/Jul/2026:13:16:53.855085;23/Jul/2026:13:16:58.161529;23/Jul/2026:13:16:59.940061;23/Jul/2026:13:17:03.136971,4.9313;4.9332;4.9388;4.9467;1.9777;1.6000;4.9989;4.9990;2.9063;5.0355;9.3466;2.0473;9.3648;5.1698;3.5366;0.3936,bytes=8856070-9744491;bytes=56567130-57460713;bytes=50366470-51261478;bytes=55273865-56155736;bytes=174363374-175258548;bytes=214251222-214424171;bytes=56304529-56371233;bytes=52496407-52595389;bytes=123201472-124124679;bytes=53481901-54370983;bytes=1727026584-1727917932;bytes=169969712-170170030;bytes=1730764903-1730891983;bytes=9744492-10652386;bytes=85130458-86033739;bytes=348693026-348791390,b2c0ec8e;4a88adfe;e0a56718;4abf9934;925511f3;221cad68;d260b0ce;a5e34a8f;24d77774;cbbc5fa3;cea36fbb;d570909b;20ee7b14;bd307f70;76e41616;34af9c21
3,4,73,success,None,23/Jul/2026:13:17:03.078497,23/Jul/2026:13:17:05.082133,2.0036,22,23/Jul/2026:13:16:58.161445;23/Jul/2026:13:16:58.165241;23/Jul/2026:13:16:58.164609;23/Jul/2026:13:16:58.165039;23/Jul/2026:13:17:01.155399;23/Jul/2026:13:17:01.533132;23/Jul/2026:13:16:58.164825;23/Jul/2026:13:16:58.164738;23/Jul/2026:13:17:00.274255;23/Jul/2026:13:16:58.164954;23/Jul/2026:13:16:53.855142;23/Jul/2026:13:17:01.154534;23/Jul/2026:13:16:53.855085;23/Jul/2026:13:16:58.161529;23/Jul/2026:13:16:59.940061;23/Jul/2026:13:17:03.136971;23/Jul/2026:13:17:03.079147;23/Jul/2026:13:17:03.059368;23/Jul/2026:13:17:00.274791;23/Jul/2026:13:16:58.162811;23/Jul/2026:13:16:58.163399;23/Jul/2026:13:17:01.155131,4.9313;4.9332;4.9388;4.9467;1.9777;1.6000;4.9989;4.9990;2.9063;5.0355;9.3466;2.0473;9.3648;5.1698;3.5366;0.3936;1.8240;1.8440;4.6286;6.7461;6.7587;3.7701,bytes=8856070-9744491;bytes=56567130-57460713;bytes=50366470-51261478;bytes=55273865-56155736;bytes=174363374-175258548;bytes=214251222-214424171;bytes=56304529-56371233;bytes=52496407-52595389;bytes=123201472-124124679;bytes=53481901-54370983;bytes=1727026584-1727917932;bytes=169969712-170170030;bytes=1730764903-1730891983;bytes=9744492-10652386;bytes=85130458-86033739;bytes=348693026-348791390;bytes=296927649-297803306;bytes=243060073-243950234;bytes=126492676-127379382;bytes=19848011-20032816;bytes=36319658-36416454;bytes=173982062-174165865,b2c0ec8e;4a88adfe;e0a56718;4abf9934;925511f3;221cad68;d260b0ce;a5e34a8f;24d77774;cbbc5fa3;cea36fbb;d570909b;20ee7b14;bd307f70;76e41616;34af9c21;fe529620;7765f9bf;1470a2a6;b5516b30;18deace5;b7148b2c
3,4,85,success,None,23/Jul/2026:13:17:03.136130,23/Jul/2026:13:17:05.573351,2.4372,22,23/Jul/2026:13:16:58.164825;23/Jul/2026:13:16:58.164738;23/Jul/2026:13:17:00.274255;23/Jul/2026:13:16:58.164954;23/Jul/2026:13:16:53.855142;23/Jul/2026:13:17:01.154534;23/Jul/2026:13:16:53.855085;23/Jul/2026:13:16:58.161529;23/Jul/2026:13:16:59.940061;23/Jul/2026:13:17:03.136971;23/Jul/2026:13:17:03.079147;23/Jul/2026:13:17:03.059368;23/Jul/2026:13:17:00.274791;23/Jul/2026:13:16:58.162811;23/Jul/2026:13:16:58.163399;23/Jul/2026:13:17:01.155131;23/Jul/2026:13:16:20.122627;23/Jul/2026:13:17:04.872679;23/Jul/2026:13:16:58.162753;23/Jul/2026:13:17:03.079667;23/Jul/2026:13:17:01.154661;23/Jul/2026:13:16:58.164377,4.9989;4.9990;2.9063;5.0355;9.3466;2.0473;9.3648;5.1698;3.5366;0.3936;1.8240;1.8440;4.6286;6.7461;6.7587;3.7701;45.0113;0.2613;6.9742;2.0611;4.0598;7.0697,bytes=56304529-56371233;bytes=52496407-52595389;bytes=123201472-124124679;bytes=53481901-54370983;bytes=1727026584-1727917932;bytes=169969712-170170030;bytes=1730764903-1730891983;bytes=9744492-10652386;bytes=85130458-86033739;bytes=348693026-348791390;bytes=296927649-297803306;bytes=243060073-243950234;bytes=126492676-127379382;bytes=19848011-20032816;bytes=36319658-36416454;bytes=173982062-174165865;bytes=1843421484-1844319042;bytes=393478533-393564246;bytes=19703508-19848010;bytes=301913548-302822230;bytes=173892655-173982061;bytes=44312243-44399545,d260b0ce;a5e34a8f;24d77774;cbbc5fa3;cea36fbb;d570909b;20ee7b14;bd307f70;76e41616;34af9c21;fe529620;7765f9bf;1470a2a6;b5516b30;18deace5;b7148b2c;4eca3ede;6d450016;0af5e66d;3bdc4eb3;49dedccd;3b11c18f
3,4,95,success,None,23/Jul/2026:13:17:04.871808,23/Jul/2026:13:17:06.847805,1.9760,17,23/Jul/2026:13:17:03.079147;23/Jul/2026:13:17:03.059368;23/Jul/2026:13:17:00.274791;23/Jul/2026:13:16:58.162811;23/Jul/2026:13:16:58.163399;23/Jul/2026:13:17:01.155131;23/Jul/2026:13:16:20.122627;23/Jul/2026:13:17:04.872679;23/Jul/2026:13:16:58.162753;23/Jul/2026:13:17:03.079667;23/Jul/2026:13:17:01.154661;23/Jul/2026:13:16:58.164377;23/Jul/2026:13:17:05.083229;23/Jul/2026:13:17:03.137286;23/Jul/2026:13:17:03.137338;23/Jul/2026:13:17:03.137080;23/Jul/2026:13:17:00.275018,1.8240;1.8440;4.6286;6.7461;6.7587;3.7701;45.0113;0.2613;6.9742;2.0611;4.0598;7.0697;0.5685;2.5714;2.5714;2.5916;5.4782,bytes=296927649-297803306;bytes=243060073-243950234;bytes=126492676-127379382;bytes=19848011-20032816;bytes=36319658-36416454;bytes=173982062-174165865;bytes=1843421484-1844319042;bytes=393478533-393564246;bytes=19703508-19848010;bytes=301913548-302822230;bytes=173892655-173982061;bytes=44312243-44399545;bytes=413613256-413698894;bytes=350658584-351562970;bytes=351562971-352468865;bytes=352468866-352605181;bytes=129600872-129793215,fe529620;7765f9bf;1470a2a6;b5516b30;18deace5;b7148b2c;4eca3ede;6d450016;0af5e66d;3bdc4eb3;49dedccd;3b11c18f;fbee58b9;1bc3056d;07e231ae;63dd3bc9;bd78bb01
3,4,100,success,None,23/Jul/2026:13:17:05.082337,23/Jul/2026:13:17:07.691604,2.6093,16,23/Jul/2026:13:16:20.122627;23/Jul/2026:13:17:04.872679;23/Jul/2026:13:16:58.162753;23/Jul/2026:13:17:03.079667;23/Jul/2026:13:17:01.154661;23/Jul/2026:13:16:58.164377;23/Jul/2026:13:17:05.083229;23/Jul/2026:13:17:03.137286;23/Jul/2026:13:17:03.137338;23/Jul/2026:13:17:03.137080;23/Jul/2026:13:17:00.275018;23/Jul/2026:13:16:13.392556;23/Jul/2026:13:16:45.871202;23/Jul/2026:13:17:04.872621;23/Jul/2026:13:16:58.164432;23/Jul/2026:13:16:58.164561,45.0113;0.2613;6.9742;2.0611;4.0598;7.0697;0.5685;2.5714;2.5714;2.5916;5.4782;53.4930;21.0381;2.0687;8.7949;8.7952,bytes=1843421484-1844319042;bytes=393478533-393564246;bytes=19703508-19848010;bytes=301913548-302822230;bytes=173892655-173982061;bytes=44312243-44399545;bytes=413613256-413698894;bytes=350658584-351562970;bytes=351562971-352468865;bytes=352468866-352605181;bytes=129600872-129793215;bytes=1649417094-1650305781;bytes=1300799752-1301026423;bytes=393391276-393478532;bytes=44399546-44497232;bytes=49489418-50366469,4eca3ede;6d450016;0af5e66d;3bdc4eb3;49dedccd;3b11c18f;fbee58b9;1bc3056d;07e231ae;63dd3bc9;bd78bb01;277ed67b;5b883441;5108bf3a;e086519a;4503a4da
3,4,105,success,None,23/Jul/2026:13:17:05.573560,23/Jul/2026:13:17:07.692191,2.1186,10,23/Jul/2026:13:17:05.083229;23/Jul/2026:13:17:03.137286;23/Jul/2026:13:17:03.137338;23/Jul/2026:13:17:03.137080;23/Jul/2026:13:17:00.275018;23/Jul/2026:13:16:13.392556;23/Jul/2026:13:16:45.871202;23/Jul/2026:13:17:04.872621;23/Jul/2026:13:16:58.164432;23/Jul/2026:13:16:58.164561,0.5685;2.5714;2.5714;2.5916;5.4782;53.4930;21.0381;2.0687;8.7949;8.7952,bytes=413613256-413698894;bytes=350658584-351562970;bytes=351562971-352468865;bytes=352468866-352605181;bytes=129600872-129793215;bytes=1649417094-1650305781;bytes=1300799752-1301026423;bytes=393391276-393478532;bytes=44399546-44497232;bytes=49489418-50366469,fbee58b9;1bc3056d;07e231ae;63dd3bc9;bd78bb01;277ed67b;5b883441;5108bf3a;e086519a;4503a4da
3,4,113,success,None,23/Jul/2026:13:17:06.848052,23/Jul/2026:13:17:08.487101,1.6390,10,23/Jul/2026:13:16:13.392556;23/Jul/2026:13:16:45.871202;23/Jul/2026:13:17:04.872621;23/Jul/2026:13:16:58.164432;23/Jul/2026:13:16:58.164561;23/Jul/2026:13:17:06.849793;23/Jul/2026:13:17:04.873371;23/Jul/2026:13:17:03.060516;23/Jul/2026:13:17:04.873086;23/Jul/2026:13:17:01.533516,53.4930;21.0381;2.0687;8.7949;8.7952;0.8864;2.8724;4.6871;2.9388;6.2787,bytes=1649417094-1650305781;bytes=1300799752-1301026423;bytes=393391276-393478532;bytes=44399546-44497232;bytes=49489418-50366469;bytes=470216927-471132377;bytes=396384851-397270076;bytes=254852527-254937026;bytes=397270077-397470084;bytes=215318827-216215808,277ed67b;5b883441;5108bf3a;e086519a;4503a4da;a5621cf0;3baf7dbe;55c8f587;6067daa7;a2fd8dd2
3,4,128,success,None,23/Jul/2026:13:17:07.692411,23/Jul/2026:13:17:09.588563,1.8962,6,23/Jul/2026:13:17:06.849793;23/Jul/2026:13:17:04.873371;23/Jul/2026:13:17:03.060516;23/Jul/2026:13:17:04.873086;23/Jul/2026:13:17:01.533516;23/Jul/2026:13:16:52.680651,0.8864;2.8724;4.6871;2.9388;6.2787;15.9099,bytes=470216927-471132377;bytes=396384851-397270076;bytes=254852527-254937026;bytes=397270077-397470084;bytes=215318827-216215808;bytes=1692232698-1693139226,a5621cf0;3baf7dbe;55c8f587;6067daa7;a2fd8dd2;1a749b06
3,4,122,success,None,23/Jul/2026:13:17:07.691850,23/Jul/2026:13:17:10.488963,2.7971,10,23/Jul/2026:13:17:06.849793;23/Jul/2026:13:17:04.873371;23/Jul/2026:13:17:03.060516;23/Jul/2026:13:17:04.873086;23/Jul/2026:13:17:01.533516;23/Jul/2026:13:16:52.680651;23/Jul/2026:13:17:03.079614;23/Jul/2026:13:17:07.695616;23/Jul/2026:13:17:07.694007;23/Jul/2026:13:17:03.079978,0.8864;2.8724;4.6871;2.9388;6.2787;15.9099;6.5716;1.9741;2.0000;6.6147,bytes=470216927-471132377;bytes=396384851-397270076;bytes=254852527-254937026;bytes=397270077-397470084;bytes=215318827-216215808;bytes=1692232698-1693139226;bytes=301031515-301913547;bytes=531743955-532649116;bytes=505962233-506882623;bytes=304151345-305039244,a5621cf0;3baf7dbe;55c8f587;6067daa7;a2fd8dd2;1a749b06;7ca2576a;45ecc928;41af155f;32058a09
3,4,137,success,None,23/Jul/2026:13:17:08.487329,23/Jul/2026:13:17:10.536564,2.0492,6,23/Jul/2026:13:16:52.680651;23/Jul/2026:13:17:03.079614;23/Jul/2026:13:17:07.695616;23/Jul/2026:13:17:07.694007;23/Jul/2026:13:17:03.079978;23/Jul/2026:13:17:07.694867,15.9099;6.5716;1.9741;2.0000;6.6147;2.8412,bytes=1692232698-1693139226;bytes=301031515-301913547;bytes=531743955-532649116;bytes=505962233-506882623;bytes=304151345-305039244;bytes=524847306-525013330,1a749b06;7ca2576a;45ecc928;41af155f;32058a09;13beb308
3,4,142,success,None,23/Jul/2026:13:17:09.588770,23/Jul/2026:13:17:11.017358,1.4286,9,23/Jul/2026:13:17:03.079614;23/Jul/2026:13:17:07.695616;23/Jul/2026:13:17:07.694007;23/Jul/2026:13:17:03.079978;23/Jul/2026:13:17:07.694867;23/Jul/2026:13:17:07.693363;23/Jul/2026:13:17:05.083958;23/Jul/2026:13:17:09.589167;23/Jul/2026:13:17:07.694924,6.5716;1.9741;2.0000;6.6147;2.8412;2.8475;5.4759;1.0014;2.9150,bytes=301031515-301913547;bytes=531743955-532649116;bytes=505962233-506882623;bytes=304151345-305039244;bytes=524847306-525013330;bytes=503880045-503966784;bytes=417916781-418097564;bytes=578116000-579017068;bytes=528627516-528731142,7ca2576a;45ecc928;41af155f;32058a09;13beb308;9aa7a231;82c860da;6687b61d;c9e8e8ab
3,4,157,success,None,23/Jul/2026:13:17:10.536862,23/Jul/2026:13:17:12.917175,2.3803,5,23/Jul/2026:13:17:07.693363;23/Jul/2026:13:17:05.083958;23/Jul/2026:13:17:09.589167;23/Jul/2026:13:17:07.694924;23/Jul/2026:13:17:10.491379,2.8475;5.4759;1.0014;2.9150;0.6362,bytes=503880045-503966784;bytes=417916781-418097564;bytes=578116000-579017068;bytes=528627516-528731142;bytes=622605347-622710908,9aa7a231;82c860da;6687b61d;c9e8e8ab;aa15da2f
3,4,151,success,None,23/Jul/2026:13:17:10.489336,23/Jul/2026:13:17:12.918059,2.4287,6,23/Jul/2026:13:17:07.694867;23/Jul/2026:13:17:07.693363;23/Jul/2026:13:17:05.083958;23/Jul/2026:13:17:09.589167;23/Jul/2026:13:17:07.694924;23/Jul/2026:13:17:10.491379,2.8412;2.8475;5.4759;1.0014;2.9150;0.6362,bytes=524847306-525013330;bytes=503880045-503966784;bytes=417916781-418097564;bytes=578116000-579017068;bytes=528627516-528731142;bytes=622605347-622710908,13beb308;9aa7a231;82c860da;6687b61d;c9e8e8ab;aa15da2f
3,4,177,success,None,23/Jul/2026:13:17:11.017684,23/Jul/2026:13:17:13.129489,2.1118,7,23/Jul/2026:13:17:10.491379;23/Jul/2026:13:17:12.919725;23/Jul/2026:13:17:10.491741;23/Jul/2026:13:17:10.538255;23/Jul/2026:13:16:58.164651;23/Jul/2026:13:17:09.589871;23/Jul/2026:13:17:10.492137,0.6362;0.0372;2.4990;2.4560;14.8687;3.4456;2.5558,bytes=622605347-622710908;bytes=759497060-760426075;bytes=622710909-622878902;bytes=645772700-646673138;bytes=51261479-52138480;bytes=582993358-583873171;bytes=625779422-626678676,aa15da2f;2f93b0a2;f68b8af2;2e8f123f;1730d01f;50ff73fc;d452b797
3,4,190,success,None,23/Jul/2026:13:17:12.918322,23/Jul/2026:13:17:14.876197,1.9579,10,23/Jul/2026:13:17:12.919725;23/Jul/2026:13:17:10.491741;23/Jul/2026:13:17:10.538255;23/Jul/2026:13:16:58.164651;23/Jul/2026:13:17:09.589871;23/Jul/2026:13:17:10.492137;23/Jul/2026:13:17:07.693660;23/Jul/2026:13:17:12.921263;23/Jul/2026:13:17:03.060757;23/Jul/2026:13:17:01.533953,0.0372;2.4990;2.4560;14.8687;3.4456;2.5558;5.5508;0.4459;10.3141;11.9925,bytes=759497060-760426075;bytes=622710909-622878902;bytes=645772700-646673138;bytes=51261479-52138480;bytes=582993358-583873171;bytes=625779422-626678676;bytes=503966785-504062200;bytes=782160081-782261393;bytes=253823466-254723840;bytes=218621077-219512660,2f93b0a2;f68b8af2;2e8f123f;1730d01f;50ff73fc;d452b797;4e05465a;58c39d6b;f7782e80;66577d06
3,4,185,success,None,23/Jul/2026:13:17:12.917480,23/Jul/2026:13:17:15.832343,2.9149,13,23/Jul/2026:13:17:12.919725;23/Jul/2026:13:17:10.491741;23/Jul/2026:13:17:10.538255;23/Jul/2026:13:16:58.164651;23/Jul/2026:13:17:09.589871;23/Jul/2026:13:17:10.492137;23/Jul/2026:13:17:07.693660;23/Jul/2026:13:17:12.921263;23/Jul/2026:13:17:03.060757;23/Jul/2026:13:17:01.533953;23/Jul/2026:13:17:10.537771;23/Jul/2026:13:17:07.695092;23/Jul/2026:13:17:04.873426,0.0372;2.4990;2.4560;14.8687;3.4456;2.5558;5.5508;0.4459;10.3141;11.9925;4.4064;7.2491;10.0725,bytes=759497060-760426075;bytes=622710909-622878902;bytes=645772700-646673138;bytes=51261479-52138480;bytes=582993358-583873171;bytes=625779422-626678676;bytes=503966785-504062200;bytes=782160081-782261393;bytes=253823466-254723840;bytes=218621077-219512660;bytes=640769493-641657762;bytes=525912396-526795581;bytes=397604782-397705040,2f93b0a2;f68b8af2;2e8f123f;1730d01f;50ff73fc;d452b797;4e05465a;58c39d6b;f7782e80;66577d06;e2d7a6af;524345ab;fc6dde66
3,4,202,success,None,23/Jul/2026:13:17:13.129712,23/Jul/2026:13:17:15.983249,2.8535,12,23/Jul/2026:13:17:07.693660;23/Jul/2026:13:17:12.921263;23/Jul/2026:13:17:03.060757;23/Jul/2026:13:17:01.533953;23/Jul/2026:13:17:10.537771;23/Jul/2026:13:17:07.695092;23/Jul/2026:13:17:04.873426;23/Jul/2026:13:17:14.877150;23/Jul/2026:13:17:11.018227;23/Jul/2026:13:17:10.538046;23/Jul/2026:13:17:06.849626;23/Jul/2026:13:17:05.575013,5.5508;0.4459;10.3141;11.9925;4.4064;7.2491;10.0725;1.0065;4.8705;5.3671;9.0856;10.3707,bytes=503966785-504062200;bytes=782160081-782261393;bytes=253823466-254723840;bytes=218621077-219512660;bytes=640769493-641657762;bytes=525912396-526795581;bytes=397604782-397705040;bytes=913976410-914849595;bytes=721944040-722831132;bytes=646820194-646955530;bytes=467516814-468397469;bytes=438290462-438383844,4e05465a;58c39d6b;f7782e80;66577d06;e2d7a6af;524345ab;fc6dde66;4aa16e99;e83a3df1;dd0c3fd9;afd152fe;6633b668
3,4,224,success,None,23/Jul/2026:13:17:14.876599,23/Jul/2026:13:17:16.699178,1.8226,13,23/Jul/2026:13:17:10.537771;23/Jul/2026:13:17:07.695092;23/Jul/2026:13:17:04.873426;23/Jul/2026:13:17:14.877150;23/Jul/2026:13:17:11.018227;23/Jul/2026:13:17:10.538046;23/Jul/2026:13:17:06.849626;23/Jul/2026:13:17:05.575013;23/Jul/2026:13:17:07.693547;23/Jul/2026:13:17:10.537942;23/Jul/2026:13:17:12.921831;23/Jul/2026:13:17:12.921162;23/Jul/2026:13:17:07.694573,4.4064;7.2491;10.0725;1.0065;4.8705;5.3671;9.0856;10.3707;8.4236;5.5882;3.2622;3.2759;8.5372,bytes=640769493-641657762;bytes=525912396-526795581;bytes=397604782-397705040;bytes=913976410-914849595;bytes=721944040-722831132;bytes=646820194-646955530;bytes=467516814-468397469;bytes=438290462-438383844;bytes=501934467-502851697;bytes=642998495-643096950;bytes=790083879-790163597;bytes=780157421-781065422;bytes=520894905-521766381,e2d7a6af;524345ab;fc6dde66;4aa16e99;e83a3df1;dd0c3fd9;afd152fe;6633b668;134fd630;a5672ffc;bd49b61f;dd6f82c1;5098bda5
3,4,243,success,None,23/Jul/2026:13:17:15.983553,23/Jul/2026:13:17:18.623561,2.6400,9,23/Jul/2026:13:17:07.693547;23/Jul/2026:13:17:10.537942;23/Jul/2026:13:17:12.921831;23/Jul/2026:13:17:12.921162;23/Jul/2026:13:17:07.694573;23/Jul/2026:13:17:05.083527;23/Jul/2026:13:17:07.694688;23/Jul/2026:13:17:01.533336;23/Jul/2026:13:17:12.921587,8.4236;5.5882;3.2622;3.2759;8.5372;11.7157;9.1055;15.2669;3.9835,bytes=501934467-502851697;bytes=642998495-643096950;bytes=790083879-790163597;bytes=780157421-781065422;bytes=520894905-521766381;bytes=413698895-413892165;bytes=522642852-523552586;bytes=218130113-218212015;bytes=784124165-785007715,134fd630;a5672ffc;bd49b61f;dd6f82c1;5098bda5;0745147d;56817e8b;4f22803c;14c90caf
3,4,238,success,None,23/Jul/2026:13:17:15.832722,23/Jul/2026:13:17:18.977071,3.1443,19,23/Jul/2026:13:17:14.877150;23/Jul/2026:13:17:11.018227;23/Jul/2026:13:17:10.538046;23/Jul/2026:13:17:06.849626;23/Jul/2026:13:17:05.575013;23/Jul/2026:13:17:07.693547;23/Jul/2026:13:17:10.537942;23/Jul/2026:13:17:12.921831;23/Jul/2026:13:17:12.921162;23/Jul/2026:13:17:07.694573;23/Jul/2026:13:17:05.083527;23/Jul/2026:13:17:07.694688;23/Jul/2026:13:17:01.533336;23/Jul/2026:13:17:12.921587;23/Jul/2026:13:17:12.918815;23/Jul/2026:13:17:15.833387;23/Jul/2026:13:17:13.130313;23/Jul/2026:13:17:12.920273;23/Jul/2026:13:17:06.849224,1.0065;4.8705;5.3671;9.0856;10.3707;8.4236;5.5882;3.2622;3.2759;8.5372;11.7157;9.1055;15.2669;3.9835;5.7439;2.8431;5.5464;5.7737;11.8559,bytes=913976410-914849595;bytes=721944040-722831132;bytes=646820194-646955530;bytes=467516814-468397469;bytes=438290462-438383844;bytes=501934467-502851697;bytes=642998495-643096950;bytes=790083879-790163597;bytes=780157421-781065422;bytes=520894905-521766381;bytes=413698895-413892165;bytes=522642852-523552586;bytes=218130113-218212015;bytes=784124165-785007715;bytes=754377062-755262882;bytes=973130605-974038488;bytes=824262416-825149655;bytes=762851148-763738162;bytes=464183330-465071913,4aa16e99;e83a3df1;dd0c3fd9;afd152fe;6633b668;134fd630;a5672ffc;bd49b61f;dd6f82c1;5098bda5;0745147d;56817e8b;4f22803c;14c90caf;92858b39;b35d721a;36d08df7;a9f6a07c;4dddff8b
3,4,254,success,None,23/Jul/2026:13:17:16.699470,23/Jul/2026:13:17:19.187797,2.4883,14,23/Jul/2026:13:17:05.083527;23/Jul/2026:13:17:07.694688;23/Jul/2026:13:17:01.533336;23/Jul/2026:13:17:12.921587;23/Jul/2026:13:17:12.918815;23/Jul/2026:13:17:15.833387;23/Jul/2026:13:17:13.130313;23/Jul/2026:13:17:12.920273;23/Jul/2026:13:17:06.849224;23/Jul/2026:13:17:15.834035;23/Jul/2026:13:17:16.700330;23/Jul/2026:13:17:14.878924;23/Jul/2026:13:17:15.834173;23/Jul/2026:13:17:10.538150,11.7157;9.1055;15.2669;3.9835;5.7439;2.8431;5.5464;5.7737;11.8559;3.2121;2.3571;4.2438;3.2932;8.6116,bytes=413698895-413892165;bytes=522642852-523552586;bytes=218130113-218212015;bytes=784124165-785007715;bytes=754377062-755262882;bytes=973130605-974038488;bytes=824262416-825149655;bytes=762851148-763738162;bytes=464183330-465071913;bytes=977130538-978040156;bytes=1041016744-1041131963;bytes=929918594-930024666;bytes=979126105-979222678;bytes=643995619-644887678,0745147d;56817e8b;4f22803c;14c90caf;92858b39;b35d721a;36d08df7;a9f6a07c;4dddff8b;e74b453f;63f5bfa7;1cb83f52;c0d8a5f7;dfee47b3
3,4,281,success,None,23/Jul/2026:13:17:18.623799,23/Jul/2026:13:17:21.007922,2.3841,15,23/Jul/2026:13:17:12.918815;23/Jul/2026:13:17:15.833387;23/Jul/2026:13:17:13.130313;23/Jul/2026:13:17:12.920273;23/Jul/2026:13:17:06.849224;23/Jul/2026:13:17:15.834035;23/Jul/2026:13:17:16.700330;23/Jul/2026:13:17:14.878924;23/Jul/2026:13:17:15.834173;23/Jul/2026:13:17:10.538150;23/Jul/2026:13:17:18.979497;23/Jul/2026:13:17:18.979439;23/Jul/2026:13:17:13.130452;23/Jul/2026:13:17:15.985706;23/Jul/2026:13:17:15.985581,5.7439;2.8431;5.5464;5.7737;11.8559;3.2121;2.3571;4.2438;3.2932;8.6116;0.2583;0.2854;6.2071;3.3560;3.3710,bytes=754377062-755262882;bytes=973130605-974038488;bytes=824262416-825149655;bytes=762851148-763738162;bytes=464183330-465071913;bytes=977130538-978040156;bytes=1041016744-1041131963;bytes=929918594-930024666;bytes=979126105-979222678;bytes=643995619-644887678;bytes=1181175098-1181274319;bytes=1181071879-1181175097;bytes=826059437-826966466;bytes=999794362-1000692089;bytes=1003425932-1003522845,92858b39;b35d721a;36d08df7;a9f6a07c;4dddff8b;e74b453f;63f5bfa7;1cb83f52;c0d8a5f7;dfee47b3;61d2ae28;f573ff0c;9b219fb1;2a8baa28;9e029630
3,4,286,success,None,23/Jul/2026:13:17:18.977359,23/Jul/2026:13:17:21.198781,2.2214,15,23/Jul/2026:13:17:15.834035;23/Jul/2026:13:17:16.700330;23/Jul/2026:13:17:14.878924;23/Jul/2026:13:17:15.834173;23/Jul/2026:13:17:10.538150;23/Jul/2026:13:17:18.979497;23/Jul/2026:13:17:18.979439;23/Jul/2026:13:17:13.130452;23/Jul/2026:13:17:15.985706;23/Jul/2026:13:17:15.985581;23/Jul/2026:13:17:06.849165;23/Jul/2026:13:17:07.695148;23/Jul/2026:13:17:10.538560;23/Jul/2026:13:17:15.833587;23/Jul/2026:13:17:18.624341,3.2121;2.3571;4.2438;3.2932;8.6116;0.2583;0.2854;6.2071;3.3560;3.3710;14.1978;13.3724;10.5405;5.2610;2.5222,bytes=977130538-978040156;bytes=1041016744-1041131963;bytes=929918594-930024666;bytes=979126105-979222678;bytes=643995619-644887678;bytes=1181175098-1181274319;bytes=1181071879-1181175097;bytes=826059437-826966466;bytes=999794362-1000692089;bytes=1003425932-1003522845;bytes=463302669-464183329;bytes=526795582-527717796;bytes=648066374-648964501;bytes=975239442-975344971;bytes=1149907225-1150840459,e74b453f;63f5bfa7;1cb83f52;c0d8a5f7;dfee47b3;61d2ae28;f573ff0c;9b219fb1;2a8baa28;9e029630;bfe6107e;30745a07;de1836b7;ff22a84d;fe3667bb
3,4,292,success,None,23/Jul/2026:13:17:19.188010,23/Jul/2026:13:17:21.520377,2.3324,15,23/Jul/2026:13:17:18.979497;23/Jul/2026:13:17:18.979439;23/Jul/2026:13:17:13.130452;23/Jul/2026:13:17:15.985706;23/Jul/2026:13:17:15.985581;23/Jul/2026:13:17:06.849165;23/Jul/2026:13:17:07.695148;23/Jul/2026:13:17:10.538560;23/Jul/2026:13:17:15.833587;23/Jul/2026:13:17:18.624341;23/Jul/2026:13:17:13.131077;23/Jul/2026:13:17:12.919291;23/Jul/2026:13:17:10.537888;23/Jul/2026:13:17:16.700589;23/Jul/2026:13:17:18.978099,0.2583;0.2854;6.2071;3.3560;3.3710;14.1978;13.3724;10.5405;5.2610;2.5222;8.1448;8.4559;10.8441;4.6817;2.4046,bytes=1181175098-1181274319;bytes=1181071879-1181175097;bytes=826059437-826966466;bytes=999794362-1000692089;bytes=1003425932-1003522845;bytes=463302669-464183329;bytes=526795582-527717796;bytes=648066374-648964501;bytes=975239442-975344971;bytes=1149907225-1150840459;bytes=827353500-828260586;bytes=761437009-761535436;bytes=642897022-642998494;bytes=1041131964-1042030338;bytes=1172882410-1172978405,61d2ae28;f573ff0c;9b219fb1;2a8baa28;9e029630;bfe6107e;30745a07;de1836b7;ff22a84d;fe3667bb;ce103577;66f0d501;412eb2e8;666c33c6;aa183329
3,4,308,success,None,23/Jul/2026:13:17:21.199020,23/Jul/2026:13:17:23.524052,2.3250,10,23/Jul/2026:13:17:13.131077;23/Jul/2026:13:17:12.919291;23/Jul/2026:13:17:10.537888;23/Jul/2026:13:17:16.700589;23/Jul/2026:13:17:18.978099;23/Jul/2026:13:17:05.083286;23/Jul/2026:13:17:06.849281;23/Jul/2026:13:17:05.083907;23/Jul/2026:13:17:21.200468;23/Jul/2026:13:17:21.009470,8.1448;8.4559;10.8441;4.6817;2.4046;16.5517;14.8351;16.6106;0.5882;0.7965,bytes=827353500-828260586;bytes=761437009-761535436;bytes=642897022-642998494;bytes=1041131964-1042030338;bytes=1172882410-1172978405;bytes=409897558-410790284;bytes=465071914-466000761;bytes=416807683-417722195;bytes=1271904652-1272025343;bytes=1230555524-1230653469,ce103577;66f0d501;412eb2e8;666c33c6;aa183329;e6a60ab1;0db6e11d;d6130b25;a16d82a8;6518c748
3,4,299,success,None,23/Jul/2026:13:17:21.008200,23/Jul/2026:13:17:23.567860,2.5597,15,23/Jul/2026:13:17:06.849165;23/Jul/2026:13:17:07.695148;23/Jul/2026:13:17:10.538560;23/Jul/2026:13:17:15.833587;23/Jul/2026:13:17:18.624341;23/Jul/2026:13:17:13.131077;23/Jul/2026:13:17:12.919291;23/Jul/2026:13:17:10.537888;23/Jul/2026:13:17:16.700589;23/Jul/2026:13:17:18.978099;23/Jul/2026:13:17:05.083286;23/Jul/2026:13:17:06.849281;23/Jul/2026:13:17:05.083907;23/Jul/2026:13:17:21.200468;23/Jul/2026:13:17:21.009470,14.1978;13.3724;10.5405;5.2610;2.5222;8.1448;8.4559;10.8441;4.6817;2.4046;16.5517;14.8351;16.6106;0.5882;0.7965,bytes=463302669-464183329;bytes=526795582-527717796;bytes=648066374-648964501;bytes=975239442-975344971;bytes=1149907225-1150840459;bytes=827353500-828260586;bytes=761437009-761535436;bytes=642897022-642998494;bytes=1041131964-1042030338;bytes=1172882410-1172978405;bytes=409897558-410790284;bytes=465071914-466000761;bytes=416807683-417722195;bytes=1271904652-1272025343;bytes=1230555524-1230653469,bfe6107e;30745a07;de1836b7;ff22a84d;fe3667bb;ce103577;66f0d501;412eb2e8;666c33c6;aa183329;e6a60ab1;0db6e11d;d6130b25;a16d82a8;6518c748
3,4,315,success,None,23/Jul/2026:13:17:21.520608,23/Jul/2026:13:17:25.136769,3.6162,14,23/Jul/2026:13:17:05.083286;23/Jul/2026:13:17:06.849281;23/Jul/2026:13:17:05.083907;23/Jul/2026:13:17:21.200468;23/Jul/2026:13:17:21.009470;23/Jul/2026:13:17:15.984835;23/Jul/2026:13:17:10.537831;23/Jul/2026:13:17:21.199350;23/Jul/2026:13:17:21.009629;23/Jul/2026:13:17:16.700250;23/Jul/2026:13:17:05.575075;23/Jul/2026:13:17:13.130891;23/Jul/2026:13:17:11.019290;23/Jul/2026:13:17:23.525730,16.5517;14.8351;16.6106;0.5882;0.7965;7.5850;13.0419;2.3804;2.5761;6.8855;18.0151;10.4978;12.6561;0.1708,bytes=409897558-410790284;bytes=465071914-466000761;bytes=416807683-417722195;bytes=1271904652-1272025343;bytes=1230555524-1230653469;bytes=999237455-999333796;bytes=641657763-642550150;bytes=1259870837-1260745814;bytes=1230653470-1231545750;bytes=1040904774-1041016743;bytes=438383845-438481284;bytes=827264791-827353499;bytes=732982526-733087580;bytes=1341610185-1341704466,e6a60ab1;0db6e11d;d6130b25;a16d82a8;6518c748;44149374;66c30749;201e9877;3e3fc602;a4a205c2;ce6705e5;dea1c9db;55903bf3;1463a66c
3,4,325,success,None,23/Jul/2026:13:17:23.524282,23/Jul/2026:13:17:25.822842,2.2986,14,23/Jul/2026:13:17:15.984835;23/Jul/2026:13:17:10.537831;23/Jul/2026:13:17:21.199350;23/Jul/2026:13:17:21.009629;23/Jul/2026:13:17:16.700250;23/Jul/2026:13:17:05.575075;23/Jul/2026:13:17:13.130891;23/Jul/2026:13:17:11.019290;23/Jul/2026:13:17:23.525730;23/Jul/2026:13:17:07.695409;23/Jul/2026:13:17:07.695717;23/Jul/2026:13:17:23.524914;23/Jul/2026:13:17:19.188588;23/Jul/2026:13:17:08.488689,7.5850;13.0419;2.3804;2.5761;6.8855;18.0151;10.4978;12.6561;0.1708;17.4872;17.5212;1.6920;6.0602;16.7705,bytes=999237455-999333796;bytes=641657763-642550150;bytes=1259870837-1260745814;bytes=1230653470-1231545750;bytes=1040904774-1041016743;bytes=438383845-438481284;bytes=827264791-827353499;bytes=732982526-733087580;bytes=1341610185-1341704466;bytes=532745253-532850845;bytes=532931424-533028304;bytes=1330914267-1331786773;bytes=1196111159-1197009753;bytes=565446216-565662707,44149374;66c30749;201e9877;3e3fc602;a4a205c2;ce6705e5;dea1c9db;55903bf3;1463a66c;44d8eb15;cad18c47;91138686;1a15b8d3;98746936
3,4,340,success,None,23/Jul/2026:13:17:23.568069,23/Jul/2026:13:17:25.967860,2.3998,17,23/Jul/2026:13:17:15.984835;23/Jul/2026:13:17:10.537831;23/Jul/2026:13:17:21.199350;23/Jul/2026:13:17:21.009629;23/Jul/2026:13:17:16.700250;23/Jul/2026:13:17:05.575075;23/Jul/2026:13:17:13.130891;23/Jul/2026:13:17:11.019290;23/Jul/2026:13:17:23.525730;23/Jul/2026:13:17:07.695409;23/Jul/2026:13:17:07.695717;23/Jul/2026:13:17:23.524914;23/Jul/2026:13:17:19.188588;23/Jul/2026:13:17:08.488689;23/Jul/2026:13:17:18.979383;23/Jul/2026:13:17:21.522605;23/Jul/2026:13:17:10.492355,7.5850;13.0419;2.3804;2.5761;6.8855;18.0151;10.4978;12.6561;0.1708;17.4872;17.5212;1.6920;6.0602;16.7705;6.9291;4.3916;15.4307,bytes=999237455-999333796;bytes=641657763-642550150;bytes=1259870837-1260745814;bytes=1230653470-1231545750;bytes=1040904774-1041016743;bytes=438383845-438481284;bytes=827264791-827353499;bytes=732982526-733087580;bytes=1341610185-1341704466;bytes=532745253-532850845;bytes=532931424-533028304;bytes=1330914267-1331786773;bytes=1196111159-1197009753;bytes=565446216-565662707;bytes=1179798088-1180699053;bytes=1298546224-1299480402;bytes=630794135-630893868,44149374;66c30749;201e9877;3e3fc602;a4a205c2;ce6705e5;dea1c9db;55903bf3;1463a66c;44d8eb15;cad18c47;91138686;1a15b8d3;98746936;9ff10277;96761a2c;7d18825f
3,4,346,success,None,23/Jul/2026:13:17:25.136988,23/Jul/2026:13:17:27.067933,1.9309,11,23/Jul/2026:13:17:07.695409;23/Jul/2026:13:17:07.695717;23/Jul/2026:13:17:23.524914;23/Jul/2026:13:17:19.188588;23/Jul/2026:13:17:08.488689;23/Jul/2026:13:17:18.979383;23/Jul/2026:13:17:21.522605;23/Jul/2026:13:17:10.492355;23/Jul/2026:13:17:25.137322;23/Jul/2026:13:17:21.521967;23/Jul/2026:13:17:07.693831,17.4872;17.5212;1.6920;6.0602;16.7705;6.9291;4.3916;15.4307;0.9526;4.5720;18.4692,bytes=532745253-532850845;bytes=532931424-533028304;bytes=1330914267-1331786773;bytes=1196111159-1197009753;bytes=565446216-565662707;bytes=1179798088-1180699053;bytes=1298546224-1299480402;bytes=630794135-630893868;bytes=1416558526-1417461570;bytes=1296274307-1296365531;bytes=507862669-507935482,44d8eb15;cad18c47;91138686;1a15b8d3;98746936;9ff10277;96761a2c;7d18825f;53834cd1;13947e09;ecc0cddf
3,4,370,success,None,23/Jul/2026:13:17:25.968072,23/Jul/2026:13:17:27.804968,1.8369,9,23/Jul/2026:13:17:25.137322;23/Jul/2026:13:17:21.521967;23/Jul/2026:13:17:07.693831;23/Jul/2026:13:17:25.823435;23/Jul/2026:13:17:21.523010;23/Jul/2026:13:17:21.523067;23/Jul/2026:13:17:19.189166;23/Jul/2026:13:17:12.921214;23/Jul/2026:13:17:25.969007,0.9526;4.5720;18.4692;1.2769;5.5773;5.5875;7.9251;14.1933;1.1516,bytes=1416558526-1417461570;bytes=1296274307-1296365531;bytes=507862669-507935482;bytes=1474134359-1475031751;bytes=1300799752-1301026423;bytes=1304636733-1304747440;bytes=1198442237-1199326597;bytes=781065423-781964887;bytes=1519582109-1519680891,53834cd1;13947e09;ecc0cddf;f728085e;efafe195;cb4f8fce;277fcfa6;60603944;059892c4
3,4,376,success,None,23/Jul/2026:13:17:27.068171,23/Jul/2026:13:17:28.280698,1.2125,11,23/Jul/2026:13:17:25.823435;23/Jul/2026:13:17:21.523010;23/Jul/2026:13:17:21.523067;23/Jul/2026:13:17:19.189166;23/Jul/2026:13:17:12.921214;23/Jul/2026:13:17:25.969007;23/Jul/2026:13:17:14.878201;23/Jul/2026:13:17:25.823654;23/Jul/2026:13:17:10.538768;23/Jul/2026:13:17:25.824033;23/Jul/2026:13:17:25.824906,1.2769;5.5773;5.5875;7.9251;14.1933;1.1516;12.9720;2.0422;17.3271;2.0447;2.0702,bytes=1474134359-1475031751;bytes=1300799752-1301026423;bytes=1304636733-1304747440;bytes=1198442237-1199326597;bytes=781065423-781964887;bytes=1519582109-1519680891;bytes=919924427-920846152;bytes=1475921472-1476827261;bytes=651124891-651228523;bytes=1482043846-1482223600;bytes=1490078377-1490160122,f728085e;efafe195;cb4f8fce;277fcfa6;60603944;059892c4;9d84d7e4;f8da73c7;ef2af298;3ab18a86;bb40e5ff
3,4,360,success,None,23/Jul/2026:13:17:25.823092,23/Jul/2026:13:17:28.748560,2.9255,17,23/Jul/2026:13:17:18.979383;23/Jul/2026:13:17:21.522605;23/Jul/2026:13:17:10.492355;23/Jul/2026:13:17:25.137322;23/Jul/2026:13:17:21.521967;23/Jul/2026:13:17:07.693831;23/Jul/2026:13:17:25.823435;23/Jul/2026:13:17:21.523010;23/Jul/2026:13:17:21.523067;23/Jul/2026:13:17:19.189166;23/Jul/2026:13:17:12.921214;23/Jul/2026:13:17:25.969007;23/Jul/2026:13:17:14.878201;23/Jul/2026:13:17:25.823654;23/Jul/2026:13:17:10.538768;23/Jul/2026:13:17:25.824033;23/Jul/2026:13:17:25.824906,6.9291;4.3916;15.4307;0.9526;4.5720;18.4692;1.2769;5.5773;5.5875;7.9251;14.1933;1.1516;12.9720;2.0422;17.3271;2.0447;2.0702,bytes=1179798088-1180699053;bytes=1298546224-1299480402;bytes=630794135-630893868;bytes=1416558526-1417461570;bytes=1296274307-1296365531;bytes=507862669-507935482;bytes=1474134359-1475031751;bytes=1300799752-1301026423;bytes=1304636733-1304747440;bytes=1198442237-1199326597;bytes=781065423-781964887;bytes=1519582109-1519680891;bytes=919924427-920846152;bytes=1475921472-1476827261;bytes=651124891-651228523;bytes=1482043846-1482223600;bytes=1490078377-1490160122,9ff10277;96761a2c;7d18825f;53834cd1;13947e09;ecc0cddf;f728085e;efafe195;cb4f8fce;277fcfa6;60603944;059892c4;9d84d7e4;f8da73c7;ef2af298;3ab18a86;bb40e5ff
3,4,393,success,None,23/Jul/2026:13:17:28.280989,23/Jul/2026:13:17:30.106311,1.8253,5,23/Jul/2026:13:17:27.806316;23/Jul/2026:13:17:23.526181;23/Jul/2026:13:17:25.969175;23/Jul/2026:13:17:27.805866;23/Jul/2026:13:17:16.701255,0.9930;5.2733;2.8979;1.0618;12.2146,bytes=1582033142-1582928914;bytes=1345598587-1345685150;bytes=1523499286-1523608447;bytes=1579605578-1580516103;bytes=1047850140-1048748110,257f36fe;bc390c92;73383b49;b6b5bf80;7973b6f4
3,4,385,success,None,23/Jul/2026:13:17:27.805196,23/Jul/2026:13:17:30.215413,2.4102,18,23/Jul/2026:13:17:14.878201;23/Jul/2026:13:17:25.823654;23/Jul/2026:13:17:10.538768;23/Jul/2026:13:17:25.824033;23/Jul/2026:13:17:25.824906;23/Jul/2026:13:17:27.806316;23/Jul/2026:13:17:23.526181;23/Jul/2026:13:17:25.969175;23/Jul/2026:13:17:27.805866;23/Jul/2026:13:17:16.701255;23/Jul/2026:13:17:27.068739;23/Jul/2026:13:17:28.750411;23/Jul/2026:13:17:28.282134;23/Jul/2026:13:17:27.806929;23/Jul/2026:13:17:08.488869;23/Jul/2026:13:17:15.834409;23/Jul/2026:13:17:25.823790;23/Jul/2026:13:17:15.986281,12.9720;2.0422;17.3271;2.0447;2.0702;0.9930;5.2733;2.8979;1.0618;12.2146;3.0690;1.3986;1.8741;2.3514;21.6826;14.3421;4.3759;14.2230,bytes=919924427-920846152;bytes=1475921472-1476827261;bytes=651124891-651228523;bytes=1482043846-1482223600;bytes=1490078377-1490160122;bytes=1582033142-1582928914;bytes=1345598587-1345685150;bytes=1523499286-1523608447;bytes=1579605578-1580516103;bytes=1047850140-1048748110;bytes=1542077527-1543008563;bytes=1651240223-1652157319;bytes=1616366612-1617249635;bytes=1587933188-1588856247;bytes=565662708-566543610;bytes=979321208-980202035;bytes=1478041720-1478154240;bytes=1007730428-1007834351,9d84d7e4;f8da73c7;ef2af298;3ab18a86;bb40e5ff;257f36fe;bc390c92;73383b49;b6b5bf80;7973b6f4;aed850b9;c2c9ea1c;d1b7c0d8;0a0a6cbe;6090014c;f504d9b6;2644c3b9;1af0643c
3,4,400,success,None,23/Jul/2026:13:17:28.748792,23/Jul/2026:13:17:30.269978,1.5212,13,23/Jul/2026:13:17:27.806316;23/Jul/2026:13:17:23.526181;23/Jul/2026:13:17:25.969175;23/Jul/2026:13:17:27.805866;23/Jul/2026:13:17:16.701255;23/Jul/2026:13:17:27.068739;23/Jul/2026:13:17:28.750411;23/Jul/2026:13:17:28.282134;23/Jul/2026:13:17:27.806929;23/Jul/2026:13:17:08.488869;23/Jul/2026:13:17:15.834409;23/Jul/2026:13:17:25.823790;23/Jul/2026:13:17:15.986281,0.9930;5.2733;2.8979;1.0618;12.2146;3.0690;1.3986;1.8741;2.3514;21.6826;14.3421;4.3759;14.2230,bytes=1582033142-1582928914;bytes=1345598587-1345685150;bytes=1523499286-1523608447;bytes=1579605578-1580516103;bytes=1047850140-1048748110;bytes=1542077527-1543008563;bytes=1651240223-1652157319;bytes=1616366612-1617249635;bytes=1587933188-1588856247;bytes=565662708-566543610;bytes=979321208-980202035;bytes=1478041720-1478154240;bytes=1007730428-1007834351,257f36fe;bc390c92;73383b49;b6b5bf80;7973b6f4;aed850b9;c2c9ea1c;d1b7c0d8;0a0a6cbe;6090014c;f504d9b6;2644c3b9;1af0643c
3,4,412,success,None,23/Jul/2026:13:17:30.215671,23/Jul/2026:13:17:32.024682,1.8090,5,23/Jul/2026:13:17:21.009029;23/Jul/2026:13:17:30.108406;23/Jul/2026:13:17:28.282081;23/Jul/2026:13:17:28.749507;23/Jul/2026:13:17:25.968415,9.3164;0.2278;2.0891;1.6569;4.4378,bytes=1226446785-1226545539;bytes=1681392848-1681502459;bytes=1615455773-1616366611;bytes=1644061969-1644277102;bytes=1515734284-1516642042,a1c77921;ccc2d4d1;f4074da5;deb5881e;0a5b0d93
3,4,407,success,None,23/Jul/2026:13:17:30.106527,23/Jul/2026:13:17:32.556521,2.4500,18,23/Jul/2026:13:17:27.068739;23/Jul/2026:13:17:28.750411;23/Jul/2026:13:17:28.282134;23/Jul/2026:13:17:27.806929;23/Jul/2026:13:17:08.488869;23/Jul/2026:13:17:15.834409;23/Jul/2026:13:17:25.823790;23/Jul/2026:13:17:15.986281;23/Jul/2026:13:17:21.009029;23/Jul/2026:13:17:30.108406;23/Jul/2026:13:17:28.282081;23/Jul/2026:13:17:28.749507;23/Jul/2026:13:17:25.968415;23/Jul/2026:13:17:30.107081;23/Jul/2026:13:17:30.216706;23/Jul/2026:13:17:28.281364;23/Jul/2026:13:17:27.806633;23/Jul/2026:13:17:28.749381,3.0690;1.3986;1.8741;2.3514;21.6826;14.3421;4.3759;14.2230;9.3164;0.2278;2.0891;1.6569;4.4378;1.9506;1.8417;3.7771;4.2709;3.3555,bytes=1542077527-1543008563;bytes=1651240223-1652157319;bytes=1616366612-1617249635;bytes=1587933188-1588856247;bytes=565662708-566543610;bytes=979321208-980202035;bytes=1478041720-1478154240;bytes=1007730428-1007834351;bytes=1226446785-1226545539;bytes=1681392848-1681502459;bytes=1615455773-1616366611;bytes=1644061969-1644277102;bytes=1515734284-1516642042;bytes=1671124993-1672030556;bytes=1692232698-1693139226;bytes=1611331802-1612230632;bytes=1586030134-1586138810;bytes=1642770737-1643670810,aed850b9;c2c9ea1c;d1b7c0d8;0a0a6cbe;6090014c;f504d9b6;2644c3b9;1af0643c;a1c77921;ccc2d4d1;f4074da5;deb5881e;0a5b0d93;6fdf583d;348371ba;6a739fdf;fb714c96;a80cfe59
3,4,419,success,None,23/Jul/2026:13:17:30.270203,23/Jul/2026:13:17:33.189720,2.9195,14,23/Jul/2026:13:17:21.009029;23/Jul/2026:13:17:30.108406;23/Jul/2026:13:17:28.282081;23/Jul/2026:13:17:28.749507;23/Jul/2026:13:17:25.968415;23/Jul/2026:13:17:30.107081;23/Jul/2026:13:17:30.216706;23/Jul/2026:13:17:28.281364;23/Jul/2026:13:17:27.806633;23/Jul/2026:13:17:28.749381;23/Jul/2026:13:17:25.969433;23/Jul/2026:13:17:25.824681;23/Jul/2026:13:17:25.969921;23/Jul/2026:13:17:25.969226,9.3164;0.2278;2.0891;1.6569;4.4378;1.9506;1.8417;3.7771;4.2709;3.3555;6.7040;6.8534;6.7271;6.7281,bytes=1226446785-1226545539;bytes=1681392848-1681502459;bytes=1615455773-1616366611;bytes=1644061969-1644277102;bytes=1515734284-1516642042;bytes=1671124993-1672030556;bytes=1692232698-1693139226;bytes=1611331802-1612230632;bytes=1586030134-1586138810;bytes=1642770737-1643670810;bytes=1523612104-1523713411;bytes=1484245763-1485141054;bytes=1527899774-1528003956;bytes=1519785434-1520693883,a1c77921;ccc2d4d1;f4074da5;deb5881e;0a5b0d93;6fdf583d;348371ba;6a739fdf;fb714c96;a80cfe59;b41c18e0;50e863cb;8c64ca0d;627f0039
3,4,426,success,None,23/Jul/2026:13:17:32.024908,23/Jul/2026:13:17:33.858787,1.8339,18,23/Jul/2026:13:17:30.107081;23/Jul/2026:13:17:30.216706;23/Jul/2026:13:17:28.281364;23/Jul/2026:13:17:27.806633;23/Jul/2026:13:17:28.749381;23/Jul/2026:13:17:25.969433;23/Jul/2026:13:17:25.824681;23/Jul/2026:13:17:25.969921;23/Jul/2026:13:17:25.969226;23/Jul/2026:13:17:23.569356;23/Jul/2026:13:17:27.805783;23/Jul/2026:13:17:12.921733;23/Jul/2026:13:17:27.068991;23/Jul/2026:13:17:13.131289;23/Jul/2026:13:17:32.026652;23/Jul/2026:13:17:30.107552;23/Jul/2026:13:17:12.920027;23/Jul/2026:13:17:30.107862,1.9506;1.8417;3.7771;4.2709;3.3555;6.7040;6.8534;6.7271;6.7281;9.6691;5.4329;20.3176;6.1736;20.1166;1.2668;3.1915;20.3817;3.1941,bytes=1671124993-1672030556;bytes=1692232698-1693139226;bytes=1611331802-1612230632;bytes=1586030134-1586138810;bytes=1642770737-1643670810;bytes=1523612104-1523713411;bytes=1484245763-1485141054;bytes=1527899774-1528003956;bytes=1519785434-1520693883;bytes=1401636546-1402561941;bytes=1578714514-1579605577;bytes=786300895-786402017;bytes=1548137257-1548236610;bytes=831132034-831223478;bytes=1757915523-1758832120;bytes=1673357557-1674253420;bytes=761745242-761969079;bytes=1677271130-1677379704,6fdf583d;348371ba;6a739fdf;fb714c96;a80cfe59;b41c18e0;50e863cb;8c64ca0d;627f0039;bde6d726;f2f87a8a;b17ceddf;96b4a309;2cf91673;aeebc8f1;f6812f1e;ce35d8e8;128780d9
3,4,438,success,None,23/Jul/2026:13:17:32.556735,23/Jul/2026:13:17:34.563054,2.0063,14,23/Jul/2026:13:17:25.969433;23/Jul/2026:13:17:25.824681;23/Jul/2026:13:17:25.969921;23/Jul/2026:13:17:25.969226;23/Jul/2026:13:17:23.569356;23/Jul/2026:13:17:27.805783;23/Jul/2026:13:17:12.921733;23/Jul/2026:13:17:27.068991;23/Jul/2026:13:17:13.131289;23/Jul/2026:13:17:32.026652;23/Jul/2026:13:17:30.107552;23/Jul/2026:13:17:12.920027;23/Jul/2026:13:17:30.107862;23/Jul/2026:13:17:33.191977,6.7040;6.8534;6.7271;6.7281;9.6691;5.4329;20.3176;6.1736;20.1166;1.2668;3.1915;20.3817;3.1941;0.7513,bytes=1523612104-1523713411;bytes=1484245763-1485141054;bytes=1527899774-1528003956;bytes=1519785434-1520693883;bytes=1401636546-1402561941;bytes=1578714514-1579605577;bytes=786300895-786402017;bytes=1548137257-1548236610;bytes=831132034-831223478;bytes=1757915523-1758832120;bytes=1673357557-1674253420;bytes=761745242-761969079;bytes=1677271130-1677379704;bytes=1854822452-1854939219,b41c18e0;50e863cb;8c64ca0d;627f0039;bde6d726;f2f87a8a;b17ceddf;96b4a309;2cf91673;aeebc8f1;f6812f1e;ce35d8e8;128780d9;222e8ebd
3,4,448,success,None,23/Jul/2026:13:17:33.189942,23/Jul/2026:13:17:34.621517,1.4316,10,23/Jul/2026:13:17:23.569356;23/Jul/2026:13:17:27.805783;23/Jul/2026:13:17:12.921733;23/Jul/2026:13:17:27.068991;23/Jul/2026:13:17:13.131289;23/Jul/2026:13:17:32.026652;23/Jul/2026:13:17:30.107552;23/Jul/2026:13:17:12.920027;23/Jul/2026:13:17:30.107862;23/Jul/2026:13:17:33.191977,9.6691;5.4329;20.3176;6.1736;20.1166;1.2668;3.1915;20.3817;3.1941;0.7513,bytes=1401636546-1402561941;bytes=1578714514-1579605577;bytes=786300895-786402017;bytes=1548137257-1548236610;bytes=831132034-831223478;bytes=1757915523-1758832120;bytes=1673357557-1674253420;bytes=761745242-761969079;bytes=1677271130-1677379704;bytes=1854822452-1854939219,bde6d726;f2f87a8a;b17ceddf;96b4a309;2cf91673;aeebc8f1;f6812f1e;ce35d8e8;128780d9;222e8ebd
3,4,464,success,None,23/Jul/2026:13:17:33.859011,23/Jul/2026:13:17:35.297965,1.4390,1,23/Jul/2026:13:17:33.191977,0.7513,bytes=1854822452-1854939219,222e8ebd
4,4,7,success,None,23/Jul/2026:13:17:35.299376,23/Jul/2026:13:17:37.402553,2.1032,16,23/Jul/2026:13:17:35.305075;23/Jul/2026:13:16:52.680376;23/Jul/2026:13:16:25.382767;23/Jul/2026:13:16:54.084798;23/Jul/2026:13:17:35.304187;23/Jul/2026:13:16:54.085187;23/Jul/2026:13:16:56.723804;23/Jul/2026:13:16:16.369541;23/Jul/2026:13:17:35.305018;23/Jul/2026:13:16:52.580434;23/Jul/2026:13:17:35.305835;23/Jul/2026:13:16:20.122734;23/Jul/2026:13:17:35.300656;23/Jul/2026:13:17:35.303653;23/Jul/2026:13:17:21.009418;23/Jul/2026:13:17:35.305328,0.0331;42.6580;69.9743;41.2795;0.1198;41.3392;38.7006;79.0582;0.1495;42.9015;0.3171;75.5199;0.4109;0.4920;14.8516;0.5845,bytes=80991513-81885663;bytes=1689514339-1690414655;bytes=170170031-171071741;bytes=1756152369-1757046589;bytes=60193158-60249182;bytes=1764084383-1764201584;bytes=1911175640-1912085168;bytes=1719814527-1720706409;bytes=64101356-64165114;bytes=1679271344-1680180476;bytes=90990900-91898868;bytes=1845259424-1846166279;bytes=11869467-11975123;bytes=56155737-56304528;bytes=1230454212-1230555523;bytes=84961423-85130457,557b299e;794ae3cc;b02f1057;70b12fcf;d018bc90;af363f14;f29b72cf;81481150;4c4fe456;1aefd9e5;555ca58e;fa1501c0;2e930d97;94048d84;31cfa03c;4f0c21f7
4,4,12,success,None,23/Jul/2026:13:17:35.299508,23/Jul/2026:13:17:38.226673,2.9272,17,23/Jul/2026:13:17:35.305075;23/Jul/2026:13:16:52.680376;23/Jul/2026:13:16:25.382767;23/Jul/2026:13:16:54.084798;23/Jul/2026:13:17:35.304187;23/Jul/2026:13:16:54.085187;23/Jul/2026:13:16:56.723804;23/Jul/2026:13:16:16.369541;23/Jul/2026:13:17:35.305018;23/Jul/2026:13:16:52.580434;23/Jul/2026:13:17:35.305835;23/Jul/2026:13:16:20.122734;23/Jul/2026:13:17:35.300656;23/Jul/2026:13:17:35.303653;23/Jul/2026:13:17:21.009418;23/Jul/2026:13:17:35.305328;23/Jul/2026:13:17:32.026063,0.0331;42.6580;69.9743;41.2795;0.1198;41.3392;38.7006;79.0582;0.1495;42.9015;0.3171;75.5199;0.4109;0.4920;14.8516;0.5845;5.4283,bytes=80991513-81885663;bytes=1689514339-1690414655;bytes=170170031-171071741;bytes=1756152369-1757046589;bytes=60193158-60249182;bytes=1764084383-1764201584;bytes=1911175640-1912085168;bytes=1719814527-1720706409;bytes=64101356-64165114;bytes=1679271344-1680180476;bytes=90990900-91898868;bytes=1845259424-1846166279;bytes=11869467-11975123;bytes=56155737-56304528;bytes=1230454212-1230555523;bytes=84961423-85130457;bytes=1751952448-1752823675,557b299e;794ae3cc;b02f1057;70b12fcf;d018bc90;af363f14;f29b72cf;81481150;4c4fe456;1aefd9e5;555ca58e;fa1501c0;2e930d97;94048d84;31cfa03c;4f0c21f7;a3b7cc2b
4,4,20,success,None,23/Jul/2026:13:17:35.299612,23/Jul/2026:13:17:38.326205,3.0266,19,23/Jul/2026:13:17:35.305075;23/Jul/2026:13:16:52.680376;23/Jul/2026:13:16:25.382767;23/Jul/2026:13:16:54.084798;23/Jul/2026:13:17:35.304187;23/Jul/2026:13:16:54.085187;23/Jul/2026:13:16:56.723804;23/Jul/2026:13:16:16.369541;23/Jul/2026:13:17:35.305018;23/Jul/2026:13:16:52.580434;23/Jul/2026:13:17:35.305835;23/Jul/2026:13:16:20.122734;23/Jul/2026:13:17:35.300656;23/Jul/2026:13:17:35.303653;23/Jul/2026:13:17:21.009418;23/Jul/2026:13:17:35.305328;23/Jul/2026:13:17:32.026063;23/Jul/2026:13:17:21.199583;23/Jul/2026:13:17:08.489102,0.0331;42.6580;69.9743;41.2795;0.1198;41.3392;38.7006;79.0582;0.1495;42.9015;0.3171;75.5199;0.4109;0.4920;14.8516;0.5845;5.4283;17.0834;29.8135,bytes=80991513-81885663;bytes=1689514339-1690414655;bytes=170170031-171071741;bytes=1756152369-1757046589;bytes=60193158-60249182;bytes=1764084383-1764201584;bytes=1911175640-1912085168;bytes=1719814527-1720706409;bytes=64101356-64165114;bytes=1679271344-1680180476;bytes=90990900-91898868;bytes=1845259424-1846166279;bytes=11869467-11975123;bytes=56155737-56304528;bytes=1230454212-1230555523;bytes=84961423-85130457;bytes=1751952448-1752823675;bytes=1261622241-1262551367;bytes=569475466-569653345,557b299e;794ae3cc;b02f1057;70b12fcf;d018bc90;af363f14;f29b72cf;81481150;4c4fe456;1aefd9e5;555ca58e;fa1501c0;2e930d97;94048d84;31cfa03c;4f0c21f7;a3b7cc2b;96e2d4ec;e3c8c8cf
4,4,2,success,None,23/Jul/2026:13:17:35.299207,23/Jul/2026:13:17:38.336275,3.0371,19,23/Jul/2026:13:17:35.305075;23/Jul/2026:13:16:52.680376;23/Jul/2026:13:16:25.382767;23/Jul/2026:13:16:54.084798;23/Jul/2026:13:17:35.304187;23/Jul/2026:13:16:54.085187;23/Jul/2026:13:16:56.723804;23/Jul/2026:13:16:16.369541;23/Jul/2026:13:17:35.305018;23/Jul/2026:13:16:52.580434;23/Jul/2026:13:17:35.305835;23/Jul/2026:13:16:20.122734;23/Jul/2026:13:17:35.300656;23/Jul/2026:13:17:35.303653;23/Jul/2026:13:17:21.009418;23/Jul/2026:13:17:35.305328;23/Jul/2026:13:17:32.026063;23/Jul/2026:13:17:21.199583;23/Jul/2026:13:17:08.489102,0.0331;42.6580;69.9743;41.2795;0.1198;41.3392;38.7006;79.0582;0.1495;42.9015;0.3171;75.5199;0.4109;0.4920;14.8516;0.5845;5.4283;17.0834;29.8135,bytes=80991513-81885663;bytes=1689514339-1690414655;bytes=170170031-171071741;bytes=1756152369-1757046589;bytes=60193158-60249182;bytes=1764084383-1764201584;bytes=1911175640-1912085168;bytes=1719814527-1720706409;bytes=64101356-64165114;bytes=1679271344-1680180476;bytes=90990900-91898868;bytes=1845259424-1846166279;bytes=11869467-11975123;bytes=56155737-56304528;bytes=1230454212-1230555523;bytes=84961423-85130457;bytes=1751952448-1752823675;bytes=1261622241-1262551367;bytes=569475466-569653345,557b299e;794ae3cc;b02f1057;70b12fcf;d018bc90;af363f14;f29b72cf;81481150;4c4fe456;1aefd9e5;555ca58e;fa1501c0;2e930d97;94048d84;31cfa03c;4f0c21f7;a3b7cc2b;96e2d4ec;e3c8c8cf
4,4,30,success,None,23/Jul/2026:13:17:37.402807,23/Jul/2026:13:17:39.627187,2.2244,13,23/Jul/2026:13:17:32.026063;23/Jul/2026:13:17:21.199583;23/Jul/2026:13:17:08.489102;23/Jul/2026:13:17:35.300913;23/Jul/2026:13:17:37.403441;23/Jul/2026:13:17:35.302270;23/Jul/2026:13:16:49.756922;23/Jul/2026:13:17:38.228573;23/Jul/2026:13:16:51.197558;23/Jul/2026:13:17:35.303539;23/Jul/2026:13:17:35.303083;23/Jul/2026:13:17:35.302961;23/Jul/2026:13:17:35.303202,5.4283;17.0834;29.8135;3.0384;0.9563;3.0851;48.6860;0.2290;47.2892;3.1852;3.1858;3.1870;3.2032,bytes=1751952448-1752823675;bytes=1261622241-1262551367;bytes=569475466-569653345;bytes=12870474-13766804;bytes=124124680-125038401;bytes=32607769-33501534;bytes=1588856248-1589749044;bytes=178336997-178518486;bytes=1623287240-1623391613;bytes=52399041-52496406;bytes=40533621-40629008;bytes=38517960-39431120;bytes=44312243-44399545,a3b7cc2b;96e2d4ec;e3c8c8cf;f93a3031;abe5472f;baef3a5f;e3584982;8cfaa30a;047c83d8;fb08c193;83a61d4b;a7c1c9d0;1e759801
4,4,52,success,None,23/Jul/2026:13:17:38.326484,23/Jul/2026:13:17:40.871660,2.5452,17,23/Jul/2026:13:17:35.300913;23/Jul/2026:13:17:37.403441;23/Jul/2026:13:17:35.302270;23/Jul/2026:13:16:49.756922;23/Jul/2026:13:17:38.228573;23/Jul/2026:13:16:51.197558;23/Jul/2026:13:17:35.303539;23/Jul/2026:13:17:35.303083;23/Jul/2026:13:17:35.302961;23/Jul/2026:13:17:35.303202;23/Jul/2026:13:17:35.305567;23/Jul/2026:13:17:35.305644;23/Jul/2026:13:17:38.339042;23/Jul/2026:13:17:38.339246;23/Jul/2026:13:17:35.305683;23/Jul/2026:13:17:35.300847;23/Jul/2026:13:17:35.300099,3.0384;0.9563;3.0851;48.6860;0.2290;47.2892;3.1852;3.1858;3.1870;3.2032;4.4467;4.4542;1.4225;1.4337;4.4680;4.4912;4.5588,bytes=12870474-13766804;bytes=124124680-125038401;bytes=32607769-33501534;bytes=1588856248-1589749044;bytes=178336997-178518486;bytes=1623287240-1623391613;bytes=52399041-52496406;bytes=40533621-40629008;bytes=38517960-39431120;bytes=44312243-44399545;bytes=87839551-88745992;bytes=89074013-89192873;bytes=253823466-254723840;bytes=258854695-258943323;bytes=92805846-92892538;bytes=11975124-12870473;bytes=7968367-8856069,f93a3031;abe5472f;baef3a5f;e3584982;8cfaa30a;047c83d8;fb08c193;83a61d4b;a7c1c9d0;1e759801;76415784;a6a75b1b;2490a73a;985f6513;b5008e37;70ed8361;7f9a8667
4,4,60,success,None,23/Jul/2026:13:17:38.336519,23/Jul/2026:13:17:41.374109,3.0376,23,23/Jul/2026:13:17:35.300913;23/Jul/2026:13:17:37.403441;23/Jul/2026:13:17:35.302270;23/Jul/2026:13:16:49.756922;23/Jul/2026:13:17:38.228573;23/Jul/2026:13:16:51.197558;23/Jul/2026:13:17:35.303539;23/Jul/2026:13:17:35.303083;23/Jul/2026:13:17:35.302961;23/Jul/2026:13:17:35.303202;23/Jul/2026:13:17:35.305567;23/Jul/2026:13:17:35.305644;23/Jul/2026:13:17:38.339042;23/Jul/2026:13:17:38.339246;23/Jul/2026:13:17:35.305683;23/Jul/2026:13:17:35.300847;23/Jul/2026:13:17:35.300099;23/Jul/2026:13:17:38.227365;23/Jul/2026:13:17:39.628876;23/Jul/2026:13:17:38.227885;23/Jul/2026:13:17:39.628413;23/Jul/2026:13:16:48.329445;23/Jul/2026:13:17:03.137938,3.0384;0.9563;3.0851;48.6860;0.2290;47.2892;3.1852;3.1858;3.1870;3.2032;4.4467;4.4542;1.4225;1.4337;4.4680;4.4912;4.5588;2.6961;1.3088;2.7099;1.3429;52.6419;37.8934,bytes=12870474-13766804;bytes=124124680-125038401;bytes=32607769-33501534;bytes=1588856248-1589749044;bytes=178336997-178518486;bytes=1623287240-1623391613;bytes=52399041-52496406;bytes=40533621-40629008;bytes=38517960-39431120;bytes=44312243-44399545;bytes=87839551-88745992;bytes=89074013-89192873;bytes=253823466-254723840;bytes=258854695-258943323;bytes=92805846-92892538;bytes=11975124-12870473;bytes=7968367-8856069;bytes=166897230-167787605;bytes=304151345-305039244;bytes=170170031-171071741;bytes=300147834-301031514;bytes=1483353322-1484245762;bytes=360738147-360814686,f93a3031;abe5472f;baef3a5f;e3584982;8cfaa30a;047c83d8;fb08c193;83a61d4b;a7c1c9d0;1e759801;76415784;a6a75b1b;2490a73a;985f6513;b5008e37;70ed8361;7f9a8667;a925576c;50501bfa;d9599a24;d3787488;22da5dfd;887e644a
4,4,73,success,None,23/Jul/2026:13:17:39.627416,23/Jul/2026:13:17:41.626062,1.9986,17,23/Jul/2026:13:17:35.305567;23/Jul/2026:13:17:35.305644;23/Jul/2026:13:17:38.339042;23/Jul/2026:13:17:38.339246;23/Jul/2026:13:17:35.305683;23/Jul/2026:13:17:35.300847;23/Jul/2026:13:17:35.300099;23/Jul/2026:13:17:38.227365;23/Jul/2026:13:17:39.628876;23/Jul/2026:13:17:38.227885;23/Jul/2026:13:17:39.628413;23/Jul/2026:13:16:48.329445;23/Jul/2026:13:17:03.137938;23/Jul/2026:13:17:16.700183;23/Jul/2026:13:16:56.724489;23/Jul/2026:13:17:38.228103;23/Jul/2026:13:17:40.874150,4.4467;4.4542;1.4225;1.4337;4.4680;4.4912;4.5588;2.6961;1.3088;2.7099;1.3429;52.6419;37.8934;24.7325;44.7967;3.2940;0.6551,bytes=87839551-88745992;bytes=89074013-89192873;bytes=253823466-254723840;bytes=258854695-258943323;bytes=92805846-92892538;bytes=11975124-12870473;bytes=7968367-8856069;bytes=166897230-167787605;bytes=304151345-305039244;bytes=170170031-171071741;bytes=300147834-301031514;bytes=1483353322-1484245762;bytes=360738147-360814686;bytes=1039744174-1040634365;bytes=1917487146-1917589050;bytes=173982062-174165865;bytes=356813979-356907188,76415784;a6a75b1b;2490a73a;985f6513;b5008e37;70ed8361;7f9a8667;a925576c;50501bfa;d9599a24;d3787488;22da5dfd;887e644a;852997e0;64cf9b7b;081bc134;9330b699
4,4,41,success,None,23/Jul/2026:13:17:38.226900,23/Jul/2026:13:17:42.653205,4.4263,32,23/Jul/2026:13:17:21.199583;23/Jul/2026:13:17:08.489102;23/Jul/2026:13:17:35.300913;23/Jul/2026:13:17:37.403441;23/Jul/2026:13:17:35.302270;23/Jul/2026:13:16:49.756922;23/Jul/2026:13:17:38.228573;23/Jul/2026:13:16:51.197558;23/Jul/2026:13:17:35.303539;23/Jul/2026:13:17:35.303083;23/Jul/2026:13:17:35.302961;23/Jul/2026:13:17:35.303202;23/Jul/2026:13:17:35.305567;23/Jul/2026:13:17:35.305644;23/Jul/2026:13:17:38.339042;23/Jul/2026:13:17:38.339246;23/Jul/2026:13:17:35.305683;23/Jul/2026:13:17:35.300847;23/Jul/2026:13:17:35.300099;23/Jul/2026:13:17:38.227365;23/Jul/2026:13:17:39.628876;23/Jul/2026:13:17:38.227885;23/Jul/2026:13:17:39.628413;23/Jul/2026:13:16:48.329445;23/Jul/2026:13:17:03.137938;23/Jul/2026:13:17:16.700183;23/Jul/2026:13:16:56.724489;23/Jul/2026:13:17:38.228103;23/Jul/2026:13:17:40.874150;23/Jul/2026:13:17:35.300719;23/Jul/2026:13:17:41.375607;23/Jul/2026:13:17:35.301216,17.0834;29.8135;3.0384;0.9563;3.0851;48.6860;0.2290;47.2892;3.1852;3.1858;3.1870;3.2032;4.4467;4.4542;1.4225;1.4337;4.4680;4.4912;4.5588;2.6961;1.3088;2.7099;1.3429;52.6419;37.8934;24.7325;44.7967;3.2940;0.6551;6.3855;0.3164;6.3951,bytes=1261622241-1262551367;bytes=569475466-569653345;bytes=12870474-13766804;bytes=124124680-125038401;bytes=32607769-33501534;bytes=1588856248-1589749044;bytes=178336997-178518486;bytes=1623287240-1623391613;bytes=52399041-52496406;bytes=40533621-40629008;bytes=38517960-39431120;bytes=44312243-44399545;bytes=87839551-88745992;bytes=89074013-89192873;bytes=253823466-254723840;bytes=258854695-258943323;bytes=92805846-92892538;bytes=11975124-12870473;bytes=7968367-8856069;bytes=166897230-167787605;bytes=304151345-305039244;bytes=170170031-171071741;bytes=300147834-301031514;bytes=1483353322-1484245762;bytes=360738147-360814686;bytes=1039744174-1040634365;bytes=1917487146-1917589050;bytes=173982062-174165865;bytes=356813979-356907188;bytes=15553835-15652077;bytes=389731351-389820653;bytes=19546918-19624247,96e2d4ec;e3c8c8cf;f93a3031;abe5472f;baef3a5f;e3584982;8cfaa30a;047c83d8;fb08c193;83a61d4b;a7c1c9d0;1e759801;76415784;a6a75b1b;2490a73a;985f6513;b5008e37;70ed8361;7f9a8667;a925576c;50501bfa;d9599a24;d3787488;22da5dfd;887e644a;852997e0;64cf9b7b;081bc134;9330b699;0d154d67;fa92ef0c;387d7d4d
4,4,85,success,None,23/Jul/2026:13:17:40.872014,23/Jul/2026:13:17:43.446681,2.5747,16,23/Jul/2026:13:17:38.227365;23/Jul/2026:13:17:39.628876;23/Jul/2026:13:17:38.227885;23/Jul/2026:13:17:39.628413;23/Jul/2026:13:16:48.329445;23/Jul/2026:13:17:03.137938;23/Jul/2026:13:17:16.700183;23/Jul/2026:13:16:56.724489;23/Jul/2026:13:17:38.228103;23/Jul/2026:13:17:40.874150;23/Jul/2026:13:17:35.300719;23/Jul/2026:13:17:41.375607;23/Jul/2026:13:17:35.301216;23/Jul/2026:13:17:40.872814;23/Jul/2026:13:17:35.301513;23/Jul/2026:13:17:35.302213,2.6961;1.3088;2.7099;1.3429;52.6419;37.8934;24.7325;44.7967;3.2940;0.6551;6.3855;0.3164;6.3951;1.8894;7.5460;7.5460,bytes=166897230-167787605;bytes=304151345-305039244;bytes=170170031-171071741;bytes=300147834-301031514;bytes=1483353322-1484245762;bytes=360738147-360814686;bytes=1039744174-1040634365;bytes=1917487146-1917589050;bytes=173982062-174165865;bytes=356813979-356907188;bytes=15553835-15652077;bytes=389731351-389820653;bytes=19546918-19624247;bytes=346640079-347542569;bytes=18648160-19546917;bytes=36319658-36416454,a925576c;50501bfa;d9599a24;d3787488;22da5dfd;887e644a;852997e0;64cf9b7b;081bc134;9330b699;0d154d67;fa92ef0c;387d7d4d;ce465963;e4df9c02;dfb8cc84
4,4,95,success,None,23/Jul/2026:13:17:41.374436,23/Jul/2026:13:17:44.192407,2.8180,15,23/Jul/2026:13:17:16.700183;23/Jul/2026:13:16:56.724489;23/Jul/2026:13:17:38.228103;23/Jul/2026:13:17:40.874150;23/Jul/2026:13:17:35.300719;23/Jul/2026:13:17:41.375607;23/Jul/2026:13:17:35.301216;23/Jul/2026:13:17:40.872814;23/Jul/2026:13:17:35.301513;23/Jul/2026:13:17:35.302213;23/Jul/2026:13:17:38.227500;23/Jul/2026:13:17:38.227561;23/Jul/2026:13:17:25.138038;23/Jul/2026:13:17:42.654946;23/Jul/2026:13:17:42.654675,24.7325;44.7967;3.2940;0.6551;6.3855;0.3164;6.3951;1.8894;7.5460;7.5460;5.2838;5.2961;18.3890;0.9300;0.9597,bytes=1039744174-1040634365;bytes=1917487146-1917589050;bytes=173982062-174165865;bytes=356813979-356907188;bytes=15553835-15652077;bytes=389731351-389820653;bytes=19546918-19624247;bytes=346640079-347542569;bytes=18648160-19546917;bytes=36319658-36416454;bytes=168716464-169624839;bytes=169796149-169969711;bytes=1422337869-1423243900;bytes=434424201-434522248;bytes=429342132-430246770,852997e0;64cf9b7b;081bc134;9330b699;0d154d67;fa92ef0c;387d7d4d;ce465963;e4df9c02;dfb8cc84;4ea26c40;6d458666;878a9529;4c580636;06c04123
4,4,100,success,None,23/Jul/2026:13:17:41.626374,23/Jul/2026:13:17:44.217896,2.5915,11,23/Jul/2026:13:17:35.300719;23/Jul/2026:13:17:41.375607;23/Jul/2026:13:17:35.301216;23/Jul/2026:13:17:40.872814;23/Jul/2026:13:17:35.301513;23/Jul/2026:13:17:35.302213;23/Jul/2026:13:17:38.227500;23/Jul/2026:13:17:38.227561;23/Jul/2026:13:17:25.138038;23/Jul/2026:13:17:42.654946;23/Jul/2026:13:17:42.654675,6.3855;0.3164;6.3951;1.8894;7.5460;7.5460;5.2838;5.2961;18.3890;0.9300;0.9597,bytes=15553835-15652077;bytes=389731351-389820653;bytes=19546918-19624247;bytes=346640079-347542569;bytes=18648160-19546917;bytes=36319658-36416454;bytes=168716464-169624839;bytes=169796149-169969711;bytes=1422337869-1423243900;bytes=434424201-434522248;bytes=429342132-430246770,0d154d67;fa92ef0c;387d7d4d;ce465963;e4df9c02;dfb8cc84;4ea26c40;6d458666;878a9529;4c580636;06c04123
4,4,105,success,None,23/Jul/2026:13:17:42.653593,23/Jul/2026:13:17:44.810127,2.1565,14,23/Jul/2026:13:17:40.872814;23/Jul/2026:13:17:35.301513;23/Jul/2026:13:17:35.302213;23/Jul/2026:13:17:38.227500;23/Jul/2026:13:17:38.227561;23/Jul/2026:13:17:25.138038;23/Jul/2026:13:17:42.654946;23/Jul/2026:13:17:42.654675;23/Jul/2026:13:16:52.681492;23/Jul/2026:13:17:39.628987;23/Jul/2026:13:17:41.374914;23/Jul/2026:13:17:40.872892;23/Jul/2026:13:17:30.106861;23/Jul/2026:13:17:41.627478,1.8894;7.5460;7.5460;5.2838;5.2961;18.3890;0.9300;0.9597;51.5504;4.6527;2.9716;3.4785;14.2541;2.7676,bytes=346640079-347542569;bytes=18648160-19546917;bytes=36319658-36416454;bytes=168716464-169624839;bytes=169796149-169969711;bytes=1422337869-1423243900;bytes=434424201-434522248;bytes=429342132-430246770;bytes=1699813160-1700737012;bytes=305935462-306855809;bytes=385865751-386772233;bytes=347542570-348440681;bytes=1669327602-1670237709;bytes=410790285-411687734,ce465963;e4df9c02;dfb8cc84;4ea26c40;6d458666;878a9529;4c580636;06c04123;7714a612;b0022bf8;2c5472f7;eae2b7e5;f1f46fd0;301c9e6d
4,4,113,success,None,23/Jul/2026:13:17:43.446909,23/Jul/2026:13:17:46.310904,2.8640,14,23/Jul/2026:13:17:38.227500;23/Jul/2026:13:17:38.227561;23/Jul/2026:13:17:25.138038;23/Jul/2026:13:17:42.654946;23/Jul/2026:13:17:42.654675;23/Jul/2026:13:16:52.681492;23/Jul/2026:13:17:39.628987;23/Jul/2026:13:17:41.374914;23/Jul/2026:13:17:40.872892;23/Jul/2026:13:17:30.106861;23/Jul/2026:13:17:41.627478;23/Jul/2026:13:17:42.655339;23/Jul/2026:13:17:35.303716;23/Jul/2026:13:17:41.627858,5.2838;5.2961;18.3890;0.9300;0.9597;51.5504;4.6527;2.9716;3.4785;14.2541;2.7676;2.2337;9.5866;3.3879,bytes=168716464-169624839;bytes=169796149-169969711;bytes=1422337869-1423243900;bytes=434424201-434522248;bytes=429342132-430246770;bytes=1699813160-1700737012;bytes=305935462-306855809;bytes=385865751-386772233;bytes=347542570-348440681;bytes=1669327602-1670237709;bytes=410790285-411687734;bytes=438290462-438383844;bytes=56304529-56371233;bytes=414096608-414984526,4ea26c40;6d458666;878a9529;4c580636;06c04123;7714a612;b0022bf8;2c5472f7;eae2b7e5;f1f46fd0;301c9e6d;d59af4c1;d3081ef6;11dbac48
4,4,122,success,None,23/Jul/2026:13:17:44.192649,23/Jul/2026:13:17:46.399154,2.2065,10,23/Jul/2026:13:16:52.681492;23/Jul/2026:13:17:39.628987;23/Jul/2026:13:17:41.374914;23/Jul/2026:13:17:40.872892;23/Jul/2026:13:17:30.106861;23/Jul/2026:13:17:41.627478;23/Jul/2026:13:17:42.655339;23/Jul/2026:13:17:35.303716;23/Jul/2026:13:17:41.627858;23/Jul/2026:13:16:44.784731,51.5504;4.6527;2.9716;3.4785;14.2541;2.7676;2.2337;9.5866;3.3879;61.5720,bytes=1699813160-1700737012;bytes=305935462-306855809;bytes=385865751-386772233;bytes=347542570-348440681;bytes=1669327602-1670237709;bytes=410790285-411687734;bytes=438290462-438383844;bytes=56304529-56371233;bytes=414096608-414984526;bytes=1264059243-1264951590,7714a612;b0022bf8;2c5472f7;eae2b7e5;f1f46fd0;301c9e6d;d59af4c1;d3081ef6;11dbac48;d90d033d
4,4,128,success,None,23/Jul/2026:13:17:44.218127,23/Jul/2026:13:17:47.261568,3.0434,18,23/Jul/2026:13:16:52.681492;23/Jul/2026:13:17:39.628987;23/Jul/2026:13:17:41.374914;23/Jul/2026:13:17:40.872892;23/Jul/2026:13:17:30.106861;23/Jul/2026:13:17:41.627478;23/Jul/2026:13:17:42.655339;23/Jul/2026:13:17:35.303716;23/Jul/2026:13:17:41.627858;23/Jul/2026:13:16:44.784731;23/Jul/2026:13:17:43.448655;23/Jul/2026:13:17:40.874095;23/Jul/2026:13:17:46.311958;23/Jul/2026:13:17:43.447446;23/Jul/2026:13:17:40.873699;23/Jul/2026:13:17:41.627640;23/Jul/2026:13:17:35.304297;23/Jul/2026:13:17:46.312033,51.5504;4.6527;2.9716;3.4785;14.2541;2.7676;2.2337;9.5866;3.3879;61.5720;2.9555;5.5899;0.1903;3.0548;5.6354;5.0021;11.3256;0.3228,bytes=1699813160-1700737012;bytes=305935462-306855809;bytes=385865751-386772233;bytes=347542570-348440681;bytes=1669327602-1670237709;bytes=410790285-411687734;bytes=438290462-438383844;bytes=56304529-56371233;bytes=414096608-414984526;bytes=1264059243-1264951590;bytes=469291187-470216926;bytes=355663976-356564851;bytes=582008220-582091562;bytes=459986327-460879763;bytes=352753015-352849587;bytes=413698895-413892165;bytes=56567130-57460713;bytes=585679501-585771585,7714a612;b0022bf8;2c5472f7;eae2b7e5;f1f46fd0;301c9e6d;d59af4c1;d3081ef6;11dbac48;d90d033d;28f043fe;444d476c;98fbaacc;16d979b0;76efdcf3;5affccaf;4e65787f;cff68774
4,4,137,success,None,23/Jul/2026:13:17:44.810346,23/Jul/2026:13:17:47.632130,2.8218,19,23/Jul/2026:13:17:42.655339;23/Jul/2026:13:17:35.303716;23/Jul/2026:13:17:41.627858;23/Jul/2026:13:16:44.784731;23/Jul/2026:13:17:43.448655;23/Jul/2026:13:17:40.874095;23/Jul/2026:13:17:46.311958;23/Jul/2026:13:17:43.447446;23/Jul/2026:13:17:40.873699;23/Jul/2026:13:17:41.627640;23/Jul/2026:13:17:35.304297;23/Jul/2026:13:17:46.312033;23/Jul/2026:13:17:46.311879;23/Jul/2026:13:17:00.274656;23/Jul/2026:13:17:46.400741;23/Jul/2026:13:17:44.811263;23/Jul/2026:13:16:56.078556;23/Jul/2026:13:17:38.337899;23/Jul/2026:13:17:44.810671,2.2337;9.5866;3.3879;61.5720;2.9555;5.5899;0.1903;3.0548;5.6354;5.0021;11.3256;0.3228;1.0590;47.1145;0.9894;2.5968;51.3349;9.1181;2.7575,bytes=438290462-438383844;bytes=56304529-56371233;bytes=414096608-414984526;bytes=1264059243-1264951590;bytes=469291187-470216926;bytes=355663976-356564851;bytes=582008220-582091562;bytes=459986327-460879763;bytes=352753015-352849587;bytes=413698895-413892165;bytes=56567130-57460713;bytes=585679501-585771585;bytes=581920233-582008219;bytes=129323427-129421907;bytes=618706706-618913577;bytes=565046874-565147166;bytes=1845259424-1846166279;bytes=247076167-247957532;bytes=557197596-558093135,d59af4c1;d3081ef6;11dbac48;d90d033d;28f043fe;444d476c;98fbaacc;16d979b0;76efdcf3;5affccaf;4e65787f;cff68774;5b396937;26d4d409;6be9e288;41f084c1;fca617d8;00c47064;65ea1349
4,4,142,success,None,23/Jul/2026:13:17:46.311118,23/Jul/2026:13:17:48.847260,2.5361,19,23/Jul/2026:13:16:44.784731;23/Jul/2026:13:17:43.448655;23/Jul/2026:13:17:40.874095;23/Jul/2026:13:17:46.311958;23/Jul/2026:13:17:43.447446;23/Jul/2026:13:17:40.873699;23/Jul/2026:13:17:41.627640;23/Jul/2026:13:17:35.304297;23/Jul/2026:13:17:46.312033;23/Jul/2026:13:17:46.311879;23/Jul/2026:13:17:00.274656;23/Jul/2026:13:17:46.400741;23/Jul/2026:13:17:44.811263;23/Jul/2026:13:16:56.078556;23/Jul/2026:13:17:38.337899;23/Jul/2026:13:17:44.810671;23/Jul/2026:13:16:52.680900;23/Jul/2026:13:16:56.723137;23/Jul/2026:13:17:46.311667,61.5720;2.9555;5.5899;0.1903;3.0548;5.6354;5.0021;11.3256;0.3228;1.0590;47.1145;0.9894;2.5968;51.3349;9.1181;2.7575;55.0329;50.9945;1.4343,bytes=1264059243-1264951590;bytes=469291187-470216926;bytes=355663976-356564851;bytes=582008220-582091562;bytes=459986327-460879763;bytes=352753015-352849587;bytes=413698895-413892165;bytes=56567130-57460713;bytes=585679501-585771585;bytes=581920233-582008219;bytes=129323427-129421907;bytes=618706706-618913577;bytes=565046874-565147166;bytes=1845259424-1846166279;bytes=247076167-247957532;bytes=557197596-558093135;bytes=1697481087-1697581520;bytes=1909010456-1909191568;bytes=579904055-580817981,d90d033d;28f043fe;444d476c;98fbaacc;16d979b0;76efdcf3;5affccaf;4e65787f;cff68774;5b396937;26d4d409;6be9e288;41f084c1;fca617d8;00c47064;65ea1349;22f0c011;607630a8;6af586f7
4,4,177,success,None,23/Jul/2026:13:17:47.632359,23/Jul/2026:13:17:49.309908,1.6775,6,23/Jul/2026:13:16:52.680900;23/Jul/2026:13:16:56.723137;23/Jul/2026:13:17:46.311667;23/Jul/2026:13:17:46.401519;23/Jul/2026:13:17:38.337659;23/Jul/2026:13:17:44.219139,55.0329;50.9945;1.4343;2.5256;10.6137;4.7398,bytes=1697481087-1697581520;bytes=1909010456-1909191568;bytes=579904055-580817981;bytes=623981966-624857987;bytes=246978779-247076166;bytes=526795582-527717796,22f0c011;607630a8;6af586f7;cf215aeb;2c08a499;41caaa9b
4,4,151,success,None,23/Jul/2026:13:17:46.399407,23/Jul/2026:13:17:49.656946,3.2575,27,23/Jul/2026:13:17:43.448655;23/Jul/2026:13:17:40.874095;23/Jul/2026:13:17:46.311958;23/Jul/2026:13:17:43.447446;23/Jul/2026:13:17:40.873699;23/Jul/2026:13:17:41.627640;23/Jul/2026:13:17:35.304297;23/Jul/2026:13:17:46.312033;23/Jul/2026:13:17:46.311879;23/Jul/2026:13:17:00.274656;23/Jul/2026:13:17:46.400741;23/Jul/2026:13:17:44.811263;23/Jul/2026:13:16:56.078556;23/Jul/2026:13:17:38.337899;23/Jul/2026:13:17:44.810671;23/Jul/2026:13:16:52.680900;23/Jul/2026:13:16:56.723137;23/Jul/2026:13:17:46.311667;23/Jul/2026:13:17:46.401519;23/Jul/2026:13:17:38.337659;23/Jul/2026:13:17:44.219139;23/Jul/2026:13:17:48.849231;23/Jul/2026:13:17:40.874262;23/Jul/2026:13:17:47.633774;23/Jul/2026:13:17:46.401040;23/Jul/2026:13:17:44.811334;23/Jul/2026:13:16:52.579923,2.9555;5.5899;0.1903;3.0548;5.6354;5.0021;11.3256;0.3228;1.0590;47.1145;0.9894;2.5968;51.3349;9.1181;2.7575;55.0329;50.9945;1.4343;2.5256;10.6137;4.7398;0.5179;8.4945;1.7370;2.9777;4.6066;56.8534,bytes=469291187-470216926;bytes=355663976-356564851;bytes=582008220-582091562;bytes=459986327-460879763;bytes=352753015-352849587;bytes=413698895-413892165;bytes=56567130-57460713;bytes=585679501-585771585;bytes=581920233-582008219;bytes=129323427-129421907;bytes=618706706-618913577;bytes=565046874-565147166;bytes=1845259424-1846166279;bytes=247076167-247957532;bytes=557197596-558093135;bytes=1697481087-1697581520;bytes=1909010456-1909191568;bytes=579904055-580817981;bytes=623981966-624857987;bytes=246978779-247076166;bytes=526795582-527717796;bytes=765984715-766203656;bytes=360638263-360738146;bytes=729104088-729196943;bytes=619795435-620669466;bytes=565147167-565244005;bytes=1674253421-1675134211,28f043fe;444d476c;98fbaacc;16d979b0;76efdcf3;5affccaf;4e65787f;cff68774;5b396937;26d4d409;6be9e288;41f084c1;fca617d8;00c47064;65ea1349;22f0c011;607630a8;6af586f7;cf215aeb;2c08a499;41caaa9b;1953887f;44839d5a;a5b83103;39de5fe0;e1205156;e07c7e32
4,4,157,success,None,23/Jul/2026:13:17:47.261810,23/Jul/2026:13:17:50.350344,3.0885,26,23/Jul/2026:13:17:46.311879;23/Jul/2026:13:17:00.274656;23/Jul/2026:13:17:46.400741;23/Jul/2026:13:17:44.811263;23/Jul/2026:13:16:56.078556;23/Jul/2026:13:17:38.337899;23/Jul/2026:13:17:44.810671;23/Jul/2026:13:16:52.680900;23/Jul/2026:13:16:56.723137;23/Jul/2026:13:17:46.311667;23/Jul/2026:13:17:46.401519;23/Jul/2026:13:17:38.337659;23/Jul/2026:13:17:44.219139;23/Jul/2026:13:17:48.849231;23/Jul/2026:13:17:40.874262;23/Jul/2026:13:17:47.633774;23/Jul/2026:13:17:46.401040;23/Jul/2026:13:17:44.811334;23/Jul/2026:13:16:52.579923;23/Jul/2026:13:17:44.193911;23/Jul/2026:13:17:49.311482;23/Jul/2026:13:17:44.193982;23/Jul/2026:13:17:48.848462;23/Jul/2026:13:17:35.301693;23/Jul/2026:13:17:35.301454;23/Jul/2026:13:17:44.810835,1.0590;47.1145;0.9894;2.5968;51.3349;9.1181;2.7575;55.0329;50.9945;1.4343;2.5256;10.6137;4.7398;0.5179;8.4945;1.7370;2.9777;4.6066;56.8534;5.5261;0.4087;5.5415;0.8970;14.4957;14.5242;5.0228,bytes=581920233-582008219;bytes=129323427-129421907;bytes=618706706-618913577;bytes=565046874-565147166;bytes=1845259424-1846166279;bytes=247076167-247957532;bytes=557197596-558093135;bytes=1697481087-1697581520;bytes=1909010456-1909191568;bytes=579904055-580817981;bytes=623981966-624857987;bytes=246978779-247076166;bytes=526795582-527717796;bytes=765984715-766203656;bytes=360638263-360738146;bytes=729104088-729196943;bytes=619795435-620669466;bytes=565147167-565244005;bytes=1674253421-1675134211;bytes=500029961-500138678;bytes=785884733-786077637;bytes=503752198-503880044;bytes=757708077-758605299;bytes=23662341-23748271;bytes=17733157-18648159;bytes=558093136-558993544,5b396937;26d4d409;6be9e288;41f084c1;fca617d8;00c47064;65ea1349;22f0c011;607630a8;6af586f7;cf215aeb;2c08a499;41caaa9b;1953887f;44839d5a;a5b83103;39de5fe0;e1205156;e07c7e32;4044719c;62ddc934;c02969ee;0db54d5a;26a27452;b9779c13;b8c3ae8f
4,4,185,success,None,23/Jul/2026:13:17:48.847456,23/Jul/2026:13:17:50.813556,1.9661,23,23/Jul/2026:13:17:46.401519;23/Jul/2026:13:17:38.337659;23/Jul/2026:13:17:44.219139;23/Jul/2026:13:17:48.849231;23/Jul/2026:13:17:40.874262;23/Jul/2026:13:17:47.633774;23/Jul/2026:13:17:46.401040;23/Jul/2026:13:17:44.811334;23/Jul/2026:13:16:52.579923;23/Jul/2026:13:17:44.193911;23/Jul/2026:13:17:49.311482;23/Jul/2026:13:17:44.193982;23/Jul/2026:13:17:48.848462;23/Jul/2026:13:17:35.301693;23/Jul/2026:13:17:35.301454;23/Jul/2026:13:17:44.810835;23/Jul/2026:13:17:48.849061;23/Jul/2026:13:16:56.723871;23/Jul/2026:13:17:46.401572;23/Jul/2026:13:17:48.849118;23/Jul/2026:13:16:55.264332;23/Jul/2026:13:17:43.448995;23/Jul/2026:13:17:47.633387,2.5256;10.6137;4.7398;0.5179;8.4945;1.7370;2.9777;4.6066;56.8534;5.5261;0.4087;5.5415;0.8970;14.4957;14.5242;5.0228;1.5576;53.7077;4.0301;1.6448;55.2296;7.0648;2.8812,bytes=623981966-624857987;bytes=246978779-247076166;bytes=526795582-527717796;bytes=765984715-766203656;bytes=360638263-360738146;bytes=729104088-729196943;bytes=619795435-620669466;bytes=565147167-565244005;bytes=1674253421-1675134211;bytes=500029961-500138678;bytes=785884733-786077637;bytes=503752198-503880044;bytes=757708077-758605299;bytes=23662341-23748271;bytes=17733157-18648159;bytes=558093136-558993544;bytes=763738163-764659981;bytes=1912085169-1912995092;bytes=624857988-625779421;bytes=764659982-765574494;bytes=1802324086-1803199765;bytes=475400030-475499794;bytes=725184092-726088638,cf215aeb;2c08a499;41caaa9b;1953887f;44839d5a;a5b83103;39de5fe0;e1205156;e07c7e32;4044719c;62ddc934;c02969ee;0db54d5a;26a27452;b9779c13;b8c3ae8f;96d82af6;8167203b;393bda1e;ae1b004c;dd2e8617;831fdab2;9f791889
4,4,190,success,None,23/Jul/2026:13:17:49.310129,23/Jul/2026:13:17:52.009839,2.6997,22,23/Jul/2026:13:17:48.849231;23/Jul/2026:13:17:40.874262;23/Jul/2026:13:17:47.633774;23/Jul/2026:13:17:46.401040;23/Jul/2026:13:17:44.811334;23/Jul/2026:13:16:52.579923;23/Jul/2026:13:17:44.193911;23/Jul/2026:13:17:49.311482;23/Jul/2026:13:17:44.193982;23/Jul/2026:13:17:48.848462;23/Jul/2026:13:17:35.301693;23/Jul/2026:13:17:35.301454;23/Jul/2026:13:17:44.810835;23/Jul/2026:13:17:48.849061;23/Jul/2026:13:16:56.723871;23/Jul/2026:13:17:46.401572;23/Jul/2026:13:17:48.849118;23/Jul/2026:13:16:55.264332;23/Jul/2026:13:17:43.448995;23/Jul/2026:13:17:47.633387;23/Jul/2026:13:17:47.262154;23/Jul/2026:13:17:47.263132,0.5179;8.4945;1.7370;2.9777;4.6066;56.8534;5.5261;0.4087;5.5415;0.8970;14.4957;14.5242;5.0228;1.5576;53.7077;4.0301;1.6448;55.2296;7.0648;2.8812;3.6678;3.8852,bytes=765984715-766203656;bytes=360638263-360738146;bytes=729104088-729196943;bytes=619795435-620669466;bytes=565147167-565244005;bytes=1674253421-1675134211;bytes=500029961-500138678;bytes=785884733-786077637;bytes=503752198-503880044;bytes=757708077-758605299;bytes=23662341-23748271;bytes=17733157-18648159;bytes=558093136-558993544;bytes=763738163-764659981;bytes=1912085169-1912995092;bytes=624857988-625779421;bytes=764659982-765574494;bytes=1802324086-1803199765;bytes=475400030-475499794;bytes=725184092-726088638;bytes=638999130-639889896;bytes=646955531-647067086,1953887f;44839d5a;a5b83103;39de5fe0;e1205156;e07c7e32;4044719c;62ddc934;c02969ee;0db54d5a;26a27452;b9779c13;b8c3ae8f;96d82af6;8167203b;393bda1e;ae1b004c;dd2e8617;831fdab2;9f791889;3db35edd;21dceb58
4,4,224,success,None,23/Jul/2026:13:17:50.350728,23/Jul/2026:13:17:52.397852,2.0471,14,23/Jul/2026:13:17:48.849061;23/Jul/2026:13:16:56.723871;23/Jul/2026:13:17:46.401572;23/Jul/2026:13:17:48.849118;23/Jul/2026:13:16:55.264332;23/Jul/2026:13:17:43.448995;23/Jul/2026:13:17:47.633387;23/Jul/2026:13:17:47.262154;23/Jul/2026:13:17:47.263132;23/Jul/2026:13:17:39.628345;23/Jul/2026:13:17:50.352790;23/Jul/2026:13:17:44.810995;23/Jul/2026:13:17:38.328560;23/Jul/2026:13:17:38.338333,1.5576;53.7077;4.0301;1.6448;55.2296;7.0648;2.8812;3.6678;3.8852;12.4716;1.7632;7.3057;13.7898;13.8366,bytes=763738163-764659981;bytes=1912085169-1912995092;bytes=624857988-625779421;bytes=764659982-765574494;bytes=1802324086-1803199765;bytes=475400030-475499794;bytes=725184092-726088638;bytes=638999130-639889896;bytes=646955531-647067086;bytes=303855190-303954638;bytes=923137340-924025959;bytes=559923494-560825433;bytes=222249683-222339354;bytes=249736122-250632730,96d82af6;8167203b;393bda1e;ae1b004c;dd2e8617;831fdab2;9f791889;3db35edd;21dceb58;6fe70c2c;9562bea8;86b4467c;adff2c41;5dd563a1
4,4,243,success,None,23/Jul/2026:13:17:52.010048,23/Jul/2026:13:17:54.088609,2.0786,10,23/Jul/2026:13:17:39.628345;23/Jul/2026:13:17:50.352790;23/Jul/2026:13:17:44.810995;23/Jul/2026:13:17:38.328560;23/Jul/2026:13:17:38.338333;23/Jul/2026:13:17:52.011948;23/Jul/2026:13:17:49.312214;23/Jul/2026:13:17:49.657719;23/Jul/2026:13:17:49.658040;23/Jul/2026:13:17:48.848765,12.4716;1.7632;7.3057;13.7898;13.8366;0.5618;3.2616;2.9231;2.9228;3.7395,bytes=303855190-303954638;bytes=923137340-924025959;bytes=559923494-560825433;bytes=222249683-222339354;bytes=249736122-250632730;bytes=1003818589-1004032766;bytes=789959867-790080222;bytes=824262416-825149655;bytes=830943653-831033454;bytes=761745242-761969079,6fe70c2c;9562bea8;86b4467c;adff2c41;5dd563a1;f517c587;0c82a539;66df6649;52716695;c0b12c90
4,4,238,success,None,23/Jul/2026:13:17:50.813891,23/Jul/2026:13:17:54.140117,3.3262,12,23/Jul/2026:13:17:47.262154;23/Jul/2026:13:17:47.263132;23/Jul/2026:13:17:39.628345;23/Jul/2026:13:17:50.352790;23/Jul/2026:13:17:44.810995;23/Jul/2026:13:17:38.328560;23/Jul/2026:13:17:38.338333;23/Jul/2026:13:17:52.011948;23/Jul/2026:13:17:49.312214;23/Jul/2026:13:17:49.657719;23/Jul/2026:13:17:49.658040;23/Jul/2026:13:17:48.848765,3.6678;3.8852;12.4716;1.7632;7.3057;13.7898;13.8366;0.5618;3.2616;2.9231;2.9228;3.7395,bytes=638999130-639889896;bytes=646955531-647067086;bytes=303855190-303954638;bytes=923137340-924025959;bytes=559923494-560825433;bytes=222249683-222339354;bytes=249736122-250632730;bytes=1003818589-1004032766;bytes=789959867-790080222;bytes=824262416-825149655;bytes=830943653-831033454;bytes=761745242-761969079,3db35edd;21dceb58;6fe70c2c;9562bea8;86b4467c;adff2c41;5dd563a1;f517c587;0c82a539;66df6649;52716695;c0b12c90
4,4,202,success,None,23/Jul/2026:13:17:49.657183,23/Jul/2026:13:17:54.888044,5.2309,39,23/Jul/2026:13:17:44.193911;23/Jul/2026:13:17:49.311482;23/Jul/2026:13:17:44.193982;23/Jul/2026:13:17:48.848462;23/Jul/2026:13:17:35.301693;23/Jul/2026:13:17:35.301454;23/Jul/2026:13:17:44.810835;23/Jul/2026:13:17:48.849061;23/Jul/2026:13:16:56.723871;23/Jul/2026:13:17:46.401572;23/Jul/2026:13:17:48.849118;23/Jul/2026:13:16:55.264332;23/Jul/2026:13:17:43.448995;23/Jul/2026:13:17:47.633387;23/Jul/2026:13:17:47.262154;23/Jul/2026:13:17:47.263132;23/Jul/2026:13:17:39.628345;23/Jul/2026:13:17:50.352790;23/Jul/2026:13:17:44.810995;23/Jul/2026:13:17:38.328560;23/Jul/2026:13:17:38.338333;23/Jul/2026:13:17:52.011948;23/Jul/2026:13:17:49.312214;23/Jul/2026:13:17:49.657719;23/Jul/2026:13:17:49.658040;23/Jul/2026:13:17:48.848765;23/Jul/2026:13:17:44.218575;23/Jul/2026:13:17:49.310881;23/Jul/2026:13:17:50.352466;23/Jul/2026:13:17:50.352721;23/Jul/2026:13:17:41.376359;23/Jul/2026:13:17:48.848092;23/Jul/2026:13:17:49.658557;23/Jul/2026:13:17:48.849340;23/Jul/2026:13:17:44.218844;23/Jul/2026:13:17:49.657971;23/Jul/2026:13:17:47.263185;23/Jul/2026:13:17:38.228366;23/Jul/2026:13:17:47.263612,5.5261;0.4087;5.5415;0.8970;14.4957;14.5242;5.0228;1.5576;53.7077;4.0301;1.6448;55.2296;7.0648;2.8812;3.6678;3.8852;12.4716;1.7632;7.3057;13.7898;13.8366;0.5618;3.2616;2.9231;2.9228;3.7395;9.9418;4.8656;3.8240;3.8253;12.8016;5.3307;4.5406;5.3807;10.0253;4.5865;6.9813;16.0163;7.0890,bytes=500029961-500138678;bytes=785884733-786077637;bytes=503752198-503880044;bytes=757708077-758605299;bytes=23662341-23748271;bytes=17733157-18648159;bytes=558093136-558993544;bytes=763738163-764659981;bytes=1912085169-1912995092;bytes=624857988-625779421;bytes=764659982-765574494;bytes=1802324086-1803199765;bytes=475400030-475499794;bytes=725184092-726088638;bytes=638999130-639889896;bytes=646955531-647067086;bytes=303855190-303954638;bytes=923137340-924025959;bytes=559923494-560825433;bytes=222249683-222339354;bytes=249736122-250632730;bytes=1003818589-1004032766;bytes=789959867-790080222;bytes=824262416-825149655;bytes=830943653-831033454;bytes=761745242-761969079;bytes=521766382-522642851;bytes=778280108-778371145;bytes=921984859-922113373;bytes=922232211-923137339;bytes=395517720-396384850;bytes=756191589-757091712;bytes=831132034-831223478;bytes=769898911-770005745;bytes=524847306-525013330;bytes=827264791-827353499;bytes=647067087-647169188;bytes=175258549-176137583;bytes=651124891-651228523,4044719c;62ddc934;c02969ee;0db54d5a;26a27452;b9779c13;b8c3ae8f;96d82af6;8167203b;393bda1e;ae1b004c;dd2e8617;831fdab2;9f791889;3db35edd;21dceb58;6fe70c2c;9562bea8;86b4467c;adff2c41;5dd563a1;f517c587;0c82a539;66df6649;52716695;c0b12c90;8939ae02;97686ba4;dbc85887;733b82bb;c22a074c;f929afef;60043147;16aae3a1;3882a582;23437d2d;68fd6dff;babd0332;c8d9aaa5
4,4,254,success,None,23/Jul/2026:13:17:52.398087,23/Jul/2026:13:17:55.140914,2.7428,19,23/Jul/2026:13:17:52.011948;23/Jul/2026:13:17:49.312214;23/Jul/2026:13:17:49.657719;23/Jul/2026:13:17:49.658040;23/Jul/2026:13:17:48.848765;23/Jul/2026:13:17:44.218575;23/Jul/2026:13:17:49.310881;23/Jul/2026:13:17:50.352466;23/Jul/2026:13:17:50.352721;23/Jul/2026:13:17:41.376359;23/Jul/2026:13:17:48.848092;23/Jul/2026:13:17:49.658557;23/Jul/2026:13:17:48.849340;23/Jul/2026:13:17:44.218844;23/Jul/2026:13:17:49.657971;23/Jul/2026:13:17:47.263185;23/Jul/2026:13:17:38.228366;23/Jul/2026:13:17:47.263612;23/Jul/2026:13:17:44.811676,0.5618;3.2616;2.9231;2.9228;3.7395;9.9418;4.8656;3.8240;3.8253;12.8016;5.3307;4.5406;5.3807;10.0253;4.5865;6.9813;16.0163;7.0890;10.2022,bytes=1003818589-1004032766;bytes=789959867-790080222;bytes=824262416-825149655;bytes=830943653-831033454;bytes=761745242-761969079;bytes=521766382-522642851;bytes=778280108-778371145;bytes=921984859-922113373;bytes=922232211-923137339;bytes=395517720-396384850;bytes=756191589-757091712;bytes=831132034-831223478;bytes=769898911-770005745;bytes=524847306-525013330;bytes=827264791-827353499;bytes=647067087-647169188;bytes=175258549-176137583;bytes=651124891-651228523;bytes=565244006-565446215,f517c587;0c82a539;66df6649;52716695;c0b12c90;8939ae02;97686ba4;dbc85887;733b82bb;c22a074c;f929afef;60043147;16aae3a1;3882a582;23437d2d;68fd6dff;babd0332;c8d9aaa5;25b956fa
4,4,299,success,None,23/Jul/2026:13:17:55.141194,23/Jul/2026:13:17:57.426870,2.2857,1,23/Jul/2026:13:17:52.011670,3.3835,bytes=999794362-1000692089,fbe2d5cf
4,4,292,success,None,23/Jul/2026:13:17:54.888284,23/Jul/2026:13:17:57.524677,2.6364,6,23/Jul/2026:13:17:44.811676;23/Jul/2026:13:17:52.011670;23/Jul/2026:13:17:49.659183;23/Jul/2026:13:17:46.311453;23/Jul/2026:13:17:54.089860;23/Jul/2026:13:17:54.090446,10.2022;3.3835;7.8212;11.1854;3.4116;3.4209,bytes=565244006-565446215;bytes=999794362-1000692089;bytes=839008891-839203005;bytes=578116000-579017068;bytes=1156067608-1156165204;bytes=1157476671-1158359808,25b956fa;fbe2d5cf;c58af960;2aa52099;035ec6e4;bde89b0b
4,4,286,success,None,23/Jul/2026:13:17:54.140306,23/Jul/2026:13:17:57.528095,3.3878,19,23/Jul/2026:13:17:44.218575;23/Jul/2026:13:17:49.310881;23/Jul/2026:13:17:50.352466;23/Jul/2026:13:17:50.352721;23/Jul/2026:13:17:41.376359;23/Jul/2026:13:17:48.848092;23/Jul/2026:13:17:49.658557;23/Jul/2026:13:17:48.849340;23/Jul/2026:13:17:44.218844;23/Jul/2026:13:17:49.657971;23/Jul/2026:13:17:47.263185;23/Jul/2026:13:17:38.228366;23/Jul/2026:13:17:47.263612;23/Jul/2026:13:17:44.811676;23/Jul/2026:13:17:52.011670;23/Jul/2026:13:17:49.659183;23/Jul/2026:13:17:46.311453;23/Jul/2026:13:17:54.089860;23/Jul/2026:13:17:54.090446,9.9418;4.8656;3.8240;3.8253;12.8016;5.3307;4.5406;5.3807;10.0253;4.5865;6.9813;16.0163;7.0890;10.2022;3.3835;7.8212;11.1854;3.4116;3.4209,bytes=521766382-522642851;bytes=778280108-778371145;bytes=921984859-922113373;bytes=922232211-923137339;bytes=395517720-396384850;bytes=756191589-757091712;bytes=831132034-831223478;bytes=769898911-770005745;bytes=524847306-525013330;bytes=827264791-827353499;bytes=647067087-647169188;bytes=175258549-176137583;bytes=651124891-651228523;bytes=565244006-565446215;bytes=999794362-1000692089;bytes=839008891-839203005;bytes=578116000-579017068;bytes=1156067608-1156165204;bytes=1157476671-1158359808,8939ae02;97686ba4;dbc85887;733b82bb;c22a074c;f929afef;60043147;16aae3a1;3882a582;23437d2d;68fd6dff;babd0332;c8d9aaa5;25b956fa;fbe2d5cf;c58af960;2aa52099;035ec6e4;bde89b0b
4,4,281,success,None,23/Jul/2026:13:17:54.088829,23/Jul/2026:13:17:57.560656,3.4718,19,23/Jul/2026:13:17:44.218575;23/Jul/2026:13:17:49.310881;23/Jul/2026:13:17:50.352466;23/Jul/2026:13:17:50.352721;23/Jul/2026:13:17:41.376359;23/Jul/2026:13:17:48.848092;23/Jul/2026:13:17:49.658557;23/Jul/2026:13:17:48.849340;23/Jul/2026:13:17:44.218844;23/Jul/2026:13:17:49.657971;23/Jul/2026:13:17:47.263185;23/Jul/2026:13:17:38.228366;23/Jul/2026:13:17:47.263612;23/Jul/2026:13:17:44.811676;23/Jul/2026:13:17:52.011670;23/Jul/2026:13:17:49.659183;23/Jul/2026:13:17:46.311453;23/Jul/2026:13:17:54.089860;23/Jul/2026:13:17:54.090446,9.9418;4.8656;3.8240;3.8253;12.8016;5.3307;4.5406;5.3807;10.0253;4.5865;6.9813;16.0163;7.0890;10.2022;3.3835;7.8212;11.1854;3.4116;3.4209,bytes=521766382-522642851;bytes=778280108-778371145;bytes=921984859-922113373;bytes=922232211-923137339;bytes=395517720-396384850;bytes=756191589-757091712;bytes=831132034-831223478;bytes=769898911-770005745;bytes=524847306-525013330;bytes=827264791-827353499;bytes=647067087-647169188;bytes=175258549-176137583;bytes=651124891-651228523;bytes=565244006-565446215;bytes=999794362-1000692089;bytes=839008891-839203005;bytes=578116000-579017068;bytes=1156067608-1156165204;bytes=1157476671-1158359808,8939ae02;97686ba4;dbc85887;733b82bb;c22a074c;f929afef;60043147;16aae3a1;3882a582;23437d2d;68fd6dff;babd0332;c8d9aaa5;25b956fa;fbe2d5cf;c58af960;2aa52099;035ec6e4;bde89b0b
4,4,315,success,None,23/Jul/2026:13:17:57.524898,23/Jul/2026:13:18:00.574659,3.0498,13,23/Jul/2026:13:17:52.399063;23/Jul/2026:13:17:54.090096;23/Jul/2026:13:17:54.090612;23/Jul/2026:13:17:49.658785;23/Jul/2026:13:17:47.634240;23/Jul/2026:13:17:46.401414;23/Jul/2026:13:17:42.655551;23/Jul/2026:13:17:52.012057;23/Jul/2026:13:17:54.889091;23/Jul/2026:13:17:50.816130;23/Jul/2026:13:17:50.816017;23/Jul/2026:13:17:52.398816;23/Jul/2026:13:17:49.658231,5.1802;3.4901;3.5255;7.9578;9.9878;11.2478;14.9956;5.6461;2.7691;6.8839;6.8847;5.3464;8.2644,bytes=1044733553-1044835500;bytes=1155051558-1155966323;bytes=1160410985-1160593756;bytes=831318249-832210565;bytes=733087581-733188612;bytes=626782312-626890299;bytes=436493583-437389647;bytes=1007730428-1007834351;bytes=1201170856-1201267339;bytes=981069744-981964882;bytes=979321208-980202035;bytes=1039744174-1040634365;bytes=827353500-828260586,ac0be9b8;e4c05af8;3f5fdf38;a4f14b70;2bab552e;226552ac;54a1c94c;089f2e53;ec2985ed;e9934bd7;ce255e62;4f704722;dcff3152
4,4,340,success,None,23/Jul/2026:13:17:57.560905,23/Jul/2026:13:18:00.646445,3.0855,16,23/Jul/2026:13:17:52.399063;23/Jul/2026:13:17:54.090096;23/Jul/2026:13:17:54.090612;23/Jul/2026:13:17:49.658785;23/Jul/2026:13:17:47.634240;23/Jul/2026:13:17:46.401414;23/Jul/2026:13:17:42.655551;23/Jul/2026:13:17:52.012057;23/Jul/2026:13:17:54.889091;23/Jul/2026:13:17:50.816130;23/Jul/2026:13:17:50.816017;23/Jul/2026:13:17:52.398816;23/Jul/2026:13:17:49.658231;23/Jul/2026:13:17:09.589686;23/Jul/2026:13:17:50.351525;23/Jul/2026:13:17:47.633951,5.1802;3.4901;3.5255;7.9578;9.9878;11.2478;14.9956;5.6461;2.7691;6.8839;6.8847;5.3464;8.2644;51.0299;10.2901;13.0077,bytes=1044733553-1044835500;bytes=1155051558-1155966323;bytes=1160410985-1160593756;bytes=831318249-832210565;bytes=733087581-733188612;bytes=626782312-626890299;bytes=436493583-437389647;bytes=1007730428-1007834351;bytes=1201170856-1201267339;bytes=981069744-981964882;bytes=979321208-980202035;bytes=1039744174-1040634365;bytes=827353500-828260586;bytes=585679501-585771585;bytes=914849596-915733968;bytes=729196944-730098288,ac0be9b8;e4c05af8;3f5fdf38;a4f14b70;2bab552e;226552ac;54a1c94c;089f2e53;ec2985ed;e9934bd7;ce255e62;4f704722;dcff3152;0c06a442;e4c6ee0b;0128f62d
4,4,325,success,None,23/Jul/2026:13:17:57.528318,23/Jul/2026:13:18:00.688049,3.1597,20,23/Jul/2026:13:17:52.399063;23/Jul/2026:13:17:54.090096;23/Jul/2026:13:17:54.090612;23/Jul/2026:13:17:49.658785;23/Jul/2026:13:17:47.634240;23/Jul/2026:13:17:46.401414;23/Jul/2026:13:17:42.655551;23/Jul/2026:13:17:52.012057;23/Jul/2026:13:17:54.889091;23/Jul/2026:13:17:50.816130;23/Jul/2026:13:17:50.816017;23/Jul/2026:13:17:52.398816;23/Jul/2026:13:17:49.658231;23/Jul/2026:13:17:09.589686;23/Jul/2026:13:17:50.351525;23/Jul/2026:13:17:47.633951;23/Jul/2026:13:18:00.647715;23/Jul/2026:13:17:54.090270;23/Jul/2026:13:17:48.849286;23/Jul/2026:13:17:50.351881,5.1802;3.4901;3.5255;7.9578;9.9878;11.2478;14.9956;5.6461;2.7691;6.8839;6.8847;5.3464;8.2644;51.0299;10.2901;13.0077;0.0029;6.5663;11.8189;10.3282,bytes=1044733553-1044835500;bytes=1155051558-1155966323;bytes=1160410985-1160593756;bytes=831318249-832210565;bytes=733087581-733188612;bytes=626782312-626890299;bytes=436493583-437389647;bytes=1007730428-1007834351;bytes=1201170856-1201267339;bytes=981069744-981964882;bytes=979321208-980202035;bytes=1039744174-1040634365;bytes=827353500-828260586;bytes=585679501-585771585;bytes=914849596-915733968;bytes=729196944-730098288;bytes=1476827262-1477734558;bytes=1160189423-1160305916;bytes=769788690-769898910;bytes=916648942-917562538,ac0be9b8;e4c05af8;3f5fdf38;a4f14b70;2bab552e;226552ac;54a1c94c;089f2e53;ec2985ed;e9934bd7;ce255e62;4f704722;dcff3152;0c06a442;e4c6ee0b;0128f62d;80790b8f;b4699366;93494091;eee63528
4,4,346,success,None,23/Jul/2026:13:18:00.574887,23/Jul/2026:13:18:02.710904,2.1360,15,23/Jul/2026:13:17:09.589686;23/Jul/2026:13:17:50.351525;23/Jul/2026:13:17:47.633951;23/Jul/2026:13:18:00.647715;23/Jul/2026:13:17:54.090270;23/Jul/2026:13:17:48.849286;23/Jul/2026:13:17:50.351881;23/Jul/2026:13:17:57.530633;23/Jul/2026:13:18:00.575595;23/Jul/2026:13:17:49.311544;23/Jul/2026:13:18:00.576074;23/Jul/2026:13:17:35.304961;23/Jul/2026:13:17:49.659021;23/Jul/2026:13:17:38.327476;23/Jul/2026:13:18:00.575658,51.0299;10.2901;13.0077;0.0029;6.5663;11.8189;10.3282;3.1597;0.1847;11.4520;0.2449;25.5165;11.1625;22.4953;0.2919,bytes=585679501-585771585;bytes=914849596-915733968;bytes=729196944-730098288;bytes=1476827262-1477734558;bytes=1160189423-1160305916;bytes=769788690-769898910;bytes=916648942-917562538;bytes=1339823611-1340729598;bytes=1420371913-1420456723;bytes=786077638-786194022;bytes=1424354691-1424456687;bytes=64031676-64101355;bytes=835234221-835337754;bytes=218048430-218130112;bytes=1420456724-1420551045,0c06a442;e4c6ee0b;0128f62d;80790b8f;b4699366;93494091;eee63528;284528f8;46b7b648;c714dcb3;f5e58bae;5fb1933c;98c65429;34ca5d1e;af2ff65c
4,4,370,success,None,23/Jul/2026:13:18:00.688236,23/Jul/2026:13:18:02.761658,2.0734,9,23/Jul/2026:13:17:57.530633;23/Jul/2026:13:18:00.575595;23/Jul/2026:13:17:49.311544;23/Jul/2026:13:18:00.576074;23/Jul/2026:13:17:35.304961;23/Jul/2026:13:17:49.659021;23/Jul/2026:13:17:38.327476;23/Jul/2026:13:18:00.575658;23/Jul/2026:13:17:44.810919,3.1597;0.1847;11.4520;0.2449;25.5165;11.1625;22.4953;0.2919;17.9483,bytes=1339823611-1340729598;bytes=1420371913-1420456723;bytes=786077638-786194022;bytes=1424354691-1424456687;bytes=64031676-64101355;bytes=835234221-835337754;bytes=218048430-218130112;bytes=1420456724-1420551045;bytes=558993545-559923493,284528f8;46b7b648;c714dcb3;f5e58bae;5fb1933c;98c65429;34ca5d1e;af2ff65c;b15fcd8d
4,4,360,success,None,23/Jul/2026:13:18:00.646663,23/Jul/2026:13:18:03.454533,2.8079,19,23/Jul/2026:13:18:00.647715;23/Jul/2026:13:17:54.090270;23/Jul/2026:13:17:48.849286;23/Jul/2026:13:17:50.351881;23/Jul/2026:13:17:57.530633;23/Jul/2026:13:18:00.575595;23/Jul/2026:13:17:49.311544;23/Jul/2026:13:18:00.576074;23/Jul/2026:13:17:35.304961;23/Jul/2026:13:17:49.659021;23/Jul/2026:13:17:38.327476;23/Jul/2026:13:18:00.575658;23/Jul/2026:13:17:44.810919;23/Jul/2026:13:17:44.812254;23/Jul/2026:13:17:57.526416;23/Jul/2026:13:17:57.527031;23/Jul/2026:13:17:57.562759;23/Jul/2026:13:17:57.525613;23/Jul/2026:13:17:57.525552,0.0029;6.5663;11.8189;10.3282;3.1597;0.1847;11.4520;0.2449;25.5165;11.1625;22.4953;0.2919;17.9483;17.9590;5.2565;5.2994;5.2695;5.3317;5.3874,bytes=1476827262-1477734558;bytes=1160189423-1160305916;bytes=769788690-769898910;bytes=916648942-917562538;bytes=1339823611-1340729598;bytes=1420371913-1420456723;bytes=786077638-786194022;bytes=1424354691-1424456687;bytes=64031676-64101355;bytes=835234221-835337754;bytes=218048430-218130112;bytes=1420456724-1420551045;bytes=558993545-559923493;bytes=569653346-569832356;bytes=1292562904-1293463653;bytes=1298546224-1299480402;bytes=1407794839-1407902349;bytes=1292332169-1292447687;bytes=1291209639-1292101113,80790b8f;b4699366;93494091;eee63528;284528f8;46b7b648;c714dcb3;f5e58bae;5fb1933c;98c65429;34ca5d1e;af2ff65c;b15fcd8d;ccffc812;90e970ad;b01ea2a7;07c33f9d;f7b644c4;eb8c3b18
4,4,308,success,None,23/Jul/2026:13:17:57.427107,23/Jul/2026:13:18:03.818133,6.3910,40,23/Jul/2026:13:17:49.659183;23/Jul/2026:13:17:46.311453;23/Jul/2026:13:17:54.089860;23/Jul/2026:13:17:54.090446;23/Jul/2026:13:17:52.399063;23/Jul/2026:13:17:54.090096;23/Jul/2026:13:17:54.090612;23/Jul/2026:13:17:49.658785;23/Jul/2026:13:17:47.634240;23/Jul/2026:13:17:46.401414;23/Jul/2026:13:17:42.655551;23/Jul/2026:13:17:52.012057;23/Jul/2026:13:17:54.889091;23/Jul/2026:13:17:50.816130;23/Jul/2026:13:17:50.816017;23/Jul/2026:13:17:52.398816;23/Jul/2026:13:17:49.658231;23/Jul/2026:13:17:09.589686;23/Jul/2026:13:17:50.351525;23/Jul/2026:13:17:47.633951;23/Jul/2026:13:18:00.647715;23/Jul/2026:13:17:54.090270;23/Jul/2026:13:17:48.849286;23/Jul/2026:13:17:50.351881;23/Jul/2026:13:17:57.530633;23/Jul/2026:13:18:00.575595;23/Jul/2026:13:17:49.311544;23/Jul/2026:13:18:00.576074;23/Jul/2026:13:17:35.304961;23/Jul/2026:13:17:49.659021;23/Jul/2026:13:17:38.327476;23/Jul/2026:13:18:00.575658;23/Jul/2026:13:17:44.810919;23/Jul/2026:13:17:44.812254;23/Jul/2026:13:17:57.526416;23/Jul/2026:13:17:57.527031;23/Jul/2026:13:17:57.562759;23/Jul/2026:13:17:57.525613;23/Jul/2026:13:17:57.525552;23/Jul/2026:13:18:00.576823,7.8212;11.1854;3.4116;3.4209;5.1802;3.4901;3.5255;7.9578;9.9878;11.2478;14.9956;5.6461;2.7691;6.8839;6.8847;5.3464;8.2644;51.0299;10.2901;13.0077;0.0029;6.5663;11.8189;10.3282;3.1597;0.1847;11.4520;0.2449;25.5165;11.1625;22.4953;0.2919;17.9483;17.9590;5.2565;5.2994;5.2695;5.3317;5.3874;3.0663,bytes=839008891-839203005;bytes=578116000-579017068;bytes=1156067608-1156165204;bytes=1157476671-1158359808;bytes=1044733553-1044835500;bytes=1155051558-1155966323;bytes=1160410985-1160593756;bytes=831318249-832210565;bytes=733087581-733188612;bytes=626782312-626890299;bytes=436493583-437389647;bytes=1007730428-1007834351;bytes=1201170856-1201267339;bytes=981069744-981964882;bytes=979321208-980202035;bytes=1039744174-1040634365;bytes=827353500-828260586;bytes=585679501-585771585;bytes=914849596-915733968;bytes=729196944-730098288;bytes=1476827262-1477734558;bytes=1160189423-1160305916;bytes=769788690-769898910;bytes=916648942-917562538;bytes=1339823611-1340729598;bytes=1420371913-1420456723;bytes=786077638-786194022;bytes=1424354691-1424456687;bytes=64031676-64101355;bytes=835234221-835337754;bytes=218048430-218130112;bytes=1420456724-1420551045;bytes=558993545-559923493;bytes=569653346-569832356;bytes=1292562904-1293463653;bytes=1298546224-1299480402;bytes=1407794839-1407902349;bytes=1292332169-1292447687;bytes=1291209639-1292101113;bytes=1432488050-1432607175,c58af960;2aa52099;035ec6e4;bde89b0b;ac0be9b8;e4c05af8;3f5fdf38;a4f14b70;2bab552e;226552ac;54a1c94c;089f2e53;ec2985ed;e9934bd7;ce255e62;4f704722;dcff3152;0c06a442;e4c6ee0b;0128f62d;80790b8f;b4699366;93494091;eee63528;284528f8;46b7b648;c714dcb3;f5e58bae;5fb1933c;98c65429;34ca5d1e;af2ff65c;b15fcd8d;ccffc812;90e970ad;b01ea2a7;07c33f9d;f7b644c4;eb8c3b18;bde20410
4,4,385,success,None,23/Jul/2026:13:18:02.761866,23/Jul/2026:13:18:05.255614,2.4937,13,23/Jul/2026:13:17:44.812254;23/Jul/2026:13:17:57.526416;23/Jul/2026:13:17:57.527031;23/Jul/2026:13:17:57.562759;23/Jul/2026:13:17:57.525613;23/Jul/2026:13:17:57.525552;23/Jul/2026:13:18:00.576823;23/Jul/2026:13:18:00.576016;23/Jul/2026:13:18:00.575957;23/Jul/2026:13:17:55.142998;23/Jul/2026:13:17:52.010849;23/Jul/2026:13:18:03.455740;23/Jul/2026:13:17:55.142745,17.9590;5.2565;5.2994;5.2695;5.3317;5.3874;3.0663;3.3786;3.3843;8.8178;11.9771;0.5887;8.9323,bytes=569653346-569832356;bytes=1292562904-1293463653;bytes=1298546224-1299480402;bytes=1407794839-1407902349;bytes=1292332169-1292447687;bytes=1291209639-1292101113;bytes=1432488050-1432607175;bytes=1423243901-1424147923;bytes=1422337869-1423243900;bytes=1231545751-1232433619;bytes=999237455-999333796;bytes=1619168689-1619285810;bytes=1230454212-1230555523,ccffc812;90e970ad;b01ea2a7;07c33f9d;f7b644c4;eb8c3b18;bde20410;09fbc687;ab114fb8;4a37215d;1af23e91;e042528a;9eb75c16
4,4,376,success,None,23/Jul/2026:13:18:02.711172,23/Jul/2026:13:18:05.646138,2.9350,18,23/Jul/2026:13:17:44.810919;23/Jul/2026:13:17:44.812254;23/Jul/2026:13:17:57.526416;23/Jul/2026:13:17:57.527031;23/Jul/2026:13:17:57.562759;23/Jul/2026:13:17:57.525613;23/Jul/2026:13:17:57.525552;23/Jul/2026:13:18:00.576823;23/Jul/2026:13:18:00.576016;23/Jul/2026:13:18:00.575957;23/Jul/2026:13:17:55.142998;23/Jul/2026:13:17:52.010849;23/Jul/2026:13:18:03.455740;23/Jul/2026:13:17:55.142745;23/Jul/2026:13:17:54.089461;23/Jul/2026:13:17:54.888619;23/Jul/2026:13:18:02.712149;23/Jul/2026:13:18:02.762409,17.9483;17.9590;5.2565;5.2994;5.2695;5.3317;5.3874;3.0663;3.3786;3.3843;8.8178;11.9771;0.5887;8.9323;11.2458;10.4468;2.6387;2.5885,bytes=558993545-559923493;bytes=569653346-569832356;bytes=1292562904-1293463653;bytes=1298546224-1299480402;bytes=1407794839-1407902349;bytes=1292332169-1292447687;bytes=1291209639-1292101113;bytes=1432488050-1432607175;bytes=1423243901-1424147923;bytes=1422337869-1423243900;bytes=1231545751-1232433619;bytes=999237455-999333796;bytes=1619168689-1619285810;bytes=1230454212-1230555523;bytes=1149008868-1149907224;bytes=1193391478-1194292559;bytes=1544301780-1544504953;bytes=1577820332-1578714513,b15fcd8d;ccffc812;90e970ad;b01ea2a7;07c33f9d;f7b644c4;eb8c3b18;bde20410;09fbc687;ab114fb8;4a37215d;1af23e91;e042528a;9eb75c16;2de6f328;95ea26b8;121de405;8fa172e9
4,4,400,success,None,23/Jul/2026:13:18:03.818377,23/Jul/2026:13:18:06.288041,2.4697,15,23/Jul/2026:13:18:00.576016;23/Jul/2026:13:18:00.575957;23/Jul/2026:13:17:55.142998;23/Jul/2026:13:17:52.010849;23/Jul/2026:13:18:03.455740;23/Jul/2026:13:17:55.142745;23/Jul/2026:13:17:54.089461;23/Jul/2026:13:17:54.888619;23/Jul/2026:13:18:02.712149;23/Jul/2026:13:18:02.762409;23/Jul/2026:13:17:54.890086;23/Jul/2026:13:17:57.428918;23/Jul/2026:13:18:00.689107;23/Jul/2026:13:17:55.143298;23/Jul/2026:13:18:02.763703,3.3786;3.3843;8.8178;11.9771;0.5887;8.9323;11.2458;10.4468;2.6387;2.5885;10.8111;8.3005;5.0435;10.6194;3.0727,bytes=1423243901-1424147923;bytes=1422337869-1423243900;bytes=1231545751-1232433619;bytes=999237455-999333796;bytes=1619168689-1619285810;bytes=1230454212-1230555523;bytes=1149008868-1149907224;bytes=1193391478-1194292559;bytes=1544301780-1544504953;bytes=1577820332-1578714513;bytes=1209765458-1209877652;bytes=1275821518-1275921607;bytes=1523393465-1523499285;bytes=1238592090-1238766274;bytes=1588856248-1589749044,09fbc687;ab114fb8;4a37215d;1af23e91;e042528a;9eb75c16;2de6f328;95ea26b8;121de405;8fa172e9;ed4e2d79;95a45b08;ad230f18;f3ab29cc;1e285b4a
4,4,393,success,None,23/Jul/2026:13:18:03.454794,23/Jul/2026:13:18:07.188681,3.7339,20,23/Jul/2026:13:18:00.576823;23/Jul/2026:13:18:00.576016;23/Jul/2026:13:18:00.575957;23/Jul/2026:13:17:55.142998;23/Jul/2026:13:17:52.010849;23/Jul/2026:13:18:03.455740;23/Jul/2026:13:17:55.142745;23/Jul/2026:13:17:54.089461;23/Jul/2026:13:17:54.888619;23/Jul/2026:13:18:02.712149;23/Jul/2026:13:18:02.762409;23/Jul/2026:13:17:54.890086;23/Jul/2026:13:17:57.428918;23/Jul/2026:13:18:00.689107;23/Jul/2026:13:17:55.143298;23/Jul/2026:13:18:02.763703;23/Jul/2026:13:18:05.257491;23/Jul/2026:13:17:52.010658;23/Jul/2026:13:18:05.647712;23/Jul/2026:13:17:57.561361,3.0663;3.3786;3.3843;8.8178;11.9771;0.5887;8.9323;11.2458;10.4468;2.6387;2.5885;10.8111;8.3005;5.0435;10.6194;3.0727;1.1473;14.3942;0.8436;8.9300,bytes=1432488050-1432607175;bytes=1423243901-1424147923;bytes=1422337869-1423243900;bytes=1231545751-1232433619;bytes=999237455-999333796;bytes=1619168689-1619285810;bytes=1230454212-1230555523;bytes=1149008868-1149907224;bytes=1193391478-1194292559;bytes=1544301780-1544504953;bytes=1577820332-1578714513;bytes=1209765458-1209877652;bytes=1275821518-1275921607;bytes=1523393465-1523499285;bytes=1238592090-1238766274;bytes=1588856248-1589749044;bytes=1681077120-1681187507;bytes=994315722-995202076;bytes=1697811411-1698048503;bytes=1392289528-1393191098,bde20410;09fbc687;ab114fb8;4a37215d;1af23e91;e042528a;9eb75c16;2de6f328;95ea26b8;121de405;8fa172e9;ed4e2d79;95a45b08;ad230f18;f3ab29cc;1e285b4a;4bc750e9;43dca5d7;6f297802;dbffb8b4
4,4,407,success,None,23/Jul/2026:13:18:05.255823,23/Jul/2026:13:18:07.656906,2.4011,21,23/Jul/2026:13:17:54.089461;23/Jul/2026:13:17:54.888619;23/Jul/2026:13:18:02.712149;23/Jul/2026:13:18:02.762409;23/Jul/2026:13:17:54.890086;23/Jul/2026:13:17:57.428918;23/Jul/2026:13:18:00.689107;23/Jul/2026:13:17:55.143298;23/Jul/2026:13:18:02.763703;23/Jul/2026:13:18:05.257491;23/Jul/2026:13:17:52.010658;23/Jul/2026:13:18:05.647712;23/Jul/2026:13:17:57.561361;23/Jul/2026:13:18:02.763388;23/Jul/2026:13:18:05.257677;23/Jul/2026:13:17:57.527297;23/Jul/2026:13:18:00.689222;23/Jul/2026:13:18:05.646963;23/Jul/2026:13:18:05.256330;23/Jul/2026:13:18:02.762674;23/Jul/2026:13:18:03.820428,11.2458;10.4468;2.6387;2.5885;10.8111;8.3005;5.0435;10.6194;3.0727;1.1473;14.3942;0.8436;8.9300;4.4751;1.9991;9.7309;6.6080;1.6503;2.0507;4.5478;3.5014,bytes=1149008868-1149907224;bytes=1193391478-1194292559;bytes=1544301780-1544504953;bytes=1577820332-1578714513;bytes=1209765458-1209877652;bytes=1275821518-1275921607;bytes=1523393465-1523499285;bytes=1238592090-1238766274;bytes=1588856248-1589749044;bytes=1681077120-1681187507;bytes=994315722-995202076;bytes=1697811411-1698048503;bytes=1392289528-1393191098;bytes=1586030134-1586138810;bytes=1678390034-1679271343;bytes=1304747441-1304851647;bytes=1519785434-1520693883;bytes=1691312948-1692232697;bytes=1669327602-1670237709;bytes=1578714514-1579605577;bytes=1656381142-1656502450,2de6f328;95ea26b8;121de405;8fa172e9;ed4e2d79;95a45b08;ad230f18;f3ab29cc;1e285b4a;4bc750e9;43dca5d7;6f297802;dbffb8b4;d8ec4dbc;103002e9;e5e1f40c;bce72a48;9ad9b840;4177b8dc;e0cb7891;6623a776
4,4,412,success,None,23/Jul/2026:13:18:05.646365,23/Jul/2026:13:18:08.507652,2.8613,23,23/Jul/2026:13:17:54.890086;23/Jul/2026:13:17:57.428918;23/Jul/2026:13:18:00.689107;23/Jul/2026:13:17:55.143298;23/Jul/2026:13:18:02.763703;23/Jul/2026:13:18:05.257491;23/Jul/2026:13:17:52.010658;23/Jul/2026:13:18:05.647712;23/Jul/2026:13:17:57.561361;23/Jul/2026:13:18:02.763388;23/Jul/2026:13:18:05.257677;23/Jul/2026:13:17:57.527297;23/Jul/2026:13:18:00.689222;23/Jul/2026:13:18:05.646963;23/Jul/2026:13:18:05.256330;23/Jul/2026:13:18:02.762674;23/Jul/2026:13:18:03.820428;23/Jul/2026:13:17:48.848223;23/Jul/2026:13:18:07.190198;23/Jul/2026:13:18:05.647529;23/Jul/2026:13:17:57.530453;23/Jul/2026:13:18:05.647028;23/Jul/2026:13:17:50.814582,10.8111;8.3005;5.0435;10.6194;3.0727;1.1473;14.3942;0.8436;8.9300;4.4751;1.9991;9.7309;6.6080;1.6503;2.0507;4.5478;3.5014;18.9091;0.5714;2.1156;10.2945;2.2066;17.0390,bytes=1209765458-1209877652;bytes=1275821518-1275921607;bytes=1523393465-1523499285;bytes=1238592090-1238766274;bytes=1588856248-1589749044;bytes=1681077120-1681187507;bytes=994315722-995202076;bytes=1697811411-1698048503;bytes=1392289528-1393191098;bytes=1586030134-1586138810;bytes=1678390034-1679271343;bytes=1304747441-1304851647;bytes=1519785434-1520693883;bytes=1691312948-1692232697;bytes=1669327602-1670237709;bytes=1578714514-1579605577;bytes=1656381142-1656502450;bytes=757490362-757708076;bytes=1755744286-1755946976;bytes=1695536969-1696473784;bytes=1341704467-1341778418;bytes=1692232698-1693139226;bytes=971334665-972245078,ed4e2d79;95a45b08;ad230f18;f3ab29cc;1e285b4a;4bc750e9;43dca5d7;6f297802;dbffb8b4;d8ec4dbc;103002e9;e5e1f40c;bce72a48;9ad9b840;4177b8dc;e0cb7891;6623a776;f0de9076;482329d5;2f191efe;026343d0;f916b56a;694339d9
4,4,426,success,None,23/Jul/2026:13:18:07.188906,23/Jul/2026:13:18:09.369383,2.1805,17,23/Jul/2026:13:18:02.763388;23/Jul/2026:13:18:05.257677;23/Jul/2026:13:17:57.527297;23/Jul/2026:13:18:00.689222;23/Jul/2026:13:18:05.646963;23/Jul/2026:13:18:05.256330;23/Jul/2026:13:18:02.762674;23/Jul/2026:13:18:03.820428;23/Jul/2026:13:17:48.848223;23/Jul/2026:13:18:07.190198;23/Jul/2026:13:18:05.647529;23/Jul/2026:13:17:57.530453;23/Jul/2026:13:18:05.647028;23/Jul/2026:13:17:50.814582;23/Jul/2026:13:18:07.189263;23/Jul/2026:13:18:03.456627;23/Jul/2026:13:18:06.289529,4.4751;1.9991;9.7309;6.6080;1.6503;2.0507;4.5478;3.5014;18.9091;0.5714;2.1156;10.2945;2.2066;17.0390;1.3610;5.1267;2.4825,bytes=1586030134-1586138810;bytes=1678390034-1679271343;bytes=1304747441-1304851647;bytes=1519785434-1520693883;bytes=1691312948-1692232697;bytes=1669327602-1670237709;bytes=1578714514-1579605577;bytes=1656381142-1656502450;bytes=757490362-757708076;bytes=1755744286-1755946976;bytes=1695536969-1696473784;bytes=1341704467-1341778418;bytes=1692232698-1693139226;bytes=971334665-972245078;bytes=1747685626-1748566001;bytes=1627088920-1627291683;bytes=1724725623-1725621468,d8ec4dbc;103002e9;e5e1f40c;bce72a48;9ad9b840;4177b8dc;e0cb7891;6623a776;f0de9076;482329d5;2f191efe;026343d0;f916b56a;694339d9;00af55d4;72ad494a;bb221d7d
4,4,419,success,None,23/Jul/2026:13:18:06.288271,23/Jul/2026:13:18:09.498743,3.2105,28,23/Jul/2026:13:18:05.257491;23/Jul/2026:13:17:52.010658;23/Jul/2026:13:18:05.647712;23/Jul/2026:13:17:57.561361;23/Jul/2026:13:18:02.763388;23/Jul/2026:13:18:05.257677;23/Jul/2026:13:17:57.527297;23/Jul/2026:13:18:00.689222;23/Jul/2026:13:18:05.646963;23/Jul/2026:13:18:05.256330;23/Jul/2026:13:18:02.762674;23/Jul/2026:13:18:03.820428;23/Jul/2026:13:17:48.848223;23/Jul/2026:13:18:07.190198;23/Jul/2026:13:18:05.647529;23/Jul/2026:13:17:57.530453;23/Jul/2026:13:18:05.647028;23/Jul/2026:13:17:50.814582;23/Jul/2026:13:18:07.189263;23/Jul/2026:13:18:03.456627;23/Jul/2026:13:18:06.289529;23/Jul/2026:13:18:05.647887;23/Jul/2026:13:18:00.689367;23/Jul/2026:13:17:55.142848;23/Jul/2026:13:18:07.659335;23/Jul/2026:13:17:55.143197;23/Jul/2026:13:17:49.658901;23/Jul/2026:13:17:57.427844,1.1473;14.3942;0.8436;8.9300;4.4751;1.9991;9.7309;6.6080;1.6503;2.0507;4.5478;3.5014;18.9091;0.5714;2.1156;10.2945;2.2066;17.0390;1.3610;5.1267;2.4825;3.7561;8.7268;14.2786;1.7661;14.3009;19.8110;12.0452,bytes=1681077120-1681187507;bytes=994315722-995202076;bytes=1697811411-1698048503;bytes=1392289528-1393191098;bytes=1586030134-1586138810;bytes=1678390034-1679271343;bytes=1304747441-1304851647;bytes=1519785434-1520693883;bytes=1691312948-1692232697;bytes=1669327602-1670237709;bytes=1578714514-1579605577;bytes=1656381142-1656502450;bytes=757490362-757708076;bytes=1755744286-1755946976;bytes=1695536969-1696473784;bytes=1341704467-1341778418;bytes=1692232698-1693139226;bytes=971334665-972245078;bytes=1747685626-1748566001;bytes=1627088920-1627291683;bytes=1724725623-1725621468;bytes=1698048504-1698928214;bytes=1521578323-1522486100;bytes=1234248263-1234447121;bytes=1813426252-1813548859;bytes=1234726708-1234834076;bytes=833099402-834004340;bytes=1263864705-1264059242,4bc750e9;43dca5d7;6f297802;dbffb8b4;d8ec4dbc;103002e9;e5e1f40c;bce72a48;9ad9b840;4177b8dc;e0cb7891;6623a776;f0de9076;482329d5;2f191efe;026343d0;f916b56a;694339d9;00af55d4;72ad494a;bb221d7d;93bb289e;4962f576;2f5e7264;af700203;7827db42;51b0ef18;837c6007
4,4,438,success,None,23/Jul/2026:13:18:07.657138,23/Jul/2026:13:18:09.784393,2.1273,16,23/Jul/2026:13:17:48.848223;23/Jul/2026:13:18:07.190198;23/Jul/2026:13:18:05.647529;23/Jul/2026:13:17:57.530453;23/Jul/2026:13:18:05.647028;23/Jul/2026:13:17:50.814582;23/Jul/2026:13:18:07.189263;23/Jul/2026:13:18:03.456627;23/Jul/2026:13:18:06.289529;23/Jul/2026:13:18:05.647887;23/Jul/2026:13:18:00.689367;23/Jul/2026:13:17:55.142848;23/Jul/2026:13:18:07.659335;23/Jul/2026:13:17:55.143197;23/Jul/2026:13:17:49.658901;23/Jul/2026:13:17:57.427844,18.9091;0.5714;2.1156;10.2945;2.2066;17.0390;1.3610;5.1267;2.4825;3.7561;8.7268;14.2786;1.7661;14.3009;19.8110;12.0452,bytes=757490362-757708076;bytes=1755744286-1755946976;bytes=1695536969-1696473784;bytes=1341704467-1341778418;bytes=1692232698-1693139226;bytes=971334665-972245078;bytes=1747685626-1748566001;bytes=1627088920-1627291683;bytes=1724725623-1725621468;bytes=1698048504-1698928214;bytes=1521578323-1522486100;bytes=1234248263-1234447121;bytes=1813426252-1813548859;bytes=1234726708-1234834076;bytes=833099402-834004340;bytes=1263864705-1264059242,f0de9076;482329d5;2f191efe;026343d0;f916b56a;694339d9;00af55d4;72ad494a;bb221d7d;93bb289e;4962f576;2f5e7264;af700203;7827db42;51b0ef18;837c6007
4,4,448,success,None,23/Jul/2026:13:18:08.507884,23/Jul/2026:13:18:10.362908,1.8550,10,23/Jul/2026:13:18:07.189263;23/Jul/2026:13:18:03.456627;23/Jul/2026:13:18:06.289529;23/Jul/2026:13:18:05.647887;23/Jul/2026:13:18:00.689367;23/Jul/2026:13:17:55.142848;23/Jul/2026:13:18:07.659335;23/Jul/2026:13:17:55.143197;23/Jul/2026:13:17:49.658901;23/Jul/2026:13:17:57.427844,1.3610;5.1267;2.4825;3.7561;8.7268;14.2786;1.7661;14.3009;19.8110;12.0452,bytes=1747685626-1748566001;bytes=1627088920-1627291683;bytes=1724725623-1725621468;bytes=1698048504-1698928214;bytes=1521578323-1522486100;bytes=1234248263-1234447121;bytes=1813426252-1813548859;bytes=1234726708-1234834076;bytes=833099402-834004340;bytes=1263864705-1264059242,00af55d4;72ad494a;bb221d7d;93bb289e;4962f576;2f5e7264;af700203;7827db42;51b0ef18;837c6007
4,4,464,success,None,23/Jul/2026:13:18:09.369613,23/Jul/2026:13:18:10.899497,1.5299,7,23/Jul/2026:13:18:05.647887;23/Jul/2026:13:18:00.689367;23/Jul/2026:13:17:55.142848;23/Jul/2026:13:18:07.659335;23/Jul/2026:13:17:55.143197;23/Jul/2026:13:17:49.658901;23/Jul/2026:13:17:57.427844,3.7561;8.7268;14.2786;1.7661;14.3009;19.8110;12.0452,bytes=1698048504-1698928214;bytes=1521578323-1522486100;bytes=1234248263-1234447121;bytes=1813426252-1813548859;bytes=1234726708-1234834076;bytes=833099402-834004340;bytes=1263864705-1264059242,93bb289e;4962f576;2f5e7264;af700203;7827db42;51b0ef18;837c6007
5,4,12,success,None,23/Jul/2026:13:18:10.900951,23/Jul/2026:13:18:14.070736,3.1698,21,23/Jul/2026:13:16:37.119700;23/Jul/2026:13:18:10.907287;23/Jul/2026:13:17:25.138496;23/Jul/2026:13:17:54.089542;23/Jul/2026:13:17:23.569407;23/Jul/2026:13:17:33.860347;23/Jul/2026:13:17:28.750200;23/Jul/2026:13:17:32.026123;23/Jul/2026:13:17:30.270971;23/Jul/2026:13:18:10.907184;23/Jul/2026:13:17:44.811405;23/Jul/2026:13:17:32.557290;23/Jul/2026:13:17:32.557212;23/Jul/2026:13:18:10.904819;23/Jul/2026:13:18:10.906466;23/Jul/2026:13:18:10.902427;23/Jul/2026:13:17:32.557066;23/Jul/2026:13:18:10.905656;23/Jul/2026:13:18:10.907135;23/Jul/2026:13:18:10.906106;23/Jul/2026:13:18:10.902880,93.8209;0.0394;45.8155;16.8923;47.4127;37.1218;42.3026;39.0669;40.8364;0.2270;26.3229;38.5798;38.7617;0.4142;0.4370;0.5186;38.8678;0.5198;0.5269;0.6677;1.4403,bytes=765684331-765794576;bytes=121412194-122309905;bytes=1426330956-1427232674;bytes=1149907225-1150840459;bytes=1402561942-1403479281;bytes=1913390266-1913536500;bytes=1652269897-1652378505;bytes=1752823676-1753687954;bytes=1726525914-1726699647;bytes=96873784-96964377;bytes=561433959-562307026;bytes=1798949237-1799872911;bytes=1798075691-1798949236;bytes=52496407-52595389;bytes=89074013-89192873;bytes=15733140-15826720;bytes=1797189219-1798075690;bytes=60347629-60436223;bytes=96791068-96873783;bytes=88745993-88844907;bytes=19848011-20032816,d7fd15d2;4e64e34c;7ff6ff12;9c9741e7;2522aad4;069b02e5;d44e708e;a55ee4f1;59389fd3;ef5d4689;5a4ebbf9;166c92fb;063f917f;f9403cb7;0ee72d70;a7d4f434;4bb09a68;2c0a499e;69d60448;6d55a809;d3e0a911
5,4,20,success,None,23/Jul/2026:13:18:10.901099,23/Jul/2026:13:18:14.138529,3.2374,23,23/Jul/2026:13:16:37.119700;23/Jul/2026:13:18:10.907287;23/Jul/2026:13:17:25.138496;23/Jul/2026:13:17:54.089542;23/Jul/2026:13:17:23.569407;23/Jul/2026:13:17:33.860347;23/Jul/2026:13:17:28.750200;23/Jul/2026:13:17:32.026123;23/Jul/2026:13:17:30.270971;23/Jul/2026:13:18:10.907184;23/Jul/2026:13:17:44.811405;23/Jul/2026:13:17:32.557290;23/Jul/2026:13:17:32.557212;23/Jul/2026:13:18:10.904819;23/Jul/2026:13:18:10.906466;23/Jul/2026:13:18:10.902427;23/Jul/2026:13:17:32.557066;23/Jul/2026:13:18:10.905656;23/Jul/2026:13:18:10.907135;23/Jul/2026:13:18:10.906106;23/Jul/2026:13:18:10.902880;23/Jul/2026:13:18:10.904100;23/Jul/2026:13:17:21.200779,93.8209;0.0394;45.8155;16.8923;47.4127;37.1218;42.3026;39.0669;40.8364;0.2270;26.3229;38.5798;38.7617;0.4142;0.4370;0.5186;38.8678;0.5198;0.5269;0.6677;1.4403;3.2103;52.9309,bytes=765684331-765794576;bytes=121412194-122309905;bytes=1426330956-1427232674;bytes=1149907225-1150840459;bytes=1402561942-1403479281;bytes=1913390266-1913536500;bytes=1652269897-1652378505;bytes=1752823676-1753687954;bytes=1726525914-1726699647;bytes=96873784-96964377;bytes=561433959-562307026;bytes=1798949237-1799872911;bytes=1798075691-1798949236;bytes=52496407-52595389;bytes=89074013-89192873;bytes=15733140-15826720;bytes=1797189219-1798075690;bytes=60347629-60436223;bytes=96791068-96873783;bytes=88745993-88844907;bytes=19848011-20032816;bytes=37630194-38517959;bytes=1272114331-1272219782,d7fd15d2;4e64e34c;7ff6ff12;9c9741e7;2522aad4;069b02e5;d44e708e;a55ee4f1;59389fd3;ef5d4689;5a4ebbf9;166c92fb;063f917f;f9403cb7;0ee72d70;a7d4f434;4bb09a68;2c0a499e;69d60448;6d55a809;d3e0a911;fe705da9;d806151a
5,4,7,success,None,23/Jul/2026:13:18:10.900761,23/Jul/2026:13:18:15.582576,4.6818,31,23/Jul/2026:13:16:37.119700;23/Jul/2026:13:18:10.907287;23/Jul/2026:13:17:25.138496;23/Jul/2026:13:17:54.089542;23/Jul/2026:13:17:23.569407;23/Jul/2026:13:17:33.860347;23/Jul/2026:13:17:28.750200;23/Jul/2026:13:17:32.026123;23/Jul/2026:13:17:30.270971;23/Jul/2026:13:18:10.907184;23/Jul/2026:13:17:44.811405;23/Jul/2026:13:17:32.557290;23/Jul/2026:13:17:32.557212;23/Jul/2026:13:18:10.904819;23/Jul/2026:13:18:10.906466;23/Jul/2026:13:18:10.902427;23/Jul/2026:13:17:32.557066;23/Jul/2026:13:18:10.905656;23/Jul/2026:13:18:10.907135;23/Jul/2026:13:18:10.906106;23/Jul/2026:13:18:10.902880;23/Jul/2026:13:18:10.904100;23/Jul/2026:13:17:21.200779;23/Jul/2026:13:16:56.722921;23/Jul/2026:13:18:10.903338;23/Jul/2026:13:18:10.905346;23/Jul/2026:13:17:33.859724;23/Jul/2026:13:18:10.903179;23/Jul/2026:13:17:21.523123;23/Jul/2026:13:18:10.902981;23/Jul/2026:13:18:10.902781,93.8209;0.0394;45.8155;16.8923;47.4127;37.1218;42.3026;39.0669;40.8364;0.2270;26.3229;38.5798;38.7617;0.4142;0.4370;0.5186;38.8678;0.5198;0.5269;0.6677;1.4403;3.2103;52.9309;77.4259;3.2916;3.3118;40.3579;3.3150;52.7055;3.4588;3.4616,bytes=765684331-765794576;bytes=121412194-122309905;bytes=1426330956-1427232674;bytes=1149907225-1150840459;bytes=1402561942-1403479281;bytes=1913390266-1913536500;bytes=1652269897-1652378505;bytes=1752823676-1753687954;bytes=1726525914-1726699647;bytes=96873784-96964377;bytes=561433959-562307026;bytes=1798949237-1799872911;bytes=1798075691-1798949236;bytes=52496407-52595389;bytes=89074013-89192873;bytes=15733140-15826720;bytes=1797189219-1798075690;bytes=60347629-60436223;bytes=96791068-96873783;bytes=88745993-88844907;bytes=19848011-20032816;bytes=37630194-38517959;bytes=1272114331-1272219782;bytes=1906065186-1906942764;bytes=36212070-36319657;bytes=60193158-60249182;bytes=1909010456-1909191568;bytes=31127959-32038767;bytes=1304747441-1304851647;bytes=23748272-23833272;bytes=18648160-19546917,d7fd15d2;4e64e34c;7ff6ff12;9c9741e7;2522aad4;069b02e5;d44e708e;a55ee4f1;59389fd3;ef5d4689;5a4ebbf9;166c92fb;063f917f;f9403cb7;0ee72d70;a7d4f434;4bb09a68;2c0a499e;69d60448;6d55a809;d3e0a911;fe705da9;d806151a;986d7dba;181c53e3;5fd3759d;4e92c4ab;1b22f9d5;90709f6d;c590e637;f601840e
5,4,30,success,None,23/Jul/2026:13:18:10.901295,23/Jul/2026:13:18:15.583063,4.6818,31,23/Jul/2026:13:16:37.119700;23/Jul/2026:13:18:10.907287;23/Jul/2026:13:17:25.138496;23/Jul/2026:13:17:54.089542;23/Jul/2026:13:17:23.569407;23/Jul/2026:13:17:33.860347;23/Jul/2026:13:17:28.750200;23/Jul/2026:13:17:32.026123;23/Jul/2026:13:17:30.270971;23/Jul/2026:13:18:10.907184;23/Jul/2026:13:17:44.811405;23/Jul/2026:13:17:32.557290;23/Jul/2026:13:17:32.557212;23/Jul/2026:13:18:10.904819;23/Jul/2026:13:18:10.906466;23/Jul/2026:13:18:10.902427;23/Jul/2026:13:17:32.557066;23/Jul/2026:13:18:10.905656;23/Jul/2026:13:18:10.907135;23/Jul/2026:13:18:10.906106;23/Jul/2026:13:18:10.902880;23/Jul/2026:13:18:10.904100;23/Jul/2026:13:17:21.200779;23/Jul/2026:13:16:56.722921;23/Jul/2026:13:18:10.903338;23/Jul/2026:13:18:10.905346;23/Jul/2026:13:17:33.859724;23/Jul/2026:13:18:10.903179;23/Jul/2026:13:17:21.523123;23/Jul/2026:13:18:10.902981;23/Jul/2026:13:18:10.902781,93.8209;0.0394;45.8155;16.8923;47.4127;37.1218;42.3026;39.0669;40.8364;0.2270;26.3229;38.5798;38.7617;0.4142;0.4370;0.5186;38.8678;0.5198;0.5269;0.6677;1.4403;3.2103;52.9309;77.4259;3.2916;3.3118;40.3579;3.3150;52.7055;3.4588;3.4616,bytes=765684331-765794576;bytes=121412194-122309905;bytes=1426330956-1427232674;bytes=1149907225-1150840459;bytes=1402561942-1403479281;bytes=1913390266-1913536500;bytes=1652269897-1652378505;bytes=1752823676-1753687954;bytes=1726525914-1726699647;bytes=96873784-96964377;bytes=561433959-562307026;bytes=1798949237-1799872911;bytes=1798075691-1798949236;bytes=52496407-52595389;bytes=89074013-89192873;bytes=15733140-15826720;bytes=1797189219-1798075690;bytes=60347629-60436223;bytes=96791068-96873783;bytes=88745993-88844907;bytes=19848011-20032816;bytes=37630194-38517959;bytes=1272114331-1272219782;bytes=1906065186-1906942764;bytes=36212070-36319657;bytes=60193158-60249182;bytes=1909010456-1909191568;bytes=31127959-32038767;bytes=1304747441-1304851647;bytes=23748272-23833272;bytes=18648160-19546917,d7fd15d2;4e64e34c;7ff6ff12;9c9741e7;2522aad4;069b02e5;d44e708e;a55ee4f1;59389fd3;ef5d4689;5a4ebbf9;166c92fb;063f917f;f9403cb7;0ee72d70;a7d4f434;4bb09a68;2c0a499e;69d60448;6d55a809;d3e0a911;fe705da9;d806151a;986d7dba;181c53e3;5fd3759d;4e92c4ab;1b22f9d5;90709f6d;c590e637;f601840e
5,4,52,success,None,23/Jul/2026:13:18:14.138776,23/Jul/2026:13:18:16.520950,2.3822,16,23/Jul/2026:13:16:56.722921;23/Jul/2026:13:18:10.903338;23/Jul/2026:13:18:10.905346;23/Jul/2026:13:17:33.859724;23/Jul/2026:13:18:10.903179;23/Jul/2026:13:17:21.523123;23/Jul/2026:13:18:10.902981;23/Jul/2026:13:18:10.902781;23/Jul/2026:13:16:41.621568;23/Jul/2026:13:17:57.530999;23/Jul/2026:13:18:10.906410;23/Jul/2026:13:18:10.904870;23/Jul/2026:13:17:32.557358;23/Jul/2026:13:18:10.904548;23/Jul/2026:13:17:39.628532;23/Jul/2026:13:18:14.072241,77.4259;3.2916;3.3118;40.3579;3.3150;52.7055;3.4588;3.4616;94.0216;18.1422;4.8160;4.8180;43.1698;4.8243;36.1642;1.7205,bytes=1906065186-1906942764;bytes=36212070-36319657;bytes=60193158-60249182;bytes=1909010456-1909191568;bytes=31127959-32038767;bytes=1304747441-1304851647;bytes=23748272-23833272;bytes=18648160-19546917;bytes=1048931149-1049125980;bytes=1345598587-1345685150;bytes=88943721-89074012;bytes=56155737-56304528;bytes=1799872912-1800791116;bytes=48584354-49489417;bytes=301913548-302822230;bytes=171966297-172888000,986d7dba;181c53e3;5fd3759d;4e92c4ab;1b22f9d5;90709f6d;c590e637;f601840e;250c871a;a7cd7bf6;90404855;a3112479;2d59f460;3118ba61;b77d24fb;364f40dd
5,4,41,success,None,23/Jul/2026:13:18:14.070993,23/Jul/2026:13:18:17.024307,2.9533,18,23/Jul/2026:13:18:10.904100;23/Jul/2026:13:17:21.200779;23/Jul/2026:13:16:56.722921;23/Jul/2026:13:18:10.903338;23/Jul/2026:13:18:10.905346;23/Jul/2026:13:17:33.859724;23/Jul/2026:13:18:10.903179;23/Jul/2026:13:17:21.523123;23/Jul/2026:13:18:10.902981;23/Jul/2026:13:18:10.902781;23/Jul/2026:13:16:41.621568;23/Jul/2026:13:17:57.530999;23/Jul/2026:13:18:10.906410;23/Jul/2026:13:18:10.904870;23/Jul/2026:13:17:32.557358;23/Jul/2026:13:18:10.904548;23/Jul/2026:13:17:39.628532;23/Jul/2026:13:18:14.072241,3.2103;52.9309;77.4259;3.2916;3.3118;40.3579;3.3150;52.7055;3.4588;3.4616;94.0216;18.1422;4.8160;4.8180;43.1698;4.8243;36.1642;1.7205,bytes=37630194-38517959;bytes=1272114331-1272219782;bytes=1906065186-1906942764;bytes=36212070-36319657;bytes=60193158-60249182;bytes=1909010456-1909191568;bytes=31127959-32038767;bytes=1304747441-1304851647;bytes=23748272-23833272;bytes=18648160-19546917;bytes=1048931149-1049125980;bytes=1345598587-1345685150;bytes=88943721-89074012;bytes=56155737-56304528;bytes=1799872912-1800791116;bytes=48584354-49489417;bytes=301913548-302822230;bytes=171966297-172888000,fe705da9;d806151a;986d7dba;181c53e3;5fd3759d;4e92c4ab;1b22f9d5;90709f6d;c590e637;f601840e;250c871a;a7cd7bf6;90404855;a3112479;2d59f460;3118ba61;b77d24fb;364f40dd
5,4,2,success,None,23/Jul/2026:13:18:10.900585,23/Jul/2026:13:18:17.931051,7.0305,43,23/Jul/2026:13:16:37.119700;23/Jul/2026:13:18:10.907287;23/Jul/2026:13:17:25.138496;23/Jul/2026:13:17:54.089542;23/Jul/2026:13:17:23.569407;23/Jul/2026:13:17:33.860347;23/Jul/2026:13:17:28.750200;23/Jul/2026:13:17:32.026123;23/Jul/2026:13:17:30.270971;23/Jul/2026:13:18:10.907184;23/Jul/2026:13:17:44.811405;23/Jul/2026:13:17:32.557290;23/Jul/2026:13:17:32.557212;23/Jul/2026:13:18:10.904819;23/Jul/2026:13:18:10.906466;23/Jul/2026:13:18:10.902427;23/Jul/2026:13:17:32.557066;23/Jul/2026:13:18:10.905656;23/Jul/2026:13:18:10.907135;23/Jul/2026:13:18:10.906106;23/Jul/2026:13:18:10.902880;23/Jul/2026:13:18:10.904100;23/Jul/2026:13:17:21.200779;23/Jul/2026:13:16:56.722921;23/Jul/2026:13:18:10.903338;23/Jul/2026:13:18:10.905346;23/Jul/2026:13:17:33.859724;23/Jul/2026:13:18:10.903179;23/Jul/2026:13:17:21.523123;23/Jul/2026:13:18:10.902981;23/Jul/2026:13:18:10.902781;23/Jul/2026:13:16:41.621568;23/Jul/2026:13:17:57.530999;23/Jul/2026:13:18:10.906410;23/Jul/2026:13:18:10.904870;23/Jul/2026:13:17:32.557358;23/Jul/2026:13:18:10.904548;23/Jul/2026:13:17:39.628532;23/Jul/2026:13:18:14.072241;23/Jul/2026:13:17:30.271177;23/Jul/2026:13:18:15.584967;23/Jul/2026:13:18:16.522761;23/Jul/2026:13:18:15.584360,93.8209;0.0394;45.8155;16.8923;47.4127;37.1218;42.3026;39.0669;40.8364;0.2270;26.3229;38.5798;38.7617;0.4142;0.4370;0.5186;38.8678;0.5198;0.5269;0.6677;1.4403;3.2103;52.9309;77.4259;3.2916;3.3118;40.3579;3.3150;52.7055;3.4588;3.4616;94.0216;18.1422;4.8160;4.8180;43.1698;4.8243;36.1642;1.7205;46.8822;1.5895;0.7803;1.7346,bytes=765684331-765794576;bytes=121412194-122309905;bytes=1426330956-1427232674;bytes=1149907225-1150840459;bytes=1402561942-1403479281;bytes=1913390266-1913536500;bytes=1652269897-1652378505;bytes=1752823676-1753687954;bytes=1726525914-1726699647;bytes=96873784-96964377;bytes=561433959-562307026;bytes=1798949237-1799872911;bytes=1798075691-1798949236;bytes=52496407-52595389;bytes=89074013-89192873;bytes=15733140-15826720;bytes=1797189219-1798075690;bytes=60347629-60436223;bytes=96791068-96873783;bytes=88745993-88844907;bytes=19848011-20032816;bytes=37630194-38517959;bytes=1272114331-1272219782;bytes=1906065186-1906942764;bytes=36212070-36319657;bytes=60193158-60249182;bytes=1909010456-1909191568;bytes=31127959-32038767;bytes=1304747441-1304851647;bytes=23748272-23833272;bytes=18648160-19546917;bytes=1048931149-1049125980;bytes=1345598587-1345685150;bytes=88943721-89074012;bytes=56155737-56304528;bytes=1799872912-1800791116;bytes=48584354-49489417;bytes=301913548-302822230;bytes=171966297-172888000;bytes=1724725623-1725621468;bytes=251149836-252035494;bytes=356699355-356813978;bytes=246978779-247076166,d7fd15d2;4e64e34c;7ff6ff12;9c9741e7;2522aad4;069b02e5;d44e708e;a55ee4f1;59389fd3;ef5d4689;5a4ebbf9;166c92fb;063f917f;f9403cb7;0ee72d70;a7d4f434;4bb09a68;2c0a499e;69d60448;6d55a809;d3e0a911;fe705da9;d806151a;986d7dba;181c53e3;5fd3759d;4e92c4ab;1b22f9d5;90709f6d;c590e637;f601840e;250c871a;a7cd7bf6;90404855;a3112479;2d59f460;3118ba61;b77d24fb;364f40dd;6be44e83;ff6d2aef;6fe38b16;576a4340
5,4,73,success,None,23/Jul/2026:13:18:15.583321,23/Jul/2026:13:18:18.736141,3.1528,15,23/Jul/2026:13:16:41.621568;23/Jul/2026:13:17:57.530999;23/Jul/2026:13:18:10.906410;23/Jul/2026:13:18:10.904870;23/Jul/2026:13:17:32.557358;23/Jul/2026:13:18:10.904548;23/Jul/2026:13:17:39.628532;23/Jul/2026:13:18:14.072241;23/Jul/2026:13:17:30.271177;23/Jul/2026:13:18:15.584967;23/Jul/2026:13:18:16.522761;23/Jul/2026:13:18:15.584360;23/Jul/2026:13:18:03.455614;23/Jul/2026:13:18:14.072621;23/Jul/2026:13:17:33.860169,94.0216;18.1422;4.8160;4.8180;43.1698;4.8243;36.1642;1.7205;46.8822;1.5895;0.7803;1.7346;14.6098;4.0848;44.3248,bytes=1048931149-1049125980;bytes=1345598587-1345685150;bytes=88943721-89074012;bytes=56155737-56304528;bytes=1799872912-1800791116;bytes=48584354-49489417;bytes=301913548-302822230;bytes=171966297-172888000;bytes=1724725623-1725621468;bytes=251149836-252035494;bytes=356699355-356813978;bytes=246978779-247076166;bytes=1615315641-1615455772;bytes=175258549-176137583;bytes=1911175640-1912085168,250c871a;a7cd7bf6;90404855;a3112479;2d59f460;3118ba61;b77d24fb;364f40dd;6be44e83;ff6d2aef;6fe38b16;576a4340;c313196d;7e6a7a74;e1e481b9
5,4,60,success,None,23/Jul/2026:13:18:15.582828,23/Jul/2026:13:18:18.982026,3.3992,19,23/Jul/2026:13:16:41.621568;23/Jul/2026:13:17:57.530999;23/Jul/2026:13:18:10.906410;23/Jul/2026:13:18:10.904870;23/Jul/2026:13:17:32.557358;23/Jul/2026:13:18:10.904548;23/Jul/2026:13:17:39.628532;23/Jul/2026:13:18:14.072241;23/Jul/2026:13:17:30.271177;23/Jul/2026:13:18:15.584967;23/Jul/2026:13:18:16.522761;23/Jul/2026:13:18:15.584360;23/Jul/2026:13:18:03.455614;23/Jul/2026:13:18:14.072621;23/Jul/2026:13:17:33.860169;23/Jul/2026:13:18:10.903770;23/Jul/2026:13:17:30.271833;23/Jul/2026:13:18:14.140378;23/Jul/2026:13:17:30.271576,94.0216;18.1422;4.8160;4.8180;43.1698;4.8243;36.1642;1.7205;46.8822;1.5895;0.7803;1.7346;14.6098;4.0848;44.3248;7.9439;48.6521;4.7843;48.6624,bytes=1048931149-1049125980;bytes=1345598587-1345685150;bytes=88943721-89074012;bytes=56155737-56304528;bytes=1799872912-1800791116;bytes=48584354-49489417;bytes=301913548-302822230;bytes=171966297-172888000;bytes=1724725623-1725621468;bytes=251149836-252035494;bytes=356699355-356813978;bytes=246978779-247076166;bytes=1615315641-1615455772;bytes=175258549-176137583;bytes=1911175640-1912085168;bytes=35304431-36212069;bytes=1734825344-1734910513;bytes=218621077-219512660;bytes=1728806131-1729710489,250c871a;a7cd7bf6;90404855;a3112479;2d59f460;3118ba61;b77d24fb;364f40dd;6be44e83;ff6d2aef;6fe38b16;576a4340;c313196d;7e6a7a74;e1e481b9;1dfdc2c4;c6914638;0f1852d5;aa51acfb
5,4,95,success,None,23/Jul/2026:13:18:17.024604,23/Jul/2026:13:18:20.497676,3.4731,17,23/Jul/2026:13:17:30.271177;23/Jul/2026:13:18:15.584967;23/Jul/2026:13:18:16.522761;23/Jul/2026:13:18:15.584360;23/Jul/2026:13:18:03.455614;23/Jul/2026:13:18:14.072621;23/Jul/2026:13:17:33.860169;23/Jul/2026:13:18:10.903770;23/Jul/2026:13:17:30.271833;23/Jul/2026:13:18:14.140378;23/Jul/2026:13:17:30.271576;23/Jul/2026:13:17:30.271280;23/Jul/2026:13:18:15.586053;23/Jul/2026:13:18:14.072567;23/Jul/2026:13:18:17.025055;23/Jul/2026:13:18:15.585647;23/Jul/2026:13:18:07.190138,46.8822;1.5895;0.7803;1.7346;14.6098;4.0848;44.3248;7.9439;48.6521;4.7843;48.6624;48.7928;3.5681;5.0819;2.1302;3.5707;12.0818,bytes=1724725623-1725621468;bytes=251149836-252035494;bytes=356699355-356813978;bytes=246978779-247076166;bytes=1615315641-1615455772;bytes=175258549-176137583;bytes=1911175640-1912085168;bytes=35304431-36212069;bytes=1734825344-1734910513;bytes=218621077-219512660;bytes=1728806131-1729710489;bytes=1726806623-1726916519;bytes=301031515-301913547;bytes=174363374-175258548;bytes=385865751-386772233;bytes=296927649-297803306;bytes=1754602557-1755511310,6be44e83;ff6d2aef;6fe38b16;576a4340;c313196d;7e6a7a74;e1e481b9;1dfdc2c4;c6914638;0f1852d5;aa51acfb;4b25a895;e525373c;df9b9006;2db08291;679e16eb;4fddae27
5,4,100,success,None,23/Jul/2026:13:18:17.931352,23/Jul/2026:13:18:20.554556,2.6232,15,23/Jul/2026:13:18:03.455614;23/Jul/2026:13:18:14.072621;23/Jul/2026:13:17:33.860169;23/Jul/2026:13:18:10.903770;23/Jul/2026:13:17:30.271833;23/Jul/2026:13:18:14.140378;23/Jul/2026:13:17:30.271576;23/Jul/2026:13:17:30.271280;23/Jul/2026:13:18:15.586053;23/Jul/2026:13:18:14.072567;23/Jul/2026:13:18:17.025055;23/Jul/2026:13:18:15.585647;23/Jul/2026:13:18:07.190138;23/Jul/2026:13:17:44.219861;23/Jul/2026:13:18:17.932705,14.6098;4.0848;44.3248;7.9439;48.6521;4.7843;48.6624;48.7928;3.5681;5.0819;2.1302;3.5707;12.0818;36.3177;2.6155,bytes=1615315641-1615455772;bytes=175258549-176137583;bytes=1911175640-1912085168;bytes=35304431-36212069;bytes=1734825344-1734910513;bytes=218621077-219512660;bytes=1728806131-1729710489;bytes=1726806623-1726916519;bytes=301031515-301913547;bytes=174363374-175258548;bytes=385865751-386772233;bytes=296927649-297803306;bytes=1754602557-1755511310;bytes=536712588-536810983;bytes=411687735-412619640,c313196d;7e6a7a74;e1e481b9;1dfdc2c4;c6914638;0f1852d5;aa51acfb;4b25a895;e525373c;df9b9006;2db08291;679e16eb;4fddae27;ac620c97;3c206b3c
5,4,113,success,None,23/Jul/2026:13:18:18.982278,23/Jul/2026:13:18:21.360283,2.3780,17,23/Jul/2026:13:17:30.271280;23/Jul/2026:13:18:15.586053;23/Jul/2026:13:18:14.072567;23/Jul/2026:13:18:17.025055;23/Jul/2026:13:18:15.585647;23/Jul/2026:13:18:07.190138;23/Jul/2026:13:17:44.219861;23/Jul/2026:13:18:17.932705;23/Jul/2026:13:18:10.906304;23/Jul/2026:13:18:10.906254;23/Jul/2026:13:17:32.558867;23/Jul/2026:13:18:17.025685;23/Jul/2026:13:18:17.025552;23/Jul/2026:13:18:18.982764;23/Jul/2026:13:18:17.932942;23/Jul/2026:13:18:10.905859;23/Jul/2026:13:18:10.906352,48.7928;3.5681;5.0819;2.1302;3.5707;12.0818;36.3177;2.6155;9.6579;9.6580;48.0142;3.7154;3.7300;1.7729;2.8227;9.8498;9.8496,bytes=1726806623-1726916519;bytes=301031515-301913547;bytes=174363374-175258548;bytes=385865751-386772233;bytes=296927649-297803306;bytes=1754602557-1755511310;bytes=536712588-536810983;bytes=411687735-412619640;bytes=86918662-87839550;bytes=86033740-86918661;bytes=1809500664-1809663537;bytes=393478533-393564246;bytes=393391276-393478532;bytes=459986327-460879763;bytes=417722196-417817752;bytes=81885664-82767056;bytes=87839551-88745992,4b25a895;e525373c;df9b9006;2db08291;679e16eb;4fddae27;ac620c97;3c206b3c;0a993146;c71f8085;301682cc;3b548e9b;f27c1e6b;6a972802;34ed2695;51002ca9;d1432bcf
5,4,85,success,None,23/Jul/2026:13:18:16.521206,23/Jul/2026:13:18:21.417154,4.8959,28,23/Jul/2026:13:17:30.271177;23/Jul/2026:13:18:15.584967;23/Jul/2026:13:18:16.522761;23/Jul/2026:13:18:15.584360;23/Jul/2026:13:18:03.455614;23/Jul/2026:13:18:14.072621;23/Jul/2026:13:17:33.860169;23/Jul/2026:13:18:10.903770;23/Jul/2026:13:17:30.271833;23/Jul/2026:13:18:14.140378;23/Jul/2026:13:17:30.271576;23/Jul/2026:13:17:30.271280;23/Jul/2026:13:18:15.586053;23/Jul/2026:13:18:14.072567;23/Jul/2026:13:18:17.025055;23/Jul/2026:13:18:15.585647;23/Jul/2026:13:18:07.190138;23/Jul/2026:13:17:44.219861;23/Jul/2026:13:18:17.932705;23/Jul/2026:13:18:10.906304;23/Jul/2026:13:18:10.906254;23/Jul/2026:13:17:32.558867;23/Jul/2026:13:18:17.025685;23/Jul/2026:13:18:17.025552;23/Jul/2026:13:18:18.982764;23/Jul/2026:13:18:17.932942;23/Jul/2026:13:18:10.905859;23/Jul/2026:13:18:10.906352,46.8822;1.5895;0.7803;1.7346;14.6098;4.0848;44.3248;7.9439;48.6521;4.7843;48.6624;48.7928;3.5681;5.0819;2.1302;3.5707;12.0818;36.3177;2.6155;9.6579;9.6580;48.0142;3.7154;3.7300;1.7729;2.8227;9.8498;9.8496,bytes=1724725623-1725621468;bytes=251149836-252035494;bytes=356699355-356813978;bytes=246978779-247076166;bytes=1615315641-1615455772;bytes=175258549-176137583;bytes=1911175640-1912085168;bytes=35304431-36212069;bytes=1734825344-1734910513;bytes=218621077-219512660;bytes=1728806131-1729710489;bytes=1726806623-1726916519;bytes=301031515-301913547;bytes=174363374-175258548;bytes=385865751-386772233;bytes=296927649-297803306;bytes=1754602557-1755511310;bytes=536712588-536810983;bytes=411687735-412619640;bytes=86918662-87839550;bytes=86033740-86918661;bytes=1809500664-1809663537;bytes=393478533-393564246;bytes=393391276-393478532;bytes=459986327-460879763;bytes=417722196-417817752;bytes=81885664-82767056;bytes=87839551-88745992,6be44e83;ff6d2aef;6fe38b16;576a4340;c313196d;7e6a7a74;e1e481b9;1dfdc2c4;c6914638;0f1852d5;aa51acfb;4b25a895;e525373c;df9b9006;2db08291;679e16eb;4fddae27;ac620c97;3c206b3c;0a993146;c71f8085;301682cc;3b548e9b;f27c1e6b;6a972802;34ed2695;51002ca9;d1432bcf
5,4,105,success,None,23/Jul/2026:13:18:18.736603,23/Jul/2026:13:18:21.495104,2.7585,23,23/Jul/2026:13:18:10.903770;23/Jul/2026:13:17:30.271833;23/Jul/2026:13:18:14.140378;23/Jul/2026:13:17:30.271576;23/Jul/2026:13:17:30.271280;23/Jul/2026:13:18:15.586053;23/Jul/2026:13:18:14.072567;23/Jul/2026:13:18:17.025055;23/Jul/2026:13:18:15.585647;23/Jul/2026:13:18:07.190138;23/Jul/2026:13:17:44.219861;23/Jul/2026:13:18:17.932705;23/Jul/2026:13:18:10.906304;23/Jul/2026:13:18:10.906254;23/Jul/2026:13:17:32.558867;23/Jul/2026:13:18:17.025685;23/Jul/2026:13:18:17.025552;23/Jul/2026:13:18:18.982764;23/Jul/2026:13:18:17.932942;23/Jul/2026:13:18:10.905859;23/Jul/2026:13:18:10.906352;23/Jul/2026:13:18:15.583669;23/Jul/2026:13:18:14.139603,7.9439;48.6521;4.7843;48.6624;48.7928;3.5681;5.0819;2.1302;3.5707;12.0818;36.3177;2.6155;9.6579;9.6580;48.0142;3.7154;3.7300;1.7729;2.8227;9.8498;9.8496;5.8652;7.3425,bytes=35304431-36212069;bytes=1734825344-1734910513;bytes=218621077-219512660;bytes=1728806131-1729710489;bytes=1726806623-1726916519;bytes=301031515-301913547;bytes=174363374-175258548;bytes=385865751-386772233;bytes=296927649-297803306;bytes=1754602557-1755511310;bytes=536712588-536810983;bytes=411687735-412619640;bytes=86918662-87839550;bytes=86033740-86918661;bytes=1809500664-1809663537;bytes=393478533-393564246;bytes=393391276-393478532;bytes=459986327-460879763;bytes=417722196-417817752;bytes=81885664-82767056;bytes=87839551-88745992;bytes=243060073-243950234;bytes=212123543-213038777,1dfdc2c4;c6914638;0f1852d5;aa51acfb;4b25a895;e525373c;df9b9006;2db08291;679e16eb;4fddae27;ac620c97;3c206b3c;0a993146;c71f8085;301682cc;3b548e9b;f27c1e6b;6a972802;34ed2695;51002ca9;d1432bcf;679815e7;14f4610e
5,4,128,success,None,23/Jul/2026:13:18:20.554759,23/Jul/2026:13:18:23.818395,3.2636,21,23/Jul/2026:13:18:10.906304;23/Jul/2026:13:18:10.906254;23/Jul/2026:13:17:32.558867;23/Jul/2026:13:18:17.025685;23/Jul/2026:13:18:17.025552;23/Jul/2026:13:18:18.982764;23/Jul/2026:13:18:17.932942;23/Jul/2026:13:18:10.905859;23/Jul/2026:13:18:10.906352;23/Jul/2026:13:18:15.583669;23/Jul/2026:13:18:14.139603;23/Jul/2026:13:18:20.555780;23/Jul/2026:13:18:18.737340;23/Jul/2026:13:18:18.982902;23/Jul/2026:13:18:20.555830;23/Jul/2026:13:18:20.498569;23/Jul/2026:13:18:10.907908;23/Jul/2026:13:17:27.807171;23/Jul/2026:13:18:17.026559;23/Jul/2026:13:18:20.555626;23/Jul/2026:13:18:20.499529,9.6579;9.6580;48.0142;3.7154;3.7300;1.7729;2.8227;9.8498;9.8496;5.8652;7.3425;0.9558;2.8701;2.7411;1.2626;1.4163;11.0229;54.1248;5.0808;1.5616;1.9132,bytes=86918662-87839550;bytes=86033740-86918661;bytes=1809500664-1809663537;bytes=393478533-393564246;bytes=393391276-393478532;bytes=459986327-460879763;bytes=417722196-417817752;bytes=81885664-82767056;bytes=87839551-88745992;bytes=243060073-243950234;bytes=212123543-213038777;bytes=528844495-528937260;bytes=428420649-429342131;bytes=461811634-462720854;bytes=528937261-529032096;bytes=498716506-499615592;bytes=130690295-131568698;bytes=1593787037-1593887948;bytes=394638068-395517719;bytes=525912396-526795581;bytes=506882624-507783747,0a993146;c71f8085;301682cc;3b548e9b;f27c1e6b;6a972802;34ed2695;51002ca9;d1432bcf;679815e7;14f4610e;66d46016;b6510350;0701ef8a;b3b002d4;44f5bd57;e4fd8230;bacc883d;dfb8a7b2;46693c7e;b08f0974
5,4,122,success,None,23/Jul/2026:13:18:20.497887,23/Jul/2026:13:18:24.430886,3.9330,28,23/Jul/2026:13:17:44.219861;23/Jul/2026:13:18:17.932705;23/Jul/2026:13:18:10.906304;23/Jul/2026:13:18:10.906254;23/Jul/2026:13:17:32.558867;23/Jul/2026:13:18:17.025685;23/Jul/2026:13:18:17.025552;23/Jul/2026:13:18:18.982764;23/Jul/2026:13:18:17.932942;23/Jul/2026:13:18:10.905859;23/Jul/2026:13:18:10.906352;23/Jul/2026:13:18:15.583669;23/Jul/2026:13:18:14.139603;23/Jul/2026:13:18:20.555780;23/Jul/2026:13:18:18.737340;23/Jul/2026:13:18:18.982902;23/Jul/2026:13:18:20.555830;23/Jul/2026:13:18:20.498569;23/Jul/2026:13:18:10.907908;23/Jul/2026:13:17:27.807171;23/Jul/2026:13:18:17.026559;23/Jul/2026:13:18:20.555626;23/Jul/2026:13:18:20.499529;23/Jul/2026:13:18:20.499173;23/Jul/2026:13:18:15.584431;23/Jul/2026:13:18:20.498881;23/Jul/2026:13:17:32.025551;23/Jul/2026:13:17:25.824794,36.3177;2.6155;9.6579;9.6580;48.0142;3.7154;3.7300;1.7729;2.8227;9.8498;9.8496;5.8652;7.3425;0.9558;2.8701;2.7411;1.2626;1.4163;11.0229;54.1248;5.0808;1.5616;1.9132;3.3683;8.2989;3.3845;51.8631;58.1433,bytes=536712588-536810983;bytes=411687735-412619640;bytes=86918662-87839550;bytes=86033740-86918661;bytes=1809500664-1809663537;bytes=393478533-393564246;bytes=393391276-393478532;bytes=459986327-460879763;bytes=417722196-417817752;bytes=81885664-82767056;bytes=87839551-88745992;bytes=243060073-243950234;bytes=212123543-213038777;bytes=528844495-528937260;bytes=428420649-429342131;bytes=461811634-462720854;bytes=528937261-529032096;bytes=498716506-499615592;bytes=130690295-131568698;bytes=1593787037-1593887948;bytes=394638068-395517719;bytes=525912396-526795581;bytes=506882624-507783747;bytes=504062201-504159947;bytes=250632731-250784207;bytes=500138679-501035481;bytes=1749442385-1750373391;bytes=1486269077-1486387302,ac620c97;3c206b3c;0a993146;c71f8085;301682cc;3b548e9b;f27c1e6b;6a972802;34ed2695;51002ca9;d1432bcf;679815e7;14f4610e;66d46016;b6510350;0701ef8a;b3b002d4;44f5bd57;e4fd8230;bacc883d;dfb8a7b2;46693c7e;b08f0974;abd4b2f2;b1b19aa2;be0aa8a8;a54b277b;d278b51d
5,4,142,success,None,23/Jul/2026:13:18:21.417388,23/Jul/2026:13:18:24.934947,3.5176,20,23/Jul/2026:13:18:15.583669;23/Jul/2026:13:18:14.139603;23/Jul/2026:13:18:20.555780;23/Jul/2026:13:18:18.737340;23/Jul/2026:13:18:18.982902;23/Jul/2026:13:18:20.555830;23/Jul/2026:13:18:20.498569;23/Jul/2026:13:18:10.907908;23/Jul/2026:13:17:27.807171;23/Jul/2026:13:18:17.026559;23/Jul/2026:13:18:20.555626;23/Jul/2026:13:18:20.499529;23/Jul/2026:13:18:20.499173;23/Jul/2026:13:18:15.584431;23/Jul/2026:13:18:20.498881;23/Jul/2026:13:17:32.025551;23/Jul/2026:13:17:25.824794;23/Jul/2026:13:18:17.932410;23/Jul/2026:13:18:17.026426;23/Jul/2026:13:17:18.979163,5.8652;7.3425;0.9558;2.8701;2.7411;1.2626;1.4163;11.0229;54.1248;5.0808;1.5616;1.9132;3.3683;8.2989;3.3845;51.8631;58.1433;6.5469;7.5127;65.5726,bytes=243060073-243950234;bytes=212123543-213038777;bytes=528844495-528937260;bytes=428420649-429342131;bytes=461811634-462720854;bytes=528937261-529032096;bytes=498716506-499615592;bytes=130690295-131568698;bytes=1593787037-1593887948;bytes=394638068-395517719;bytes=525912396-526795581;bytes=506882624-507783747;bytes=504062201-504159947;bytes=250632731-250784207;bytes=500138679-501035481;bytes=1749442385-1750373391;bytes=1486269077-1486387302;bytes=413529453-413613255;bytes=397470085-397604781;bytes=1180904565-1181071878,679815e7;14f4610e;66d46016;b6510350;0701ef8a;b3b002d4;44f5bd57;e4fd8230;bacc883d;dfb8a7b2;46693c7e;b08f0974;abd4b2f2;b1b19aa2;be0aa8a8;a54b277b;d278b51d;72b036fe;0a1a87bc;2e247e7a
5,4,137,success,None,23/Jul/2026:13:18:21.360500,23/Jul/2026:13:18:24.951507,3.5910,20,23/Jul/2026:13:18:15.583669;23/Jul/2026:13:18:14.139603;23/Jul/2026:13:18:20.555780;23/Jul/2026:13:18:18.737340;23/Jul/2026:13:18:18.982902;23/Jul/2026:13:18:20.555830;23/Jul/2026:13:18:20.498569;23/Jul/2026:13:18:10.907908;23/Jul/2026:13:17:27.807171;23/Jul/2026:13:18:17.026559;23/Jul/2026:13:18:20.555626;23/Jul/2026:13:18:20.499529;23/Jul/2026:13:18:20.499173;23/Jul/2026:13:18:15.584431;23/Jul/2026:13:18:20.498881;23/Jul/2026:13:17:32.025551;23/Jul/2026:13:17:25.824794;23/Jul/2026:13:18:17.932410;23/Jul/2026:13:18:17.026426;23/Jul/2026:13:17:18.979163,5.8652;7.3425;0.9558;2.8701;2.7411;1.2626;1.4163;11.0229;54.1248;5.0808;1.5616;1.9132;3.3683;8.2989;3.3845;51.8631;58.1433;6.5469;7.5127;65.5726,bytes=243060073-243950234;bytes=212123543-213038777;bytes=528844495-528937260;bytes=428420649-429342131;bytes=461811634-462720854;bytes=528937261-529032096;bytes=498716506-499615592;bytes=130690295-131568698;bytes=1593787037-1593887948;bytes=394638068-395517719;bytes=525912396-526795581;bytes=506882624-507783747;bytes=504062201-504159947;bytes=250632731-250784207;bytes=500138679-501035481;bytes=1749442385-1750373391;bytes=1486269077-1486387302;bytes=413529453-413613255;bytes=397470085-397604781;bytes=1180904565-1181071878,679815e7;14f4610e;66d46016;b6510350;0701ef8a;b3b002d4;44f5bd57;e4fd8230;bacc883d;dfb8a7b2;46693c7e;b08f0974;abd4b2f2;b1b19aa2;be0aa8a8;a54b277b;d278b51d;72b036fe;0a1a87bc;2e247e7a
5,4,151,success,None,23/Jul/2026:13:18:21.495376,23/Jul/2026:13:18:25.955434,4.4601,24,23/Jul/2026:13:18:20.555780;23/Jul/2026:13:18:18.737340;23/Jul/2026:13:18:18.982902;23/Jul/2026:13:18:20.555830;23/Jul/2026:13:18:20.498569;23/Jul/2026:13:18:10.907908;23/Jul/2026:13:17:27.807171;23/Jul/2026:13:18:17.026559;23/Jul/2026:13:18:20.555626;23/Jul/2026:13:18:20.499529;23/Jul/2026:13:18:20.499173;23/Jul/2026:13:18:15.584431;23/Jul/2026:13:18:20.498881;23/Jul/2026:13:17:32.025551;23/Jul/2026:13:17:25.824794;23/Jul/2026:13:18:17.932410;23/Jul/2026:13:18:17.026426;23/Jul/2026:13:17:18.979163;23/Jul/2026:13:18:02.713121;23/Jul/2026:13:18:21.419373;23/Jul/2026:13:18:20.498425;23/Jul/2026:13:17:47.634009;23/Jul/2026:13:18:24.432541;23/Jul/2026:13:18:16.522637,0.9558;2.8701;2.7411;1.2626;1.4163;11.0229;54.1248;5.0808;1.5616;1.9132;3.3683;8.2989;3.3845;51.8631;58.1433;6.5469;7.5127;65.5726;22.2873;3.5961;4.5271;37.4192;0.6386;8.5580,bytes=528844495-528937260;bytes=428420649-429342131;bytes=461811634-462720854;bytes=528937261-529032096;bytes=498716506-499615592;bytes=130690295-131568698;bytes=1593787037-1593887948;bytes=394638068-395517719;bytes=525912396-526795581;bytes=506882624-507783747;bytes=504062201-504159947;bytes=250632731-250784207;bytes=500138679-501035481;bytes=1749442385-1750373391;bytes=1486269077-1486387302;bytes=413529453-413613255;bytes=397470085-397604781;bytes=1180904565-1181071878;bytes=1552398909-1552514844;bytes=585970367-586062657;bytes=496918351-497803316;bytes=730098289-730986407;bytes=729104088-729196943;bytes=352849588-352948511,66d46016;b6510350;0701ef8a;b3b002d4;44f5bd57;e4fd8230;bacc883d;dfb8a7b2;46693c7e;b08f0974;abd4b2f2;b1b19aa2;be0aa8a8;a54b277b;d278b51d;72b036fe;0a1a87bc;2e247e7a;1a751b4d;d1f12f10;f7bbcf6b;1c1e1eaf;04f854cb;8bc7d6a3
5,4,157,success,None,23/Jul/2026:13:18:23.818613,23/Jul/2026:13:18:25.957387,2.1388,14,23/Jul/2026:13:18:20.499173;23/Jul/2026:13:18:15.584431;23/Jul/2026:13:18:20.498881;23/Jul/2026:13:17:32.025551;23/Jul/2026:13:17:25.824794;23/Jul/2026:13:18:17.932410;23/Jul/2026:13:18:17.026426;23/Jul/2026:13:17:18.979163;23/Jul/2026:13:18:02.713121;23/Jul/2026:13:18:21.419373;23/Jul/2026:13:18:20.498425;23/Jul/2026:13:17:47.634009;23/Jul/2026:13:18:24.432541;23/Jul/2026:13:18:16.522637,3.3683;8.2989;3.3845;51.8631;58.1433;6.5469;7.5127;65.5726;22.2873;3.5961;4.5271;37.4192;0.6386;8.5580,bytes=504062201-504159947;bytes=250632731-250784207;bytes=500138679-501035481;bytes=1749442385-1750373391;bytes=1486269077-1486387302;bytes=413529453-413613255;bytes=397470085-397604781;bytes=1180904565-1181071878;bytes=1552398909-1552514844;bytes=585970367-586062657;bytes=496918351-497803316;bytes=730098289-730986407;bytes=729104088-729196943;bytes=352849588-352948511,abd4b2f2;b1b19aa2;be0aa8a8;a54b277b;d278b51d;72b036fe;0a1a87bc;2e247e7a;1a751b4d;d1f12f10;f7bbcf6b;1c1e1eaf;04f854cb;8bc7d6a3
5,4,177,success,None,23/Jul/2026:13:18:24.431079,23/Jul/2026:13:18:28.005441,3.5744,15,23/Jul/2026:13:18:17.932410;23/Jul/2026:13:18:17.026426;23/Jul/2026:13:17:18.979163;23/Jul/2026:13:18:02.713121;23/Jul/2026:13:18:21.419373;23/Jul/2026:13:18:20.498425;23/Jul/2026:13:17:47.634009;23/Jul/2026:13:18:24.432541;23/Jul/2026:13:18:16.522637;23/Jul/2026:13:18:00.689551;23/Jul/2026:13:18:17.932203;23/Jul/2026:13:16:49.717771;23/Jul/2026:13:18:21.497331;23/Jul/2026:13:18:24.431655;23/Jul/2026:13:18:21.361574,6.5469;7.5127;65.5726;22.2873;3.5961;4.5271;37.4192;0.6386;8.5580;25.3632;8.1256;96.3464;4.5765;1.7217;4.8149,bytes=413529453-413613255;bytes=397470085-397604781;bytes=1180904565-1181071878;bytes=1552398909-1552514844;bytes=585970367-586062657;bytes=496918351-497803316;bytes=730098289-730986407;bytes=729104088-729196943;bytes=352849588-352948511;bytes=1523713412-1523814585;bytes=409511670-409696329;bytes=1541177114-1542077526;bytes=626992407-627102778;bytes=722831133-723754923;bytes=562307027-563197505,72b036fe;0a1a87bc;2e247e7a;1a751b4d;d1f12f10;f7bbcf6b;1c1e1eaf;04f854cb;8bc7d6a3;85fc12b7;f0372da8;862292e6;f8fa9258;abdecf5c;1e883698
5,4,190,success,None,23/Jul/2026:13:18:24.951736,23/Jul/2026:13:18:28.494083,3.5423,18,23/Jul/2026:13:18:02.713121;23/Jul/2026:13:18:21.419373;23/Jul/2026:13:18:20.498425;23/Jul/2026:13:17:47.634009;23/Jul/2026:13:18:24.432541;23/Jul/2026:13:18:16.522637;23/Jul/2026:13:18:00.689551;23/Jul/2026:13:18:17.932203;23/Jul/2026:13:16:49.717771;23/Jul/2026:13:18:21.497331;23/Jul/2026:13:18:24.431655;23/Jul/2026:13:18:21.361574;23/Jul/2026:13:18:25.958472;23/Jul/2026:13:18:25.957707;23/Jul/2026:13:18:17.933053;23/Jul/2026:13:18:21.496469;23/Jul/2026:13:18:25.958414;23/Jul/2026:13:18:23.820267,22.2873;3.5961;4.5271;37.4192;0.6386;8.5580;25.3632;8.1256;96.3464;4.5765;1.7217;4.8149;2.1238;2.1248;10.1495;6.6011;2.1471;4.2853,bytes=1552398909-1552514844;bytes=585970367-586062657;bytes=496918351-497803316;bytes=730098289-730986407;bytes=729104088-729196943;bytes=352849588-352948511;bytes=1523713412-1523814585;bytes=409511670-409696329;bytes=1541177114-1542077526;bytes=626992407-627102778;bytes=722831133-723754923;bytes=562307027-563197505;bytes=839203006-839374748;bytes=829140936-830047086;bytes=414096608-414984526;bytes=618706706-618913577;bytes=839008891-839203005;bytes=651027138-651124890,1a751b4d;d1f12f10;f7bbcf6b;1c1e1eaf;04f854cb;8bc7d6a3;85fc12b7;f0372da8;862292e6;f8fa9258;abdecf5c;1e883698;30679a25;78ede2e3;68354b09;d3fffe61;cc44e4b5;fb214b42
5,4,202,success,None,23/Jul/2026:13:18:25.955678,23/Jul/2026:13:18:28.538799,2.5831,14,23/Jul/2026:13:18:00.689551;23/Jul/2026:13:18:17.932203;23/Jul/2026:13:16:49.717771;23/Jul/2026:13:18:21.497331;23/Jul/2026:13:18:24.431655;23/Jul/2026:13:18:21.361574;23/Jul/2026:13:18:25.958472;23/Jul/2026:13:18:25.957707;23/Jul/2026:13:18:17.933053;23/Jul/2026:13:18:21.496469;23/Jul/2026:13:18:25.958414;23/Jul/2026:13:18:23.820267;23/Jul/2026:13:18:23.819924;23/Jul/2026:13:18:24.936087,25.3632;8.1256;96.3464;4.5765;1.7217;4.8149;2.1238;2.1248;10.1495;6.6011;2.1471;4.2853;4.7168;3.6012,bytes=1523713412-1523814585;bytes=409511670-409696329;bytes=1541177114-1542077526;bytes=626992407-627102778;bytes=722831133-723754923;bytes=562307027-563197505;bytes=839203006-839374748;bytes=829140936-830047086;bytes=414096608-414984526;bytes=618706706-618913577;bytes=839008891-839203005;bytes=651027138-651124890;bytes=650790071-650917346;bytes=755262883-756191588,85fc12b7;f0372da8;862292e6;f8fa9258;abdecf5c;1e883698;30679a25;78ede2e3;68354b09;d3fffe61;cc44e4b5;fb214b42;0fa3d25e;4274a807
5,4,185,success,None,23/Jul/2026:13:18:24.935191,23/Jul/2026:13:18:28.580426,3.6452,23,23/Jul/2026:13:18:02.713121;23/Jul/2026:13:18:21.419373;23/Jul/2026:13:18:20.498425;23/Jul/2026:13:17:47.634009;23/Jul/2026:13:18:24.432541;23/Jul/2026:13:18:16.522637;23/Jul/2026:13:18:00.689551;23/Jul/2026:13:18:17.932203;23/Jul/2026:13:16:49.717771;23/Jul/2026:13:18:21.497331;23/Jul/2026:13:18:24.431655;23/Jul/2026:13:18:21.361574;23/Jul/2026:13:18:25.958472;23/Jul/2026:13:18:25.957707;23/Jul/2026:13:18:17.933053;23/Jul/2026:13:18:21.496469;23/Jul/2026:13:18:25.958414;23/Jul/2026:13:18:23.820267;23/Jul/2026:13:18:23.819924;23/Jul/2026:13:18:24.936087;23/Jul/2026:13:18:24.952834;23/Jul/2026:13:18:23.819319;23/Jul/2026:13:18:15.586244,22.2873;3.5961;4.5271;37.4192;0.6386;8.5580;25.3632;8.1256;96.3464;4.5765;1.7217;4.8149;2.1238;2.1248;10.1495;6.6011;2.1471;4.2853;4.7168;3.6012;3.5914;4.7326;12.9864,bytes=1552398909-1552514844;bytes=585970367-586062657;bytes=496918351-497803316;bytes=730098289-730986407;bytes=729104088-729196943;bytes=352849588-352948511;bytes=1523713412-1523814585;bytes=409511670-409696329;bytes=1541177114-1542077526;bytes=626992407-627102778;bytes=722831133-723754923;bytes=562307027-563197505;bytes=839203006-839374748;bytes=829140936-830047086;bytes=414096608-414984526;bytes=618706706-618913577;bytes=839008891-839203005;bytes=651027138-651124890;bytes=650790071-650917346;bytes=755262883-756191588;bytes=782056525-782160080;bytes=642897022-642998494;bytes=304051803-304151344,1a751b4d;d1f12f10;f7bbcf6b;1c1e1eaf;04f854cb;8bc7d6a3;85fc12b7;f0372da8;862292e6;f8fa9258;abdecf5c;1e883698;30679a25;78ede2e3;68354b09;d3fffe61;cc44e4b5;fb214b42;0fa3d25e;4274a807;466957d1;3f596ec2;e34308d6
5,4,224,success,None,23/Jul/2026:13:18:25.957601,23/Jul/2026:13:18:29.044744,3.0871,26,23/Jul/2026:13:18:00.689551;23/Jul/2026:13:18:17.932203;23/Jul/2026:13:16:49.717771;23/Jul/2026:13:18:21.497331;23/Jul/2026:13:18:24.431655;23/Jul/2026:13:18:21.361574;23/Jul/2026:13:18:25.958472;23/Jul/2026:13:18:25.957707;23/Jul/2026:13:18:17.933053;23/Jul/2026:13:18:21.496469;23/Jul/2026:13:18:25.958414;23/Jul/2026:13:18:23.820267;23/Jul/2026:13:18:23.819924;23/Jul/2026:13:18:24.936087;23/Jul/2026:13:18:24.952834;23/Jul/2026:13:18:23.819319;23/Jul/2026:13:18:15.586244;23/Jul/2026:13:18:28.006968;23/Jul/2026:13:18:21.497223;23/Jul/2026:13:18:24.953169;23/Jul/2026:13:18:17.026493;23/Jul/2026:13:18:18.737945;23/Jul/2026:13:18:17.026281;23/Jul/2026:13:18:25.960228;23/Jul/2026:13:18:28.495052;23/Jul/2026:13:18:25.957069,25.3632;8.1256;96.3464;4.5765;1.7217;4.8149;2.1238;2.1248;10.1495;6.6011;2.1471;4.2853;4.7168;3.6012;3.5914;4.7326;12.9864;0.6339;7.1773;3.8086;11.7620;10.0543;11.7660;2.8335;0.4255;3.0358,bytes=1523713412-1523814585;bytes=409511670-409696329;bytes=1541177114-1542077526;bytes=626992407-627102778;bytes=722831133-723754923;bytes=562307027-563197505;bytes=839203006-839374748;bytes=829140936-830047086;bytes=414096608-414984526;bytes=618706706-618913577;bytes=839008891-839203005;bytes=651027138-651124890;bytes=650790071-650917346;bytes=755262883-756191588;bytes=782056525-782160080;bytes=642897022-642998494;bytes=304051803-304151344;bytes=982868602-983027210;bytes=625779422-626678676;bytes=782261394-782354766;bytes=393747918-394638067;bytes=433433879-434331015;bytes=393661501-393747917;bytes=924025960-924935721;bytes=995506542-995614503;bytes=828260587-829140935,85fc12b7;f0372da8;862292e6;f8fa9258;abdecf5c;1e883698;30679a25;78ede2e3;68354b09;d3fffe61;cc44e4b5;fb214b42;0fa3d25e;4274a807;466957d1;3f596ec2;e34308d6;988dec02;5bd647a3;dec8e81e;1779d9c8;16335ec5;4004bcc5;b5f66287;9bed3949;25d9d2aa
5,4,243,success,None,23/Jul/2026:13:18:28.494315,23/Jul/2026:13:18:31.945981,3.4517,18,23/Jul/2026:13:18:23.819924;23/Jul/2026:13:18:24.936087;23/Jul/2026:13:18:24.952834;23/Jul/2026:13:18:23.819319;23/Jul/2026:13:18:15.586244;23/Jul/2026:13:18:28.006968;23/Jul/2026:13:18:21.497223;23/Jul/2026:13:18:24.953169;23/Jul/2026:13:18:17.026493;23/Jul/2026:13:18:18.737945;23/Jul/2026:13:18:17.026281;23/Jul/2026:13:18:25.960228;23/Jul/2026:13:18:28.495052;23/Jul/2026:13:18:25.957069;23/Jul/2026:13:18:15.585749;23/Jul/2026:13:18:25.958005;23/Jul/2026:13:18:28.495230;23/Jul/2026:13:18:28.496228,4.7168;3.6012;3.5914;4.7326;12.9864;0.6339;7.1773;3.8086;11.7620;10.0543;11.7660;2.8335;0.4255;3.0358;13.5093;3.1803;0.8547;0.9772,bytes=650790071-650917346;bytes=755262883-756191588;bytes=782056525-782160080;bytes=642897022-642998494;bytes=304051803-304151344;bytes=982868602-983027210;bytes=625779422-626678676;bytes=782261394-782354766;bytes=393747918-394638067;bytes=433433879-434331015;bytes=393661501-393747917;bytes=924025960-924935721;bytes=995506542-995614503;bytes=828260587-829140935;bytes=298711103-299612937;bytes=835095199-835234220;bytes=999333797-999414189;bytes=1003818589-1004032766,0fa3d25e;4274a807;466957d1;3f596ec2;e34308d6;988dec02;5bd647a3;dec8e81e;1779d9c8;16335ec5;4004bcc5;b5f66287;9bed3949;25d9d2aa;84221c19;60537f29;eb076544;8a7141cc
5,4,286,success,None,23/Jul/2026:13:18:29.044959,23/Jul/2026:13:18:32.078713,3.0338,9,23/Jul/2026:13:18:15.585749;23/Jul/2026:13:18:25.958005;23/Jul/2026:13:18:28.495230;23/Jul/2026:13:18:28.496228;23/Jul/2026:13:18:20.499058;23/Jul/2026:13:18:25.956012;23/Jul/2026:13:16:26.598075;23/Jul/2026:13:18:25.958356;23/Jul/2026:13:18:10.906663,13.5093;3.1803;0.8547;0.9772;11.4933;6.0466;125.4165;6.0575;21.1148,bytes=298711103-299612937;bytes=835095199-835234220;bytes=999333797-999414189;bytes=1003818589-1004032766;bytes=502851698-503752197;bytes=823353710-824262415;bytes=254937027-255036590;bytes=835337755-835436006;bytes=90102089-90990899,84221c19;60537f29;eb076544;8a7141cc;c069d33e;340b14f4;6144a077;45dd6502;64cf62dc
5,4,281,success,None,23/Jul/2026:13:18:28.580639,23/Jul/2026:13:18:32.168399,3.5878,18,23/Jul/2026:13:18:28.006968;23/Jul/2026:13:18:21.497223;23/Jul/2026:13:18:24.953169;23/Jul/2026:13:18:17.026493;23/Jul/2026:13:18:18.737945;23/Jul/2026:13:18:17.026281;23/Jul/2026:13:18:25.960228;23/Jul/2026:13:18:28.495052;23/Jul/2026:13:18:25.957069;23/Jul/2026:13:18:15.585749;23/Jul/2026:13:18:25.958005;23/Jul/2026:13:18:28.495230;23/Jul/2026:13:18:28.496228;23/Jul/2026:13:18:20.499058;23/Jul/2026:13:18:25.956012;23/Jul/2026:13:16:26.598075;23/Jul/2026:13:18:25.958356;23/Jul/2026:13:18:10.906663,0.6339;7.1773;3.8086;11.7620;10.0543;11.7660;2.8335;0.4255;3.0358;13.5093;3.1803;0.8547;0.9772;11.4933;6.0466;125.4165;6.0575;21.1148,bytes=982868602-983027210;bytes=625779422-626678676;bytes=782261394-782354766;bytes=393747918-394638067;bytes=433433879-434331015;bytes=393661501-393747917;bytes=924025960-924935721;bytes=995506542-995614503;bytes=828260587-829140935;bytes=298711103-299612937;bytes=835095199-835234220;bytes=999333797-999414189;bytes=1003818589-1004032766;bytes=502851698-503752197;bytes=823353710-824262415;bytes=254937027-255036590;bytes=835337755-835436006;bytes=90102089-90990899,988dec02;5bd647a3;dec8e81e;1779d9c8;16335ec5;4004bcc5;b5f66287;9bed3949;25d9d2aa;84221c19;60537f29;eb076544;8a7141cc;c069d33e;340b14f4;6144a077;45dd6502;64cf62dc
5,4,238,success,None,23/Jul/2026:13:18:28.005646,23/Jul/2026:13:18:32.436257,4.4306,40,23/Jul/2026:13:18:25.958472;23/Jul/2026:13:18:25.957707;23/Jul/2026:13:18:17.933053;23/Jul/2026:13:18:21.496469;23/Jul/2026:13:18:25.958414;23/Jul/2026:13:18:23.820267;23/Jul/2026:13:18:23.819924;23/Jul/2026:13:18:24.936087;23/Jul/2026:13:18:24.952834;23/Jul/2026:13:18:23.819319;23/Jul/2026:13:18:15.586244;23/Jul/2026:13:18:28.006968;23/Jul/2026:13:18:21.497223;23/Jul/2026:13:18:24.953169;23/Jul/2026:13:18:17.026493;23/Jul/2026:13:18:18.737945;23/Jul/2026:13:18:17.026281;23/Jul/2026:13:18:25.960228;23/Jul/2026:13:18:28.495052;23/Jul/2026:13:18:25.957069;23/Jul/2026:13:18:15.585749;23/Jul/2026:13:18:25.958005;23/Jul/2026:13:18:28.495230;23/Jul/2026:13:18:28.496228;23/Jul/2026:13:18:20.499058;23/Jul/2026:13:18:25.956012;23/Jul/2026:13:16:26.598075;23/Jul/2026:13:18:25.958356;23/Jul/2026:13:18:10.906663;23/Jul/2026:13:18:18.983247;23/Jul/2026:13:18:28.582428;23/Jul/2026:13:18:28.494923;23/Jul/2026:13:18:25.959246;23/Jul/2026:13:18:15.585425;23/Jul/2026:13:18:28.541040;23/Jul/2026:13:18:25.956357;23/Jul/2026:13:18:23.819807;23/Jul/2026:13:18:31.947228;23/Jul/2026:13:18:28.006164;23/Jul/2026:13:17:04.873199,2.1238;2.1248;10.1495;6.6011;2.1471;4.2853;4.7168;3.6012;3.5914;4.7326;12.9864;0.6339;7.1773;3.8086;11.7620;10.0543;11.7660;2.8335;0.4255;3.0358;13.5093;3.1803;0.8547;0.9772;11.4933;6.0466;125.4165;6.0575;21.1148;13.1880;3.6055;3.6965;6.2330;16.6184;3.6736;6.3225;8.4656;0.4100;4.3518;87.5206,bytes=839203006-839374748;bytes=829140936-830047086;bytes=414096608-414984526;bytes=618706706-618913577;bytes=839008891-839203005;bytes=651027138-651124890;bytes=650790071-650917346;bytes=755262883-756191588;bytes=782056525-782160080;bytes=642897022-642998494;bytes=304051803-304151344;bytes=982868602-983027210;bytes=625779422-626678676;bytes=782261394-782354766;bytes=393747918-394638067;bytes=433433879-434331015;bytes=393661501-393747917;bytes=924025960-924935721;bytes=995506542-995614503;bytes=828260587-829140935;bytes=298711103-299612937;bytes=835095199-835234220;bytes=999333797-999414189;bytes=1003818589-1004032766;bytes=502851698-503752197;bytes=823353710-824262415;bytes=254937027-255036590;bytes=835337755-835436006;bytes=90102089-90990899;bytes=467010151-467103932;bytes=1159275301-1160189422;bytes=994315722-995202076;bytes=913976410-914849595;bytes=255036591-255137808;bytes=1052972426-1053068010;bytes=827170828-827264790;bytes=646955531-647067086;bytes=1201170856-1201267339;bytes=972245079-973130604;bytes=393747918-394638067,30679a25;78ede2e3;68354b09;d3fffe61;cc44e4b5;fb214b42;0fa3d25e;4274a807;466957d1;3f596ec2;e34308d6;988dec02;5bd647a3;dec8e81e;1779d9c8;16335ec5;4004bcc5;b5f66287;9bed3949;25d9d2aa;84221c19;60537f29;eb076544;8a7141cc;c069d33e;340b14f4;6144a077;45dd6502;64cf62dc;ecad046f;66316016;a2c6f6d6;184cd6dc;b5723815;2a7a1a47;960ef0f3;f07a4651;7149c482;6e1b4ec7;cbb701f0
5,4,254,success,None,23/Jul/2026:13:18:28.539031,23/Jul/2026:13:18:32.496608,3.9576,32,23/Jul/2026:13:18:24.952834;23/Jul/2026:13:18:23.819319;23/Jul/2026:13:18:15.586244;23/Jul/2026:13:18:28.006968;23/Jul/2026:13:18:21.497223;23/Jul/2026:13:18:24.953169;23/Jul/2026:13:18:17.026493;23/Jul/2026:13:18:18.737945;23/Jul/2026:13:18:17.026281;23/Jul/2026:13:18:25.960228;23/Jul/2026:13:18:28.495052;23/Jul/2026:13:18:25.957069;23/Jul/2026:13:18:15.585749;23/Jul/2026:13:18:25.958005;23/Jul/2026:13:18:28.495230;23/Jul/2026:13:18:28.496228;23/Jul/2026:13:18:20.499058;23/Jul/2026:13:18:25.956012;23/Jul/2026:13:16:26.598075;23/Jul/2026:13:18:25.958356;23/Jul/2026:13:18:10.906663;23/Jul/2026:13:18:18.983247;23/Jul/2026:13:18:28.582428;23/Jul/2026:13:18:28.494923;23/Jul/2026:13:18:25.959246;23/Jul/2026:13:18:15.585425;23/Jul/2026:13:18:28.541040;23/Jul/2026:13:18:25.956357;23/Jul/2026:13:18:23.819807;23/Jul/2026:13:18:31.947228;23/Jul/2026:13:18:28.006164;23/Jul/2026:13:17:04.873199,3.5914;4.7326;12.9864;0.6339;7.1773;3.8086;11.7620;10.0543;11.7660;2.8335;0.4255;3.0358;13.5093;3.1803;0.8547;0.9772;11.4933;6.0466;125.4165;6.0575;21.1148;13.1880;3.6055;3.6965;6.2330;16.6184;3.6736;6.3225;8.4656;0.4100;4.3518;87.5206,bytes=782056525-782160080;bytes=642897022-642998494;bytes=304051803-304151344;bytes=982868602-983027210;bytes=625779422-626678676;bytes=782261394-782354766;bytes=393747918-394638067;bytes=433433879-434331015;bytes=393661501-393747917;bytes=924025960-924935721;bytes=995506542-995614503;bytes=828260587-829140935;bytes=298711103-299612937;bytes=835095199-835234220;bytes=999333797-999414189;bytes=1003818589-1004032766;bytes=502851698-503752197;bytes=823353710-824262415;bytes=254937027-255036590;bytes=835337755-835436006;bytes=90102089-90990899;bytes=467010151-467103932;bytes=1159275301-1160189422;bytes=994315722-995202076;bytes=913976410-914849595;bytes=255036591-255137808;bytes=1052972426-1053068010;bytes=827170828-827264790;bytes=646955531-647067086;bytes=1201170856-1201267339;bytes=972245079-973130604;bytes=393747918-394638067,466957d1;3f596ec2;e34308d6;988dec02;5bd647a3;dec8e81e;1779d9c8;16335ec5;4004bcc5;b5f66287;9bed3949;25d9d2aa;84221c19;60537f29;eb076544;8a7141cc;c069d33e;340b14f4;6144a077;45dd6502;64cf62dc;ecad046f;66316016;a2c6f6d6;184cd6dc;b5723815;2a7a1a47;960ef0f3;f07a4651;7149c482;6e1b4ec7;cbb701f0
5,4,325,success,None,23/Jul/2026:13:18:32.496830,23/Jul/2026:13:18:35.175421,2.6786,5,23/Jul/2026:13:18:28.495546;23/Jul/2026:13:18:17.932556;23/Jul/2026:13:18:32.080109;23/Jul/2026:13:18:18.982964;23/Jul/2026:13:18:32.437385,4.0684;14.6474;0.7193;13.8166;0.4957,bytes=997419038-998340707;bytes=409897558-410790284;bytes=1230130554-1230313674;bytes=462902768-463097128;bytes=1296274307-1296365531,c61ac096;80da4c85;a6332e9a;66a5def1;59eb81c7
5,4,292,success,None,23/Jul/2026:13:18:31.946220,23/Jul/2026:13:18:35.177344,3.2311,21,23/Jul/2026:13:18:20.499058;23/Jul/2026:13:18:25.956012;23/Jul/2026:13:16:26.598075;23/Jul/2026:13:18:25.958356;23/Jul/2026:13:18:10.906663;23/Jul/2026:13:18:18.983247;23/Jul/2026:13:18:28.582428;23/Jul/2026:13:18:28.494923;23/Jul/2026:13:18:25.959246;23/Jul/2026:13:18:15.585425;23/Jul/2026:13:18:28.541040;23/Jul/2026:13:18:25.956357;23/Jul/2026:13:18:23.819807;23/Jul/2026:13:18:31.947228;23/Jul/2026:13:18:28.006164;23/Jul/2026:13:17:04.873199;23/Jul/2026:13:18:28.495546;23/Jul/2026:13:18:17.932556;23/Jul/2026:13:18:32.080109;23/Jul/2026:13:18:18.982964;23/Jul/2026:13:18:32.437385,11.4933;6.0466;125.4165;6.0575;21.1148;13.1880;3.6055;3.6965;6.2330;16.6184;3.6736;6.3225;8.4656;0.4100;4.3518;87.5206;4.0684;14.6474;0.7193;13.8166;0.4957,bytes=502851698-503752197;bytes=823353710-824262415;bytes=254937027-255036590;bytes=835337755-835436006;bytes=90102089-90990899;bytes=467010151-467103932;bytes=1159275301-1160189422;bytes=994315722-995202076;bytes=913976410-914849595;bytes=255036591-255137808;bytes=1052972426-1053068010;bytes=827170828-827264790;bytes=646955531-647067086;bytes=1201170856-1201267339;bytes=972245079-973130604;bytes=393747918-394638067;bytes=997419038-998340707;bytes=409897558-410790284;bytes=1230130554-1230313674;bytes=462902768-463097128;bytes=1296274307-1296365531,c069d33e;340b14f4;6144a077;45dd6502;64cf62dc;ecad046f;66316016;a2c6f6d6;184cd6dc;b5723815;2a7a1a47;960ef0f3;f07a4651;7149c482;6e1b4ec7;cbb701f0;c61ac096;80da4c85;a6332e9a;66a5def1;59eb81c7
5,4,308,success,None,23/Jul/2026:13:18:32.168624,23/Jul/2026:13:18:35.264754,3.0961,24,23/Jul/2026:13:18:18.983247;23/Jul/2026:13:18:28.582428;23/Jul/2026:13:18:28.494923;23/Jul/2026:13:18:25.959246;23/Jul/2026:13:18:15.585425;23/Jul/2026:13:18:28.541040;23/Jul/2026:13:18:25.956357;23/Jul/2026:13:18:23.819807;23/Jul/2026:13:18:31.947228;23/Jul/2026:13:18:28.006164;23/Jul/2026:13:17:04.873199;23/Jul/2026:13:18:28.495546;23/Jul/2026:13:18:17.932556;23/Jul/2026:13:18:32.080109;23/Jul/2026:13:18:18.982964;23/Jul/2026:13:18:32.437385;23/Jul/2026:13:18:24.431426;23/Jul/2026:13:18:31.946943;23/Jul/2026:13:18:21.497283;23/Jul/2026:13:18:28.582379;23/Jul/2026:13:18:23.819983;23/Jul/2026:13:18:25.960432;23/Jul/2026:13:17:19.189321;23/Jul/2026:13:18:28.581916,13.1880;3.6055;3.6965;6.2330;16.6184;3.6736;6.3225;8.4656;0.4100;4.3518;87.5206;4.0684;14.6474;0.7193;13.8166;0.4957;10.7904;3.2813;13.7339;6.6612;11.4256;9.2904;76.0666;6.6741,bytes=467010151-467103932;bytes=1159275301-1160189422;bytes=994315722-995202076;bytes=913976410-914849595;bytes=255036591-255137808;bytes=1052972426-1053068010;bytes=827170828-827264790;bytes=646955531-647067086;bytes=1201170856-1201267339;bytes=972245079-973130604;bytes=393747918-394638067;bytes=997419038-998340707;bytes=409897558-410790284;bytes=1230130554-1230313674;bytes=462902768-463097128;bytes=1296274307-1296365531;bytes=721043833-721944039;bytes=1197186382-1197373173;bytes=626890300-626992406;bytes=1158359809-1159275300;bytes=650917347-651027137;bytes=929822322-929918593;bytes=1200266174-1201170855;bytes=1153240739-1154122775,ecad046f;66316016;a2c6f6d6;184cd6dc;b5723815;2a7a1a47;960ef0f3;f07a4651;7149c482;6e1b4ec7;cbb701f0;c61ac096;80da4c85;a6332e9a;66a5def1;59eb81c7;20a3a362;0e7615ce;ca2605fa;f4b3d360;979401bf;4f10e34e;a944e04f;fba49f31
5,4,299,success,None,23/Jul/2026:13:18:32.078934,23/Jul/2026:13:18:35.396417,3.3175,26,23/Jul/2026:13:18:18.983247;23/Jul/2026:13:18:28.582428;23/Jul/2026:13:18:28.494923;23/Jul/2026:13:18:25.959246;23/Jul/2026:13:18:15.585425;23/Jul/2026:13:18:28.541040;23/Jul/2026:13:18:25.956357;23/Jul/2026:13:18:23.819807;23/Jul/2026:13:18:31.947228;23/Jul/2026:13:18:28.006164;23/Jul/2026:13:17:04.873199;23/Jul/2026:13:18:28.495546;23/Jul/2026:13:18:17.932556;23/Jul/2026:13:18:32.080109;23/Jul/2026:13:18:18.982964;23/Jul/2026:13:18:32.437385;23/Jul/2026:13:18:24.431426;23/Jul/2026:13:18:31.946943;23/Jul/2026:13:18:21.497283;23/Jul/2026:13:18:28.582379;23/Jul/2026:13:18:23.819983;23/Jul/2026:13:18:25.960432;23/Jul/2026:13:17:19.189321;23/Jul/2026:13:18:28.581916;23/Jul/2026:13:18:32.168923;23/Jul/2026:13:18:28.540475,13.1880;3.6055;3.6965;6.2330;16.6184;3.6736;6.3225;8.4656;0.4100;4.3518;87.5206;4.0684;14.6474;0.7193;13.8166;0.4957;10.7904;3.2813;13.7339;6.6612;11.4256;9.2904;76.0666;6.6741;3.1513;6.8043,bytes=467010151-467103932;bytes=1159275301-1160189422;bytes=994315722-995202076;bytes=913976410-914849595;bytes=255036591-255137808;bytes=1052972426-1053068010;bytes=827170828-827264790;bytes=646955531-647067086;bytes=1201170856-1201267339;bytes=972245079-973130604;bytes=393747918-394638067;bytes=997419038-998340707;bytes=409897558-410790284;bytes=1230130554-1230313674;bytes=462902768-463097128;bytes=1296274307-1296365531;bytes=721043833-721944039;bytes=1197186382-1197373173;bytes=626890300-626992406;bytes=1158359809-1159275300;bytes=650917347-651027137;bytes=929822322-929918593;bytes=1200266174-1201170855;bytes=1153240739-1154122775;bytes=1259870837-1260745814;bytes=1043846130-1044733552,ecad046f;66316016;a2c6f6d6;184cd6dc;b5723815;2a7a1a47;960ef0f3;f07a4651;7149c482;6e1b4ec7;cbb701f0;c61ac096;80da4c85;a6332e9a;66a5def1;59eb81c7;20a3a362;0e7615ce;ca2605fa;f4b3d360;979401bf;4f10e34e;a944e04f;fba49f31;485c6ff6;ad867c66
5,4,315,success,None,23/Jul/2026:13:18:32.436450,23/Jul/2026:13:18:35.880635,3.4442,23,23/Jul/2026:13:18:28.495546;23/Jul/2026:13:18:17.932556;23/Jul/2026:13:18:32.080109;23/Jul/2026:13:18:18.982964;23/Jul/2026:13:18:32.437385;23/Jul/2026:13:18:24.431426;23/Jul/2026:13:18:31.946943;23/Jul/2026:13:18:21.497283;23/Jul/2026:13:18:28.582379;23/Jul/2026:13:18:23.819983;23/Jul/2026:13:18:25.960432;23/Jul/2026:13:17:19.189321;23/Jul/2026:13:18:28.581916;23/Jul/2026:13:18:32.168923;23/Jul/2026:13:18:28.540475;23/Jul/2026:13:18:32.498631;23/Jul/2026:13:18:25.958295;23/Jul/2026:13:18:28.580963;23/Jul/2026:13:18:23.820040;23/Jul/2026:13:18:24.432915;23/Jul/2026:13:18:32.437451;23/Jul/2026:13:18:29.045962;23/Jul/2026:13:18:35.266961,4.0684;14.6474;0.7193;13.8166;0.4957;10.7904;3.2813;13.7339;6.6612;11.4256;9.2904;76.0666;6.6741;3.1513;6.8043;2.9174;9.5965;6.9739;11.7356;11.1526;3.1552;6.5566;0.3944,bytes=997419038-998340707;bytes=409897558-410790284;bytes=1230130554-1230313674;bytes=462902768-463097128;bytes=1296274307-1296365531;bytes=721043833-721944039;bytes=1197186382-1197373173;bytes=626890300-626992406;bytes=1158359809-1159275300;bytes=650917347-651027137;bytes=929822322-929918593;bytes=1200266174-1201170855;bytes=1153240739-1154122775;bytes=1259870837-1260745814;bytes=1043846130-1044733552;bytes=1340729599-1341610184;bytes=835234221-835337754;bytes=1148106083-1149008867;bytes=647169189-648066373;bytes=731897274-732795987;bytes=1292562904-1293463653;bytes=1176690288-1176799908;bytes=1486269077-1486387302,c61ac096;80da4c85;a6332e9a;66a5def1;59eb81c7;20a3a362;0e7615ce;ca2605fa;f4b3d360;979401bf;4f10e34e;a944e04f;fba49f31;485c6ff6;ad867c66;7f30bc25;d7a76167;0da66357;6a5e37a5;8ad5f438;f1184d09;cf31adcd;ce17b2fb
5,4,360,success,None,23/Jul/2026:13:18:35.264959,23/Jul/2026:13:18:38.405347,3.1404,14,23/Jul/2026:13:18:32.168923;23/Jul/2026:13:18:28.540475;23/Jul/2026:13:18:32.498631;23/Jul/2026:13:18:25.958295;23/Jul/2026:13:18:28.580963;23/Jul/2026:13:18:23.820040;23/Jul/2026:13:18:24.432915;23/Jul/2026:13:18:32.437451;23/Jul/2026:13:18:29.045962;23/Jul/2026:13:18:35.266961;23/Jul/2026:13:18:35.176451;23/Jul/2026:13:18:35.176642;23/Jul/2026:13:18:35.267011;23/Jul/2026:13:18:32.080216,3.1513;6.8043;2.9174;9.5965;6.9739;11.7356;11.1526;3.1552;6.5566;0.3944;0.8167;0.8201;0.7381;3.9409,bytes=1259870837-1260745814;bytes=1043846130-1044733552;bytes=1340729599-1341610184;bytes=835234221-835337754;bytes=1148106083-1149008867;bytes=647169189-648066373;bytes=731897274-732795987;bytes=1292562904-1293463653;bytes=1176690288-1176799908;bytes=1486269077-1486387302;bytes=1395196195-1395388932;bytes=1399329068-1399421178;bytes=1486387303-1486508121;bytes=1226545540-1227440495,485c6ff6;ad867c66;7f30bc25;d7a76167;0da66357;6a5e37a5;8ad5f438;f1184d09;cf31adcd;ce17b2fb;20a5a07a;bd7558dc;01e7e53f;4d2f90b8
5,4,370,success,None,23/Jul/2026:13:18:35.396616,23/Jul/2026:13:18:38.445386,3.0488,12,23/Jul/2026:13:18:32.498631;23/Jul/2026:13:18:25.958295;23/Jul/2026:13:18:28.580963;23/Jul/2026:13:18:23.820040;23/Jul/2026:13:18:24.432915;23/Jul/2026:13:18:32.437451;23/Jul/2026:13:18:29.045962;23/Jul/2026:13:18:35.266961;23/Jul/2026:13:18:35.176451;23/Jul/2026:13:18:35.176642;23/Jul/2026:13:18:35.267011;23/Jul/2026:13:18:32.080216,2.9174;9.5965;6.9739;11.7356;11.1526;3.1552;6.5566;0.3944;0.8167;0.8201;0.7381;3.9409,bytes=1340729599-1341610184;bytes=835234221-835337754;bytes=1148106083-1149008867;bytes=647169189-648066373;bytes=731897274-732795987;bytes=1292562904-1293463653;bytes=1176690288-1176799908;bytes=1486269077-1486387302;bytes=1395196195-1395388932;bytes=1399329068-1399421178;bytes=1486387303-1486508121;bytes=1226545540-1227440495,7f30bc25;d7a76167;0da66357;6a5e37a5;8ad5f438;f1184d09;cf31adcd;ce17b2fb;20a5a07a;bd7558dc;01e7e53f;4d2f90b8
5,4,376,success,None,23/Jul/2026:13:18:35.880844,23/Jul/2026:13:18:38.611655,2.7308,7,23/Jul/2026:13:18:35.176451;23/Jul/2026:13:18:35.176642;23/Jul/2026:13:18:35.267011;23/Jul/2026:13:18:32.080216;23/Jul/2026:13:18:31.947426;23/Jul/2026:13:18:18.737527;23/Jul/2026:13:18:21.418818,0.8167;0.8201;0.7381;3.9409;6.5094;19.7633;17.0966,bytes=1395196195-1395388932;bytes=1399329068-1399421178;bytes=1486387303-1486508121;bytes=1226545540-1227440495;bytes=1198442237-1199326597;bytes=430591838-430736929;bytes=580817982-581719631,20a5a07a;bd7558dc;01e7e53f;4d2f90b8;de0fcd5d;6be6660f;a87e742f
5,4,346,success,None,23/Jul/2026:13:18:35.177573,23/Jul/2026:13:18:39.088649,3.9111,30,23/Jul/2026:13:18:24.431426;23/Jul/2026:13:18:31.946943;23/Jul/2026:13:18:21.497283;23/Jul/2026:13:18:28.582379;23/Jul/2026:13:18:23.819983;23/Jul/2026:13:18:25.960432;23/Jul/2026:13:17:19.189321;23/Jul/2026:13:18:28.581916;23/Jul/2026:13:18:32.168923;23/Jul/2026:13:18:28.540475;23/Jul/2026:13:18:32.498631;23/Jul/2026:13:18:25.958295;23/Jul/2026:13:18:28.580963;23/Jul/2026:13:18:23.820040;23/Jul/2026:13:18:24.432915;23/Jul/2026:13:18:32.437451;23/Jul/2026:13:18:29.045962;23/Jul/2026:13:18:35.266961;23/Jul/2026:13:18:35.176451;23/Jul/2026:13:18:35.176642;23/Jul/2026:13:18:35.267011;23/Jul/2026:13:18:32.080216;23/Jul/2026:13:18:31.947426;23/Jul/2026:13:18:18.737527;23/Jul/2026:13:18:21.418818;23/Jul/2026:13:18:31.947654;23/Jul/2026:13:18:17.025764;23/Jul/2026:13:18:35.397491;23/Jul/2026:13:18:32.080162;23/Jul/2026:13:18:38.447088,10.7904;3.2813;13.7339;6.6612;11.4256;9.2904;76.0666;6.6741;3.1513;6.8043;2.9174;9.5965;6.9739;11.7356;11.1526;3.1552;6.5566;0.3944;0.8167;0.8201;0.7381;3.9409;6.5094;19.7633;17.0966;6.7254;21.7014;3.3413;6.6944;0.3277,bytes=721043833-721944039;bytes=1197186382-1197373173;bytes=626890300-626992406;bytes=1158359809-1159275300;bytes=650917347-651027137;bytes=929822322-929918593;bytes=1200266174-1201170855;bytes=1153240739-1154122775;bytes=1259870837-1260745814;bytes=1043846130-1044733552;bytes=1340729599-1341610184;bytes=835234221-835337754;bytes=1148106083-1149008867;bytes=647169189-648066373;bytes=731897274-732795987;bytes=1292562904-1293463653;bytes=1176690288-1176799908;bytes=1486269077-1486387302;bytes=1395196195-1395388932;bytes=1399329068-1399421178;bytes=1486387303-1486508121;bytes=1226545540-1227440495;bytes=1198442237-1199326597;bytes=430591838-430736929;bytes=580817982-581719631;bytes=1201568098-1201780893;bytes=389820654-390718147;bytes=1520693884-1521578322;bytes=1230313675-1230454211;bytes=1619379556-1619476434,20a3a362;0e7615ce;ca2605fa;f4b3d360;979401bf;4f10e34e;a944e04f;fba49f31;485c6ff6;ad867c66;7f30bc25;d7a76167;0da66357;6a5e37a5;8ad5f438;f1184d09;cf31adcd;ce17b2fb;20a5a07a;bd7558dc;01e7e53f;4d2f90b8;de0fcd5d;6be6660f;a87e742f;8fa12300;f72e8453;72bc363d;16fb964d;94ab89cc
5,4,340,success,None,23/Jul/2026:13:18:35.175669,23/Jul/2026:13:18:40.454574,5.2789,32,23/Jul/2026:13:18:24.431426;23/Jul/2026:13:18:31.946943;23/Jul/2026:13:18:21.497283;23/Jul/2026:13:18:28.582379;23/Jul/2026:13:18:23.819983;23/Jul/2026:13:18:25.960432;23/Jul/2026:13:17:19.189321;23/Jul/2026:13:18:28.581916;23/Jul/2026:13:18:32.168923;23/Jul/2026:13:18:28.540475;23/Jul/2026:13:18:32.498631;23/Jul/2026:13:18:25.958295;23/Jul/2026:13:18:28.580963;23/Jul/2026:13:18:23.820040;23/Jul/2026:13:18:24.432915;23/Jul/2026:13:18:32.437451;23/Jul/2026:13:18:29.045962;23/Jul/2026:13:18:35.266961;23/Jul/2026:13:18:35.176451;23/Jul/2026:13:18:35.176642;23/Jul/2026:13:18:35.267011;23/Jul/2026:13:18:32.080216;23/Jul/2026:13:18:31.947426;23/Jul/2026:13:18:18.737527;23/Jul/2026:13:18:21.418818;23/Jul/2026:13:18:31.947654;23/Jul/2026:13:18:17.025764;23/Jul/2026:13:18:35.397491;23/Jul/2026:13:18:32.080162;23/Jul/2026:13:18:38.447088;23/Jul/2026:13:18:10.902373;23/Jul/2026:13:18:24.953484,10.7904;3.2813;13.7339;6.6612;11.4256;9.2904;76.0666;6.6741;3.1513;6.8043;2.9174;9.5965;6.9739;11.7356;11.1526;3.1552;6.5566;0.3944;0.8167;0.8201;0.7381;3.9409;6.5094;19.7633;17.0966;6.7254;21.7014;3.3413;6.6944;0.3277;28.2418;14.2011,bytes=721043833-721944039;bytes=1197186382-1197373173;bytes=626890300-626992406;bytes=1158359809-1159275300;bytes=650917347-651027137;bytes=929822322-929918593;bytes=1200266174-1201170855;bytes=1153240739-1154122775;bytes=1259870837-1260745814;bytes=1043846130-1044733552;bytes=1340729599-1341610184;bytes=835234221-835337754;bytes=1148106083-1149008867;bytes=647169189-648066373;bytes=731897274-732795987;bytes=1292562904-1293463653;bytes=1176690288-1176799908;bytes=1486269077-1486387302;bytes=1395196195-1395388932;bytes=1399329068-1399421178;bytes=1486387303-1486508121;bytes=1226545540-1227440495;bytes=1198442237-1199326597;bytes=430591838-430736929;bytes=580817982-581719631;bytes=1201568098-1201780893;bytes=389820654-390718147;bytes=1520693884-1521578322;bytes=1230313675-1230454211;bytes=1619379556-1619476434;bytes=14670926-15553834;bytes=785007716-785884732,20a3a362;0e7615ce;ca2605fa;f4b3d360;979401bf;4f10e34e;a944e04f;fba49f31;485c6ff6;ad867c66;7f30bc25;d7a76167;0da66357;6a5e37a5;8ad5f438;f1184d09;cf31adcd;ce17b2fb;20a5a07a;bd7558dc;01e7e53f;4d2f90b8;de0fcd5d;6be6660f;a87e742f;8fa12300;f72e8453;72bc363d;16fb964d;94ab89cc;821ea240;41cb161f
5,4,400,success,None,23/Jul/2026:13:18:38.611843,23/Jul/2026:13:18:41.303125,2.6913,15,23/Jul/2026:13:18:31.947654;23/Jul/2026:13:18:17.025764;23/Jul/2026:13:18:35.397491;23/Jul/2026:13:18:32.080162;23/Jul/2026:13:18:38.447088;23/Jul/2026:13:18:10.902373;23/Jul/2026:13:18:24.953484;23/Jul/2026:13:18:38.613228;23/Jul/2026:13:18:35.176582;23/Jul/2026:13:18:38.407996;23/Jul/2026:13:18:35.266489;23/Jul/2026:13:18:35.397440;23/Jul/2026:13:18:35.178817;23/Jul/2026:13:18:25.959441;23/Jul/2026:13:18:38.446594,6.7254;21.7014;3.3413;6.6944;0.3277;28.2418;14.2011;1.8944;5.3332;2.1081;5.2501;5.1260;5.4125;14.8596;2.4280,bytes=1201568098-1201780893;bytes=389820654-390718147;bytes=1520693884-1521578322;bytes=1230313675-1230454211;bytes=1619379556-1619476434;bytes=14670926-15553834;bytes=785007716-785884732;bytes=1646991576-1647897672;bytes=1399232347-1399329067;bytes=1590061325-1590172421;bytes=1480957528-1481853962;bytes=1519785434-1520693883;bytes=1419253503-1420154834;bytes=916648942-917562538;bytes=1615161829-1615315640,8fa12300;f72e8453;72bc363d;16fb964d;94ab89cc;821ea240;41cb161f;262e2dc7;6dde4142;dcf39ad7;6e88d675;f17190a0;44f87ea1;5d26f3c7;71841d97
5,4,385,success,None,23/Jul/2026:13:18:38.405606,23/Jul/2026:13:18:41.748366,3.3428,19,23/Jul/2026:13:18:31.947426;23/Jul/2026:13:18:18.737527;23/Jul/2026:13:18:21.418818;23/Jul/2026:13:18:31.947654;23/Jul/2026:13:18:17.025764;23/Jul/2026:13:18:35.397491;23/Jul/2026:13:18:32.080162;23/Jul/2026:13:18:38.447088;23/Jul/2026:13:18:10.902373;23/Jul/2026:13:18:24.953484;23/Jul/2026:13:18:38.613228;23/Jul/2026:13:18:35.176582;23/Jul/2026:13:18:38.407996;23/Jul/2026:13:18:35.266489;23/Jul/2026:13:18:35.397440;23/Jul/2026:13:18:35.178817;23/Jul/2026:13:18:25.959441;23/Jul/2026:13:18:38.446594;23/Jul/2026:13:18:25.959317,6.5094;19.7633;17.0966;6.7254;21.7014;3.3413;6.6944;0.3277;28.2418;14.2011;1.8944;5.3332;2.1081;5.2501;5.1260;5.4125;14.8596;2.4280;15.4082,bytes=1198442237-1199326597;bytes=430591838-430736929;bytes=580817982-581719631;bytes=1201568098-1201780893;bytes=389820654-390718147;bytes=1520693884-1521578322;bytes=1230313675-1230454211;bytes=1619379556-1619476434;bytes=14670926-15553834;bytes=785007716-785884732;bytes=1646991576-1647897672;bytes=1399232347-1399329067;bytes=1590061325-1590172421;bytes=1480957528-1481853962;bytes=1519785434-1520693883;bytes=1419253503-1420154834;bytes=916648942-917562538;bytes=1615161829-1615315640;bytes=914849596-915733968,de0fcd5d;6be6660f;a87e742f;8fa12300;f72e8453;72bc363d;16fb964d;94ab89cc;821ea240;41cb161f;262e2dc7;6dde4142;dcf39ad7;6e88d675;f17190a0;44f87ea1;5d26f3c7;71841d97;fed121e1
5,4,393,success,None,23/Jul/2026:13:18:38.445631,23/Jul/2026:13:18:41.752797,3.3072,19,23/Jul/2026:13:18:31.947426;23/Jul/2026:13:18:18.737527;23/Jul/2026:13:18:21.418818;23/Jul/2026:13:18:31.947654;23/Jul/2026:13:18:17.025764;23/Jul/2026:13:18:35.397491;23/Jul/2026:13:18:32.080162;23/Jul/2026:13:18:38.447088;23/Jul/2026:13:18:10.902373;23/Jul/2026:13:18:24.953484;23/Jul/2026:13:18:38.613228;23/Jul/2026:13:18:35.176582;23/Jul/2026:13:18:38.407996;23/Jul/2026:13:18:35.266489;23/Jul/2026:13:18:35.397440;23/Jul/2026:13:18:35.178817;23/Jul/2026:13:18:25.959441;23/Jul/2026:13:18:38.446594;23/Jul/2026:13:18:25.959317,6.5094;19.7633;17.0966;6.7254;21.7014;3.3413;6.6944;0.3277;28.2418;14.2011;1.8944;5.3332;2.1081;5.2501;5.1260;5.4125;14.8596;2.4280;15.4082,bytes=1198442237-1199326597;bytes=430591838-430736929;bytes=580817982-581719631;bytes=1201568098-1201780893;bytes=389820654-390718147;bytes=1520693884-1521578322;bytes=1230313675-1230454211;bytes=1619379556-1619476434;bytes=14670926-15553834;bytes=785007716-785884732;bytes=1646991576-1647897672;bytes=1399232347-1399329067;bytes=1590061325-1590172421;bytes=1480957528-1481853962;bytes=1519785434-1520693883;bytes=1419253503-1420154834;bytes=916648942-917562538;bytes=1615161829-1615315640;bytes=914849596-915733968,de0fcd5d;6be6660f;a87e742f;8fa12300;f72e8453;72bc363d;16fb964d;94ab89cc;821ea240;41cb161f;262e2dc7;6dde4142;dcf39ad7;6e88d675;f17190a0;44f87ea1;5d26f3c7;71841d97;fed121e1
5,4,412,success,None,23/Jul/2026:13:18:40.454803,23/Jul/2026:13:18:42.216421,1.7616,17,23/Jul/2026:13:18:38.613228;23/Jul/2026:13:18:35.176582;23/Jul/2026:13:18:38.407996;23/Jul/2026:13:18:35.266489;23/Jul/2026:13:18:35.397440;23/Jul/2026:13:18:35.178817;23/Jul/2026:13:18:25.959441;23/Jul/2026:13:18:38.446594;23/Jul/2026:13:18:25.959317;23/Jul/2026:13:18:38.446398;23/Jul/2026:13:18:38.407468;23/Jul/2026:13:18:28.581585;23/Jul/2026:13:18:40.455388;23/Jul/2026:13:18:32.169989;23/Jul/2026:13:18:40.455671;23/Jul/2026:13:18:38.447345;23/Jul/2026:13:18:21.362112,1.8944;5.3332;2.1081;5.2501;5.1260;5.4125;14.8596;2.4280;15.4082;3.3639;3.4030;13.2664;1.4231;9.7381;1.4532;3.4645;20.5540,bytes=1646991576-1647897672;bytes=1399232347-1399329067;bytes=1590061325-1590172421;bytes=1480957528-1481853962;bytes=1519785434-1520693883;bytes=1419253503-1420154834;bytes=916648942-917562538;bytes=1615161829-1615315640;bytes=914849596-915733968;bytes=1612234289-1613112051;bytes=1585918830-1586030133;bytes=1150840460-1151743336;bytes=1691312948-1692232697;bytes=1269974736-1270889997;bytes=1697481087-1697581520;bytes=1621266175-1622172846;bytes=567430107-568354229,262e2dc7;6dde4142;dcf39ad7;6e88d675;f17190a0;44f87ea1;5d26f3c7;71841d97;fed121e1;3b39968c;285fc58d;8df77535;48258b85;4c295a29;a5be25db;659616af;03c81fc3
5,4,407,success,None,23/Jul/2026:13:18:39.088862,23/Jul/2026:13:18:42.546585,3.4577,22,23/Jul/2026:13:18:10.902373;23/Jul/2026:13:18:24.953484;23/Jul/2026:13:18:38.613228;23/Jul/2026:13:18:35.176582;23/Jul/2026:13:18:38.407996;23/Jul/2026:13:18:35.266489;23/Jul/2026:13:18:35.397440;23/Jul/2026:13:18:35.178817;23/Jul/2026:13:18:25.959441;23/Jul/2026:13:18:38.446594;23/Jul/2026:13:18:25.959317;23/Jul/2026:13:18:38.446398;23/Jul/2026:13:18:38.407468;23/Jul/2026:13:18:28.581585;23/Jul/2026:13:18:40.455388;23/Jul/2026:13:18:32.169989;23/Jul/2026:13:18:40.455671;23/Jul/2026:13:18:38.447345;23/Jul/2026:13:18:21.362112;23/Jul/2026:13:18:14.072515;23/Jul/2026:13:18:41.751332;23/Jul/2026:13:18:41.304647,28.2418;14.2011;1.8944;5.3332;2.1081;5.2501;5.1260;5.4125;14.8596;2.4280;15.4082;3.3639;3.4030;13.2664;1.4231;9.7381;1.4532;3.4645;20.5540;28.3227;0.6841;1.1941,bytes=14670926-15553834;bytes=785007716-785884732;bytes=1646991576-1647897672;bytes=1399232347-1399329067;bytes=1590061325-1590172421;bytes=1480957528-1481853962;bytes=1519785434-1520693883;bytes=1419253503-1420154834;bytes=916648942-917562538;bytes=1615161829-1615315640;bytes=914849596-915733968;bytes=1612234289-1613112051;bytes=1585918830-1586030133;bytes=1150840460-1151743336;bytes=1691312948-1692232697;bytes=1269974736-1270889997;bytes=1697481087-1697581520;bytes=1621266175-1622172846;bytes=567430107-568354229;bytes=178067929-178158113;bytes=1759982236-1760160653;bytes=1726806623-1726916519,821ea240;41cb161f;262e2dc7;6dde4142;dcf39ad7;6e88d675;f17190a0;44f87ea1;5d26f3c7;71841d97;fed121e1;3b39968c;285fc58d;8df77535;48258b85;4c295a29;a5be25db;659616af;03c81fc3;5bca8682;979f7330;8d9399d4
5,4,438,success,None,23/Jul/2026:13:18:41.753017,23/Jul/2026:13:18:44.634594,2.8816,16,23/Jul/2026:13:18:38.446398;23/Jul/2026:13:18:38.407468;23/Jul/2026:13:18:28.581585;23/Jul/2026:13:18:40.455388;23/Jul/2026:13:18:32.169989;23/Jul/2026:13:18:40.455671;23/Jul/2026:13:18:38.447345;23/Jul/2026:13:18:21.362112;23/Jul/2026:13:18:14.072515;23/Jul/2026:13:18:41.751332;23/Jul/2026:13:18:41.304647;23/Jul/2026:13:18:39.090226;23/Jul/2026:13:18:35.179386;23/Jul/2026:13:18:32.436915;23/Jul/2026:13:18:41.754606;23/Jul/2026:13:18:35.176826,3.3639;3.4030;13.2664;1.4231;9.7381;1.4532;3.4645;20.5540;28.3227;0.6841;1.1941;3.5474;7.5613;10.5290;1.3836;8.4326,bytes=1612234289-1613112051;bytes=1585918830-1586030133;bytes=1150840460-1151743336;bytes=1691312948-1692232697;bytes=1269974736-1270889997;bytes=1697481087-1697581520;bytes=1621266175-1622172846;bytes=567430107-568354229;bytes=178067929-178158113;bytes=1759982236-1760160653;bytes=1726806623-1726916519;bytes=1681187508-1681277532;bytes=1428131245-1428329355;bytes=1289403245-1290293744;bytes=1809663538-1809837643;bytes=1397390444-1398323025,3b39968c;285fc58d;8df77535;48258b85;4c295a29;a5be25db;659616af;03c81fc3;5bca8682;979f7330;8d9399d4;d4cc51b1;ce17c249;ebb19080;1a67dc99;1c1815df
5,4,419,success,None,23/Jul/2026:13:18:41.303355,23/Jul/2026:13:18:44.861535,3.5582,17,23/Jul/2026:13:18:25.959317;23/Jul/2026:13:18:38.446398;23/Jul/2026:13:18:38.407468;23/Jul/2026:13:18:28.581585;23/Jul/2026:13:18:40.455388;23/Jul/2026:13:18:32.169989;23/Jul/2026:13:18:40.455671;23/Jul/2026:13:18:38.447345;23/Jul/2026:13:18:21.362112;23/Jul/2026:13:18:14.072515;23/Jul/2026:13:18:41.751332;23/Jul/2026:13:18:41.304647;23/Jul/2026:13:18:39.090226;23/Jul/2026:13:18:35.179386;23/Jul/2026:13:18:32.436915;23/Jul/2026:13:18:41.754606;23/Jul/2026:13:18:35.176826,15.4082;3.3639;3.4030;13.2664;1.4231;9.7381;1.4532;3.4645;20.5540;28.3227;0.6841;1.1941;3.5474;7.5613;10.5290;1.3836;8.4326,bytes=914849596-915733968;bytes=1612234289-1613112051;bytes=1585918830-1586030133;bytes=1150840460-1151743336;bytes=1691312948-1692232697;bytes=1269974736-1270889997;bytes=1697481087-1697581520;bytes=1621266175-1622172846;bytes=567430107-568354229;bytes=178067929-178158113;bytes=1759982236-1760160653;bytes=1726806623-1726916519;bytes=1681187508-1681277532;bytes=1428131245-1428329355;bytes=1289403245-1290293744;bytes=1809663538-1809837643;bytes=1397390444-1398323025,fed121e1;3b39968c;285fc58d;8df77535;48258b85;4c295a29;a5be25db;659616af;03c81fc3;5bca8682;979f7330;8d9399d4;d4cc51b1;ce17c249;ebb19080;1a67dc99;1c1815df
5,4,426,success,None,23/Jul/2026:13:18:41.748616,23/Jul/2026:13:18:45.008709,3.2601,16,23/Jul/2026:13:18:38.446398;23/Jul/2026:13:18:38.407468;23/Jul/2026:13:18:28.581585;23/Jul/2026:13:18:40.455388;23/Jul/2026:13:18:32.169989;23/Jul/2026:13:18:40.455671;23/Jul/2026:13:18:38.447345;23/Jul/2026:13:18:21.362112;23/Jul/2026:13:18:14.072515;23/Jul/2026:13:18:41.751332;23/Jul/2026:13:18:41.304647;23/Jul/2026:13:18:39.090226;23/Jul/2026:13:18:35.179386;23/Jul/2026:13:18:32.436915;23/Jul/2026:13:18:41.754606;23/Jul/2026:13:18:35.176826,3.3639;3.4030;13.2664;1.4231;9.7381;1.4532;3.4645;20.5540;28.3227;0.6841;1.1941;3.5474;7.5613;10.5290;1.3836;8.4326,bytes=1612234289-1613112051;bytes=1585918830-1586030133;bytes=1150840460-1151743336;bytes=1691312948-1692232697;bytes=1269974736-1270889997;bytes=1697481087-1697581520;bytes=1621266175-1622172846;bytes=567430107-568354229;bytes=178067929-178158113;bytes=1759982236-1760160653;bytes=1726806623-1726916519;bytes=1681187508-1681277532;bytes=1428131245-1428329355;bytes=1289403245-1290293744;bytes=1809663538-1809837643;bytes=1397390444-1398323025,3b39968c;285fc58d;8df77535;48258b85;4c295a29;a5be25db;659616af;03c81fc3;5bca8682;979f7330;8d9399d4;d4cc51b1;ce17c249;ebb19080;1a67dc99;1c1815df
5,4,448,success,None,23/Jul/2026:13:18:42.216646,23/Jul/2026:13:18:45.524872,3.3082,8,23/Jul/2026:13:18:14.072515;23/Jul/2026:13:18:41.751332;23/Jul/2026:13:18:41.304647;23/Jul/2026:13:18:39.090226;23/Jul/2026:13:18:35.179386;23/Jul/2026:13:18:32.436915;23/Jul/2026:13:18:41.754606;23/Jul/2026:13:18:35.176826,28.3227;0.6841;1.1941;3.5474;7.5613;10.5290;1.3836;8.4326,bytes=178067929-178158113;bytes=1759982236-1760160653;bytes=1726806623-1726916519;bytes=1681187508-1681277532;bytes=1428131245-1428329355;bytes=1289403245-1290293744;bytes=1809663538-1809837643;bytes=1397390444-1398323025,5bca8682;979f7330;8d9399d4;d4cc51b1;ce17c249;ebb19080;1a67dc99;1c1815df
5,4,464,success,None,23/Jul/2026:13:18:42.546834,23/Jul/2026:13:18:46.306145,3.7593,5,23/Jul/2026:13:18:39.090226;23/Jul/2026:13:18:35.179386;23/Jul/2026:13:18:32.436915;23/Jul/2026:13:18:41.754606;23/Jul/2026:13:18:35.176826,3.5474;7.5613;10.5290;1.3836;8.4326,bytes=1681187508-1681277532;bytes=1428131245-1428329355;bytes=1289403245-1290293744;bytes=1809663538-1809837643;bytes=1397390444-1398323025,d4cc51b1;ce17c249;ebb19080;1a67dc99;1c1815df
15,4,73,success,None,23/Jul/2026:13:18:46.319919,23/Jul/2026:13:18:54.316831,7.9969,59,23/Jul/2026:13:18:46.340997;23/Jul/2026:13:18:32.080515;23/Jul/2026:13:18:35.178925;23/Jul/2026:13:18:06.289644;23/Jul/2026:13:18:00.648045;23/Jul/2026:13:17:33.861053;23/Jul/2026:13:18:06.288740;23/Jul/2026:13:18:02.711900;23/Jul/2026:13:18:03.820253;23/Jul/2026:13:18:08.509169;23/Jul/2026:13:18:09.370893;23/Jul/2026:13:18:05.258023;23/Jul/2026:13:17:28.749442;23/Jul/2026:13:18:46.322418;23/Jul/2026:13:18:08.508844;23/Jul/2026:13:17:11.019025;23/Jul/2026:13:17:25.137979;23/Jul/2026:13:18:05.257616;23/Jul/2026:13:18:06.289335;23/Jul/2026:13:18:46.324922;23/Jul/2026:13:18:46.322167;23/Jul/2026:13:17:38.227623;23/Jul/2026:13:17:11.018485;23/Jul/2026:13:18:28.539336;23/Jul/2026:13:17:57.530572;23/Jul/2026:13:18:46.327950;23/Jul/2026:13:18:02.712764;23/Jul/2026:13:18:46.322667;23/Jul/2026:13:18:46.327269;23/Jul/2026:13:18:24.953378;23/Jul/2026:13:18:46.322042;23/Jul/2026:13:18:41.305104;23/Jul/2026:13:17:52.399791;23/Jul/2026:13:18:06.290023;23/Jul/2026:13:18:08.509340;23/Jul/2026:13:18:10.903390;23/Jul/2026:13:18:06.288600;23/Jul/2026:13:18:46.328878;23/Jul/2026:13:18:31.947601;23/Jul/2026:13:18:42.548714;23/Jul/2026:13:18:46.320016;23/Jul/2026:13:18:29.046714;23/Jul/2026:13:18:46.325536;23/Jul/2026:13:18:46.330977;23/Jul/2026:13:18:46.328054;23/Jul/2026:13:18:46.334459;23/Jul/2026:13:18:05.647392;23/Jul/2026:13:17:49.657595;23/Jul/2026:13:18:46.331962;23/Jul/2026:13:18:46.330889;23/Jul/2026:13:18:46.331876;23/Jul/2026:13:18:39.089783;23/Jul/2026:13:18:46.322105;23/Jul/2026:13:18:46.330530;23/Jul/2026:13:18:02.763753;23/Jul/2026:13:18:10.901849;23/Jul/2026:13:18:46.328118;23/Jul/2026:13:18:07.190545;23/Jul/2026:13:18:46.334491,0.0189;14.2905;11.1921;40.1306;45.8133;72.6151;40.1899;43.7715;42.6748;37.9860;37.1950;41.3080;77.8244;0.2519;38.1502;95.6476;81.5291;41.4552;40.5371;0.5311;0.5756;68.6939;95.9272;18.4800;49.7075;0.9109;44.5951;1.0721;1.1995;23.0204;1.8428;6.9144;55.8265;41.9376;39.9508;37.9931;42.7224;2.9840;17.4072;6.8844;3.7310;21.4918;4.2916;4.3952;4.4967;4.5522;45.2901;61.6164;5.1556;5.2560;5.8070;13.0638;5.8505;5.8538;49.4911;41.5898;6.1915;45.4228;6.7297,bytes=512010498-512091804;bytes=1234248263-1234447121;bytes=1420456724-1420551045;bytes=1726806623-1726916519;bytes=1479162819-1480057985;bytes=1921175092-1921301760;bytes=1719814527-1720706409;bytes=1543008564-1543906326;bytes=1651240223-1652157319;bytes=1846370179-1846577444;bytes=1912085169-1912995092;bytes=1685171916-1685262768;bytes=1643840185-1644061968;bytes=17733157-18648159;bytes=1846266673-1846370178;bytes=732885010-732982525;bytes=1421456988-1422337868;bytes=1677493826-1678390033;bytes=1726699648-1726806622;bytes=56304529-56371233;bytes=19546918-19624247;bytes=169969712-170170030;bytes=725031293-725184091;bytes=1037052996-1037951793;bytes=1338924157-1339823610;bytes=128302429-129216602;bytes=1545403186-1546297567;bytes=23662341-23748271;bytes=93079693-93177728;bytes=783250185-784124164;bytes=15733140-15826720;bytes=1730891984-1731011212;bytes=1046935226-1047850139;bytes=1729710490-1730607334;bytes=1850569100-1850676764;bytes=36319658-36416454;bytes=1718915264-1719814526;bytes=166002691-166897229;bytes=1201365105-1201568097;bytes=1917487146-1917589050;bytes=9744492-10652386;bytes=1179798088-1180699053;bytes=56567130-57460713;bytes=246978779-247076166;bytes=133389994-133498417;bytes=401381719-401515194;bytes=1693745194-1694639553;bytes=823353710-824262415;bytes=300147834-301031514;bytes=244835071-245732602;bytes=300050269-300147833;bytes=1677140719-1677271129;bytes=15826721-15930431;bytes=222249683-222339354;bytes=1589956666-1590061324;bytes=9744492-10652386;bytes=129793216-130690294;bytes=1757915523-1758832120;bytes=401515195-401614369,c6a69855;8bfcc576;b7df81c2;f80a7531;586bc0ba;511ce036;6c2b5b51;2a4a2f30;3f2759ab;d9b11029;b1b94e5b;9d617028;d1aef557;b73c2665;aef2639e;d191e845;e2a5fb7d;8d5b4ade;86c66d44;2dbc1561;8eb4ac21;196a0fa9;e35a05ad;f387f641;0dc57610;60cd2b6d;e537b4da;8a2e4186;a489a1c6;0d5b0df1;aed80b97;bfbbbd8f;2a4df3a5;d7954bc9;d8c58b87;cfb204b7;900bcef5;897ca76c;102727a5;fa9aa179;1e0e8abb;31fecc39;ece97bfa;d056e730;6e30f0b5;bae4aeea;b6d6ac30;0efcb67a;bc4a67eb;e337d766;14bfc4d6;c32ac86b;a6c5e786;1f2cf2f0;ce7f93cd;66129aa7;78bbcb28;53d9fd81;53edd962
15,4,95,success,None,23/Jul/2026:13:18:46.320544,23/Jul/2026:13:18:54.859364,8.5388,64,23/Jul/2026:13:18:46.340997;23/Jul/2026:13:18:32.080515;23/Jul/2026:13:18:35.178925;23/Jul/2026:13:18:06.289644;23/Jul/2026:13:18:00.648045;23/Jul/2026:13:17:33.861053;23/Jul/2026:13:18:06.288740;23/Jul/2026:13:18:02.711900;23/Jul/2026:13:18:03.820253;23/Jul/2026:13:18:08.509169;23/Jul/2026:13:18:09.370893;23/Jul/2026:13:18:05.258023;23/Jul/2026:13:17:28.749442;23/Jul/2026:13:18:46.322418;23/Jul/2026:13:18:08.508844;23/Jul/2026:13:17:11.019025;23/Jul/2026:13:17:25.137979;23/Jul/2026:13:18:05.257616;23/Jul/2026:13:18:06.289335;23/Jul/2026:13:18:46.324922;23/Jul/2026:13:18:46.322167;23/Jul/2026:13:17:38.227623;23/Jul/2026:13:17:11.018485;23/Jul/2026:13:18:28.539336;23/Jul/2026:13:17:57.530572;23/Jul/2026:13:18:46.327950;23/Jul/2026:13:18:02.712764;23/Jul/2026:13:18:46.322667;23/Jul/2026:13:18:46.327269;23/Jul/2026:13:18:24.953378;23/Jul/2026:13:18:46.322042;23/Jul/2026:13:18:41.305104;23/Jul/2026:13:17:52.399791;23/Jul/2026:13:18:06.290023;23/Jul/2026:13:18:08.509340;23/Jul/2026:13:18:10.903390;23/Jul/2026:13:18:06.288600;23/Jul/2026:13:18:46.328878;23/Jul/2026:13:18:31.947601;23/Jul/2026:13:18:42.548714;23/Jul/2026:13:18:46.320016;23/Jul/2026:13:18:29.046714;23/Jul/2026:13:18:46.325536;23/Jul/2026:13:18:46.330977;23/Jul/2026:13:18:46.328054;23/Jul/2026:13:18:46.334459;23/Jul/2026:13:18:05.647392;23/Jul/2026:13:17:49.657595;23/Jul/2026:13:18:46.331962;23/Jul/2026:13:18:46.330889;23/Jul/2026:13:18:46.331876;23/Jul/2026:13:18:39.089783;23/Jul/2026:13:18:46.322105;23/Jul/2026:13:18:46.330530;23/Jul/2026:13:18:02.763753;23/Jul/2026:13:18:10.901849;23/Jul/2026:13:18:46.328118;23/Jul/2026:13:18:07.190545;23/Jul/2026:13:18:46.334491;23/Jul/2026:13:18:46.332170;23/Jul/2026:13:18:46.325979;23/Jul/2026:13:18:46.332112;23/Jul/2026:13:18:10.902832;23/Jul/2026:13:18:46.325699,0.0189;14.2905;11.1921;40.1306;45.8133;72.6151;40.1899;43.7715;42.6748;37.9860;37.1950;41.3080;77.8244;0.2519;38.1502;95.6476;81.5291;41.4552;40.5371;0.5311;0.5756;68.6939;95.9272;18.4800;49.7075;0.9109;44.5951;1.0721;1.1995;23.0204;1.8428;6.9144;55.8265;41.9376;39.9508;37.9931;42.7224;2.9840;17.4072;6.8844;3.7310;21.4918;4.2916;4.3952;4.4967;4.5522;45.2901;61.6164;5.1556;5.2560;5.8070;13.0638;5.8505;5.8538;49.4911;41.5898;6.1915;45.4228;6.7297;8.0637;8.0744;8.0765;43.5069;8.1752,bytes=512010498-512091804;bytes=1234248263-1234447121;bytes=1420456724-1420551045;bytes=1726806623-1726916519;bytes=1479162819-1480057985;bytes=1921175092-1921301760;bytes=1719814527-1720706409;bytes=1543008564-1543906326;bytes=1651240223-1652157319;bytes=1846370179-1846577444;bytes=1912085169-1912995092;bytes=1685171916-1685262768;bytes=1643840185-1644061968;bytes=17733157-18648159;bytes=1846266673-1846370178;bytes=732885010-732982525;bytes=1421456988-1422337868;bytes=1677493826-1678390033;bytes=1726699648-1726806622;bytes=56304529-56371233;bytes=19546918-19624247;bytes=169969712-170170030;bytes=725031293-725184091;bytes=1037052996-1037951793;bytes=1338924157-1339823610;bytes=128302429-129216602;bytes=1545403186-1546297567;bytes=23662341-23748271;bytes=93079693-93177728;bytes=783250185-784124164;bytes=15733140-15826720;bytes=1730891984-1731011212;bytes=1046935226-1047850139;bytes=1729710490-1730607334;bytes=1850569100-1850676764;bytes=36319658-36416454;bytes=1718915264-1719814526;bytes=166002691-166897229;bytes=1201365105-1201568097;bytes=1917487146-1917589050;bytes=9744492-10652386;bytes=1179798088-1180699053;bytes=56567130-57460713;bytes=246978779-247076166;bytes=133389994-133498417;bytes=401381719-401515194;bytes=1693745194-1694639553;bytes=823353710-824262415;bytes=300147834-301031514;bytes=244835071-245732602;bytes=300050269-300147833;bytes=1677140719-1677271129;bytes=15826721-15930431;bytes=222249683-222339354;bytes=1589956666-1590061324;bytes=9744492-10652386;bytes=129793216-130690294;bytes=1757915523-1758832120;bytes=401515195-401614369;bytes=307836611-307918881;bytes=80991513-81885663;bytes=304051803-304151344;bytes=19703508-19848010;bytes=59231728-60118163,c6a69855;8bfcc576;b7df81c2;f80a7531;586bc0ba;511ce036;6c2b5b51;2a4a2f30;3f2759ab;d9b11029;b1b94e5b;9d617028;d1aef557;b73c2665;aef2639e;d191e845;e2a5fb7d;8d5b4ade;86c66d44;2dbc1561;8eb4ac21;196a0fa9;e35a05ad;f387f641;0dc57610;60cd2b6d;e537b4da;8a2e4186;a489a1c6;0d5b0df1;aed80b97;bfbbbd8f;2a4df3a5;d7954bc9;d8c58b87;cfb204b7;900bcef5;897ca76c;102727a5;fa9aa179;1e0e8abb;31fecc39;ece97bfa;d056e730;6e30f0b5;bae4aeea;b6d6ac30;0efcb67a;bc4a67eb;e337d766;14bfc4d6;c32ac86b;a6c5e786;1f2cf2f0;ce7f93cd;66129aa7;78bbcb28;53d9fd81;53edd962;232c5118;b4ce8734;f3a34755;d4409ac6;8fd28a06
15,4,60,success,None,23/Jul/2026:13:18:46.319712,23/Jul/2026:13:18:55.129489,8.8098,70,23/Jul/2026:13:18:46.340997;23/Jul/2026:13:18:32.080515;23/Jul/2026:13:18:35.178925;23/Jul/2026:13:18:06.289644;23/Jul/2026:13:18:00.648045;23/Jul/2026:13:17:33.861053;23/Jul/2026:13:18:06.288740;23/Jul/2026:13:18:02.711900;23/Jul/2026:13:18:03.820253;23/Jul/2026:13:18:08.509169;23/Jul/2026:13:18:09.370893;23/Jul/2026:13:18:05.258023;23/Jul/2026:13:17:28.749442;23/Jul/2026:13:18:46.322418;23/Jul/2026:13:18:08.508844;23/Jul/2026:13:17:11.019025;23/Jul/2026:13:17:25.137979;23/Jul/2026:13:18:05.257616;23/Jul/2026:13:18:06.289335;23/Jul/2026:13:18:46.324922;23/Jul/2026:13:18:46.322167;23/Jul/2026:13:17:38.227623;23/Jul/2026:13:17:11.018485;23/Jul/2026:13:18:28.539336;23/Jul/2026:13:17:57.530572;23/Jul/2026:13:18:46.327950;23/Jul/2026:13:18:02.712764;23/Jul/2026:13:18:46.322667;23/Jul/2026:13:18:46.327269;23/Jul/2026:13:18:24.953378;23/Jul/2026:13:18:46.322042;23/Jul/2026:13:18:41.305104;23/Jul/2026:13:17:52.399791;23/Jul/2026:13:18:06.290023;23/Jul/2026:13:18:08.509340;23/Jul/2026:13:18:10.903390;23/Jul/2026:13:18:06.288600;23/Jul/2026:13:18:46.328878;23/Jul/2026:13:18:31.947601;23/Jul/2026:13:18:42.548714;23/Jul/2026:13:18:46.320016;23/Jul/2026:13:18:29.046714;23/Jul/2026:13:18:46.325536;23/Jul/2026:13:18:46.330977;23/Jul/2026:13:18:46.328054;23/Jul/2026:13:18:46.334459;23/Jul/2026:13:18:05.647392;23/Jul/2026:13:17:49.657595;23/Jul/2026:13:18:46.331962;23/Jul/2026:13:18:46.330889;23/Jul/2026:13:18:46.331876;23/Jul/2026:13:18:39.089783;23/Jul/2026:13:18:46.322105;23/Jul/2026:13:18:46.330530;23/Jul/2026:13:18:02.763753;23/Jul/2026:13:18:10.901849;23/Jul/2026:13:18:46.328118;23/Jul/2026:13:18:07.190545;23/Jul/2026:13:18:46.334491;23/Jul/2026:13:18:46.332170;23/Jul/2026:13:18:46.325979;23/Jul/2026:13:18:46.332112;23/Jul/2026:13:18:10.902832;23/Jul/2026:13:18:46.325699;23/Jul/2026:13:18:54.318057;23/Jul/2026:13:18:46.334897;23/Jul/2026:13:18:46.322849;23/Jul/2026:13:18:31.947765;23/Jul/2026:13:17:48.848393;23/Jul/2026:13:18:07.658506,0.0189;14.2905;11.1921;40.1306;45.8133;72.6151;40.1899;43.7715;42.6748;37.9860;37.1950;41.3080;77.8244;0.2519;38.1502;95.6476;81.5291;41.4552;40.5371;0.5311;0.5756;68.6939;95.9272;18.4800;49.7075;0.9109;44.5951;1.0721;1.1995;23.0204;1.8428;6.9144;55.8265;41.9376;39.9508;37.9931;42.7224;2.9840;17.4072;6.8844;3.7310;21.4918;4.2916;4.3952;4.4967;4.5522;45.2901;61.6164;5.1556;5.2560;5.8070;13.0638;5.8505;5.8538;49.4911;41.5898;6.1915;45.4228;6.7297;8.0637;8.0744;8.0765;43.5069;8.1752;0.6110;8.5999;8.6451;23.0252;66.1753;47.3894,bytes=512010498-512091804;bytes=1234248263-1234447121;bytes=1420456724-1420551045;bytes=1726806623-1726916519;bytes=1479162819-1480057985;bytes=1921175092-1921301760;bytes=1719814527-1720706409;bytes=1543008564-1543906326;bytes=1651240223-1652157319;bytes=1846370179-1846577444;bytes=1912085169-1912995092;bytes=1685171916-1685262768;bytes=1643840185-1644061968;bytes=17733157-18648159;bytes=1846266673-1846370178;bytes=732885010-732982525;bytes=1421456988-1422337868;bytes=1677493826-1678390033;bytes=1726699648-1726806622;bytes=56304529-56371233;bytes=19546918-19624247;bytes=169969712-170170030;bytes=725031293-725184091;bytes=1037052996-1037951793;bytes=1338924157-1339823610;bytes=128302429-129216602;bytes=1545403186-1546297567;bytes=23662341-23748271;bytes=93079693-93177728;bytes=783250185-784124164;bytes=15733140-15826720;bytes=1730891984-1731011212;bytes=1046935226-1047850139;bytes=1729710490-1730607334;bytes=1850569100-1850676764;bytes=36319658-36416454;bytes=1718915264-1719814526;bytes=166002691-166897229;bytes=1201365105-1201568097;bytes=1917487146-1917589050;bytes=9744492-10652386;bytes=1179798088-1180699053;bytes=56567130-57460713;bytes=246978779-247076166;bytes=133389994-133498417;bytes=401381719-401515194;bytes=1693745194-1694639553;bytes=823353710-824262415;bytes=300147834-301031514;bytes=244835071-245732602;bytes=300050269-300147833;bytes=1677140719-1677271129;bytes=15826721-15930431;bytes=222249683-222339354;bytes=1589956666-1590061324;bytes=9744492-10652386;bytes=129793216-130690294;bytes=1757915523-1758832120;bytes=401515195-401614369;bytes=307836611-307918881;bytes=80991513-81885663;bytes=304051803-304151344;bytes=19703508-19848010;bytes=59231728-60118163;bytes=524676355-524847305;bytes=413892166-414096607;bytes=29322117-30208735;bytes=1205513196-1205612698;bytes=761437009-761535436;bytes=1802324086-1803199765,c6a69855;8bfcc576;b7df81c2;f80a7531;586bc0ba;511ce036;6c2b5b51;2a4a2f30;3f2759ab;d9b11029;b1b94e5b;9d617028;d1aef557;b73c2665;aef2639e;d191e845;e2a5fb7d;8d5b4ade;86c66d44;2dbc1561;8eb4ac21;196a0fa9;e35a05ad;f387f641;0dc57610;60cd2b6d;e537b4da;8a2e4186;a489a1c6;0d5b0df1;aed80b97;bfbbbd8f;2a4df3a5;d7954bc9;d8c58b87;cfb204b7;900bcef5;897ca76c;102727a5;fa9aa179;1e0e8abb;31fecc39;ece97bfa;d056e730;6e30f0b5;bae4aeea;b6d6ac30;0efcb67a;bc4a67eb;e337d766;14bfc4d6;c32ac86b;a6c5e786;1f2cf2f0;ce7f93cd;66129aa7;78bbcb28;53d9fd81;53edd962;232c5118;b4ce8734;f3a34755;d4409ac6;8fd28a06;a74c2ceb;f60bcc8b;df765233;1a6fc210;03d01df6;895d6acd
15,4,105,success,None,23/Jul/2026:13:18:46.321043,23/Jul/2026:13:18:55.927029,9.6060,76,23/Jul/2026:13:18:46.340997;23/Jul/2026:13:18:32.080515;23/Jul/2026:13:18:35.178925;23/Jul/2026:13:18:06.289644;23/Jul/2026:13:18:00.648045;23/Jul/2026:13:17:33.861053;23/Jul/2026:13:18:06.288740;23/Jul/2026:13:18:02.711900;23/Jul/2026:13:18:03.820253;23/Jul/2026:13:18:08.509169;23/Jul/2026:13:18:09.370893;23/Jul/2026:13:18:05.258023;23/Jul/2026:13:17:28.749442;23/Jul/2026:13:18:46.322418;23/Jul/2026:13:18:08.508844;23/Jul/2026:13:17:11.019025;23/Jul/2026:13:17:25.137979;23/Jul/2026:13:18:05.257616;23/Jul/2026:13:18:06.289335;23/Jul/2026:13:18:46.324922;23/Jul/2026:13:18:46.322167;23/Jul/2026:13:17:38.227623;23/Jul/2026:13:17:11.018485;23/Jul/2026:13:18:28.539336;23/Jul/2026:13:17:57.530572;23/Jul/2026:13:18:46.327950;23/Jul/2026:13:18:02.712764;23/Jul/2026:13:18:46.322667;23/Jul/2026:13:18:46.327269;23/Jul/2026:13:18:24.953378;23/Jul/2026:13:18:46.322042;23/Jul/2026:13:18:41.305104;23/Jul/2026:13:17:52.399791;23/Jul/2026:13:18:06.290023;23/Jul/2026:13:18:08.509340;23/Jul/2026:13:18:10.903390;23/Jul/2026:13:18:06.288600;23/Jul/2026:13:18:46.328878;23/Jul/2026:13:18:31.947601;23/Jul/2026:13:18:42.548714;23/Jul/2026:13:18:46.320016;23/Jul/2026:13:18:29.046714;23/Jul/2026:13:18:46.325536;23/Jul/2026:13:18:46.330977;23/Jul/2026:13:18:46.328054;23/Jul/2026:13:18:46.334459;23/Jul/2026:13:18:05.647392;23/Jul/2026:13:17:49.657595;23/Jul/2026:13:18:46.331962;23/Jul/2026:13:18:46.330889;23/Jul/2026:13:18:46.331876;23/Jul/2026:13:18:39.089783;23/Jul/2026:13:18:46.322105;23/Jul/2026:13:18:46.330530;23/Jul/2026:13:18:02.763753;23/Jul/2026:13:18:10.901849;23/Jul/2026:13:18:46.328118;23/Jul/2026:13:18:07.190545;23/Jul/2026:13:18:46.334491;23/Jul/2026:13:18:46.332170;23/Jul/2026:13:18:46.325979;23/Jul/2026:13:18:46.332112;23/Jul/2026:13:18:10.902832;23/Jul/2026:13:18:46.325699;23/Jul/2026:13:18:54.318057;23/Jul/2026:13:18:46.334897;23/Jul/2026:13:18:46.322849;23/Jul/2026:13:18:31.947765;23/Jul/2026:13:17:48.848393;23/Jul/2026:13:18:07.658506;23/Jul/2026:13:18:46.321789;23/Jul/2026:13:18:07.658144;23/Jul/2026:13:18:41.753588;23/Jul/2026:13:18:46.322910;23/Jul/2026:13:18:05.257910;23/Jul/2026:13:18:46.335339,0.0189;14.2905;11.1921;40.1306;45.8133;72.6151;40.1899;43.7715;42.6748;37.9860;37.1950;41.3080;77.8244;0.2519;38.1502;95.6476;81.5291;41.4552;40.5371;0.5311;0.5756;68.6939;95.9272;18.4800;49.7075;0.9109;44.5951;1.0721;1.1995;23.0204;1.8428;6.9144;55.8265;41.9376;39.9508;37.9931;42.7224;2.9840;17.4072;6.8844;3.7310;21.4918;4.2916;4.3952;4.4967;4.5522;45.2901;61.6164;5.1556;5.2560;5.8070;13.0638;5.8505;5.8538;49.4911;41.5898;6.1915;45.4228;6.7297;8.0637;8.0744;8.0765;43.5069;8.1752;0.6110;8.5999;8.6451;23.0252;66.1753;47.3894;8.9048;47.5685;13.4922;8.9707;50.0376;8.9668,bytes=512010498-512091804;bytes=1234248263-1234447121;bytes=1420456724-1420551045;bytes=1726806623-1726916519;bytes=1479162819-1480057985;bytes=1921175092-1921301760;bytes=1719814527-1720706409;bytes=1543008564-1543906326;bytes=1651240223-1652157319;bytes=1846370179-1846577444;bytes=1912085169-1912995092;bytes=1685171916-1685262768;bytes=1643840185-1644061968;bytes=17733157-18648159;bytes=1846266673-1846370178;bytes=732885010-732982525;bytes=1421456988-1422337868;bytes=1677493826-1678390033;bytes=1726699648-1726806622;bytes=56304529-56371233;bytes=19546918-19624247;bytes=169969712-170170030;bytes=725031293-725184091;bytes=1037052996-1037951793;bytes=1338924157-1339823610;bytes=128302429-129216602;bytes=1545403186-1546297567;bytes=23662341-23748271;bytes=93079693-93177728;bytes=783250185-784124164;bytes=15733140-15826720;bytes=1730891984-1731011212;bytes=1046935226-1047850139;bytes=1729710490-1730607334;bytes=1850569100-1850676764;bytes=36319658-36416454;bytes=1718915264-1719814526;bytes=166002691-166897229;bytes=1201365105-1201568097;bytes=1917487146-1917589050;bytes=9744492-10652386;bytes=1179798088-1180699053;bytes=56567130-57460713;bytes=246978779-247076166;bytes=133389994-133498417;bytes=401381719-401515194;bytes=1693745194-1694639553;bytes=823353710-824262415;bytes=300147834-301031514;bytes=244835071-245732602;bytes=300050269-300147833;bytes=1677140719-1677271129;bytes=15826721-15930431;bytes=222249683-222339354;bytes=1589956666-1590061324;bytes=9744492-10652386;bytes=129793216-130690294;bytes=1757915523-1758832120;bytes=401515195-401614369;bytes=307836611-307918881;bytes=80991513-81885663;bytes=304051803-304151344;bytes=19703508-19848010;bytes=59231728-60118163;bytes=524676355-524847305;bytes=413892166-414096607;bytes=29322117-30208735;bytes=1205513196-1205612698;bytes=761437009-761535436;bytes=1802324086-1803199765;bytes=12870474-13766804;bytes=1805162641-1805279229;bytes=1801212264-1801447881;bytes=30208736-31127958;bytes=1681392848-1681502459;bytes=426640967-427535995,c6a69855;8bfcc576;b7df81c2;f80a7531;586bc0ba;511ce036;6c2b5b51;2a4a2f30;3f2759ab;d9b11029;b1b94e5b;9d617028;d1aef557;b73c2665;aef2639e;d191e845;e2a5fb7d;8d5b4ade;86c66d44;2dbc1561;8eb4ac21;196a0fa9;e35a05ad;f387f641;0dc57610;60cd2b6d;e537b4da;8a2e4186;a489a1c6;0d5b0df1;aed80b97;bfbbbd8f;2a4df3a5;d7954bc9;d8c58b87;cfb204b7;900bcef5;897ca76c;102727a5;fa9aa179;1e0e8abb;31fecc39;ece97bfa;d056e730;6e30f0b5;bae4aeea;b6d6ac30;0efcb67a;bc4a67eb;e337d766;14bfc4d6;c32ac86b;a6c5e786;1f2cf2f0;ce7f93cd;66129aa7;78bbcb28;53d9fd81;53edd962;232c5118;b4ce8734;f3a34755;d4409ac6;8fd28a06;a74c2ceb;f60bcc8b;df765233;1a6fc210;03d01df6;895d6acd;f019ea37;c2efc44a;94e6b955;3619cdda;96c6da1f;7f48e58c
15,4,12,success,None,23/Jul/2026:13:18:46.318682,23/Jul/2026:13:18:56.264148,9.9455,80,23/Jul/2026:13:18:46.340997;23/Jul/2026:13:18:32.080515;23/Jul/2026:13:18:35.178925;23/Jul/2026:13:18:06.289644;23/Jul/2026:13:18:00.648045;23/Jul/2026:13:17:33.861053;23/Jul/2026:13:18:06.288740;23/Jul/2026:13:18:02.711900;23/Jul/2026:13:18:03.820253;23/Jul/2026:13:18:08.509169;23/Jul/2026:13:18:09.370893;23/Jul/2026:13:18:05.258023;23/Jul/2026:13:17:28.749442;23/Jul/2026:13:18:46.322418;23/Jul/2026:13:18:08.508844;23/Jul/2026:13:17:11.019025;23/Jul/2026:13:17:25.137979;23/Jul/2026:13:18:05.257616;23/Jul/2026:13:18:06.289335;23/Jul/2026:13:18:46.324922;23/Jul/2026:13:18:46.322167;23/Jul/2026:13:17:38.227623;23/Jul/2026:13:17:11.018485;23/Jul/2026:13:18:28.539336;23/Jul/2026:13:17:57.530572;23/Jul/2026:13:18:46.327950;23/Jul/2026:13:18:02.712764;23/Jul/2026:13:18:46.322667;23/Jul/2026:13:18:46.327269;23/Jul/2026:13:18:24.953378;23/Jul/2026:13:18:46.322042;23/Jul/2026:13:18:41.305104;23/Jul/2026:13:17:52.399791;23/Jul/2026:13:18:06.290023;23/Jul/2026:13:18:08.509340;23/Jul/2026:13:18:10.903390;23/Jul/2026:13:18:06.288600;23/Jul/2026:13:18:46.328878;23/Jul/2026:13:18:31.947601;23/Jul/2026:13:18:42.548714;23/Jul/2026:13:18:46.320016;23/Jul/2026:13:18:29.046714;23/Jul/2026:13:18:46.325536;23/Jul/2026:13:18:46.330977;23/Jul/2026:13:18:46.328054;23/Jul/2026:13:18:46.334459;23/Jul/2026:13:18:05.647392;23/Jul/2026:13:17:49.657595;23/Jul/2026:13:18:46.331962;23/Jul/2026:13:18:46.330889;23/Jul/2026:13:18:46.331876;23/Jul/2026:13:18:39.089783;23/Jul/2026:13:18:46.322105;23/Jul/2026:13:18:46.330530;23/Jul/2026:13:18:02.763753;23/Jul/2026:13:18:10.901849;23/Jul/2026:13:18:46.328118;23/Jul/2026:13:18:07.190545;23/Jul/2026:13:18:46.334491;23/Jul/2026:13:18:46.332170;23/Jul/2026:13:18:46.325979;23/Jul/2026:13:18:46.332112;23/Jul/2026:13:18:10.902832;23/Jul/2026:13:18:46.325699;23/Jul/2026:13:18:54.318057;23/Jul/2026:13:18:46.334897;23/Jul/2026:13:18:46.322849;23/Jul/2026:13:18:31.947765;23/Jul/2026:13:17:48.848393;23/Jul/2026:13:18:07.658506;23/Jul/2026:13:18:46.321789;23/Jul/2026:13:18:07.658144;23/Jul/2026:13:18:41.753588;23/Jul/2026:13:18:46.322910;23/Jul/2026:13:18:05.257910;23/Jul/2026:13:18:46.335339;23/Jul/2026:13:17:54.141495;23/Jul/2026:13:18:46.328149;23/Jul/2026:13:18:08.509452;23/Jul/2026:13:18:46.327768,0.0189;14.2905;11.1921;40.1306;45.8133;72.6151;40.1899;43.7715;42.6748;37.9860;37.1950;41.3080;77.8244;0.2519;38.1502;95.6476;81.5291;41.4552;40.5371;0.5311;0.5756;68.6939;95.9272;18.4800;49.7075;0.9109;44.5951;1.0721;1.1995;23.0204;1.8428;6.9144;55.8265;41.9376;39.9508;37.9931;42.7224;2.9840;17.4072;6.8844;3.7310;21.4918;4.2916;4.3952;4.4967;4.5522;45.2901;61.6164;5.1556;5.2560;5.8070;13.0638;5.8505;5.8538;49.4911;41.5898;6.1915;45.4228;6.7297;8.0637;8.0744;8.0765;43.5069;8.1752;0.6110;8.5999;8.6451;23.0252;66.1753;47.3894;8.9048;47.5685;13.4922;8.9707;50.0376;8.9668;61.8375;9.6828;47.5597;9.7687,bytes=512010498-512091804;bytes=1234248263-1234447121;bytes=1420456724-1420551045;bytes=1726806623-1726916519;bytes=1479162819-1480057985;bytes=1921175092-1921301760;bytes=1719814527-1720706409;bytes=1543008564-1543906326;bytes=1651240223-1652157319;bytes=1846370179-1846577444;bytes=1912085169-1912995092;bytes=1685171916-1685262768;bytes=1643840185-1644061968;bytes=17733157-18648159;bytes=1846266673-1846370178;bytes=732885010-732982525;bytes=1421456988-1422337868;bytes=1677493826-1678390033;bytes=1726699648-1726806622;bytes=56304529-56371233;bytes=19546918-19624247;bytes=169969712-170170030;bytes=725031293-725184091;bytes=1037052996-1037951793;bytes=1338924157-1339823610;bytes=128302429-129216602;bytes=1545403186-1546297567;bytes=23662341-23748271;bytes=93079693-93177728;bytes=783250185-784124164;bytes=15733140-15826720;bytes=1730891984-1731011212;bytes=1046935226-1047850139;bytes=1729710490-1730607334;bytes=1850569100-1850676764;bytes=36319658-36416454;bytes=1718915264-1719814526;bytes=166002691-166897229;bytes=1201365105-1201568097;bytes=1917487146-1917589050;bytes=9744492-10652386;bytes=1179798088-1180699053;bytes=56567130-57460713;bytes=246978779-247076166;bytes=133389994-133498417;bytes=401381719-401515194;bytes=1693745194-1694639553;bytes=823353710-824262415;bytes=300147834-301031514;bytes=244835071-245732602;bytes=300050269-300147833;bytes=1677140719-1677271129;bytes=15826721-15930431;bytes=222249683-222339354;bytes=1589956666-1590061324;bytes=9744492-10652386;bytes=129793216-130690294;bytes=1757915523-1758832120;bytes=401515195-401614369;bytes=307836611-307918881;bytes=80991513-81885663;bytes=304051803-304151344;bytes=19703508-19848010;bytes=59231728-60118163;bytes=524676355-524847305;bytes=413892166-414096607;bytes=29322117-30208735;bytes=1205513196-1205612698;bytes=761437009-761535436;bytes=1802324086-1803199765;bytes=12870474-13766804;bytes=1805162641-1805279229;bytes=1801212264-1801447881;bytes=30208736-31127958;bytes=1681392848-1681502459;bytes=426640967-427535995;bytes=1175790559-1176690287;bytes=130690295-131568698;bytes=1847717100-1848608708;bytes=129216603-129323426,c6a69855;8bfcc576;b7df81c2;f80a7531;586bc0ba;511ce036;6c2b5b51;2a4a2f30;3f2759ab;d9b11029;b1b94e5b;9d617028;d1aef557;b73c2665;aef2639e;d191e845;e2a5fb7d;8d5b4ade;86c66d44;2dbc1561;8eb4ac21;196a0fa9;e35a05ad;f387f641;0dc57610;60cd2b6d;e537b4da;8a2e4186;a489a1c6;0d5b0df1;aed80b97;bfbbbd8f;2a4df3a5;d7954bc9;d8c58b87;cfb204b7;900bcef5;897ca76c;102727a5;fa9aa179;1e0e8abb;31fecc39;ece97bfa;d056e730;6e30f0b5;bae4aeea;b6d6ac30;0efcb67a;bc4a67eb;e337d766;14bfc4d6;c32ac86b;a6c5e786;1f2cf2f0;ce7f93cd;66129aa7;78bbcb28;53d9fd81;53edd962;232c5118;b4ce8734;f3a34755;d4409ac6;8fd28a06;a74c2ceb;f60bcc8b;df765233;1a6fc210;03d01df6;895d6acd;f019ea37;c2efc44a;94e6b955;3619cdda;96c6da1f;7f48e58c;076a5533;6b0f4ffb;d2fe35cd;e2c6292d
15,4,113,success,None,23/Jul/2026:13:18:46.321158,23/Jul/2026:13:18:56.356520,10.0354,82,23/Jul/2026:13:18:46.340997;23/Jul/2026:13:18:32.080515;23/Jul/2026:13:18:35.178925;23/Jul/2026:13:18:06.289644;23/Jul/2026:13:18:00.648045;23/Jul/2026:13:17:33.861053;23/Jul/2026:13:18:06.288740;23/Jul/2026:13:18:02.711900;23/Jul/2026:13:18:03.820253;23/Jul/2026:13:18:08.509169;23/Jul/2026:13:18:09.370893;23/Jul/2026:13:18:05.258023;23/Jul/2026:13:17:28.749442;23/Jul/2026:13:18:46.322418;23/Jul/2026:13:18:08.508844;23/Jul/2026:13:17:11.019025;23/Jul/2026:13:17:25.137979;23/Jul/2026:13:18:05.257616;23/Jul/2026:13:18:06.289335;23/Jul/2026:13:18:46.324922;23/Jul/2026:13:18:46.322167;23/Jul/2026:13:17:38.227623;23/Jul/2026:13:17:11.018485;23/Jul/2026:13:18:28.539336;23/Jul/2026:13:17:57.530572;23/Jul/2026:13:18:46.327950;23/Jul/2026:13:18:02.712764;23/Jul/2026:13:18:46.322667;23/Jul/2026:13:18:46.327269;23/Jul/2026:13:18:24.953378;23/Jul/2026:13:18:46.322042;23/Jul/2026:13:18:41.305104;23/Jul/2026:13:17:52.399791;23/Jul/2026:13:18:06.290023;23/Jul/2026:13:18:08.509340;23/Jul/2026:13:18:10.903390;23/Jul/2026:13:18:06.288600;23/Jul/2026:13:18:46.328878;23/Jul/2026:13:18:31.947601;23/Jul/2026:13:18:42.548714;23/Jul/2026:13:18:46.320016;23/Jul/2026:13:18:29.046714;23/Jul/2026:13:18:46.325536;23/Jul/2026:13:18:46.330977;23/Jul/2026:13:18:46.328054;23/Jul/2026:13:18:46.334459;23/Jul/2026:13:18:05.647392;23/Jul/2026:13:17:49.657595;23/Jul/2026:13:18:46.331962;23/Jul/2026:13:18:46.330889;23/Jul/2026:13:18:46.331876;23/Jul/2026:13:18:39.089783;23/Jul/2026:13:18:46.322105;23/Jul/2026:13:18:46.330530;23/Jul/2026:13:18:02.763753;23/Jul/2026:13:18:10.901849;23/Jul/2026:13:18:46.328118;23/Jul/2026:13:18:07.190545;23/Jul/2026:13:18:46.334491;23/Jul/2026:13:18:46.332170;23/Jul/2026:13:18:46.325979;23/Jul/2026:13:18:46.332112;23/Jul/2026:13:18:10.902832;23/Jul/2026:13:18:46.325699;23/Jul/2026:13:18:54.318057;23/Jul/2026:13:18:46.334897;23/Jul/2026:13:18:46.322849;23/Jul/2026:13:18:31.947765;23/Jul/2026:13:17:48.848393;23/Jul/2026:13:18:07.658506;23/Jul/2026:13:18:46.321789;23/Jul/2026:13:18:07.658144;23/Jul/2026:13:18:41.753588;23/Jul/2026:13:18:46.322910;23/Jul/2026:13:18:05.257910;23/Jul/2026:13:18:46.335339;23/Jul/2026:13:17:54.141495;23/Jul/2026:13:18:46.328149;23/Jul/2026:13:18:08.509452;23/Jul/2026:13:18:46.327768;23/Jul/2026:13:18:42.217826;23/Jul/2026:13:18:46.331267,0.0189;14.2905;11.1921;40.1306;45.8133;72.6151;40.1899;43.7715;42.6748;37.9860;37.1950;41.3080;77.8244;0.2519;38.1502;95.6476;81.5291;41.4552;40.5371;0.5311;0.5756;68.6939;95.9272;18.4800;49.7075;0.9109;44.5951;1.0721;1.1995;23.0204;1.8428;6.9144;55.8265;41.9376;39.9508;37.9931;42.7224;2.9840;17.4072;6.8844;3.7310;21.4918;4.2916;4.3952;4.4967;4.5522;45.2901;61.6164;5.1556;5.2560;5.8070;13.0638;5.8505;5.8538;49.4911;41.5898;6.1915;45.4228;6.7297;8.0637;8.0744;8.0765;43.5069;8.1752;0.6110;8.5999;8.6451;23.0252;66.1753;47.3894;8.9048;47.5685;13.4922;8.9707;50.0376;8.9668;61.8375;9.6828;47.5597;9.7687;14.1180;10.0073,bytes=512010498-512091804;bytes=1234248263-1234447121;bytes=1420456724-1420551045;bytes=1726806623-1726916519;bytes=1479162819-1480057985;bytes=1921175092-1921301760;bytes=1719814527-1720706409;bytes=1543008564-1543906326;bytes=1651240223-1652157319;bytes=1846370179-1846577444;bytes=1912085169-1912995092;bytes=1685171916-1685262768;bytes=1643840185-1644061968;bytes=17733157-18648159;bytes=1846266673-1846370178;bytes=732885010-732982525;bytes=1421456988-1422337868;bytes=1677493826-1678390033;bytes=1726699648-1726806622;bytes=56304529-56371233;bytes=19546918-19624247;bytes=169969712-170170030;bytes=725031293-725184091;bytes=1037052996-1037951793;bytes=1338924157-1339823610;bytes=128302429-129216602;bytes=1545403186-1546297567;bytes=23662341-23748271;bytes=93079693-93177728;bytes=783250185-784124164;bytes=15733140-15826720;bytes=1730891984-1731011212;bytes=1046935226-1047850139;bytes=1729710490-1730607334;bytes=1850569100-1850676764;bytes=36319658-36416454;bytes=1718915264-1719814526;bytes=166002691-166897229;bytes=1201365105-1201568097;bytes=1917487146-1917589050;bytes=9744492-10652386;bytes=1179798088-1180699053;bytes=56567130-57460713;bytes=246978779-247076166;bytes=133389994-133498417;bytes=401381719-401515194;bytes=1693745194-1694639553;bytes=823353710-824262415;bytes=300147834-301031514;bytes=244835071-245732602;bytes=300050269-300147833;bytes=1677140719-1677271129;bytes=15826721-15930431;bytes=222249683-222339354;bytes=1589956666-1590061324;bytes=9744492-10652386;bytes=129793216-130690294;bytes=1757915523-1758832120;bytes=401515195-401614369;bytes=307836611-307918881;bytes=80991513-81885663;bytes=304051803-304151344;bytes=19703508-19848010;bytes=59231728-60118163;bytes=524676355-524847305;bytes=413892166-414096607;bytes=29322117-30208735;bytes=1205513196-1205612698;bytes=761437009-761535436;bytes=1802324086-1803199765;bytes=12870474-13766804;bytes=1805162641-1805279229;bytes=1801212264-1801447881;bytes=30208736-31127958;bytes=1681392848-1681502459;bytes=426640967-427535995;bytes=1175790559-1176690287;bytes=130690295-131568698;bytes=1847717100-1848608708;bytes=129216603-129323426;bytes=1846370179-1846577444;bytes=254852527-254937026,c6a69855;8bfcc576;b7df81c2;f80a7531;586bc0ba;511ce036;6c2b5b51;2a4a2f30;3f2759ab;d9b11029;b1b94e5b;9d617028;d1aef557;b73c2665;aef2639e;d191e845;e2a5fb7d;8d5b4ade;86c66d44;2dbc1561;8eb4ac21;196a0fa9;e35a05ad;f387f641;0dc57610;60cd2b6d;e537b4da;8a2e4186;a489a1c6;0d5b0df1;aed80b97;bfbbbd8f;2a4df3a5;d7954bc9;d8c58b87;cfb204b7;900bcef5;897ca76c;102727a5;fa9aa179;1e0e8abb;31fecc39;ece97bfa;d056e730;6e30f0b5;bae4aeea;b6d6ac30;0efcb67a;bc4a67eb;e337d766;14bfc4d6;c32ac86b;a6c5e786;1f2cf2f0;ce7f93cd;66129aa7;78bbcb28;53d9fd81;53edd962;232c5118;b4ce8734;f3a34755;d4409ac6;8fd28a06;a74c2ceb;f60bcc8b;df765233;1a6fc210;03d01df6;895d6acd;f019ea37;c2efc44a;94e6b955;3619cdda;96c6da1f;7f48e58c;076a5533;6b0f4ffb;d2fe35cd;e2c6292d;37e0aec2;1ebb9299
15,4,2,success,None,23/Jul/2026:13:18:46.318303,23/Jul/2026:13:18:56.948978,10.6307,87,23/Jul/2026:13:18:46.340997;23/Jul/2026:13:18:32.080515;23/Jul/2026:13:18:35.178925;23/Jul/2026:13:18:06.289644;23/Jul/2026:13:18:00.648045;23/Jul/2026:13:17:33.861053;23/Jul/2026:13:18:06.288740;23/Jul/2026:13:18:02.711900;23/Jul/2026:13:18:03.820253;23/Jul/2026:13:18:08.509169;23/Jul/2026:13:18:09.370893;23/Jul/2026:13:18:05.258023;23/Jul/2026:13:17:28.749442;23/Jul/2026:13:18:46.322418;23/Jul/2026:13:18:08.508844;23/Jul/2026:13:17:11.019025;23/Jul/2026:13:17:25.137979;23/Jul/2026:13:18:05.257616;23/Jul/2026:13:18:06.289335;23/Jul/2026:13:18:46.324922;23/Jul/2026:13:18:46.322167;23/Jul/2026:13:17:38.227623;23/Jul/2026:13:17:11.018485;23/Jul/2026:13:18:28.539336;23/Jul/2026:13:17:57.530572;23/Jul/2026:13:18:46.327950;23/Jul/2026:13:18:02.712764;23/Jul/2026:13:18:46.322667;23/Jul/2026:13:18:46.327269;23/Jul/2026:13:18:24.953378;23/Jul/2026:13:18:46.322042;23/Jul/2026:13:18:41.305104;23/Jul/2026:13:17:52.399791;23/Jul/2026:13:18:06.290023;23/Jul/2026:13:18:08.509340;23/Jul/2026:13:18:10.903390;23/Jul/2026:13:18:06.288600;23/Jul/2026:13:18:46.328878;23/Jul/2026:13:18:31.947601;23/Jul/2026:13:18:42.548714;23/Jul/2026:13:18:46.320016;23/Jul/2026:13:18:29.046714;23/Jul/2026:13:18:46.325536;23/Jul/2026:13:18:46.330977;23/Jul/2026:13:18:46.328054;23/Jul/2026:13:18:46.334459;23/Jul/2026:13:18:05.647392;23/Jul/2026:13:17:49.657595;23/Jul/2026:13:18:46.331962;23/Jul/2026:13:18:46.330889;23/Jul/2026:13:18:46.331876;23/Jul/2026:13:18:39.089783;23/Jul/2026:13:18:46.322105;23/Jul/2026:13:18:46.330530;23/Jul/2026:13:18:02.763753;23/Jul/2026:13:18:10.901849;23/Jul/2026:13:18:46.328118;23/Jul/2026:13:18:07.190545;23/Jul/2026:13:18:46.334491;23/Jul/2026:13:18:46.332170;23/Jul/2026:13:18:46.325979;23/Jul/2026:13:18:46.332112;23/Jul/2026:13:18:10.902832;23/Jul/2026:13:18:46.325699;23/Jul/2026:13:18:54.318057;23/Jul/2026:13:18:46.334897;23/Jul/2026:13:18:46.322849;23/Jul/2026:13:18:31.947765;23/Jul/2026:13:17:48.848393;23/Jul/2026:13:18:07.658506;23/Jul/2026:13:18:46.321789;23/Jul/2026:13:18:07.658144;23/Jul/2026:13:18:41.753588;23/Jul/2026:13:18:46.322910;23/Jul/2026:13:18:05.257910;23/Jul/2026:13:18:46.335339;23/Jul/2026:13:17:54.141495;23/Jul/2026:13:18:46.328149;23/Jul/2026:13:18:08.509452;23/Jul/2026:13:18:46.327768;23/Jul/2026:13:18:42.217826;23/Jul/2026:13:18:46.331267;23/Jul/2026:13:18:55.131702;23/Jul/2026:13:18:54.318534;23/Jul/2026:13:18:46.332459;23/Jul/2026:13:18:46.321894;23/Jul/2026:13:18:54.861006,0.0189;14.2905;11.1921;40.1306;45.8133;72.6151;40.1899;43.7715;42.6748;37.9860;37.1950;41.3080;77.8244;0.2519;38.1502;95.6476;81.5291;41.4552;40.5371;0.5311;0.5756;68.6939;95.9272;18.4800;49.7075;0.9109;44.5951;1.0721;1.1995;23.0204;1.8428;6.9144;55.8265;41.9376;39.9508;37.9931;42.7224;2.9840;17.4072;6.8844;3.7310;21.4918;4.2916;4.3952;4.4967;4.5522;45.2901;61.6164;5.1556;5.2560;5.8070;13.0638;5.8505;5.8538;49.4911;41.5898;6.1915;45.4228;6.7297;8.0637;8.0744;8.0765;43.5069;8.1752;0.6110;8.5999;8.6451;23.0252;66.1753;47.3894;8.9048;47.5685;13.4922;8.9707;50.0376;8.9668;61.8375;9.6828;47.5597;9.7687;14.1180;10.0073;1.3103;2.1771;10.1890;10.2108;1.9615,bytes=512010498-512091804;bytes=1234248263-1234447121;bytes=1420456724-1420551045;bytes=1726806623-1726916519;bytes=1479162819-1480057985;bytes=1921175092-1921301760;bytes=1719814527-1720706409;bytes=1543008564-1543906326;bytes=1651240223-1652157319;bytes=1846370179-1846577444;bytes=1912085169-1912995092;bytes=1685171916-1685262768;bytes=1643840185-1644061968;bytes=17733157-18648159;bytes=1846266673-1846370178;bytes=732885010-732982525;bytes=1421456988-1422337868;bytes=1677493826-1678390033;bytes=1726699648-1726806622;bytes=56304529-56371233;bytes=19546918-19624247;bytes=169969712-170170030;bytes=725031293-725184091;bytes=1037052996-1037951793;bytes=1338924157-1339823610;bytes=128302429-129216602;bytes=1545403186-1546297567;bytes=23662341-23748271;bytes=93079693-93177728;bytes=783250185-784124164;bytes=15733140-15826720;bytes=1730891984-1731011212;bytes=1046935226-1047850139;bytes=1729710490-1730607334;bytes=1850569100-1850676764;bytes=36319658-36416454;bytes=1718915264-1719814526;bytes=166002691-166897229;bytes=1201365105-1201568097;bytes=1917487146-1917589050;bytes=9744492-10652386;bytes=1179798088-1180699053;bytes=56567130-57460713;bytes=246978779-247076166;bytes=133389994-133498417;bytes=401381719-401515194;bytes=1693745194-1694639553;bytes=823353710-824262415;bytes=300147834-301031514;bytes=244835071-245732602;bytes=300050269-300147833;bytes=1677140719-1677271129;bytes=15826721-15930431;bytes=222249683-222339354;bytes=1589956666-1590061324;bytes=9744492-10652386;bytes=129793216-130690294;bytes=1757915523-1758832120;bytes=401515195-401614369;bytes=307836611-307918881;bytes=80991513-81885663;bytes=304051803-304151344;bytes=19703508-19848010;bytes=59231728-60118163;bytes=524676355-524847305;bytes=413892166-414096607;bytes=29322117-30208735;bytes=1205513196-1205612698;bytes=761437009-761535436;bytes=1802324086-1803199765;bytes=12870474-13766804;bytes=1805162641-1805279229;bytes=1801212264-1801447881;bytes=30208736-31127958;bytes=1681392848-1681502459;bytes=426640967-427535995;bytes=1175790559-1176690287;bytes=130690295-131568698;bytes=1847717100-1848608708;bytes=129216603-129323426;bytes=1846370179-1846577444;bytes=254852527-254937026;bytes=593727707-593827298;bytes=528844495-528937260;bytes=345750898-346640078;bytes=13766805-14670925;bytes=565244006-565446215,c6a69855;8bfcc576;b7df81c2;f80a7531;586bc0ba;511ce036;6c2b5b51;2a4a2f30;3f2759ab;d9b11029;b1b94e5b;9d617028;d1aef557;b73c2665;aef2639e;d191e845;e2a5fb7d;8d5b4ade;86c66d44;2dbc1561;8eb4ac21;196a0fa9;e35a05ad;f387f641;0dc57610;60cd2b6d;e537b4da;8a2e4186;a489a1c6;0d5b0df1;aed80b97;bfbbbd8f;2a4df3a5;d7954bc9;d8c58b87;cfb204b7;900bcef5;897ca76c;102727a5;fa9aa179;1e0e8abb;31fecc39;ece97bfa;d056e730;6e30f0b5;bae4aeea;b6d6ac30;0efcb67a;bc4a67eb;e337d766;14bfc4d6;c32ac86b;a6c5e786;1f2cf2f0;ce7f93cd;66129aa7;78bbcb28;53d9fd81;53edd962;232c5118;b4ce8734;f3a34755;d4409ac6;8fd28a06;a74c2ceb;f60bcc8b;df765233;1a6fc210;03d01df6;895d6acd;f019ea37;c2efc44a;94e6b955;3619cdda;96c6da1f;7f48e58c;076a5533;6b0f4ffb;d2fe35cd;e2c6292d;37e0aec2;1ebb9299;581edbe2;93ba52df;8a6e6057;1f60439a;06f016c4
15,4,30,success,None,23/Jul/2026:13:18:46.318932,23/Jul/2026:13:18:57.883563,11.5646,92,23/Jul/2026:13:18:46.340997;23/Jul/2026:13:18:32.080515;23/Jul/2026:13:18:35.178925;23/Jul/2026:13:18:06.289644;23/Jul/2026:13:18:00.648045;23/Jul/2026:13:17:33.861053;23/Jul/2026:13:18:06.288740;23/Jul/2026:13:18:02.711900;23/Jul/2026:13:18:03.820253;23/Jul/2026:13:18:08.509169;23/Jul/2026:13:18:09.370893;23/Jul/2026:13:18:05.258023;23/Jul/2026:13:17:28.749442;23/Jul/2026:13:18:46.322418;23/Jul/2026:13:18:08.508844;23/Jul/2026:13:17:11.019025;23/Jul/2026:13:17:25.137979;23/Jul/2026:13:18:05.257616;23/Jul/2026:13:18:06.289335;23/Jul/2026:13:18:46.324922;23/Jul/2026:13:18:46.322167;23/Jul/2026:13:17:38.227623;23/Jul/2026:13:17:11.018485;23/Jul/2026:13:18:28.539336;23/Jul/2026:13:17:57.530572;23/Jul/2026:13:18:46.327950;23/Jul/2026:13:18:02.712764;23/Jul/2026:13:18:46.322667;23/Jul/2026:13:18:46.327269;23/Jul/2026:13:18:24.953378;23/Jul/2026:13:18:46.322042;23/Jul/2026:13:18:41.305104;23/Jul/2026:13:17:52.399791;23/Jul/2026:13:18:06.290023;23/Jul/2026:13:18:08.509340;23/Jul/2026:13:18:10.903390;23/Jul/2026:13:18:06.288600;23/Jul/2026:13:18:46.328878;23/Jul/2026:13:18:31.947601;23/Jul/2026:13:18:42.548714;23/Jul/2026:13:18:46.320016;23/Jul/2026:13:18:29.046714;23/Jul/2026:13:18:46.325536;23/Jul/2026:13:18:46.330977;23/Jul/2026:13:18:46.328054;23/Jul/2026:13:18:46.334459;23/Jul/2026:13:18:05.647392;23/Jul/2026:13:17:49.657595;23/Jul/2026:13:18:46.331962;23/Jul/2026:13:18:46.330889;23/Jul/2026:13:18:46.331876;23/Jul/2026:13:18:39.089783;23/Jul/2026:13:18:46.322105;23/Jul/2026:13:18:46.330530;23/Jul/2026:13:18:02.763753;23/Jul/2026:13:18:10.901849;23/Jul/2026:13:18:46.328118;23/Jul/2026:13:18:07.190545;23/Jul/2026:13:18:46.334491;23/Jul/2026:13:18:46.332170;23/Jul/2026:13:18:46.325979;23/Jul/2026:13:18:46.332112;23/Jul/2026:13:18:10.902832;23/Jul/2026:13:18:46.325699;23/Jul/2026:13:18:54.318057;23/Jul/2026:13:18:46.334897;23/Jul/2026:13:18:46.322849;23/Jul/2026:13:18:31.947765;23/Jul/2026:13:17:48.848393;23/Jul/2026:13:18:07.658506;23/Jul/2026:13:18:46.321789;23/Jul/2026:13:18:07.658144;23/Jul/2026:13:18:41.753588;23/Jul/2026:13:18:46.322910;23/Jul/2026:13:18:05.257910;23/Jul/2026:13:18:46.335339;23/Jul/2026:13:17:54.141495;23/Jul/2026:13:18:46.328149;23/Jul/2026:13:18:08.509452;23/Jul/2026:13:18:46.327768;23/Jul/2026:13:18:42.217826;23/Jul/2026:13:18:46.331267;23/Jul/2026:13:18:55.131702;23/Jul/2026:13:18:54.318534;23/Jul/2026:13:18:46.332459;23/Jul/2026:13:18:46.321894;23/Jul/2026:13:18:54.861006;23/Jul/2026:13:18:46.334307;23/Jul/2026:13:18:46.333609;23/Jul/2026:13:18:46.331593;23/Jul/2026:13:18:56.357533;23/Jul/2026:13:18:56.266116,0.0189;14.2905;11.1921;40.1306;45.8133;72.6151;40.1899;43.7715;42.6748;37.9860;37.1950;41.3080;77.8244;0.2519;38.1502;95.6476;81.5291;41.4552;40.5371;0.5311;0.5756;68.6939;95.9272;18.4800;49.7075;0.9109;44.5951;1.0721;1.1995;23.0204;1.8428;6.9144;55.8265;41.9376;39.9508;37.9931;42.7224;2.9840;17.4072;6.8844;3.7310;21.4918;4.2916;4.3952;4.4967;4.5522;45.2901;61.6164;5.1556;5.2560;5.8070;13.0638;5.8505;5.8538;49.4911;41.5898;6.1915;45.4228;6.7297;8.0637;8.0744;8.0765;43.5069;8.1752;0.6110;8.5999;8.6451;23.0252;66.1753;47.3894;8.9048;47.5685;13.4922;8.9707;50.0376;8.9668;61.8375;9.6828;47.5597;9.7687;14.1180;10.0073;1.3103;2.1771;10.1890;10.2108;1.9615;10.7198;10.8323;10.8926;0.9170;1.0957,bytes=512010498-512091804;bytes=1234248263-1234447121;bytes=1420456724-1420551045;bytes=1726806623-1726916519;bytes=1479162819-1480057985;bytes=1921175092-1921301760;bytes=1719814527-1720706409;bytes=1543008564-1543906326;bytes=1651240223-1652157319;bytes=1846370179-1846577444;bytes=1912085169-1912995092;bytes=1685171916-1685262768;bytes=1643840185-1644061968;bytes=17733157-18648159;bytes=1846266673-1846370178;bytes=732885010-732982525;bytes=1421456988-1422337868;bytes=1677493826-1678390033;bytes=1726699648-1726806622;bytes=56304529-56371233;bytes=19546918-19624247;bytes=169969712-170170030;bytes=725031293-725184091;bytes=1037052996-1037951793;bytes=1338924157-1339823610;bytes=128302429-129216602;bytes=1545403186-1546297567;bytes=23662341-23748271;bytes=93079693-93177728;bytes=783250185-784124164;bytes=15733140-15826720;bytes=1730891984-1731011212;bytes=1046935226-1047850139;bytes=1729710490-1730607334;bytes=1850569100-1850676764;bytes=36319658-36416454;bytes=1718915264-1719814526;bytes=166002691-166897229;bytes=1201365105-1201568097;bytes=1917487146-1917589050;bytes=9744492-10652386;bytes=1179798088-1180699053;bytes=56567130-57460713;bytes=246978779-247076166;bytes=133389994-133498417;bytes=401381719-401515194;bytes=1693745194-1694639553;bytes=823353710-824262415;bytes=300147834-301031514;bytes=244835071-245732602;bytes=300050269-300147833;bytes=1677140719-1677271129;bytes=15826721-15930431;bytes=222249683-222339354;bytes=1589956666-1590061324;bytes=9744492-10652386;bytes=129793216-130690294;bytes=1757915523-1758832120;bytes=401515195-401614369;bytes=307836611-307918881;bytes=80991513-81885663;bytes=304051803-304151344;bytes=19703508-19848010;bytes=59231728-60118163;bytes=524676355-524847305;bytes=413892166-414096607;bytes=29322117-30208735;bytes=1205513196-1205612698;bytes=761437009-761535436;bytes=1802324086-1803199765;bytes=12870474-13766804;bytes=1805162641-1805279229;bytes=1801212264-1801447881;bytes=30208736-31127958;bytes=1681392848-1681502459;bytes=426640967-427535995;bytes=1175790559-1176690287;bytes=130690295-131568698;bytes=1847717100-1848608708;bytes=129216603-129323426;bytes=1846370179-1846577444;bytes=254852527-254937026;bytes=593727707-593827298;bytes=528844495-528937260;bytes=345750898-346640078;bytes=13766805-14670925;bytes=565244006-565446215;bytes=394638068-395517719;bytes=390718148-391592468;bytes=255036591-255137808;bytes=728797327-728892940;bytes=651124891-651228523,c6a69855;8bfcc576;b7df81c2;f80a7531;586bc0ba;511ce036;6c2b5b51;2a4a2f30;3f2759ab;d9b11029;b1b94e5b;9d617028;d1aef557;b73c2665;aef2639e;d191e845;e2a5fb7d;8d5b4ade;86c66d44;2dbc1561;8eb4ac21;196a0fa9;e35a05ad;f387f641;0dc57610;60cd2b6d;e537b4da;8a2e4186;a489a1c6;0d5b0df1;aed80b97;bfbbbd8f;2a4df3a5;d7954bc9;d8c58b87;cfb204b7;900bcef5;897ca76c;102727a5;fa9aa179;1e0e8abb;31fecc39;ece97bfa;d056e730;6e30f0b5;bae4aeea;b6d6ac30;0efcb67a;bc4a67eb;e337d766;14bfc4d6;c32ac86b;a6c5e786;1f2cf2f0;ce7f93cd;66129aa7;78bbcb28;53d9fd81;53edd962;232c5118;b4ce8734;f3a34755;d4409ac6;8fd28a06;a74c2ceb;f60bcc8b;df765233;1a6fc210;03d01df6;895d6acd;f019ea37;c2efc44a;94e6b955;3619cdda;96c6da1f;7f48e58c;076a5533;6b0f4ffb;d2fe35cd;e2c6292d;37e0aec2;1ebb9299;581edbe2;93ba52df;8a6e6057;1f60439a;06f016c4;17d340b2;ef08c4d2;5b7d9833;6fe4c672;3db28a81
15,4,41,success,None,23/Jul/2026:13:18:46.319151,23/Jul/2026:13:18:57.884011,11.5649,92,23/Jul/2026:13:18:46.340997;23/Jul/2026:13:18:32.080515;23/Jul/2026:13:18:35.178925;23/Jul/2026:13:18:06.289644;23/Jul/2026:13:18:00.648045;23/Jul/2026:13:17:33.861053;23/Jul/2026:13:18:06.288740;23/Jul/2026:13:18:02.711900;23/Jul/2026:13:18:03.820253;23/Jul/2026:13:18:08.509169;23/Jul/2026:13:18:09.370893;23/Jul/2026:13:18:05.258023;23/Jul/2026:13:17:28.749442;23/Jul/2026:13:18:46.322418;23/Jul/2026:13:18:08.508844;23/Jul/2026:13:17:11.019025;23/Jul/2026:13:17:25.137979;23/Jul/2026:13:18:05.257616;23/Jul/2026:13:18:06.289335;23/Jul/2026:13:18:46.324922;23/Jul/2026:13:18:46.322167;23/Jul/2026:13:17:38.227623;23/Jul/2026:13:17:11.018485;23/Jul/2026:13:18:28.539336;23/Jul/2026:13:17:57.530572;23/Jul/2026:13:18:46.327950;23/Jul/2026:13:18:02.712764;23/Jul/2026:13:18:46.322667;23/Jul/2026:13:18:46.327269;23/Jul/2026:13:18:24.953378;23/Jul/2026:13:18:46.322042;23/Jul/2026:13:18:41.305104;23/Jul/2026:13:17:52.399791;23/Jul/2026:13:18:06.290023;23/Jul/2026:13:18:08.509340;23/Jul/2026:13:18:10.903390;23/Jul/2026:13:18:06.288600;23/Jul/2026:13:18:46.328878;23/Jul/2026:13:18:31.947601;23/Jul/2026:13:18:42.548714;23/Jul/2026:13:18:46.320016;23/Jul/2026:13:18:29.046714;23/Jul/2026:13:18:46.325536;23/Jul/2026:13:18:46.330977;23/Jul/2026:13:18:46.328054;23/Jul/2026:13:18:46.334459;23/Jul/2026:13:18:05.647392;23/Jul/2026:13:17:49.657595;23/Jul/2026:13:18:46.331962;23/Jul/2026:13:18:46.330889;23/Jul/2026:13:18:46.331876;23/Jul/2026:13:18:39.089783;23/Jul/2026:13:18:46.322105;23/Jul/2026:13:18:46.330530;23/Jul/2026:13:18:02.763753;23/Jul/2026:13:18:10.901849;23/Jul/2026:13:18:46.328118;23/Jul/2026:13:18:07.190545;23/Jul/2026:13:18:46.334491;23/Jul/2026:13:18:46.332170;23/Jul/2026:13:18:46.325979;23/Jul/2026:13:18:46.332112;23/Jul/2026:13:18:10.902832;23/Jul/2026:13:18:46.325699;23/Jul/2026:13:18:54.318057;23/Jul/2026:13:18:46.334897;23/Jul/2026:13:18:46.322849;23/Jul/2026:13:18:31.947765;23/Jul/2026:13:17:48.848393;23/Jul/2026:13:18:07.658506;23/Jul/2026:13:18:46.321789;23/Jul/2026:13:18:07.658144;23/Jul/2026:13:18:41.753588;23/Jul/2026:13:18:46.322910;23/Jul/2026:13:18:05.257910;23/Jul/2026:13:18:46.335339;23/Jul/2026:13:17:54.141495;23/Jul/2026:13:18:46.328149;23/Jul/2026:13:18:08.509452;23/Jul/2026:13:18:46.327768;23/Jul/2026:13:18:42.217826;23/Jul/2026:13:18:46.331267;23/Jul/2026:13:18:55.131702;23/Jul/2026:13:18:54.318534;23/Jul/2026:13:18:46.332459;23/Jul/2026:13:18:46.321894;23/Jul/2026:13:18:54.861006;23/Jul/2026:13:18:46.334307;23/Jul/2026:13:18:46.333609;23/Jul/2026:13:18:46.331593;23/Jul/2026:13:18:56.357533;23/Jul/2026:13:18:56.266116,0.0189;14.2905;11.1921;40.1306;45.8133;72.6151;40.1899;43.7715;42.6748;37.9860;37.1950;41.3080;77.8244;0.2519;38.1502;95.6476;81.5291;41.4552;40.5371;0.5311;0.5756;68.6939;95.9272;18.4800;49.7075;0.9109;44.5951;1.0721;1.1995;23.0204;1.8428;6.9144;55.8265;41.9376;39.9508;37.9931;42.7224;2.9840;17.4072;6.8844;3.7310;21.4918;4.2916;4.3952;4.4967;4.5522;45.2901;61.6164;5.1556;5.2560;5.8070;13.0638;5.8505;5.8538;49.4911;41.5898;6.1915;45.4228;6.7297;8.0637;8.0744;8.0765;43.5069;8.1752;0.6110;8.5999;8.6451;23.0252;66.1753;47.3894;8.9048;47.5685;13.4922;8.9707;50.0376;8.9668;61.8375;9.6828;47.5597;9.7687;14.1180;10.0073;1.3103;2.1771;10.1890;10.2108;1.9615;10.7198;10.8323;10.8926;0.9170;1.0957,bytes=512010498-512091804;bytes=1234248263-1234447121;bytes=1420456724-1420551045;bytes=1726806623-1726916519;bytes=1479162819-1480057985;bytes=1921175092-1921301760;bytes=1719814527-1720706409;bytes=1543008564-1543906326;bytes=1651240223-1652157319;bytes=1846370179-1846577444;bytes=1912085169-1912995092;bytes=1685171916-1685262768;bytes=1643840185-1644061968;bytes=17733157-18648159;bytes=1846266673-1846370178;bytes=732885010-732982525;bytes=1421456988-1422337868;bytes=1677493826-1678390033;bytes=1726699648-1726806622;bytes=56304529-56371233;bytes=19546918-19624247;bytes=169969712-170170030;bytes=725031293-725184091;bytes=1037052996-1037951793;bytes=1338924157-1339823610;bytes=128302429-129216602;bytes=1545403186-1546297567;bytes=23662341-23748271;bytes=93079693-93177728;bytes=783250185-784124164;bytes=15733140-15826720;bytes=1730891984-1731011212;bytes=1046935226-1047850139;bytes=1729710490-1730607334;bytes=1850569100-1850676764;bytes=36319658-36416454;bytes=1718915264-1719814526;bytes=166002691-166897229;bytes=1201365105-1201568097;bytes=1917487146-1917589050;bytes=9744492-10652386;bytes=1179798088-1180699053;bytes=56567130-57460713;bytes=246978779-247076166;bytes=133389994-133498417;bytes=401381719-401515194;bytes=1693745194-1694639553;bytes=823353710-824262415;bytes=300147834-301031514;bytes=244835071-245732602;bytes=300050269-300147833;bytes=1677140719-1677271129;bytes=15826721-15930431;bytes=222249683-222339354;bytes=1589956666-1590061324;bytes=9744492-10652386;bytes=129793216-130690294;bytes=1757915523-1758832120;bytes=401515195-401614369;bytes=307836611-307918881;bytes=80991513-81885663;bytes=304051803-304151344;bytes=19703508-19848010;bytes=59231728-60118163;bytes=524676355-524847305;bytes=413892166-414096607;bytes=29322117-30208735;bytes=1205513196-1205612698;bytes=761437009-761535436;bytes=1802324086-1803199765;bytes=12870474-13766804;bytes=1805162641-1805279229;bytes=1801212264-1801447881;bytes=30208736-31127958;bytes=1681392848-1681502459;bytes=426640967-427535995;bytes=1175790559-1176690287;bytes=130690295-131568698;bytes=1847717100-1848608708;bytes=129216603-129323426;bytes=1846370179-1846577444;bytes=254852527-254937026;bytes=593727707-593827298;bytes=528844495-528937260;bytes=345750898-346640078;bytes=13766805-14670925;bytes=565244006-565446215;bytes=394638068-395517719;bytes=390718148-391592468;bytes=255036591-255137808;bytes=728797327-728892940;bytes=651124891-651228523,c6a69855;8bfcc576;b7df81c2;f80a7531;586bc0ba;511ce036;6c2b5b51;2a4a2f30;3f2759ab;d9b11029;b1b94e5b;9d617028;d1aef557;b73c2665;aef2639e;d191e845;e2a5fb7d;8d5b4ade;86c66d44;2dbc1561;8eb4ac21;196a0fa9;e35a05ad;f387f641;0dc57610;60cd2b6d;e537b4da;8a2e4186;a489a1c6;0d5b0df1;aed80b97;bfbbbd8f;2a4df3a5;d7954bc9;d8c58b87;cfb204b7;900bcef5;897ca76c;102727a5;fa9aa179;1e0e8abb;31fecc39;ece97bfa;d056e730;6e30f0b5;bae4aeea;b6d6ac30;0efcb67a;bc4a67eb;e337d766;14bfc4d6;c32ac86b;a6c5e786;1f2cf2f0;ce7f93cd;66129aa7;78bbcb28;53d9fd81;53edd962;232c5118;b4ce8734;f3a34755;d4409ac6;8fd28a06;a74c2ceb;f60bcc8b;df765233;1a6fc210;03d01df6;895d6acd;f019ea37;c2efc44a;94e6b955;3619cdda;96c6da1f;7f48e58c;076a5533;6b0f4ffb;d2fe35cd;e2c6292d;37e0aec2;1ebb9299;581edbe2;93ba52df;8a6e6057;1f60439a;06f016c4;17d340b2;ef08c4d2;5b7d9833;6fe4c672;3db28a81
15,4,7,success,None,23/Jul/2026:13:18:46.318503,23/Jul/2026:13:18:58.179492,11.8610,96,23/Jul/2026:13:18:46.340997;23/Jul/2026:13:18:32.080515;23/Jul/2026:13:18:35.178925;23/Jul/2026:13:18:06.289644;23/Jul/2026:13:18:00.648045;23/Jul/2026:13:17:33.861053;23/Jul/2026:13:18:06.288740;23/Jul/2026:13:18:02.711900;23/Jul/2026:13:18:03.820253;23/Jul/2026:13:18:08.509169;23/Jul/2026:13:18:09.370893;23/Jul/2026:13:18:05.258023;23/Jul/2026:13:17:28.749442;23/Jul/2026:13:18:46.322418;23/Jul/2026:13:18:08.508844;23/Jul/2026:13:17:11.019025;23/Jul/2026:13:17:25.137979;23/Jul/2026:13:18:05.257616;23/Jul/2026:13:18:06.289335;23/Jul/2026:13:18:46.324922;23/Jul/2026:13:18:46.322167;23/Jul/2026:13:17:38.227623;23/Jul/2026:13:17:11.018485;23/Jul/2026:13:18:28.539336;23/Jul/2026:13:17:57.530572;23/Jul/2026:13:18:46.327950;23/Jul/2026:13:18:02.712764;23/Jul/2026:13:18:46.322667;23/Jul/2026:13:18:46.327269;23/Jul/2026:13:18:24.953378;23/Jul/2026:13:18:46.322042;23/Jul/2026:13:18:41.305104;23/Jul/2026:13:17:52.399791;23/Jul/2026:13:18:06.290023;23/Jul/2026:13:18:08.509340;23/Jul/2026:13:18:10.903390;23/Jul/2026:13:18:06.288600;23/Jul/2026:13:18:46.328878;23/Jul/2026:13:18:31.947601;23/Jul/2026:13:18:42.548714;23/Jul/2026:13:18:46.320016;23/Jul/2026:13:18:29.046714;23/Jul/2026:13:18:46.325536;23/Jul/2026:13:18:46.330977;23/Jul/2026:13:18:46.328054;23/Jul/2026:13:18:46.334459;23/Jul/2026:13:18:05.647392;23/Jul/2026:13:17:49.657595;23/Jul/2026:13:18:46.331962;23/Jul/2026:13:18:46.330889;23/Jul/2026:13:18:46.331876;23/Jul/2026:13:18:39.089783;23/Jul/2026:13:18:46.322105;23/Jul/2026:13:18:46.330530;23/Jul/2026:13:18:02.763753;23/Jul/2026:13:18:10.901849;23/Jul/2026:13:18:46.328118;23/Jul/2026:13:18:07.190545;23/Jul/2026:13:18:46.334491;23/Jul/2026:13:18:46.332170;23/Jul/2026:13:18:46.325979;23/Jul/2026:13:18:46.332112;23/Jul/2026:13:18:10.902832;23/Jul/2026:13:18:46.325699;23/Jul/2026:13:18:54.318057;23/Jul/2026:13:18:46.334897;23/Jul/2026:13:18:46.322849;23/Jul/2026:13:18:31.947765;23/Jul/2026:13:17:48.848393;23/Jul/2026:13:18:07.658506;23/Jul/2026:13:18:46.321789;23/Jul/2026:13:18:07.658144;23/Jul/2026:13:18:41.753588;23/Jul/2026:13:18:46.322910;23/Jul/2026:13:18:05.257910;23/Jul/2026:13:18:46.335339;23/Jul/2026:13:17:54.141495;23/Jul/2026:13:18:46.328149;23/Jul/2026:13:18:08.509452;23/Jul/2026:13:18:46.327768;23/Jul/2026:13:18:42.217826;23/Jul/2026:13:18:46.331267;23/Jul/2026:13:18:55.131702;23/Jul/2026:13:18:54.318534;23/Jul/2026:13:18:46.332459;23/Jul/2026:13:18:46.321894;23/Jul/2026:13:18:54.861006;23/Jul/2026:13:18:46.334307;23/Jul/2026:13:18:46.333609;23/Jul/2026:13:18:46.331593;23/Jul/2026:13:18:56.357533;23/Jul/2026:13:18:56.266116;23/Jul/2026:13:18:46.325757;23/Jul/2026:13:18:46.325866;23/Jul/2026:13:17:49.658614;23/Jul/2026:13:18:46.324506,0.0189;14.2905;11.1921;40.1306;45.8133;72.6151;40.1899;43.7715;42.6748;37.9860;37.1950;41.3080;77.8244;0.2519;38.1502;95.6476;81.5291;41.4552;40.5371;0.5311;0.5756;68.6939;95.9272;18.4800;49.7075;0.9109;44.5951;1.0721;1.1995;23.0204;1.8428;6.9144;55.8265;41.9376;39.9508;37.9931;42.7224;2.9840;17.4072;6.8844;3.7310;21.4918;4.2916;4.3952;4.4967;4.5522;45.2901;61.6164;5.1556;5.2560;5.8070;13.0638;5.8505;5.8538;49.4911;41.5898;6.1915;45.4228;6.7297;8.0637;8.0744;8.0765;43.5069;8.1752;0.6110;8.5999;8.6451;23.0252;66.1753;47.3894;8.9048;47.5685;13.4922;8.9707;50.0376;8.9668;61.8375;9.6828;47.5597;9.7687;14.1180;10.0073;1.3103;2.1771;10.1890;10.2108;1.9615;10.7198;10.8323;10.8926;0.9170;1.0957;11.6238;11.6357;68.3830;11.7198,bytes=512010498-512091804;bytes=1234248263-1234447121;bytes=1420456724-1420551045;bytes=1726806623-1726916519;bytes=1479162819-1480057985;bytes=1921175092-1921301760;bytes=1719814527-1720706409;bytes=1543008564-1543906326;bytes=1651240223-1652157319;bytes=1846370179-1846577444;bytes=1912085169-1912995092;bytes=1685171916-1685262768;bytes=1643840185-1644061968;bytes=17733157-18648159;bytes=1846266673-1846370178;bytes=732885010-732982525;bytes=1421456988-1422337868;bytes=1677493826-1678390033;bytes=1726699648-1726806622;bytes=56304529-56371233;bytes=19546918-19624247;bytes=169969712-170170030;bytes=725031293-725184091;bytes=1037052996-1037951793;bytes=1338924157-1339823610;bytes=128302429-129216602;bytes=1545403186-1546297567;bytes=23662341-23748271;bytes=93079693-93177728;bytes=783250185-784124164;bytes=15733140-15826720;bytes=1730891984-1731011212;bytes=1046935226-1047850139;bytes=1729710490-1730607334;bytes=1850569100-1850676764;bytes=36319658-36416454;bytes=1718915264-1719814526;bytes=166002691-166897229;bytes=1201365105-1201568097;bytes=1917487146-1917589050;bytes=9744492-10652386;bytes=1179798088-1180699053;bytes=56567130-57460713;bytes=246978779-247076166;bytes=133389994-133498417;bytes=401381719-401515194;bytes=1693745194-1694639553;bytes=823353710-824262415;bytes=300147834-301031514;bytes=244835071-245732602;bytes=300050269-300147833;bytes=1677140719-1677271129;bytes=15826721-15930431;bytes=222249683-222339354;bytes=1589956666-1590061324;bytes=9744492-10652386;bytes=129793216-130690294;bytes=1757915523-1758832120;bytes=401515195-401614369;bytes=307836611-307918881;bytes=80991513-81885663;bytes=304051803-304151344;bytes=19703508-19848010;bytes=59231728-60118163;bytes=524676355-524847305;bytes=413892166-414096607;bytes=29322117-30208735;bytes=1205513196-1205612698;bytes=761437009-761535436;bytes=1802324086-1803199765;bytes=12870474-13766804;bytes=1805162641-1805279229;bytes=1801212264-1801447881;bytes=30208736-31127958;bytes=1681392848-1681502459;bytes=426640967-427535995;bytes=1175790559-1176690287;bytes=130690295-131568698;bytes=1847717100-1848608708;bytes=129216603-129323426;bytes=1846370179-1846577444;bytes=254852527-254937026;bytes=593727707-593827298;bytes=528844495-528937260;bytes=345750898-346640078;bytes=13766805-14670925;bytes=565244006-565446215;bytes=394638068-395517719;bytes=390718148-391592468;bytes=255036591-255137808;bytes=728797327-728892940;bytes=651124891-651228523;bytes=60249183-60347628;bytes=64031676-64101355;bytes=831223479-831318248;bytes=48584354-49489417,c6a69855;8bfcc576;b7df81c2;f80a7531;586bc0ba;511ce036;6c2b5b51;2a4a2f30;3f2759ab;d9b11029;b1b94e5b;9d617028;d1aef557;b73c2665;aef2639e;d191e845;e2a5fb7d;8d5b4ade;86c66d44;2dbc1561;8eb4ac21;196a0fa9;e35a05ad;f387f641;0dc57610;60cd2b6d;e537b4da;8a2e4186;a489a1c6;0d5b0df1;aed80b97;bfbbbd8f;2a4df3a5;d7954bc9;d8c58b87;cfb204b7;900bcef5;897ca76c;102727a5;fa9aa179;1e0e8abb;31fecc39;ece97bfa;d056e730;6e30f0b5;bae4aeea;b6d6ac30;0efcb67a;bc4a67eb;e337d766;14bfc4d6;c32ac86b;a6c5e786;1f2cf2f0;ce7f93cd;66129aa7;78bbcb28;53d9fd81;53edd962;232c5118;b4ce8734;f3a34755;d4409ac6;8fd28a06;a74c2ceb;f60bcc8b;df765233;1a6fc210;03d01df6;895d6acd;f019ea37;c2efc44a;94e6b955;3619cdda;96c6da1f;7f48e58c;076a5533;6b0f4ffb;d2fe35cd;e2c6292d;37e0aec2;1ebb9299;581edbe2;93ba52df;8a6e6057;1f60439a;06f016c4;17d340b2;ef08c4d2;5b7d9833;6fe4c672;3db28a81;f66422dc;37216aa5;e895b52e;b333fcab
15,4,20,success,None,23/Jul/2026:13:18:46.318816,23/Jul/2026:13:18:58.401011,12.0822,102,23/Jul/2026:13:18:46.340997;23/Jul/2026:13:18:32.080515;23/Jul/2026:13:18:35.178925;23/Jul/2026:13:18:06.289644;23/Jul/2026:13:18:00.648045;23/Jul/2026:13:17:33.861053;23/Jul/2026:13:18:06.288740;23/Jul/2026:13:18:02.711900;23/Jul/2026:13:18:03.820253;23/Jul/2026:13:18:08.509169;23/Jul/2026:13:18:09.370893;23/Jul/2026:13:18:05.258023;23/Jul/2026:13:17:28.749442;23/Jul/2026:13:18:46.322418;23/Jul/2026:13:18:08.508844;23/Jul/2026:13:17:11.019025;23/Jul/2026:13:17:25.137979;23/Jul/2026:13:18:05.257616;23/Jul/2026:13:18:06.289335;23/Jul/2026:13:18:46.324922;23/Jul/2026:13:18:46.322167;23/Jul/2026:13:17:38.227623;23/Jul/2026:13:17:11.018485;23/Jul/2026:13:18:28.539336;23/Jul/2026:13:17:57.530572;23/Jul/2026:13:18:46.327950;23/Jul/2026:13:18:02.712764;23/Jul/2026:13:18:46.322667;23/Jul/2026:13:18:46.327269;23/Jul/2026:13:18:24.953378;23/Jul/2026:13:18:46.322042;23/Jul/2026:13:18:41.305104;23/Jul/2026:13:17:52.399791;23/Jul/2026:13:18:06.290023;23/Jul/2026:13:18:08.509340;23/Jul/2026:13:18:10.903390;23/Jul/2026:13:18:06.288600;23/Jul/2026:13:18:46.328878;23/Jul/2026:13:18:31.947601;23/Jul/2026:13:18:42.548714;23/Jul/2026:13:18:46.320016;23/Jul/2026:13:18:29.046714;23/Jul/2026:13:18:46.325536;23/Jul/2026:13:18:46.330977;23/Jul/2026:13:18:46.328054;23/Jul/2026:13:18:46.334459;23/Jul/2026:13:18:05.647392;23/Jul/2026:13:17:49.657595;23/Jul/2026:13:18:46.331962;23/Jul/2026:13:18:46.330889;23/Jul/2026:13:18:46.331876;23/Jul/2026:13:18:39.089783;23/Jul/2026:13:18:46.322105;23/Jul/2026:13:18:46.330530;23/Jul/2026:13:18:02.763753;23/Jul/2026:13:18:10.901849;23/Jul/2026:13:18:46.328118;23/Jul/2026:13:18:07.190545;23/Jul/2026:13:18:46.334491;23/Jul/2026:13:18:46.332170;23/Jul/2026:13:18:46.325979;23/Jul/2026:13:18:46.332112;23/Jul/2026:13:18:10.902832;23/Jul/2026:13:18:46.325699;23/Jul/2026:13:18:54.318057;23/Jul/2026:13:18:46.334897;23/Jul/2026:13:18:46.322849;23/Jul/2026:13:18:31.947765;23/Jul/2026:13:17:48.848393;23/Jul/2026:13:18:07.658506;23/Jul/2026:13:18:46.321789;23/Jul/2026:13:18:07.658144;23/Jul/2026:13:18:41.753588;23/Jul/2026:13:18:46.322910;23/Jul/2026:13:18:05.257910;23/Jul/2026:13:18:46.335339;23/Jul/2026:13:17:54.141495;23/Jul/2026:13:18:46.328149;23/Jul/2026:13:18:08.509452;23/Jul/2026:13:18:46.327768;23/Jul/2026:13:18:42.217826;23/Jul/2026:13:18:46.331267;23/Jul/2026:13:18:55.131702;23/Jul/2026:13:18:54.318534;23/Jul/2026:13:18:46.332459;23/Jul/2026:13:18:46.321894;23/Jul/2026:13:18:54.861006;23/Jul/2026:13:18:46.334307;23/Jul/2026:13:18:46.333609;23/Jul/2026:13:18:46.331593;23/Jul/2026:13:18:56.357533;23/Jul/2026:13:18:56.266116;23/Jul/2026:13:18:46.325757;23/Jul/2026:13:18:46.325866;23/Jul/2026:13:17:49.658614;23/Jul/2026:13:18:46.324506;23/Jul/2026:13:18:55.927967;23/Jul/2026:13:17:52.399852;23/Jul/2026:13:18:41.750511;23/Jul/2026:13:18:24.952892;23/Jul/2026:13:18:57.886224;23/Jul/2026:13:18:56.265332,0.0189;14.2905;11.1921;40.1306;45.8133;72.6151;40.1899;43.7715;42.6748;37.9860;37.1950;41.3080;77.8244;0.2519;38.1502;95.6476;81.5291;41.4552;40.5371;0.5311;0.5756;68.6939;95.9272;18.4800;49.7075;0.9109;44.5951;1.0721;1.1995;23.0204;1.8428;6.9144;55.8265;41.9376;39.9508;37.9931;42.7224;2.9840;17.4072;6.8844;3.7310;21.4918;4.2916;4.3952;4.4967;4.5522;45.2901;61.6164;5.1556;5.2560;5.8070;13.0638;5.8505;5.8538;49.4911;41.5898;6.1915;45.4228;6.7297;8.0637;8.0744;8.0765;43.5069;8.1752;0.6110;8.5999;8.6451;23.0252;66.1753;47.3894;8.9048;47.5685;13.4922;8.9707;50.0376;8.9668;61.8375;9.6828;47.5597;9.7687;14.1180;10.0073;1.3103;2.1771;10.1890;10.2108;1.9615;10.7198;10.8323;10.8926;0.9170;1.0957;11.6238;11.6357;68.3830;11.7198;2.3066;65.8628;16.5873;33.4011;0.4967;2.1183,bytes=512010498-512091804;bytes=1234248263-1234447121;bytes=1420456724-1420551045;bytes=1726806623-1726916519;bytes=1479162819-1480057985;bytes=1921175092-1921301760;bytes=1719814527-1720706409;bytes=1543008564-1543906326;bytes=1651240223-1652157319;bytes=1846370179-1846577444;bytes=1912085169-1912995092;bytes=1685171916-1685262768;bytes=1643840185-1644061968;bytes=17733157-18648159;bytes=1846266673-1846370178;bytes=732885010-732982525;bytes=1421456988-1422337868;bytes=1677493826-1678390033;bytes=1726699648-1726806622;bytes=56304529-56371233;bytes=19546918-19624247;bytes=169969712-170170030;bytes=725031293-725184091;bytes=1037052996-1037951793;bytes=1338924157-1339823610;bytes=128302429-129216602;bytes=1545403186-1546297567;bytes=23662341-23748271;bytes=93079693-93177728;bytes=783250185-784124164;bytes=15733140-15826720;bytes=1730891984-1731011212;bytes=1046935226-1047850139;bytes=1729710490-1730607334;bytes=1850569100-1850676764;bytes=36319658-36416454;bytes=1718915264-1719814526;bytes=166002691-166897229;bytes=1201365105-1201568097;bytes=1917487146-1917589050;bytes=9744492-10652386;bytes=1179798088-1180699053;bytes=56567130-57460713;bytes=246978779-247076166;bytes=133389994-133498417;bytes=401381719-401515194;bytes=1693745194-1694639553;bytes=823353710-824262415;bytes=300147834-301031514;bytes=244835071-245732602;bytes=300050269-300147833;bytes=1677140719-1677271129;bytes=15826721-15930431;bytes=222249683-222339354;bytes=1589956666-1590061324;bytes=9744492-10652386;bytes=129793216-130690294;bytes=1757915523-1758832120;bytes=401515195-401614369;bytes=307836611-307918881;bytes=80991513-81885663;bytes=304051803-304151344;bytes=19703508-19848010;bytes=59231728-60118163;bytes=524676355-524847305;bytes=413892166-414096607;bytes=29322117-30208735;bytes=1205513196-1205612698;bytes=761437009-761535436;bytes=1802324086-1803199765;bytes=12870474-13766804;bytes=1805162641-1805279229;bytes=1801212264-1801447881;bytes=30208736-31127958;bytes=1681392848-1681502459;bytes=426640967-427535995;bytes=1175790559-1176690287;bytes=130690295-131568698;bytes=1847717100-1848608708;bytes=129216603-129323426;bytes=1846370179-1846577444;bytes=254852527-254937026;bytes=593727707-593827298;bytes=528844495-528937260;bytes=345750898-346640078;bytes=13766805-14670925;bytes=565244006-565446215;bytes=394638068-395517719;bytes=390718148-391592468;bytes=255036591-255137808;bytes=728797327-728892940;bytes=651124891-651228523;bytes=60249183-60347628;bytes=64031676-64101355;bytes=831223479-831318248;bytes=48584354-49489417;bytes=618524459-618706705;bytes=1047850140-1048748110;bytes=1755744286-1755946976;bytes=778371146-779274126;bytes=790083879-790163597;bytes=646820194-646955530,c6a69855;8bfcc576;b7df81c2;f80a7531;586bc0ba;511ce036;6c2b5b51;2a4a2f30;3f2759ab;d9b11029;b1b94e5b;9d617028;d1aef557;b73c2665;aef2639e;d191e845;e2a5fb7d;8d5b4ade;86c66d44;2dbc1561;8eb4ac21;196a0fa9;e35a05ad;f387f641;0dc57610;60cd2b6d;e537b4da;8a2e4186;a489a1c6;0d5b0df1;aed80b97;bfbbbd8f;2a4df3a5;d7954bc9;d8c58b87;cfb204b7;900bcef5;897ca76c;102727a5;fa9aa179;1e0e8abb;31fecc39;ece97bfa;d056e730;6e30f0b5;bae4aeea;b6d6ac30;0efcb67a;bc4a67eb;e337d766;14bfc4d6;c32ac86b;a6c5e786;1f2cf2f0;ce7f93cd;66129aa7;78bbcb28;53d9fd81;53edd962;232c5118;b4ce8734;f3a34755;d4409ac6;8fd28a06;a74c2ceb;f60bcc8b;df765233;1a6fc210;03d01df6;895d6acd;f019ea37;c2efc44a;94e6b955;3619cdda;96c6da1f;7f48e58c;076a5533;6b0f4ffb;d2fe35cd;e2c6292d;37e0aec2;1ebb9299;581edbe2;93ba52df;8a6e6057;1f60439a;06f016c4;17d340b2;ef08c4d2;5b7d9833;6fe4c672;3db28a81;f66422dc;37216aa5;e895b52e;b333fcab;79d6cf8e;28d6cca5;3e4649c5;4dfb4ba4;ce87be59;87890fa2
15,4,122,success,None,23/Jul/2026:13:18:46.321253,23/Jul/2026:13:18:58.505925,12.1847,102,23/Jul/2026:13:18:46.340997;23/Jul/2026:13:18:32.080515;23/Jul/2026:13:18:35.178925;23/Jul/2026:13:18:06.289644;23/Jul/2026:13:18:00.648045;23/Jul/2026:13:17:33.861053;23/Jul/2026:13:18:06.288740;23/Jul/2026:13:18:02.711900;23/Jul/2026:13:18:03.820253;23/Jul/2026:13:18:08.509169;23/Jul/2026:13:18:09.370893;23/Jul/2026:13:18:05.258023;23/Jul/2026:13:17:28.749442;23/Jul/2026:13:18:46.322418;23/Jul/2026:13:18:08.508844;23/Jul/2026:13:17:11.019025;23/Jul/2026:13:17:25.137979;23/Jul/2026:13:18:05.257616;23/Jul/2026:13:18:06.289335;23/Jul/2026:13:18:46.324922;23/Jul/2026:13:18:46.322167;23/Jul/2026:13:17:38.227623;23/Jul/2026:13:17:11.018485;23/Jul/2026:13:18:28.539336;23/Jul/2026:13:17:57.530572;23/Jul/2026:13:18:46.327950;23/Jul/2026:13:18:02.712764;23/Jul/2026:13:18:46.322667;23/Jul/2026:13:18:46.327269;23/Jul/2026:13:18:24.953378;23/Jul/2026:13:18:46.322042;23/Jul/2026:13:18:41.305104;23/Jul/2026:13:17:52.399791;23/Jul/2026:13:18:06.290023;23/Jul/2026:13:18:08.509340;23/Jul/2026:13:18:10.903390;23/Jul/2026:13:18:06.288600;23/Jul/2026:13:18:46.328878;23/Jul/2026:13:18:31.947601;23/Jul/2026:13:18:42.548714;23/Jul/2026:13:18:46.320016;23/Jul/2026:13:18:29.046714;23/Jul/2026:13:18:46.325536;23/Jul/2026:13:18:46.330977;23/Jul/2026:13:18:46.328054;23/Jul/2026:13:18:46.334459;23/Jul/2026:13:18:05.647392;23/Jul/2026:13:17:49.657595;23/Jul/2026:13:18:46.331962;23/Jul/2026:13:18:46.330889;23/Jul/2026:13:18:46.331876;23/Jul/2026:13:18:39.089783;23/Jul/2026:13:18:46.322105;23/Jul/2026:13:18:46.330530;23/Jul/2026:13:18:02.763753;23/Jul/2026:13:18:10.901849;23/Jul/2026:13:18:46.328118;23/Jul/2026:13:18:07.190545;23/Jul/2026:13:18:46.334491;23/Jul/2026:13:18:46.332170;23/Jul/2026:13:18:46.325979;23/Jul/2026:13:18:46.332112;23/Jul/2026:13:18:10.902832;23/Jul/2026:13:18:46.325699;23/Jul/2026:13:18:54.318057;23/Jul/2026:13:18:46.334897;23/Jul/2026:13:18:46.322849;23/Jul/2026:13:18:31.947765;23/Jul/2026:13:17:48.848393;23/Jul/2026:13:18:07.658506;23/Jul/2026:13:18:46.321789;23/Jul/2026:13:18:07.658144;23/Jul/2026:13:18:41.753588;23/Jul/2026:13:18:46.322910;23/Jul/2026:13:18:05.257910;23/Jul/2026:13:18:46.335339;23/Jul/2026:13:17:54.141495;23/Jul/2026:13:18:46.328149;23/Jul/2026:13:18:08.509452;23/Jul/2026:13:18:46.327768;23/Jul/2026:13:18:42.217826;23/Jul/2026:13:18:46.331267;23/Jul/2026:13:18:55.131702;23/Jul/2026:13:18:54.318534;23/Jul/2026:13:18:46.332459;23/Jul/2026:13:18:46.321894;23/Jul/2026:13:18:54.861006;23/Jul/2026:13:18:46.334307;23/Jul/2026:13:18:46.333609;23/Jul/2026:13:18:46.331593;23/Jul/2026:13:18:56.357533;23/Jul/2026:13:18:56.266116;23/Jul/2026:13:18:46.325757;23/Jul/2026:13:18:46.325866;23/Jul/2026:13:17:49.658614;23/Jul/2026:13:18:46.324506;23/Jul/2026:13:18:55.927967;23/Jul/2026:13:17:52.399852;23/Jul/2026:13:18:41.750511;23/Jul/2026:13:18:24.952892;23/Jul/2026:13:18:57.886224;23/Jul/2026:13:18:56.265332,0.0189;14.2905;11.1921;40.1306;45.8133;72.6151;40.1899;43.7715;42.6748;37.9860;37.1950;41.3080;77.8244;0.2519;38.1502;95.6476;81.5291;41.4552;40.5371;0.5311;0.5756;68.6939;95.9272;18.4800;49.7075;0.9109;44.5951;1.0721;1.1995;23.0204;1.8428;6.9144;55.8265;41.9376;39.9508;37.9931;42.7224;2.9840;17.4072;6.8844;3.7310;21.4918;4.2916;4.3952;4.4967;4.5522;45.2901;61.6164;5.1556;5.2560;5.8070;13.0638;5.8505;5.8538;49.4911;41.5898;6.1915;45.4228;6.7297;8.0637;8.0744;8.0765;43.5069;8.1752;0.6110;8.5999;8.6451;23.0252;66.1753;47.3894;8.9048;47.5685;13.4922;8.9707;50.0376;8.9668;61.8375;9.6828;47.5597;9.7687;14.1180;10.0073;1.3103;2.1771;10.1890;10.2108;1.9615;10.7198;10.8323;10.8926;0.9170;1.0957;11.6238;11.6357;68.3830;11.7198;2.3066;65.8628;16.5873;33.4011;0.4967;2.1183,bytes=512010498-512091804;bytes=1234248263-1234447121;bytes=1420456724-1420551045;bytes=1726806623-1726916519;bytes=1479162819-1480057985;bytes=1921175092-1921301760;bytes=1719814527-1720706409;bytes=1543008564-1543906326;bytes=1651240223-1652157319;bytes=1846370179-1846577444;bytes=1912085169-1912995092;bytes=1685171916-1685262768;bytes=1643840185-1644061968;bytes=17733157-18648159;bytes=1846266673-1846370178;bytes=732885010-732982525;bytes=1421456988-1422337868;bytes=1677493826-1678390033;bytes=1726699648-1726806622;bytes=56304529-56371233;bytes=19546918-19624247;bytes=169969712-170170030;bytes=725031293-725184091;bytes=1037052996-1037951793;bytes=1338924157-1339823610;bytes=128302429-129216602;bytes=1545403186-1546297567;bytes=23662341-23748271;bytes=93079693-93177728;bytes=783250185-784124164;bytes=15733140-15826720;bytes=1730891984-1731011212;bytes=1046935226-1047850139;bytes=1729710490-1730607334;bytes=1850569100-1850676764;bytes=36319658-36416454;bytes=1718915264-1719814526;bytes=166002691-166897229;bytes=1201365105-1201568097;bytes=1917487146-1917589050;bytes=9744492-10652386;bytes=1179798088-1180699053;bytes=56567130-57460713;bytes=246978779-247076166;bytes=133389994-133498417;bytes=401381719-401515194;bytes=1693745194-1694639553;bytes=823353710-824262415;bytes=300147834-301031514;bytes=244835071-245732602;bytes=300050269-300147833;bytes=1677140719-1677271129;bytes=15826721-15930431;bytes=222249683-222339354;bytes=1589956666-1590061324;bytes=9744492-10652386;bytes=129793216-130690294;bytes=1757915523-1758832120;bytes=401515195-401614369;bytes=307836611-307918881;bytes=80991513-81885663;bytes=304051803-304151344;bytes=19703508-19848010;bytes=59231728-60118163;bytes=524676355-524847305;bytes=413892166-414096607;bytes=29322117-30208735;bytes=1205513196-1205612698;bytes=761437009-761535436;bytes=1802324086-1803199765;bytes=12870474-13766804;bytes=1805162641-1805279229;bytes=1801212264-1801447881;bytes=30208736-31127958;bytes=1681392848-1681502459;bytes=426640967-427535995;bytes=1175790559-1176690287;bytes=130690295-131568698;bytes=1847717100-1848608708;bytes=129216603-129323426;bytes=1846370179-1846577444;bytes=254852527-254937026;bytes=593727707-593827298;bytes=528844495-528937260;bytes=345750898-346640078;bytes=13766805-14670925;bytes=565244006-565446215;bytes=394638068-395517719;bytes=390718148-391592468;bytes=255036591-255137808;bytes=728797327-728892940;bytes=651124891-651228523;bytes=60249183-60347628;bytes=64031676-64101355;bytes=831223479-831318248;bytes=48584354-49489417;bytes=618524459-618706705;bytes=1047850140-1048748110;bytes=1755744286-1755946976;bytes=778371146-779274126;bytes=790083879-790163597;bytes=646820194-646955530,c6a69855;8bfcc576;b7df81c2;f80a7531;586bc0ba;511ce036;6c2b5b51;2a4a2f30;3f2759ab;d9b11029;b1b94e5b;9d617028;d1aef557;b73c2665;aef2639e;d191e845;e2a5fb7d;8d5b4ade;86c66d44;2dbc1561;8eb4ac21;196a0fa9;e35a05ad;f387f641;0dc57610;60cd2b6d;e537b4da;8a2e4186;a489a1c6;0d5b0df1;aed80b97;bfbbbd8f;2a4df3a5;d7954bc9;d8c58b87;cfb204b7;900bcef5;897ca76c;102727a5;fa9aa179;1e0e8abb;31fecc39;ece97bfa;d056e730;6e30f0b5;bae4aeea;b6d6ac30;0efcb67a;bc4a67eb;e337d766;14bfc4d6;c32ac86b;a6c5e786;1f2cf2f0;ce7f93cd;66129aa7;78bbcb28;53d9fd81;53edd962;232c5118;b4ce8734;f3a34755;d4409ac6;8fd28a06;a74c2ceb;f60bcc8b;df765233;1a6fc210;03d01df6;895d6acd;f019ea37;c2efc44a;94e6b955;3619cdda;96c6da1f;7f48e58c;076a5533;6b0f4ffb;d2fe35cd;e2c6292d;37e0aec2;1ebb9299;581edbe2;93ba52df;8a6e6057;1f60439a;06f016c4;17d340b2;ef08c4d2;5b7d9833;6fe4c672;3db28a81;f66422dc;37216aa5;e895b52e;b333fcab;79d6cf8e;28d6cca5;3e4649c5;4dfb4ba4;ce87be59;87890fa2
15,4,52,success,None,23/Jul/2026:13:18:46.319418,23/Jul/2026:13:18:58.658752,12.3393,104,23/Jul/2026:13:18:46.340997;23/Jul/2026:13:18:32.080515;23/Jul/2026:13:18:35.178925;23/Jul/2026:13:18:06.289644;23/Jul/2026:13:18:00.648045;23/Jul/2026:13:17:33.861053;23/Jul/2026:13:18:06.288740;23/Jul/2026:13:18:02.711900;23/Jul/2026:13:18:03.820253;23/Jul/2026:13:18:08.509169;23/Jul/2026:13:18:09.370893;23/Jul/2026:13:18:05.258023;23/Jul/2026:13:17:28.749442;23/Jul/2026:13:18:46.322418;23/Jul/2026:13:18:08.508844;23/Jul/2026:13:17:11.019025;23/Jul/2026:13:17:25.137979;23/Jul/2026:13:18:05.257616;23/Jul/2026:13:18:06.289335;23/Jul/2026:13:18:46.324922;23/Jul/2026:13:18:46.322167;23/Jul/2026:13:17:38.227623;23/Jul/2026:13:17:11.018485;23/Jul/2026:13:18:28.539336;23/Jul/2026:13:17:57.530572;23/Jul/2026:13:18:46.327950;23/Jul/2026:13:18:02.712764;23/Jul/2026:13:18:46.322667;23/Jul/2026:13:18:46.327269;23/Jul/2026:13:18:24.953378;23/Jul/2026:13:18:46.322042;23/Jul/2026:13:18:41.305104;23/Jul/2026:13:17:52.399791;23/Jul/2026:13:18:06.290023;23/Jul/2026:13:18:08.509340;23/Jul/2026:13:18:10.903390;23/Jul/2026:13:18:06.288600;23/Jul/2026:13:18:46.328878;23/Jul/2026:13:18:31.947601;23/Jul/2026:13:18:42.548714;23/Jul/2026:13:18:46.320016;23/Jul/2026:13:18:29.046714;23/Jul/2026:13:18:46.325536;23/Jul/2026:13:18:46.330977;23/Jul/2026:13:18:46.328054;23/Jul/2026:13:18:46.334459;23/Jul/2026:13:18:05.647392;23/Jul/2026:13:17:49.657595;23/Jul/2026:13:18:46.331962;23/Jul/2026:13:18:46.330889;23/Jul/2026:13:18:46.331876;23/Jul/2026:13:18:39.089783;23/Jul/2026:13:18:46.322105;23/Jul/2026:13:18:46.330530;23/Jul/2026:13:18:02.763753;23/Jul/2026:13:18:10.901849;23/Jul/2026:13:18:46.328118;23/Jul/2026:13:18:07.190545;23/Jul/2026:13:18:46.334491;23/Jul/2026:13:18:46.332170;23/Jul/2026:13:18:46.325979;23/Jul/2026:13:18:46.332112;23/Jul/2026:13:18:10.902832;23/Jul/2026:13:18:46.325699;23/Jul/2026:13:18:54.318057;23/Jul/2026:13:18:46.334897;23/Jul/2026:13:18:46.322849;23/Jul/2026:13:18:31.947765;23/Jul/2026:13:17:48.848393;23/Jul/2026:13:18:07.658506;23/Jul/2026:13:18:46.321789;23/Jul/2026:13:18:07.658144;23/Jul/2026:13:18:41.753588;23/Jul/2026:13:18:46.322910;23/Jul/2026:13:18:05.257910;23/Jul/2026:13:18:46.335339;23/Jul/2026:13:17:54.141495;23/Jul/2026:13:18:46.328149;23/Jul/2026:13:18:08.509452;23/Jul/2026:13:18:46.327768;23/Jul/2026:13:18:42.217826;23/Jul/2026:13:18:46.331267;23/Jul/2026:13:18:55.131702;23/Jul/2026:13:18:54.318534;23/Jul/2026:13:18:46.332459;23/Jul/2026:13:18:46.321894;23/Jul/2026:13:18:54.861006;23/Jul/2026:13:18:46.334307;23/Jul/2026:13:18:46.333609;23/Jul/2026:13:18:46.331593;23/Jul/2026:13:18:56.357533;23/Jul/2026:13:18:56.266116;23/Jul/2026:13:18:46.325757;23/Jul/2026:13:18:46.325866;23/Jul/2026:13:17:49.658614;23/Jul/2026:13:18:46.324506;23/Jul/2026:13:18:55.927967;23/Jul/2026:13:17:52.399852;23/Jul/2026:13:18:41.750511;23/Jul/2026:13:18:24.952892;23/Jul/2026:13:18:57.886224;23/Jul/2026:13:18:56.265332;23/Jul/2026:13:18:55.130298;23/Jul/2026:13:18:46.335462,0.0189;14.2905;11.1921;40.1306;45.8133;72.6151;40.1899;43.7715;42.6748;37.9860;37.1950;41.3080;77.8244;0.2519;38.1502;95.6476;81.5291;41.4552;40.5371;0.5311;0.5756;68.6939;95.9272;18.4800;49.7075;0.9109;44.5951;1.0721;1.1995;23.0204;1.8428;6.9144;55.8265;41.9376;39.9508;37.9931;42.7224;2.9840;17.4072;6.8844;3.7310;21.4918;4.2916;4.3952;4.4967;4.5522;45.2901;61.6164;5.1556;5.2560;5.8070;13.0638;5.8505;5.8538;49.4911;41.5898;6.1915;45.4228;6.7297;8.0637;8.0744;8.0765;43.5069;8.1752;0.6110;8.5999;8.6451;23.0252;66.1753;47.3894;8.9048;47.5685;13.4922;8.9707;50.0376;8.9668;61.8375;9.6828;47.5597;9.7687;14.1180;10.0073;1.3103;2.1771;10.1890;10.2108;1.9615;10.7198;10.8323;10.8926;0.9170;1.0957;11.6238;11.6357;68.3830;11.7198;2.3066;65.8628;16.5873;33.4011;0.4967;2.1183;3.4715;12.3006,bytes=512010498-512091804;bytes=1234248263-1234447121;bytes=1420456724-1420551045;bytes=1726806623-1726916519;bytes=1479162819-1480057985;bytes=1921175092-1921301760;bytes=1719814527-1720706409;bytes=1543008564-1543906326;bytes=1651240223-1652157319;bytes=1846370179-1846577444;bytes=1912085169-1912995092;bytes=1685171916-1685262768;bytes=1643840185-1644061968;bytes=17733157-18648159;bytes=1846266673-1846370178;bytes=732885010-732982525;bytes=1421456988-1422337868;bytes=1677493826-1678390033;bytes=1726699648-1726806622;bytes=56304529-56371233;bytes=19546918-19624247;bytes=169969712-170170030;bytes=725031293-725184091;bytes=1037052996-1037951793;bytes=1338924157-1339823610;bytes=128302429-129216602;bytes=1545403186-1546297567;bytes=23662341-23748271;bytes=93079693-93177728;bytes=783250185-784124164;bytes=15733140-15826720;bytes=1730891984-1731011212;bytes=1046935226-1047850139;bytes=1729710490-1730607334;bytes=1850569100-1850676764;bytes=36319658-36416454;bytes=1718915264-1719814526;bytes=166002691-166897229;bytes=1201365105-1201568097;bytes=1917487146-1917589050;bytes=9744492-10652386;bytes=1179798088-1180699053;bytes=56567130-57460713;bytes=246978779-247076166;bytes=133389994-133498417;bytes=401381719-401515194;bytes=1693745194-1694639553;bytes=823353710-824262415;bytes=300147834-301031514;bytes=244835071-245732602;bytes=300050269-300147833;bytes=1677140719-1677271129;bytes=15826721-15930431;bytes=222249683-222339354;bytes=1589956666-1590061324;bytes=9744492-10652386;bytes=129793216-130690294;bytes=1757915523-1758832120;bytes=401515195-401614369;bytes=307836611-307918881;bytes=80991513-81885663;bytes=304051803-304151344;bytes=19703508-19848010;bytes=59231728-60118163;bytes=524676355-524847305;bytes=413892166-414096607;bytes=29322117-30208735;bytes=1205513196-1205612698;bytes=761437009-761535436;bytes=1802324086-1803199765;bytes=12870474-13766804;bytes=1805162641-1805279229;bytes=1801212264-1801447881;bytes=30208736-31127958;bytes=1681392848-1681502459;bytes=426640967-427535995;bytes=1175790559-1176690287;bytes=130690295-131568698;bytes=1847717100-1848608708;bytes=129216603-129323426;bytes=1846370179-1846577444;bytes=254852527-254937026;bytes=593727707-593827298;bytes=528844495-528937260;bytes=345750898-346640078;bytes=13766805-14670925;bytes=565244006-565446215;bytes=394638068-395517719;bytes=390718148-391592468;bytes=255036591-255137808;bytes=728797327-728892940;bytes=651124891-651228523;bytes=60249183-60347628;bytes=64031676-64101355;bytes=831223479-831318248;bytes=48584354-49489417;bytes=618524459-618706705;bytes=1047850140-1048748110;bytes=1755744286-1755946976;bytes=778371146-779274126;bytes=790083879-790163597;bytes=646820194-646955530;bytes=579904055-580817981;bytes=430463925-430591837,c6a69855;8bfcc576;b7df81c2;f80a7531;586bc0ba;511ce036;6c2b5b51;2a4a2f30;3f2759ab;d9b11029;b1b94e5b;9d617028;d1aef557;b73c2665;aef2639e;d191e845;e2a5fb7d;8d5b4ade;86c66d44;2dbc1561;8eb4ac21;196a0fa9;e35a05ad;f387f641;0dc57610;60cd2b6d;e537b4da;8a2e4186;a489a1c6;0d5b0df1;aed80b97;bfbbbd8f;2a4df3a5;d7954bc9;d8c58b87;cfb204b7;900bcef5;897ca76c;102727a5;fa9aa179;1e0e8abb;31fecc39;ece97bfa;d056e730;6e30f0b5;bae4aeea;b6d6ac30;0efcb67a;bc4a67eb;e337d766;14bfc4d6;c32ac86b;a6c5e786;1f2cf2f0;ce7f93cd;66129aa7;78bbcb28;53d9fd81;53edd962;232c5118;b4ce8734;f3a34755;d4409ac6;8fd28a06;a74c2ceb;f60bcc8b;df765233;1a6fc210;03d01df6;895d6acd;f019ea37;c2efc44a;94e6b955;3619cdda;96c6da1f;7f48e58c;076a5533;6b0f4ffb;d2fe35cd;e2c6292d;37e0aec2;1ebb9299;581edbe2;93ba52df;8a6e6057;1f60439a;06f016c4;17d340b2;ef08c4d2;5b7d9833;6fe4c672;3db28a81;f66422dc;37216aa5;e895b52e;b333fcab;79d6cf8e;28d6cca5;3e4649c5;4dfb4ba4;ce87be59;87890fa2;c342d7b3;674542d9
15,4,100,success,None,23/Jul/2026:13:18:46.320688,23/Jul/2026:13:19:00.544619,14.2239,127,23/Jul/2026:13:18:46.340997;23/Jul/2026:13:18:32.080515;23/Jul/2026:13:18:35.178925;23/Jul/2026:13:18:06.289644;23/Jul/2026:13:18:00.648045;23/Jul/2026:13:17:33.861053;23/Jul/2026:13:18:06.288740;23/Jul/2026:13:18:02.711900;23/Jul/2026:13:18:03.820253;23/Jul/2026:13:18:08.509169;23/Jul/2026:13:18:09.370893;23/Jul/2026:13:18:05.258023;23/Jul/2026:13:17:28.749442;23/Jul/2026:13:18:46.322418;23/Jul/2026:13:18:08.508844;23/Jul/2026:13:17:11.019025;23/Jul/2026:13:17:25.137979;23/Jul/2026:13:18:05.257616;23/Jul/2026:13:18:06.289335;23/Jul/2026:13:18:46.324922;23/Jul/2026:13:18:46.322167;23/Jul/2026:13:17:38.227623;23/Jul/2026:13:17:11.018485;23/Jul/2026:13:18:28.539336;23/Jul/2026:13:17:57.530572;23/Jul/2026:13:18:46.327950;23/Jul/2026:13:18:02.712764;23/Jul/2026:13:18:46.322667;23/Jul/2026:13:18:46.327269;23/Jul/2026:13:18:24.953378;23/Jul/2026:13:18:46.322042;23/Jul/2026:13:18:41.305104;23/Jul/2026:13:17:52.399791;23/Jul/2026:13:18:06.290023;23/Jul/2026:13:18:08.509340;23/Jul/2026:13:18:10.903390;23/Jul/2026:13:18:06.288600;23/Jul/2026:13:18:46.328878;23/Jul/2026:13:18:31.947601;23/Jul/2026:13:18:42.548714;23/Jul/2026:13:18:46.320016;23/Jul/2026:13:18:29.046714;23/Jul/2026:13:18:46.325536;23/Jul/2026:13:18:46.330977;23/Jul/2026:13:18:46.328054;23/Jul/2026:13:18:46.334459;23/Jul/2026:13:18:05.647392;23/Jul/2026:13:17:49.657595;23/Jul/2026:13:18:46.331962;23/Jul/2026:13:18:46.330889;23/Jul/2026:13:18:46.331876;23/Jul/2026:13:18:39.089783;23/Jul/2026:13:18:46.322105;23/Jul/2026:13:18:46.330530;23/Jul/2026:13:18:02.763753;23/Jul/2026:13:18:10.901849;23/Jul/2026:13:18:46.328118;23/Jul/2026:13:18:07.190545;23/Jul/2026:13:18:46.334491;23/Jul/2026:13:18:46.332170;23/Jul/2026:13:18:46.325979;23/Jul/2026:13:18:46.332112;23/Jul/2026:13:18:10.902832;23/Jul/2026:13:18:46.325699;23/Jul/2026:13:18:54.318057;23/Jul/2026:13:18:46.334897;23/Jul/2026:13:18:46.322849;23/Jul/2026:13:18:31.947765;23/Jul/2026:13:17:48.848393;23/Jul/2026:13:18:07.658506;23/Jul/2026:13:18:46.321789;23/Jul/2026:13:18:07.658144;23/Jul/2026:13:18:41.753588;23/Jul/2026:13:18:46.322910;23/Jul/2026:13:18:05.257910;23/Jul/2026:13:18:46.335339;23/Jul/2026:13:17:54.141495;23/Jul/2026:13:18:46.328149;23/Jul/2026:13:18:08.509452;23/Jul/2026:13:18:46.327768;23/Jul/2026:13:18:42.217826;23/Jul/2026:13:18:46.331267;23/Jul/2026:13:18:55.131702;23/Jul/2026:13:18:54.318534;23/Jul/2026:13:18:46.332459;23/Jul/2026:13:18:46.321894;23/Jul/2026:13:18:54.861006;23/Jul/2026:13:18:46.334307;23/Jul/2026:13:18:46.333609;23/Jul/2026:13:18:46.331593;23/Jul/2026:13:18:56.357533;23/Jul/2026:13:18:56.266116;23/Jul/2026:13:18:46.325757;23/Jul/2026:13:18:46.325866;23/Jul/2026:13:17:49.658614;23/Jul/2026:13:18:46.324506;23/Jul/2026:13:18:55.927967;23/Jul/2026:13:17:52.399852;23/Jul/2026:13:18:41.750511;23/Jul/2026:13:18:24.952892;23/Jul/2026:13:18:57.886224;23/Jul/2026:13:18:56.265332;23/Jul/2026:13:18:55.130298;23/Jul/2026:13:18:46.335462;23/Jul/2026:13:18:46.331294;23/Jul/2026:13:18:56.357248;23/Jul/2026:13:18:46.324284;23/Jul/2026:13:18:21.497171;23/Jul/2026:13:18:07.659272;23/Jul/2026:13:18:55.131543;23/Jul/2026:13:18:46.331557;23/Jul/2026:13:18:58.506605;23/Jul/2026:13:18:46.331150;23/Jul/2026:13:18:46.335894;23/Jul/2026:13:18:55.131261;23/Jul/2026:13:18:46.336064;23/Jul/2026:13:18:05.256471;23/Jul/2026:13:18:58.506906;23/Jul/2026:13:18:46.322600;23/Jul/2026:13:18:46.327142;23/Jul/2026:13:18:46.334726;23/Jul/2026:13:18:46.322359;23/Jul/2026:13:18:03.820082;23/Jul/2026:13:18:58.659557;23/Jul/2026:13:16:12.324474;23/Jul/2026:13:18:54.317650;23/Jul/2026:13:18:46.331064,0.0189;14.2905;11.1921;40.1306;45.8133;72.6151;40.1899;43.7715;42.6748;37.9860;37.1950;41.3080;77.8244;0.2519;38.1502;95.6476;81.5291;41.4552;40.5371;0.5311;0.5756;68.6939;95.9272;18.4800;49.7075;0.9109;44.5951;1.0721;1.1995;23.0204;1.8428;6.9144;55.8265;41.9376;39.9508;37.9931;42.7224;2.9840;17.4072;6.8844;3.7310;21.4918;4.2916;4.3952;4.4967;4.5522;45.2901;61.6164;5.1556;5.2560;5.8070;13.0638;5.8505;5.8538;49.4911;41.5898;6.1915;45.4228;6.7297;8.0637;8.0744;8.0765;43.5069;8.1752;0.6110;8.5999;8.6451;23.0252;66.1753;47.3894;8.9048;47.5685;13.4922;8.9707;50.0376;8.9668;61.8375;9.6828;47.5597;9.7687;14.1180;10.0073;1.3103;2.1771;10.1890;10.2108;1.9615;10.7198;10.8323;10.8926;0.9170;1.0957;11.6238;11.6357;68.3830;11.7198;2.3066;65.8628;16.5873;33.4011;0.4967;2.1183;3.4715;12.3006;12.4380;2.5104;12.5436;37.6334;51.6123;4.1552;12.9605;0.8703;13.0857;13.0819;4.2866;13.0818;54.2796;1.1229;13.3379;13.4117;13.5073;13.5426;56.1535;1.6023;167.9395;5.9466;14.0090,bytes=512010498-512091804;bytes=1234248263-1234447121;bytes=1420456724-1420551045;bytes=1726806623-1726916519;bytes=1479162819-1480057985;bytes=1921175092-1921301760;bytes=1719814527-1720706409;bytes=1543008564-1543906326;bytes=1651240223-1652157319;bytes=1846370179-1846577444;bytes=1912085169-1912995092;bytes=1685171916-1685262768;bytes=1643840185-1644061968;bytes=17733157-18648159;bytes=1846266673-1846370178;bytes=732885010-732982525;bytes=1421456988-1422337868;bytes=1677493826-1678390033;bytes=1726699648-1726806622;bytes=56304529-56371233;bytes=19546918-19624247;bytes=169969712-170170030;bytes=725031293-725184091;bytes=1037052996-1037951793;bytes=1338924157-1339823610;bytes=128302429-129216602;bytes=1545403186-1546297567;bytes=23662341-23748271;bytes=93079693-93177728;bytes=783250185-784124164;bytes=15733140-15826720;bytes=1730891984-1731011212;bytes=1046935226-1047850139;bytes=1729710490-1730607334;bytes=1850569100-1850676764;bytes=36319658-36416454;bytes=1718915264-1719814526;bytes=166002691-166897229;bytes=1201365105-1201568097;bytes=1917487146-1917589050;bytes=9744492-10652386;bytes=1179798088-1180699053;bytes=56567130-57460713;bytes=246978779-247076166;bytes=133389994-133498417;bytes=401381719-401515194;bytes=1693745194-1694639553;bytes=823353710-824262415;bytes=300147834-301031514;bytes=244835071-245732602;bytes=300050269-300147833;bytes=1677140719-1677271129;bytes=15826721-15930431;bytes=222249683-222339354;bytes=1589956666-1590061324;bytes=9744492-10652386;bytes=129793216-130690294;bytes=1757915523-1758832120;bytes=401515195-401614369;bytes=307836611-307918881;bytes=80991513-81885663;bytes=304051803-304151344;bytes=19703508-19848010;bytes=59231728-60118163;bytes=524676355-524847305;bytes=413892166-414096607;bytes=29322117-30208735;bytes=1205513196-1205612698;bytes=761437009-761535436;bytes=1802324086-1803199765;bytes=12870474-13766804;bytes=1805162641-1805279229;bytes=1801212264-1801447881;bytes=30208736-31127958;bytes=1681392848-1681502459;bytes=426640967-427535995;bytes=1175790559-1176690287;bytes=130690295-131568698;bytes=1847717100-1848608708;bytes=129216603-129323426;bytes=1846370179-1846577444;bytes=254852527-254937026;bytes=593727707-593827298;bytes=528844495-528937260;bytes=345750898-346640078;bytes=13766805-14670925;bytes=565244006-565446215;bytes=394638068-395517719;bytes=390718148-391592468;bytes=255036591-255137808;bytes=728797327-728892940;bytes=651124891-651228523;bytes=60249183-60347628;bytes=64031676-64101355;bytes=831223479-831318248;bytes=48584354-49489417;bytes=618524459-618706705;bytes=1047850140-1048748110;bytes=1755744286-1755946976;bytes=778371146-779274126;bytes=790083879-790163597;bytes=646820194-646955530;bytes=579904055-580817981;bytes=430463925-430591837;bytes=251149836-252035494;bytes=721944040-722831132;bytes=44399546-44497232;bytes=624857988-625779421;bytes=1809663538-1809837643;bytes=588740465-589628498;bytes=254937027-255036590;bytes=993395321-994315721;bytes=249736122-250632730;bytes=437389648-438290461;bytes=589628499-589797897;bytes=459986327-460879763;bytes=1670237710-1671124992;bytes=998340708-999237454;bytes=19848011-20032816;bytes=91898869-92805845;bytes=413613256-413698894;bytes=16834771-17733156;bytes=1648547225-1649417093;bytes=1041016744-1041131963;bytes=1623171854-1623287239;bytes=520894905-521766381;bytes=247076167-247957532,c6a69855;8bfcc576;b7df81c2;f80a7531;586bc0ba;511ce036;6c2b5b51;2a4a2f30;3f2759ab;d9b11029;b1b94e5b;9d617028;d1aef557;b73c2665;aef2639e;d191e845;e2a5fb7d;8d5b4ade;86c66d44;2dbc1561;8eb4ac21;196a0fa9;e35a05ad;f387f641;0dc57610;60cd2b6d;e537b4da;8a2e4186;a489a1c6;0d5b0df1;aed80b97;bfbbbd8f;2a4df3a5;d7954bc9;d8c58b87;cfb204b7;900bcef5;897ca76c;102727a5;fa9aa179;1e0e8abb;31fecc39;ece97bfa;d056e730;6e30f0b5;bae4aeea;b6d6ac30;0efcb67a;bc4a67eb;e337d766;14bfc4d6;c32ac86b;a6c5e786;1f2cf2f0;ce7f93cd;66129aa7;78bbcb28;53d9fd81;53edd962;232c5118;b4ce8734;f3a34755;d4409ac6;8fd28a06;a74c2ceb;f60bcc8b;df765233;1a6fc210;03d01df6;895d6acd;f019ea37;c2efc44a;94e6b955;3619cdda;96c6da1f;7f48e58c;076a5533;6b0f4ffb;d2fe35cd;e2c6292d;37e0aec2;1ebb9299;581edbe2;93ba52df;8a6e6057;1f60439a;06f016c4;17d340b2;ef08c4d2;5b7d9833;6fe4c672;3db28a81;f66422dc;37216aa5;e895b52e;b333fcab;79d6cf8e;28d6cca5;3e4649c5;4dfb4ba4;ce87be59;87890fa2;c342d7b3;674542d9;6c651b83;934fe5e1;c28a1aec;6fa80b06;96444a79;a0d9f63d;7885fca8;9244ead3;b27ffb9d;6c2fd171;a153d425;1c8e9559;087ad8b1;86f07b25;68b94e36;33069795;afbcbb51;c23145ed;7f5768a0;955b0edc;7f1b7fdc;7298d54b;521a436b
15,4,85,success,None,23/Jul/2026:13:18:46.320336,23/Jul/2026:13:19:00.687695,14.3674,130,23/Jul/2026:13:18:46.340997;23/Jul/2026:13:18:32.080515;23/Jul/2026:13:18:35.178925;23/Jul/2026:13:18:06.289644;23/Jul/2026:13:18:00.648045;23/Jul/2026:13:17:33.861053;23/Jul/2026:13:18:06.288740;23/Jul/2026:13:18:02.711900;23/Jul/2026:13:18:03.820253;23/Jul/2026:13:18:08.509169;23/Jul/2026:13:18:09.370893;23/Jul/2026:13:18:05.258023;23/Jul/2026:13:17:28.749442;23/Jul/2026:13:18:46.322418;23/Jul/2026:13:18:08.508844;23/Jul/2026:13:17:11.019025;23/Jul/2026:13:17:25.137979;23/Jul/2026:13:18:05.257616;23/Jul/2026:13:18:06.289335;23/Jul/2026:13:18:46.324922;23/Jul/2026:13:18:46.322167;23/Jul/2026:13:17:38.227623;23/Jul/2026:13:17:11.018485;23/Jul/2026:13:18:28.539336;23/Jul/2026:13:17:57.530572;23/Jul/2026:13:18:46.327950;23/Jul/2026:13:18:02.712764;23/Jul/2026:13:18:46.322667;23/Jul/2026:13:18:46.327269;23/Jul/2026:13:18:24.953378;23/Jul/2026:13:18:46.322042;23/Jul/2026:13:18:41.305104;23/Jul/2026:13:17:52.399791;23/Jul/2026:13:18:06.290023;23/Jul/2026:13:18:08.509340;23/Jul/2026:13:18:10.903390;23/Jul/2026:13:18:06.288600;23/Jul/2026:13:18:46.328878;23/Jul/2026:13:18:31.947601;23/Jul/2026:13:18:42.548714;23/Jul/2026:13:18:46.320016;23/Jul/2026:13:18:29.046714;23/Jul/2026:13:18:46.325536;23/Jul/2026:13:18:46.330977;23/Jul/2026:13:18:46.328054;23/Jul/2026:13:18:46.334459;23/Jul/2026:13:18:05.647392;23/Jul/2026:13:17:49.657595;23/Jul/2026:13:18:46.331962;23/Jul/2026:13:18:46.330889;23/Jul/2026:13:18:46.331876;23/Jul/2026:13:18:39.089783;23/Jul/2026:13:18:46.322105;23/Jul/2026:13:18:46.330530;23/Jul/2026:13:18:02.763753;23/Jul/2026:13:18:10.901849;23/Jul/2026:13:18:46.328118;23/Jul/2026:13:18:07.190545;23/Jul/2026:13:18:46.334491;23/Jul/2026:13:18:46.332170;23/Jul/2026:13:18:46.325979;23/Jul/2026:13:18:46.332112;23/Jul/2026:13:18:10.902832;23/Jul/2026:13:18:46.325699;23/Jul/2026:13:18:54.318057;23/Jul/2026:13:18:46.334897;23/Jul/2026:13:18:46.322849;23/Jul/2026:13:18:31.947765;23/Jul/2026:13:17:48.848393;23/Jul/2026:13:18:07.658506;23/Jul/2026:13:18:46.321789;23/Jul/2026:13:18:07.658144;23/Jul/2026:13:18:41.753588;23/Jul/2026:13:18:46.322910;23/Jul/2026:13:18:05.257910;23/Jul/2026:13:18:46.335339;23/Jul/2026:13:17:54.141495;23/Jul/2026:13:18:46.328149;23/Jul/2026:13:18:08.509452;23/Jul/2026:13:18:46.327768;23/Jul/2026:13:18:42.217826;23/Jul/2026:13:18:46.331267;23/Jul/2026:13:18:55.131702;23/Jul/2026:13:18:54.318534;23/Jul/2026:13:18:46.332459;23/Jul/2026:13:18:46.321894;23/Jul/2026:13:18:54.861006;23/Jul/2026:13:18:46.334307;23/Jul/2026:13:18:46.333609;23/Jul/2026:13:18:46.331593;23/Jul/2026:13:18:56.357533;23/Jul/2026:13:18:56.266116;23/Jul/2026:13:18:46.325757;23/Jul/2026:13:18:46.325866;23/Jul/2026:13:17:49.658614;23/Jul/2026:13:18:46.324506;23/Jul/2026:13:18:55.927967;23/Jul/2026:13:17:52.399852;23/Jul/2026:13:18:41.750511;23/Jul/2026:13:18:24.952892;23/Jul/2026:13:18:57.886224;23/Jul/2026:13:18:56.265332;23/Jul/2026:13:18:55.130298;23/Jul/2026:13:18:46.335462;23/Jul/2026:13:18:46.331294;23/Jul/2026:13:18:56.357248;23/Jul/2026:13:18:46.324284;23/Jul/2026:13:18:21.497171;23/Jul/2026:13:18:07.659272;23/Jul/2026:13:18:55.131543;23/Jul/2026:13:18:46.331557;23/Jul/2026:13:18:58.506605;23/Jul/2026:13:18:46.331150;23/Jul/2026:13:18:46.335894;23/Jul/2026:13:18:55.131261;23/Jul/2026:13:18:46.336064;23/Jul/2026:13:18:05.256471;23/Jul/2026:13:18:58.506906;23/Jul/2026:13:18:46.322600;23/Jul/2026:13:18:46.327142;23/Jul/2026:13:18:46.334726;23/Jul/2026:13:18:46.322359;23/Jul/2026:13:18:03.820082;23/Jul/2026:13:18:58.659557;23/Jul/2026:13:16:12.324474;23/Jul/2026:13:18:54.317650;23/Jul/2026:13:18:46.331064;23/Jul/2026:13:18:46.323602;23/Jul/2026:13:18:46.326085;23/Jul/2026:13:18:46.324765,0.0189;14.2905;11.1921;40.1306;45.8133;72.6151;40.1899;43.7715;42.6748;37.9860;37.1950;41.3080;77.8244;0.2519;38.1502;95.6476;81.5291;41.4552;40.5371;0.5311;0.5756;68.6939;95.9272;18.4800;49.7075;0.9109;44.5951;1.0721;1.1995;23.0204;1.8428;6.9144;55.8265;41.9376;39.9508;37.9931;42.7224;2.9840;17.4072;6.8844;3.7310;21.4918;4.2916;4.3952;4.4967;4.5522;45.2901;61.6164;5.1556;5.2560;5.8070;13.0638;5.8505;5.8538;49.4911;41.5898;6.1915;45.4228;6.7297;8.0637;8.0744;8.0765;43.5069;8.1752;0.6110;8.5999;8.6451;23.0252;66.1753;47.3894;8.9048;47.5685;13.4922;8.9707;50.0376;8.9668;61.8375;9.6828;47.5597;9.7687;14.1180;10.0073;1.3103;2.1771;10.1890;10.2108;1.9615;10.7198;10.8323;10.8926;0.9170;1.0957;11.6238;11.6357;68.3830;11.7198;2.3066;65.8628;16.5873;33.4011;0.4967;2.1183;3.4715;12.3006;12.4380;2.5104;12.5436;37.6334;51.6123;4.1552;12.9605;0.8703;13.0857;13.0819;4.2866;13.0818;54.2796;1.1229;13.3379;13.4117;13.5073;13.5426;56.1535;1.6023;167.9395;5.9466;14.0090;14.3420;14.3527;14.3555,bytes=512010498-512091804;bytes=1234248263-1234447121;bytes=1420456724-1420551045;bytes=1726806623-1726916519;bytes=1479162819-1480057985;bytes=1921175092-1921301760;bytes=1719814527-1720706409;bytes=1543008564-1543906326;bytes=1651240223-1652157319;bytes=1846370179-1846577444;bytes=1912085169-1912995092;bytes=1685171916-1685262768;bytes=1643840185-1644061968;bytes=17733157-18648159;bytes=1846266673-1846370178;bytes=732885010-732982525;bytes=1421456988-1422337868;bytes=1677493826-1678390033;bytes=1726699648-1726806622;bytes=56304529-56371233;bytes=19546918-19624247;bytes=169969712-170170030;bytes=725031293-725184091;bytes=1037052996-1037951793;bytes=1338924157-1339823610;bytes=128302429-129216602;bytes=1545403186-1546297567;bytes=23662341-23748271;bytes=93079693-93177728;bytes=783250185-784124164;bytes=15733140-15826720;bytes=1730891984-1731011212;bytes=1046935226-1047850139;bytes=1729710490-1730607334;bytes=1850569100-1850676764;bytes=36319658-36416454;bytes=1718915264-1719814526;bytes=166002691-166897229;bytes=1201365105-1201568097;bytes=1917487146-1917589050;bytes=9744492-10652386;bytes=1179798088-1180699053;bytes=56567130-57460713;bytes=246978779-247076166;bytes=133389994-133498417;bytes=401381719-401515194;bytes=1693745194-1694639553;bytes=823353710-824262415;bytes=300147834-301031514;bytes=244835071-245732602;bytes=300050269-300147833;bytes=1677140719-1677271129;bytes=15826721-15930431;bytes=222249683-222339354;bytes=1589956666-1590061324;bytes=9744492-10652386;bytes=129793216-130690294;bytes=1757915523-1758832120;bytes=401515195-401614369;bytes=307836611-307918881;bytes=80991513-81885663;bytes=304051803-304151344;bytes=19703508-19848010;bytes=59231728-60118163;bytes=524676355-524847305;bytes=413892166-414096607;bytes=29322117-30208735;bytes=1205513196-1205612698;bytes=761437009-761535436;bytes=1802324086-1803199765;bytes=12870474-13766804;bytes=1805162641-1805279229;bytes=1801212264-1801447881;bytes=30208736-31127958;bytes=1681392848-1681502459;bytes=426640967-427535995;bytes=1175790559-1176690287;bytes=130690295-131568698;bytes=1847717100-1848608708;bytes=129216603-129323426;bytes=1846370179-1846577444;bytes=254852527-254937026;bytes=593727707-593827298;bytes=528844495-528937260;bytes=345750898-346640078;bytes=13766805-14670925;bytes=565244006-565446215;bytes=394638068-395517719;bytes=390718148-391592468;bytes=255036591-255137808;bytes=728797327-728892940;bytes=651124891-651228523;bytes=60249183-60347628;bytes=64031676-64101355;bytes=831223479-831318248;bytes=48584354-49489417;bytes=618524459-618706705;bytes=1047850140-1048748110;bytes=1755744286-1755946976;bytes=778371146-779274126;bytes=790083879-790163597;bytes=646820194-646955530;bytes=579904055-580817981;bytes=430463925-430591837;bytes=251149836-252035494;bytes=721944040-722831132;bytes=44399546-44497232;bytes=624857988-625779421;bytes=1809663538-1809837643;bytes=588740465-589628498;bytes=254937027-255036590;bytes=993395321-994315721;bytes=249736122-250632730;bytes=437389648-438290461;bytes=589628499-589797897;bytes=459986327-460879763;bytes=1670237710-1671124992;bytes=998340708-999237454;bytes=19848011-20032816;bytes=91898869-92805845;bytes=413613256-413698894;bytes=16834771-17733156;bytes=1648547225-1649417093;bytes=1041016744-1041131963;bytes=1623171854-1623287239;bytes=520894905-521766381;bytes=247076167-247957532;bytes=40334677-40433976;bytes=82767057-83688363;bytes=52399041-52496406,c6a69855;8bfcc576;b7df81c2;f80a7531;586bc0ba;511ce036;6c2b5b51;2a4a2f30;3f2759ab;d9b11029;b1b94e5b;9d617028;d1aef557;b73c2665;aef2639e;d191e845;e2a5fb7d;8d5b4ade;86c66d44;2dbc1561;8eb4ac21;196a0fa9;e35a05ad;f387f641;0dc57610;60cd2b6d;e537b4da;8a2e4186;a489a1c6;0d5b0df1;aed80b97;bfbbbd8f;2a4df3a5;d7954bc9;d8c58b87;cfb204b7;900bcef5;897ca76c;102727a5;fa9aa179;1e0e8abb;31fecc39;ece97bfa;d056e730;6e30f0b5;bae4aeea;b6d6ac30;0efcb67a;bc4a67eb;e337d766;14bfc4d6;c32ac86b;a6c5e786;1f2cf2f0;ce7f93cd;66129aa7;78bbcb28;53d9fd81;53edd962;232c5118;b4ce8734;f3a34755;d4409ac6;8fd28a06;a74c2ceb;f60bcc8b;df765233;1a6fc210;03d01df6;895d6acd;f019ea37;c2efc44a;94e6b955;3619cdda;96c6da1f;7f48e58c;076a5533;6b0f4ffb;d2fe35cd;e2c6292d;37e0aec2;1ebb9299;581edbe2;93ba52df;8a6e6057;1f60439a;06f016c4;17d340b2;ef08c4d2;5b7d9833;6fe4c672;3db28a81;f66422dc;37216aa5;e895b52e;b333fcab;79d6cf8e;28d6cca5;3e4649c5;4dfb4ba4;ce87be59;87890fa2;c342d7b3;674542d9;6c651b83;934fe5e1;c28a1aec;6fa80b06;96444a79;a0d9f63d;7885fca8;9244ead3;b27ffb9d;6c2fd171;a153d425;1c8e9559;087ad8b1;86f07b25;68b94e36;33069795;afbcbb51;c23145ed;7f5768a0;955b0edc;7f1b7fdc;7298d54b;521a436b;9223e588;973d4646;9c8e0912
15,4,137,success,None,23/Jul/2026:13:18:54.859594,23/Jul/2026:13:19:02.468248,7.6087,72,23/Jul/2026:13:18:54.318057;23/Jul/2026:13:18:46.334897;23/Jul/2026:13:18:46.322849;23/Jul/2026:13:18:31.947765;23/Jul/2026:13:17:48.848393;23/Jul/2026:13:18:07.658506;23/Jul/2026:13:18:46.321789;23/Jul/2026:13:18:07.658144;23/Jul/2026:13:18:41.753588;23/Jul/2026:13:18:46.322910;23/Jul/2026:13:18:05.257910;23/Jul/2026:13:18:46.335339;23/Jul/2026:13:17:54.141495;23/Jul/2026:13:18:46.328149;23/Jul/2026:13:18:08.509452;23/Jul/2026:13:18:46.327768;23/Jul/2026:13:18:42.217826;23/Jul/2026:13:18:46.331267;23/Jul/2026:13:18:55.131702;23/Jul/2026:13:18:54.318534;23/Jul/2026:13:18:46.332459;23/Jul/2026:13:18:46.321894;23/Jul/2026:13:18:54.861006;23/Jul/2026:13:18:46.334307;23/Jul/2026:13:18:46.333609;23/Jul/2026:13:18:46.331593;23/Jul/2026:13:18:56.357533;23/Jul/2026:13:18:56.266116;23/Jul/2026:13:18:46.325757;23/Jul/2026:13:18:46.325866;23/Jul/2026:13:17:49.658614;23/Jul/2026:13:18:46.324506;23/Jul/2026:13:18:55.927967;23/Jul/2026:13:17:52.399852;23/Jul/2026:13:18:41.750511;23/Jul/2026:13:18:24.952892;23/Jul/2026:13:18:57.886224;23/Jul/2026:13:18:56.265332;23/Jul/2026:13:18:55.130298;23/Jul/2026:13:18:46.335462;23/Jul/2026:13:18:46.331294;23/Jul/2026:13:18:56.357248;23/Jul/2026:13:18:46.324284;23/Jul/2026:13:18:21.497171;23/Jul/2026:13:18:07.659272;23/Jul/2026:13:18:55.131543;23/Jul/2026:13:18:46.331557;23/Jul/2026:13:18:58.506605;23/Jul/2026:13:18:46.331150;23/Jul/2026:13:18:46.335894;23/Jul/2026:13:18:55.131261;23/Jul/2026:13:18:46.336064;23/Jul/2026:13:18:05.256471;23/Jul/2026:13:18:58.506906;23/Jul/2026:13:18:46.322600;23/Jul/2026:13:18:46.327142;23/Jul/2026:13:18:46.334726;23/Jul/2026:13:18:46.322359;23/Jul/2026:13:18:03.820082;23/Jul/2026:13:18:58.659557;23/Jul/2026:13:16:12.324474;23/Jul/2026:13:18:54.317650;23/Jul/2026:13:18:46.331064;23/Jul/2026:13:18:46.323602;23/Jul/2026:13:18:46.326085;23/Jul/2026:13:18:46.324765;23/Jul/2026:13:18:46.328214;23/Jul/2026:13:18:46.329101;23/Jul/2026:13:19:00.546103;23/Jul/2026:13:18:54.860799;23/Jul/2026:13:18:56.357312;23/Jul/2026:13:18:46.327457,0.6110;8.5999;8.6451;23.0252;66.1753;47.3894;8.9048;47.5685;13.4922;8.9707;50.0376;8.9668;61.8375;9.6828;47.5597;9.7687;14.1180;10.0073;1.3103;2.1771;10.1890;10.2108;1.9615;10.7198;10.8323;10.8926;0.9170;1.0957;11.6238;11.6357;68.3830;11.7198;2.3066;65.8628;16.5873;33.4011;0.4967;2.1183;3.4715;12.3006;12.4380;2.5104;12.5436;37.6334;51.6123;4.1552;12.9605;0.8703;13.0857;13.0819;4.2866;13.0818;54.2796;1.1229;13.3379;13.4117;13.5073;13.5426;56.1535;1.6023;167.9395;5.9466;14.0090;14.3420;14.3527;14.3555;14.7293;14.9110;0.8268;6.5986;5.2561;15.4468,bytes=524676355-524847305;bytes=413892166-414096607;bytes=29322117-30208735;bytes=1205513196-1205612698;bytes=761437009-761535436;bytes=1802324086-1803199765;bytes=12870474-13766804;bytes=1805162641-1805279229;bytes=1801212264-1801447881;bytes=30208736-31127958;bytes=1681392848-1681502459;bytes=426640967-427535995;bytes=1175790559-1176690287;bytes=130690295-131568698;bytes=1847717100-1848608708;bytes=129216603-129323426;bytes=1846370179-1846577444;bytes=254852527-254937026;bytes=593727707-593827298;bytes=528844495-528937260;bytes=345750898-346640078;bytes=13766805-14670925;bytes=565244006-565446215;bytes=394638068-395517719;bytes=390718148-391592468;bytes=255036591-255137808;bytes=728797327-728892940;bytes=651124891-651228523;bytes=60249183-60347628;bytes=64031676-64101355;bytes=831223479-831318248;bytes=48584354-49489417;bytes=618524459-618706705;bytes=1047850140-1048748110;bytes=1755744286-1755946976;bytes=778371146-779274126;bytes=790083879-790163597;bytes=646820194-646955530;bytes=579904055-580817981;bytes=430463925-430591837;bytes=251149836-252035494;bytes=721944040-722831132;bytes=44399546-44497232;bytes=624857988-625779421;bytes=1809663538-1809837643;bytes=588740465-589628498;bytes=254937027-255036590;bytes=993395321-994315721;bytes=249736122-250632730;bytes=437389648-438290461;bytes=589628499-589797897;bytes=459986327-460879763;bytes=1670237710-1671124992;bytes=998340708-999237454;bytes=19848011-20032816;bytes=91898869-92805845;bytes=413613256-413698894;bytes=16834771-17733156;bytes=1648547225-1649417093;bytes=1041016744-1041131963;bytes=1623171854-1623287239;bytes=520894905-521766381;bytes=247076167-247957532;bytes=40334677-40433976;bytes=82767057-83688363;bytes=52399041-52496406;bytes=132484980-133389993;bytes=167787606-168716463;bytes=1156366251-1156590784;bytes=562307027-563197505;bytes=722831133-723754923;bytes=121412194-122309905,a74c2ceb;f60bcc8b;df765233;1a6fc210;03d01df6;895d6acd;f019ea37;c2efc44a;94e6b955;3619cdda;96c6da1f;7f48e58c;076a5533;6b0f4ffb;d2fe35cd;e2c6292d;37e0aec2;1ebb9299;581edbe2;93ba52df;8a6e6057;1f60439a;06f016c4;17d340b2;ef08c4d2;5b7d9833;6fe4c672;3db28a81;f66422dc;37216aa5;e895b52e;b333fcab;79d6cf8e;28d6cca5;3e4649c5;4dfb4ba4;ce87be59;87890fa2;c342d7b3;674542d9;6c651b83;934fe5e1;c28a1aec;6fa80b06;96444a79;a0d9f63d;7885fca8;9244ead3;b27ffb9d;6c2fd171;a153d425;1c8e9559;087ad8b1;86f07b25;68b94e36;33069795;afbcbb51;c23145ed;7f5768a0;955b0edc;7f1b7fdc;7298d54b;521a436b;9223e588;973d4646;9c8e0912;33ff27f8;4704dbad;21de4f2c;be0cc767;eee5ecf7;2bed43c3
15,4,224,success,None,23/Jul/2026:13:18:58.179714,23/Jul/2026:13:19:02.882645,4.7029,43,23/Jul/2026:13:18:55.927967;23/Jul/2026:13:17:52.399852;23/Jul/2026:13:18:41.750511;23/Jul/2026:13:18:24.952892;23/Jul/2026:13:18:57.886224;23/Jul/2026:13:18:56.265332;23/Jul/2026:13:18:55.130298;23/Jul/2026:13:18:46.335462;23/Jul/2026:13:18:46.331294;23/Jul/2026:13:18:56.357248;23/Jul/2026:13:18:46.324284;23/Jul/2026:13:18:21.497171;23/Jul/2026:13:18:07.659272;23/Jul/2026:13:18:55.131543;23/Jul/2026:13:18:46.331557;23/Jul/2026:13:18:58.506605;23/Jul/2026:13:18:46.331150;23/Jul/2026:13:18:46.335894;23/Jul/2026:13:18:55.131261;23/Jul/2026:13:18:46.336064;23/Jul/2026:13:18:05.256471;23/Jul/2026:13:18:58.506906;23/Jul/2026:13:18:46.322600;23/Jul/2026:13:18:46.327142;23/Jul/2026:13:18:46.334726;23/Jul/2026:13:18:46.322359;23/Jul/2026:13:18:03.820082;23/Jul/2026:13:18:58.659557;23/Jul/2026:13:16:12.324474;23/Jul/2026:13:18:54.317650;23/Jul/2026:13:18:46.331064;23/Jul/2026:13:18:46.323602;23/Jul/2026:13:18:46.326085;23/Jul/2026:13:18:46.324765;23/Jul/2026:13:18:46.328214;23/Jul/2026:13:18:46.329101;23/Jul/2026:13:19:00.546103;23/Jul/2026:13:18:54.860799;23/Jul/2026:13:18:56.357312;23/Jul/2026:13:18:46.327457;23/Jul/2026:13:18:56.950730;23/Jul/2026:13:18:46.329867;23/Jul/2026:13:18:55.927751,2.3066;65.8628;16.5873;33.4011;0.4967;2.1183;3.4715;12.3006;12.4380;2.5104;12.5436;37.6334;51.6123;4.1552;12.9605;0.8703;13.0857;13.0819;4.2866;13.0818;54.2796;1.1229;13.3379;13.4117;13.5073;13.5426;56.1535;1.6023;167.9395;5.9466;14.0090;14.3420;14.3527;14.3555;14.7293;14.9110;0.8268;6.5986;5.2561;15.4468;5.6114;16.2794;6.7609,bytes=618524459-618706705;bytes=1047850140-1048748110;bytes=1755744286-1755946976;bytes=778371146-779274126;bytes=790083879-790163597;bytes=646820194-646955530;bytes=579904055-580817981;bytes=430463925-430591837;bytes=251149836-252035494;bytes=721944040-722831132;bytes=44399546-44497232;bytes=624857988-625779421;bytes=1809663538-1809837643;bytes=588740465-589628498;bytes=254937027-255036590;bytes=993395321-994315721;bytes=249736122-250632730;bytes=437389648-438290461;bytes=589628499-589797897;bytes=459986327-460879763;bytes=1670237710-1671124992;bytes=998340708-999237454;bytes=19848011-20032816;bytes=91898869-92805845;bytes=413613256-413698894;bytes=16834771-17733156;bytes=1648547225-1649417093;bytes=1041016744-1041131963;bytes=1623171854-1623287239;bytes=520894905-521766381;bytes=247076167-247957532;bytes=40334677-40433976;bytes=82767057-83688363;bytes=52399041-52496406;bytes=132484980-133389993;bytes=167787606-168716463;bytes=1156366251-1156590784;bytes=562307027-563197505;bytes=722831133-723754923;bytes=121412194-122309905;bytes=769788690-769898910;bytes=178336997-178518486;bytes=615594075-616472952,79d6cf8e;28d6cca5;3e4649c5;4dfb4ba4;ce87be59;87890fa2;c342d7b3;674542d9;6c651b83;934fe5e1;c28a1aec;6fa80b06;96444a79;a0d9f63d;7885fca8;9244ead3;b27ffb9d;6c2fd171;a153d425;1c8e9559;087ad8b1;86f07b25;68b94e36;33069795;afbcbb51;c23145ed;7f5768a0;955b0edc;7f1b7fdc;7298d54b;521a436b;9223e588;973d4646;9c8e0912;33ff27f8;4704dbad;21de4f2c;be0cc767;eee5ecf7;2bed43c3;2b86e0c6;66e99029;1123e6c6
15,4,177,success,None,23/Jul/2026:13:18:56.356797,23/Jul/2026:13:19:03.264343,6.9075,62,23/Jul/2026:13:18:55.131702;23/Jul/2026:13:18:54.318534;23/Jul/2026:13:18:46.332459;23/Jul/2026:13:18:46.321894;23/Jul/2026:13:18:54.861006;23/Jul/2026:13:18:46.334307;23/Jul/2026:13:18:46.333609;23/Jul/2026:13:18:46.331593;23/Jul/2026:13:18:56.357533;23/Jul/2026:13:18:56.266116;23/Jul/2026:13:18:46.325757;23/Jul/2026:13:18:46.325866;23/Jul/2026:13:17:49.658614;23/Jul/2026:13:18:46.324506;23/Jul/2026:13:18:55.927967;23/Jul/2026:13:17:52.399852;23/Jul/2026:13:18:41.750511;23/Jul/2026:13:18:24.952892;23/Jul/2026:13:18:57.886224;23/Jul/2026:13:18:56.265332;23/Jul/2026:13:18:55.130298;23/Jul/2026:13:18:46.335462;23/Jul/2026:13:18:46.331294;23/Jul/2026:13:18:56.357248;23/Jul/2026:13:18:46.324284;23/Jul/2026:13:18:21.497171;23/Jul/2026:13:18:07.659272;23/Jul/2026:13:18:55.131543;23/Jul/2026:13:18:46.331557;23/Jul/2026:13:18:58.506605;23/Jul/2026:13:18:46.331150;23/Jul/2026:13:18:46.335894;23/Jul/2026:13:18:55.131261;23/Jul/2026:13:18:46.336064;23/Jul/2026:13:18:05.256471;23/Jul/2026:13:18:58.506906;23/Jul/2026:13:18:46.322600;23/Jul/2026:13:18:46.327142;23/Jul/2026:13:18:46.334726;23/Jul/2026:13:18:46.322359;23/Jul/2026:13:18:03.820082;23/Jul/2026:13:18:58.659557;23/Jul/2026:13:16:12.324474;23/Jul/2026:13:18:54.317650;23/Jul/2026:13:18:46.331064;23/Jul/2026:13:18:46.323602;23/Jul/2026:13:18:46.326085;23/Jul/2026:13:18:46.324765;23/Jul/2026:13:18:46.328214;23/Jul/2026:13:18:46.329101;23/Jul/2026:13:19:00.546103;23/Jul/2026:13:18:54.860799;23/Jul/2026:13:18:56.357312;23/Jul/2026:13:18:46.327457;23/Jul/2026:13:18:56.950730;23/Jul/2026:13:18:46.329867;23/Jul/2026:13:18:55.927751;23/Jul/2026:13:18:46.335781;23/Jul/2026:13:18:46.334343;23/Jul/2026:13:18:46.326721;23/Jul/2026:13:18:46.332950;23/Jul/2026:13:18:46.333381,1.3103;2.1771;10.1890;10.2108;1.9615;10.7198;10.8323;10.8926;0.9170;1.0957;11.6238;11.6357;68.3830;11.7198;2.3066;65.8628;16.5873;33.4011;0.4967;2.1183;3.4715;12.3006;12.4380;2.5104;12.5436;37.6334;51.6123;4.1552;12.9605;0.8703;13.0857;13.0819;4.2866;13.0818;54.2796;1.1229;13.3379;13.4117;13.5073;13.5426;56.1535;1.6023;167.9395;5.9466;14.0090;14.3420;14.3527;14.3555;14.7293;14.9110;0.8268;6.5986;5.2561;15.4468;5.6114;16.2794;6.7609;16.6210;16.6894;16.7039;16.6977;16.7079,bytes=593727707-593827298;bytes=528844495-528937260;bytes=345750898-346640078;bytes=13766805-14670925;bytes=565244006-565446215;bytes=394638068-395517719;bytes=390718148-391592468;bytes=255036591-255137808;bytes=728797327-728892940;bytes=651124891-651228523;bytes=60249183-60347628;bytes=64031676-64101355;bytes=831223479-831318248;bytes=48584354-49489417;bytes=618524459-618706705;bytes=1047850140-1048748110;bytes=1755744286-1755946976;bytes=778371146-779274126;bytes=790083879-790163597;bytes=646820194-646955530;bytes=579904055-580817981;bytes=430463925-430591837;bytes=251149836-252035494;bytes=721944040-722831132;bytes=44399546-44497232;bytes=624857988-625779421;bytes=1809663538-1809837643;bytes=588740465-589628498;bytes=254937027-255036590;bytes=993395321-994315721;bytes=249736122-250632730;bytes=437389648-438290461;bytes=589628499-589797897;bytes=459986327-460879763;bytes=1670237710-1671124992;bytes=998340708-999237454;bytes=19848011-20032816;bytes=91898869-92805845;bytes=413613256-413698894;bytes=16834771-17733156;bytes=1648547225-1649417093;bytes=1041016744-1041131963;bytes=1623171854-1623287239;bytes=520894905-521766381;bytes=247076167-247957532;bytes=40334677-40433976;bytes=82767057-83688363;bytes=52399041-52496406;bytes=132484980-133389993;bytes=167787606-168716463;bytes=1156366251-1156590784;bytes=562307027-563197505;bytes=722831133-723754923;bytes=121412194-122309905;bytes=769788690-769898910;bytes=178336997-178518486;bytes=615594075-616472952;bytes=438383845-438481284;bytes=395517720-396384850;bytes=92805846-92892538;bytes=352753015-352849587;bytes=387653071-388560400,581edbe2;93ba52df;8a6e6057;1f60439a;06f016c4;17d340b2;ef08c4d2;5b7d9833;6fe4c672;3db28a81;f66422dc;37216aa5;e895b52e;b333fcab;79d6cf8e;28d6cca5;3e4649c5;4dfb4ba4;ce87be59;87890fa2;c342d7b3;674542d9;6c651b83;934fe5e1;c28a1aec;6fa80b06;96444a79;a0d9f63d;7885fca8;9244ead3;b27ffb9d;6c2fd171;a153d425;1c8e9559;087ad8b1;86f07b25;68b94e36;33069795;afbcbb51;c23145ed;7f5768a0;955b0edc;7f1b7fdc;7298d54b;521a436b;9223e588;973d4646;9c8e0912;33ff27f8;4704dbad;21de4f2c;be0cc767;eee5ecf7;2bed43c3;2b86e0c6;66e99029;1123e6c6;32f51631;3a22b023;1bc8d8e8;05770ba7;fc6cd260
15,4,243,success,None,23/Jul/2026:13:18:58.506131,23/Jul/2026:13:19:03.581275,5.0751,48,23/Jul/2026:13:18:55.130298;23/Jul/2026:13:18:46.335462;23/Jul/2026:13:18:46.331294;23/Jul/2026:13:18:56.357248;23/Jul/2026:13:18:46.324284;23/Jul/2026:13:18:21.497171;23/Jul/2026:13:18:07.659272;23/Jul/2026:13:18:55.131543;23/Jul/2026:13:18:46.331557;23/Jul/2026:13:18:58.506605;23/Jul/2026:13:18:46.331150;23/Jul/2026:13:18:46.335894;23/Jul/2026:13:18:55.131261;23/Jul/2026:13:18:46.336064;23/Jul/2026:13:18:05.256471;23/Jul/2026:13:18:58.506906;23/Jul/2026:13:18:46.322600;23/Jul/2026:13:18:46.327142;23/Jul/2026:13:18:46.334726;23/Jul/2026:13:18:46.322359;23/Jul/2026:13:18:03.820082;23/Jul/2026:13:18:58.659557;23/Jul/2026:13:16:12.324474;23/Jul/2026:13:18:54.317650;23/Jul/2026:13:18:46.331064;23/Jul/2026:13:18:46.323602;23/Jul/2026:13:18:46.326085;23/Jul/2026:13:18:46.324765;23/Jul/2026:13:18:46.328214;23/Jul/2026:13:18:46.329101;23/Jul/2026:13:19:00.546103;23/Jul/2026:13:18:54.860799;23/Jul/2026:13:18:56.357312;23/Jul/2026:13:18:46.327457;23/Jul/2026:13:18:56.950730;23/Jul/2026:13:18:46.329867;23/Jul/2026:13:18:55.927751;23/Jul/2026:13:18:46.335781;23/Jul/2026:13:18:46.334343;23/Jul/2026:13:18:46.326721;23/Jul/2026:13:18:46.332950;23/Jul/2026:13:18:46.333381;23/Jul/2026:13:19:02.884861;23/Jul/2026:13:18:03.819193;23/Jul/2026:13:18:56.949536;23/Jul/2026:13:18:02.713287;23/Jul/2026:13:18:46.323799;23/Jul/2026:13:19:02.469276,3.4715;12.3006;12.4380;2.5104;12.5436;37.6334;51.6123;4.1552;12.9605;0.8703;13.0857;13.0819;4.2866;13.0818;54.2796;1.1229;13.3379;13.4117;13.5073;13.5426;56.1535;1.6023;167.9395;5.9466;14.0090;14.3420;14.3527;14.3555;14.7293;14.9110;0.8268;6.5986;5.2561;15.4468;5.6114;16.2794;6.7609;16.6210;16.6894;16.7039;16.6977;16.7079;0.4678;59.5696;6.4408;60.7484;17.1646;1.0214,bytes=579904055-580817981;bytes=430463925-430591837;bytes=251149836-252035494;bytes=721944040-722831132;bytes=44399546-44497232;bytes=624857988-625779421;bytes=1809663538-1809837643;bytes=588740465-589628498;bytes=254937027-255036590;bytes=993395321-994315721;bytes=249736122-250632730;bytes=437389648-438290461;bytes=589628499-589797897;bytes=459986327-460879763;bytes=1670237710-1671124992;bytes=998340708-999237454;bytes=19848011-20032816;bytes=91898869-92805845;bytes=413613256-413698894;bytes=16834771-17733156;bytes=1648547225-1649417093;bytes=1041016744-1041131963;bytes=1623171854-1623287239;bytes=520894905-521766381;bytes=247076167-247957532;bytes=40334677-40433976;bytes=82767057-83688363;bytes=52399041-52496406;bytes=132484980-133389993;bytes=167787606-168716463;bytes=1156366251-1156590784;bytes=562307027-563197505;bytes=722831133-723754923;bytes=121412194-122309905;bytes=769788690-769898910;bytes=178336997-178518486;bytes=615594075-616472952;bytes=438383845-438481284;bytes=395517720-396384850;bytes=92805846-92892538;bytes=352753015-352849587;bytes=387653071-388560400;bytes=1238592090-1238766274;bytes=1641852588-1642770736;bytes=753484099-754377061;bytes=1549671411-1550559657;bytes=40433977-40533620;bytes=1201170856-1201267339,c342d7b3;674542d9;6c651b83;934fe5e1;c28a1aec;6fa80b06;96444a79;a0d9f63d;7885fca8;9244ead3;b27ffb9d;6c2fd171;a153d425;1c8e9559;087ad8b1;86f07b25;68b94e36;33069795;afbcbb51;c23145ed;7f5768a0;955b0edc;7f1b7fdc;7298d54b;521a436b;9223e588;973d4646;9c8e0912;33ff27f8;4704dbad;21de4f2c;be0cc767;eee5ecf7;2bed43c3;2b86e0c6;66e99029;1123e6c6;32f51631;3a22b023;1bc8d8e8;05770ba7;fc6cd260;f3997144;e485b0da;3d0660d0;e4b36730;723260fe;c0013dc3
15,4,254,success,None,23/Jul/2026:13:18:58.658986,23/Jul/2026:13:19:03.878928,5.2199,55,23/Jul/2026:13:18:46.331294;23/Jul/2026:13:18:56.357248;23/Jul/2026:13:18:46.324284;23/Jul/2026:13:18:21.497171;23/Jul/2026:13:18:07.659272;23/Jul/2026:13:18:55.131543;23/Jul/2026:13:18:46.331557;23/Jul/2026:13:18:58.506605;23/Jul/2026:13:18:46.331150;23/Jul/2026:13:18:46.335894;23/Jul/2026:13:18:55.131261;23/Jul/2026:13:18:46.336064;23/Jul/2026:13:18:05.256471;23/Jul/2026:13:18:58.506906;23/Jul/2026:13:18:46.322600;23/Jul/2026:13:18:46.327142;23/Jul/2026:13:18:46.334726;23/Jul/2026:13:18:46.322359;23/Jul/2026:13:18:03.820082;23/Jul/2026:13:18:58.659557;23/Jul/2026:13:16:12.324474;23/Jul/2026:13:18:54.317650;23/Jul/2026:13:18:46.331064;23/Jul/2026:13:18:46.323602;23/Jul/2026:13:18:46.326085;23/Jul/2026:13:18:46.324765;23/Jul/2026:13:18:46.328214;23/Jul/2026:13:18:46.329101;23/Jul/2026:13:19:00.546103;23/Jul/2026:13:18:54.860799;23/Jul/2026:13:18:56.357312;23/Jul/2026:13:18:46.327457;23/Jul/2026:13:18:56.950730;23/Jul/2026:13:18:46.329867;23/Jul/2026:13:18:55.927751;23/Jul/2026:13:18:46.335781;23/Jul/2026:13:18:46.334343;23/Jul/2026:13:18:46.326721;23/Jul/2026:13:18:46.332950;23/Jul/2026:13:18:46.333381;23/Jul/2026:13:19:02.884861;23/Jul/2026:13:18:03.819193;23/Jul/2026:13:18:56.949536;23/Jul/2026:13:18:02.713287;23/Jul/2026:13:18:46.323799;23/Jul/2026:13:19:02.469276;23/Jul/2026:13:18:57.886806;23/Jul/2026:13:19:03.266314;23/Jul/2026:13:18:46.340564;23/Jul/2026:13:18:57.886631;23/Jul/2026:13:18:46.340594;23/Jul/2026:13:18:55.927899;23/Jul/2026:13:19:03.266417;23/Jul/2026:13:18:46.329773;23/Jul/2026:13:18:41.304460,12.4380;2.5104;12.5436;37.6334;51.6123;4.1552;12.9605;0.8703;13.0857;13.0819;4.2866;13.0818;54.2796;1.1229;13.3379;13.4117;13.5073;13.5426;56.1535;1.6023;167.9395;5.9466;14.0090;14.3420;14.3527;14.3555;14.7293;14.9110;0.8268;6.5986;5.2561;15.4468;5.6114;16.2794;6.7609;16.6210;16.6894;16.7039;16.6977;16.7079;0.4678;59.5696;6.4408;60.7484;17.1646;1.0214;5.7675;0.3903;17.3201;5.7743;17.3220;7.8137;0.4753;17.4258;22.4905,bytes=251149836-252035494;bytes=721944040-722831132;bytes=44399546-44497232;bytes=624857988-625779421;bytes=1809663538-1809837643;bytes=588740465-589628498;bytes=254937027-255036590;bytes=993395321-994315721;bytes=249736122-250632730;bytes=437389648-438290461;bytes=589628499-589797897;bytes=459986327-460879763;bytes=1670237710-1671124992;bytes=998340708-999237454;bytes=19848011-20032816;bytes=91898869-92805845;bytes=413613256-413698894;bytes=16834771-17733156;bytes=1648547225-1649417093;bytes=1041016744-1041131963;bytes=1623171854-1623287239;bytes=520894905-521766381;bytes=247076167-247957532;bytes=40334677-40433976;bytes=82767057-83688363;bytes=52399041-52496406;bytes=132484980-133389993;bytes=167787606-168716463;bytes=1156366251-1156590784;bytes=562307027-563197505;bytes=722831133-723754923;bytes=121412194-122309905;bytes=769788690-769898910;bytes=178336997-178518486;bytes=615594075-616472952;bytes=438383845-438481284;bytes=395517720-396384850;bytes=92805846-92892538;bytes=352753015-352849587;bytes=387653071-388560400;bytes=1238592090-1238766274;bytes=1641852588-1642770736;bytes=753484099-754377061;bytes=1549671411-1550559657;bytes=40433977-40533620;bytes=1201170856-1201267339;bytes=831132034-831223478;bytes=1272025344-1272114330;bytes=502851698-503752197;bytes=831033455-831132033;bytes=503966785-504062200;bytes=617393175-618305844;bytes=1275821518-1275921607;bytes=176137584-177054364;bytes=1723838486-1724725622,6c651b83;934fe5e1;c28a1aec;6fa80b06;96444a79;a0d9f63d;7885fca8;9244ead3;b27ffb9d;6c2fd171;a153d425;1c8e9559;087ad8b1;86f07b25;68b94e36;33069795;afbcbb51;c23145ed;7f5768a0;955b0edc;7f1b7fdc;7298d54b;521a436b;9223e588;973d4646;9c8e0912;33ff27f8;4704dbad;21de4f2c;be0cc767;eee5ecf7;2bed43c3;2b86e0c6;66e99029;1123e6c6;32f51631;3a22b023;1bc8d8e8;05770ba7;fc6cd260;f3997144;e485b0da;3d0660d0;e4b36730;723260fe;c0013dc3;1c6b68c5;0bc3ec57;c9b4c60b;b6f563b3;5d3252db;c79bf3d6;989ecaa0;1792aeea;a0c79661
15,4,142,success,None,23/Jul/2026:13:18:55.129706,23/Jul/2026:13:19:04.625871,9.4962,92,23/Jul/2026:13:18:46.321789;23/Jul/2026:13:18:07.658144;23/Jul/2026:13:18:41.753588;23/Jul/2026:13:18:46.322910;23/Jul/2026:13:18:05.257910;23/Jul/2026:13:18:46.335339;23/Jul/2026:13:17:54.141495;23/Jul/2026:13:18:46.328149;23/Jul/2026:13:18:08.509452;23/Jul/2026:13:18:46.327768;23/Jul/2026:13:18:42.217826;23/Jul/2026:13:18:46.331267;23/Jul/2026:13:18:55.131702;23/Jul/2026:13:18:54.318534;23/Jul/2026:13:18:46.332459;23/Jul/2026:13:18:46.321894;23/Jul/2026:13:18:54.861006;23/Jul/2026:13:18:46.334307;23/Jul/2026:13:18:46.333609;23/Jul/2026:13:18:46.331593;23/Jul/2026:13:18:56.357533;23/Jul/2026:13:18:56.266116;23/Jul/2026:13:18:46.325757;23/Jul/2026:13:18:46.325866;23/Jul/2026:13:17:49.658614;23/Jul/2026:13:18:46.324506;23/Jul/2026:13:18:55.927967;23/Jul/2026:13:17:52.399852;23/Jul/2026:13:18:41.750511;23/Jul/2026:13:18:24.952892;23/Jul/2026:13:18:57.886224;23/Jul/2026:13:18:56.265332;23/Jul/2026:13:18:55.130298;23/Jul/2026:13:18:46.335462;23/Jul/2026:13:18:46.331294;23/Jul/2026:13:18:56.357248;23/Jul/2026:13:18:46.324284;23/Jul/2026:13:18:21.497171;23/Jul/2026:13:18:07.659272;23/Jul/2026:13:18:55.131543;23/Jul/2026:13:18:46.331557;23/Jul/2026:13:18:58.506605;23/Jul/2026:13:18:46.331150;23/Jul/2026:13:18:46.335894;23/Jul/2026:13:18:55.131261;23/Jul/2026:13:18:46.336064;23/Jul/2026:13:18:05.256471;23/Jul/2026:13:18:58.506906;23/Jul/2026:13:18:46.322600;23/Jul/2026:13:18:46.327142;23/Jul/2026:13:18:46.334726;23/Jul/2026:13:18:46.322359;23/Jul/2026:13:18:03.820082;23/Jul/2026:13:18:58.659557;23/Jul/2026:13:16:12.324474;23/Jul/2026:13:18:54.317650;23/Jul/2026:13:18:46.331064;23/Jul/2026:13:18:46.323602;23/Jul/2026:13:18:46.326085;23/Jul/2026:13:18:46.324765;23/Jul/2026:13:18:46.328214;23/Jul/2026:13:18:46.329101;23/Jul/2026:13:19:00.546103;23/Jul/2026:13:18:54.860799;23/Jul/2026:13:18:56.357312;23/Jul/2026:13:18:46.327457;23/Jul/2026:13:18:56.950730;23/Jul/2026:13:18:46.329867;23/Jul/2026:13:18:55.927751;23/Jul/2026:13:18:46.335781;23/Jul/2026:13:18:46.334343;23/Jul/2026:13:18:46.326721;23/Jul/2026:13:18:46.332950;23/Jul/2026:13:18:46.333381;23/Jul/2026:13:19:02.884861;23/Jul/2026:13:18:03.819193;23/Jul/2026:13:18:56.949536;23/Jul/2026:13:18:02.713287;23/Jul/2026:13:18:46.323799;23/Jul/2026:13:19:02.469276;23/Jul/2026:13:18:57.886806;23/Jul/2026:13:19:03.266314;23/Jul/2026:13:18:46.340564;23/Jul/2026:13:18:57.886631;23/Jul/2026:13:18:46.340594;23/Jul/2026:13:18:55.927899;23/Jul/2026:13:19:03.266417;23/Jul/2026:13:18:46.329773;23/Jul/2026:13:18:41.304460;23/Jul/2026:13:19:02.470151;23/Jul/2026:13:19:03.583187;23/Jul/2026:13:19:03.582318,8.9048;47.5685;13.4922;8.9707;50.0376;8.9668;61.8375;9.6828;47.5597;9.7687;14.1180;10.0073;1.3103;2.1771;10.1890;10.2108;1.9615;10.7198;10.8323;10.8926;0.9170;1.0957;11.6238;11.6357;68.3830;11.7198;2.3066;65.8628;16.5873;33.4011;0.4967;2.1183;3.4715;12.3006;12.4380;2.5104;12.5436;37.6334;51.6123;4.1552;12.9605;0.8703;13.0857;13.0819;4.2866;13.0818;54.2796;1.1229;13.3379;13.4117;13.5073;13.5426;56.1535;1.6023;167.9395;5.9466;14.0090;14.3420;14.3527;14.3555;14.7293;14.9110;0.8268;6.5986;5.2561;15.4468;5.6114;16.2794;6.7609;16.6210;16.6894;16.7039;16.6977;16.7079;0.4678;59.5696;6.4408;60.7484;17.1646;1.0214;5.7675;0.3903;17.3201;5.7743;17.3220;7.8137;0.4753;17.4258;22.4905;1.5901;0.7964;0.8819,bytes=12870474-13766804;bytes=1805162641-1805279229;bytes=1801212264-1801447881;bytes=30208736-31127958;bytes=1681392848-1681502459;bytes=426640967-427535995;bytes=1175790559-1176690287;bytes=130690295-131568698;bytes=1847717100-1848608708;bytes=129216603-129323426;bytes=1846370179-1846577444;bytes=254852527-254937026;bytes=593727707-593827298;bytes=528844495-528937260;bytes=345750898-346640078;bytes=13766805-14670925;bytes=565244006-565446215;bytes=394638068-395517719;bytes=390718148-391592468;bytes=255036591-255137808;bytes=728797327-728892940;bytes=651124891-651228523;bytes=60249183-60347628;bytes=64031676-64101355;bytes=831223479-831318248;bytes=48584354-49489417;bytes=618524459-618706705;bytes=1047850140-1048748110;bytes=1755744286-1755946976;bytes=778371146-779274126;bytes=790083879-790163597;bytes=646820194-646955530;bytes=579904055-580817981;bytes=430463925-430591837;bytes=251149836-252035494;bytes=721944040-722831132;bytes=44399546-44497232;bytes=624857988-625779421;bytes=1809663538-1809837643;bytes=588740465-589628498;bytes=254937027-255036590;bytes=993395321-994315721;bytes=249736122-250632730;bytes=437389648-438290461;bytes=589628499-589797897;bytes=459986327-460879763;bytes=1670237710-1671124992;bytes=998340708-999237454;bytes=19848011-20032816;bytes=91898869-92805845;bytes=413613256-413698894;bytes=16834771-17733156;bytes=1648547225-1649417093;bytes=1041016744-1041131963;bytes=1623171854-1623287239;bytes=520894905-521766381;bytes=247076167-247957532;bytes=40334677-40433976;bytes=82767057-83688363;bytes=52399041-52496406;bytes=132484980-133389993;bytes=167787606-168716463;bytes=1156366251-1156590784;bytes=562307027-563197505;bytes=722831133-723754923;bytes=121412194-122309905;bytes=769788690-769898910;bytes=178336997-178518486;bytes=615594075-616472952;bytes=438383845-438481284;bytes=395517720-396384850;bytes=92805846-92892538;bytes=352753015-352849587;bytes=387653071-388560400;bytes=1238592090-1238766274;bytes=1641852588-1642770736;bytes=753484099-754377061;bytes=1549671411-1550559657;bytes=40433977-40533620;bytes=1201170856-1201267339;bytes=831132034-831223478;bytes=1272025344-1272114330;bytes=502851698-503752197;bytes=831033455-831132033;bytes=503966785-504062200;bytes=617393175-618305844;bytes=1275821518-1275921607;bytes=176137584-177054364;bytes=1723838486-1724725622;bytes=1205806361-1206032085;bytes=1304747441-1304851647;bytes=1296274307-1296365531,f019ea37;c2efc44a;94e6b955;3619cdda;96c6da1f;7f48e58c;076a5533;6b0f4ffb;d2fe35cd;e2c6292d;37e0aec2;1ebb9299;581edbe2;93ba52df;8a6e6057;1f60439a;06f016c4;17d340b2;ef08c4d2;5b7d9833;6fe4c672;3db28a81;f66422dc;37216aa5;e895b52e;b333fcab;79d6cf8e;28d6cca5;3e4649c5;4dfb4ba4;ce87be59;87890fa2;c342d7b3;674542d9;6c651b83;934fe5e1;c28a1aec;6fa80b06;96444a79;a0d9f63d;7885fca8;9244ead3;b27ffb9d;6c2fd171;a153d425;1c8e9559;087ad8b1;86f07b25;68b94e36;33069795;afbcbb51;c23145ed;7f5768a0;955b0edc;7f1b7fdc;7298d54b;521a436b;9223e588;973d4646;9c8e0912;33ff27f8;4704dbad;21de4f2c;be0cc767;eee5ecf7;2bed43c3;2b86e0c6;66e99029;1123e6c6;32f51631;3a22b023;1bc8d8e8;05770ba7;fc6cd260;f3997144;e485b0da;3d0660d0;e4b36730;723260fe;c0013dc3;1c6b68c5;0bc3ec57;c9b4c60b;b6f563b3;5d3252db;c79bf3d6;989ecaa0;1792aeea;a0c79661;1b3258ad;1ac3df1f;cfd3c308
15,4,157,success,None,23/Jul/2026:13:18:56.264374,23/Jul/2026:13:19:05.513824,9.2494,84,23/Jul/2026:13:18:42.217826;23/Jul/2026:13:18:46.331267;23/Jul/2026:13:18:55.131702;23/Jul/2026:13:18:54.318534;23/Jul/2026:13:18:46.332459;23/Jul/2026:13:18:46.321894;23/Jul/2026:13:18:54.861006;23/Jul/2026:13:18:46.334307;23/Jul/2026:13:18:46.333609;23/Jul/2026:13:18:46.331593;23/Jul/2026:13:18:56.357533;23/Jul/2026:13:18:56.266116;23/Jul/2026:13:18:46.325757;23/Jul/2026:13:18:46.325866;23/Jul/2026:13:17:49.658614;23/Jul/2026:13:18:46.324506;23/Jul/2026:13:18:55.927967;23/Jul/2026:13:17:52.399852;23/Jul/2026:13:18:41.750511;23/Jul/2026:13:18:24.952892;23/Jul/2026:13:18:57.886224;23/Jul/2026:13:18:56.265332;23/Jul/2026:13:18:55.130298;23/Jul/2026:13:18:46.335462;23/Jul/2026:13:18:46.331294;23/Jul/2026:13:18:56.357248;23/Jul/2026:13:18:46.324284;23/Jul/2026:13:18:21.497171;23/Jul/2026:13:18:07.659272;23/Jul/2026:13:18:55.131543;23/Jul/2026:13:18:46.331557;23/Jul/2026:13:18:58.506605;23/Jul/2026:13:18:46.331150;23/Jul/2026:13:18:46.335894;23/Jul/2026:13:18:55.131261;23/Jul/2026:13:18:46.336064;23/Jul/2026:13:18:05.256471;23/Jul/2026:13:18:58.506906;23/Jul/2026:13:18:46.322600;23/Jul/2026:13:18:46.327142;23/Jul/2026:13:18:46.334726;23/Jul/2026:13:18:46.322359;23/Jul/2026:13:18:03.820082;23/Jul/2026:13:18:58.659557;23/Jul/2026:13:16:12.324474;23/Jul/2026:13:18:54.317650;23/Jul/2026:13:18:46.331064;23/Jul/2026:13:18:46.323602;23/Jul/2026:13:18:46.326085;23/Jul/2026:13:18:46.324765;23/Jul/2026:13:18:46.328214;23/Jul/2026:13:18:46.329101;23/Jul/2026:13:19:00.546103;23/Jul/2026:13:18:54.860799;23/Jul/2026:13:18:56.357312;23/Jul/2026:13:18:46.327457;23/Jul/2026:13:18:56.950730;23/Jul/2026:13:18:46.329867;23/Jul/2026:13:18:55.927751;23/Jul/2026:13:18:46.335781;23/Jul/2026:13:18:46.334343;23/Jul/2026:13:18:46.326721;23/Jul/2026:13:18:46.332950;23/Jul/2026:13:18:46.333381;23/Jul/2026:13:19:02.884861;23/Jul/2026:13:18:03.819193;23/Jul/2026:13:18:56.949536;23/Jul/2026:13:18:02.713287;23/Jul/2026:13:18:46.323799;23/Jul/2026:13:19:02.469276;23/Jul/2026:13:18:57.886806;23/Jul/2026:13:19:03.266314;23/Jul/2026:13:18:46.340564;23/Jul/2026:13:18:57.886631;23/Jul/2026:13:18:46.340594;23/Jul/2026:13:18:55.927899;23/Jul/2026:13:19:03.266417;23/Jul/2026:13:18:46.329773;23/Jul/2026:13:18:41.304460;23/Jul/2026:13:19:02.470151;23/Jul/2026:13:19:03.583187;23/Jul/2026:13:19:03.582318;23/Jul/2026:13:18:55.131370;23/Jul/2026:13:18:28.006309,14.1180;10.0073;1.3103;2.1771;10.1890;10.2108;1.9615;10.7198;10.8323;10.8926;0.9170;1.0957;11.6238;11.6357;68.3830;11.7198;2.3066;65.8628;16.5873;33.4011;0.4967;2.1183;3.4715;12.3006;12.4380;2.5104;12.5436;37.6334;51.6123;4.1552;12.9605;0.8703;13.0857;13.0819;4.2866;13.0818;54.2796;1.1229;13.3379;13.4117;13.5073;13.5426;56.1535;1.6023;167.9395;5.9466;14.0090;14.3420;14.3527;14.3555;14.7293;14.9110;0.8268;6.5986;5.2561;15.4468;5.6114;16.2794;6.7609;16.6210;16.6894;16.7039;16.6977;16.7079;0.4678;59.5696;6.4408;60.7484;17.1646;1.0214;5.7675;0.3903;17.3201;5.7743;17.3220;7.8137;0.4753;17.4258;22.4905;1.5901;0.7964;0.8819;10.0290;37.4968,bytes=1846370179-1846577444;bytes=254852527-254937026;bytes=593727707-593827298;bytes=528844495-528937260;bytes=345750898-346640078;bytes=13766805-14670925;bytes=565244006-565446215;bytes=394638068-395517719;bytes=390718148-391592468;bytes=255036591-255137808;bytes=728797327-728892940;bytes=651124891-651228523;bytes=60249183-60347628;bytes=64031676-64101355;bytes=831223479-831318248;bytes=48584354-49489417;bytes=618524459-618706705;bytes=1047850140-1048748110;bytes=1755744286-1755946976;bytes=778371146-779274126;bytes=790083879-790163597;bytes=646820194-646955530;bytes=579904055-580817981;bytes=430463925-430591837;bytes=251149836-252035494;bytes=721944040-722831132;bytes=44399546-44497232;bytes=624857988-625779421;bytes=1809663538-1809837643;bytes=588740465-589628498;bytes=254937027-255036590;bytes=993395321-994315721;bytes=249736122-250632730;bytes=437389648-438290461;bytes=589628499-589797897;bytes=459986327-460879763;bytes=1670237710-1671124992;bytes=998340708-999237454;bytes=19848011-20032816;bytes=91898869-92805845;bytes=413613256-413698894;bytes=16834771-17733156;bytes=1648547225-1649417093;bytes=1041016744-1041131963;bytes=1623171854-1623287239;bytes=520894905-521766381;bytes=247076167-247957532;bytes=40334677-40433976;bytes=82767057-83688363;bytes=52399041-52496406;bytes=132484980-133389993;bytes=167787606-168716463;bytes=1156366251-1156590784;bytes=562307027-563197505;bytes=722831133-723754923;bytes=121412194-122309905;bytes=769788690-769898910;bytes=178336997-178518486;bytes=615594075-616472952;bytes=438383845-438481284;bytes=395517720-396384850;bytes=92805846-92892538;bytes=352753015-352849587;bytes=387653071-388560400;bytes=1238592090-1238766274;bytes=1641852588-1642770736;bytes=753484099-754377061;bytes=1549671411-1550559657;bytes=40433977-40533620;bytes=1201170856-1201267339;bytes=831132034-831223478;bytes=1272025344-1272114330;bytes=502851698-503752197;bytes=831033455-831132033;bytes=503966785-504062200;bytes=617393175-618305844;bytes=1275821518-1275921607;bytes=176137584-177054364;bytes=1723838486-1724725622;bytes=1205806361-1206032085;bytes=1304747441-1304851647;bytes=1296274307-1296365531;bytes=586062658-586953352;bytes=974038489-974934996,37e0aec2;1ebb9299;581edbe2;93ba52df;8a6e6057;1f60439a;06f016c4;17d340b2;ef08c4d2;5b7d9833;6fe4c672;3db28a81;f66422dc;37216aa5;e895b52e;b333fcab;79d6cf8e;28d6cca5;3e4649c5;4dfb4ba4;ce87be59;87890fa2;c342d7b3;674542d9;6c651b83;934fe5e1;c28a1aec;6fa80b06;96444a79;a0d9f63d;7885fca8;9244ead3;b27ffb9d;6c2fd171;a153d425;1c8e9559;087ad8b1;86f07b25;68b94e36;33069795;afbcbb51;c23145ed;7f5768a0;955b0edc;7f1b7fdc;7298d54b;521a436b;9223e588;973d4646;9c8e0912;33ff27f8;4704dbad;21de4f2c;be0cc767;eee5ecf7;2bed43c3;2b86e0c6;66e99029;1123e6c6;32f51631;3a22b023;1bc8d8e8;05770ba7;fc6cd260;f3997144;e485b0da;3d0660d0;e4b36730;723260fe;c0013dc3;1c6b68c5;0bc3ec57;c9b4c60b;b6f563b3;5d3252db;c79bf3d6;989ecaa0;1792aeea;a0c79661;1b3258ad;1ac3df1f;cfd3c308;f74f98aa;11c6fb4c
15,4,128,success,None,23/Jul/2026:13:18:54.317181,23/Jul/2026:13:19:05.677538,11.3604,106,23/Jul/2026:13:18:46.332170;23/Jul/2026:13:18:46.325979;23/Jul/2026:13:18:46.332112;23/Jul/2026:13:18:10.902832;23/Jul/2026:13:18:46.325699;23/Jul/2026:13:18:54.318057;23/Jul/2026:13:18:46.334897;23/Jul/2026:13:18:46.322849;23/Jul/2026:13:18:31.947765;23/Jul/2026:13:17:48.848393;23/Jul/2026:13:18:07.658506;23/Jul/2026:13:18:46.321789;23/Jul/2026:13:18:07.658144;23/Jul/2026:13:18:41.753588;23/Jul/2026:13:18:46.322910;23/Jul/2026:13:18:05.257910;23/Jul/2026:13:18:46.335339;23/Jul/2026:13:17:54.141495;23/Jul/2026:13:18:46.328149;23/Jul/2026:13:18:08.509452;23/Jul/2026:13:18:46.327768;23/Jul/2026:13:18:42.217826;23/Jul/2026:13:18:46.331267;23/Jul/2026:13:18:55.131702;23/Jul/2026:13:18:54.318534;23/Jul/2026:13:18:46.332459;23/Jul/2026:13:18:46.321894;23/Jul/2026:13:18:54.861006;23/Jul/2026:13:18:46.334307;23/Jul/2026:13:18:46.333609;23/Jul/2026:13:18:46.331593;23/Jul/2026:13:18:56.357533;23/Jul/2026:13:18:56.266116;23/Jul/2026:13:18:46.325757;23/Jul/2026:13:18:46.325866;23/Jul/2026:13:17:49.658614;23/Jul/2026:13:18:46.324506;23/Jul/2026:13:18:55.927967;23/Jul/2026:13:17:52.399852;23/Jul/2026:13:18:41.750511;23/Jul/2026:13:18:24.952892;23/Jul/2026:13:18:57.886224;23/Jul/2026:13:18:56.265332;23/Jul/2026:13:18:55.130298;23/Jul/2026:13:18:46.335462;23/Jul/2026:13:18:46.331294;23/Jul/2026:13:18:56.357248;23/Jul/2026:13:18:46.324284;23/Jul/2026:13:18:21.497171;23/Jul/2026:13:18:07.659272;23/Jul/2026:13:18:55.131543;23/Jul/2026:13:18:46.331557;23/Jul/2026:13:18:58.506605;23/Jul/2026:13:18:46.331150;23/Jul/2026:13:18:46.335894;23/Jul/2026:13:18:55.131261;23/Jul/2026:13:18:46.336064;23/Jul/2026:13:18:05.256471;23/Jul/2026:13:18:58.506906;23/Jul/2026:13:18:46.322600;23/Jul/2026:13:18:46.327142;23/Jul/2026:13:18:46.334726;23/Jul/2026:13:18:46.322359;23/Jul/2026:13:18:03.820082;23/Jul/2026:13:18:58.659557;23/Jul/2026:13:16:12.324474;23/Jul/2026:13:18:54.317650;23/Jul/2026:13:18:46.331064;23/Jul/2026:13:18:46.323602;23/Jul/2026:13:18:46.326085;23/Jul/2026:13:18:46.324765;23/Jul/2026:13:18:46.328214;23/Jul/2026:13:18:46.329101;23/Jul/2026:13:19:00.546103;23/Jul/2026:13:18:54.860799;23/Jul/2026:13:18:56.357312;23/Jul/2026:13:18:46.327457;23/Jul/2026:13:18:56.950730;23/Jul/2026:13:18:46.329867;23/Jul/2026:13:18:55.927751;23/Jul/2026:13:18:46.335781;23/Jul/2026:13:18:46.334343;23/Jul/2026:13:18:46.326721;23/Jul/2026:13:18:46.332950;23/Jul/2026:13:18:46.333381;23/Jul/2026:13:19:02.884861;23/Jul/2026:13:18:03.819193;23/Jul/2026:13:18:56.949536;23/Jul/2026:13:18:02.713287;23/Jul/2026:13:18:46.323799;23/Jul/2026:13:19:02.469276;23/Jul/2026:13:18:57.886806;23/Jul/2026:13:19:03.266314;23/Jul/2026:13:18:46.340564;23/Jul/2026:13:18:57.886631;23/Jul/2026:13:18:46.340594;23/Jul/2026:13:18:55.927899;23/Jul/2026:13:19:03.266417;23/Jul/2026:13:18:46.329773;23/Jul/2026:13:18:41.304460;23/Jul/2026:13:19:02.470151;23/Jul/2026:13:19:03.583187;23/Jul/2026:13:19:03.582318;23/Jul/2026:13:18:55.131370;23/Jul/2026:13:18:28.006309;23/Jul/2026:13:18:46.336175,8.0637;8.0744;8.0765;43.5069;8.1752;0.6110;8.5999;8.6451;23.0252;66.1753;47.3894;8.9048;47.5685;13.4922;8.9707;50.0376;8.9668;61.8375;9.6828;47.5597;9.7687;14.1180;10.0073;1.3103;2.1771;10.1890;10.2108;1.9615;10.7198;10.8323;10.8926;0.9170;1.0957;11.6238;11.6357;68.3830;11.7198;2.3066;65.8628;16.5873;33.4011;0.4967;2.1183;3.4715;12.3006;12.4380;2.5104;12.5436;37.6334;51.6123;4.1552;12.9605;0.8703;13.0857;13.0819;4.2866;13.0818;54.2796;1.1229;13.3379;13.4117;13.5073;13.5426;56.1535;1.6023;167.9395;5.9466;14.0090;14.3420;14.3527;14.3555;14.7293;14.9110;0.8268;6.5986;5.2561;15.4468;5.6114;16.2794;6.7609;16.6210;16.6894;16.7039;16.6977;16.7079;0.4678;59.5696;6.4408;60.7484;17.1646;1.0214;5.7675;0.3903;17.3201;5.7743;17.3220;7.8137;0.4753;17.4258;22.4905;1.5901;0.7964;0.8819;10.0290;37.4968;19.2770,bytes=307836611-307918881;bytes=80991513-81885663;bytes=304051803-304151344;bytes=19703508-19848010;bytes=59231728-60118163;bytes=524676355-524847305;bytes=413892166-414096607;bytes=29322117-30208735;bytes=1205513196-1205612698;bytes=761437009-761535436;bytes=1802324086-1803199765;bytes=12870474-13766804;bytes=1805162641-1805279229;bytes=1801212264-1801447881;bytes=30208736-31127958;bytes=1681392848-1681502459;bytes=426640967-427535995;bytes=1175790559-1176690287;bytes=130690295-131568698;bytes=1847717100-1848608708;bytes=129216603-129323426;bytes=1846370179-1846577444;bytes=254852527-254937026;bytes=593727707-593827298;bytes=528844495-528937260;bytes=345750898-346640078;bytes=13766805-14670925;bytes=565244006-565446215;bytes=394638068-395517719;bytes=390718148-391592468;bytes=255036591-255137808;bytes=728797327-728892940;bytes=651124891-651228523;bytes=60249183-60347628;bytes=64031676-64101355;bytes=831223479-831318248;bytes=48584354-49489417;bytes=618524459-618706705;bytes=1047850140-1048748110;bytes=1755744286-1755946976;bytes=778371146-779274126;bytes=790083879-790163597;bytes=646820194-646955530;bytes=579904055-580817981;bytes=430463925-430591837;bytes=251149836-252035494;bytes=721944040-722831132;bytes=44399546-44497232;bytes=624857988-625779421;bytes=1809663538-1809837643;bytes=588740465-589628498;bytes=254937027-255036590;bytes=993395321-994315721;bytes=249736122-250632730;bytes=437389648-438290461;bytes=589628499-589797897;bytes=459986327-460879763;bytes=1670237710-1671124992;bytes=998340708-999237454;bytes=19848011-20032816;bytes=91898869-92805845;bytes=413613256-413698894;bytes=16834771-17733156;bytes=1648547225-1649417093;bytes=1041016744-1041131963;bytes=1623171854-1623287239;bytes=520894905-521766381;bytes=247076167-247957532;bytes=40334677-40433976;bytes=82767057-83688363;bytes=52399041-52496406;bytes=132484980-133389993;bytes=167787606-168716463;bytes=1156366251-1156590784;bytes=562307027-563197505;bytes=722831133-723754923;bytes=121412194-122309905;bytes=769788690-769898910;bytes=178336997-178518486;bytes=615594075-616472952;bytes=438383845-438481284;bytes=395517720-396384850;bytes=92805846-92892538;bytes=352753015-352849587;bytes=387653071-388560400;bytes=1238592090-1238766274;bytes=1641852588-1642770736;bytes=753484099-754377061;bytes=1549671411-1550559657;bytes=40433977-40533620;bytes=1201170856-1201267339;bytes=831132034-831223478;bytes=1272025344-1272114330;bytes=502851698-503752197;bytes=831033455-831132033;bytes=503966785-504062200;bytes=617393175-618305844;bytes=1275821518-1275921607;bytes=176137584-177054364;bytes=1723838486-1724725622;bytes=1205806361-1206032085;bytes=1304747441-1304851647;bytes=1296274307-1296365531;bytes=586062658-586953352;bytes=974038489-974934996;bytes=463097129-463302668,232c5118;b4ce8734;f3a34755;d4409ac6;8fd28a06;a74c2ceb;f60bcc8b;df765233;1a6fc210;03d01df6;895d6acd;f019ea37;c2efc44a;94e6b955;3619cdda;96c6da1f;7f48e58c;076a5533;6b0f4ffb;d2fe35cd;e2c6292d;37e0aec2;1ebb9299;581edbe2;93ba52df;8a6e6057;1f60439a;06f016c4;17d340b2;ef08c4d2;5b7d9833;6fe4c672;3db28a81;f66422dc;37216aa5;e895b52e;b333fcab;79d6cf8e;28d6cca5;3e4649c5;4dfb4ba4;ce87be59;87890fa2;c342d7b3;674542d9;6c651b83;934fe5e1;c28a1aec;6fa80b06;96444a79;a0d9f63d;7885fca8;9244ead3;b27ffb9d;6c2fd171;a153d425;1c8e9559;087ad8b1;86f07b25;68b94e36;33069795;afbcbb51;c23145ed;7f5768a0;955b0edc;7f1b7fdc;7298d54b;521a436b;9223e588;973d4646;9c8e0912;33ff27f8;4704dbad;21de4f2c;be0cc767;eee5ecf7;2bed43c3;2b86e0c6;66e99029;1123e6c6;32f51631;3a22b023;1bc8d8e8;05770ba7;fc6cd260;f3997144;e485b0da;3d0660d0;e4b36730;723260fe;c0013dc3;1c6b68c5;0bc3ec57;c9b4c60b;b6f563b3;5d3252db;c79bf3d6;989ecaa0;1792aeea;a0c79661;1b3258ad;1ac3df1f;cfd3c308;f74f98aa;11c6fb4c;3d8cc382
15,4,151,success,None,23/Jul/2026:13:18:55.927255,23/Jul/2026:13:19:05.905253,9.9780,96,23/Jul/2026:13:17:54.141495;23/Jul/2026:13:18:46.328149;23/Jul/2026:13:18:08.509452;23/Jul/2026:13:18:46.327768;23/Jul/2026:13:18:42.217826;23/Jul/2026:13:18:46.331267;23/Jul/2026:13:18:55.131702;23/Jul/2026:13:18:54.318534;23/Jul/2026:13:18:46.332459;23/Jul/2026:13:18:46.321894;23/Jul/2026:13:18:54.861006;23/Jul/2026:13:18:46.334307;23/Jul/2026:13:18:46.333609;23/Jul/2026:13:18:46.331593;23/Jul/2026:13:18:56.357533;23/Jul/2026:13:18:56.266116;23/Jul/2026:13:18:46.325757;23/Jul/2026:13:18:46.325866;23/Jul/2026:13:17:49.658614;23/Jul/2026:13:18:46.324506;23/Jul/2026:13:18:55.927967;23/Jul/2026:13:17:52.399852;23/Jul/2026:13:18:41.750511;23/Jul/2026:13:18:24.952892;23/Jul/2026:13:18:57.886224;23/Jul/2026:13:18:56.265332;23/Jul/2026:13:18:55.130298;23/Jul/2026:13:18:46.335462;23/Jul/2026:13:18:46.331294;23/Jul/2026:13:18:56.357248;23/Jul/2026:13:18:46.324284;23/Jul/2026:13:18:21.497171;23/Jul/2026:13:18:07.659272;23/Jul/2026:13:18:55.131543;23/Jul/2026:13:18:46.331557;23/Jul/2026:13:18:58.506605;23/Jul/2026:13:18:46.331150;23/Jul/2026:13:18:46.335894;23/Jul/2026:13:18:55.131261;23/Jul/2026:13:18:46.336064;23/Jul/2026:13:18:05.256471;23/Jul/2026:13:18:58.506906;23/Jul/2026:13:18:46.322600;23/Jul/2026:13:18:46.327142;23/Jul/2026:13:18:46.334726;23/Jul/2026:13:18:46.322359;23/Jul/2026:13:18:03.820082;23/Jul/2026:13:18:58.659557;23/Jul/2026:13:16:12.324474;23/Jul/2026:13:18:54.317650;23/Jul/2026:13:18:46.331064;23/Jul/2026:13:18:46.323602;23/Jul/2026:13:18:46.326085;23/Jul/2026:13:18:46.324765;23/Jul/2026:13:18:46.328214;23/Jul/2026:13:18:46.329101;23/Jul/2026:13:19:00.546103;23/Jul/2026:13:18:54.860799;23/Jul/2026:13:18:56.357312;23/Jul/2026:13:18:46.327457;23/Jul/2026:13:18:56.950730;23/Jul/2026:13:18:46.329867;23/Jul/2026:13:18:55.927751;23/Jul/2026:13:18:46.335781;23/Jul/2026:13:18:46.334343;23/Jul/2026:13:18:46.326721;23/Jul/2026:13:18:46.332950;23/Jul/2026:13:18:46.333381;23/Jul/2026:13:19:02.884861;23/Jul/2026:13:18:03.819193;23/Jul/2026:13:18:56.949536;23/Jul/2026:13:18:02.713287;23/Jul/2026:13:18:46.323799;23/Jul/2026:13:19:02.469276;23/Jul/2026:13:18:57.886806;23/Jul/2026:13:19:03.266314;23/Jul/2026:13:18:46.340564;23/Jul/2026:13:18:57.886631;23/Jul/2026:13:18:46.340594;23/Jul/2026:13:18:55.927899;23/Jul/2026:13:19:03.266417;23/Jul/2026:13:18:46.329773;23/Jul/2026:13:18:41.304460;23/Jul/2026:13:19:02.470151;23/Jul/2026:13:19:03.583187;23/Jul/2026:13:19:03.582318;23/Jul/2026:13:18:55.131370;23/Jul/2026:13:18:28.006309;23/Jul/2026:13:18:46.336175;23/Jul/2026:13:18:46.329540;23/Jul/2026:13:18:46.329577;23/Jul/2026:13:18:46.331700;23/Jul/2026:13:19:04.627792;23/Jul/2026:13:18:54.859935;23/Jul/2026:13:18:06.289972;23/Jul/2026:13:18:46.335979,61.8375;9.6828;47.5597;9.7687;14.1180;10.0073;1.3103;2.1771;10.1890;10.2108;1.9615;10.7198;10.8323;10.8926;0.9170;1.0957;11.6238;11.6357;68.3830;11.7198;2.3066;65.8628;16.5873;33.4011;0.4967;2.1183;3.4715;12.3006;12.4380;2.5104;12.5436;37.6334;51.6123;4.1552;12.9605;0.8703;13.0857;13.0819;4.2866;13.0818;54.2796;1.1229;13.3379;13.4117;13.5073;13.5426;56.1535;1.6023;167.9395;5.9466;14.0090;14.3420;14.3527;14.3555;14.7293;14.9110;0.8268;6.5986;5.2561;15.4468;5.6114;16.2794;6.7609;16.6210;16.6894;16.7039;16.6977;16.7079;0.4678;59.5696;6.4408;60.7484;17.1646;1.0214;5.7675;0.3903;17.3201;5.7743;17.3220;7.8137;0.4753;17.4258;22.4905;1.5901;0.7964;0.8819;10.0290;37.4968;19.2770;19.3837;19.3852;19.4111;1.1262;10.9564;59.5799;19.5604,bytes=1175790559-1176690287;bytes=130690295-131568698;bytes=1847717100-1848608708;bytes=129216603-129323426;bytes=1846370179-1846577444;bytes=254852527-254937026;bytes=593727707-593827298;bytes=528844495-528937260;bytes=345750898-346640078;bytes=13766805-14670925;bytes=565244006-565446215;bytes=394638068-395517719;bytes=390718148-391592468;bytes=255036591-255137808;bytes=728797327-728892940;bytes=651124891-651228523;bytes=60249183-60347628;bytes=64031676-64101355;bytes=831223479-831318248;bytes=48584354-49489417;bytes=618524459-618706705;bytes=1047850140-1048748110;bytes=1755744286-1755946976;bytes=778371146-779274126;bytes=790083879-790163597;bytes=646820194-646955530;bytes=579904055-580817981;bytes=430463925-430591837;bytes=251149836-252035494;bytes=721944040-722831132;bytes=44399546-44497232;bytes=624857988-625779421;bytes=1809663538-1809837643;bytes=588740465-589628498;bytes=254937027-255036590;bytes=993395321-994315721;bytes=249736122-250632730;bytes=437389648-438290461;bytes=589628499-589797897;bytes=459986327-460879763;bytes=1670237710-1671124992;bytes=998340708-999237454;bytes=19848011-20032816;bytes=91898869-92805845;bytes=413613256-413698894;bytes=16834771-17733156;bytes=1648547225-1649417093;bytes=1041016744-1041131963;bytes=1623171854-1623287239;bytes=520894905-521766381;bytes=247076167-247957532;bytes=40334677-40433976;bytes=82767057-83688363;bytes=52399041-52496406;bytes=132484980-133389993;bytes=167787606-168716463;bytes=1156366251-1156590784;bytes=562307027-563197505;bytes=722831133-723754923;bytes=121412194-122309905;bytes=769788690-769898910;bytes=178336997-178518486;bytes=615594075-616472952;bytes=438383845-438481284;bytes=395517720-396384850;bytes=92805846-92892538;bytes=352753015-352849587;bytes=387653071-388560400;bytes=1238592090-1238766274;bytes=1641852588-1642770736;bytes=753484099-754377061;bytes=1549671411-1550559657;bytes=40433977-40533620;bytes=1201170856-1201267339;bytes=831132034-831223478;bytes=1272025344-1272114330;bytes=502851698-503752197;bytes=831033455-831132033;bytes=503966785-504062200;bytes=617393175-618305844;bytes=1275821518-1275921607;bytes=176137584-177054364;bytes=1723838486-1724725622;bytes=1205806361-1206032085;bytes=1304747441-1304851647;bytes=1296274307-1296365531;bytes=586062658-586953352;bytes=974038489-974934996;bytes=463097129-463302668;bytes=172888001-173795644;bytes=173982062-174165865;bytes=258854695-258943323;bytes=1407677456-1407794838;bytes=557197596-558093135;bytes=1728806131-1729710489;bytes=442256569-442413724,076a5533;6b0f4ffb;d2fe35cd;e2c6292d;37e0aec2;1ebb9299;581edbe2;93ba52df;8a6e6057;1f60439a;06f016c4;17d340b2;ef08c4d2;5b7d9833;6fe4c672;3db28a81;f66422dc;37216aa5;e895b52e;b333fcab;79d6cf8e;28d6cca5;3e4649c5;4dfb4ba4;ce87be59;87890fa2;c342d7b3;674542d9;6c651b83;934fe5e1;c28a1aec;6fa80b06;96444a79;a0d9f63d;7885fca8;9244ead3;b27ffb9d;6c2fd171;a153d425;1c8e9559;087ad8b1;86f07b25;68b94e36;33069795;afbcbb51;c23145ed;7f5768a0;955b0edc;7f1b7fdc;7298d54b;521a436b;9223e588;973d4646;9c8e0912;33ff27f8;4704dbad;21de4f2c;be0cc767;eee5ecf7;2bed43c3;2b86e0c6;66e99029;1123e6c6;32f51631;3a22b023;1bc8d8e8;05770ba7;fc6cd260;f3997144;e485b0da;3d0660d0;e4b36730;723260fe;c0013dc3;1c6b68c5;0bc3ec57;c9b4c60b;b6f563b3;5d3252db;c79bf3d6;989ecaa0;1792aeea;a0c79661;1b3258ad;1ac3df1f;cfd3c308;f74f98aa;11c6fb4c;3d8cc382;d48c4abb;03459de9;c0586845;8ca1c860;99917223;af2c5a53;bc40e052
15,4,238,success,None,23/Jul/2026:13:18:58.401211,23/Jul/2026:13:19:06.336904,7.9357,75,23/Jul/2026:13:18:55.130298;23/Jul/2026:13:18:46.335462;23/Jul/2026:13:18:46.331294;23/Jul/2026:13:18:56.357248;23/Jul/2026:13:18:46.324284;23/Jul/2026:13:18:21.497171;23/Jul/2026:13:18:07.659272;23/Jul/2026:13:18:55.131543;23/Jul/2026:13:18:46.331557;23/Jul/2026:13:18:58.506605;23/Jul/2026:13:18:46.331150;23/Jul/2026:13:18:46.335894;23/Jul/2026:13:18:55.131261;23/Jul/2026:13:18:46.336064;23/Jul/2026:13:18:05.256471;23/Jul/2026:13:18:58.506906;23/Jul/2026:13:18:46.322600;23/Jul/2026:13:18:46.327142;23/Jul/2026:13:18:46.334726;23/Jul/2026:13:18:46.322359;23/Jul/2026:13:18:03.820082;23/Jul/2026:13:18:58.659557;23/Jul/2026:13:16:12.324474;23/Jul/2026:13:18:54.317650;23/Jul/2026:13:18:46.331064;23/Jul/2026:13:18:46.323602;23/Jul/2026:13:18:46.326085;23/Jul/2026:13:18:46.324765;23/Jul/2026:13:18:46.328214;23/Jul/2026:13:18:46.329101;23/Jul/2026:13:19:00.546103;23/Jul/2026:13:18:54.860799;23/Jul/2026:13:18:56.357312;23/Jul/2026:13:18:46.327457;23/Jul/2026:13:18:56.950730;23/Jul/2026:13:18:46.329867;23/Jul/2026:13:18:55.927751;23/Jul/2026:13:18:46.335781;23/Jul/2026:13:18:46.334343;23/Jul/2026:13:18:46.326721;23/Jul/2026:13:18:46.332950;23/Jul/2026:13:18:46.333381;23/Jul/2026:13:19:02.884861;23/Jul/2026:13:18:03.819193;23/Jul/2026:13:18:56.949536;23/Jul/2026:13:18:02.713287;23/Jul/2026:13:18:46.323799;23/Jul/2026:13:19:02.469276;23/Jul/2026:13:18:57.886806;23/Jul/2026:13:19:03.266314;23/Jul/2026:13:18:46.340564;23/Jul/2026:13:18:57.886631;23/Jul/2026:13:18:46.340594;23/Jul/2026:13:18:55.927899;23/Jul/2026:13:19:03.266417;23/Jul/2026:13:18:46.329773;23/Jul/2026:13:18:41.304460;23/Jul/2026:13:19:02.470151;23/Jul/2026:13:19:03.583187;23/Jul/2026:13:19:03.582318;23/Jul/2026:13:18:55.131370;23/Jul/2026:13:18:28.006309;23/Jul/2026:13:18:46.336175;23/Jul/2026:13:18:46.329540;23/Jul/2026:13:18:46.329577;23/Jul/2026:13:18:46.331700;23/Jul/2026:13:19:04.627792;23/Jul/2026:13:18:54.859935;23/Jul/2026:13:18:06.289972;23/Jul/2026:13:18:46.335979;23/Jul/2026:13:18:06.289918;23/Jul/2026:13:19:02.469862;23/Jul/2026:13:17:40.873932;23/Jul/2026:13:18:38.446651;23/Jul/2026:13:18:56.357824,3.4715;12.3006;12.4380;2.5104;12.5436;37.6334;51.6123;4.1552;12.9605;0.8703;13.0857;13.0819;4.2866;13.0818;54.2796;1.1229;13.3379;13.4117;13.5073;13.5426;56.1535;1.6023;167.9395;5.9466;14.0090;14.3420;14.3527;14.3555;14.7293;14.9110;0.8268;6.5986;5.2561;15.4468;5.6114;16.2794;6.7609;16.6210;16.6894;16.7039;16.6977;16.7079;0.4678;59.5696;6.4408;60.7484;17.1646;1.0214;5.7675;0.3903;17.3201;5.7743;17.3220;7.8137;0.4753;17.4258;22.4905;1.5901;0.7964;0.8819;10.0290;37.4968;19.2770;19.3837;19.3852;19.4111;1.1262;10.9564;59.5799;19.5604;59.7296;3.5929;85.2414;27.8500;9.9535,bytes=579904055-580817981;bytes=430463925-430591837;bytes=251149836-252035494;bytes=721944040-722831132;bytes=44399546-44497232;bytes=624857988-625779421;bytes=1809663538-1809837643;bytes=588740465-589628498;bytes=254937027-255036590;bytes=993395321-994315721;bytes=249736122-250632730;bytes=437389648-438290461;bytes=589628499-589797897;bytes=459986327-460879763;bytes=1670237710-1671124992;bytes=998340708-999237454;bytes=19848011-20032816;bytes=91898869-92805845;bytes=413613256-413698894;bytes=16834771-17733156;bytes=1648547225-1649417093;bytes=1041016744-1041131963;bytes=1623171854-1623287239;bytes=520894905-521766381;bytes=247076167-247957532;bytes=40334677-40433976;bytes=82767057-83688363;bytes=52399041-52496406;bytes=132484980-133389993;bytes=167787606-168716463;bytes=1156366251-1156590784;bytes=562307027-563197505;bytes=722831133-723754923;bytes=121412194-122309905;bytes=769788690-769898910;bytes=178336997-178518486;bytes=615594075-616472952;bytes=438383845-438481284;bytes=395517720-396384850;bytes=92805846-92892538;bytes=352753015-352849587;bytes=387653071-388560400;bytes=1238592090-1238766274;bytes=1641852588-1642770736;bytes=753484099-754377061;bytes=1549671411-1550559657;bytes=40433977-40533620;bytes=1201170856-1201267339;bytes=831132034-831223478;bytes=1272025344-1272114330;bytes=502851698-503752197;bytes=831033455-831132033;bytes=503966785-504062200;bytes=617393175-618305844;bytes=1275821518-1275921607;bytes=176137584-177054364;bytes=1723838486-1724725622;bytes=1205806361-1206032085;bytes=1304747441-1304851647;bytes=1296274307-1296365531;bytes=586062658-586953352;bytes=974038489-974934996;bytes=463097129-463302668;bytes=172888001-173795644;bytes=173982062-174165865;bytes=258854695-258943323;bytes=1407677456-1407794838;bytes=557197596-558093135;bytes=1728806131-1729710489;bytes=442256569-442413724;bytes=1727917933-1728806130;bytes=1201780894-1202675134;bytes=352948512-353842502;bytes=1615315641-1615455772;bytes=732795988-732885009,c342d7b3;674542d9;6c651b83;934fe5e1;c28a1aec;6fa80b06;96444a79;a0d9f63d;7885fca8;9244ead3;b27ffb9d;6c2fd171;a153d425;1c8e9559;087ad8b1;86f07b25;68b94e36;33069795;afbcbb51;c23145ed;7f5768a0;955b0edc;7f1b7fdc;7298d54b;521a436b;9223e588;973d4646;9c8e0912;33ff27f8;4704dbad;21de4f2c;be0cc767;eee5ecf7;2bed43c3;2b86e0c6;66e99029;1123e6c6;32f51631;3a22b023;1bc8d8e8;05770ba7;fc6cd260;f3997144;e485b0da;3d0660d0;e4b36730;723260fe;c0013dc3;1c6b68c5;0bc3ec57;c9b4c60b;b6f563b3;5d3252db;c79bf3d6;989ecaa0;1792aeea;a0c79661;1b3258ad;1ac3df1f;cfd3c308;f74f98aa;11c6fb4c;3d8cc382;d48c4abb;03459de9;c0586845;8ca1c860;99917223;af2c5a53;bc40e052;38b135b6;7d9a90fa;2bed231f;c4829a24;2be925ec
15,4,292,success,None,23/Jul/2026:13:19:02.468453,23/Jul/2026:13:19:06.361971,3.8935,41,23/Jul/2026:13:18:56.950730;23/Jul/2026:13:18:46.329867;23/Jul/2026:13:18:55.927751;23/Jul/2026:13:18:46.335781;23/Jul/2026:13:18:46.334343;23/Jul/2026:13:18:46.326721;23/Jul/2026:13:18:46.332950;23/Jul/2026:13:18:46.333381;23/Jul/2026:13:19:02.884861;23/Jul/2026:13:18:03.819193;23/Jul/2026:13:18:56.949536;23/Jul/2026:13:18:02.713287;23/Jul/2026:13:18:46.323799;23/Jul/2026:13:19:02.469276;23/Jul/2026:13:18:57.886806;23/Jul/2026:13:19:03.266314;23/Jul/2026:13:18:46.340564;23/Jul/2026:13:18:57.886631;23/Jul/2026:13:18:46.340594;23/Jul/2026:13:18:55.927899;23/Jul/2026:13:19:03.266417;23/Jul/2026:13:18:46.329773;23/Jul/2026:13:18:41.304460;23/Jul/2026:13:19:02.470151;23/Jul/2026:13:19:03.583187;23/Jul/2026:13:19:03.582318;23/Jul/2026:13:18:55.131370;23/Jul/2026:13:18:28.006309;23/Jul/2026:13:18:46.336175;23/Jul/2026:13:18:46.329540;23/Jul/2026:13:18:46.329577;23/Jul/2026:13:18:46.331700;23/Jul/2026:13:19:04.627792;23/Jul/2026:13:18:54.859935;23/Jul/2026:13:18:06.289972;23/Jul/2026:13:18:46.335979;23/Jul/2026:13:18:06.289918;23/Jul/2026:13:19:02.469862;23/Jul/2026:13:17:40.873932;23/Jul/2026:13:18:38.446651;23/Jul/2026:13:18:56.357824,5.6114;16.2794;6.7609;16.6210;16.6894;16.7039;16.6977;16.7079;0.4678;59.5696;6.4408;60.7484;17.1646;1.0214;5.7675;0.3903;17.3201;5.7743;17.3220;7.8137;0.4753;17.4258;22.4905;1.5901;0.7964;0.8819;10.0290;37.4968;19.2770;19.3837;19.3852;19.4111;1.1262;10.9564;59.5799;19.5604;59.7296;3.5929;85.2414;27.8500;9.9535,bytes=769788690-769898910;bytes=178336997-178518486;bytes=615594075-616472952;bytes=438383845-438481284;bytes=395517720-396384850;bytes=92805846-92892538;bytes=352753015-352849587;bytes=387653071-388560400;bytes=1238592090-1238766274;bytes=1641852588-1642770736;bytes=753484099-754377061;bytes=1549671411-1550559657;bytes=40433977-40533620;bytes=1201170856-1201267339;bytes=831132034-831223478;bytes=1272025344-1272114330;bytes=502851698-503752197;bytes=831033455-831132033;bytes=503966785-504062200;bytes=617393175-618305844;bytes=1275821518-1275921607;bytes=176137584-177054364;bytes=1723838486-1724725622;bytes=1205806361-1206032085;bytes=1304747441-1304851647;bytes=1296274307-1296365531;bytes=586062658-586953352;bytes=974038489-974934996;bytes=463097129-463302668;bytes=172888001-173795644;bytes=173982062-174165865;bytes=258854695-258943323;bytes=1407677456-1407794838;bytes=557197596-558093135;bytes=1728806131-1729710489;bytes=442256569-442413724;bytes=1727917933-1728806130;bytes=1201780894-1202675134;bytes=352948512-353842502;bytes=1615315641-1615455772;bytes=732795988-732885009,2b86e0c6;66e99029;1123e6c6;32f51631;3a22b023;1bc8d8e8;05770ba7;fc6cd260;f3997144;e485b0da;3d0660d0;e4b36730;723260fe;c0013dc3;1c6b68c5;0bc3ec57;c9b4c60b;b6f563b3;5d3252db;c79bf3d6;989ecaa0;1792aeea;a0c79661;1b3258ad;1ac3df1f;cfd3c308;f74f98aa;11c6fb4c;3d8cc382;d48c4abb;03459de9;c0586845;8ca1c860;99917223;af2c5a53;bc40e052;38b135b6;7d9a90fa;2bed231f;c4829a24;2be925ec
15,4,185,success,None,23/Jul/2026:13:18:56.949203,23/Jul/2026:13:19:06.488007,9.5388,92,23/Jul/2026:13:18:46.334307;23/Jul/2026:13:18:46.333609;23/Jul/2026:13:18:46.331593;23/Jul/2026:13:18:56.357533;23/Jul/2026:13:18:56.266116;23/Jul/2026:13:18:46.325757;23/Jul/2026:13:18:46.325866;23/Jul/2026:13:17:49.658614;23/Jul/2026:13:18:46.324506;23/Jul/2026:13:18:55.927967;23/Jul/2026:13:17:52.399852;23/Jul/2026:13:18:41.750511;23/Jul/2026:13:18:24.952892;23/Jul/2026:13:18:57.886224;23/Jul/2026:13:18:56.265332;23/Jul/2026:13:18:55.130298;23/Jul/2026:13:18:46.335462;23/Jul/2026:13:18:46.331294;23/Jul/2026:13:18:56.357248;23/Jul/2026:13:18:46.324284;23/Jul/2026:13:18:21.497171;23/Jul/2026:13:18:07.659272;23/Jul/2026:13:18:55.131543;23/Jul/2026:13:18:46.331557;23/Jul/2026:13:18:58.506605;23/Jul/2026:13:18:46.331150;23/Jul/2026:13:18:46.335894;23/Jul/2026:13:18:55.131261;23/Jul/2026:13:18:46.336064;23/Jul/2026:13:18:05.256471;23/Jul/2026:13:18:58.506906;23/Jul/2026:13:18:46.322600;23/Jul/2026:13:18:46.327142;23/Jul/2026:13:18:46.334726;23/Jul/2026:13:18:46.322359;23/Jul/2026:13:18:03.820082;23/Jul/2026:13:18:58.659557;23/Jul/2026:13:16:12.324474;23/Jul/2026:13:18:54.317650;23/Jul/2026:13:18:46.331064;23/Jul/2026:13:18:46.323602;23/Jul/2026:13:18:46.326085;23/Jul/2026:13:18:46.324765;23/Jul/2026:13:18:46.328214;23/Jul/2026:13:18:46.329101;23/Jul/2026:13:19:00.546103;23/Jul/2026:13:18:54.860799;23/Jul/2026:13:18:56.357312;23/Jul/2026:13:18:46.327457;23/Jul/2026:13:18:56.950730;23/Jul/2026:13:18:46.329867;23/Jul/2026:13:18:55.927751;23/Jul/2026:13:18:46.335781;23/Jul/2026:13:18:46.334343;23/Jul/2026:13:18:46.326721;23/Jul/2026:13:18:46.332950;23/Jul/2026:13:18:46.333381;23/Jul/2026:13:19:02.884861;23/Jul/2026:13:18:03.819193;23/Jul/2026:13:18:56.949536;23/Jul/2026:13:18:02.713287;23/Jul/2026:13:18:46.323799;23/Jul/2026:13:19:02.469276;23/Jul/2026:13:18:57.886806;23/Jul/2026:13:19:03.266314;23/Jul/2026:13:18:46.340564;23/Jul/2026:13:18:57.886631;23/Jul/2026:13:18:46.340594;23/Jul/2026:13:18:55.927899;23/Jul/2026:13:19:03.266417;23/Jul/2026:13:18:46.329773;23/Jul/2026:13:18:41.304460;23/Jul/2026:13:19:02.470151;23/Jul/2026:13:19:03.583187;23/Jul/2026:13:19:03.582318;23/Jul/2026:13:18:55.131370;23/Jul/2026:13:18:28.006309;23/Jul/2026:13:18:46.336175;23/Jul/2026:13:18:46.329540;23/Jul/2026:13:18:46.329577;23/Jul/2026:13:18:46.331700;23/Jul/2026:13:19:04.627792;23/Jul/2026:13:18:54.859935;23/Jul/2026:13:18:06.289972;23/Jul/2026:13:18:46.335979;23/Jul/2026:13:18:06.289918;23/Jul/2026:13:19:02.469862;23/Jul/2026:13:17:40.873932;23/Jul/2026:13:18:38.446651;23/Jul/2026:13:18:56.357824;23/Jul/2026:13:18:56.950276;23/Jul/2026:13:19:03.266472,10.7198;10.8323;10.8926;0.9170;1.0957;11.6238;11.6357;68.3830;11.7198;2.3066;65.8628;16.5873;33.4011;0.4967;2.1183;3.4715;12.3006;12.4380;2.5104;12.5436;37.6334;51.6123;4.1552;12.9605;0.8703;13.0857;13.0819;4.2866;13.0818;54.2796;1.1229;13.3379;13.4117;13.5073;13.5426;56.1535;1.6023;167.9395;5.9466;14.0090;14.3420;14.3527;14.3555;14.7293;14.9110;0.8268;6.5986;5.2561;15.4468;5.6114;16.2794;6.7609;16.6210;16.6894;16.7039;16.6977;16.7079;0.4678;59.5696;6.4408;60.7484;17.1646;1.0214;5.7675;0.3903;17.3201;5.7743;17.3220;7.8137;0.4753;17.4258;22.4905;1.5901;0.7964;0.8819;10.0290;37.4968;19.2770;19.3837;19.3852;19.4111;1.1262;10.9564;59.5799;19.5604;59.7296;3.5929;85.2414;27.8500;9.9535;9.5056;3.1933,bytes=394638068-395517719;bytes=390718148-391592468;bytes=255036591-255137808;bytes=728797327-728892940;bytes=651124891-651228523;bytes=60249183-60347628;bytes=64031676-64101355;bytes=831223479-831318248;bytes=48584354-49489417;bytes=618524459-618706705;bytes=1047850140-1048748110;bytes=1755744286-1755946976;bytes=778371146-779274126;bytes=790083879-790163597;bytes=646820194-646955530;bytes=579904055-580817981;bytes=430463925-430591837;bytes=251149836-252035494;bytes=721944040-722831132;bytes=44399546-44497232;bytes=624857988-625779421;bytes=1809663538-1809837643;bytes=588740465-589628498;bytes=254937027-255036590;bytes=993395321-994315721;bytes=249736122-250632730;bytes=437389648-438290461;bytes=589628499-589797897;bytes=459986327-460879763;bytes=1670237710-1671124992;bytes=998340708-999237454;bytes=19848011-20032816;bytes=91898869-92805845;bytes=413613256-413698894;bytes=16834771-17733156;bytes=1648547225-1649417093;bytes=1041016744-1041131963;bytes=1623171854-1623287239;bytes=520894905-521766381;bytes=247076167-247957532;bytes=40334677-40433976;bytes=82767057-83688363;bytes=52399041-52496406;bytes=132484980-133389993;bytes=167787606-168716463;bytes=1156366251-1156590784;bytes=562307027-563197505;bytes=722831133-723754923;bytes=121412194-122309905;bytes=769788690-769898910;bytes=178336997-178518486;bytes=615594075-616472952;bytes=438383845-438481284;bytes=395517720-396384850;bytes=92805846-92892538;bytes=352753015-352849587;bytes=387653071-388560400;bytes=1238592090-1238766274;bytes=1641852588-1642770736;bytes=753484099-754377061;bytes=1549671411-1550559657;bytes=40433977-40533620;bytes=1201170856-1201267339;bytes=831132034-831223478;bytes=1272025344-1272114330;bytes=502851698-503752197;bytes=831033455-831132033;bytes=503966785-504062200;bytes=617393175-618305844;bytes=1275821518-1275921607;bytes=176137584-177054364;bytes=1723838486-1724725622;bytes=1205806361-1206032085;bytes=1304747441-1304851647;bytes=1296274307-1296365531;bytes=586062658-586953352;bytes=974038489-974934996;bytes=463097129-463302668;bytes=172888001-173795644;bytes=173982062-174165865;bytes=258854695-258943323;bytes=1407677456-1407794838;bytes=557197596-558093135;bytes=1728806131-1729710489;bytes=442256569-442413724;bytes=1727917933-1728806130;bytes=1201780894-1202675134;bytes=352948512-353842502;bytes=1615315641-1615455772;bytes=732795988-732885009;bytes=760426076-761335614;bytes=1275921608-1276029505,17d340b2;ef08c4d2;5b7d9833;6fe4c672;3db28a81;f66422dc;37216aa5;e895b52e;b333fcab;79d6cf8e;28d6cca5;3e4649c5;4dfb4ba4;ce87be59;87890fa2;c342d7b3;674542d9;6c651b83;934fe5e1;c28a1aec;6fa80b06;96444a79;a0d9f63d;7885fca8;9244ead3;b27ffb9d;6c2fd171;a153d425;1c8e9559;087ad8b1;86f07b25;68b94e36;33069795;afbcbb51;c23145ed;7f5768a0;955b0edc;7f1b7fdc;7298d54b;521a436b;9223e588;973d4646;9c8e0912;33ff27f8;4704dbad;21de4f2c;be0cc767;eee5ecf7;2bed43c3;2b86e0c6;66e99029;1123e6c6;32f51631;3a22b023;1bc8d8e8;05770ba7;fc6cd260;f3997144;e485b0da;3d0660d0;e4b36730;723260fe;c0013dc3;1c6b68c5;0bc3ec57;c9b4c60b;b6f563b3;5d3252db;c79bf3d6;989ecaa0;1792aeea;a0c79661;1b3258ad;1ac3df1f;cfd3c308;f74f98aa;11c6fb4c;3d8cc382;d48c4abb;03459de9;c0586845;8ca1c860;99917223;af2c5a53;bc40e052;38b135b6;7d9a90fa;2bed231f;c4829a24;2be925ec;9a02b131;663cc78e
15,4,202,success,None,23/Jul/2026:13:18:57.884235,23/Jul/2026:13:19:07.523418,9.6392,96,23/Jul/2026:13:18:46.325757;23/Jul/2026:13:18:46.325866;23/Jul/2026:13:17:49.658614;23/Jul/2026:13:18:46.324506;23/Jul/2026:13:18:55.927967;23/Jul/2026:13:17:52.399852;23/Jul/2026:13:18:41.750511;23/Jul/2026:13:18:24.952892;23/Jul/2026:13:18:57.886224;23/Jul/2026:13:18:56.265332;23/Jul/2026:13:18:55.130298;23/Jul/2026:13:18:46.335462;23/Jul/2026:13:18:46.331294;23/Jul/2026:13:18:56.357248;23/Jul/2026:13:18:46.324284;23/Jul/2026:13:18:21.497171;23/Jul/2026:13:18:07.659272;23/Jul/2026:13:18:55.131543;23/Jul/2026:13:18:46.331557;23/Jul/2026:13:18:58.506605;23/Jul/2026:13:18:46.331150;23/Jul/2026:13:18:46.335894;23/Jul/2026:13:18:55.131261;23/Jul/2026:13:18:46.336064;23/Jul/2026:13:18:05.256471;23/Jul/2026:13:18:58.506906;23/Jul/2026:13:18:46.322600;23/Jul/2026:13:18:46.327142;23/Jul/2026:13:18:46.334726;23/Jul/2026:13:18:46.322359;23/Jul/2026:13:18:03.820082;23/Jul/2026:13:18:58.659557;23/Jul/2026:13:16:12.324474;23/Jul/2026:13:18:54.317650;23/Jul/2026:13:18:46.331064;23/Jul/2026:13:18:46.323602;23/Jul/2026:13:18:46.326085;23/Jul/2026:13:18:46.324765;23/Jul/2026:13:18:46.328214;23/Jul/2026:13:18:46.329101;23/Jul/2026:13:19:00.546103;23/Jul/2026:13:18:54.860799;23/Jul/2026:13:18:56.357312;23/Jul/2026:13:18:46.327457;23/Jul/2026:13:18:56.950730;23/Jul/2026:13:18:46.329867;23/Jul/2026:13:18:55.927751;23/Jul/2026:13:18:46.335781;23/Jul/2026:13:18:46.334343;23/Jul/2026:13:18:46.326721;23/Jul/2026:13:18:46.332950;23/Jul/2026:13:18:46.333381;23/Jul/2026:13:19:02.884861;23/Jul/2026:13:18:03.819193;23/Jul/2026:13:18:56.949536;23/Jul/2026:13:18:02.713287;23/Jul/2026:13:18:46.323799;23/Jul/2026:13:19:02.469276;23/Jul/2026:13:18:57.886806;23/Jul/2026:13:19:03.266314;23/Jul/2026:13:18:46.340564;23/Jul/2026:13:18:57.886631;23/Jul/2026:13:18:46.340594;23/Jul/2026:13:18:55.927899;23/Jul/2026:13:19:03.266417;23/Jul/2026:13:18:46.329773;23/Jul/2026:13:18:41.304460;23/Jul/2026:13:19:02.470151;23/Jul/2026:13:19:03.583187;23/Jul/2026:13:19:03.582318;23/Jul/2026:13:18:55.131370;23/Jul/2026:13:18:28.006309;23/Jul/2026:13:18:46.336175;23/Jul/2026:13:18:46.329540;23/Jul/2026:13:18:46.329577;23/Jul/2026:13:18:46.331700;23/Jul/2026:13:19:04.627792;23/Jul/2026:13:18:54.859935;23/Jul/2026:13:18:06.289972;23/Jul/2026:13:18:46.335979;23/Jul/2026:13:18:06.289918;23/Jul/2026:13:19:02.469862;23/Jul/2026:13:17:40.873932;23/Jul/2026:13:18:38.446651;23/Jul/2026:13:18:56.357824;23/Jul/2026:13:18:56.950276;23/Jul/2026:13:19:03.266472;23/Jul/2026:13:19:03.265592;23/Jul/2026:13:18:55.929028;23/Jul/2026:13:19:03.582085;23/Jul/2026:13:19:02.884375;23/Jul/2026:13:18:46.340902;23/Jul/2026:13:19:02.469335;23/Jul/2026:13:18:46.340870;23/Jul/2026:13:19:03.582876;23/Jul/2026:13:18:42.548346,11.6238;11.6357;68.3830;11.7198;2.3066;65.8628;16.5873;33.4011;0.4967;2.1183;3.4715;12.3006;12.4380;2.5104;12.5436;37.6334;51.6123;4.1552;12.9605;0.8703;13.0857;13.0819;4.2866;13.0818;54.2796;1.1229;13.3379;13.4117;13.5073;13.5426;56.1535;1.6023;167.9395;5.9466;14.0090;14.3420;14.3527;14.3555;14.7293;14.9110;0.8268;6.5986;5.2561;15.4468;5.6114;16.2794;6.7609;16.6210;16.6894;16.7039;16.6977;16.7079;0.4678;59.5696;6.4408;60.7484;17.1646;1.0214;5.7675;0.3903;17.3201;5.7743;17.3220;7.8137;0.4753;17.4258;22.4905;1.5901;0.7964;0.8819;10.0290;37.4968;19.2770;19.3837;19.3852;19.4111;1.1262;10.9564;59.5799;19.5604;59.7296;3.5929;85.2414;27.8500;9.9535;9.5056;3.1933;3.3953;10.7799;3.3301;4.0329;20.7639;4.6646;20.7942;3.7857;24.9736,bytes=60249183-60347628;bytes=64031676-64101355;bytes=831223479-831318248;bytes=48584354-49489417;bytes=618524459-618706705;bytes=1047850140-1048748110;bytes=1755744286-1755946976;bytes=778371146-779274126;bytes=790083879-790163597;bytes=646820194-646955530;bytes=579904055-580817981;bytes=430463925-430591837;bytes=251149836-252035494;bytes=721944040-722831132;bytes=44399546-44497232;bytes=624857988-625779421;bytes=1809663538-1809837643;bytes=588740465-589628498;bytes=254937027-255036590;bytes=993395321-994315721;bytes=249736122-250632730;bytes=437389648-438290461;bytes=589628499-589797897;bytes=459986327-460879763;bytes=1670237710-1671124992;bytes=998340708-999237454;bytes=19848011-20032816;bytes=91898869-92805845;bytes=413613256-413698894;bytes=16834771-17733156;bytes=1648547225-1649417093;bytes=1041016744-1041131963;bytes=1623171854-1623287239;bytes=520894905-521766381;bytes=247076167-247957532;bytes=40334677-40433976;bytes=82767057-83688363;bytes=52399041-52496406;bytes=132484980-133389993;bytes=167787606-168716463;bytes=1156366251-1156590784;bytes=562307027-563197505;bytes=722831133-723754923;bytes=121412194-122309905;bytes=769788690-769898910;bytes=178336997-178518486;bytes=615594075-616472952;bytes=438383845-438481284;bytes=395517720-396384850;bytes=92805846-92892538;bytes=352753015-352849587;bytes=387653071-388560400;bytes=1238592090-1238766274;bytes=1641852588-1642770736;bytes=753484099-754377061;bytes=1549671411-1550559657;bytes=40433977-40533620;bytes=1201170856-1201267339;bytes=831132034-831223478;bytes=1272025344-1272114330;bytes=502851698-503752197;bytes=831033455-831132033;bytes=503966785-504062200;bytes=617393175-618305844;bytes=1275821518-1275921607;bytes=176137584-177054364;bytes=1723838486-1724725622;bytes=1205806361-1206032085;bytes=1304747441-1304851647;bytes=1296274307-1296365531;bytes=586062658-586953352;bytes=974038489-974934996;bytes=463097129-463302668;bytes=172888001-173795644;bytes=173982062-174165865;bytes=258854695-258943323;bytes=1407677456-1407794838;bytes=557197596-558093135;bytes=1728806131-1729710489;bytes=442256569-442413724;bytes=1727917933-1728806130;bytes=1201780894-1202675134;bytes=352948512-353842502;bytes=1615315641-1615455772;bytes=732795988-732885009;bytes=760426076-761335614;bytes=1275921608-1276029505;bytes=1267784217-1267903691;bytes=630696498-630794134;bytes=1291209639-1292101113;bytes=1234447122-1234621463;bytes=507935483-508117603;bytes=1201267340-1201365104;bytes=506882624-507783747;bytes=1297648871-1298546223;bytes=1917145185-1917262281,f66422dc;37216aa5;e895b52e;b333fcab;79d6cf8e;28d6cca5;3e4649c5;4dfb4ba4;ce87be59;87890fa2;c342d7b3;674542d9;6c651b83;934fe5e1;c28a1aec;6fa80b06;96444a79;a0d9f63d;7885fca8;9244ead3;b27ffb9d;6c2fd171;a153d425;1c8e9559;087ad8b1;86f07b25;68b94e36;33069795;afbcbb51;c23145ed;7f5768a0;955b0edc;7f1b7fdc;7298d54b;521a436b;9223e588;973d4646;9c8e0912;33ff27f8;4704dbad;21de4f2c;be0cc767;eee5ecf7;2bed43c3;2b86e0c6;66e99029;1123e6c6;32f51631;3a22b023;1bc8d8e8;05770ba7;fc6cd260;f3997144;e485b0da;3d0660d0;e4b36730;723260fe;c0013dc3;1c6b68c5;0bc3ec57;c9b4c60b;b6f563b3;5d3252db;c79bf3d6;989ecaa0;1792aeea;a0c79661;1b3258ad;1ac3df1f;cfd3c308;f74f98aa;11c6fb4c;3d8cc382;d48c4abb;03459de9;c0586845;8ca1c860;99917223;af2c5a53;bc40e052;38b135b6;7d9a90fa;2bed231f;c4829a24;2be925ec;9a02b131;663cc78e;d1878764;47621ec1;90e4de4d;a2875ebf;3559172f;000378a0;9496c4d2;e2621483;15c60f7a
15,4,308,success,None,23/Jul/2026:13:19:03.264553,23/Jul/2026:13:19:07.626647,4.3621,45,23/Jul/2026:13:19:02.884861;23/Jul/2026:13:18:03.819193;23/Jul/2026:13:18:56.949536;23/Jul/2026:13:18:02.713287;23/Jul/2026:13:18:46.323799;23/Jul/2026:13:19:02.469276;23/Jul/2026:13:18:57.886806;23/Jul/2026:13:19:03.266314;23/Jul/2026:13:18:46.340564;23/Jul/2026:13:18:57.886631;23/Jul/2026:13:18:46.340594;23/Jul/2026:13:18:55.927899;23/Jul/2026:13:19:03.266417;23/Jul/2026:13:18:46.329773;23/Jul/2026:13:18:41.304460;23/Jul/2026:13:19:02.470151;23/Jul/2026:13:19:03.583187;23/Jul/2026:13:19:03.582318;23/Jul/2026:13:18:55.131370;23/Jul/2026:13:18:28.006309;23/Jul/2026:13:18:46.336175;23/Jul/2026:13:18:46.329540;23/Jul/2026:13:18:46.329577;23/Jul/2026:13:18:46.331700;23/Jul/2026:13:19:04.627792;23/Jul/2026:13:18:54.859935;23/Jul/2026:13:18:06.289972;23/Jul/2026:13:18:46.335979;23/Jul/2026:13:18:06.289918;23/Jul/2026:13:19:02.469862;23/Jul/2026:13:17:40.873932;23/Jul/2026:13:18:38.446651;23/Jul/2026:13:18:56.357824;23/Jul/2026:13:18:56.950276;23/Jul/2026:13:19:03.266472;23/Jul/2026:13:19:03.265592;23/Jul/2026:13:18:55.929028;23/Jul/2026:13:19:03.582085;23/Jul/2026:13:19:02.884375;23/Jul/2026:13:18:46.340902;23/Jul/2026:13:19:02.469335;23/Jul/2026:13:18:46.340870;23/Jul/2026:13:19:03.582876;23/Jul/2026:13:18:42.548346;23/Jul/2026:13:19:04.627414,0.4678;59.5696;6.4408;60.7484;17.1646;1.0214;5.7675;0.3903;17.3201;5.7743;17.3220;7.8137;0.4753;17.4258;22.4905;1.5901;0.7964;0.8819;10.0290;37.4968;19.2770;19.3837;19.3852;19.4111;1.1262;10.9564;59.5799;19.5604;59.7296;3.5929;85.2414;27.8500;9.9535;9.5056;3.1933;3.3953;10.7799;3.3301;4.0329;20.7639;4.6646;20.7942;3.7857;24.9736;2.9264,bytes=1238592090-1238766274;bytes=1641852588-1642770736;bytes=753484099-754377061;bytes=1549671411-1550559657;bytes=40433977-40533620;bytes=1201170856-1201267339;bytes=831132034-831223478;bytes=1272025344-1272114330;bytes=502851698-503752197;bytes=831033455-831132033;bytes=503966785-504062200;bytes=617393175-618305844;bytes=1275821518-1275921607;bytes=176137584-177054364;bytes=1723838486-1724725622;bytes=1205806361-1206032085;bytes=1304747441-1304851647;bytes=1296274307-1296365531;bytes=586062658-586953352;bytes=974038489-974934996;bytes=463097129-463302668;bytes=172888001-173795644;bytes=173982062-174165865;bytes=258854695-258943323;bytes=1407677456-1407794838;bytes=557197596-558093135;bytes=1728806131-1729710489;bytes=442256569-442413724;bytes=1727917933-1728806130;bytes=1201780894-1202675134;bytes=352948512-353842502;bytes=1615315641-1615455772;bytes=732795988-732885009;bytes=760426076-761335614;bytes=1275921608-1276029505;bytes=1267784217-1267903691;bytes=630696498-630794134;bytes=1291209639-1292101113;bytes=1234447122-1234621463;bytes=507935483-508117603;bytes=1201267340-1201365104;bytes=506882624-507783747;bytes=1297648871-1298546223;bytes=1917145185-1917262281;bytes=1399421179-1399618278,f3997144;e485b0da;3d0660d0;e4b36730;723260fe;c0013dc3;1c6b68c5;0bc3ec57;c9b4c60b;b6f563b3;5d3252db;c79bf3d6;989ecaa0;1792aeea;a0c79661;1b3258ad;1ac3df1f;cfd3c308;f74f98aa;11c6fb4c;3d8cc382;d48c4abb;03459de9;c0586845;8ca1c860;99917223;af2c5a53;bc40e052;38b135b6;7d9a90fa;2bed231f;c4829a24;2be925ec;9a02b131;663cc78e;d1878764;47621ec1;90e4de4d;a2875ebf;3559172f;000378a0;9496c4d2;e2621483;15c60f7a;0659d426
15,4,190,success,None,23/Jul/2026:13:18:57.883798,23/Jul/2026:13:19:09.128819,11.2450,109,23/Jul/2026:13:18:46.325757;23/Jul/2026:13:18:46.325866;23/Jul/2026:13:17:49.658614;23/Jul/2026:13:18:46.324506;23/Jul/2026:13:18:55.927967;23/Jul/2026:13:17:52.399852;23/Jul/2026:13:18:41.750511;23/Jul/2026:13:18:24.952892;23/Jul/2026:13:18:57.886224;23/Jul/2026:13:18:56.265332;23/Jul/2026:13:18:55.130298;23/Jul/2026:13:18:46.335462;23/Jul/2026:13:18:46.331294;23/Jul/2026:13:18:56.357248;23/Jul/2026:13:18:46.324284;23/Jul/2026:13:18:21.497171;23/Jul/2026:13:18:07.659272;23/Jul/2026:13:18:55.131543;23/Jul/2026:13:18:46.331557;23/Jul/2026:13:18:58.506605;23/Jul/2026:13:18:46.331150;23/Jul/2026:13:18:46.335894;23/Jul/2026:13:18:55.131261;23/Jul/2026:13:18:46.336064;23/Jul/2026:13:18:05.256471;23/Jul/2026:13:18:58.506906;23/Jul/2026:13:18:46.322600;23/Jul/2026:13:18:46.327142;23/Jul/2026:13:18:46.334726;23/Jul/2026:13:18:46.322359;23/Jul/2026:13:18:03.820082;23/Jul/2026:13:18:58.659557;23/Jul/2026:13:16:12.324474;23/Jul/2026:13:18:54.317650;23/Jul/2026:13:18:46.331064;23/Jul/2026:13:18:46.323602;23/Jul/2026:13:18:46.326085;23/Jul/2026:13:18:46.324765;23/Jul/2026:13:18:46.328214;23/Jul/2026:13:18:46.329101;23/Jul/2026:13:19:00.546103;23/Jul/2026:13:18:54.860799;23/Jul/2026:13:18:56.357312;23/Jul/2026:13:18:46.327457;23/Jul/2026:13:18:56.950730;23/Jul/2026:13:18:46.329867;23/Jul/2026:13:18:55.927751;23/Jul/2026:13:18:46.335781;23/Jul/2026:13:18:46.334343;23/Jul/2026:13:18:46.326721;23/Jul/2026:13:18:46.332950;23/Jul/2026:13:18:46.333381;23/Jul/2026:13:19:02.884861;23/Jul/2026:13:18:03.819193;23/Jul/2026:13:18:56.949536;23/Jul/2026:13:18:02.713287;23/Jul/2026:13:18:46.323799;23/Jul/2026:13:19:02.469276;23/Jul/2026:13:18:57.886806;23/Jul/2026:13:19:03.266314;23/Jul/2026:13:18:46.340564;23/Jul/2026:13:18:57.886631;23/Jul/2026:13:18:46.340594;23/Jul/2026:13:18:55.927899;23/Jul/2026:13:19:03.266417;23/Jul/2026:13:18:46.329773;23/Jul/2026:13:18:41.304460;23/Jul/2026:13:19:02.470151;23/Jul/2026:13:19:03.583187;23/Jul/2026:13:19:03.582318;23/Jul/2026:13:18:55.131370;23/Jul/2026:13:18:28.006309;23/Jul/2026:13:18:46.336175;23/Jul/2026:13:18:46.329540;23/Jul/2026:13:18:46.329577;23/Jul/2026:13:18:46.331700;23/Jul/2026:13:19:04.627792;23/Jul/2026:13:18:54.859935;23/Jul/2026:13:18:06.289972;23/Jul/2026:13:18:46.335979;23/Jul/2026:13:18:06.289918;23/Jul/2026:13:19:02.469862;23/Jul/2026:13:17:40.873932;23/Jul/2026:13:18:38.446651;23/Jul/2026:13:18:56.357824;23/Jul/2026:13:18:56.950276;23/Jul/2026:13:19:03.266472;23/Jul/2026:13:19:03.265592;23/Jul/2026:13:18:55.929028;23/Jul/2026:13:19:03.582085;23/Jul/2026:13:19:02.884375;23/Jul/2026:13:18:46.340902;23/Jul/2026:13:19:02.469335;23/Jul/2026:13:18:46.340870;23/Jul/2026:13:19:03.582876;23/Jul/2026:13:18:42.548346;23/Jul/2026:13:19:04.627414;23/Jul/2026:13:18:56.264840;23/Jul/2026:13:19:05.678206;23/Jul/2026:13:19:00.688897;23/Jul/2026:13:18:55.928564;23/Jul/2026:13:18:46.331788;23/Jul/2026:13:18:57.886582;23/Jul/2026:13:18:57.887155;23/Jul/2026:13:19:07.523973;23/Jul/2026:13:18:54.860149;23/Jul/2026:13:19:02.883675;23/Jul/2026:13:18:46.326359;23/Jul/2026:13:19:03.265003,11.6238;11.6357;68.3830;11.7198;2.3066;65.8628;16.5873;33.4011;0.4967;2.1183;3.4715;12.3006;12.4380;2.5104;12.5436;37.6334;51.6123;4.1552;12.9605;0.8703;13.0857;13.0819;4.2866;13.0818;54.2796;1.1229;13.3379;13.4117;13.5073;13.5426;56.1535;1.6023;167.9395;5.9466;14.0090;14.3420;14.3527;14.3555;14.7293;14.9110;0.8268;6.5986;5.2561;15.4468;5.6114;16.2794;6.7609;16.6210;16.6894;16.7039;16.6977;16.7079;0.4678;59.5696;6.4408;60.7484;17.1646;1.0214;5.7675;0.3903;17.3201;5.7743;17.3220;7.8137;0.4753;17.4258;22.4905;1.5901;0.7964;0.8819;10.0290;37.4968;19.2770;19.3837;19.3852;19.4111;1.1262;10.9564;59.5799;19.5604;59.7296;3.5929;85.2414;27.8500;9.9535;9.5056;3.1933;3.3953;10.7799;3.3301;4.0329;20.7639;4.6646;20.7942;3.7857;24.9736;2.9264;11.3791;2.0772;7.2320;12.3420;21.9794;10.4659;10.6339;1.0498;13.9137;5.9653;22.5562;5.8349,bytes=60249183-60347628;bytes=64031676-64101355;bytes=831223479-831318248;bytes=48584354-49489417;bytes=618524459-618706705;bytes=1047850140-1048748110;bytes=1755744286-1755946976;bytes=778371146-779274126;bytes=790083879-790163597;bytes=646820194-646955530;bytes=579904055-580817981;bytes=430463925-430591837;bytes=251149836-252035494;bytes=721944040-722831132;bytes=44399546-44497232;bytes=624857988-625779421;bytes=1809663538-1809837643;bytes=588740465-589628498;bytes=254937027-255036590;bytes=993395321-994315721;bytes=249736122-250632730;bytes=437389648-438290461;bytes=589628499-589797897;bytes=459986327-460879763;bytes=1670237710-1671124992;bytes=998340708-999237454;bytes=19848011-20032816;bytes=91898869-92805845;bytes=413613256-413698894;bytes=16834771-17733156;bytes=1648547225-1649417093;bytes=1041016744-1041131963;bytes=1623171854-1623287239;bytes=520894905-521766381;bytes=247076167-247957532;bytes=40334677-40433976;bytes=82767057-83688363;bytes=52399041-52496406;bytes=132484980-133389993;bytes=167787606-168716463;bytes=1156366251-1156590784;bytes=562307027-563197505;bytes=722831133-723754923;bytes=121412194-122309905;bytes=769788690-769898910;bytes=178336997-178518486;bytes=615594075-616472952;bytes=438383845-438481284;bytes=395517720-396384850;bytes=92805846-92892538;bytes=352753015-352849587;bytes=387653071-388560400;bytes=1238592090-1238766274;bytes=1641852588-1642770736;bytes=753484099-754377061;bytes=1549671411-1550559657;bytes=40433977-40533620;bytes=1201170856-1201267339;bytes=831132034-831223478;bytes=1272025344-1272114330;bytes=502851698-503752197;bytes=831033455-831132033;bytes=503966785-504062200;bytes=617393175-618305844;bytes=1275821518-1275921607;bytes=176137584-177054364;bytes=1723838486-1724725622;bytes=1205806361-1206032085;bytes=1304747441-1304851647;bytes=1296274307-1296365531;bytes=586062658-586953352;bytes=974038489-974934996;bytes=463097129-463302668;bytes=172888001-173795644;bytes=173982062-174165865;bytes=258854695-258943323;bytes=1407677456-1407794838;bytes=557197596-558093135;bytes=1728806131-1729710489;bytes=442256569-442413724;bytes=1727917933-1728806130;bytes=1201780894-1202675134;bytes=352948512-353842502;bytes=1615315641-1615455772;bytes=732795988-732885009;bytes=760426076-761335614;bytes=1275921608-1276029505;bytes=1267784217-1267903691;bytes=630696498-630794134;bytes=1291209639-1292101113;bytes=1234447122-1234621463;bytes=507935483-508117603;bytes=1201267340-1201365104;bytes=506882624-507783747;bytes=1297648871-1298546223;bytes=1917145185-1917262281;bytes=1399421179-1399618278;bytes=639889897-640769492;bytes=1475031752-1475921471;bytes=1177110087-1178006848;bytes=626678677-626782311;bytes=297803307-298711102;bytes=830943653-831033454;bytes=839203006-839374748;bytes=1640048703-1640950567;bytes=558993545-559923493;bytes=1230130554-1230313674;bytes=88844908-88943720;bytes=1259870837-1260745814,f66422dc;37216aa5;e895b52e;b333fcab;79d6cf8e;28d6cca5;3e4649c5;4dfb4ba4;ce87be59;87890fa2;c342d7b3;674542d9;6c651b83;934fe5e1;c28a1aec;6fa80b06;96444a79;a0d9f63d;7885fca8;9244ead3;b27ffb9d;6c2fd171;a153d425;1c8e9559;087ad8b1;86f07b25;68b94e36;33069795;afbcbb51;c23145ed;7f5768a0;955b0edc;7f1b7fdc;7298d54b;521a436b;9223e588;973d4646;9c8e0912;33ff27f8;4704dbad;21de4f2c;be0cc767;eee5ecf7;2bed43c3;2b86e0c6;66e99029;1123e6c6;32f51631;3a22b023;1bc8d8e8;05770ba7;fc6cd260;f3997144;e485b0da;3d0660d0;e4b36730;723260fe;c0013dc3;1c6b68c5;0bc3ec57;c9b4c60b;b6f563b3;5d3252db;c79bf3d6;989ecaa0;1792aeea;a0c79661;1b3258ad;1ac3df1f;cfd3c308;f74f98aa;11c6fb4c;3d8cc382;d48c4abb;03459de9;c0586845;8ca1c860;99917223;af2c5a53;bc40e052;38b135b6;7d9a90fa;2bed231f;c4829a24;2be925ec;9a02b131;663cc78e;d1878764;47621ec1;90e4de4d;a2875ebf;3559172f;000378a0;9496c4d2;e2621483;15c60f7a;0659d426;1ede0929;86967338;c9c62b96;4ff868a7;c44d38cd;acc69fa4;d62d34af;ab350d29;69ccc7e8;86080b03;394ac3d5;6cb94c8f
15,4,281,success,None,23/Jul/2026:13:19:00.544847,23/Jul/2026:13:19:09.375314,8.8305,74,23/Jul/2026:13:18:46.323602;23/Jul/2026:13:18:46.326085;23/Jul/2026:13:18:46.324765;23/Jul/2026:13:18:46.328214;23/Jul/2026:13:18:46.329101;23/Jul/2026:13:19:00.546103;23/Jul/2026:13:18:54.860799;23/Jul/2026:13:18:56.357312;23/Jul/2026:13:18:46.327457;23/Jul/2026:13:18:56.950730;23/Jul/2026:13:18:46.329867;23/Jul/2026:13:18:55.927751;23/Jul/2026:13:18:46.335781;23/Jul/2026:13:18:46.334343;23/Jul/2026:13:18:46.326721;23/Jul/2026:13:18:46.332950;23/Jul/2026:13:18:46.333381;23/Jul/2026:13:19:02.884861;23/Jul/2026:13:18:03.819193;23/Jul/2026:13:18:56.949536;23/Jul/2026:13:18:02.713287;23/Jul/2026:13:18:46.323799;23/Jul/2026:13:19:02.469276;23/Jul/2026:13:18:57.886806;23/Jul/2026:13:19:03.266314;23/Jul/2026:13:18:46.340564;23/Jul/2026:13:18:57.886631;23/Jul/2026:13:18:46.340594;23/Jul/2026:13:18:55.927899;23/Jul/2026:13:19:03.266417;23/Jul/2026:13:18:46.329773;23/Jul/2026:13:18:41.304460;23/Jul/2026:13:19:02.470151;23/Jul/2026:13:19:03.583187;23/Jul/2026:13:19:03.582318;23/Jul/2026:13:18:55.131370;23/Jul/2026:13:18:28.006309;23/Jul/2026:13:18:46.336175;23/Jul/2026:13:18:46.329540;23/Jul/2026:13:18:46.329577;23/Jul/2026:13:18:46.331700;23/Jul/2026:13:19:04.627792;23/Jul/2026:13:18:54.859935;23/Jul/2026:13:18:06.289972;23/Jul/2026:13:18:46.335979;23/Jul/2026:13:18:06.289918;23/Jul/2026:13:19:02.469862;23/Jul/2026:13:17:40.873932;23/Jul/2026:13:18:38.446651;23/Jul/2026:13:18:56.357824;23/Jul/2026:13:18:56.950276;23/Jul/2026:13:19:03.266472;23/Jul/2026:13:19:03.265592;23/Jul/2026:13:18:55.929028;23/Jul/2026:13:19:03.582085;23/Jul/2026:13:19:02.884375;23/Jul/2026:13:18:46.340902;23/Jul/2026:13:19:02.469335;23/Jul/2026:13:18:46.340870;23/Jul/2026:13:19:03.582876;23/Jul/2026:13:18:42.548346;23/Jul/2026:13:19:04.627414;23/Jul/2026:13:18:56.264840;23/Jul/2026:13:19:05.678206;23/Jul/2026:13:19:00.688897;23/Jul/2026:13:18:55.928564;23/Jul/2026:13:18:46.331788;23/Jul/2026:13:18:57.886582;23/Jul/2026:13:18:57.887155;23/Jul/2026:13:19:07.523973;23/Jul/2026:13:18:54.860149;23/Jul/2026:13:19:02.883675;23/Jul/2026:13:18:46.326359;23/Jul/2026:13:19:03.265003,14.3420;14.3527;14.3555;14.7293;14.9110;0.8268;6.5986;5.2561;15.4468;5.6114;16.2794;6.7609;16.6210;16.6894;16.7039;16.6977;16.7079;0.4678;59.5696;6.4408;60.7484;17.1646;1.0214;5.7675;0.3903;17.3201;5.7743;17.3220;7.8137;0.4753;17.4258;22.4905;1.5901;0.7964;0.8819;10.0290;37.4968;19.2770;19.3837;19.3852;19.4111;1.1262;10.9564;59.5799;19.5604;59.7296;3.5929;85.2414;27.8500;9.9535;9.5056;3.1933;3.3953;10.7799;3.3301;4.0329;20.7639;4.6646;20.7942;3.7857;24.9736;2.9264;11.3791;2.0772;7.2320;12.3420;21.9794;10.4659;10.6339;1.0498;13.9137;5.9653;22.5562;5.8349,bytes=40334677-40433976;bytes=82767057-83688363;bytes=52399041-52496406;bytes=132484980-133389993;bytes=167787606-168716463;bytes=1156366251-1156590784;bytes=562307027-563197505;bytes=722831133-723754923;bytes=121412194-122309905;bytes=769788690-769898910;bytes=178336997-178518486;bytes=615594075-616472952;bytes=438383845-438481284;bytes=395517720-396384850;bytes=92805846-92892538;bytes=352753015-352849587;bytes=387653071-388560400;bytes=1238592090-1238766274;bytes=1641852588-1642770736;bytes=753484099-754377061;bytes=1549671411-1550559657;bytes=40433977-40533620;bytes=1201170856-1201267339;bytes=831132034-831223478;bytes=1272025344-1272114330;bytes=502851698-503752197;bytes=831033455-831132033;bytes=503966785-504062200;bytes=617393175-618305844;bytes=1275821518-1275921607;bytes=176137584-177054364;bytes=1723838486-1724725622;bytes=1205806361-1206032085;bytes=1304747441-1304851647;bytes=1296274307-1296365531;bytes=586062658-586953352;bytes=974038489-974934996;bytes=463097129-463302668;bytes=172888001-173795644;bytes=173982062-174165865;bytes=258854695-258943323;bytes=1407677456-1407794838;bytes=557197596-558093135;bytes=1728806131-1729710489;bytes=442256569-442413724;bytes=1727917933-1728806130;bytes=1201780894-1202675134;bytes=352948512-353842502;bytes=1615315641-1615455772;bytes=732795988-732885009;bytes=760426076-761335614;bytes=1275921608-1276029505;bytes=1267784217-1267903691;bytes=630696498-630794134;bytes=1291209639-1292101113;bytes=1234447122-1234621463;bytes=507935483-508117603;bytes=1201267340-1201365104;bytes=506882624-507783747;bytes=1297648871-1298546223;bytes=1917145185-1917262281;bytes=1399421179-1399618278;bytes=639889897-640769492;bytes=1475031752-1475921471;bytes=1177110087-1178006848;bytes=626678677-626782311;bytes=297803307-298711102;bytes=830943653-831033454;bytes=839203006-839374748;bytes=1640048703-1640950567;bytes=558993545-559923493;bytes=1230130554-1230313674;bytes=88844908-88943720;bytes=1259870837-1260745814,9223e588;973d4646;9c8e0912;33ff27f8;4704dbad;21de4f2c;be0cc767;eee5ecf7;2bed43c3;2b86e0c6;66e99029;1123e6c6;32f51631;3a22b023;1bc8d8e8;05770ba7;fc6cd260;f3997144;e485b0da;3d0660d0;e4b36730;723260fe;c0013dc3;1c6b68c5;0bc3ec57;c9b4c60b;b6f563b3;5d3252db;c79bf3d6;989ecaa0;1792aeea;a0c79661;1b3258ad;1ac3df1f;cfd3c308;f74f98aa;11c6fb4c;3d8cc382;d48c4abb;03459de9;c0586845;8ca1c860;99917223;af2c5a53;bc40e052;38b135b6;7d9a90fa;2bed231f;c4829a24;2be925ec;9a02b131;663cc78e;d1878764;47621ec1;90e4de4d;a2875ebf;3559172f;000378a0;9496c4d2;e2621483;15c60f7a;0659d426;1ede0929;86967338;c9c62b96;4ff868a7;c44d38cd;acc69fa4;d62d34af;ab350d29;69ccc7e8;86080b03;394ac3d5;6cb94c8f
15,4,360,success,None,23/Jul/2026:13:19:05.677759,23/Jul/2026:13:19:10.700644,5.0229,46,23/Jul/2026:13:18:46.329540;23/Jul/2026:13:18:46.329577;23/Jul/2026:13:18:46.331700;23/Jul/2026:13:19:04.627792;23/Jul/2026:13:18:54.859935;23/Jul/2026:13:18:06.289972;23/Jul/2026:13:18:46.335979;23/Jul/2026:13:18:06.289918;23/Jul/2026:13:19:02.469862;23/Jul/2026:13:17:40.873932;23/Jul/2026:13:18:38.446651;23/Jul/2026:13:18:56.357824;23/Jul/2026:13:18:56.950276;23/Jul/2026:13:19:03.266472;23/Jul/2026:13:19:03.265592;23/Jul/2026:13:18:55.929028;23/Jul/2026:13:19:03.582085;23/Jul/2026:13:19:02.884375;23/Jul/2026:13:18:46.340902;23/Jul/2026:13:19:02.469335;23/Jul/2026:13:18:46.340870;23/Jul/2026:13:19:03.582876;23/Jul/2026:13:18:42.548346;23/Jul/2026:13:19:04.627414;23/Jul/2026:13:18:56.264840;23/Jul/2026:13:19:05.678206;23/Jul/2026:13:19:00.688897;23/Jul/2026:13:18:55.928564;23/Jul/2026:13:18:46.331788;23/Jul/2026:13:18:57.886582;23/Jul/2026:13:18:57.887155;23/Jul/2026:13:19:07.523973;23/Jul/2026:13:18:54.860149;23/Jul/2026:13:19:02.883675;23/Jul/2026:13:18:46.326359;23/Jul/2026:13:19:03.265003;23/Jul/2026:13:19:03.880024;23/Jul/2026:13:18:46.330948;23/Jul/2026:13:19:03.265192;23/Jul/2026:13:19:06.488958;23/Jul/2026:13:18:56.265592;23/Jul/2026:13:19:06.338845;23/Jul/2026:13:19:00.545719;23/Jul/2026:13:17:57.530390;23/Jul/2026:13:18:46.340840;23/Jul/2026:13:19:06.363206,19.3837;19.3852;19.4111;1.1262;10.9564;59.5799;19.5604;59.7296;3.5929;85.2414;27.8500;9.9535;9.5056;3.1933;3.3953;10.7799;3.3301;4.0329;20.7639;4.6646;20.7942;3.7857;24.9736;2.9264;11.3791;2.0772;7.2320;12.3420;21.9794;10.4659;10.6339;1.0498;13.9137;5.9653;22.5562;5.8349;5.5276;23.3152;6.4230;3.2994;13.7660;3.7822;9.6950;72.8938;24.1600;4.3024,bytes=172888001-173795644;bytes=173982062-174165865;bytes=258854695-258943323;bytes=1407677456-1407794838;bytes=557197596-558093135;bytes=1728806131-1729710489;bytes=442256569-442413724;bytes=1727917933-1728806130;bytes=1201780894-1202675134;bytes=352948512-353842502;bytes=1615315641-1615455772;bytes=732795988-732885009;bytes=760426076-761335614;bytes=1275921608-1276029505;bytes=1267784217-1267903691;bytes=630696498-630794134;bytes=1291209639-1292101113;bytes=1234447122-1234621463;bytes=507935483-508117603;bytes=1201267340-1201365104;bytes=506882624-507783747;bytes=1297648871-1298546223;bytes=1917145185-1917262281;bytes=1399421179-1399618278;bytes=639889897-640769492;bytes=1475031752-1475921471;bytes=1177110087-1178006848;bytes=626678677-626782311;bytes=297803307-298711102;bytes=830943653-831033454;bytes=839203006-839374748;bytes=1640048703-1640950567;bytes=558993545-559923493;bytes=1230130554-1230313674;bytes=88844908-88943720;bytes=1259870837-1260745814;bytes=1337628031-1337726230;bytes=246877762-246978778;bytes=1261622241-1262551367;bytes=1615455773-1616366611;bytes=645772700-646673138;bytes=1556800516-1556909515;bytes=1155966324-1156067607;bytes=1341610185-1341704466;bytes=505962233-506882623;bytes=1586138811-1587034413,d48c4abb;03459de9;c0586845;8ca1c860;99917223;af2c5a53;bc40e052;38b135b6;7d9a90fa;2bed231f;c4829a24;2be925ec;9a02b131;663cc78e;d1878764;47621ec1;90e4de4d;a2875ebf;3559172f;000378a0;9496c4d2;e2621483;15c60f7a;0659d426;1ede0929;86967338;c9c62b96;4ff868a7;c44d38cd;acc69fa4;d62d34af;ab350d29;69ccc7e8;86080b03;394ac3d5;6cb94c8f;8b3dd15a;431332fd;f8870a50;40e5fc21;21a4d10a;0ee9d953;2d3930b3;1b7854ac;ac8863b5;ac09427d
15,4,340,success,None,23/Jul/2026:13:19:04.626114,23/Jul/2026:13:19:11.052965,6.4268,52,23/Jul/2026:13:18:55.131370;23/Jul/2026:13:18:28.006309;23/Jul/2026:13:18:46.336175;23/Jul/2026:13:18:46.329540;23/Jul/2026:13:18:46.329577;23/Jul/2026:13:18:46.331700;23/Jul/2026:13:19:04.627792;23/Jul/2026:13:18:54.859935;23/Jul/2026:13:18:06.289972;23/Jul/2026:13:18:46.335979;23/Jul/2026:13:18:06.289918;23/Jul/2026:13:19:02.469862;23/Jul/2026:13:17:40.873932;23/Jul/2026:13:18:38.446651;23/Jul/2026:13:18:56.357824;23/Jul/2026:13:18:56.950276;23/Jul/2026:13:19:03.266472;23/Jul/2026:13:19:03.265592;23/Jul/2026:13:18:55.929028;23/Jul/2026:13:19:03.582085;23/Jul/2026:13:19:02.884375;23/Jul/2026:13:18:46.340902;23/Jul/2026:13:19:02.469335;23/Jul/2026:13:18:46.340870;23/Jul/2026:13:19:03.582876;23/Jul/2026:13:18:42.548346;23/Jul/2026:13:19:04.627414;23/Jul/2026:13:18:56.264840;23/Jul/2026:13:19:05.678206;23/Jul/2026:13:19:00.688897;23/Jul/2026:13:18:55.928564;23/Jul/2026:13:18:46.331788;23/Jul/2026:13:18:57.886582;23/Jul/2026:13:18:57.887155;23/Jul/2026:13:19:07.523973;23/Jul/2026:13:18:54.860149;23/Jul/2026:13:19:02.883675;23/Jul/2026:13:18:46.326359;23/Jul/2026:13:19:03.265003;23/Jul/2026:13:19:03.880024;23/Jul/2026:13:18:46.330948;23/Jul/2026:13:19:03.265192;23/Jul/2026:13:19:06.488958;23/Jul/2026:13:18:56.265592;23/Jul/2026:13:19:06.338845;23/Jul/2026:13:19:00.545719;23/Jul/2026:13:17:57.530390;23/Jul/2026:13:18:46.340840;23/Jul/2026:13:19:06.363206;23/Jul/2026:13:19:10.702141;23/Jul/2026:13:18:57.885470;23/Jul/2026:13:18:46.335097,10.0290;37.4968;19.2770;19.3837;19.3852;19.4111;1.1262;10.9564;59.5799;19.5604;59.7296;3.5929;85.2414;27.8500;9.9535;9.5056;3.1933;3.3953;10.7799;3.3301;4.0329;20.7639;4.6646;20.7942;3.7857;24.9736;2.9264;11.3791;2.0772;7.2320;12.3420;21.9794;10.4659;10.6339;1.0498;13.9137;5.9653;22.5562;5.8349;5.5276;23.3152;6.4230;3.2994;13.7660;3.7822;9.6950;72.8938;24.1600;4.3024;0.0660;13.0241;24.6355,bytes=586062658-586953352;bytes=974038489-974934996;bytes=463097129-463302668;bytes=172888001-173795644;bytes=173982062-174165865;bytes=258854695-258943323;bytes=1407677456-1407794838;bytes=557197596-558093135;bytes=1728806131-1729710489;bytes=442256569-442413724;bytes=1727917933-1728806130;bytes=1201780894-1202675134;bytes=352948512-353842502;bytes=1615315641-1615455772;bytes=732795988-732885009;bytes=760426076-761335614;bytes=1275921608-1276029505;bytes=1267784217-1267903691;bytes=630696498-630794134;bytes=1291209639-1292101113;bytes=1234447122-1234621463;bytes=507935483-508117603;bytes=1201267340-1201365104;bytes=506882624-507783747;bytes=1297648871-1298546223;bytes=1917145185-1917262281;bytes=1399421179-1399618278;bytes=639889897-640769492;bytes=1475031752-1475921471;bytes=1177110087-1178006848;bytes=626678677-626782311;bytes=297803307-298711102;bytes=830943653-831033454;bytes=839203006-839374748;bytes=1640048703-1640950567;bytes=558993545-559923493;bytes=1230130554-1230313674;bytes=88844908-88943720;bytes=1259870837-1260745814;bytes=1337628031-1337726230;bytes=246877762-246978778;bytes=1261622241-1262551367;bytes=1615455773-1616366611;bytes=645772700-646673138;bytes=1556800516-1556909515;bytes=1155966324-1156067607;bytes=1341610185-1341704466;bytes=505962233-506882623;bytes=1586138811-1587034413;bytes=1764084383-1764201584;bytes=779274127-780157420;bytes=417916781-418097564,f74f98aa;11c6fb4c;3d8cc382;d48c4abb;03459de9;c0586845;8ca1c860;99917223;af2c5a53;bc40e052;38b135b6;7d9a90fa;2bed231f;c4829a24;2be925ec;9a02b131;663cc78e;d1878764;47621ec1;90e4de4d;a2875ebf;3559172f;000378a0;9496c4d2;e2621483;15c60f7a;0659d426;1ede0929;86967338;c9c62b96;4ff868a7;c44d38cd;acc69fa4;d62d34af;ab350d29;69ccc7e8;86080b03;394ac3d5;6cb94c8f;8b3dd15a;431332fd;f8870a50;40e5fc21;21a4d10a;0ee9d953;2d3930b3;1b7854ac;ac8863b5;ac09427d;e9ba07f0;55db0855;6e30d558
15,4,315,success,None,23/Jul/2026:13:19:03.581497,23/Jul/2026:13:19:11.161333,7.5798,67,23/Jul/2026:13:18:57.886806;23/Jul/2026:13:19:03.266314;23/Jul/2026:13:18:46.340564;23/Jul/2026:13:18:57.886631;23/Jul/2026:13:18:46.340594;23/Jul/2026:13:18:55.927899;23/Jul/2026:13:19:03.266417;23/Jul/2026:13:18:46.329773;23/Jul/2026:13:18:41.304460;23/Jul/2026:13:19:02.470151;23/Jul/2026:13:19:03.583187;23/Jul/2026:13:19:03.582318;23/Jul/2026:13:18:55.131370;23/Jul/2026:13:18:28.006309;23/Jul/2026:13:18:46.336175;23/Jul/2026:13:18:46.329540;23/Jul/2026:13:18:46.329577;23/Jul/2026:13:18:46.331700;23/Jul/2026:13:19:04.627792;23/Jul/2026:13:18:54.859935;23/Jul/2026:13:18:06.289972;23/Jul/2026:13:18:46.335979;23/Jul/2026:13:18:06.289918;23/Jul/2026:13:19:02.469862;23/Jul/2026:13:17:40.873932;23/Jul/2026:13:18:38.446651;23/Jul/2026:13:18:56.357824;23/Jul/2026:13:18:56.950276;23/Jul/2026:13:19:03.266472;23/Jul/2026:13:19:03.265592;23/Jul/2026:13:18:55.929028;23/Jul/2026:13:19:03.582085;23/Jul/2026:13:19:02.884375;23/Jul/2026:13:18:46.340902;23/Jul/2026:13:19:02.469335;23/Jul/2026:13:18:46.340870;23/Jul/2026:13:19:03.582876;23/Jul/2026:13:18:42.548346;23/Jul/2026:13:19:04.627414;23/Jul/2026:13:18:56.264840;23/Jul/2026:13:19:05.678206;23/Jul/2026:13:19:00.688897;23/Jul/2026:13:18:55.928564;23/Jul/2026:13:18:46.331788;23/Jul/2026:13:18:57.886582;23/Jul/2026:13:18:57.887155;23/Jul/2026:13:19:07.523973;23/Jul/2026:13:18:54.860149;23/Jul/2026:13:19:02.883675;23/Jul/2026:13:18:46.326359;23/Jul/2026:13:19:03.265003;23/Jul/2026:13:19:03.880024;23/Jul/2026:13:18:46.330948;23/Jul/2026:13:19:03.265192;23/Jul/2026:13:19:06.488958;23/Jul/2026:13:18:56.265592;23/Jul/2026:13:19:06.338845;23/Jul/2026:13:19:00.545719;23/Jul/2026:13:17:57.530390;23/Jul/2026:13:18:46.340840;23/Jul/2026:13:19:06.363206;23/Jul/2026:13:19:10.702141;23/Jul/2026:13:18:57.885470;23/Jul/2026:13:18:46.335097;23/Jul/2026:13:18:46.340007;23/Jul/2026:13:18:46.340935;23/Jul/2026:13:19:05.515922,5.7675;0.3903;17.3201;5.7743;17.3220;7.8137;0.4753;17.4258;22.4905;1.5901;0.7964;0.8819;10.0290;37.4968;19.2770;19.3837;19.3852;19.4111;1.1262;10.9564;59.5799;19.5604;59.7296;3.5929;85.2414;27.8500;9.9535;9.5056;3.1933;3.3953;10.7799;3.3301;4.0329;20.7639;4.6646;20.7942;3.7857;24.9736;2.9264;11.3791;2.0772;7.2320;12.3420;21.9794;10.4659;10.6339;1.0498;13.9137;5.9653;22.5562;5.8349;5.5276;23.3152;6.4230;3.2994;13.7660;3.7822;9.6950;72.8938;24.1600;4.3024;0.0660;13.0241;24.6355;24.8011;24.8002;5.6261,bytes=831132034-831223478;bytes=1272025344-1272114330;bytes=502851698-503752197;bytes=831033455-831132033;bytes=503966785-504062200;bytes=617393175-618305844;bytes=1275821518-1275921607;bytes=176137584-177054364;bytes=1723838486-1724725622;bytes=1205806361-1206032085;bytes=1304747441-1304851647;bytes=1296274307-1296365531;bytes=586062658-586953352;bytes=974038489-974934996;bytes=463097129-463302668;bytes=172888001-173795644;bytes=173982062-174165865;bytes=258854695-258943323;bytes=1407677456-1407794838;bytes=557197596-558093135;bytes=1728806131-1729710489;bytes=442256569-442413724;bytes=1727917933-1728806130;bytes=1201780894-1202675134;bytes=352948512-353842502;bytes=1615315641-1615455772;bytes=732795988-732885009;bytes=760426076-761335614;bytes=1275921608-1276029505;bytes=1267784217-1267903691;bytes=630696498-630794134;bytes=1291209639-1292101113;bytes=1234447122-1234621463;bytes=507935483-508117603;bytes=1201267340-1201365104;bytes=506882624-507783747;bytes=1297648871-1298546223;bytes=1917145185-1917262281;bytes=1399421179-1399618278;bytes=639889897-640769492;bytes=1475031752-1475921471;bytes=1177110087-1178006848;bytes=626678677-626782311;bytes=297803307-298711102;bytes=830943653-831033454;bytes=839203006-839374748;bytes=1640048703-1640950567;bytes=558993545-559923493;bytes=1230130554-1230313674;bytes=88844908-88943720;bytes=1259870837-1260745814;bytes=1337628031-1337726230;bytes=246877762-246978778;bytes=1261622241-1262551367;bytes=1615455773-1616366611;bytes=645772700-646673138;bytes=1556800516-1556909515;bytes=1155966324-1156067607;bytes=1341610185-1341704466;bytes=505962233-506882623;bytes=1586138811-1587034413;bytes=1764084383-1764201584;bytes=779274127-780157420;bytes=417916781-418097564;bytes=468397470-469287530;bytes=508117604-508298438;bytes=1432488050-1432607175,1c6b68c5;0bc3ec57;c9b4c60b;b6f563b3;5d3252db;c79bf3d6;989ecaa0;1792aeea;a0c79661;1b3258ad;1ac3df1f;cfd3c308;f74f98aa;11c6fb4c;3d8cc382;d48c4abb;03459de9;c0586845;8ca1c860;99917223;af2c5a53;bc40e052;38b135b6;7d9a90fa;2bed231f;c4829a24;2be925ec;9a02b131;663cc78e;d1878764;47621ec1;90e4de4d;a2875ebf;3559172f;000378a0;9496c4d2;e2621483;15c60f7a;0659d426;1ede0929;86967338;c9c62b96;4ff868a7;c44d38cd;acc69fa4;d62d34af;ab350d29;69ccc7e8;86080b03;394ac3d5;6cb94c8f;8b3dd15a;431332fd;f8870a50;40e5fc21;21a4d10a;0ee9d953;2d3930b3;1b7854ac;ac8863b5;ac09427d;e9ba07f0;55db0855;6e30d558;de2020bc;58313c9e;1c149011
15,4,286,success,None,23/Jul/2026:13:19:00.687941,23/Jul/2026:13:19:12.134686,11.4467,96,23/Jul/2026:13:18:46.328214;23/Jul/2026:13:18:46.329101;23/Jul/2026:13:19:00.546103;23/Jul/2026:13:18:54.860799;23/Jul/2026:13:18:56.357312;23/Jul/2026:13:18:46.327457;23/Jul/2026:13:18:56.950730;23/Jul/2026:13:18:46.329867;23/Jul/2026:13:18:55.927751;23/Jul/2026:13:18:46.335781;23/Jul/2026:13:18:46.334343;23/Jul/2026:13:18:46.326721;23/Jul/2026:13:18:46.332950;23/Jul/2026:13:18:46.333381;23/Jul/2026:13:19:02.884861;23/Jul/2026:13:18:03.819193;23/Jul/2026:13:18:56.949536;23/Jul/2026:13:18:02.713287;23/Jul/2026:13:18:46.323799;23/Jul/2026:13:19:02.469276;23/Jul/2026:13:18:57.886806;23/Jul/2026:13:19:03.266314;23/Jul/2026:13:18:46.340564;23/Jul/2026:13:18:57.886631;23/Jul/2026:13:18:46.340594;23/Jul/2026:13:18:55.927899;23/Jul/2026:13:19:03.266417;23/Jul/2026:13:18:46.329773;23/Jul/2026:13:18:41.304460;23/Jul/2026:13:19:02.470151;23/Jul/2026:13:19:03.583187;23/Jul/2026:13:19:03.582318;23/Jul/2026:13:18:55.131370;23/Jul/2026:13:18:28.006309;23/Jul/2026:13:18:46.336175;23/Jul/2026:13:18:46.329540;23/Jul/2026:13:18:46.329577;23/Jul/2026:13:18:46.331700;23/Jul/2026:13:19:04.627792;23/Jul/2026:13:18:54.859935;23/Jul/2026:13:18:06.289972;23/Jul/2026:13:18:46.335979;23/Jul/2026:13:18:06.289918;23/Jul/2026:13:19:02.469862;23/Jul/2026:13:17:40.873932;23/Jul/2026:13:18:38.446651;23/Jul/2026:13:18:56.357824;23/Jul/2026:13:18:56.950276;23/Jul/2026:13:19:03.266472;23/Jul/2026:13:19:03.265592;23/Jul/2026:13:18:55.929028;23/Jul/2026:13:19:03.582085;23/Jul/2026:13:19:02.884375;23/Jul/2026:13:18:46.340902;23/Jul/2026:13:19:02.469335;23/Jul/2026:13:18:46.340870;23/Jul/2026:13:19:03.582876;23/Jul/2026:13:18:42.548346;23/Jul/2026:13:19:04.627414;23/Jul/2026:13:18:56.264840;23/Jul/2026:13:19:05.678206;23/Jul/2026:13:19:00.688897;23/Jul/2026:13:18:55.928564;23/Jul/2026:13:18:46.331788;23/Jul/2026:13:18:57.886582;23/Jul/2026:13:18:57.887155;23/Jul/2026:13:19:07.523973;23/Jul/2026:13:18:54.860149;23/Jul/2026:13:19:02.883675;23/Jul/2026:13:18:46.326359;23/Jul/2026:13:19:03.265003;23/Jul/2026:13:19:03.880024;23/Jul/2026:13:18:46.330948;23/Jul/2026:13:19:03.265192;23/Jul/2026:13:19:06.488958;23/Jul/2026:13:18:56.265592;23/Jul/2026:13:19:06.338845;23/Jul/2026:13:19:00.545719;23/Jul/2026:13:17:57.530390;23/Jul/2026:13:18:46.340840;23/Jul/2026:13:19:06.363206;23/Jul/2026:13:19:10.702141;23/Jul/2026:13:18:57.885470;23/Jul/2026:13:18:46.335097;23/Jul/2026:13:18:46.340007;23/Jul/2026:13:18:46.340935;23/Jul/2026:13:19:05.515922;23/Jul/2026:13:18:46.330468;23/Jul/2026:13:18:46.333446;23/Jul/2026:13:19:02.470037;23/Jul/2026:13:19:06.489122;23/Jul/2026:13:19:03.265315;23/Jul/2026:13:18:54.318240;23/Jul/2026:13:19:07.628011;23/Jul/2026:13:19:05.906451;23/Jul/2026:13:19:00.688524,14.7293;14.9110;0.8268;6.5986;5.2561;15.4468;5.6114;16.2794;6.7609;16.6210;16.6894;16.7039;16.6977;16.7079;0.4678;59.5696;6.4408;60.7484;17.1646;1.0214;5.7675;0.3903;17.3201;5.7743;17.3220;7.8137;0.4753;17.4258;22.4905;1.5901;0.7964;0.8819;10.0290;37.4968;19.2770;19.3837;19.3852;19.4111;1.1262;10.9564;59.5799;19.5604;59.7296;3.5929;85.2414;27.8500;9.9535;9.5056;3.1933;3.3953;10.7799;3.3301;4.0329;20.7639;4.6646;20.7942;3.7857;24.9736;2.9264;11.3791;2.0772;7.2320;12.3420;21.9794;10.4659;10.6339;1.0498;13.9137;5.9653;22.5562;5.8349;5.5276;23.3152;6.4230;3.2994;13.7660;3.7822;9.6950;72.8938;24.1600;4.3024;0.0660;13.0241;24.6355;24.8011;24.8002;5.6261;24.9392;25.0585;8.9326;5.0865;8.4313;17.4327;4.1399;5.9731;11.2817,bytes=132484980-133389993;bytes=167787606-168716463;bytes=1156366251-1156590784;bytes=562307027-563197505;bytes=722831133-723754923;bytes=121412194-122309905;bytes=769788690-769898910;bytes=178336997-178518486;bytes=615594075-616472952;bytes=438383845-438481284;bytes=395517720-396384850;bytes=92805846-92892538;bytes=352753015-352849587;bytes=387653071-388560400;bytes=1238592090-1238766274;bytes=1641852588-1642770736;bytes=753484099-754377061;bytes=1549671411-1550559657;bytes=40433977-40533620;bytes=1201170856-1201267339;bytes=831132034-831223478;bytes=1272025344-1272114330;bytes=502851698-503752197;bytes=831033455-831132033;bytes=503966785-504062200;bytes=617393175-618305844;bytes=1275821518-1275921607;bytes=176137584-177054364;bytes=1723838486-1724725622;bytes=1205806361-1206032085;bytes=1304747441-1304851647;bytes=1296274307-1296365531;bytes=586062658-586953352;bytes=974038489-974934996;bytes=463097129-463302668;bytes=172888001-173795644;bytes=173982062-174165865;bytes=258854695-258943323;bytes=1407677456-1407794838;bytes=557197596-558093135;bytes=1728806131-1729710489;bytes=442256569-442413724;bytes=1727917933-1728806130;bytes=1201780894-1202675134;bytes=352948512-353842502;bytes=1615315641-1615455772;bytes=732795988-732885009;bytes=760426076-761335614;bytes=1275921608-1276029505;bytes=1267784217-1267903691;bytes=630696498-630794134;bytes=1291209639-1292101113;bytes=1234447122-1234621463;bytes=507935483-508117603;bytes=1201267340-1201365104;bytes=506882624-507783747;bytes=1297648871-1298546223;bytes=1917145185-1917262281;bytes=1399421179-1399618278;bytes=639889897-640769492;bytes=1475031752-1475921471;bytes=1177110087-1178006848;bytes=626678677-626782311;bytes=297803307-298711102;bytes=830943653-831033454;bytes=839203006-839374748;bytes=1640048703-1640950567;bytes=558993545-559923493;bytes=1230130554-1230313674;bytes=88844908-88943720;bytes=1259870837-1260745814;bytes=1337628031-1337726230;bytes=246877762-246978778;bytes=1261622241-1262551367;bytes=1615455773-1616366611;bytes=645772700-646673138;bytes=1556800516-1556909515;bytes=1155966324-1156067607;bytes=1341610185-1341704466;bytes=505962233-506882623;bytes=1586138811-1587034413;bytes=1764084383-1764201584;bytes=779274127-780157420;bytes=417916781-418097564;bytes=468397470-469287530;bytes=508117604-508298438;bytes=1432488050-1432607175;bytes=218212016-218398594;bytes=389641701-389731350;bytes=1204492695-1205407774;bytes=1619379556-1619476434;bytes=1263699455-1263864704;bytes=528731143-528844494;bytes=1679271344-1680180476;bytes=1523713412-1523814585;bytes=1172978406-1173080026,33ff27f8;4704dbad;21de4f2c;be0cc767;eee5ecf7;2bed43c3;2b86e0c6;66e99029;1123e6c6;32f51631;3a22b023;1bc8d8e8;05770ba7;fc6cd260;f3997144;e485b0da;3d0660d0;e4b36730;723260fe;c0013dc3;1c6b68c5;0bc3ec57;c9b4c60b;b6f563b3;5d3252db;c79bf3d6;989ecaa0;1792aeea;a0c79661;1b3258ad;1ac3df1f;cfd3c308;f74f98aa;11c6fb4c;3d8cc382;d48c4abb;03459de9;c0586845;8ca1c860;99917223;af2c5a53;bc40e052;38b135b6;7d9a90fa;2bed231f;c4829a24;2be925ec;9a02b131;663cc78e;d1878764;47621ec1;90e4de4d;a2875ebf;3559172f;000378a0;9496c4d2;e2621483;15c60f7a;0659d426;1ede0929;86967338;c9c62b96;4ff868a7;c44d38cd;acc69fa4;d62d34af;ab350d29;69ccc7e8;86080b03;394ac3d5;6cb94c8f;8b3dd15a;431332fd;f8870a50;40e5fc21;21a4d10a;0ee9d953;2d3930b3;1b7854ac;ac8863b5;ac09427d;e9ba07f0;55db0855;6e30d558;de2020bc;58313c9e;1c149011;251a8485;4ffb62a2;b3f74ac1;26f1d38b;7551bee8;ae4f7265;e5e0c8d6;c563309e;8956efb5
15,4,393,success,None,23/Jul/2026:13:19:06.488225,23/Jul/2026:13:19:13.167922,6.6797,57,23/Jul/2026:13:19:03.265592;23/Jul/2026:13:18:55.929028;23/Jul/2026:13:19:03.582085;23/Jul/2026:13:19:02.884375;23/Jul/2026:13:18:46.340902;23/Jul/2026:13:19:02.469335;23/Jul/2026:13:18:46.340870;23/Jul/2026:13:19:03.582876;23/Jul/2026:13:18:42.548346;23/Jul/2026:13:19:04.627414;23/Jul/2026:13:18:56.264840;23/Jul/2026:13:19:05.678206;23/Jul/2026:13:19:00.688897;23/Jul/2026:13:18:55.928564;23/Jul/2026:13:18:46.331788;23/Jul/2026:13:18:57.886582;23/Jul/2026:13:18:57.887155;23/Jul/2026:13:19:07.523973;23/Jul/2026:13:18:54.860149;23/Jul/2026:13:19:02.883675;23/Jul/2026:13:18:46.326359;23/Jul/2026:13:19:03.265003;23/Jul/2026:13:19:03.880024;23/Jul/2026:13:18:46.330948;23/Jul/2026:13:19:03.265192;23/Jul/2026:13:19:06.488958;23/Jul/2026:13:18:56.265592;23/Jul/2026:13:19:06.338845;23/Jul/2026:13:19:00.545719;23/Jul/2026:13:17:57.530390;23/Jul/2026:13:18:46.340840;23/Jul/2026:13:19:06.363206;23/Jul/2026:13:19:10.702141;23/Jul/2026:13:18:57.885470;23/Jul/2026:13:18:46.335097;23/Jul/2026:13:18:46.340007;23/Jul/2026:13:18:46.340935;23/Jul/2026:13:19:05.515922;23/Jul/2026:13:18:46.330468;23/Jul/2026:13:18:46.333446;23/Jul/2026:13:19:02.470037;23/Jul/2026:13:19:06.489122;23/Jul/2026:13:19:03.265315;23/Jul/2026:13:18:54.318240;23/Jul/2026:13:19:07.628011;23/Jul/2026:13:19:05.906451;23/Jul/2026:13:19:00.688524;23/Jul/2026:13:19:06.338654;23/Jul/2026:13:19:05.514594;23/Jul/2026:13:18:55.928506;23/Jul/2026:13:19:00.545939;23/Jul/2026:13:18:46.330559;23/Jul/2026:13:19:02.469516;23/Jul/2026:13:19:10.701751;23/Jul/2026:13:18:46.330860;23/Jul/2026:13:19:07.627570;23/Jul/2026:13:18:46.322974,3.3953;10.7799;3.3301;4.0329;20.7639;4.6646;20.7942;3.7857;24.9736;2.9264;11.3791;2.0772;7.2320;12.3420;21.9794;10.4659;10.6339;1.0498;13.9137;5.9653;22.5562;5.8349;5.5276;23.3152;6.4230;3.2994;13.7660;3.7822;9.6950;72.8938;24.1600;4.3024;0.0660;13.0241;24.6355;24.8011;24.8002;5.6261;24.9392;25.0585;8.9326;5.0865;8.4313;17.4327;4.1399;5.9731;11.2817;5.8349;6.7271;16.6404;12.1307;26.3465;10.3215;2.0907;26.4844;5.1987;26.6909,bytes=1267784217-1267903691;bytes=630696498-630794134;bytes=1291209639-1292101113;bytes=1234447122-1234621463;bytes=507935483-508117603;bytes=1201267340-1201365104;bytes=506882624-507783747;bytes=1297648871-1298546223;bytes=1917145185-1917262281;bytes=1399421179-1399618278;bytes=639889897-640769492;bytes=1475031752-1475921471;bytes=1177110087-1178006848;bytes=626678677-626782311;bytes=297803307-298711102;bytes=830943653-831033454;bytes=839203006-839374748;bytes=1640048703-1640950567;bytes=558993545-559923493;bytes=1230130554-1230313674;bytes=88844908-88943720;bytes=1259870837-1260745814;bytes=1337628031-1337726230;bytes=246877762-246978778;bytes=1261622241-1262551367;bytes=1615455773-1616366611;bytes=645772700-646673138;bytes=1556800516-1556909515;bytes=1155966324-1156067607;bytes=1341610185-1341704466;bytes=505962233-506882623;bytes=1586138811-1587034413;bytes=1764084383-1764201584;bytes=779274127-780157420;bytes=417916781-418097564;bytes=468397470-469287530;bytes=508117604-508298438;bytes=1432488050-1432607175;bytes=218212016-218398594;bytes=389641701-389731350;bytes=1204492695-1205407774;bytes=1619379556-1619476434;bytes=1263699455-1263864704;bytes=528731143-528844494;bytes=1679271344-1680180476;bytes=1523713412-1523814585;bytes=1172978406-1173080026;bytes=1550559658-1551484085;bytes=1417461571-1418339385;bytes=622878903-623075491;bytes=1154122776-1155051557;bytes=222339355-222425936;bytes=1199326598-1200262517;bytes=1755744286-1755946976;bytes=243950235-244835070;bytes=1677140719-1677271129;bytes=31127959-32038767,d1878764;47621ec1;90e4de4d;a2875ebf;3559172f;000378a0;9496c4d2;e2621483;15c60f7a;0659d426;1ede0929;86967338;c9c62b96;4ff868a7;c44d38cd;acc69fa4;d62d34af;ab350d29;69ccc7e8;86080b03;394ac3d5;6cb94c8f;8b3dd15a;431332fd;f8870a50;40e5fc21;21a4d10a;0ee9d953;2d3930b3;1b7854ac;ac8863b5;ac09427d;e9ba07f0;55db0855;6e30d558;de2020bc;58313c9e;1c149011;251a8485;4ffb62a2;b3f74ac1;26f1d38b;7551bee8;ae4f7265;e5e0c8d6;c563309e;8956efb5;d48a2bb4;dda318b2;1d80bd6b;eeb7d5b2;4a8cf856;b9c91ed0;a5af813b;94c44379;60250ff7;7fdb48b3
15,4,299,success,None,23/Jul/2026:13:19:02.882889,23/Jul/2026:13:19:14.347165,11.4643,98,23/Jul/2026:13:18:46.335781;23/Jul/2026:13:18:46.334343;23/Jul/2026:13:18:46.326721;23/Jul/2026:13:18:46.332950;23/Jul/2026:13:18:46.333381;23/Jul/2026:13:19:02.884861;23/Jul/2026:13:18:03.819193;23/Jul/2026:13:18:56.949536;23/Jul/2026:13:18:02.713287;23/Jul/2026:13:18:46.323799;23/Jul/2026:13:19:02.469276;23/Jul/2026:13:18:57.886806;23/Jul/2026:13:19:03.266314;23/Jul/2026:13:18:46.340564;23/Jul/2026:13:18:57.886631;23/Jul/2026:13:18:46.340594;23/Jul/2026:13:18:55.927899;23/Jul/2026:13:19:03.266417;23/Jul/2026:13:18:46.329773;23/Jul/2026:13:18:41.304460;23/Jul/2026:13:19:02.470151;23/Jul/2026:13:19:03.583187;23/Jul/2026:13:19:03.582318;23/Jul/2026:13:18:55.131370;23/Jul/2026:13:18:28.006309;23/Jul/2026:13:18:46.336175;23/Jul/2026:13:18:46.329540;23/Jul/2026:13:18:46.329577;23/Jul/2026:13:18:46.331700;23/Jul/2026:13:19:04.627792;23/Jul/2026:13:18:54.859935;23/Jul/2026:13:18:06.289972;23/Jul/2026:13:18:46.335979;23/Jul/2026:13:18:06.289918;23/Jul/2026:13:19:02.469862;23/Jul/2026:13:17:40.873932;23/Jul/2026:13:18:38.446651;23/Jul/2026:13:18:56.357824;23/Jul/2026:13:18:56.950276;23/Jul/2026:13:19:03.266472;23/Jul/2026:13:19:03.265592;23/Jul/2026:13:18:55.929028;23/Jul/2026:13:19:03.582085;23/Jul/2026:13:19:02.884375;23/Jul/2026:13:18:46.340902;23/Jul/2026:13:19:02.469335;23/Jul/2026:13:18:46.340870;23/Jul/2026:13:19:03.582876;23/Jul/2026:13:18:42.548346;23/Jul/2026:13:19:04.627414;23/Jul/2026:13:18:56.264840;23/Jul/2026:13:19:05.678206;23/Jul/2026:13:19:00.688897;23/Jul/2026:13:18:55.928564;23/Jul/2026:13:18:46.331788;23/Jul/2026:13:18:57.886582;23/Jul/2026:13:18:57.887155;23/Jul/2026:13:19:07.523973;23/Jul/2026:13:18:54.860149;23/Jul/2026:13:19:02.883675;23/Jul/2026:13:18:46.326359;23/Jul/2026:13:19:03.265003;23/Jul/2026:13:19:03.880024;23/Jul/2026:13:18:46.330948;23/Jul/2026:13:19:03.265192;23/Jul/2026:13:19:06.488958;23/Jul/2026:13:18:56.265592;23/Jul/2026:13:19:06.338845;23/Jul/2026:13:19:00.545719;23/Jul/2026:13:17:57.530390;23/Jul/2026:13:18:46.340840;23/Jul/2026:13:19:06.363206;23/Jul/2026:13:19:10.702141;23/Jul/2026:13:18:57.885470;23/Jul/2026:13:18:46.335097;23/Jul/2026:13:18:46.340007;23/Jul/2026:13:18:46.340935;23/Jul/2026:13:19:05.515922;23/Jul/2026:13:18:46.330468;23/Jul/2026:13:18:46.333446;23/Jul/2026:13:19:02.470037;23/Jul/2026:13:19:06.489122;23/Jul/2026:13:19:03.265315;23/Jul/2026:13:18:54.318240;23/Jul/2026:13:19:07.628011;23/Jul/2026:13:19:05.906451;23/Jul/2026:13:19:00.688524;23/Jul/2026:13:19:06.338654;23/Jul/2026:13:19:05.514594;23/Jul/2026:13:18:55.928506;23/Jul/2026:13:19:00.545939;23/Jul/2026:13:18:46.330559;23/Jul/2026:13:19:02.469516;23/Jul/2026:13:19:10.701751;23/Jul/2026:13:18:46.330860;23/Jul/2026:13:19:07.627570;23/Jul/2026:13:18:46.322974;23/Jul/2026:13:18:00.648096,16.6210;16.6894;16.7039;16.6977;16.7079;0.4678;59.5696;6.4408;60.7484;17.1646;1.0214;5.7675;0.3903;17.3201;5.7743;17.3220;7.8137;0.4753;17.4258;22.4905;1.5901;0.7964;0.8819;10.0290;37.4968;19.2770;19.3837;19.3852;19.4111;1.1262;10.9564;59.5799;19.5604;59.7296;3.5929;85.2414;27.8500;9.9535;9.5056;3.1933;3.3953;10.7799;3.3301;4.0329;20.7639;4.6646;20.7942;3.7857;24.9736;2.9264;11.3791;2.0772;7.2320;12.3420;21.9794;10.4659;10.6339;1.0498;13.9137;5.9653;22.5562;5.8349;5.5276;23.3152;6.4230;3.2994;13.7660;3.7822;9.6950;72.8938;24.1600;4.3024;0.0660;13.0241;24.6355;24.8011;24.8002;5.6261;24.9392;25.0585;8.9326;5.0865;8.4313;17.4327;4.1399;5.9731;11.2817;5.8349;6.7271;16.6404;12.1307;26.3465;10.3215;2.0907;26.4844;5.1987;26.6909;73.0400,bytes=438383845-438481284;bytes=395517720-396384850;bytes=92805846-92892538;bytes=352753015-352849587;bytes=387653071-388560400;bytes=1238592090-1238766274;bytes=1641852588-1642770736;bytes=753484099-754377061;bytes=1549671411-1550559657;bytes=40433977-40533620;bytes=1201170856-1201267339;bytes=831132034-831223478;bytes=1272025344-1272114330;bytes=502851698-503752197;bytes=831033455-831132033;bytes=503966785-504062200;bytes=617393175-618305844;bytes=1275821518-1275921607;bytes=176137584-177054364;bytes=1723838486-1724725622;bytes=1205806361-1206032085;bytes=1304747441-1304851647;bytes=1296274307-1296365531;bytes=586062658-586953352;bytes=974038489-974934996;bytes=463097129-463302668;bytes=172888001-173795644;bytes=173982062-174165865;bytes=258854695-258943323;bytes=1407677456-1407794838;bytes=557197596-558093135;bytes=1728806131-1729710489;bytes=442256569-442413724;bytes=1727917933-1728806130;bytes=1201780894-1202675134;bytes=352948512-353842502;bytes=1615315641-1615455772;bytes=732795988-732885009;bytes=760426076-761335614;bytes=1275921608-1276029505;bytes=1267784217-1267903691;bytes=630696498-630794134;bytes=1291209639-1292101113;bytes=1234447122-1234621463;bytes=507935483-508117603;bytes=1201267340-1201365104;bytes=506882624-507783747;bytes=1297648871-1298546223;bytes=1917145185-1917262281;bytes=1399421179-1399618278;bytes=639889897-640769492;bytes=1475031752-1475921471;bytes=1177110087-1178006848;bytes=626678677-626782311;bytes=297803307-298711102;bytes=830943653-831033454;bytes=839203006-839374748;bytes=1640048703-1640950567;bytes=558993545-559923493;bytes=1230130554-1230313674;bytes=88844908-88943720;bytes=1259870837-1260745814;bytes=1337628031-1337726230;bytes=246877762-246978778;bytes=1261622241-1262551367;bytes=1615455773-1616366611;bytes=645772700-646673138;bytes=1556800516-1556909515;bytes=1155966324-1156067607;bytes=1341610185-1341704466;bytes=505962233-506882623;bytes=1586138811-1587034413;bytes=1764084383-1764201584;bytes=779274127-780157420;bytes=417916781-418097564;bytes=468397470-469287530;bytes=508117604-508298438;bytes=1432488050-1432607175;bytes=218212016-218398594;bytes=389641701-389731350;bytes=1204492695-1205407774;bytes=1619379556-1619476434;bytes=1263699455-1263864704;bytes=528731143-528844494;bytes=1679271344-1680180476;bytes=1523713412-1523814585;bytes=1172978406-1173080026;bytes=1550559658-1551484085;bytes=1417461571-1418339385;bytes=622878903-623075491;bytes=1154122776-1155051557;bytes=222339355-222425936;bytes=1199326598-1200262517;bytes=1755744286-1755946976;bytes=243950235-244835070;bytes=1677140719-1677271129;bytes=31127959-32038767;bytes=1480057986-1480957527,32f51631;3a22b023;1bc8d8e8;05770ba7;fc6cd260;f3997144;e485b0da;3d0660d0;e4b36730;723260fe;c0013dc3;1c6b68c5;0bc3ec57;c9b4c60b;b6f563b3;5d3252db;c79bf3d6;989ecaa0;1792aeea;a0c79661;1b3258ad;1ac3df1f;cfd3c308;f74f98aa;11c6fb4c;3d8cc382;d48c4abb;03459de9;c0586845;8ca1c860;99917223;af2c5a53;bc40e052;38b135b6;7d9a90fa;2bed231f;c4829a24;2be925ec;9a02b131;663cc78e;d1878764;47621ec1;90e4de4d;a2875ebf;3559172f;000378a0;9496c4d2;e2621483;15c60f7a;0659d426;1ede0929;86967338;c9c62b96;4ff868a7;c44d38cd;acc69fa4;d62d34af;ab350d29;69ccc7e8;86080b03;394ac3d5;6cb94c8f;8b3dd15a;431332fd;f8870a50;40e5fc21;21a4d10a;0ee9d953;2d3930b3;1b7854ac;ac8863b5;ac09427d;e9ba07f0;55db0855;6e30d558;de2020bc;58313c9e;1c149011;251a8485;4ffb62a2;b3f74ac1;26f1d38b;7551bee8;ae4f7265;e5e0c8d6;c563309e;8956efb5;d48a2bb4;dda318b2;1d80bd6b;eeb7d5b2;4a8cf856;b9c91ed0;a5af813b;94c44379;60250ff7;7fdb48b3;c992b520
15,4,376,success,None,23/Jul/2026:13:19:06.337399,23/Jul/2026:13:19:14.426027,8.0886,60,23/Jul/2026:13:18:56.950276;23/Jul/2026:13:19:03.266472;23/Jul/2026:13:19:03.265592;23/Jul/2026:13:18:55.929028;23/Jul/2026:13:19:03.582085;23/Jul/2026:13:19:02.884375;23/Jul/2026:13:18:46.340902;23/Jul/2026:13:19:02.469335;23/Jul/2026:13:18:46.340870;23/Jul/2026:13:19:03.582876;23/Jul/2026:13:18:42.548346;23/Jul/2026:13:19:04.627414;23/Jul/2026:13:18:56.264840;23/Jul/2026:13:19:05.678206;23/Jul/2026:13:19:00.688897;23/Jul/2026:13:18:55.928564;23/Jul/2026:13:18:46.331788;23/Jul/2026:13:18:57.886582;23/Jul/2026:13:18:57.887155;23/Jul/2026:13:19:07.523973;23/Jul/2026:13:18:54.860149;23/Jul/2026:13:19:02.883675;23/Jul/2026:13:18:46.326359;23/Jul/2026:13:19:03.265003;23/Jul/2026:13:19:03.880024;23/Jul/2026:13:18:46.330948;23/Jul/2026:13:19:03.265192;23/Jul/2026:13:19:06.488958;23/Jul/2026:13:18:56.265592;23/Jul/2026:13:19:06.338845;23/Jul/2026:13:19:00.545719;23/Jul/2026:13:17:57.530390;23/Jul/2026:13:18:46.340840;23/Jul/2026:13:19:06.363206;23/Jul/2026:13:19:10.702141;23/Jul/2026:13:18:57.885470;23/Jul/2026:13:18:46.335097;23/Jul/2026:13:18:46.340007;23/Jul/2026:13:18:46.340935;23/Jul/2026:13:19:05.515922;23/Jul/2026:13:18:46.330468;23/Jul/2026:13:18:46.333446;23/Jul/2026:13:19:02.470037;23/Jul/2026:13:19:06.489122;23/Jul/2026:13:19:03.265315;23/Jul/2026:13:18:54.318240;23/Jul/2026:13:19:07.628011;23/Jul/2026:13:19:05.906451;23/Jul/2026:13:19:00.688524;23/Jul/2026:13:19:06.338654;23/Jul/2026:13:19:05.514594;23/Jul/2026:13:18:55.928506;23/Jul/2026:13:19:00.545939;23/Jul/2026:13:18:46.330559;23/Jul/2026:13:19:02.469516;23/Jul/2026:13:19:10.701751;23/Jul/2026:13:18:46.330860;23/Jul/2026:13:19:07.627570;23/Jul/2026:13:18:46.322974;23/Jul/2026:13:18:00.648096,9.5056;3.1933;3.3953;10.7799;3.3301;4.0329;20.7639;4.6646;20.7942;3.7857;24.9736;2.9264;11.3791;2.0772;7.2320;12.3420;21.9794;10.4659;10.6339;1.0498;13.9137;5.9653;22.5562;5.8349;5.5276;23.3152;6.4230;3.2994;13.7660;3.7822;9.6950;72.8938;24.1600;4.3024;0.0660;13.0241;24.6355;24.8011;24.8002;5.6261;24.9392;25.0585;8.9326;5.0865;8.4313;17.4327;4.1399;5.9731;11.2817;5.8349;6.7271;16.6404;12.1307;26.3465;10.3215;2.0907;26.4844;5.1987;26.6909;73.0400,bytes=760426076-761335614;bytes=1275921608-1276029505;bytes=1267784217-1267903691;bytes=630696498-630794134;bytes=1291209639-1292101113;bytes=1234447122-1234621463;bytes=507935483-508117603;bytes=1201267340-1201365104;bytes=506882624-507783747;bytes=1297648871-1298546223;bytes=1917145185-1917262281;bytes=1399421179-1399618278;bytes=639889897-640769492;bytes=1475031752-1475921471;bytes=1177110087-1178006848;bytes=626678677-626782311;bytes=297803307-298711102;bytes=830943653-831033454;bytes=839203006-839374748;bytes=1640048703-1640950567;bytes=558993545-559923493;bytes=1230130554-1230313674;bytes=88844908-88943720;bytes=1259870837-1260745814;bytes=1337628031-1337726230;bytes=246877762-246978778;bytes=1261622241-1262551367;bytes=1615455773-1616366611;bytes=645772700-646673138;bytes=1556800516-1556909515;bytes=1155966324-1156067607;bytes=1341610185-1341704466;bytes=505962233-506882623;bytes=1586138811-1587034413;bytes=1764084383-1764201584;bytes=779274127-780157420;bytes=417916781-418097564;bytes=468397470-469287530;bytes=508117604-508298438;bytes=1432488050-1432607175;bytes=218212016-218398594;bytes=389641701-389731350;bytes=1204492695-1205407774;bytes=1619379556-1619476434;bytes=1263699455-1263864704;bytes=528731143-528844494;bytes=1679271344-1680180476;bytes=1523713412-1523814585;bytes=1172978406-1173080026;bytes=1550559658-1551484085;bytes=1417461571-1418339385;bytes=622878903-623075491;bytes=1154122776-1155051557;bytes=222339355-222425936;bytes=1199326598-1200262517;bytes=1755744286-1755946976;bytes=243950235-244835070;bytes=1677140719-1677271129;bytes=31127959-32038767;bytes=1480057986-1480957527,9a02b131;663cc78e;d1878764;47621ec1;90e4de4d;a2875ebf;3559172f;000378a0;9496c4d2;e2621483;15c60f7a;0659d426;1ede0929;86967338;c9c62b96;4ff868a7;c44d38cd;acc69fa4;d62d34af;ab350d29;69ccc7e8;86080b03;394ac3d5;6cb94c8f;8b3dd15a;431332fd;f8870a50;40e5fc21;21a4d10a;0ee9d953;2d3930b3;1b7854ac;ac8863b5;ac09427d;e9ba07f0;55db0855;6e30d558;de2020bc;58313c9e;1c149011;251a8485;4ffb62a2;b3f74ac1;26f1d38b;7551bee8;ae4f7265;e5e0c8d6;c563309e;8956efb5;d48a2bb4;dda318b2;1d80bd6b;eeb7d5b2;4a8cf856;b9c91ed0;a5af813b;94c44379;60250ff7;7fdb48b3;c992b520
15,4,346,success,None,23/Jul/2026:13:19:05.514134,23/Jul/2026:13:19:14.426350,8.9122,73,23/Jul/2026:13:18:46.336175;23/Jul/2026:13:18:46.329540;23/Jul/2026:13:18:46.329577;23/Jul/2026:13:18:46.331700;23/Jul/2026:13:19:04.627792;23/Jul/2026:13:18:54.859935;23/Jul/2026:13:18:06.289972;23/Jul/2026:13:18:46.335979;23/Jul/2026:13:18:06.289918;23/Jul/2026:13:19:02.469862;23/Jul/2026:13:17:40.873932;23/Jul/2026:13:18:38.446651;23/Jul/2026:13:18:56.357824;23/Jul/2026:13:18:56.950276;23/Jul/2026:13:19:03.266472;23/Jul/2026:13:19:03.265592;23/Jul/2026:13:18:55.929028;23/Jul/2026:13:19:03.582085;23/Jul/2026:13:19:02.884375;23/Jul/2026:13:18:46.340902;23/Jul/2026:13:19:02.469335;23/Jul/2026:13:18:46.340870;23/Jul/2026:13:19:03.582876;23/Jul/2026:13:18:42.548346;23/Jul/2026:13:19:04.627414;23/Jul/2026:13:18:56.264840;23/Jul/2026:13:19:05.678206;23/Jul/2026:13:19:00.688897;23/Jul/2026:13:18:55.928564;23/Jul/2026:13:18:46.331788;23/Jul/2026:13:18:57.886582;23/Jul/2026:13:18:57.887155;23/Jul/2026:13:19:07.523973;23/Jul/2026:13:18:54.860149;23/Jul/2026:13:19:02.883675;23/Jul/2026:13:18:46.326359;23/Jul/2026:13:19:03.265003;23/Jul/2026:13:19:03.880024;23/Jul/2026:13:18:46.330948;23/Jul/2026:13:19:03.265192;23/Jul/2026:13:19:06.488958;23/Jul/2026:13:18:56.265592;23/Jul/2026:13:19:06.338845;23/Jul/2026:13:19:00.545719;23/Jul/2026:13:17:57.530390;23/Jul/2026:13:18:46.340840;23/Jul/2026:13:19:06.363206;23/Jul/2026:13:19:10.702141;23/Jul/2026:13:18:57.885470;23/Jul/2026:13:18:46.335097;23/Jul/2026:13:18:46.340007;23/Jul/2026:13:18:46.340935;23/Jul/2026:13:19:05.515922;23/Jul/2026:13:18:46.330468;23/Jul/2026:13:18:46.333446;23/Jul/2026:13:19:02.470037;23/Jul/2026:13:19:06.489122;23/Jul/2026:13:19:03.265315;23/Jul/2026:13:18:54.318240;23/Jul/2026:13:19:07.628011;23/Jul/2026:13:19:05.906451;23/Jul/2026:13:19:00.688524;23/Jul/2026:13:19:06.338654;23/Jul/2026:13:19:05.514594;23/Jul/2026:13:18:55.928506;23/Jul/2026:13:19:00.545939;23/Jul/2026:13:18:46.330559;23/Jul/2026:13:19:02.469516;23/Jul/2026:13:19:10.701751;23/Jul/2026:13:18:46.330860;23/Jul/2026:13:19:07.627570;23/Jul/2026:13:18:46.322974;23/Jul/2026:13:18:00.648096,19.2770;19.3837;19.3852;19.4111;1.1262;10.9564;59.5799;19.5604;59.7296;3.5929;85.2414;27.8500;9.9535;9.5056;3.1933;3.3953;10.7799;3.3301;4.0329;20.7639;4.6646;20.7942;3.7857;24.9736;2.9264;11.3791;2.0772;7.2320;12.3420;21.9794;10.4659;10.6339;1.0498;13.9137;5.9653;22.5562;5.8349;5.5276;23.3152;6.4230;3.2994;13.7660;3.7822;9.6950;72.8938;24.1600;4.3024;0.0660;13.0241;24.6355;24.8011;24.8002;5.6261;24.9392;25.0585;8.9326;5.0865;8.4313;17.4327;4.1399;5.9731;11.2817;5.8349;6.7271;16.6404;12.1307;26.3465;10.3215;2.0907;26.4844;5.1987;26.6909;73.0400,bytes=463097129-463302668;bytes=172888001-173795644;bytes=173982062-174165865;bytes=258854695-258943323;bytes=1407677456-1407794838;bytes=557197596-558093135;bytes=1728806131-1729710489;bytes=442256569-442413724;bytes=1727917933-1728806130;bytes=1201780894-1202675134;bytes=352948512-353842502;bytes=1615315641-1615455772;bytes=732795988-732885009;bytes=760426076-761335614;bytes=1275921608-1276029505;bytes=1267784217-1267903691;bytes=630696498-630794134;bytes=1291209639-1292101113;bytes=1234447122-1234621463;bytes=507935483-508117603;bytes=1201267340-1201365104;bytes=506882624-507783747;bytes=1297648871-1298546223;bytes=1917145185-1917262281;bytes=1399421179-1399618278;bytes=639889897-640769492;bytes=1475031752-1475921471;bytes=1177110087-1178006848;bytes=626678677-626782311;bytes=297803307-298711102;bytes=830943653-831033454;bytes=839203006-839374748;bytes=1640048703-1640950567;bytes=558993545-559923493;bytes=1230130554-1230313674;bytes=88844908-88943720;bytes=1259870837-1260745814;bytes=1337628031-1337726230;bytes=246877762-246978778;bytes=1261622241-1262551367;bytes=1615455773-1616366611;bytes=645772700-646673138;bytes=1556800516-1556909515;bytes=1155966324-1156067607;bytes=1341610185-1341704466;bytes=505962233-506882623;bytes=1586138811-1587034413;bytes=1764084383-1764201584;bytes=779274127-780157420;bytes=417916781-418097564;bytes=468397470-469287530;bytes=508117604-508298438;bytes=1432488050-1432607175;bytes=218212016-218398594;bytes=389641701-389731350;bytes=1204492695-1205407774;bytes=1619379556-1619476434;bytes=1263699455-1263864704;bytes=528731143-528844494;bytes=1679271344-1680180476;bytes=1523713412-1523814585;bytes=1172978406-1173080026;bytes=1550559658-1551484085;bytes=1417461571-1418339385;bytes=622878903-623075491;bytes=1154122776-1155051557;bytes=222339355-222425936;bytes=1199326598-1200262517;bytes=1755744286-1755946976;bytes=243950235-244835070;bytes=1677140719-1677271129;bytes=31127959-32038767;bytes=1480057986-1480957527,3d8cc382;d48c4abb;03459de9;c0586845;8ca1c860;99917223;af2c5a53;bc40e052;38b135b6;7d9a90fa;2bed231f;c4829a24;2be925ec;9a02b131;663cc78e;d1878764;47621ec1;90e4de4d;a2875ebf;3559172f;000378a0;9496c4d2;e2621483;15c60f7a;0659d426;1ede0929;86967338;c9c62b96;4ff868a7;c44d38cd;acc69fa4;d62d34af;ab350d29;69ccc7e8;86080b03;394ac3d5;6cb94c8f;8b3dd15a;431332fd;f8870a50;40e5fc21;21a4d10a;0ee9d953;2d3930b3;1b7854ac;ac8863b5;ac09427d;e9ba07f0;55db0855;6e30d558;de2020bc;58313c9e;1c149011;251a8485;4ffb62a2;b3f74ac1;26f1d38b;7551bee8;ae4f7265;e5e0c8d6;c563309e;8956efb5;d48a2bb4;dda318b2;1d80bd6b;eeb7d5b2;4a8cf856;b9c91ed0;a5af813b;94c44379;60250ff7;7fdb48b3;c992b520
15,4,325,success,None,23/Jul/2026:13:19:03.879151,23/Jul/2026:13:19:14.458126,10.5790,78,23/Jul/2026:13:19:02.470151;23/Jul/2026:13:19:03.583187;23/Jul/2026:13:19:03.582318;23/Jul/2026:13:18:55.131370;23/Jul/2026:13:18:28.006309;23/Jul/2026:13:18:46.336175;23/Jul/2026:13:18:46.329540;23/Jul/2026:13:18:46.329577;23/Jul/2026:13:18:46.331700;23/Jul/2026:13:19:04.627792;23/Jul/2026:13:18:54.859935;23/Jul/2026:13:18:06.289972;23/Jul/2026:13:18:46.335979;23/Jul/2026:13:18:06.289918;23/Jul/2026:13:19:02.469862;23/Jul/2026:13:17:40.873932;23/Jul/2026:13:18:38.446651;23/Jul/2026:13:18:56.357824;23/Jul/2026:13:18:56.950276;23/Jul/2026:13:19:03.266472;23/Jul/2026:13:19:03.265592;23/Jul/2026:13:18:55.929028;23/Jul/2026:13:19:03.582085;23/Jul/2026:13:19:02.884375;23/Jul/2026:13:18:46.340902;23/Jul/2026:13:19:02.469335;23/Jul/2026:13:18:46.340870;23/Jul/2026:13:19:03.582876;23/Jul/2026:13:18:42.548346;23/Jul/2026:13:19:04.627414;23/Jul/2026:13:18:56.264840;23/Jul/2026:13:19:05.678206;23/Jul/2026:13:19:00.688897;23/Jul/2026:13:18:55.928564;23/Jul/2026:13:18:46.331788;23/Jul/2026:13:18:57.886582;23/Jul/2026:13:18:57.887155;23/Jul/2026:13:19:07.523973;23/Jul/2026:13:18:54.860149;23/Jul/2026:13:19:02.883675;23/Jul/2026:13:18:46.326359;23/Jul/2026:13:19:03.265003;23/Jul/2026:13:19:03.880024;23/Jul/2026:13:18:46.330948;23/Jul/2026:13:19:03.265192;23/Jul/2026:13:19:06.488958;23/Jul/2026:13:18:56.265592;23/Jul/2026:13:19:06.338845;23/Jul/2026:13:19:00.545719;23/Jul/2026:13:17:57.530390;23/Jul/2026:13:18:46.340840;23/Jul/2026:13:19:06.363206;23/Jul/2026:13:19:10.702141;23/Jul/2026:13:18:57.885470;23/Jul/2026:13:18:46.335097;23/Jul/2026:13:18:46.340007;23/Jul/2026:13:18:46.340935;23/Jul/2026:13:19:05.515922;23/Jul/2026:13:18:46.330468;23/Jul/2026:13:18:46.333446;23/Jul/2026:13:19:02.470037;23/Jul/2026:13:19:06.489122;23/Jul/2026:13:19:03.265315;23/Jul/2026:13:18:54.318240;23/Jul/2026:13:19:07.628011;23/Jul/2026:13:19:05.906451;23/Jul/2026:13:19:00.688524;23/Jul/2026:13:19:06.338654;23/Jul/2026:13:19:05.514594;23/Jul/2026:13:18:55.928506;23/Jul/2026:13:19:00.545939;23/Jul/2026:13:18:46.330559;23/Jul/2026:13:19:02.469516;23/Jul/2026:13:19:10.701751;23/Jul/2026:13:18:46.330860;23/Jul/2026:13:19:07.627570;23/Jul/2026:13:18:46.322974;23/Jul/2026:13:18:00.648096,1.5901;0.7964;0.8819;10.0290;37.4968;19.2770;19.3837;19.3852;19.4111;1.1262;10.9564;59.5799;19.5604;59.7296;3.5929;85.2414;27.8500;9.9535;9.5056;3.1933;3.3953;10.7799;3.3301;4.0329;20.7639;4.6646;20.7942;3.7857;24.9736;2.9264;11.3791;2.0772;7.2320;12.3420;21.9794;10.4659;10.6339;1.0498;13.9137;5.9653;22.5562;5.8349;5.5276;23.3152;6.4230;3.2994;13.7660;3.7822;9.6950;72.8938;24.1600;4.3024;0.0660;13.0241;24.6355;24.8011;24.8002;5.6261;24.9392;25.0585;8.9326;5.0865;8.4313;17.4327;4.1399;5.9731;11.2817;5.8349;6.7271;16.6404;12.1307;26.3465;10.3215;2.0907;26.4844;5.1987;26.6909;73.0400,bytes=1205806361-1206032085;bytes=1304747441-1304851647;bytes=1296274307-1296365531;bytes=586062658-586953352;bytes=974038489-974934996;bytes=463097129-463302668;bytes=172888001-173795644;bytes=173982062-174165865;bytes=258854695-258943323;bytes=1407677456-1407794838;bytes=557197596-558093135;bytes=1728806131-1729710489;bytes=442256569-442413724;bytes=1727917933-1728806130;bytes=1201780894-1202675134;bytes=352948512-353842502;bytes=1615315641-1615455772;bytes=732795988-732885009;bytes=760426076-761335614;bytes=1275921608-1276029505;bytes=1267784217-1267903691;bytes=630696498-630794134;bytes=1291209639-1292101113;bytes=1234447122-1234621463;bytes=507935483-508117603;bytes=1201267340-1201365104;bytes=506882624-507783747;bytes=1297648871-1298546223;bytes=1917145185-1917262281;bytes=1399421179-1399618278;bytes=639889897-640769492;bytes=1475031752-1475921471;bytes=1177110087-1178006848;bytes=626678677-626782311;bytes=297803307-298711102;bytes=830943653-831033454;bytes=839203006-839374748;bytes=1640048703-1640950567;bytes=558993545-559923493;bytes=1230130554-1230313674;bytes=88844908-88943720;bytes=1259870837-1260745814;bytes=1337628031-1337726230;bytes=246877762-246978778;bytes=1261622241-1262551367;bytes=1615455773-1616366611;bytes=645772700-646673138;bytes=1556800516-1556909515;bytes=1155966324-1156067607;bytes=1341610185-1341704466;bytes=505962233-506882623;bytes=1586138811-1587034413;bytes=1764084383-1764201584;bytes=779274127-780157420;bytes=417916781-418097564;bytes=468397470-469287530;bytes=508117604-508298438;bytes=1432488050-1432607175;bytes=218212016-218398594;bytes=389641701-389731350;bytes=1204492695-1205407774;bytes=1619379556-1619476434;bytes=1263699455-1263864704;bytes=528731143-528844494;bytes=1679271344-1680180476;bytes=1523713412-1523814585;bytes=1172978406-1173080026;bytes=1550559658-1551484085;bytes=1417461571-1418339385;bytes=622878903-623075491;bytes=1154122776-1155051557;bytes=222339355-222425936;bytes=1199326598-1200262517;bytes=1755744286-1755946976;bytes=243950235-244835070;bytes=1677140719-1677271129;bytes=31127959-32038767;bytes=1480057986-1480957527,1b3258ad;1ac3df1f;cfd3c308;f74f98aa;11c6fb4c;3d8cc382;d48c4abb;03459de9;c0586845;8ca1c860;99917223;af2c5a53;bc40e052;38b135b6;7d9a90fa;2bed231f;c4829a24;2be925ec;9a02b131;663cc78e;d1878764;47621ec1;90e4de4d;a2875ebf;3559172f;000378a0;9496c4d2;e2621483;15c60f7a;0659d426;1ede0929;86967338;c9c62b96;4ff868a7;c44d38cd;acc69fa4;d62d34af;ab350d29;69ccc7e8;86080b03;394ac3d5;6cb94c8f;8b3dd15a;431332fd;f8870a50;40e5fc21;21a4d10a;0ee9d953;2d3930b3;1b7854ac;ac8863b5;ac09427d;e9ba07f0;55db0855;6e30d558;de2020bc;58313c9e;1c149011;251a8485;4ffb62a2;b3f74ac1;26f1d38b;7551bee8;ae4f7265;e5e0c8d6;c563309e;8956efb5;d48a2bb4;dda318b2;1d80bd6b;eeb7d5b2;4a8cf856;b9c91ed0;a5af813b;94c44379;60250ff7;7fdb48b3;c992b520
15,4,412,success,None,23/Jul/2026:13:19:09.129037,23/Jul/2026:13:19:14.490826,5.3618,36,23/Jul/2026:13:19:03.880024;23/Jul/2026:13:18:46.330948;23/Jul/2026:13:19:03.265192;23/Jul/2026:13:19:06.488958;23/Jul/2026:13:18:56.265592;23/Jul/2026:13:19:06.338845;23/Jul/2026:13:19:00.545719;23/Jul/2026:13:17:57.530390;23/Jul/2026:13:18:46.340840;23/Jul/2026:13:19:06.363206;23/Jul/2026:13:19:10.702141;23/Jul/2026:13:18:57.885470;23/Jul/2026:13:18:46.335097;23/Jul/2026:13:18:46.340007;23/Jul/2026:13:18:46.340935;23/Jul/2026:13:19:05.515922;23/Jul/2026:13:18:46.330468;23/Jul/2026:13:18:46.333446;23/Jul/2026:13:19:02.470037;23/Jul/2026:13:19:06.489122;23/Jul/2026:13:19:03.265315;23/Jul/2026:13:18:54.318240;23/Jul/2026:13:19:07.628011;23/Jul/2026:13:19:05.906451;23/Jul/2026:13:19:00.688524;23/Jul/2026:13:19:06.338654;23/Jul/2026:13:19:05.514594;23/Jul/2026:13:18:55.928506;23/Jul/2026:13:19:00.545939;23/Jul/2026:13:18:46.330559;23/Jul/2026:13:19:02.469516;23/Jul/2026:13:19:10.701751;23/Jul/2026:13:18:46.330860;23/Jul/2026:13:19:07.627570;23/Jul/2026:13:18:46.322974;23/Jul/2026:13:18:00.648096,5.5276;23.3152;6.4230;3.2994;13.7660;3.7822;9.6950;72.8938;24.1600;4.3024;0.0660;13.0241;24.6355;24.8011;24.8002;5.6261;24.9392;25.0585;8.9326;5.0865;8.4313;17.4327;4.1399;5.9731;11.2817;5.8349;6.7271;16.6404;12.1307;26.3465;10.3215;2.0907;26.4844;5.1987;26.6909;73.0400,bytes=1337628031-1337726230;bytes=246877762-246978778;bytes=1261622241-1262551367;bytes=1615455773-1616366611;bytes=645772700-646673138;bytes=1556800516-1556909515;bytes=1155966324-1156067607;bytes=1341610185-1341704466;bytes=505962233-506882623;bytes=1586138811-1587034413;bytes=1764084383-1764201584;bytes=779274127-780157420;bytes=417916781-418097564;bytes=468397470-469287530;bytes=508117604-508298438;bytes=1432488050-1432607175;bytes=218212016-218398594;bytes=389641701-389731350;bytes=1204492695-1205407774;bytes=1619379556-1619476434;bytes=1263699455-1263864704;bytes=528731143-528844494;bytes=1679271344-1680180476;bytes=1523713412-1523814585;bytes=1172978406-1173080026;bytes=1550559658-1551484085;bytes=1417461571-1418339385;bytes=622878903-623075491;bytes=1154122776-1155051557;bytes=222339355-222425936;bytes=1199326598-1200262517;bytes=1755744286-1755946976;bytes=243950235-244835070;bytes=1677140719-1677271129;bytes=31127959-32038767;bytes=1480057986-1480957527,8b3dd15a;431332fd;f8870a50;40e5fc21;21a4d10a;0ee9d953;2d3930b3;1b7854ac;ac8863b5;ac09427d;e9ba07f0;55db0855;6e30d558;de2020bc;58313c9e;1c149011;251a8485;4ffb62a2;b3f74ac1;26f1d38b;7551bee8;ae4f7265;e5e0c8d6;c563309e;8956efb5;d48a2bb4;dda318b2;1d80bd6b;eeb7d5b2;4a8cf856;b9c91ed0;a5af813b;94c44379;60250ff7;7fdb48b3;c992b520
15,4,400,success,None,23/Jul/2026:13:19:07.523663,23/Jul/2026:13:19:14.690713,7.1670,49,23/Jul/2026:13:19:04.627414;23/Jul/2026:13:18:56.264840;23/Jul/2026:13:19:05.678206;23/Jul/2026:13:19:00.688897;23/Jul/2026:13:18:55.928564;23/Jul/2026:13:18:46.331788;23/Jul/2026:13:18:57.886582;23/Jul/2026:13:18:57.887155;23/Jul/2026:13:19:07.523973;23/Jul/2026:13:18:54.860149;23/Jul/2026:13:19:02.883675;23/Jul/2026:13:18:46.326359;23/Jul/2026:13:19:03.265003;23/Jul/2026:13:19:03.880024;23/Jul/2026:13:18:46.330948;23/Jul/2026:13:19:03.265192;23/Jul/2026:13:19:06.488958;23/Jul/2026:13:18:56.265592;23/Jul/2026:13:19:06.338845;23/Jul/2026:13:19:00.545719;23/Jul/2026:13:17:57.530390;23/Jul/2026:13:18:46.340840;23/Jul/2026:13:19:06.363206;23/Jul/2026:13:19:10.702141;23/Jul/2026:13:18:57.885470;23/Jul/2026:13:18:46.335097;23/Jul/2026:13:18:46.340007;23/Jul/2026:13:18:46.340935;23/Jul/2026:13:19:05.515922;23/Jul/2026:13:18:46.330468;23/Jul/2026:13:18:46.333446;23/Jul/2026:13:19:02.470037;23/Jul/2026:13:19:06.489122;23/Jul/2026:13:19:03.265315;23/Jul/2026:13:18:54.318240;23/Jul/2026:13:19:07.628011;23/Jul/2026:13:19:05.906451;23/Jul/2026:13:19:00.688524;23/Jul/2026:13:19:06.338654;23/Jul/2026:13:19:05.514594;23/Jul/2026:13:18:55.928506;23/Jul/2026:13:19:00.545939;23/Jul/2026:13:18:46.330559;23/Jul/2026:13:19:02.469516;23/Jul/2026:13:19:10.701751;23/Jul/2026:13:18:46.330860;23/Jul/2026:13:19:07.627570;23/Jul/2026:13:18:46.322974;23/Jul/2026:13:18:00.648096,2.9264;11.3791;2.0772;7.2320;12.3420;21.9794;10.4659;10.6339;1.0498;13.9137;5.9653;22.5562;5.8349;5.5276;23.3152;6.4230;3.2994;13.7660;3.7822;9.6950;72.8938;24.1600;4.3024;0.0660;13.0241;24.6355;24.8011;24.8002;5.6261;24.9392;25.0585;8.9326;5.0865;8.4313;17.4327;4.1399;5.9731;11.2817;5.8349;6.7271;16.6404;12.1307;26.3465;10.3215;2.0907;26.4844;5.1987;26.6909;73.0400,bytes=1399421179-1399618278;bytes=639889897-640769492;bytes=1475031752-1475921471;bytes=1177110087-1178006848;bytes=626678677-626782311;bytes=297803307-298711102;bytes=830943653-831033454;bytes=839203006-839374748;bytes=1640048703-1640950567;bytes=558993545-559923493;bytes=1230130554-1230313674;bytes=88844908-88943720;bytes=1259870837-1260745814;bytes=1337628031-1337726230;bytes=246877762-246978778;bytes=1261622241-1262551367;bytes=1615455773-1616366611;bytes=645772700-646673138;bytes=1556800516-1556909515;bytes=1155966324-1156067607;bytes=1341610185-1341704466;bytes=505962233-506882623;bytes=1586138811-1587034413;bytes=1764084383-1764201584;bytes=779274127-780157420;bytes=417916781-418097564;bytes=468397470-469287530;bytes=508117604-508298438;bytes=1432488050-1432607175;bytes=218212016-218398594;bytes=389641701-389731350;bytes=1204492695-1205407774;bytes=1619379556-1619476434;bytes=1263699455-1263864704;bytes=528731143-528844494;bytes=1679271344-1680180476;bytes=1523713412-1523814585;bytes=1172978406-1173080026;bytes=1550559658-1551484085;bytes=1417461571-1418339385;bytes=622878903-623075491;bytes=1154122776-1155051557;bytes=222339355-222425936;bytes=1199326598-1200262517;bytes=1755744286-1755946976;bytes=243950235-244835070;bytes=1677140719-1677271129;bytes=31127959-32038767;bytes=1480057986-1480957527,0659d426;1ede0929;86967338;c9c62b96;4ff868a7;c44d38cd;acc69fa4;d62d34af;ab350d29;69ccc7e8;86080b03;394ac3d5;6cb94c8f;8b3dd15a;431332fd;f8870a50;40e5fc21;21a4d10a;0ee9d953;2d3930b3;1b7854ac;ac8863b5;ac09427d;e9ba07f0;55db0855;6e30d558;de2020bc;58313c9e;1c149011;251a8485;4ffb62a2;b3f74ac1;26f1d38b;7551bee8;ae4f7265;e5e0c8d6;c563309e;8956efb5;d48a2bb4;dda318b2;1d80bd6b;eeb7d5b2;4a8cf856;b9c91ed0;a5af813b;94c44379;60250ff7;7fdb48b3;c992b520
15,4,385,success,None,23/Jul/2026:13:19:06.362196,23/Jul/2026:13:19:14.715849,8.3536,60,23/Jul/2026:13:18:56.950276;23/Jul/2026:13:19:03.266472;23/Jul/2026:13:19:03.265592;23/Jul/2026:13:18:55.929028;23/Jul/2026:13:19:03.582085;23/Jul/2026:13:19:02.884375;23/Jul/2026:13:18:46.340902;23/Jul/2026:13:19:02.469335;23/Jul/2026:13:18:46.340870;23/Jul/2026:13:19:03.582876;23/Jul/2026:13:18:42.548346;23/Jul/2026:13:19:04.627414;23/Jul/2026:13:18:56.264840;23/Jul/2026:13:19:05.678206;23/Jul/2026:13:19:00.688897;23/Jul/2026:13:18:55.928564;23/Jul/2026:13:18:46.331788;23/Jul/2026:13:18:57.886582;23/Jul/2026:13:18:57.887155;23/Jul/2026:13:19:07.523973;23/Jul/2026:13:18:54.860149;23/Jul/2026:13:19:02.883675;23/Jul/2026:13:18:46.326359;23/Jul/2026:13:19:03.265003;23/Jul/2026:13:19:03.880024;23/Jul/2026:13:18:46.330948;23/Jul/2026:13:19:03.265192;23/Jul/2026:13:19:06.488958;23/Jul/2026:13:18:56.265592;23/Jul/2026:13:19:06.338845;23/Jul/2026:13:19:00.545719;23/Jul/2026:13:17:57.530390;23/Jul/2026:13:18:46.340840;23/Jul/2026:13:19:06.363206;23/Jul/2026:13:19:10.702141;23/Jul/2026:13:18:57.885470;23/Jul/2026:13:18:46.335097;23/Jul/2026:13:18:46.340007;23/Jul/2026:13:18:46.340935;23/Jul/2026:13:19:05.515922;23/Jul/2026:13:18:46.330468;23/Jul/2026:13:18:46.333446;23/Jul/2026:13:19:02.470037;23/Jul/2026:13:19:06.489122;23/Jul/2026:13:19:03.265315;23/Jul/2026:13:18:54.318240;23/Jul/2026:13:19:07.628011;23/Jul/2026:13:19:05.906451;23/Jul/2026:13:19:00.688524;23/Jul/2026:13:19:06.338654;23/Jul/2026:13:19:05.514594;23/Jul/2026:13:18:55.928506;23/Jul/2026:13:19:00.545939;23/Jul/2026:13:18:46.330559;23/Jul/2026:13:19:02.469516;23/Jul/2026:13:19:10.701751;23/Jul/2026:13:18:46.330860;23/Jul/2026:13:19:07.627570;23/Jul/2026:13:18:46.322974;23/Jul/2026:13:18:00.648096,9.5056;3.1933;3.3953;10.7799;3.3301;4.0329;20.7639;4.6646;20.7942;3.7857;24.9736;2.9264;11.3791;2.0772;7.2320;12.3420;21.9794;10.4659;10.6339;1.0498;13.9137;5.9653;22.5562;5.8349;5.5276;23.3152;6.4230;3.2994;13.7660;3.7822;9.6950;72.8938;24.1600;4.3024;0.0660;13.0241;24.6355;24.8011;24.8002;5.6261;24.9392;25.0585;8.9326;5.0865;8.4313;17.4327;4.1399;5.9731;11.2817;5.8349;6.7271;16.6404;12.1307;26.3465;10.3215;2.0907;26.4844;5.1987;26.6909;73.0400,bytes=760426076-761335614;bytes=1275921608-1276029505;bytes=1267784217-1267903691;bytes=630696498-630794134;bytes=1291209639-1292101113;bytes=1234447122-1234621463;bytes=507935483-508117603;bytes=1201267340-1201365104;bytes=506882624-507783747;bytes=1297648871-1298546223;bytes=1917145185-1917262281;bytes=1399421179-1399618278;bytes=639889897-640769492;bytes=1475031752-1475921471;bytes=1177110087-1178006848;bytes=626678677-626782311;bytes=297803307-298711102;bytes=830943653-831033454;bytes=839203006-839374748;bytes=1640048703-1640950567;bytes=558993545-559923493;bytes=1230130554-1230313674;bytes=88844908-88943720;bytes=1259870837-1260745814;bytes=1337628031-1337726230;bytes=246877762-246978778;bytes=1261622241-1262551367;bytes=1615455773-1616366611;bytes=645772700-646673138;bytes=1556800516-1556909515;bytes=1155966324-1156067607;bytes=1341610185-1341704466;bytes=505962233-506882623;bytes=1586138811-1587034413;bytes=1764084383-1764201584;bytes=779274127-780157420;bytes=417916781-418097564;bytes=468397470-469287530;bytes=508117604-508298438;bytes=1432488050-1432607175;bytes=218212016-218398594;bytes=389641701-389731350;bytes=1204492695-1205407774;bytes=1619379556-1619476434;bytes=1263699455-1263864704;bytes=528731143-528844494;bytes=1679271344-1680180476;bytes=1523713412-1523814585;bytes=1172978406-1173080026;bytes=1550559658-1551484085;bytes=1417461571-1418339385;bytes=622878903-623075491;bytes=1154122776-1155051557;bytes=222339355-222425936;bytes=1199326598-1200262517;bytes=1755744286-1755946976;bytes=243950235-244835070;bytes=1677140719-1677271129;bytes=31127959-32038767;bytes=1480057986-1480957527,9a02b131;663cc78e;d1878764;47621ec1;90e4de4d;a2875ebf;3559172f;000378a0;9496c4d2;e2621483;15c60f7a;0659d426;1ede0929;86967338;c9c62b96;4ff868a7;c44d38cd;acc69fa4;d62d34af;ab350d29;69ccc7e8;86080b03;394ac3d5;6cb94c8f;8b3dd15a;431332fd;f8870a50;40e5fc21;21a4d10a;0ee9d953;2d3930b3;1b7854ac;ac8863b5;ac09427d;e9ba07f0;55db0855;6e30d558;de2020bc;58313c9e;1c149011;251a8485;4ffb62a2;b3f74ac1;26f1d38b;7551bee8;ae4f7265;e5e0c8d6;c563309e;8956efb5;d48a2bb4;dda318b2;1d80bd6b;eeb7d5b2;4a8cf856;b9c91ed0;a5af813b;94c44379;60250ff7;7fdb48b3;c992b520
15,4,370,success,None,23/Jul/2026:13:19:05.905488,23/Jul/2026:13:19:14.894613,8.9891,65,23/Jul/2026:13:18:06.289918;23/Jul/2026:13:19:02.469862;23/Jul/2026:13:17:40.873932;23/Jul/2026:13:18:38.446651;23/Jul/2026:13:18:56.357824;23/Jul/2026:13:18:56.950276;23/Jul/2026:13:19:03.266472;23/Jul/2026:13:19:03.265592;23/Jul/2026:13:18:55.929028;23/Jul/2026:13:19:03.582085;23/Jul/2026:13:19:02.884375;23/Jul/2026:13:18:46.340902;23/Jul/2026:13:19:02.469335;23/Jul/2026:13:18:46.340870;23/Jul/2026:13:19:03.582876;23/Jul/2026:13:18:42.548346;23/Jul/2026:13:19:04.627414;23/Jul/2026:13:18:56.264840;23/Jul/2026:13:19:05.678206;23/Jul/2026:13:19:00.688897;23/Jul/2026:13:18:55.928564;23/Jul/2026:13:18:46.331788;23/Jul/2026:13:18:57.886582;23/Jul/2026:13:18:57.887155;23/Jul/2026:13:19:07.523973;23/Jul/2026:13:18:54.860149;23/Jul/2026:13:19:02.883675;23/Jul/2026:13:18:46.326359;23/Jul/2026:13:19:03.265003;23/Jul/2026:13:19:03.880024;23/Jul/2026:13:18:46.330948;23/Jul/2026:13:19:03.265192;23/Jul/2026:13:19:06.488958;23/Jul/2026:13:18:56.265592;23/Jul/2026:13:19:06.338845;23/Jul/2026:13:19:00.545719;23/Jul/2026:13:17:57.530390;23/Jul/2026:13:18:46.340840;23/Jul/2026:13:19:06.363206;23/Jul/2026:13:19:10.702141;23/Jul/2026:13:18:57.885470;23/Jul/2026:13:18:46.335097;23/Jul/2026:13:18:46.340007;23/Jul/2026:13:18:46.340935;23/Jul/2026:13:19:05.515922;23/Jul/2026:13:18:46.330468;23/Jul/2026:13:18:46.333446;23/Jul/2026:13:19:02.470037;23/Jul/2026:13:19:06.489122;23/Jul/2026:13:19:03.265315;23/Jul/2026:13:18:54.318240;23/Jul/2026:13:19:07.628011;23/Jul/2026:13:19:05.906451;23/Jul/2026:13:19:00.688524;23/Jul/2026:13:19:06.338654;23/Jul/2026:13:19:05.514594;23/Jul/2026:13:18:55.928506;23/Jul/2026:13:19:00.545939;23/Jul/2026:13:18:46.330559;23/Jul/2026:13:19:02.469516;23/Jul/2026:13:19:10.701751;23/Jul/2026:13:18:46.330860;23/Jul/2026:13:19:07.627570;23/Jul/2026:13:18:46.322974;23/Jul/2026:13:18:00.648096,59.7296;3.5929;85.2414;27.8500;9.9535;9.5056;3.1933;3.3953;10.7799;3.3301;4.0329;20.7639;4.6646;20.7942;3.7857;24.9736;2.9264;11.3791;2.0772;7.2320;12.3420;21.9794;10.4659;10.6339;1.0498;13.9137;5.9653;22.5562;5.8349;5.5276;23.3152;6.4230;3.2994;13.7660;3.7822;9.6950;72.8938;24.1600;4.3024;0.0660;13.0241;24.6355;24.8011;24.8002;5.6261;24.9392;25.0585;8.9326;5.0865;8.4313;17.4327;4.1399;5.9731;11.2817;5.8349;6.7271;16.6404;12.1307;26.3465;10.3215;2.0907;26.4844;5.1987;26.6909;73.0400,bytes=1727917933-1728806130;bytes=1201780894-1202675134;bytes=352948512-353842502;bytes=1615315641-1615455772;bytes=732795988-732885009;bytes=760426076-761335614;bytes=1275921608-1276029505;bytes=1267784217-1267903691;bytes=630696498-630794134;bytes=1291209639-1292101113;bytes=1234447122-1234621463;bytes=507935483-508117603;bytes=1201267340-1201365104;bytes=506882624-507783747;bytes=1297648871-1298546223;bytes=1917145185-1917262281;bytes=1399421179-1399618278;bytes=639889897-640769492;bytes=1475031752-1475921471;bytes=1177110087-1178006848;bytes=626678677-626782311;bytes=297803307-298711102;bytes=830943653-831033454;bytes=839203006-839374748;bytes=1640048703-1640950567;bytes=558993545-559923493;bytes=1230130554-1230313674;bytes=88844908-88943720;bytes=1259870837-1260745814;bytes=1337628031-1337726230;bytes=246877762-246978778;bytes=1261622241-1262551367;bytes=1615455773-1616366611;bytes=645772700-646673138;bytes=1556800516-1556909515;bytes=1155966324-1156067607;bytes=1341610185-1341704466;bytes=505962233-506882623;bytes=1586138811-1587034413;bytes=1764084383-1764201584;bytes=779274127-780157420;bytes=417916781-418097564;bytes=468397470-469287530;bytes=508117604-508298438;bytes=1432488050-1432607175;bytes=218212016-218398594;bytes=389641701-389731350;bytes=1204492695-1205407774;bytes=1619379556-1619476434;bytes=1263699455-1263864704;bytes=528731143-528844494;bytes=1679271344-1680180476;bytes=1523713412-1523814585;bytes=1172978406-1173080026;bytes=1550559658-1551484085;bytes=1417461571-1418339385;bytes=622878903-623075491;bytes=1154122776-1155051557;bytes=222339355-222425936;bytes=1199326598-1200262517;bytes=1755744286-1755946976;bytes=243950235-244835070;bytes=1677140719-1677271129;bytes=31127959-32038767;bytes=1480057986-1480957527,38b135b6;7d9a90fa;2bed231f;c4829a24;2be925ec;9a02b131;663cc78e;d1878764;47621ec1;90e4de4d;a2875ebf;3559172f;000378a0;9496c4d2;e2621483;15c60f7a;0659d426;1ede0929;86967338;c9c62b96;4ff868a7;c44d38cd;acc69fa4;d62d34af;ab350d29;69ccc7e8;86080b03;394ac3d5;6cb94c8f;8b3dd15a;431332fd;f8870a50;40e5fc21;21a4d10a;0ee9d953;2d3930b3;1b7854ac;ac8863b5;ac09427d;e9ba07f0;55db0855;6e30d558;de2020bc;58313c9e;1c149011;251a8485;4ffb62a2;b3f74ac1;26f1d38b;7551bee8;ae4f7265;e5e0c8d6;c563309e;8956efb5;d48a2bb4;dda318b2;1d80bd6b;eeb7d5b2;4a8cf856;b9c91ed0;a5af813b;94c44379;60250ff7;7fdb48b3;c992b520
15,4,407,success,None,23/Jul/2026:13:19:07.626912,23/Jul/2026:13:19:14.895908,7.2690,48,23/Jul/2026:13:18:56.264840;23/Jul/2026:13:19:05.678206;23/Jul/2026:13:19:00.688897;23/Jul/2026:13:18:55.928564;23/Jul/2026:13:18:46.331788;23/Jul/2026:13:18:57.886582;23/Jul/2026:13:18:57.887155;23/Jul/2026:13:19:07.523973;23/Jul/2026:13:18:54.860149;23/Jul/2026:13:19:02.883675;23/Jul/2026:13:18:46.326359;23/Jul/2026:13:19:03.265003;23/Jul/2026:13:19:03.880024;23/Jul/2026:13:18:46.330948;23/Jul/2026:13:19:03.265192;23/Jul/2026:13:19:06.488958;23/Jul/2026:13:18:56.265592;23/Jul/2026:13:19:06.338845;23/Jul/2026:13:19:00.545719;23/Jul/2026:13:17:57.530390;23/Jul/2026:13:18:46.340840;23/Jul/2026:13:19:06.363206;23/Jul/2026:13:19:10.702141;23/Jul/2026:13:18:57.885470;23/Jul/2026:13:18:46.335097;23/Jul/2026:13:18:46.340007;23/Jul/2026:13:18:46.340935;23/Jul/2026:13:19:05.515922;23/Jul/2026:13:18:46.330468;23/Jul/2026:13:18:46.333446;23/Jul/2026:13:19:02.470037;23/Jul/2026:13:19:06.489122;23/Jul/2026:13:19:03.265315;23/Jul/2026:13:18:54.318240;23/Jul/2026:13:19:07.628011;23/Jul/2026:13:19:05.906451;23/Jul/2026:13:19:00.688524;23/Jul/2026:13:19:06.338654;23/Jul/2026:13:19:05.514594;23/Jul/2026:13:18:55.928506;23/Jul/2026:13:19:00.545939;23/Jul/2026:13:18:46.330559;23/Jul/2026:13:19:02.469516;23/Jul/2026:13:19:10.701751;23/Jul/2026:13:18:46.330860;23/Jul/2026:13:19:07.627570;23/Jul/2026:13:18:46.322974;23/Jul/2026:13:18:00.648096,11.3791;2.0772;7.2320;12.3420;21.9794;10.4659;10.6339;1.0498;13.9137;5.9653;22.5562;5.8349;5.5276;23.3152;6.4230;3.2994;13.7660;3.7822;9.6950;72.8938;24.1600;4.3024;0.0660;13.0241;24.6355;24.8011;24.8002;5.6261;24.9392;25.0585;8.9326;5.0865;8.4313;17.4327;4.1399;5.9731;11.2817;5.8349;6.7271;16.6404;12.1307;26.3465;10.3215;2.0907;26.4844;5.1987;26.6909;73.0400,bytes=639889897-640769492;bytes=1475031752-1475921471;bytes=1177110087-1178006848;bytes=626678677-626782311;bytes=297803307-298711102;bytes=830943653-831033454;bytes=839203006-839374748;bytes=1640048703-1640950567;bytes=558993545-559923493;bytes=1230130554-1230313674;bytes=88844908-88943720;bytes=1259870837-1260745814;bytes=1337628031-1337726230;bytes=246877762-246978778;bytes=1261622241-1262551367;bytes=1615455773-1616366611;bytes=645772700-646673138;bytes=1556800516-1556909515;bytes=1155966324-1156067607;bytes=1341610185-1341704466;bytes=505962233-506882623;bytes=1586138811-1587034413;bytes=1764084383-1764201584;bytes=779274127-780157420;bytes=417916781-418097564;bytes=468397470-469287530;bytes=508117604-508298438;bytes=1432488050-1432607175;bytes=218212016-218398594;bytes=389641701-389731350;bytes=1204492695-1205407774;bytes=1619379556-1619476434;bytes=1263699455-1263864704;bytes=528731143-528844494;bytes=1679271344-1680180476;bytes=1523713412-1523814585;bytes=1172978406-1173080026;bytes=1550559658-1551484085;bytes=1417461571-1418339385;bytes=622878903-623075491;bytes=1154122776-1155051557;bytes=222339355-222425936;bytes=1199326598-1200262517;bytes=1755744286-1755946976;bytes=243950235-244835070;bytes=1677140719-1677271129;bytes=31127959-32038767;bytes=1480057986-1480957527,1ede0929;86967338;c9c62b96;4ff868a7;c44d38cd;acc69fa4;d62d34af;ab350d29;69ccc7e8;86080b03;394ac3d5;6cb94c8f;8b3dd15a;431332fd;f8870a50;40e5fc21;21a4d10a;0ee9d953;2d3930b3;1b7854ac;ac8863b5;ac09427d;e9ba07f0;55db0855;6e30d558;de2020bc;58313c9e;1c149011;251a8485;4ffb62a2;b3f74ac1;26f1d38b;7551bee8;ae4f7265;e5e0c8d6;c563309e;8956efb5;d48a2bb4;dda318b2;1d80bd6b;eeb7d5b2;4a8cf856;b9c91ed0;a5af813b;94c44379;60250ff7;7fdb48b3;c992b520
15,4,426,success,None,23/Jul/2026:13:19:10.700866,23/Jul/2026:13:19:15.335341,4.6345,26,23/Jul/2026:13:19:10.702141;23/Jul/2026:13:18:57.885470;23/Jul/2026:13:18:46.335097;23/Jul/2026:13:18:46.340007;23/Jul/2026:13:18:46.340935;23/Jul/2026:13:19:05.515922;23/Jul/2026:13:18:46.330468;23/Jul/2026:13:18:46.333446;23/Jul/2026:13:19:02.470037;23/Jul/2026:13:19:06.489122;23/Jul/2026:13:19:03.265315;23/Jul/2026:13:18:54.318240;23/Jul/2026:13:19:07.628011;23/Jul/2026:13:19:05.906451;23/Jul/2026:13:19:00.688524;23/Jul/2026:13:19:06.338654;23/Jul/2026:13:19:05.514594;23/Jul/2026:13:18:55.928506;23/Jul/2026:13:19:00.545939;23/Jul/2026:13:18:46.330559;23/Jul/2026:13:19:02.469516;23/Jul/2026:13:19:10.701751;23/Jul/2026:13:18:46.330860;23/Jul/2026:13:19:07.627570;23/Jul/2026:13:18:46.322974;23/Jul/2026:13:18:00.648096,0.0660;13.0241;24.6355;24.8011;24.8002;5.6261;24.9392;25.0585;8.9326;5.0865;8.4313;17.4327;4.1399;5.9731;11.2817;5.8349;6.7271;16.6404;12.1307;26.3465;10.3215;2.0907;26.4844;5.1987;26.6909;73.0400,bytes=1764084383-1764201584;bytes=779274127-780157420;bytes=417916781-418097564;bytes=468397470-469287530;bytes=508117604-508298438;bytes=1432488050-1432607175;bytes=218212016-218398594;bytes=389641701-389731350;bytes=1204492695-1205407774;bytes=1619379556-1619476434;bytes=1263699455-1263864704;bytes=528731143-528844494;bytes=1679271344-1680180476;bytes=1523713412-1523814585;bytes=1172978406-1173080026;bytes=1550559658-1551484085;bytes=1417461571-1418339385;bytes=622878903-623075491;bytes=1154122776-1155051557;bytes=222339355-222425936;bytes=1199326598-1200262517;bytes=1755744286-1755946976;bytes=243950235-244835070;bytes=1677140719-1677271129;bytes=31127959-32038767;bytes=1480057986-1480957527,e9ba07f0;55db0855;6e30d558;de2020bc;58313c9e;1c149011;251a8485;4ffb62a2;b3f74ac1;26f1d38b;7551bee8;ae4f7265;e5e0c8d6;c563309e;8956efb5;d48a2bb4;dda318b2;1d80bd6b;eeb7d5b2;4a8cf856;b9c91ed0;a5af813b;94c44379;60250ff7;7fdb48b3;c992b520
15,4,419,success,None,23/Jul/2026:13:19:09.375528,23/Jul/2026:13:19:15.352406,5.9769,36,23/Jul/2026:13:19:03.880024;23/Jul/2026:13:18:46.330948;23/Jul/2026:13:19:03.265192;23/Jul/2026:13:19:06.488958;23/Jul/2026:13:18:56.265592;23/Jul/2026:13:19:06.338845;23/Jul/2026:13:19:00.545719;23/Jul/2026:13:17:57.530390;23/Jul/2026:13:18:46.340840;23/Jul/2026:13:19:06.363206;23/Jul/2026:13:19:10.702141;23/Jul/2026:13:18:57.885470;23/Jul/2026:13:18:46.335097;23/Jul/2026:13:18:46.340007;23/Jul/2026:13:18:46.340935;23/Jul/2026:13:19:05.515922;23/Jul/2026:13:18:46.330468;23/Jul/2026:13:18:46.333446;23/Jul/2026:13:19:02.470037;23/Jul/2026:13:19:06.489122;23/Jul/2026:13:19:03.265315;23/Jul/2026:13:18:54.318240;23/Jul/2026:13:19:07.628011;23/Jul/2026:13:19:05.906451;23/Jul/2026:13:19:00.688524;23/Jul/2026:13:19:06.338654;23/Jul/2026:13:19:05.514594;23/Jul/2026:13:18:55.928506;23/Jul/2026:13:19:00.545939;23/Jul/2026:13:18:46.330559;23/Jul/2026:13:19:02.469516;23/Jul/2026:13:19:10.701751;23/Jul/2026:13:18:46.330860;23/Jul/2026:13:19:07.627570;23/Jul/2026:13:18:46.322974;23/Jul/2026:13:18:00.648096,5.5276;23.3152;6.4230;3.2994;13.7660;3.7822;9.6950;72.8938;24.1600;4.3024;0.0660;13.0241;24.6355;24.8011;24.8002;5.6261;24.9392;25.0585;8.9326;5.0865;8.4313;17.4327;4.1399;5.9731;11.2817;5.8349;6.7271;16.6404;12.1307;26.3465;10.3215;2.0907;26.4844;5.1987;26.6909;73.0400,bytes=1337628031-1337726230;bytes=246877762-246978778;bytes=1261622241-1262551367;bytes=1615455773-1616366611;bytes=645772700-646673138;bytes=1556800516-1556909515;bytes=1155966324-1156067607;bytes=1341610185-1341704466;bytes=505962233-506882623;bytes=1586138811-1587034413;bytes=1764084383-1764201584;bytes=779274127-780157420;bytes=417916781-418097564;bytes=468397470-469287530;bytes=508117604-508298438;bytes=1432488050-1432607175;bytes=218212016-218398594;bytes=389641701-389731350;bytes=1204492695-1205407774;bytes=1619379556-1619476434;bytes=1263699455-1263864704;bytes=528731143-528844494;bytes=1679271344-1680180476;bytes=1523713412-1523814585;bytes=1172978406-1173080026;bytes=1550559658-1551484085;bytes=1417461571-1418339385;bytes=622878903-623075491;bytes=1154122776-1155051557;bytes=222339355-222425936;bytes=1199326598-1200262517;bytes=1755744286-1755946976;bytes=243950235-244835070;bytes=1677140719-1677271129;bytes=31127959-32038767;bytes=1480057986-1480957527,8b3dd15a;431332fd;f8870a50;40e5fc21;21a4d10a;0ee9d953;2d3930b3;1b7854ac;ac8863b5;ac09427d;e9ba07f0;55db0855;6e30d558;de2020bc;58313c9e;1c149011;251a8485;4ffb62a2;b3f74ac1;26f1d38b;7551bee8;ae4f7265;e5e0c8d6;c563309e;8956efb5;d48a2bb4;dda318b2;1d80bd6b;eeb7d5b2;4a8cf856;b9c91ed0;a5af813b;94c44379;60250ff7;7fdb48b3;c992b520
15,4,438,success,None,23/Jul/2026:13:19:11.053190,23/Jul/2026:13:19:15.377477,4.3243,23,23/Jul/2026:13:18:46.340007;23/Jul/2026:13:18:46.340935;23/Jul/2026:13:19:05.515922;23/Jul/2026:13:18:46.330468;23/Jul/2026:13:18:46.333446;23/Jul/2026:13:19:02.470037;23/Jul/2026:13:19:06.489122;23/Jul/2026:13:19:03.265315;23/Jul/2026:13:18:54.318240;23/Jul/2026:13:19:07.628011;23/Jul/2026:13:19:05.906451;23/Jul/2026:13:19:00.688524;23/Jul/2026:13:19:06.338654;23/Jul/2026:13:19:05.514594;23/Jul/2026:13:18:55.928506;23/Jul/2026:13:19:00.545939;23/Jul/2026:13:18:46.330559;23/Jul/2026:13:19:02.469516;23/Jul/2026:13:19:10.701751;23/Jul/2026:13:18:46.330860;23/Jul/2026:13:19:07.627570;23/Jul/2026:13:18:46.322974;23/Jul/2026:13:18:00.648096,24.8011;24.8002;5.6261;24.9392;25.0585;8.9326;5.0865;8.4313;17.4327;4.1399;5.9731;11.2817;5.8349;6.7271;16.6404;12.1307;26.3465;10.3215;2.0907;26.4844;5.1987;26.6909;73.0400,bytes=468397470-469287530;bytes=508117604-508298438;bytes=1432488050-1432607175;bytes=218212016-218398594;bytes=389641701-389731350;bytes=1204492695-1205407774;bytes=1619379556-1619476434;bytes=1263699455-1263864704;bytes=528731143-528844494;bytes=1679271344-1680180476;bytes=1523713412-1523814585;bytes=1172978406-1173080026;bytes=1550559658-1551484085;bytes=1417461571-1418339385;bytes=622878903-623075491;bytes=1154122776-1155051557;bytes=222339355-222425936;bytes=1199326598-1200262517;bytes=1755744286-1755946976;bytes=243950235-244835070;bytes=1677140719-1677271129;bytes=31127959-32038767;bytes=1480057986-1480957527,de2020bc;58313c9e;1c149011;251a8485;4ffb62a2;b3f74ac1;26f1d38b;7551bee8;ae4f7265;e5e0c8d6;c563309e;8956efb5;d48a2bb4;dda318b2;1d80bd6b;eeb7d5b2;4a8cf856;b9c91ed0;a5af813b;94c44379;60250ff7;7fdb48b3;c992b520
15,4,448,success,None,23/Jul/2026:13:19:11.161542,23/Jul/2026:13:19:15.485165,4.3236,20,23/Jul/2026:13:18:46.330468;23/Jul/2026:13:18:46.333446;23/Jul/2026:13:19:02.470037;23/Jul/2026:13:19:06.489122;23/Jul/2026:13:19:03.265315;23/Jul/2026:13:18:54.318240;23/Jul/2026:13:19:07.628011;23/Jul/2026:13:19:05.906451;23/Jul/2026:13:19:00.688524;23/Jul/2026:13:19:06.338654;23/Jul/2026:13:19:05.514594;23/Jul/2026:13:18:55.928506;23/Jul/2026:13:19:00.545939;23/Jul/2026:13:18:46.330559;23/Jul/2026:13:19:02.469516;23/Jul/2026:13:19:10.701751;23/Jul/2026:13:18:46.330860;23/Jul/2026:13:19:07.627570;23/Jul/2026:13:18:46.322974;23/Jul/2026:13:18:00.648096,24.9392;25.0585;8.9326;5.0865;8.4313;17.4327;4.1399;5.9731;11.2817;5.8349;6.7271;16.6404;12.1307;26.3465;10.3215;2.0907;26.4844;5.1987;26.6909;73.0400,bytes=218212016-218398594;bytes=389641701-389731350;bytes=1204492695-1205407774;bytes=1619379556-1619476434;bytes=1263699455-1263864704;bytes=528731143-528844494;bytes=1679271344-1680180476;bytes=1523713412-1523814585;bytes=1172978406-1173080026;bytes=1550559658-1551484085;bytes=1417461571-1418339385;bytes=622878903-623075491;bytes=1154122776-1155051557;bytes=222339355-222425936;bytes=1199326598-1200262517;bytes=1755744286-1755946976;bytes=243950235-244835070;bytes=1677140719-1677271129;bytes=31127959-32038767;bytes=1480057986-1480957527,251a8485;4ffb62a2;b3f74ac1;26f1d38b;7551bee8;ae4f7265;e5e0c8d6;c563309e;8956efb5;d48a2bb4;dda318b2;1d80bd6b;eeb7d5b2;4a8cf856;b9c91ed0;a5af813b;94c44379;60250ff7;7fdb48b3;c992b520
15,4,464,success,None,23/Jul/2026:13:19:12.134909,23/Jul/2026:13:19:15.672595,3.5377,11,23/Jul/2026:13:19:06.338654;23/Jul/2026:13:19:05.514594;23/Jul/2026:13:18:55.928506;23/Jul/2026:13:19:00.545939;23/Jul/2026:13:18:46.330559;23/Jul/2026:13:19:02.469516;23/Jul/2026:13:19:10.701751;23/Jul/2026:13:18:46.330860;23/Jul/2026:13:19:07.627570;23/Jul/2026:13:18:46.322974;23/Jul/2026:13:18:00.648096,5.8349;6.7271;16.6404;12.1307;26.3465;10.3215;2.0907;26.4844;5.1987;26.6909;73.0400,bytes=1550559658-1551484085;bytes=1417461571-1418339385;bytes=622878903-623075491;bytes=1154122776-1155051557;bytes=222339355-222425936;bytes=1199326598-1200262517;bytes=1755744286-1755946976;bytes=243950235-244835070;bytes=1677140719-1677271129;bytes=31127959-32038767;bytes=1480057986-1480957527,d48a2bb4;dda318b2;1d80bd6b;eeb7d5b2;4a8cf856;b9c91ed0;a5af813b;94c44379;60250ff7;7fdb48b3;c992b520
