maxWorkers,chunkSize,StartIndex,Status,Error,StartClock,EndClock,Slice_Latency,HTTPSRequestCount,HTTPSRequestClocks,HTTPSRequestLatencies,HTTPS Byte RangesHTTPSRequestIDs
1,5,0,success,None,22/Jul/2026:17:07:37.650520,22/Jul/2026:17:07:38.520764,0.8702,0,None,None,None,None
1,5,17,success,None,22/Jul/2026:17:07:38.521168,22/Jul/2026:17:07:39.312306,0.7911,3,22/Jul/2026:17:07:37.652494;22/Jul/2026:17:07:37.651918;22/Jul/2026:17:07:38.521884,0.8929;0.9030;0.0390,bytes=1851242-2750474;bytes=87478-974243;bytes=72226775-72419816,3874a065;6656de11;b4d446a1
1,5,24,success,None,22/Jul/2026:17:07:39.312609,22/Jul/2026:17:07:40.163124,0.8505,7,22/Jul/2026:17:07:38.522888;22/Jul/2026:17:07:37.652892;22/Jul/2026:17:07:37.655000;22/Jul/2026:17:07:37.654816;22/Jul/2026:17:07:39.314459;22/Jul/2026:17:07:39.313434;22/Jul/2026:17:07:39.313610,0.7979;1.6833;1.6812;1.6842;0.0288;0.0342;0.0356,bytes=78594375-79519446;bytes=7415186-7591621;bytes=14670926-15553834;bytes=12870474-13766804;bytes=112758631-112848799;bytes=101014334-101109646;bytes=104841493-104958941,c352d520;cf191f9d;3ab981bc;896b5d68;c1d79ceb;7e40c10c;0593132d
1,5,30,success,None,22/Jul/2026:17:07:40.163453,22/Jul/2026:17:07:40.801155,0.6377,7,22/Jul/2026:17:07:39.313800;22/Jul/2026:17:07:39.314233;22/Jul/2026:17:07:39.313100;22/Jul/2026:17:07:39.314026;22/Jul/2026:17:07:38.523704;22/Jul/2026:17:07:40.164445;22/Jul/2026:17:07:39.314776,0.8561;0.8557;0.8637;0.8673;1.6612;0.0278;0.8776,bytes=102885290-103782301;bytes=106946312-107864873;bytes=98062852-98943525;bytes=108774692-108881570;bytes=88745993-88844907;bytes=129216603-129323426;bytes=110958631-111862687,7b31c023;a7a3f17f;d55f0ae6;889f78b2;0578a36b;19f6e32a;a82eb91e
1,5,40,success,None,22/Jul/2026:17:07:40.801466,22/Jul/2026:17:07:41.476953,0.6755,3,22/Jul/2026:17:07:37.654907;22/Jul/2026:17:07:40.165052;22/Jul/2026:17:07:38.521952,3.1550;0.6452;2.2901,bytes=13766805-14670925;bytes=129793216-130690294;bytes=72419817-72625560,7c92cbd7;ab3347e3;f80a11b8
1,5,50,success,None,22/Jul/2026:17:07:41.477262,22/Jul/2026:17:07:42.130678,0.6534,5,22/Jul/2026:17:07:40.803028;22/Jul/2026:17:07:41.478675;22/Jul/2026:17:07:40.802917;22/Jul/2026:17:07:40.803204;22/Jul/2026:17:07:38.522594,0.6996;0.0252;0.7038;0.7106;3.0025,bytes=171071742-171966296;bytes=213933942-214011271;bytes=173892655-173982061;bytes=173982062-174165865;bytes=76617747-76814202,6e76a494;1be40225;e0ebef14;a36e9a73;33938fc1
1,5,59,success,None,22/Jul/2026:17:07:42.130986,22/Jul/2026:17:07:42.394951,0.2640,5,22/Jul/2026:17:07:37.654367;22/Jul/2026:17:07:40.803721;22/Jul/2026:17:07:40.802173;22/Jul/2026:17:07:37.653428;22/Jul/2026:17:07:42.131942,4.4841;1.3359;1.3387;4.4902;0.0327,bytes=11768140-11869466;bytes=177054365-177963906;bytes=165673928-165848258;bytes=5616508-6512596;bytes=246739263-246877761,a92030a3;e80d2c0a;e086a44b;8f7c2dc1;4c7d324f
1,5,65,success,None,22/Jul/2026:17:07:42.395235,22/Jul/2026:17:07:43.027452,0.6322,1,22/Jul/2026:17:07:37.653611,4.7503,bytes=7765296-7868753,d7940fc3
1,5,78,success,None,22/Jul/2026:17:07:43.027755,22/Jul/2026:17:07:43.691942,0.6642,4,22/Jul/2026:17:07:42.396837;22/Jul/2026:17:07:42.132401;22/Jul/2026:17:07:42.396975;22/Jul/2026:17:07:42.395904,0.6410;0.9056;0.6459;0.6555,bytes=275259621-275367257;bytes=250784208-250950560;bytes=271664798-272539140;bytes=265970310-266870599,a302614f;d639b1ab;803d3af5;97f3e924
1,5,93,success,None,22/Jul/2026:17:07:43.692256,22/Jul/2026:17:07:43.978954,0.2867,5,22/Jul/2026:17:07:42.398086;22/Jul/2026:17:07:42.132717;22/Jul/2026:17:07:43.030332;22/Jul/2026:17:07:43.030196;22/Jul/2026:17:07:41.479017,1.3029;1.5699;0.6758;0.6875;2.2660,bytes=283728233-283843517;bytes=251053473-251149835;bytes=336701984-336799860;bytes=332900130-333004364;bytes=214087073-214251221,8afc103a;6ca1f7cf;b024a2a0;bcf1c8e4;64b19a69
1,5,99,success,None,22/Jul/2026:17:07:43.979243,22/Jul/2026:17:07:44.613698,0.6345,4,22/Jul/2026:17:07:43.692761;22/Jul/2026:17:07:43.979961;22/Jul/2026:17:07:43.694237;22/Jul/2026:17:07:43.980217,0.3053;0.0266;0.3244;0.0392,bytes=378813204-379686937;bytes=405570804-405655099;bytes=393478533-393564246;bytes=409357835-409439357,517bd8c3;b1ffb0a2;b518876b;a5acf365
1,5,112,success,None,22/Jul/2026:17:07:44.614012,22/Jul/2026:17:07:45.224878,0.6109,6,22/Jul/2026:17:07:42.396694;22/Jul/2026:17:07:42.397379;22/Jul/2026:17:07:44.616598;22/Jul/2026:17:07:43.979816;22/Jul/2026:17:07:44.616483;22/Jul/2026:17:07:43.981400,2.2257;2.2263;0.0111;0.6626;0.0324;0.6760,bytes=271261133-271452927;bytes=279454164-279561141;bytes=475291963-475400029;bytes=403586491-404505880;bytes=471326783-471499488;bytes=413892166-414096607,e9aec6eb;dfe96adf;b4f6f425;7f9e07ee;39622c99;db50df2d
1,5,120,success,None,22/Jul/2026:17:07:45.225181,22/Jul/2026:17:07:46.093829,0.8686,5,22/Jul/2026:17:07:42.132178;22/Jul/2026:17:07:43.981263;22/Jul/2026:17:07:44.615364;22/Jul/2026:17:07:45.226443;22/Jul/2026:17:07:44.615848,3.1057;1.2588;0.6371;0.0343;0.6480,bytes=245732603-246620475;bytes=412619641-413529452;bytes=467010151-467103932;bytes=495828934-495929841;bytes=467103933-467295865,63e41ed0;2c6329c0;07345e91;35bdc27f;9cf61355
1,5,126,success,None,22/Jul/2026:17:07:46.094131,22/Jul/2026:17:07:46.338632,0.2445,8,22/Jul/2026:17:07:42.132066;22/Jul/2026:17:07:40.803258;22/Jul/2026:17:07:42.132966;22/Jul/2026:17:07:45.226082;22/Jul/2026:17:07:44.615745;22/Jul/2026:17:07:44.614912;22/Jul/2026:17:07:46.095565;22/Jul/2026:17:07:46.094847,3.9688;5.3002;3.9722;0.8793;1.5020;1.5074;0.0269;0.0443,bytes=243950235-244835070;bytes=174165866-174363373;bytes=251149836-252035494;bytes=495663225-495828933;bytes=466000762-466912682;bytes=462818131-462902767;bytes=524573382-524676354;bytes=516306814-516493574,09c206e0;951f1be2;8d20feda;215c4ed8;9897a84c;04c68411;ee1c0111;54aa3278
1,5,134,success,None,22/Jul/2026:17:07:46.338923,22/Jul/2026:17:07:46.573230,0.2343,7,22/Jul/2026:17:07:45.227475;22/Jul/2026:17:07:43.979736;22/Jul/2026:17:07:44.615194;22/Jul/2026:17:07:46.095621;22/Jul/2026:17:07:40.165703;22/Jul/2026:17:07:46.340443;22/Jul/2026:17:07:43.692835,1.1195;2.3693;1.7349;0.2643;6.2035;0.0341;2.6955,bytes=503966785-504062200;bytes=402694386-403586490;bytes=462902768-463097128;bytes=520894905-521766381;bytes=135741532-136661144;bytes=552830569-552928218;bytes=379686938-380610562,5f282fa4;dbddfeb6;0895b715;1ee7ef71;4683f406;54020032;ecf72aa7
1,5,140,success,None,22/Jul/2026:17:07:46.573531,22/Jul/2026:17:07:47.210550,0.6370,4,22/Jul/2026:17:07:43.028332;22/Jul/2026:17:07:45.226890;22/Jul/2026:17:07:46.575501;22/Jul/2026:17:07:46.339823,3.5537;1.3624;0.0405;0.2824,bytes=318233466-319165358;bytes=499927247-500029960;bytes=582008220-582091562;bytes=548884257-548979988,d496147a;b4ba7083;5a907275;f961e796
1,5,153,success,None,22/Jul/2026:17:07:47.210865,22/Jul/2026:17:07:47.836614,0.6257,6,22/Jul/2026:17:07:46.575051;22/Jul/2026:17:07:43.982057;22/Jul/2026:17:07:46.574495;22/Jul/2026:17:07:47.211693;22/Jul/2026:17:07:46.096789;22/Jul/2026:17:07:45.226383,0.6470;3.2522;0.6666;0.0307;1.1476;2.0314,bytes=581719632-581814453;bytes=418097565-418311418;bytes=577614166-577712977;bytes=630696498-630794134;bytes=528937261-529032096;bytes=494586520-495482628,12aee6e8;2d1b8d17;a6cf0457;19972c53;c8c76ce2;549546d3
1,5,161,success,None,22/Jul/2026:17:07:47.836934,22/Jul/2026:17:07:48.077511,0.2406,9,22/Jul/2026:17:07:46.578357;22/Jul/2026:17:07:46.095346;22/Jul/2026:17:07:46.095102;22/Jul/2026:17:07:47.212572;22/Jul/2026:17:07:47.211506;22/Jul/2026:17:07:47.838846;22/Jul/2026:17:07:47.212191;22/Jul/2026:17:07:47.212245;22/Jul/2026:17:07:47.838790,1.2650;1.7495;1.7508;0.6341;0.6500;0.0236;0.6535;0.6585;0.0455,bytes=585970367-586062657;bytes=519381680-520293486;bytes=520408958-520508740;bytes=638623140-638710759;bytes=625779422-626678676;bytes=671626793-671730179;bytes=634770928-634863717;bytes=631093221-631998024;bytes=671515020-671626792,6629faf6;b90631ce;dd76ac0f;049d86c7;e6aa1f27;7796ca23;c0c0e22c;2b9066c0;c9b970c8
1,5,167,success,None,22/Jul/2026:17:07:48.077817,22/Jul/2026:17:07:48.630356,0.5525,8,22/Jul/2026:17:07:48.079836;22/Jul/2026:17:07:46.574190;22/Jul/2026:17:07:48.079961;22/Jul/2026:17:07:47.212298;22/Jul/2026:17:07:46.096728;22/Jul/2026:17:07:46.340228;22/Jul/2026:17:07:47.837441;22/Jul/2026:17:07:47.838328,0.0129;1.5207;0.0228;0.8940;2.0170;1.7860;0.2964;0.3036,bytes=691750301-691855838;bytes=572526864-573433340;bytes=695527492-695694348;bytes=631998025-632882356;bytes=528844495-528937260;bytes=549988999-550886409;bytes=656251228-657145332;bytes=667343056-667458091,686963c6;1e8568fe;e87c813a;103992b0;ea5915cc;68f761d8;0e1ca05c;3be7f732
1,5,180,success,None,22/Jul/2026:17:07:48.630669,22/Jul/2026:17:07:49.285427,0.6548,5,22/Jul/2026:17:07:48.078982;22/Jul/2026:17:07:47.212517;22/Jul/2026:17:07:47.837518;22/Jul/2026:17:07:46.578420;22/Jul/2026:17:07:48.631432,0.5604;1.4273;0.8062;2.0655;0.0278,bytes=683956836-684851507;bytes=634955073-635051501;bytes=657145333-658069610;bytes=589628499-589797897;bytes=737181074-737289353,5a96b7f9;3e961a85;e7bc2b1e;b2e4ddf3;37a966fb
1,5,186,success,None,22/Jul/2026:17:07:49.285744,22/Jul/2026:17:07:49.925649,0.6399,2,22/Jul/2026:17:07:45.226782;22/Jul/2026:17:07:49.286813,4.0939;0.0643,bytes=497803317-498712849;bytes=765684331-765794576,3f0b7577;1a5e6c53
1,5,193,success,None,22/Jul/2026:17:07:49.925951,22/Jul/2026:17:07:50.628182,0.7022,3,22/Jul/2026:17:07:48.078755;22/Jul/2026:17:07:49.926848;22/Jul/2026:17:07:49.287895,1.8634;0.0260;0.6830,bytes=687528236-687609819;bytes=793999663-794095038;bytes=771247303-772124797,7e8d4832;dd43a476;c21b3338
1,5,211,success,None,22/Jul/2026:17:07:50.628494,22/Jul/2026:17:07:51.063321,0.4348,6,22/Jul/2026:17:07:49.928205;22/Jul/2026:17:07:49.288009;22/Jul/2026:17:07:49.927659;22/Jul/2026:17:07:47.839067;22/Jul/2026:17:07:50.630259;22/Jul/2026:17:07:49.926307,0.7096;1.3538;0.7172;2.8148;0.0465;0.7815,bytes=806093745-806190527;bytes=773049794-773953893;bytes=798125794-798223019;bytes=670606262-671515019;bytes=872623963-872733771;bytes=786402018-787296380,e67967f0;d7b84f6f;9931df17;b1206f1d;76522aa1;09787d20
1,5,217,success,None,22/Jul/2026:17:07:51.063620,22/Jul/2026:17:07:51.683659,0.6200,4,22/Jul/2026:17:07:49.928041;22/Jul/2026:17:07:50.629924;22/Jul/2026:17:07:43.980982;22/Jul/2026:17:07:49.287039,1.1436;0.4553;7.1109;1.8128,bytes=801045269-801938756;bytes=872425440-872542443;bytes=413613256-413698894;bytes=763738163-764659981,905c72cd;7b25b537;dd380ef2;ed36a4e9
1,5,223,success,None,22/Jul/2026:17:07:51.683951,22/Jul/2026:17:07:52.484499,0.8005,7,22/Jul/2026:17:07:50.630426;22/Jul/2026:17:07:51.064913;22/Jul/2026:17:07:49.927768;22/Jul/2026:17:07:51.064796;22/Jul/2026:17:07:50.630540;22/Jul/2026:17:07:49.287512;22/Jul/2026:17:07:47.213091,1.0611;0.6296;1.7667;0.6318;1.0663;2.4204;4.5169,bytes=872733772-873638586;bytes=891655633-892558688;bytes=801938757-802021125;bytes=889863791-890744408;bytes=874524201-875440180;bytes=767964457-768882397;bytes=642740468-642897021,21a3b8b6;bbea3d4d;04be941d;b49ec9c2;70887061;e1d898e8;f6f1f2d2
1,5,230,success,None,22/Jul/2026:17:07:52.484788,22/Jul/2026:17:07:53.344101,0.8593,6,22/Jul/2026:17:07:49.926989;22/Jul/2026:17:07:46.575178;22/Jul/2026:17:07:51.065029;22/Jul/2026:17:07:52.485635;22/Jul/2026:17:07:51.684660;22/Jul/2026:17:07:48.078173,2.5650;5.9211;1.4435;0.0247;0.8295;4.4426,bytes=790387473-791287727;bytes=578116000-579017068;bytes=892986134-893089595;bytes=945756148-945853379;bytes=913599863-913792536;bytes=680029409-680927022,5721e9bb;71d3ef8e;ff966c20;17f9769f;3c3809a0;ee69c284
1,5,236,success,None,22/Jul/2026:17:07:53.344403,22/Jul/2026:17:07:53.615620,0.2712,4,22/Jul/2026:17:07:49.287568;22/Jul/2026:17:07:52.486684;22/Jul/2026:17:07:49.287396;22/Jul/2026:17:07:48.632162,4.0646;0.8661;4.0919;4.7509,bytes=768882398-769788689;bytes=951236066-952136962;bytes=766203657-767083997;bytes=743121808-744027704,9d7e959f;977a2754;7ed2894a;9719efaf
1,5,243,success,None,22/Jul/2026:17:07:53.615925,22/Jul/2026:17:07:54.335749,0.7198,10,22/Jul/2026:17:07:49.287219;22/Jul/2026:17:07:53.346797;22/Jul/2026:17:07:51.684913;22/Jul/2026:17:07:53.345608;22/Jul/2026:17:07:53.345963;22/Jul/2026:17:07:53.346634;22/Jul/2026:17:07:53.346421;22/Jul/2026:17:07:52.486899;22/Jul/2026:17:07:53.345091;22/Jul/2026:17:07:51.064970,4.3345;0.2755;1.9379;0.2776;0.2782;0.2780;0.2847;1.1499;0.2924;2.6437,bytes=765984715-766203656;bytes=983027211-983145168;bytes=917678112-917785463;bytes=969031379-969952610;bytes=971334665-972245078;bytes=979126105-979222678;bytes=975344972-976247995;bytes=954385483-954618363;bytes=966886279-967050402;bytes=892880460-892986133,281464f3;ac484809;92e65321;81674b4d;1b6c3767;18c3fc13;51f0ff15;e8fda655;9b34f215;c79fbcde
1,5,254,success,None,22/Jul/2026:17:07:54.336075,22/Jul/2026:17:07:55.002120,0.6660,4,22/Jul/2026:17:07:53.618547;22/Jul/2026:17:07:53.616987;22/Jul/2026:17:07:53.617424;22/Jul/2026:17:07:54.337040,0.7253;0.7275;0.7427;0.0348,bytes=1011866246-1011983369;bytes=999333797-999414189;bytes=999614523-999794361;bytes=1044835501-1044914701,1a817053;b7f8e03b;25095ae3;bc00b1e9
1,5,264,success,None,22/Jul/2026:17:07:55.002440,22/Jul/2026:17:07:55.848641,0.8462,4,22/Jul/2026:17:07:54.337573;22/Jul/2026:17:07:54.336970;22/Jul/2026:17:07:48.079770;22/Jul/2026:17:07:51.065596,0.6781;0.6801;6.9513;3.9707,bytes=1045128672-1046030386;bytes=1044733553-1044835500;bytes=690544547-691438026;bytes=900816839-900904258,41d75bc5;8ec59bcc;b56a2b5d;fe683dfd
1,5,279,success,None,22/Jul/2026:17:07:55.848939,22/Jul/2026:17:07:56.268464,0.4195,9,22/Jul/2026:17:07:49.927552;22/Jul/2026:17:07:54.338187;22/Jul/2026:17:07:51.685381;22/Jul/2026:17:07:53.617286;22/Jul/2026:17:07:55.003561;22/Jul/2026:17:07:55.002940;22/Jul/2026:17:07:54.337802;22/Jul/2026:17:07:55.003959;22/Jul/2026:17:07:55.003849,5.9277;1.5178;4.1711;2.2394;0.8547;0.8560;1.5266;0.8669;0.8905,bytes=796181226-797079637;bytes=1052070017-1052972425;bytes=917957362-918141925;bytes=998340708-999237454;bytes=1083405543-1084295079;bytes=1079293603-1080170728;bytes=1048931149-1049125980;bytes=1086585600-1087481717;bytes=1090177371-1090272691,4de9dfd6;a6d2811e;e40e2402;eefa7da7;1ece57f7;4dc8e558;6b2d2811;a4575f3b;47cac0ad
1,5,285,success,None,22/Jul/2026:17:07:56.268781,22/Jul/2026:17:07:56.948868,0.6801,3,22/Jul/2026:17:07:55.849725;22/Jul/2026:17:07:54.337294;22/Jul/2026:17:07:54.337179,0.4277;1.9409;1.9878,bytes=1143873207-1143979005;bytes=1043846130-1044733552;bytes=1042030339-1042928619,d9d3a1de;234f812a;bf6fcbc2
1,5,296,success,None,22/Jul/2026:17:07:56.949181,22/Jul/2026:17:07:57.542294,0.5931,6,22/Jul/2026:17:07:56.270914;22/Jul/2026:17:07:56.269919;22/Jul/2026:17:07:53.617554;22/Jul/2026:17:07:56.951578;22/Jul/2026:17:07:56.951136;22/Jul/2026:17:07:55.851148,0.6862;0.6908;3.3435;0.0215;0.0322;1.1440,bytes=1178006849-1178890180;bytes=1172765519-1172882409;bytes=1003522846-1003611197;bytes=1230313675-1230454211;bytes=1226247208-1226344341;bytes=1156165205-1156366250,4247bf10;665b591b;54f4f92f;6ef6924f;c34f0f28;6a72001b
1,5,303,success,None,22/Jul/2026:17:07:57.542609,22/Jul/2026:17:07:57.954755,0.4121,7,22/Jul/2026:17:07:56.270754;22/Jul/2026:17:07:53.618020;22/Jul/2026:17:07:55.850876;22/Jul/2026:17:07:55.003152;22/Jul/2026:17:07:56.951306;22/Jul/2026:17:07:56.951415;22/Jul/2026:17:07:57.544500,1.2798;3.9330;1.7011;2.5500;0.6024;0.6027;0.0246,bytes=1180699054-1180904564;bytes=1007629604-1007730427;bytes=1156067608-1156165204;bytes=1082299062-1082411368;bytes=1224351174-1225256115;bytes=1226344342-1226446784;bytes=1255080051-1255184804,cc287405;984f17bf;47ecc1b4;e1afcf9c;c1ea63fa;0d83525b;c3ad6fd5
1,5,311,success,None,22/Jul/2026:17:07:57.955074,22/Jul/2026:17:07:58.419010,0.4639,7,22/Jul/2026:17:07:53.346136;22/Jul/2026:17:07:57.543763;22/Jul/2026:17:07:56.949961;22/Jul/2026:17:07:57.543591;22/Jul/2026:17:07:55.003018;22/Jul/2026:17:07:57.544611;22/Jul/2026:17:07:57.956882,4.6157;0.4195;1.0142;0.4218;2.9631;0.4332;0.0290,bytes=974038489-974934996;bytes=1244742863-1245661997;bytes=1214297949-1214484452;bytes=1246647977-1246729355;bytes=1080170729-1081053818;bytes=1252226755-1253118415;bytes=1284289117-1284392424,a88b9b7b;176cccc4;f3226607;5b47d815;e97059b3;d9108efb;66cfa6fd
1,5,333,success,None,22/Jul/2026:17:07:58.419323,22/Jul/2026:17:07:58.845862,0.4265,4,22/Jul/2026:17:07:57.956316;22/Jul/2026:17:07:57.956063;22/Jul/2026:17:07:56.951360;22/Jul/2026:17:07:57.544163,0.4760;0.4804;1.5042;0.9134,bytes=1278905953-1279795872;bytes=1276232857-1277128516;bytes=1225256116-1226155840;bytes=1248002723-1248895254,5da6e5aa;a8cfd5a1;53afb8db;5fa470bf
1,5,342,success,None,22/Jul/2026:17:07:58.846166,22/Jul/2026:17:07:59.120813,0.2746,6,22/Jul/2026:17:07:57.956441;22/Jul/2026:17:07:54.336861;22/Jul/2026:17:07:51.065711;22/Jul/2026:17:07:57.544553;22/Jul/2026:17:07:58.420942;22/Jul/2026:17:07:58.420074,0.8967;4.5172;7.7892;1.3109;0.4399;0.4459,bytes=1280244504-1280342537;bytes=1041016744-1041131963;bytes=897985757-898883935;bytes=1251351321-1252226754;bytes=1373877306-1374767609;bytes=1366926798-1367041586,266919e0;9cf7ec50;822e6032;321b3aa4;09d80dc9;0d880e73
1,5,348,success,None,22/Jul/2026:17:07:59.121143,22/Jul/2026:17:07:59.786304,0.6652,3,22/Jul/2026:17:07:58.421270;22/Jul/2026:17:07:58.847774;22/Jul/2026:17:07:56.270702,0.7169;0.2904;2.8745,bytes=1376072043-1376954190;bytes=1410999812-1411903763;bytes=1177002926-1177110086,50686dbf;b868abfb;839bf63a
1,5,361,success,None,22/Jul/2026:17:07:59.786624,22/Jul/2026:17:08:00.411227,0.6246,4,22/Jul/2026:17:07:59.122978;22/Jul/2026:17:07:58.847284;22/Jul/2026:17:07:59.788833;22/Jul/2026:17:07:59.787955,0.6704;0.9484;0.0094;0.0397,bytes=1433722551-1434613342;bytes=1405849072-1406767120;bytes=1498360773-1498460367;bytes=1490160123-1490239682,f5e237f3;7eea0ac0;262b0c46;5bbc68ee
1,5,373,success,None,22/Jul/2026:17:08:00.411532,22/Jul/2026:17:08:00.930950,0.5194,7,22/Jul/2026:17:07:59.123651;22/Jul/2026:17:07:59.123767;22/Jul/2026:17:07:59.123586;22/Jul/2026:17:08:00.413468;22/Jul/2026:17:08:00.412432;22/Jul/2026:17:07:58.847507;22/Jul/2026:17:08:00.413365,1.2948;1.2961;1.2977;0.0197;0.0267;1.5925;0.0282,bytes=1440634552-1440732956;bytes=1444456723-1444533543;bytes=1439564341-1440460176;bytes=1543906327-1543997920;bytes=1535812065-1535933208;bytes=1411903764-1412025890;bytes=1540037817-1540150703,2cd137f3;582973c7;6baa4059;2d9c9293;753bcb7f;a6d98efb;e8447a0d
1,5,383,success,None,22/Jul/2026:17:08:00.931263,22/Jul/2026:17:08:01.542314,0.6110,8,22/Jul/2026:17:07:58.847987;22/Jul/2026:17:08:00.412846;22/Jul/2026:17:08:00.412349;22/Jul/2026:17:07:59.122661;22/Jul/2026:17:07:58.421588;22/Jul/2026:17:08:00.932951;22/Jul/2026:17:07:59.787115;22/Jul/2026:17:07:59.123408,2.0905;0.5273;0.5295;1.8246;2.5351;0.0261;1.1811;1.8450,bytes=1416180801-1416292472;bytes=1534914651-1535812064;bytes=1532092582-1532210323;bytes=1432607176-1432718128;bytes=1382804331-1382919232;bytes=1581917341-1582029485;bytes=1479162819-1480057985;bytes=1436857923-1437758448,cf97a372;02d86a66;314cf5bd;7b03e5db;2cc5bd1a;2ddda8d8;8cb01c73;277292ae
1,5,396,success,None,22/Jul/2026:17:08:01.542671,22/Jul/2026:17:08:01.794589,0.2519,7,22/Jul/2026:17:08:00.931621;22/Jul/2026:17:08:00.412641;22/Jul/2026:17:08:00.932556;22/Jul/2026:17:07:58.847883;22/Jul/2026:17:08:01.544708;22/Jul/2026:17:08:01.544654;22/Jul/2026:17:08:01.543622,0.6208;1.1436;0.6274;2.7303;0.0354;0.0393;0.0535,bytes=1569626027-1570528440;bytes=1532210324-1533108244;bytes=1581416635-1581618813;bytes=1412278430-1412465871;bytes=1639657031-1639740972;bytes=1635938939-1636052116;bytes=1627479652-1627592322,3af90084;e23e2b00;7e2340ea;7cca115e;ed4f5260;e425105a;b3196023
1,5,408,success,None,22/Jul/2026:17:08:01.794896,22/Jul/2026:17:08:02.475285,0.6804,1,22/Jul/2026:17:08:00.412033,1.3895,bytes=1528902070-1529786748,3c16322f
1,5,419,success,None,22/Jul/2026:17:08:02.475595,22/Jul/2026:17:08:02.855344,0.3797,6,22/Jul/2026:17:08:01.543844;22/Jul/2026:17:08:01.543971;22/Jul/2026:17:08:00.932382;22/Jul/2026:17:08:02.477361;22/Jul/2026:17:08:00.932895;22/Jul/2026:17:07:56.951249,0.9402;0.9404;1.5658;0.0230;1.5700;5.5613,bytes=1631518880-1631706528;bytes=1628610627-1629493632;bytes=1576323758-1577230198;bytes=1730891984-1731011212;bytes=1581797740-1581917340;bytes=1223478370-1224351173,5d0c0c2d;204578c3;f61d35ff;f347057d;7bbffaf6;2a281008
1,5,431,success,None,22/Jul/2026:17:08:02.855665,22/Jul/2026:17:08:03.504362,0.6487,8,22/Jul/2026:17:08:02.477306;22/Jul/2026:17:08:01.544260;22/Jul/2026:17:08:02.856505;22/Jul/2026:17:08:02.857479;22/Jul/2026:17:08:00.412781;22/Jul/2026:17:08:02.857880;22/Jul/2026:17:08:01.796464;22/Jul/2026:17:07:56.950968,0.3866;1.3332;0.0213;0.0246;2.4713;0.0264;1.1496;6.0017,bytes=1729710490-1730607334;bytes=1635518176-1635698052;bytes=1772396262-1772498628;bytes=1784188874-1784332158;bytes=1534002612-1534914650;bytes=1784527551-1784634464;bytes=1681277533-1681392847;bytes=1222401494-1222491657,02f2c1ce;6ef065b1;9298edfb;43e27e64;66724ee8;6ea4e121;defbcdeb;2860c76f
1,5,438,success,None,22/Jul/2026:17:08:03.504674,22/Jul/2026:17:08:03.924991,0.4203,3,22/Jul/2026:17:08:01.796602;22/Jul/2026:17:08:03.506493;22/Jul/2026:17:08:03.506435,1.7284;0.0242;0.0333,bytes=1685078692-1685171915;bytes=1813548860-1813669257;bytes=1813426252-1813548859,3e940f05;fe571952;34fd73da
1,5,444,success,None,22/Jul/2026:17:08:03.925305,22/Jul/2026:17:08:04.750467,0.8252,6,22/Jul/2026:17:08:03.505398;22/Jul/2026:17:08:01.544374;22/Jul/2026:17:08:03.506155;22/Jul/2026:17:08:02.857534;22/Jul/2026:17:08:03.926163;22/Jul/2026:17:08:03.927632,0.4307;2.3919;0.4315;1.0929;0.0357;0.0371,bytes=1801008114-1801212263;bytes=1631932943-1632824561;bytes=1806569642-1807439917;bytes=1784332159-1784412679;bytes=1826089896-1826199659;bytes=1842008128-1842107177,d41261c5;f5830a42;d86a14ef;a1fbabe9;54a59afa;46a939b0
1,5,450,success,None,22/Jul/2026:17:08:04.750760,22/Jul/2026:17:08:05.386686,0.6359,4,22/Jul/2026:17:08:01.544767;22/Jul/2026:17:08:03.927473;22/Jul/2026:17:08:04.751684;22/Jul/2026:17:08:04.752258,3.2180;0.8367;0.0293;0.0305,bytes=1639740973-1639831648;bytes=1838079961-1838193053;bytes=1854822452-1854939219;bytes=1859054564-1859171999,c9e97637;c12d5f69;9e14ce06;c1bcda85
1,5,457,success,None,22/Jul/2026:17:08:05.387006,22/Jul/2026:17:08:05.630056,0.2430,10,22/Jul/2026:17:08:01.797217;22/Jul/2026:17:08:02.477628;22/Jul/2026:17:08:03.926221;22/Jul/2026:17:08:03.927188;22/Jul/2026:17:08:04.752646;22/Jul/2026:17:08:02.856623;22/Jul/2026:17:08:03.506602;22/Jul/2026:17:08:04.752817;22/Jul/2026:17:08:05.388897;22/Jul/2026:17:08:03.926276,3.5990;2.9195;1.4742;1.4737;0.6554;2.5561;1.9061;0.6701;0.0344;1.5026,bytes=1689195283-1689288063;bytes=1732020987-1732915200;bytes=1829777387-1829982046;bytes=1837991559-1838079960;bytes=1863150783-1863278790;bytes=1776269552-1776388447;bytes=1810730976-1811601194;bytes=1860436809-1861322234;bytes=1891927243-1892014276;bytes=1829982047-1830092225,9ff4acd5;07201968;af8b6482;b214f575;39488753;b2d102db;ddb3b800;75957443;12adcf39;da227ce4
1,5,464,success,None,22/Jul/2026:17:08:05.630361,22/Jul/2026:17:08:06.071986,0.4416,4,22/Jul/2026:17:08:03.927026;22/Jul/2026:17:08:04.752873;22/Jul/2026:17:08:04.753146;22/Jul/2026:17:08:01.796740,1.7094;0.8867;0.9023;3.8713,bytes=1834076349-1834190683;bytes=1861322235-1862240855;bytes=1867361082-1867481997;bytes=1681502460-1682395238,da1abb0a;d9e96d82;4e5956b3;1088a1af
2,5,0,success,None,22/Jul/2026:17:08:06.082679,22/Jul/2026:17:08:06.704969,0.6223,5,22/Jul/2026:17:07:16.154005;22/Jul/2026:17:08:06.084226;22/Jul/2026:17:08:06.084764;22/Jul/2026:17:08:06.085226;22/Jul/2026:17:07:39.314936,49.9518;0.0273;0.0294;0.0409;26.8615,bytes=1200262518-1205505421;bytes=7765296-7868753;bytes=11869467-11975123;bytes=15826721-15930431;bytes=113023754-113121790,75a3272c;431f633e;eba8e41c;2174a57f;3db763cd
2,5,17,success,None,22/Jul/2026:17:08:06.082901,22/Jul/2026:17:08:06.819729,0.7368,8,22/Jul/2026:17:07:16.154005;22/Jul/2026:17:08:06.084226;22/Jul/2026:17:08:06.084764;22/Jul/2026:17:08:06.085226;22/Jul/2026:17:07:39.314936;22/Jul/2026:17:08:05.387980;22/Jul/2026:17:08:06.083623;22/Jul/2026:17:08:06.085641,49.9518;0.0273;0.0294;0.0409;26.8615;1.3318;0.6457;0.6475,bytes=1200262518-1205505421;bytes=7765296-7868753;bytes=11869467-11975123;bytes=15826721-15930431;bytes=113023754-113121790;bytes=1883875390-1883994375;bytes=2750475-3652495;bytes=71156595-72061761,75a3272c;431f633e;eba8e41c;2174a57f;3db763cd;372905fa;90a950e0;da878ae2
2,5,24,success,None,22/Jul/2026:17:08:06.705268,22/Jul/2026:17:08:07.407064,0.7018,5,22/Jul/2026:17:08:05.387980;22/Jul/2026:17:08:06.083623;22/Jul/2026:17:08:06.085641;22/Jul/2026:17:08:06.707573;22/Jul/2026:17:07:05.995799,1.3318;0.6457;0.6475;0.1220;60.8359,bytes=1883875390-1883994375;bytes=2750475-3652495;bytes=71156595-72061761;bytes=116816908-116895549;bytes=528623860-533866763,372905fa;90a950e0;da878ae2;624e8747;bd7c4338
2,5,30,success,None,22/Jul/2026:17:08:06.820081,22/Jul/2026:17:08:07.451422,0.6313,5,22/Jul/2026:17:08:06.707573;22/Jul/2026:17:07:05.995799;22/Jul/2026:17:08:06.084650;22/Jul/2026:17:08:06.085894;22/Jul/2026:17:08:06.085171,0.1220;60.8359;1.3285;1.3338;1.3365,bytes=116816908-116895549;bytes=528623860-533866763;bytes=10652387-11533998;bytes=73521221-74409701;bytes=15733140-15826720,624e8747;bd7c4338;317736fd;2ed6ff2b;7362f132
2,5,50,success,None,22/Jul/2026:17:08:07.451746,22/Jul/2026:17:08:08.115642,0.6639,8,22/Jul/2026:17:08:07.409727;22/Jul/2026:17:08:05.633119;22/Jul/2026:17:08:07.409839;22/Jul/2026:17:08:03.926623;22/Jul/2026:17:07:38.521528;22/Jul/2026:17:08:07.453376;22/Jul/2026:17:08:07.408997;22/Jul/2026:17:08:07.453566,0.0503;1.8298;0.0544;3.5389;28.9456;0.0288;0.0780;0.0398,bytes=178158114-178336996;bytes=1925203335-1925388654;bytes=182125238-182228660;bytes=1830212579-1830328857;bytes=68439901-69336061;bytes=210146177-210234183;bytes=173892655-173982061;bytes=214011272-214087072,bcd47e44;463bfc0f;760be6aa;b209cdb6;d4b53ebd;710ee66b;502a5e09;037f5c6d
2,5,40,success,None,22/Jul/2026:17:08:07.407389,22/Jul/2026:17:08:08.271787,0.8644,14,22/Jul/2026:17:08:06.084650;22/Jul/2026:17:08:06.085894;22/Jul/2026:17:08:06.085171;22/Jul/2026:17:08:07.409727;22/Jul/2026:17:08:05.633119;22/Jul/2026:17:08:07.409839;22/Jul/2026:17:08:03.926623;22/Jul/2026:17:07:38.521528;22/Jul/2026:17:08:07.453376;22/Jul/2026:17:08:07.408997;22/Jul/2026:17:08:07.453566;22/Jul/2026:17:07:46.341109;22/Jul/2026:17:08:08.116885;22/Jul/2026:17:08:06.706452,1.3285;1.3338;1.3365;0.0503;1.8298;0.0544;3.5389;28.9456;0.0288;0.0780;0.0398;21.7919;0.0310;1.4527,bytes=10652387-11533998;bytes=73521221-74409701;bytes=15733140-15826720;bytes=178158114-178336996;bytes=1925203335-1925388654;bytes=182125238-182228660;bytes=1830212579-1830328857;bytes=68439901-69336061;bytes=210146177-210234183;bytes=173892655-173982061;bytes=214011272-214087072;bytes=560825434-560916004;bytes=246739263-246877761;bytes=103782302-104682993,317736fd;2ed6ff2b;7362f132;bcd47e44;463bfc0f;760be6aa;b209cdb6;d4b53ebd;710ee66b;502a5e09;037f5c6d;4e129131;5129f73e;bb9782aa
2,5,59,success,None,22/Jul/2026:17:08:08.115938,22/Jul/2026:17:08:08.709230,0.5933,7,22/Jul/2026:17:07:46.341109;22/Jul/2026:17:08:08.116885;22/Jul/2026:17:08:06.706452;22/Jul/2026:17:08:07.452905;22/Jul/2026:17:08:08.117137;22/Jul/2026:17:08:08.117599;22/Jul/2026:17:08:06.706336,21.7919;0.0310;1.4527;0.8273;0.1656;0.1755;1.5951,bytes=560825434-560916004;bytes=246739263-246877761;bytes=103782302-104682993;bytes=206305030-206401708;bytes=245732603-246620475;bytes=249736122-250632730;bytes=101996756-102885289,4e129131;5129f73e;bb9782aa;f9ddc531;333e1ed3;fe4e53fd;80cdfbc3
2,5,65,success,None,22/Jul/2026:17:08:08.272142,22/Jul/2026:17:08:08.932608,0.6605,12,22/Jul/2026:17:08:07.452905;22/Jul/2026:17:08:08.117137;22/Jul/2026:17:08:08.117599;22/Jul/2026:17:08:06.706336;22/Jul/2026:17:08:07.453939;22/Jul/2026:17:08:07.453317;22/Jul/2026:17:08:07.452629;22/Jul/2026:17:08:08.711555;22/Jul/2026:17:08:08.272810;22/Jul/2026:17:08:08.710986;22/Jul/2026:17:08:07.408026;22/Jul/2026:17:08:07.409335,0.8273;0.1656;0.1755;1.5951;1.2659;1.2811;1.2848;0.0308;0.4695;0.0325;1.3455;1.3456,bytes=206305030-206401708;bytes=245732603-246620475;bytes=249736122-250632730;bytes=101996756-102885289;bytes=214251222-214424171;bytes=209098188-209995177;bytes=203377427-204265382;bytes=332696831-332798845;bytes=265970310-266870599;bytes=328449166-328561210;bytes=163688832-164609188;bytes=174165866-174363373,f9ddc531;333e1ed3;fe4e53fd;80cdfbc3;00f6475d;408506b8;677c812e;03a973c5;58dff891;c2d35651;cc773096;021fd989
2,5,78,success,None,22/Jul/2026:17:08:08.709538,22/Jul/2026:17:08:08.958150,0.2486,13,22/Jul/2026:17:08:07.453939;22/Jul/2026:17:08:07.453317;22/Jul/2026:17:08:07.452629;22/Jul/2026:17:08:08.711555;22/Jul/2026:17:08:08.272810;22/Jul/2026:17:08:08.710986;22/Jul/2026:17:08:07.408026;22/Jul/2026:17:08:07.409335;22/Jul/2026:17:08:08.272526;22/Jul/2026:17:08:08.710321;22/Jul/2026:17:08:08.936299;22/Jul/2026:17:08:06.086142;22/Jul/2026:17:08:08.273081,1.2659;1.2811;1.2848;0.0308;0.4695;0.0325;1.3455;1.3456;0.6702;0.2324;0.0075;2.8588;0.6719,bytes=214251222-214424171;bytes=209098188-209995177;bytes=203377427-204265382;bytes=332696831-332798845;bytes=265970310-266870599;bytes=328449166-328561210;bytes=163688832-164609188;bytes=174165866-174363373;bytes=263235810-264136702;bytes=320270580-320471547;bytes=391592469-392490561;bytes=80537203-80633330;bytes=271068061-271165755,00f6475d;408506b8;677c812e;03a973c5;58dff891;c2d35651;cc773096;021fd989;93afbfb5;bc14bbcc;86228264;3d590467;25f2c0dd
2,5,93,success,None,22/Jul/2026:17:08:08.932946,22/Jul/2026:17:08:09.788665,0.8557,8,22/Jul/2026:17:08:08.272526;22/Jul/2026:17:08:08.710321;22/Jul/2026:17:08:08.936299;22/Jul/2026:17:08:06.086142;22/Jul/2026:17:08:08.273081;22/Jul/2026:17:08:08.273607;22/Jul/2026:17:08:08.935548;22/Jul/2026:17:08:08.936433,0.6702;0.2324;0.0075;2.8588;0.6719;0.6889;0.0343;0.0355,bytes=263235810-264136702;bytes=320270580-320471547;bytes=391592469-392490561;bytes=80537203-80633330;bytes=271068061-271165755;bytes=271261133-271452927;bytes=393391276-393478532;bytes=393564247-393661500,93afbfb5;bc14bbcc;86228264;3d590467;25f2c0dd;efd5ed1b;9a16c81d;644e885f
2,5,99,success,None,22/Jul/2026:17:08:08.958483,22/Jul/2026:17:08:09.808581,0.8501,6,22/Jul/2026:17:08:08.273607;22/Jul/2026:17:08:08.935548;22/Jul/2026:17:08:08.936433;22/Jul/2026:17:08:08.936499;22/Jul/2026:17:08:08.936631;22/Jul/2026:17:08:06.707254,0.6889;0.0343;0.0355;0.8649;0.8648;3.0949,bytes=271261133-271452927;bytes=393391276-393478532;bytes=393564247-393661500;bytes=393661501-393747917;bytes=397470085-397604781;bytes=110057073-110958630,efd5ed1b;9a16c81d;644e885f;5d6d79fb;e201dfcd;6f66e4e0
2,5,112,success,None,22/Jul/2026:17:08:09.788994,22/Jul/2026:17:08:10.303836,0.5148,12,22/Jul/2026:17:08:08.936499;22/Jul/2026:17:08:08.936631;22/Jul/2026:17:08:06.707254;22/Jul/2026:17:08:09.790405;22/Jul/2026:17:08:08.275142;22/Jul/2026:17:08:08.961239;22/Jul/2026:17:08:08.961502;22/Jul/2026:17:08:06.822790;22/Jul/2026:17:08:07.409169;22/Jul/2026:17:08:08.934276;22/Jul/2026:17:08:08.117880;22/Jul/2026:17:08:09.790780,0.8649;0.8648;3.0949;0.0204;1.5421;0.8572;0.8680;3.0072;2.4222;0.8981;1.7270;0.0624,bytes=393661501-393747917;bytes=397470085-397604781;bytes=110057073-110958630;bytes=462818131-462902767;bytes=283630508-283728232;bytes=415878394-416807682;bytes=421916934-422028696;bytes=137758750-137856973;bytes=171966297-172888000;bytes=382819665-383694759;bytes=251149836-252035494;bytes=463097129-463302668,5d6d79fb;e201dfcd;6f66e4e0;0ddf5fd7;8e146f17;03b607ae;a79ad4f0;ef2d2f05;1e1a13ee;0dc3a6d7;8ddecd34;29014c8e
2,5,120,success,None,22/Jul/2026:17:08:09.808942,22/Jul/2026:17:08:10.452252,0.6433,11,22/Jul/2026:17:08:09.790405;22/Jul/2026:17:08:08.275142;22/Jul/2026:17:08:08.961239;22/Jul/2026:17:08:08.961502;22/Jul/2026:17:08:06.822790;22/Jul/2026:17:08:07.409169;22/Jul/2026:17:08:08.934276;22/Jul/2026:17:08:08.117880;22/Jul/2026:17:08:09.790780;22/Jul/2026:17:08:09.789895;22/Jul/2026:17:08:09.811663,0.0204;1.5421;0.8572;0.8680;3.0072;2.4222;0.8981;1.7270;0.0624;0.5235;0.5325,bytes=462818131-462902767;bytes=283630508-283728232;bytes=415878394-416807682;bytes=421916934-422028696;bytes=137758750-137856973;bytes=171966297-172888000;bytes=382819665-383694759;bytes=251149836-252035494;bytes=463097129-463302668;bytes=456740729-457667935;bytes=493692249-494586519,0ddf5fd7;8e146f17;03b607ae;a79ad4f0;ef2d2f05;1e1a13ee;0dc3a6d7;8ddecd34;29014c8e;a08ef04b;59af3249
2,5,134,success,None,22/Jul/2026:17:08:10.452544,22/Jul/2026:17:08:11.137664,0.6851,6,22/Jul/2026:17:08:10.305446;22/Jul/2026:17:08:08.935349;22/Jul/2026:17:08:09.811545;22/Jul/2026:17:08:09.790721;22/Jul/2026:17:08:09.812409;22/Jul/2026:17:08:10.305098,0.1532;1.5234;0.6492;0.6710;0.6597;0.1691,bytes=518457446-519381679;bytes=388560401-389466134;bytes=491929019-492812314;bytes=462902768-463097128;bytes=497803317-498712849;bytes=520293487-520408957,50852822;97dbe36a;fb3369de;016cca96;eb656952;ab79f929
2,5,126,success,None,22/Jul/2026:17:08:10.304157,22/Jul/2026:17:08:11.143985,0.8398,8,22/Jul/2026:17:08:09.789895;22/Jul/2026:17:08:09.811663;22/Jul/2026:17:08:10.305446;22/Jul/2026:17:08:08.935349;22/Jul/2026:17:08:09.811545;22/Jul/2026:17:08:09.790721;22/Jul/2026:17:08:09.812409;22/Jul/2026:17:08:10.305098,0.5235;0.5325;0.1532;1.5234;0.6492;0.6710;0.6597;0.1691,bytes=456740729-457667935;bytes=493692249-494586519;bytes=518457446-519381679;bytes=388560401-389466134;bytes=491929019-492812314;bytes=462902768-463097128;bytes=497803317-498712849;bytes=520293487-520408957,a08ef04b;59af3249;50852822;97dbe36a;fb3369de;016cca96;eb656952;ab79f929
2,5,153,success,None,22/Jul/2026:17:08:11.144293,22/Jul/2026:17:08:11.721573,0.5773,8,22/Jul/2026:17:08:08.960132;22/Jul/2026:17:08:09.790114;22/Jul/2026:17:08:06.707136;22/Jul/2026:17:08:10.453530;22/Jul/2026:17:08:10.454375;22/Jul/2026:17:08:10.306938;22/Jul/2026:17:08:10.454773;22/Jul/2026:17:08:10.453987,2.1868;1.3573;4.4404;0.7044;0.7125;0.8619;0.7280;0.7398,bytes=409696330-409893901;bytes=458733862-458890133;bytes=112848800-112934026;bytes=549086863-549988998;bytes=556996039-557197595;bytes=532649117-532745252;bytes=558093136-558993544;bytes=556740361-556825487,cc25d189;6a72866a;6dad039d;ee15aa4a;25dca975;4a9982d0;94bb8803;0fb10ef8
2,5,140,success,None,22/Jul/2026:17:08:11.137980,22/Jul/2026:17:08:12.190606,1.0526,13,22/Jul/2026:17:08:08.960132;22/Jul/2026:17:08:09.790114;22/Jul/2026:17:08:06.707136;22/Jul/2026:17:08:10.453530;22/Jul/2026:17:08:10.454375;22/Jul/2026:17:08:10.306938;22/Jul/2026:17:08:10.454773;22/Jul/2026:17:08:10.453987;22/Jul/2026:17:08:10.454438;22/Jul/2026:17:08:10.304874;22/Jul/2026:17:08:08.274028;22/Jul/2026:17:08:08.710658;22/Jul/2026:17:08:11.146135,2.1868;1.3573;4.4404;0.7044;0.7125;0.8619;0.7280;0.7398;1.2762;1.4286;3.4597;3.0257;0.5996,bytes=409696330-409893901;bytes=458733862-458890133;bytes=112848800-112934026;bytes=549086863-549988998;bytes=556996039-557197595;bytes=532649117-532745252;bytes=558093136-558993544;bytes=556740361-556825487;bytes=560825434-560916004;bytes=516306814-516493574;bytes=273425415-274345814;bytes=321553735-322428761;bytes=631093221-631998024,cc25d189;6a72866a;6dad039d;ee15aa4a;25dca975;4a9982d0;94bb8803;0fb10ef8;5f0f8833;2803d749;a1d78539;0befd023;6aa4f6f3
2,5,161,success,None,22/Jul/2026:17:08:11.721886,22/Jul/2026:17:08:12.767024,1.0451,13,22/Jul/2026:17:08:10.454438;22/Jul/2026:17:08:10.304874;22/Jul/2026:17:08:08.274028;22/Jul/2026:17:08:08.710658;22/Jul/2026:17:08:11.146135;22/Jul/2026:17:08:08.934061;22/Jul/2026:17:08:11.140004;22/Jul/2026:17:08:11.722389;22/Jul/2026:17:08:10.306794;22/Jul/2026:17:08:11.141313;22/Jul/2026:17:08:11.139087;22/Jul/2026:17:08:11.722653;22/Jul/2026:17:08:11.141404,1.2762;1.4286;3.4597;3.0257;0.5996;3.2641;1.0600;0.4794;1.8956;1.0622;1.0705;0.4964;1.0806,bytes=560825434-560916004;bytes=516306814-516493574;bytes=273425415-274345814;bytes=321553735-322428761;bytes=631093221-631998024;bytes=385509523-385600051;bytes=581719632-581814453;bytes=656251228-657145332;bytes=528844495-528937260;bytes=585970367-586062657;bytes=573644371-573813792;bytes=659347482-659554981;bytes=589628499-589797897,5f0f8833;2803d749;a1d78539;0befd023;6aa4f6f3;b5be82ca;3fb3ec55;bd600cc5;67f9a88f;c1f7ee38;2f86000d;919b6b7f;60a3fd6f
2,5,167,success,None,22/Jul/2026:17:08:12.190918,22/Jul/2026:17:08:12.801446,0.6105,15,22/Jul/2026:17:08:08.934061;22/Jul/2026:17:08:11.140004;22/Jul/2026:17:08:11.722389;22/Jul/2026:17:08:10.306794;22/Jul/2026:17:08:11.141313;22/Jul/2026:17:08:11.139087;22/Jul/2026:17:08:11.722653;22/Jul/2026:17:08:11.141404;22/Jul/2026:17:08:12.192764;22/Jul/2026:17:08:12.768791;22/Jul/2026:17:08:07.453874;22/Jul/2026:17:08:08.934733;22/Jul/2026:17:08:11.145058;22/Jul/2026:17:08:11.146365;22/Jul/2026:17:08:11.724313,3.2641;1.0600;0.4794;1.8956;1.0622;1.0705;0.4964;1.0806;0.5798;0.0079;5.3242;3.8450;1.6446;1.6525;1.0747,bytes=385509523-385600051;bytes=581719632-581814453;bytes=656251228-657145332;bytes=528844495-528937260;bytes=585970367-586062657;bytes=573644371-573813792;bytes=659347482-659554981;bytes=589628499-589797897;bytes=689638075-690544546;bytes=737289354-738184007;bytes=214087073-214251221;bytes=384607392-385509522;bytes=624857988-625779421;bytes=634863718-634955072;bytes=671887942-672069898,b5be82ca;3fb3ec55;bd600cc5;67f9a88f;c1f7ee38;2f86000d;919b6b7f;60a3fd6f;e469c8ca;318ef813;89739af2;ce4cb600;89de90f9;f06d92aa;a810050b
2,5,186,success,None,22/Jul/2026:17:08:12.801754,22/Jul/2026:17:08:13.474426,0.6727,3,22/Jul/2026:17:08:08.117256;22/Jul/2026:17:08:12.193468;22/Jul/2026:17:08:12.192824,4.7008;0.6562;0.6756,bytes=246978779-247076166;bytes=694635758-695527491;bytes=690544547-691438026,71851f46;fb31b002;f954d999
2,5,180,success,None,22/Jul/2026:17:08:12.767352,22/Jul/2026:17:08:13.543194,0.7758,15,22/Jul/2026:17:08:12.192764;22/Jul/2026:17:08:12.768791;22/Jul/2026:17:08:07.453874;22/Jul/2026:17:08:08.934733;22/Jul/2026:17:08:11.145058;22/Jul/2026:17:08:11.146365;22/Jul/2026:17:08:11.724313;22/Jul/2026:17:08:08.117256;22/Jul/2026:17:08:12.193468;22/Jul/2026:17:08:12.192824;22/Jul/2026:17:08:12.768652;22/Jul/2026:17:08:08.711300;22/Jul/2026:17:08:08.961055;22/Jul/2026:17:08:12.769960;22/Jul/2026:17:08:11.724366,0.5798;0.0079;5.3242;3.8450;1.6446;1.6525;1.0747;4.7008;0.6562;0.6756;0.7163;4.7748;4.5308;0.7319;1.7783,bytes=689638075-690544546;bytes=737289354-738184007;bytes=214087073-214251221;bytes=384607392-385509522;bytes=624857988-625779421;bytes=634863718-634955072;bytes=671887942-672069898;bytes=246978779-247076166;bytes=694635758-695527491;bytes=690544547-691438026;bytes=740875408-741009892;bytes=327540732-328449165;bytes=417817753-417916780;bytes=747119317-748037542;bytes=675646303-675754357,e469c8ca;318ef813;89739af2;ce4cb600;89de90f9;f06d92aa;a810050b;71851f46;fb31b002;f954d999;6a687aa4;11684403;29529b37;8beb81cf;2c3210af
2,5,211,success,None,22/Jul/2026:17:08:13.543521,22/Jul/2026:17:08:13.816111,0.2726,4,22/Jul/2026:17:08:07.408813;22/Jul/2026:17:08:13.477374;22/Jul/2026:17:08:13.546157;22/Jul/2026:17:08:12.802324,6.1501;0.0865;0.0339;0.7843,bytes=169796149-169969711;bytes=802287696-802474179;bytes=876555465-876650552;bytes=758605300-759497059,35fa68c7;a7990042;08af4ac8;d3046ed1
2,5,193,success,None,22/Jul/2026:17:08:13.474731,22/Jul/2026:17:08:13.899217,0.4245,16,22/Jul/2026:17:08:12.768652;22/Jul/2026:17:08:08.711300;22/Jul/2026:17:08:08.961055;22/Jul/2026:17:08:12.769960;22/Jul/2026:17:08:11.724366;22/Jul/2026:17:08:07.408813;22/Jul/2026:17:08:13.477374;22/Jul/2026:17:08:13.546157;22/Jul/2026:17:08:12.802324;22/Jul/2026:17:08:12.192051;22/Jul/2026:17:08:09.811358;22/Jul/2026:17:08:13.545227;22/Jul/2026:17:08:11.723701;22/Jul/2026:17:08:12.803420;22/Jul/2026:17:08:13.475899;22/Jul/2026:17:08:13.544020,0.7163;4.7748;4.5308;0.7319;1.7783;6.1501;0.0865;0.0339;0.7843;1.6315;4.0133;0.2803;2.1022;1.0227;0.3619;0.3198,bytes=740875408-741009892;bytes=327540732-328449165;bytes=417817753-417916780;bytes=747119317-748037542;bytes=675646303-675754357;bytes=169796149-169969711;bytes=802287696-802474179;bytes=876555465-876650552;bytes=758605300-759497059;bytes=687609820-687686345;bytes=491831185-491929018;bytes=869584349-870472529;bytes=667553315-667721186;bytes=768882398-769788689;bytes=794177965-794280907;bytes=860341448-861219480,6a687aa4;11684403;29529b37;8beb81cf;2c3210af;35fa68c7;a7990042;08af4ac8;d3046ed1;23c5fa6d;07f34c78;6205d4b3;8e6f8efc;c97b5cb8;9ca1070e;9ea08238
2,5,223,success,None,22/Jul/2026:17:08:13.899556,22/Jul/2026:17:08:14.495552,0.5960,1,22/Jul/2026:17:08:11.146474,2.7935,bytes=638623140-638710759,6054a5ed
2,5,217,success,None,22/Jul/2026:17:08:13.816413,22/Jul/2026:17:08:14.496277,0.6799,8,22/Jul/2026:17:08:12.192051;22/Jul/2026:17:08:09.811358;22/Jul/2026:17:08:13.545227;22/Jul/2026:17:08:11.723701;22/Jul/2026:17:08:12.803420;22/Jul/2026:17:08:13.475899;22/Jul/2026:17:08:13.544020;22/Jul/2026:17:08:11.146474,1.6315;4.0133;0.2803;2.1022;1.0227;0.3619;0.3198;2.7935,bytes=687609820-687686345;bytes=491831185-491929018;bytes=869584349-870472529;bytes=667553315-667721186;bytes=768882398-769788689;bytes=794177965-794280907;bytes=860341448-861219480;bytes=638623140-638710759,23c5fa6d;07f34c78;6205d4b3;8e6f8efc;c97b5cb8;9ca1070e;9ea08238;6054a5ed
2,5,230,success,None,22/Jul/2026:17:08:14.495877,22/Jul/2026:17:08:15.136448,0.6406,9,22/Jul/2026:17:08:13.475355;22/Jul/2026:17:08:13.818863;22/Jul/2026:17:08:13.476576;22/Jul/2026:17:08:12.770075;22/Jul/2026:17:08:11.146310;22/Jul/2026:17:08:13.902239;22/Jul/2026:17:08:13.544440;22/Jul/2026:17:08:13.901197;22/Jul/2026:17:08:13.817982,1.0344;0.6910;1.0367;1.7557;3.3840;0.6374;0.9984;0.6423;0.7382,bytes=789083128-789959866;bytes=900904259-901089236;bytes=795285595-796181225;bytes=749091739-749193868;bytes=633783180-634680301;bytes=926048878-926145715;bytes=864305909-864526184;bytes=921753407-921862905;bytes=893089596-893977926,ad66287a;24afeabf;753e620b;c8196e01;bb8b72df;f498cfe2;5a4d3b6a;6cc701ab;85ead970
2,5,236,success,None,22/Jul/2026:17:08:14.496579,22/Jul/2026:17:08:15.224714,0.7281,10,22/Jul/2026:17:08:13.475355;22/Jul/2026:17:08:13.818863;22/Jul/2026:17:08:13.476576;22/Jul/2026:17:08:12.770075;22/Jul/2026:17:08:11.146310;22/Jul/2026:17:08:13.902239;22/Jul/2026:17:08:13.544440;22/Jul/2026:17:08:13.901197;22/Jul/2026:17:08:13.817982;22/Jul/2026:17:08:08.274878,1.0344;0.6910;1.0367;1.7557;3.3840;0.6374;0.9984;0.6423;0.7382;6.8828,bytes=789083128-789959866;bytes=900904259-901089236;bytes=795285595-796181225;bytes=749091739-749193868;bytes=633783180-634680301;bytes=926048878-926145715;bytes=864305909-864526184;bytes=921753407-921862905;bytes=893089596-893977926;bytes=277624151-278545403,ad66287a;24afeabf;753e620b;c8196e01;bb8b72df;f498cfe2;5a4d3b6a;6cc701ab;85ead970;2638172c
2,5,243,success,None,22/Jul/2026:17:08:15.136752,22/Jul/2026:17:08:15.799325,0.6626,5,22/Jul/2026:17:08:08.274878;22/Jul/2026:17:08:15.138326;22/Jul/2026:17:08:13.817036;22/Jul/2026:17:08:13.900549;22/Jul/2026:17:08:12.802716,6.8828;0.0935;1.4153;1.3339;2.4345,bytes=277624151-278545403;bytes=1003611198-1003818588;bytes=886589732-887495716;bytes=913792537-913976409;bytes=761969080-762851147,2638172c;0e2d23d8;3da7515a;c5ba832b;6d9b6082
2,5,254,success,None,22/Jul/2026:17:08:15.225066,22/Jul/2026:17:08:15.826686,0.6016,9,22/Jul/2026:17:08:15.138326;22/Jul/2026:17:08:13.817036;22/Jul/2026:17:08:13.900549;22/Jul/2026:17:08:12.802716;22/Jul/2026:17:08:15.800604;22/Jul/2026:17:08:14.500715;22/Jul/2026:17:08:11.140142;22/Jul/2026:17:08:14.500771;22/Jul/2026:17:08:15.138111,0.0935;1.4153;1.3339;2.4345;0.0059;1.3097;4.6708;1.3160;0.6796,bytes=1003611198-1003818588;bytes=886589732-887495716;bytes=913792537-913976409;bytes=761969080-762851147;bytes=1080170729-1081053818;bytes=979222679-979321207;bytes=581814454-581920232;bytes=982868602-983027210;bytes=999794362-1000692089,0e2d23d8;3da7515a;c5ba832b;6d9b6082;6213e97e;38e593b8;8df67045;13b6ce75;c34c98ce
2,5,279,success,None,22/Jul/2026:17:08:15.826994,22/Jul/2026:17:08:16.494627,0.6676,7,22/Jul/2026:17:08:13.546224;22/Jul/2026:17:08:14.499807;22/Jul/2026:17:08:08.960327;22/Jul/2026:17:08:14.500338;22/Jul/2026:17:08:11.140906;22/Jul/2026:17:08:13.475487;22/Jul/2026:17:08:15.800855,2.2845;1.3419;6.8845;1.3472;4.7319;2.4016;0.0768,bytes=876650553-876748406;bytes=974934997-975034157;bytes=409897558-410790284;bytes=978943091-979033111;bytes=583873172-584776567;bytes=790276521-790387472;bytes=1086083060-1086259664,46d2237e;1771e01b;c1186de8;374cfdac;013f2db2;d1e77e51;a7584f82
2,5,264,success,None,22/Jul/2026:17:08:15.799659,22/Jul/2026:17:08:16.651540,0.8519,18,22/Jul/2026:17:08:15.800604;22/Jul/2026:17:08:14.500715;22/Jul/2026:17:08:11.140142;22/Jul/2026:17:08:14.500771;22/Jul/2026:17:08:15.138111;22/Jul/2026:17:08:13.546224;22/Jul/2026:17:08:14.499807;22/Jul/2026:17:08:08.960327;22/Jul/2026:17:08:14.500338;22/Jul/2026:17:08:11.140906;22/Jul/2026:17:08:13.475487;22/Jul/2026:17:08:15.800855;22/Jul/2026:17:08:14.498631;22/Jul/2026:17:08:14.498850;22/Jul/2026:17:08:14.500178;22/Jul/2026:17:08:14.499644;22/Jul/2026:17:08:15.801350;22/Jul/2026:17:08:14.499276,0.0059;1.3097;4.6708;1.3160;0.6796;2.2845;1.3419;6.8845;1.3472;4.7319;2.4016;0.0768;2.0022;2.0080;2.0068;2.0079;0.7204;2.0272,bytes=1080170729-1081053818;bytes=979222679-979321207;bytes=581814454-581920232;bytes=982868602-983027210;bytes=999794362-1000692089;bytes=876650553-876748406;bytes=974934997-975034157;bytes=409897558-410790284;bytes=978943091-979033111;bytes=583873172-584776567;bytes=790276521-790387472;bytes=1086083060-1086259664;bytes=950343104-951236065;bytes=954172014-954385482;bytes=974038489-974934996;bytes=969952611-970857297;bytes=1090272692-1090353204;bytes=966886279-967050402,6213e97e;38e593b8;8df67045;13b6ce75;c34c98ce;46d2237e;1771e01b;c1186de8;374cfdac;013f2db2;d1e77e51;a7584f82;dddc1707;a8924eed;1b2f57af;de086e59;5129cff4;6350c5c2
2,5,296,success,None,22/Jul/2026:17:08:16.651831,22/Jul/2026:17:08:16.899489,0.2477,5,22/Jul/2026:17:08:16.496400;22/Jul/2026:17:08:09.813080;22/Jul/2026:17:08:15.827700;22/Jul/2026:17:08:15.801189;22/Jul/2026:17:08:16.496225,0.1668;6.8502;0.8360;0.8676;0.1825,bytes=1176799909-1176903554;bytes=507783748-507862668;bytes=1143775145-1143873206;bytes=1086359709-1086471696;bytes=1172882410-1172978405,08fb3367;83560ed5;f38b8a2d;494774e9;0196f467
2,5,285,success,None,22/Jul/2026:17:08:16.494926,22/Jul/2026:17:08:17.297236,0.8023,16,22/Jul/2026:17:08:14.498631;22/Jul/2026:17:08:14.498850;22/Jul/2026:17:08:14.500178;22/Jul/2026:17:08:14.499644;22/Jul/2026:17:08:15.801350;22/Jul/2026:17:08:14.499276;22/Jul/2026:17:08:16.496400;22/Jul/2026:17:08:09.813080;22/Jul/2026:17:08:15.827700;22/Jul/2026:17:08:15.801189;22/Jul/2026:17:08:16.496225;22/Jul/2026:17:08:14.497478;22/Jul/2026:17:08:13.817589;22/Jul/2026:17:08:14.499169;22/Jul/2026:17:08:14.499539;22/Jul/2026:17:08:12.193724,2.0022;2.0080;2.0068;2.0079;0.7204;2.0272;0.1668;6.8502;0.8360;0.8676;0.1825;2.4102;3.0900;2.4129;2.4138;4.7527,bytes=950343104-951236065;bytes=954172014-954385482;bytes=974038489-974934996;bytes=969952611-970857297;bytes=1090272692-1090353204;bytes=966886279-967050402;bytes=1176799909-1176903554;bytes=507783748-507862668;bytes=1143775145-1143873206;bytes=1086359709-1086471696;bytes=1172882410-1172978405;bytes=945756148-945853379;bytes=890744409-891655632;bytes=964839513-965753077;bytes=968149250-969031378;bytes=699763337-699842701,dddc1707;a8924eed;1b2f57af;de086e59;5129cff4;6350c5c2;08fb3367;83560ed5;f38b8a2d;494774e9;0196f467;a2587383;381cbcdd;56ef4e20;293a49ad;ed47c39a
2,5,303,success,None,22/Jul/2026:17:08:16.899783,22/Jul/2026:17:08:17.577753,0.6780,12,22/Jul/2026:17:08:14.497478;22/Jul/2026:17:08:13.817589;22/Jul/2026:17:08:14.499169;22/Jul/2026:17:08:14.499539;22/Jul/2026:17:08:12.193724;22/Jul/2026:17:08:15.828936;22/Jul/2026:17:08:16.495297;22/Jul/2026:17:08:12.192701;22/Jul/2026:17:08:15.829150;22/Jul/2026:17:08:15.226302;22/Jul/2026:17:08:15.226771;22/Jul/2026:17:08:14.498957,2.4102;3.0900;2.4129;2.4138;4.7527;1.4751;0.8102;5.1130;1.4774;2.1007;2.1023;2.8356,bytes=945756148-945853379;bytes=890744409-891655632;bytes=964839513-965753077;bytes=968149250-969031378;bytes=699763337-699842701;bytes=1155966324-1156067607;bytes=1164986062-1165880565;bytes=688765218-689638074;bytes=1154122776-1155051557;bytes=1043846130-1044733552;bytes=1046935226-1047850139;bytes=958235021-958341732,a2587383;381cbcdd;56ef4e20;293a49ad;ed47c39a;7c91eb67;713c7d62;d0acc7c4;2ae52489;388da1a9;d5eb3cc3;a5ec72c2
2,5,311,success,None,22/Jul/2026:17:08:17.297535,22/Jul/2026:17:08:17.923733,0.6262,12,22/Jul/2026:17:08:15.828936;22/Jul/2026:17:08:16.495297;22/Jul/2026:17:08:12.192701;22/Jul/2026:17:08:15.829150;22/Jul/2026:17:08:15.226302;22/Jul/2026:17:08:15.226771;22/Jul/2026:17:08:14.498957;22/Jul/2026:17:08:15.138955;22/Jul/2026:17:08:15.226112;22/Jul/2026:17:08:13.900626;22/Jul/2026:17:08:16.495749;22/Jul/2026:17:08:16.497004,1.4751;0.8102;5.1130;1.4774;2.1007;2.1023;2.8356;2.4465;2.3620;3.6894;1.1048;1.1128,bytes=1155966324-1156067607;bytes=1164986062-1165880565;bytes=688765218-689638074;bytes=1154122776-1155051557;bytes=1043846130-1044733552;bytes=1046935226-1047850139;bytes=958235021-958341732;bytes=1011866246-1011983369;bytes=1041131964-1042030338;bytes=917562539-917678111;bytes=1168809911-1168922393;bytes=1177110087-1178006848,7c91eb67;713c7d62;d0acc7c4;2ae52489;388da1a9;d5eb3cc3;a5ec72c2;f570eb3f;3e3fed6d;47f60193;0c2f13a7;fd17ea1d
2,5,333,success,None,22/Jul/2026:17:08:17.578042,22/Jul/2026:17:08:18.327416,0.7494,9,22/Jul/2026:17:08:15.138955;22/Jul/2026:17:08:15.226112;22/Jul/2026:17:08:13.900626;22/Jul/2026:17:08:16.495749;22/Jul/2026:17:08:16.497004;22/Jul/2026:17:08:13.901577;22/Jul/2026:17:08:15.827522;22/Jul/2026:17:08:13.900697;22/Jul/2026:17:08:17.298205,2.4465;2.3620;3.6894;1.1048;1.1128;4.0300;2.1062;4.0359;0.6561,bytes=1011866246-1011983369;bytes=1041131964-1042030338;bytes=917562539-917678111;bytes=1168809911-1168922393;bytes=1177110087-1178006848;bytes=921984859-922113373;bytes=1140888094-1141785308;bytes=917678112-917785463;bytes=1276029506-1276135291,f570eb3f;3e3fed6d;47f60193;0c2f13a7;fd17ea1d;f0cc5b18;c4c55736;31b91bcc;0b46d454
2,5,342,success,None,22/Jul/2026:17:08:17.924071,22/Jul/2026:17:08:18.357437,0.4334,9,22/Jul/2026:17:08:13.901577;22/Jul/2026:17:08:15.827522;22/Jul/2026:17:08:13.900697;22/Jul/2026:17:08:17.298205;22/Jul/2026:17:08:17.926680;22/Jul/2026:17:08:17.926019;22/Jul/2026:17:08:17.926141;22/Jul/2026:17:08:17.926472;22/Jul/2026:17:08:15.801858,4.0300;2.1062;4.0359;0.6561;0.4106;0.4147;0.4155;0.4185;2.5473,bytes=921984859-922113373;bytes=1140888094-1141785308;bytes=917678112-917785463;bytes=1276029506-1276135291;bytes=1416292473-1416425564;bytes=1412130008-1412278429;bytes=1416070100-1416180800;bytes=1413367246-1414244461;bytes=1094242937-1094321064,f0cc5b18;c4c55736;31b91bcc;0b46d454;2c44ec22;c6d87b8a;559961eb;19caaee9;9e02b734
2,5,361,success,None,22/Jul/2026:17:08:18.357759,22/Jul/2026:17:08:18.973325,0.6156,4,22/Jul/2026:17:08:17.579351;22/Jul/2026:17:08:15.225975;22/Jul/2026:17:08:14.499911;22/Jul/2026:17:08:18.329467,0.7899;3.1584;3.8858;0.0579,bytes=1368966774-1369873756;bytes=1044733553-1044835500;bytes=971334665-972245078;bytes=1432607176-1432718128,f979654d;4d6bff31;e383cfe6;b55daca9
2,5,348,success,None,22/Jul/2026:17:08:18.327729,22/Jul/2026:17:08:19.147988,0.8203,14,22/Jul/2026:17:08:17.926680;22/Jul/2026:17:08:17.926019;22/Jul/2026:17:08:17.926141;22/Jul/2026:17:08:17.926472;22/Jul/2026:17:08:15.801858;22/Jul/2026:17:08:17.579351;22/Jul/2026:17:08:15.225975;22/Jul/2026:17:08:14.499911;22/Jul/2026:17:08:18.329467;22/Jul/2026:17:08:17.298380;22/Jul/2026:17:08:13.476518;22/Jul/2026:17:08:12.802974;22/Jul/2026:17:08:15.137625;22/Jul/2026:17:08:18.328660,0.4106;0.4147;0.4155;0.4185;2.5473;0.7899;3.1584;3.8858;0.0579;1.6815;5.5067;6.1962;3.8658;0.6809,bytes=1416292473-1416425564;bytes=1412130008-1412278429;bytes=1416070100-1416180800;bytes=1413367246-1414244461;bytes=1094242937-1094321064;bytes=1368966774-1369873756;bytes=1044733553-1044835500;bytes=971334665-972245078;bytes=1432607176-1432718128;bytes=1279988951-1280133994;bytes=794388455-795285594;bytes=765984715-766203656;bytes=999333797-999414189;bytes=1425448507-1426330955,2c44ec22;c6d87b8a;559961eb;19caaee9;9e02b734;f979654d;4d6bff31;e383cfe6;b55daca9;a91432f0;1e07bf97;b8297013;604b7537;b4701000
2,5,373,success,None,22/Jul/2026:17:08:18.973634,22/Jul/2026:17:08:19.602086,0.6284,9,22/Jul/2026:17:08:17.298380;22/Jul/2026:17:08:13.476518;22/Jul/2026:17:08:12.802974;22/Jul/2026:17:08:15.137625;22/Jul/2026:17:08:18.328660;22/Jul/2026:17:08:17.926878;22/Jul/2026:17:08:18.328894;22/Jul/2026:17:08:18.974906;22/Jul/2026:17:08:18.330033,1.6815;5.5067;6.1962;3.8658;0.6809;1.2316;0.8296;0.1843;0.8341,bytes=1279988951-1280133994;bytes=794388455-795285594;bytes=765984715-766203656;bytes=999333797-999414189;bytes=1425448507-1426330955;bytes=1420260150-1420371912;bytes=1427232675-1428131244;bytes=1539862449-1539952896;bytes=1440460177-1440556962,a91432f0;1e07bf97;b8297013;604b7537;b4701000;c5e0eef1;c7a98a41;d6a31f56;c2fca136
2,5,383,success,None,22/Jul/2026:17:08:19.148298,22/Jul/2026:17:08:19.708321,0.5600,9,22/Jul/2026:17:08:17.926878;22/Jul/2026:17:08:18.328894;22/Jul/2026:17:08:18.974906;22/Jul/2026:17:08:18.330033;22/Jul/2026:17:08:19.148901;22/Jul/2026:17:08:08.959514;22/Jul/2026:17:08:18.330390;22/Jul/2026:17:08:19.149288;22/Jul/2026:17:08:15.828711,1.2316;0.8296;0.1843;0.8341;0.4648;10.6553;1.2864;0.4692;3.7992,bytes=1420260150-1420371912;bytes=1427232675-1428131244;bytes=1539862449-1539952896;bytes=1440460177-1440556962;bytes=1571410929-1572319046;bytes=405570804-405655099;bytes=1438657333-1439564340;bytes=1573523378-1573626334;bytes=1149907225-1150840459,c5e0eef1;c7a98a41;d6a31f56;c2fca136;7f7da8b2;a58e2a42;e8a4968a;f8b26a9f;e225997b
2,5,396,success,None,22/Jul/2026:17:08:19.602397,22/Jul/2026:17:08:20.202457,0.6001,8,22/Jul/2026:17:08:19.148901;22/Jul/2026:17:08:08.959514;22/Jul/2026:17:08:18.330390;22/Jul/2026:17:08:19.149288;22/Jul/2026:17:08:15.828711;22/Jul/2026:17:08:19.604525;22/Jul/2026:17:08:19.604459;22/Jul/2026:17:08:18.358398,0.4648;10.6553;1.2864;0.4692;3.7992;0.1126;0.1145;1.3654,bytes=1571410929-1572319046;bytes=405570804-405655099;bytes=1438657333-1439564340;bytes=1573523378-1573626334;bytes=1149907225-1150840459;bytes=1639657031-1639740972;bytes=1635938939-1636052116;bytes=1480957528-1481853962,7f7da8b2;a58e2a42;e8a4968a;f8b26a9f;e225997b;ebe9a5a1;e020decb;485aa161
2,5,408,success,None,22/Jul/2026:17:08:19.708613,22/Jul/2026:17:08:20.340350,0.6317,11,22/Jul/2026:17:08:19.604525;22/Jul/2026:17:08:19.604459;22/Jul/2026:17:08:18.358398;22/Jul/2026:17:08:18.974798;22/Jul/2026:17:08:19.604323;22/Jul/2026:17:08:19.151075;22/Jul/2026:17:08:20.203408;22/Jul/2026:17:08:18.330695;22/Jul/2026:17:08:17.925499;22/Jul/2026:17:08:20.203468;22/Jul/2026:17:08:18.975518,0.1126;0.1145;1.3654;1.2352;0.6083;1.0673;0.0261;1.9022;2.3080;0.0312;1.2648,bytes=1639657031-1639740972;bytes=1635938939-1636052116;bytes=1480957528-1481853962;bytes=1536026049-1536141400;bytes=1634615137-1635518175;bytes=1586030134-1586138810;bytes=1722738985-1722836788;bytes=1444533544-1444612863;bytes=1407902350-1408088085;bytes=1722836789-1722941472;bytes=1540275678-1541177113,ebe9a5a1;e020decb;485aa161;d59f8541;772701f0;9be2dc9d;70f77ff9;7e6e169b;c5ca8853;1ed0f288;edfde01b
2,5,419,success,None,22/Jul/2026:17:08:20.202750,22/Jul/2026:17:08:20.967047,0.7643,11,22/Jul/2026:17:08:18.974798;22/Jul/2026:17:08:19.604323;22/Jul/2026:17:08:19.151075;22/Jul/2026:17:08:20.203408;22/Jul/2026:17:08:18.330695;22/Jul/2026:17:08:17.925499;22/Jul/2026:17:08:20.203468;22/Jul/2026:17:08:18.975518;22/Jul/2026:17:08:19.149936;22/Jul/2026:17:08:17.299602;22/Jul/2026:17:08:19.604828,1.2352;0.6083;1.0673;0.0261;1.9022;2.3080;0.0312;1.2648;1.1957;3.0558;0.7630,bytes=1536026049-1536141400;bytes=1634615137-1635518175;bytes=1586030134-1586138810;bytes=1722738985-1722836788;bytes=1444533544-1444612863;bytes=1407902350-1408088085;bytes=1722836789-1722941472;bytes=1540275678-1541177113;bytes=1581416635-1581618813;bytes=1288272862-1288385153;bytes=1636947754-1637847360,d59f8541;772701f0;9be2dc9d;70f77ff9;7e6e169b;c5ca8853;1ed0f288;edfde01b;51bdc1f5;ddfe62aa;b3d62382
2,5,431,success,None,22/Jul/2026:17:08:20.340650,22/Jul/2026:17:08:21.011248,0.6706,9,22/Jul/2026:17:08:19.149936;22/Jul/2026:17:08:17.299602;22/Jul/2026:17:08:19.604828;22/Jul/2026:17:08:20.203694;22/Jul/2026:17:08:18.975456;22/Jul/2026:17:08:18.975114;22/Jul/2026:17:08:20.204868;22/Jul/2026:17:08:20.342941;22/Jul/2026:17:08:20.342739,1.1957;3.0558;0.7630;0.7723;2.0026;2.0031;0.7740;0.6526;0.6533,bytes=1581416635-1581618813;bytes=1288272862-1288385153;bytes=1636947754-1637847360;bytes=1723838486-1724725622;bytes=1543997921-1544084197;bytes=1538063972-1538975340;bytes=1735025339-1735145681;bytes=1783289926-1784188873;bytes=1780607111-1781501997,51bdc1f5;ddfe62aa;b3d62382;9e6d6d27;8342a39b;e8d736fc;4f1e7639;785d46a7;ccbe4dcf
2,5,438,success,None,22/Jul/2026:17:08:20.967386,22/Jul/2026:17:08:21.634196,0.6668,8,22/Jul/2026:17:08:20.203694;22/Jul/2026:17:08:18.975456;22/Jul/2026:17:08:18.975114;22/Jul/2026:17:08:20.204868;22/Jul/2026:17:08:20.342941;22/Jul/2026:17:08:20.342739;22/Jul/2026:17:08:20.341241;22/Jul/2026:17:08:20.203750,0.7723;2.0026;2.0031;0.7740;0.6526;0.6533;0.6836;0.8442,bytes=1723838486-1724725622;bytes=1543997921-1544084197;bytes=1538063972-1538975340;bytes=1735025339-1735145681;bytes=1783289926-1784188873;bytes=1780607111-1781501997;bytes=1771135507-1772038181;bytes=1724725623-1725621468,9e6d6d27;8342a39b;e8d736fc;4f1e7639;785d46a7;ccbe4dcf;8a3ea785;1f03235c
2,5,444,success,None,22/Jul/2026:17:08:21.011594,22/Jul/2026:17:08:21.813931,0.8023,6,22/Jul/2026:17:08:20.341241;22/Jul/2026:17:08:20.203750;22/Jul/2026:17:08:13.900974;22/Jul/2026:17:08:15.226831;22/Jul/2026:17:08:20.969677;22/Jul/2026:17:08:19.149795,0.6836;0.8442;7.7427;6.4169;0.6746;2.4946,bytes=1771135507-1772038181;bytes=1724725623-1725621468;bytes=916648942-917562538;bytes=1047850140-1048748110;bytes=1813788791-1813924339;bytes=1577597876-1577714637,8a3ea785;1f03235c;bd0dc97c;228d8f55;faa62841;9296f7bd
2,5,450,success,None,22/Jul/2026:17:08:21.634516,22/Jul/2026:17:08:22.247952,0.6134,10,22/Jul/2026:17:08:13.900974;22/Jul/2026:17:08:15.226831;22/Jul/2026:17:08:20.969677;22/Jul/2026:17:08:19.149795;22/Jul/2026:17:08:21.013383;22/Jul/2026:17:08:21.013895;22/Jul/2026:17:08:21.013167;22/Jul/2026:17:08:19.710185;22/Jul/2026:17:08:21.817175;22/Jul/2026:17:08:21.815320,7.7427;6.4169;0.6746;2.4946;0.8137;0.8132;0.8151;2.1265;0.0202;0.0288,bytes=916648942-917562538;bytes=1047850140-1048748110;bytes=1813788791-1813924339;bytes=1577597876-1577714637;bytes=1831223989-1832105533;bytes=1834190684-1834303055;bytes=1833897375-1833995285;bytes=1681502460-1682395238;bytes=1896160119-1896259593;bytes=1883875390-1883994375,bd0dc97c;228d8f55;faa62841;9296f7bd;74b0e067;341def6d;f14a4d6c;a228bf2d;6e01bfeb;914b9b15
2,5,457,success,None,22/Jul/2026:17:08:21.814226,22/Jul/2026:17:08:22.389848,0.5756,14,22/Jul/2026:17:08:21.013383;22/Jul/2026:17:08:21.013895;22/Jul/2026:17:08:21.013167;22/Jul/2026:17:08:19.710185;22/Jul/2026:17:08:21.817175;22/Jul/2026:17:08:21.815320;22/Jul/2026:17:08:20.203805;22/Jul/2026:17:08:21.814739;22/Jul/2026:17:08:20.340973;22/Jul/2026:17:08:18.329858;22/Jul/2026:17:08:21.815876;22/Jul/2026:17:08:19.604259;22/Jul/2026:17:08:20.204708;22/Jul/2026:17:08:19.709528,0.8137;0.8132;0.8151;2.1265;0.0202;0.0288;2.0502;0.4422;1.9190;3.9320;0.4499;2.6620;2.0653;2.5715,bytes=1831223989-1832105533;bytes=1834190684-1834303055;bytes=1833897375-1833995285;bytes=1681502460-1682395238;bytes=1896160119-1896259593;bytes=1883875390-1883994375;bytes=1725621469-1726525913;bytes=1876842024-1877725230;bytes=1768455344-1769358614;bytes=1435523449-1436421160;bytes=1887828725-1887926517;bytes=1633711841-1634615136;bytes=1732915201-1733821411;bytes=1681077120-1681187507,74b0e067;341def6d;f14a4d6c;a228bf2d;6e01bfeb;914b9b15;6bab5828;c5ce1b1f;140cb089;75257671;f6ff7abc;d585db98;87917c9f;d7a169d1
2,5,464,success,None,22/Jul/2026:17:08:22.248266,22/Jul/2026:17:08:22.695747,0.4475,8,22/Jul/2026:17:08:20.203805;22/Jul/2026:17:08:21.814739;22/Jul/2026:17:08:20.340973;22/Jul/2026:17:08:18.329858;22/Jul/2026:17:08:21.815876;22/Jul/2026:17:08:19.604259;22/Jul/2026:17:08:20.204708;22/Jul/2026:17:08:19.709528,2.0502;0.4422;1.9190;3.9320;0.4499;2.6620;2.0653;2.5715,bytes=1725621469-1726525913;bytes=1876842024-1877725230;bytes=1768455344-1769358614;bytes=1435523449-1436421160;bytes=1887828725-1887926517;bytes=1633711841-1634615136;bytes=1732915201-1733821411;bytes=1681077120-1681187507,6bab5828;c5ce1b1f;140cb089;75257671;f6ff7abc;d585db98;87917c9f;d7a169d1
3,5,17,success,None,22/Jul/2026:17:08:22.697316,22/Jul/2026:17:08:23.385510,0.6882,8,22/Jul/2026:17:08:11.140267;22/Jul/2026:17:08:08.272649;22/Jul/2026:17:08:22.701581;22/Jul/2026:17:08:22.703471;22/Jul/2026:17:07:54.338241;22/Jul/2026:17:07:47.212624;22/Jul/2026:17:08:06.707468;22/Jul/2026:17:08:17.298144,11.5645;14.4520;0.0552;0.0770;28.4466;35.5750;16.0875;5.6502,bytes=579017069-579904054;bytes=264136703-265035310;bytes=84801065-84961422;bytes=110057073-110958630;bytes=1053170919-1053379429;bytes=638710760-638799651;bytes=113023754-113121790;bytes=1274918563-1275821517,50768cc1;bd122e04;bf3671c6;260a524c;dc60191c;4646b00c;b4abe926;7e2fdbdc
3,5,0,success,None,22/Jul/2026:17:08:22.697136,22/Jul/2026:17:08:23.554870,0.8577,12,22/Jul/2026:17:08:11.140267;22/Jul/2026:17:08:08.272649;22/Jul/2026:17:08:22.701581;22/Jul/2026:17:08:22.703471;22/Jul/2026:17:07:54.338241;22/Jul/2026:17:07:47.212624;22/Jul/2026:17:08:06.707468;22/Jul/2026:17:08:17.298144;22/Jul/2026:17:07:59.122526;22/Jul/2026:17:08:13.476382;22/Jul/2026:17:08:20.968198;22/Jul/2026:17:08:22.701099,11.5645;14.4520;0.0552;0.0770;28.4466;35.5750;16.0875;5.6502;24.2715;9.9195;2.4418;0.7119,bytes=579017069-579904054;bytes=264136703-265035310;bytes=84801065-84961422;bytes=110057073-110958630;bytes=1053170919-1053379429;bytes=638710760-638799651;bytes=113023754-113121790;bytes=1274918563-1275821517;bytes=1430483312-1431383059;bytes=797966647-798049573;bytes=1801212264-1801447881;bytes=80633331-80806136,50768cc1;bd122e04;bf3671c6;260a524c;dc60191c;4646b00c;b4abe926;7e2fdbdc;7e145418;10ce6a0e;955f2484;bfd73ff5
3,5,24,success,None,22/Jul/2026:17:08:22.697472,22/Jul/2026:17:08:23.813024,1.1155,13,22/Jul/2026:17:08:11.140267;22/Jul/2026:17:08:08.272649;22/Jul/2026:17:08:22.701581;22/Jul/2026:17:08:22.703471;22/Jul/2026:17:07:54.338241;22/Jul/2026:17:07:47.212624;22/Jul/2026:17:08:06.707468;22/Jul/2026:17:08:17.298144;22/Jul/2026:17:07:59.122526;22/Jul/2026:17:08:13.476382;22/Jul/2026:17:08:20.968198;22/Jul/2026:17:08:22.701099;22/Jul/2026:17:08:23.386153,11.5645;14.4520;0.0552;0.0770;28.4466;35.5750;16.0875;5.6502;24.2715;9.9195;2.4418;0.7119;0.1755,bytes=579017069-579904054;bytes=264136703-265035310;bytes=84801065-84961422;bytes=110057073-110958630;bytes=1053170919-1053379429;bytes=638710760-638799651;bytes=113023754-113121790;bytes=1274918563-1275821517;bytes=1430483312-1431383059;bytes=797966647-798049573;bytes=1801212264-1801447881;bytes=80633331-80806136;bytes=121412194-122309905,50768cc1;bd122e04;bf3671c6;260a524c;dc60191c;4646b00c;b4abe926;7e2fdbdc;7e145418;10ce6a0e;955f2484;bfd73ff5;d7b377f4
3,5,30,success,None,22/Jul/2026:17:08:23.385824,22/Jul/2026:17:08:24.200477,0.8146,10,22/Jul/2026:17:07:59.122526;22/Jul/2026:17:08:13.476382;22/Jul/2026:17:08:20.968198;22/Jul/2026:17:08:22.701099;22/Jul/2026:17:08:23.386153;22/Jul/2026:17:08:23.386374;22/Jul/2026:17:08:04.751542;22/Jul/2026:17:08:22.698915;22/Jul/2026:17:08:23.814635;22/Jul/2026:17:08:23.814574,24.2715;9.9195;2.4418;0.7119;0.1755;0.4367;19.0722;1.1418;0.0264;0.0280,bytes=1430483312-1431383059;bytes=797966647-798049573;bytes=1801212264-1801447881;bytes=80633331-80806136;bytes=121412194-122309905;bytes=123201472-124124679;bytes=1850889749-1851122676;bytes=11533999-11648621;bytes=210080929-210146176;bytes=209995178-210080928,7e145418;10ce6a0e;955f2484;bfd73ff5;d7b377f4;3084bafb;05cceca9;ce659801;4ab9a060;9d80ef0f
3,5,50,success,None,22/Jul/2026:17:08:23.813390,22/Jul/2026:17:08:24.468899,0.6555,7,22/Jul/2026:17:08:23.386374;22/Jul/2026:17:08:04.751542;22/Jul/2026:17:08:22.698915;22/Jul/2026:17:08:23.814635;22/Jul/2026:17:08:23.814574;22/Jul/2026:17:08:21.636480;22/Jul/2026:17:08:23.388328,0.4367;19.0722;1.1418;0.0264;0.0280;2.5763;0.8257,bytes=123201472-124124679;bytes=1850889749-1851122676;bytes=11533999-11648621;bytes=210080929-210146176;bytes=209995178-210080928;bytes=1861322235-1862240855;bytes=137758750-137856973,3084bafb;05cceca9;ce659801;4ab9a060;9d80ef0f;0070e142;084e6a86
3,5,40,success,None,22/Jul/2026:17:08:23.555179,22/Jul/2026:17:08:24.469632,0.9144,8,22/Jul/2026:17:08:23.386153;22/Jul/2026:17:08:23.386374;22/Jul/2026:17:08:04.751542;22/Jul/2026:17:08:22.698915;22/Jul/2026:17:08:23.814635;22/Jul/2026:17:08:23.814574;22/Jul/2026:17:08:21.636480;22/Jul/2026:17:08:23.388328,0.1755;0.4367;19.0722;1.1418;0.0264;0.0280;2.5763;0.8257,bytes=121412194-122309905;bytes=123201472-124124679;bytes=1850889749-1851122676;bytes=11533999-11648621;bytes=210080929-210146176;bytes=209995178-210080928;bytes=1861322235-1862240855;bytes=137758750-137856973,d7b377f4;3084bafb;05cceca9;ce659801;4ab9a060;9d80ef0f;0070e142;084e6a86
3,5,59,success,None,22/Jul/2026:17:08:24.200772,22/Jul/2026:17:08:24.494748,0.2940,9,22/Jul/2026:17:08:21.636480;22/Jul/2026:17:08:23.388328;22/Jul/2026:17:08:23.556602;22/Jul/2026:17:08:23.556663;22/Jul/2026:17:08:24.201335;22/Jul/2026:17:08:23.814852;22/Jul/2026:17:08:23.814917;22/Jul/2026:17:08:22.698977;22/Jul/2026:17:08:22.701805,2.5763;0.8257;0.9206;0.9219;0.2782;0.6676;0.6702;1.7881;1.7889,bytes=1861322235-1862240855;bytes=137758750-137856973;bytes=169796149-169969711;bytes=169969712-170170030;bytes=240901723-241805301;bytes=208193662-209098187;bytes=209098188-209995177;bytes=11648622-11768139;bytes=88745993-88844907,0070e142;084e6a86;2de9f5ae;41c34760;006d37c8;e7229946;aa58e355;8ab65221;fc6ef0f2
3,5,65,success,None,22/Jul/2026:17:08:24.469233,22/Jul/2026:17:08:25.290322,0.8211,11,22/Jul/2026:17:08:23.556602;22/Jul/2026:17:08:23.556663;22/Jul/2026:17:08:24.201335;22/Jul/2026:17:08:23.814852;22/Jul/2026:17:08:23.814917;22/Jul/2026:17:08:22.698977;22/Jul/2026:17:08:22.701805;22/Jul/2026:17:08:24.474391;22/Jul/2026:17:08:22.703506;22/Jul/2026:17:08:24.203238;22/Jul/2026:17:08:23.555753,0.9206;0.9219;0.2782;0.6676;0.6702;1.7881;1.7889;0.0243;1.8238;0.3437;1.0120,bytes=169796149-169969711;bytes=169969712-170170030;bytes=240901723-241805301;bytes=208193662-209098187;bytes=209098188-209995177;bytes=11648622-11768139;bytes=88745993-88844907;bytes=324365531-324468074;bytes=110958631-111862687;bytes=251149836-252035494;bytes=163688832-164609188,2de9f5ae;41c34760;006d37c8;e7229946;aa58e355;8ab65221;fc6ef0f2;f9e323a8;15588faf;c4efd8f9;3b671ce3
3,5,78,success,None,22/Jul/2026:17:08:24.469930,22/Jul/2026:17:08:25.309306,0.8394,11,22/Jul/2026:17:08:23.556602;22/Jul/2026:17:08:23.556663;22/Jul/2026:17:08:24.201335;22/Jul/2026:17:08:23.814852;22/Jul/2026:17:08:23.814917;22/Jul/2026:17:08:22.698977;22/Jul/2026:17:08:22.701805;22/Jul/2026:17:08:24.474391;22/Jul/2026:17:08:22.703506;22/Jul/2026:17:08:24.203238;22/Jul/2026:17:08:23.555753,0.9206;0.9219;0.2782;0.6676;0.6702;1.7881;1.7889;0.0243;1.8238;0.3437;1.0120,bytes=169796149-169969711;bytes=169969712-170170030;bytes=240901723-241805301;bytes=208193662-209098187;bytes=209098188-209995177;bytes=11648622-11768139;bytes=88745993-88844907;bytes=324365531-324468074;bytes=110958631-111862687;bytes=251149836-252035494;bytes=163688832-164609188,2de9f5ae;41c34760;006d37c8;e7229946;aa58e355;8ab65221;fc6ef0f2;f9e323a8;15588faf;c4efd8f9;3b671ce3
3,5,93,success,None,22/Jul/2026:17:08:24.495079,22/Jul/2026:17:08:25.439058,0.9440,11,22/Jul/2026:17:08:24.474391;22/Jul/2026:17:08:22.703506;22/Jul/2026:17:08:24.203238;22/Jul/2026:17:08:23.555753;22/Jul/2026:17:08:17.297878;22/Jul/2026:17:08:23.816513;22/Jul/2026:17:08:22.699536;22/Jul/2026:17:08:25.292410;22/Jul/2026:17:08:25.291521;22/Jul/2026:17:08:24.201489;22/Jul/2026:17:08:24.476898,0.0243;1.8238;0.3437;1.0120;8.0310;1.5139;2.6315;0.0391;0.0439;1.1381;0.8676,bytes=324365531-324468074;bytes=110958631-111862687;bytes=251149836-252035494;bytes=163688832-164609188;bytes=1272219783-1273123361;bytes=222339355-222425936;bytes=12870474-13766804;bytes=417722196-417817752;bytes=409357835-409439357;bytes=242883246-242969559;bytes=336701984-336799860,f9e323a8;15588faf;c4efd8f9;3b671ce3;ec9e537d;04024eb8;7d019270;4936ad5c;57d84cd3;eef1af78;7f26bca8
3,5,120,success,None,22/Jul/2026:17:08:25.439358,22/Jul/2026:17:08:25.880955,0.4416,5,22/Jul/2026:17:08:25.292303;22/Jul/2026:17:08:23.386936;22/Jul/2026:17:08:24.495928;22/Jul/2026:17:08:25.440514;22/Jul/2026:17:08:24.497131,0.1719;2.0782;0.9698;0.0305;0.9744,bytes=413698895-413892165;bytes=127379383-128302428;bytes=379686938-380610562;bytes=495663225-495828933;bytes=386772234-387653070,ba815ad3;6319c333;91dc854e;66fe00f1;0e55a2b5
3,5,99,success,None,22/Jul/2026:17:08:25.290644,22/Jul/2026:17:08:25.949685,0.6590,14,22/Jul/2026:17:08:17.297878;22/Jul/2026:17:08:23.816513;22/Jul/2026:17:08:22.699536;22/Jul/2026:17:08:25.292410;22/Jul/2026:17:08:25.291521;22/Jul/2026:17:08:24.201489;22/Jul/2026:17:08:24.476898;22/Jul/2026:17:08:25.292303;22/Jul/2026:17:08:23.386936;22/Jul/2026:17:08:24.495928;22/Jul/2026:17:08:25.440514;22/Jul/2026:17:08:24.497131;22/Jul/2026:17:08:24.474756;22/Jul/2026:17:08:23.815726,8.0310;1.5139;2.6315;0.0391;0.0439;1.1381;0.8676;0.1719;2.0782;0.9698;0.0305;0.9744;1.4241;2.0842,bytes=1272219783-1273123361;bytes=222339355-222425936;bytes=12870474-13766804;bytes=417722196-417817752;bytes=409357835-409439357;bytes=242883246-242969559;bytes=336701984-336799860;bytes=413698895-413892165;bytes=127379383-128302428;bytes=379686938-380610562;bytes=495663225-495828933;bytes=386772234-387653070;bytes=324655799-324853181;bytes=218048430-218130112,ec9e537d;04024eb8;7d019270;4936ad5c;57d84cd3;eef1af78;7f26bca8;ba815ad3;6319c333;91dc854e;66fe00f1;0e55a2b5;6707989e;e3c9f21d
3,5,112,success,None,22/Jul/2026:17:08:25.309616,22/Jul/2026:17:08:26.105505,0.7959,19,22/Jul/2026:17:08:17.297878;22/Jul/2026:17:08:23.816513;22/Jul/2026:17:08:22.699536;22/Jul/2026:17:08:25.292410;22/Jul/2026:17:08:25.291521;22/Jul/2026:17:08:24.201489;22/Jul/2026:17:08:24.476898;22/Jul/2026:17:08:25.292303;22/Jul/2026:17:08:23.386936;22/Jul/2026:17:08:24.495928;22/Jul/2026:17:08:25.440514;22/Jul/2026:17:08:24.497131;22/Jul/2026:17:08:24.474756;22/Jul/2026:17:08:23.815726;22/Jul/2026:17:08:25.883062;22/Jul/2026:17:08:24.201569;22/Jul/2026:17:08:24.474644;22/Jul/2026:17:08:24.474813;22/Jul/2026:17:08:23.387124,8.0310;1.5139;2.6315;0.0391;0.0439;1.1381;0.8676;0.1719;2.0782;0.9698;0.0305;0.9744;1.4241;2.0842;0.0780;1.7599;1.4892;1.4945;2.5853,bytes=1272219783-1273123361;bytes=222339355-222425936;bytes=12870474-13766804;bytes=417722196-417817752;bytes=409357835-409439357;bytes=242883246-242969559;bytes=336701984-336799860;bytes=413698895-413892165;bytes=127379383-128302428;bytes=379686938-380610562;bytes=495663225-495828933;bytes=386772234-387653070;bytes=324655799-324853181;bytes=218048430-218130112;bytes=524573382-524676354;bytes=242969560-243060072;bytes=323341434-324254586;bytes=328449166-328561210;bytes=129600872-129793215,ec9e537d;04024eb8;7d019270;4936ad5c;57d84cd3;eef1af78;7f26bca8;ba815ad3;6319c333;91dc854e;66fe00f1;0e55a2b5;6707989e;e3c9f21d;f15232a2;f0b01403;0f5b5581;5b0dcae3;ea1e685f
3,5,126,success,None,22/Jul/2026:17:08:25.881297,22/Jul/2026:17:08:26.583832,0.7025,14,22/Jul/2026:17:08:24.474756;22/Jul/2026:17:08:23.815726;22/Jul/2026:17:08:25.883062;22/Jul/2026:17:08:24.201569;22/Jul/2026:17:08:24.474644;22/Jul/2026:17:08:24.474813;22/Jul/2026:17:08:23.387124;22/Jul/2026:17:08:24.471611;22/Jul/2026:17:08:25.952006;22/Jul/2026:17:08:25.310742;22/Jul/2026:17:08:24.497452;22/Jul/2026:17:08:24.203445;22/Jul/2026:17:08:24.497199;22/Jul/2026:17:08:24.475923,1.4241;2.0842;0.0780;1.7599;1.4892;1.4945;2.5853;1.6402;0.1607;0.8025;1.6176;1.9124;1.6188;1.6436,bytes=324655799-324853181;bytes=218048430-218130112;bytes=524573382-524676354;bytes=242969560-243060072;bytes=323341434-324254586;bytes=328449166-328561210;bytes=129600872-129793215;bytes=269220266-270151585;bytes=556996039-557197595;bytes=461811634-462720854;bytes=393391276-393478532;bytes=253823466-254723840;bytes=387653071-388560400;bytes=332596750-332696830,6707989e;e3c9f21d;f15232a2;f0b01403;0f5b5581;5b0dcae3;ea1e685f;04113f8c;2ea0797f;14752ab0;3f2b9464;270b57ff;9f787b46;57142238
3,5,134,success,None,22/Jul/2026:17:08:25.950021,22/Jul/2026:17:08:26.745529,0.7955,17,22/Jul/2026:17:08:25.883062;22/Jul/2026:17:08:24.201569;22/Jul/2026:17:08:24.474644;22/Jul/2026:17:08:24.474813;22/Jul/2026:17:08:23.387124;22/Jul/2026:17:08:24.471611;22/Jul/2026:17:08:25.952006;22/Jul/2026:17:08:25.310742;22/Jul/2026:17:08:24.497452;22/Jul/2026:17:08:24.203445;22/Jul/2026:17:08:24.497199;22/Jul/2026:17:08:24.475923;22/Jul/2026:17:08:25.440797;22/Jul/2026:17:08:25.952575;22/Jul/2026:17:08:24.495853;22/Jul/2026:17:08:25.292684;22/Jul/2026:17:08:26.585645,0.0780;1.7599;1.4892;1.4945;2.5853;1.6402;0.1607;0.8025;1.6176;1.9124;1.6188;1.6436;1.1510;0.6427;2.0998;1.3128;0.0262,bytes=524573382-524676354;bytes=242969560-243060072;bytes=323341434-324254586;bytes=328449166-328561210;bytes=129600872-129793215;bytes=269220266-270151585;bytes=556996039-557197595;bytes=461811634-462720854;bytes=393391276-393478532;bytes=253823466-254723840;bytes=387653071-388560400;bytes=332596750-332696830;bytes=494586520-495482628;bytes=558093136-558993544;bytes=378813204-379686937;bytes=414984527-415878393;bytes=634770928-634863717,f15232a2;f0b01403;0f5b5581;5b0dcae3;ea1e685f;04113f8c;2ea0797f;14752ab0;3f2b9464;270b57ff;9f787b46;57142238;bc019f37;985a504a;fa628af8;6f5fa878;f59e7ac8
3,5,140,success,None,22/Jul/2026:17:08:26.105844,22/Jul/2026:17:08:26.939297,0.8334,14,22/Jul/2026:17:08:24.471611;22/Jul/2026:17:08:25.952006;22/Jul/2026:17:08:25.310742;22/Jul/2026:17:08:24.497452;22/Jul/2026:17:08:24.203445;22/Jul/2026:17:08:24.497199;22/Jul/2026:17:08:24.475923;22/Jul/2026:17:08:25.440797;22/Jul/2026:17:08:25.952575;22/Jul/2026:17:08:24.495853;22/Jul/2026:17:08:25.292684;22/Jul/2026:17:08:26.585645;22/Jul/2026:17:08:25.951044;22/Jul/2026:17:08:25.292084,1.6402;0.1607;0.8025;1.6176;1.9124;1.6188;1.6436;1.1510;0.6427;2.0998;1.3128;0.0262;0.8078;1.4728,bytes=269220266-270151585;bytes=556996039-557197595;bytes=461811634-462720854;bytes=393391276-393478532;bytes=253823466-254723840;bytes=387653071-388560400;bytes=332596750-332696830;bytes=494586520-495482628;bytes=558093136-558993544;bytes=378813204-379686937;bytes=414984527-415878393;bytes=634770928-634863717;bytes=552680388-552758884;bytes=409897558-410790284,04113f8c;2ea0797f;14752ab0;3f2b9464;270b57ff;9f787b46;57142238;bc019f37;985a504a;fa628af8;6f5fa878;f59e7ac8;66472b5d;6d9d9755
3,5,161,success,None,22/Jul/2026:17:08:26.745877,22/Jul/2026:17:08:27.071431,0.3256,13,22/Jul/2026:17:08:25.951044;22/Jul/2026:17:08:25.292084;22/Jul/2026:17:08:26.748753;22/Jul/2026:17:08:24.470772;22/Jul/2026:17:08:23.815584;22/Jul/2026:17:08:22.699590;22/Jul/2026:17:08:24.202056;22/Jul/2026:17:08:23.388455;22/Jul/2026:17:08:23.557775;22/Jul/2026:17:08:26.106656;22/Jul/2026:17:08:26.747284;22/Jul/2026:17:08:24.202470;22/Jul/2026:17:08:24.203309,0.8078;1.4728;0.2030;2.4817;3.1378;4.2557;2.7569;3.5732;3.4064;0.8581;0.2289;2.7768;2.7768,bytes=552680388-552758884;bytes=409897558-410790284;bytes=670606262-671515019;bytes=271068061-271165755;bytes=214087073-214251221;bytes=13766805-14670925;bytes=243950235-244835070;bytes=141544733-141634968;bytes=178158114-178336996;bytes=571623487-572526863;bytes=659554982-660448532;bytes=250784208-250950560;bytes=252035495-252924192,66472b5d;6d9d9755;00282b03;e4fe9453;0f27bbec;feb3d82b;553a92be;f6041323;cd53cfa7;3e308bc0;ecd558cd;e11bb0e5;e8fbe86d
3,5,153,success,None,22/Jul/2026:17:08:26.584121,22/Jul/2026:17:08:27.115116,0.5310,25,22/Jul/2026:17:08:25.440797;22/Jul/2026:17:08:25.952575;22/Jul/2026:17:08:24.495853;22/Jul/2026:17:08:25.292684;22/Jul/2026:17:08:26.585645;22/Jul/2026:17:08:25.951044;22/Jul/2026:17:08:25.292084;22/Jul/2026:17:08:26.748753;22/Jul/2026:17:08:24.470772;22/Jul/2026:17:08:23.815584;22/Jul/2026:17:08:22.699590;22/Jul/2026:17:08:24.202056;22/Jul/2026:17:08:23.388455;22/Jul/2026:17:08:23.557775;22/Jul/2026:17:08:26.106656;22/Jul/2026:17:08:26.747284;22/Jul/2026:17:08:24.202470;22/Jul/2026:17:08:24.203309;22/Jul/2026:17:08:27.073302;22/Jul/2026:17:08:24.474456;22/Jul/2026:17:08:25.291805;22/Jul/2026:17:08:25.442087;22/Jul/2026:17:08:26.746692;22/Jul/2026:17:08:26.747555;22/Jul/2026:17:08:24.476425,1.1510;0.6427;2.0998;1.3128;0.0262;0.8078;1.4728;0.2030;2.4817;3.1378;4.2557;2.7569;3.5732;3.4064;0.8581;0.2289;2.7768;2.7768;0.0079;2.6069;1.7911;1.6454;0.3463;0.3495;2.6230,bytes=494586520-495482628;bytes=558093136-558993544;bytes=378813204-379686937;bytes=414984527-415878393;bytes=634770928-634863717;bytes=552680388-552758884;bytes=409897558-410790284;bytes=670606262-671515019;bytes=271068061-271165755;bytes=214087073-214251221;bytes=13766805-14670925;bytes=243950235-244835070;bytes=141544733-141634968;bytes=178158114-178336996;bytes=571623487-572526863;bytes=659554982-660448532;bytes=250784208-250950560;bytes=252035495-252924192;bytes=738184008-739065013;bytes=320668843-321553734;bytes=408465905-409357834;bytes=501934467-502851697;bytes=657145333-658069610;bytes=663352985-663542636;bytes=330775037-331689551,bc019f37;985a504a;fa628af8;6f5fa878;f59e7ac8;66472b5d;6d9d9755;00282b03;e4fe9453;0f27bbec;feb3d82b;553a92be;f6041323;cd53cfa7;3e308bc0;ecd558cd;e11bb0e5;e8fbe86d;22aa101b;82db66fa;67c70d45;b422f55d;d81600ee;0d0e2503;36719402
3,5,167,success,None,22/Jul/2026:17:08:26.939628,22/Jul/2026:17:08:27.787299,0.8477,24,22/Jul/2026:17:08:26.748753;22/Jul/2026:17:08:24.470772;22/Jul/2026:17:08:23.815584;22/Jul/2026:17:08:22.699590;22/Jul/2026:17:08:24.202056;22/Jul/2026:17:08:23.388455;22/Jul/2026:17:08:23.557775;22/Jul/2026:17:08:26.106656;22/Jul/2026:17:08:26.747284;22/Jul/2026:17:08:24.202470;22/Jul/2026:17:08:24.203309;22/Jul/2026:17:08:27.073302;22/Jul/2026:17:08:24.474456;22/Jul/2026:17:08:25.291805;22/Jul/2026:17:08:25.442087;22/Jul/2026:17:08:26.746692;22/Jul/2026:17:08:26.747555;22/Jul/2026:17:08:24.476425;22/Jul/2026:17:08:23.387256;22/Jul/2026:17:08:25.951825;22/Jul/2026:17:08:27.116527;22/Jul/2026:17:08:26.106890;22/Jul/2026:17:08:27.118216;22/Jul/2026:17:08:27.116332,0.2030;2.4817;3.1378;4.2557;2.7569;3.5732;3.4064;0.8581;0.2289;2.7768;2.7768;0.0079;2.6069;1.7911;1.6454;0.3463;0.3495;2.6230;3.7417;1.1777;0.0401;1.0499;0.0708;0.0830,bytes=670606262-671515019;bytes=271068061-271165755;bytes=214087073-214251221;bytes=13766805-14670925;bytes=243950235-244835070;bytes=141544733-141634968;bytes=178158114-178336996;bytes=571623487-572526863;bytes=659554982-660448532;bytes=250784208-250950560;bytes=252035495-252924192;bytes=738184008-739065013;bytes=320668843-321553734;bytes=408465905-409357834;bytes=501934467-502851697;bytes=657145333-658069610;bytes=663352985-663542636;bytes=330775037-331689551;bytes=133498418-133596014;bytes=554824724-555750334;bytes=765684331-765794576;bytes=573813793-574007590;bytes=774270381-774382546;bytes=761535437-761745241,00282b03;e4fe9453;0f27bbec;feb3d82b;553a92be;f6041323;cd53cfa7;3e308bc0;ecd558cd;e11bb0e5;e8fbe86d;22aa101b;82db66fa;67c70d45;b422f55d;d81600ee;0d0e2503;36719402;d486662c;85354cd7;a066d328;4095a392;73affc95;c807a01d
3,5,186,success,None,22/Jul/2026:17:08:27.115447,22/Jul/2026:17:08:27.847422,0.7320,16,22/Jul/2026:17:08:23.387256;22/Jul/2026:17:08:25.951825;22/Jul/2026:17:08:27.116527;22/Jul/2026:17:08:26.106890;22/Jul/2026:17:08:27.118216;22/Jul/2026:17:08:27.116332;22/Jul/2026:17:08:25.441321;22/Jul/2026:17:08:27.074567;22/Jul/2026:17:08:27.789707;22/Jul/2026:17:08:22.703176;22/Jul/2026:17:08:03.506924;22/Jul/2026:17:08:27.072875;22/Jul/2026:17:08:27.072749;22/Jul/2026:17:08:26.941827;22/Jul/2026:17:08:23.814982;22/Jul/2026:17:08:27.788730,3.7417;1.1777;0.0401;1.0499;0.0708;0.0830;2.3570;0.7341;0.0192;5.1060;24.3031;0.7375;0.7455;0.8772;4.0048;0.0456,bytes=133498418-133596014;bytes=554824724-555750334;bytes=765684331-765794576;bytes=573813793-574007590;bytes=774270381-774382546;bytes=761535437-761745241;bytes=497803317-498712849;bytes=746221054-747119316;bytes=798049574-798125793;bytes=106057567-106946311;bytes=1817632990-1817760075;bytes=737289354-738184007;bytes=740875408-741009892;bytes=691855839-691953226;bytes=210146177-210234183;bytes=790163598-790276520,d486662c;85354cd7;a066d328;4095a392;73affc95;c807a01d;029a09c7;90554c5e;800a6db0;a4be4e78;4b378ef2;8d663ca6;cc9286b3;ead872c6;ca2870f1;fe0dd87b
3,5,180,success,None,22/Jul/2026:17:08:27.071769,22/Jul/2026:17:08:27.982499,0.9107,31,22/Jul/2026:17:08:27.073302;22/Jul/2026:17:08:24.474456;22/Jul/2026:17:08:25.291805;22/Jul/2026:17:08:25.442087;22/Jul/2026:17:08:26.746692;22/Jul/2026:17:08:26.747555;22/Jul/2026:17:08:24.476425;22/Jul/2026:17:08:23.387256;22/Jul/2026:17:08:25.951825;22/Jul/2026:17:08:27.116527;22/Jul/2026:17:08:26.106890;22/Jul/2026:17:08:27.118216;22/Jul/2026:17:08:27.116332;22/Jul/2026:17:08:25.441321;22/Jul/2026:17:08:27.074567;22/Jul/2026:17:08:27.789707;22/Jul/2026:17:08:22.703176;22/Jul/2026:17:08:03.506924;22/Jul/2026:17:08:27.072875;22/Jul/2026:17:08:27.072749;22/Jul/2026:17:08:26.941827;22/Jul/2026:17:08:23.814982;22/Jul/2026:17:08:27.788730;22/Jul/2026:17:08:26.942381;22/Jul/2026:17:08:27.116778;22/Jul/2026:17:08:27.072473;22/Jul/2026:17:08:23.387063;22/Jul/2026:17:08:24.201750;22/Jul/2026:17:08:26.941897;22/Jul/2026:17:08:26.746561;22/Jul/2026:17:08:25.310904,0.0079;2.6069;1.7911;1.6454;0.3463;0.3495;2.6230;3.7417;1.1777;0.0401;1.0499;0.0708;0.0830;2.3570;0.7341;0.0192;5.1060;24.3031;0.7375;0.7455;0.8772;4.0048;0.0456;0.9060;0.7488;0.7951;4.4879;3.6740;0.9354;1.1318;2.5742,bytes=738184008-739065013;bytes=320668843-321553734;bytes=408465905-409357834;bytes=501934467-502851697;bytes=657145333-658069610;bytes=663352985-663542636;bytes=330775037-331689551;bytes=133498418-133596014;bytes=554824724-555750334;bytes=765684331-765794576;bytes=573813793-574007590;bytes=774270381-774382546;bytes=761535437-761745241;bytes=497803317-498712849;bytes=746221054-747119316;bytes=798049574-798125793;bytes=106057567-106946311;bytes=1817632990-1817760075;bytes=737289354-738184007;bytes=740875408-741009892;bytes=691855839-691953226;bytes=210146177-210234183;bytes=790163598-790276520;bytes=693722468-694635757;bytes=764659982-765574494;bytes=734962530-735858719;bytes=129421908-129600871;bytes=246620476-246739262;bytes=695527492-695694348;bytes=656251228-657145332;bytes=466912683-467010150,22aa101b;82db66fa;67c70d45;b422f55d;d81600ee;0d0e2503;36719402;d486662c;85354cd7;a066d328;4095a392;73affc95;c807a01d;029a09c7;90554c5e;800a6db0;a4be4e78;4b378ef2;8d663ca6;cc9286b3;ead872c6;ca2870f1;fe0dd87b;49ee7471;1b0e94b9;2cf0fe34;260f0809;24b216e8;b76ca83f;79fd675d;b378dd8b
3,5,193,success,None,22/Jul/2026:17:08:27.787621,22/Jul/2026:17:08:28.601539,0.8139,30,22/Jul/2026:17:08:25.441321;22/Jul/2026:17:08:27.074567;22/Jul/2026:17:08:27.789707;22/Jul/2026:17:08:22.703176;22/Jul/2026:17:08:03.506924;22/Jul/2026:17:08:27.072875;22/Jul/2026:17:08:27.072749;22/Jul/2026:17:08:26.941827;22/Jul/2026:17:08:23.814982;22/Jul/2026:17:08:27.788730;22/Jul/2026:17:08:26.942381;22/Jul/2026:17:08:27.116778;22/Jul/2026:17:08:27.072473;22/Jul/2026:17:08:23.387063;22/Jul/2026:17:08:24.201750;22/Jul/2026:17:08:26.941897;22/Jul/2026:17:08:26.746561;22/Jul/2026:17:08:25.310904;22/Jul/2026:17:08:27.789884;22/Jul/2026:17:08:26.941628;22/Jul/2026:17:08:25.310303;22/Jul/2026:17:08:27.788855;22/Jul/2026:17:08:23.815178;22/Jul/2026:17:08:23.556399;22/Jul/2026:17:08:26.747422;22/Jul/2026:17:08:26.942737;22/Jul/2026:17:08:26.941000;22/Jul/2026:17:08:27.850719;22/Jul/2026:17:08:27.789939;22/Jul/2026:17:08:27.986272,2.3570;0.7341;0.0192;5.1060;24.3031;0.7375;0.7455;0.8772;4.0048;0.0456;0.9060;0.7488;0.7951;4.4879;3.6740;0.9354;1.1318;2.5742;0.2002;1.0503;2.6840;0.2075;4.1811;4.4408;1.2501;1.0600;1.0804;0.1776;0.2389;0.0502,bytes=497803317-498712849;bytes=746221054-747119316;bytes=798049574-798125793;bytes=106057567-106946311;bytes=1817632990-1817760075;bytes=737289354-738184007;bytes=740875408-741009892;bytes=691855839-691953226;bytes=210146177-210234183;bytes=790163598-790276520;bytes=693722468-694635757;bytes=764659982-765574494;bytes=734962530-735858719;bytes=129421908-129600871;bytes=246620476-246739262;bytes=695527492-695694348;bytes=656251228-657145332;bytes=466912683-467010150;bytes=796181226-797079637;bytes=689638075-690544546;bytes=457667936-458562172;bytes=793999663-794095038;bytes=214011272-214087072;bytes=166897230-167787605;bytes=661337989-662250191;bytes=699763337-699842701;bytes=685734460-686626394;bytes=876555465-876650552;bytes=797079638-797966646;bytes=901089237-901285645,029a09c7;90554c5e;800a6db0;a4be4e78;4b378ef2;8d663ca6;cc9286b3;ead872c6;ca2870f1;fe0dd87b;49ee7471;1b0e94b9;2cf0fe34;260f0809;24b216e8;b76ca83f;79fd675d;b378dd8b;3591d7ee;e38b4a36;1bdb1164;10556c67;27b2fecf;ceeb29b9;8c04ecaf;0478e372;7c510c39;1802840d;a30008d3;4226d5d1
3,5,217,success,None,22/Jul/2026:17:08:27.982868,22/Jul/2026:17:08:28.669501,0.6866,20,22/Jul/2026:17:08:27.789884;22/Jul/2026:17:08:26.941628;22/Jul/2026:17:08:25.310303;22/Jul/2026:17:08:27.788855;22/Jul/2026:17:08:23.815178;22/Jul/2026:17:08:23.556399;22/Jul/2026:17:08:26.747422;22/Jul/2026:17:08:26.942737;22/Jul/2026:17:08:26.941000;22/Jul/2026:17:08:27.850719;22/Jul/2026:17:08:27.789939;22/Jul/2026:17:08:27.986272;22/Jul/2026:17:08:27.074071;22/Jul/2026:17:08:26.748892;22/Jul/2026:17:08:27.117469;22/Jul/2026:17:08:26.746774;22/Jul/2026:17:08:27.986010;22/Jul/2026:17:08:27.848747;22/Jul/2026:17:08:22.702130;22/Jul/2026:17:08:27.073511,0.2002;1.0503;2.6840;0.2075;4.1811;4.4408;1.2501;1.0600;1.0804;0.1776;0.2389;0.0502;1.5391;1.8647;1.4972;1.8681;0.6308;0.7759;5.9320;1.5612,bytes=796181226-797079637;bytes=689638075-690544546;bytes=457667936-458562172;bytes=793999663-794095038;bytes=214011272-214087072;bytes=166897230-167787605;bytes=661337989-662250191;bytes=699763337-699842701;bytes=685734460-686626394;bytes=876555465-876650552;bytes=797079638-797966646;bytes=901089237-901285645;bytes=745206094-745317824;bytes=671887942-672069898;bytes=770005746-770163389;bytes=658069611-658970859;bytes=898883936-899814410;bytes=863013542-863925523;bytes=98062852-98943525;bytes=741096050-741212233,3591d7ee;e38b4a36;1bdb1164;10556c67;27b2fecf;ceeb29b9;8c04ecaf;0478e372;7c510c39;1802840d;a30008d3;4226d5d1;ed256eb8;5af77133;bbbbba50;95661677;257bf88e;73ed1efc;f24b97d7;f5ecac88
3,5,211,success,None,22/Jul/2026:17:08:27.847760,22/Jul/2026:17:08:28.688351,0.8406,32,22/Jul/2026:17:08:26.942381;22/Jul/2026:17:08:27.116778;22/Jul/2026:17:08:27.072473;22/Jul/2026:17:08:23.387063;22/Jul/2026:17:08:24.201750;22/Jul/2026:17:08:26.941897;22/Jul/2026:17:08:26.746561;22/Jul/2026:17:08:25.310904;22/Jul/2026:17:08:27.789884;22/Jul/2026:17:08:26.941628;22/Jul/2026:17:08:25.310303;22/Jul/2026:17:08:27.788855;22/Jul/2026:17:08:23.815178;22/Jul/2026:17:08:23.556399;22/Jul/2026:17:08:26.747422;22/Jul/2026:17:08:26.942737;22/Jul/2026:17:08:26.941000;22/Jul/2026:17:08:27.850719;22/Jul/2026:17:08:27.789939;22/Jul/2026:17:08:27.986272;22/Jul/2026:17:08:27.074071;22/Jul/2026:17:08:26.748892;22/Jul/2026:17:08:27.117469;22/Jul/2026:17:08:26.746774;22/Jul/2026:17:08:27.986010;22/Jul/2026:17:08:27.848747;22/Jul/2026:17:08:22.702130;22/Jul/2026:17:08:27.073511;22/Jul/2026:17:08:24.497704;22/Jul/2026:17:08:27.984081;22/Jul/2026:17:08:27.789098;22/Jul/2026:17:08:25.440970,0.9060;0.7488;0.7951;4.4879;3.6740;0.9354;1.1318;2.5742;0.2002;1.0503;2.6840;0.2075;4.1811;4.4408;1.2501;1.0600;1.0804;0.1776;0.2389;0.0502;1.5391;1.8647;1.4972;1.8681;0.6308;0.7759;5.9320;1.5612;4.1804;0.6943;0.8945;3.2429,bytes=693722468-694635757;bytes=764659982-765574494;bytes=734962530-735858719;bytes=129421908-129600871;bytes=246620476-246739262;bytes=695527492-695694348;bytes=656251228-657145332;bytes=466912683-467010150;bytes=796181226-797079637;bytes=689638075-690544546;bytes=457667936-458562172;bytes=793999663-794095038;bytes=214011272-214087072;bytes=166897230-167787605;bytes=661337989-662250191;bytes=699763337-699842701;bytes=685734460-686626394;bytes=876555465-876650552;bytes=797079638-797966646;bytes=901089237-901285645;bytes=745206094-745317824;bytes=671887942-672069898;bytes=770005746-770163389;bytes=658069611-658970859;bytes=898883936-899814410;bytes=863013542-863925523;bytes=98062852-98943525;bytes=741096050-741212233;bytes=391592469-392490561;bytes=885700910-886589731;bytes=792184753-793106980;bytes=495929842-496031907,49ee7471;1b0e94b9;2cf0fe34;260f0809;24b216e8;b76ca83f;79fd675d;b378dd8b;3591d7ee;e38b4a36;1bdb1164;10556c67;27b2fecf;ceeb29b9;8c04ecaf;0478e372;7c510c39;1802840d;a30008d3;4226d5d1;ed256eb8;5af77133;bbbbba50;95661677;257bf88e;73ed1efc;f24b97d7;f5ecac88;8202741a;63c511a3;c4a16a65;1e97bd5e
3,5,223,success,None,22/Jul/2026:17:08:28.601870,22/Jul/2026:17:08:29.464873,0.8630,18,22/Jul/2026:17:08:27.074071;22/Jul/2026:17:08:26.748892;22/Jul/2026:17:08:27.117469;22/Jul/2026:17:08:26.746774;22/Jul/2026:17:08:27.986010;22/Jul/2026:17:08:27.848747;22/Jul/2026:17:08:22.702130;22/Jul/2026:17:08:27.073511;22/Jul/2026:17:08:24.497704;22/Jul/2026:17:08:27.984081;22/Jul/2026:17:08:27.789098;22/Jul/2026:17:08:25.440970;22/Jul/2026:17:08:28.604424;22/Jul/2026:17:08:28.672258;22/Jul/2026:17:08:26.586564;22/Jul/2026:17:08:26.747630;22/Jul/2026:17:08:28.671671;22/Jul/2026:17:08:27.986401,1.5391;1.8647;1.4972;1.8681;0.6308;0.7759;5.9320;1.5612;4.1804;0.6943;0.8945;3.2429;0.0902;0.0521;2.1389;1.9814;0.0632;0.7494,bytes=745206094-745317824;bytes=671887942-672069898;bytes=770005746-770163389;bytes=658069611-658970859;bytes=898883936-899814410;bytes=863013542-863925523;bytes=98062852-98943525;bytes=741096050-741212233;bytes=391592469-392490561;bytes=885700910-886589731;bytes=792184753-793106980;bytes=495929842-496031907;bytes=917957362-918141925;bytes=949864188-949951434;bytes=638903409-638999129;bytes=663542637-663756105;bytes=945853380-945938517;bytes=905018761-905113119,ed256eb8;5af77133;bbbbba50;95661677;257bf88e;73ed1efc;f24b97d7;f5ecac88;8202741a;63c511a3;c4a16a65;1e97bd5e;26b96276;fb9137bc;8beffd16;da45dca9;d363b8b1;6ad84004
3,5,236,success,None,22/Jul/2026:17:08:28.688779,22/Jul/2026:17:08:29.491000,0.8022,16,22/Jul/2026:17:08:28.604424;22/Jul/2026:17:08:28.672258;22/Jul/2026:17:08:26.586564;22/Jul/2026:17:08:26.747630;22/Jul/2026:17:08:28.671671;22/Jul/2026:17:08:27.986401;22/Jul/2026:17:08:24.202748;22/Jul/2026:17:08:26.106552;22/Jul/2026:17:08:28.673229;22/Jul/2026:17:08:25.311013;22/Jul/2026:17:08:25.882946;22/Jul/2026:17:08:26.586157;22/Jul/2026:17:08:23.387319;22/Jul/2026:17:08:27.985472;22/Jul/2026:17:08:28.671002;22/Jul/2026:17:08:26.940699,0.0902;0.0521;2.1389;1.9814;0.0632;0.7494;5.2713;3.3704;0.8037;4.1666;3.5952;2.8920;6.0950;1.5017;0.8165;2.5499,bytes=917957362-918141925;bytes=949864188-949951434;bytes=638903409-638999129;bytes=663542637-663756105;bytes=945853380-945938517;bytes=905018761-905113119;bytes=249736122-250632730;bytes=570733181-571623486;bytes=950343104-951236065;bytes=463302669-464183329;bytes=520694958-520894904;bytes=638710760-638799651;bytes=129793216-130690294;bytes=896987181-897086177;bytes=939057247-939950588;bytes=687528236-687609819,26b96276;fb9137bc;8beffd16;da45dca9;d363b8b1;6ad84004;1fb71d12;b88dcd02;e86247a5;82dc761c;059fe6d8;80e15067;9d6f2cd2;257da129;82b36323;ca80a9e5
3,5,230,success,None,22/Jul/2026:17:08:28.669894,22/Jul/2026:17:08:29.502132,0.8322,20,22/Jul/2026:17:08:24.497704;22/Jul/2026:17:08:27.984081;22/Jul/2026:17:08:27.789098;22/Jul/2026:17:08:25.440970;22/Jul/2026:17:08:28.604424;22/Jul/2026:17:08:28.672258;22/Jul/2026:17:08:26.586564;22/Jul/2026:17:08:26.747630;22/Jul/2026:17:08:28.671671;22/Jul/2026:17:08:27.986401;22/Jul/2026:17:08:24.202748;22/Jul/2026:17:08:26.106552;22/Jul/2026:17:08:28.673229;22/Jul/2026:17:08:25.311013;22/Jul/2026:17:08:25.882946;22/Jul/2026:17:08:26.586157;22/Jul/2026:17:08:23.387319;22/Jul/2026:17:08:27.985472;22/Jul/2026:17:08:28.671002;22/Jul/2026:17:08:26.940699,4.1804;0.6943;0.8945;3.2429;0.0902;0.0521;2.1389;1.9814;0.0632;0.7494;5.2713;3.3704;0.8037;4.1666;3.5952;2.8920;6.0950;1.5017;0.8165;2.5499,bytes=391592469-392490561;bytes=885700910-886589731;bytes=792184753-793106980;bytes=495929842-496031907;bytes=917957362-918141925;bytes=949864188-949951434;bytes=638903409-638999129;bytes=663542637-663756105;bytes=945853380-945938517;bytes=905018761-905113119;bytes=249736122-250632730;bytes=570733181-571623486;bytes=950343104-951236065;bytes=463302669-464183329;bytes=520694958-520894904;bytes=638710760-638799651;bytes=129793216-130690294;bytes=896987181-897086177;bytes=939057247-939950588;bytes=687528236-687609819,8202741a;63c511a3;c4a16a65;1e97bd5e;26b96276;fb9137bc;8beffd16;da45dca9;d363b8b1;6ad84004;1fb71d12;b88dcd02;e86247a5;82dc761c;059fe6d8;80e15067;9d6f2cd2;257da129;82b36323;ca80a9e5
3,5,243,success,None,22/Jul/2026:17:08:29.465204,22/Jul/2026:17:08:30.223227,0.7580,18,22/Jul/2026:17:08:24.202748;22/Jul/2026:17:08:26.106552;22/Jul/2026:17:08:28.673229;22/Jul/2026:17:08:25.311013;22/Jul/2026:17:08:25.882946;22/Jul/2026:17:08:26.586157;22/Jul/2026:17:08:23.387319;22/Jul/2026:17:08:27.985472;22/Jul/2026:17:08:28.671002;22/Jul/2026:17:08:26.940699;22/Jul/2026:17:08:27.984507;22/Jul/2026:17:08:28.605289;22/Jul/2026:17:08:28.692408;22/Jul/2026:17:08:28.604755;22/Jul/2026:17:08:24.474520;22/Jul/2026:17:08:29.466532;22/Jul/2026:17:08:28.671990;22/Jul/2026:17:08:29.469488,5.2713;3.3704;0.8037;4.1666;3.5952;2.8920;6.0950;1.5017;0.8165;2.5499;1.5252;0.9105;0.8477;0.9420;5.0736;0.0851;0.8894;0.0927,bytes=249736122-250632730;bytes=570733181-571623486;bytes=950343104-951236065;bytes=463302669-464183329;bytes=520694958-520894904;bytes=638710760-638799651;bytes=129793216-130690294;bytes=896987181-897086177;bytes=939057247-939950588;bytes=687528236-687609819;bytes=892746712-892880459;bytes=923137340-924025959;bytes=974038489-974934996;bytes=919924427-920846152;bytes=321553735-322428761;bytes=995506542-995614503;bytes=945938518-946040321;bytes=1011983370-1012090523,1fb71d12;b88dcd02;e86247a5;82dc761c;059fe6d8;80e15067;9d6f2cd2;257da129;82b36323;ca80a9e5;f8c1c17c;4e257b2f;abcc0ce3;f08f95ad;21901d91;57d04115;b5aed294;adb31c8a
3,5,264,success,None,22/Jul/2026:17:08:29.502438,22/Jul/2026:17:08:30.373662,0.8712,13,22/Jul/2026:17:08:27.984507;22/Jul/2026:17:08:28.605289;22/Jul/2026:17:08:28.692408;22/Jul/2026:17:08:28.604755;22/Jul/2026:17:08:24.474520;22/Jul/2026:17:08:29.466532;22/Jul/2026:17:08:28.671990;22/Jul/2026:17:08:29.469488;22/Jul/2026:17:08:29.467735;22/Jul/2026:17:08:28.605210;22/Jul/2026:17:08:22.699702;22/Jul/2026:17:08:27.986202;22/Jul/2026:17:08:30.224377,1.5252;0.9105;0.8477;0.9420;5.0736;0.0851;0.8894;0.0927;0.7648;1.6288;7.5368;2.2504;0.0206,bytes=892746712-892880459;bytes=923137340-924025959;bytes=974038489-974934996;bytes=919924427-920846152;bytes=321553735-322428761;bytes=995506542-995614503;bytes=945938518-946040321;bytes=1011983370-1012090523;bytes=1001583117-1002519115;bytes=922232211-923137339;bytes=15733140-15826720;bytes=900904259-901089236;bytes=1147591313-1147674212,f8c1c17c;4e257b2f;abcc0ce3;f08f95ad;21901d91;57d04115;b5aed294;adb31c8a;29f3f38c;79bde691;080d114f;e469d1c5;815dcb67
3,5,254,success,None,22/Jul/2026:17:08:29.491322,22/Jul/2026:17:08:30.443304,0.9520,19,22/Jul/2026:17:08:27.984507;22/Jul/2026:17:08:28.605289;22/Jul/2026:17:08:28.692408;22/Jul/2026:17:08:28.604755;22/Jul/2026:17:08:24.474520;22/Jul/2026:17:08:29.466532;22/Jul/2026:17:08:28.671990;22/Jul/2026:17:08:29.469488;22/Jul/2026:17:08:29.467735;22/Jul/2026:17:08:28.605210;22/Jul/2026:17:08:22.699702;22/Jul/2026:17:08:27.986202;22/Jul/2026:17:08:30.224377;22/Jul/2026:17:08:27.985414;22/Jul/2026:17:08:30.224875;22/Jul/2026:17:08:29.493608;22/Jul/2026:17:08:26.940770;22/Jul/2026:17:08:29.468150;22/Jul/2026:17:08:27.117954,1.5252;0.9105;0.8477;0.9420;5.0736;0.0851;0.8894;0.0927;0.7648;1.6288;7.5368;2.2504;0.0206;2.3976;0.1590;0.8916;3.4452;0.9189;3.2805,bytes=892746712-892880459;bytes=923137340-924025959;bytes=974038489-974934996;bytes=919924427-920846152;bytes=321553735-322428761;bytes=995506542-995614503;bytes=945938518-946040321;bytes=1011983370-1012090523;bytes=1001583117-1002519115;bytes=922232211-923137339;bytes=15733140-15826720;bytes=900904259-901089236;bytes=1147591313-1147674212;bytes=896891275-896987180;bytes=1151838009-1151930819;bytes=1049125981-1049339161;bytes=687609820-687686345;bytes=1007730428-1007834351;bytes=771247303-772124797,f8c1c17c;4e257b2f;abcc0ce3;f08f95ad;21901d91;57d04115;b5aed294;adb31c8a;29f3f38c;79bde691;080d114f;e469d1c5;815dcb67;2a1c82ef;f8b83cca;1df8f56f;74bfc21e;b59b4e99;63cc8d3c
3,5,285,success,None,22/Jul/2026:17:08:30.373971,22/Jul/2026:17:08:30.840026,0.4661,8,22/Jul/2026:17:08:27.985414;22/Jul/2026:17:08:30.224875;22/Jul/2026:17:08:29.493608;22/Jul/2026:17:08:26.940770;22/Jul/2026:17:08:29.468150;22/Jul/2026:17:08:27.117954;22/Jul/2026:17:08:30.375617;22/Jul/2026:17:08:27.849079,2.3976;0.1590;0.8916;3.4452;0.9189;3.2805;0.0738;2.6093,bytes=896891275-896987180;bytes=1151838009-1151930819;bytes=1049125981-1049339161;bytes=687609820-687686345;bytes=1007730428-1007834351;bytes=771247303-772124797;bytes=1172978406-1173080026;bytes=864526185-865408866,2a1c82ef;f8b83cca;1df8f56f;74bfc21e;b59b4e99;63cc8d3c;6b6980a9;875b7c56
3,5,279,success,None,22/Jul/2026:17:08:30.223537,22/Jul/2026:17:08:30.873776,0.6502,21,22/Jul/2026:17:08:29.467735;22/Jul/2026:17:08:28.605210;22/Jul/2026:17:08:22.699702;22/Jul/2026:17:08:27.986202;22/Jul/2026:17:08:30.224377;22/Jul/2026:17:08:27.985414;22/Jul/2026:17:08:30.224875;22/Jul/2026:17:08:29.493608;22/Jul/2026:17:08:26.940770;22/Jul/2026:17:08:29.468150;22/Jul/2026:17:08:27.117954;22/Jul/2026:17:08:30.375617;22/Jul/2026:17:08:27.849079;22/Jul/2026:17:08:30.843947;22/Jul/2026:17:08:23.386588;22/Jul/2026:17:08:30.224052;22/Jul/2026:17:08:27.116655;22/Jul/2026:17:08:30.375245;22/Jul/2026:17:08:29.469358;22/Jul/2026:17:08:27.115984;22/Jul/2026:17:08:30.843246,0.7648;1.6288;7.5368;2.2504;0.0206;2.3976;0.1590;0.8916;3.4452;0.9189;3.2805;0.0738;2.6093;0.0056;7.4634;0.6265;3.7342;0.4756;1.3815;3.7370;0.0201,bytes=1001583117-1002519115;bytes=922232211-923137339;bytes=15733140-15826720;bytes=900904259-901089236;bytes=1147591313-1147674212;bytes=896891275-896987180;bytes=1151838009-1151930819;bytes=1049125981-1049339161;bytes=687609820-687686345;bytes=1007730428-1007834351;bytes=771247303-772124797;bytes=1172978406-1173080026;bytes=864526185-865408866;bytes=1252226755-1253118415;bytes=125414255-125611312;bytes=1140888094-1141785308;bytes=762851148-763738162;bytes=1169961738-1170849042;bytes=1008036087-1008256671;bytes=757708077-758605299;bytes=1254971108-1255080050,29f3f38c;79bde691;080d114f;e469d1c5;815dcb67;2a1c82ef;f8b83cca;1df8f56f;74bfc21e;b59b4e99;63cc8d3c;6b6980a9;875b7c56;cd38a1e6;70eba355;4dea91ed;8f2c72a6;652009ae;e486a131;64df0487;57cfb9c8
3,5,296,success,None,22/Jul/2026:17:08:30.443635,22/Jul/2026:17:08:30.897131,0.4535,15,22/Jul/2026:17:08:30.375617;22/Jul/2026:17:08:27.849079;22/Jul/2026:17:08:30.843947;22/Jul/2026:17:08:23.386588;22/Jul/2026:17:08:30.224052;22/Jul/2026:17:08:27.116655;22/Jul/2026:17:08:30.375245;22/Jul/2026:17:08:29.469358;22/Jul/2026:17:08:27.115984;22/Jul/2026:17:08:30.843246;22/Jul/2026:17:08:30.376047;22/Jul/2026:17:08:30.225087;22/Jul/2026:17:08:30.376856;22/Jul/2026:17:08:29.503122;22/Jul/2026:17:08:29.504796,0.0738;2.6093;0.0056;7.4634;0.6265;3.7342;0.4756;1.3815;3.7370;0.0201;0.4982;0.6534;0.5112;1.3899;1.3911,bytes=1172978406-1173080026;bytes=864526185-865408866;bytes=1252226755-1253118415;bytes=125414255-125611312;bytes=1140888094-1141785308;bytes=762851148-763738162;bytes=1169961738-1170849042;bytes=1008036087-1008256671;bytes=757708077-758605299;bytes=1254971108-1255080050;bytes=1175790559-1176690287;bytes=1150840460-1151743336;bytes=1181071879-1181175097;bytes=1081053819-1081943355;bytes=1091469228-1092351363,6b6980a9;875b7c56;cd38a1e6;70eba355;4dea91ed;8f2c72a6;652009ae;e486a131;64df0487;57cfb9c8;e57a85b7;b0eaeb73;591f71d7;1fb57518;599a741c
3,5,333,success,None,22/Jul/2026:17:08:30.897472,22/Jul/2026:17:08:31.650058,0.7526,6,22/Jul/2026:17:08:30.844169;22/Jul/2026:17:08:28.672551;22/Jul/2026:17:08:30.844301;22/Jul/2026:17:08:30.376988;22/Jul/2026:17:08:29.492116;22/Jul/2026:17:08:29.492281,0.0820;2.2537;0.0888;0.5569;1.4432;1.4430,bytes=1255184805-1255396495;bytes=948878952-949773604;bytes=1259222916-1259336995;bytes=1184843816-1185011139;bytes=1040904774-1041016743;bytes=1044835501-1044914701,e45706cb;65d7b513;9a6fbad6;8e6fa39a;280b10df;6a4961d4
3,5,311,success,None,22/Jul/2026:17:08:30.874129,22/Jul/2026:17:08:31.667570,0.7934,17,22/Jul/2026:17:08:30.376047;22/Jul/2026:17:08:30.225087;22/Jul/2026:17:08:30.376856;22/Jul/2026:17:08:29.503122;22/Jul/2026:17:08:29.504796;22/Jul/2026:17:08:30.844169;22/Jul/2026:17:08:28.672551;22/Jul/2026:17:08:30.844301;22/Jul/2026:17:08:30.376988;22/Jul/2026:17:08:29.492116;22/Jul/2026:17:08:29.492281;22/Jul/2026:17:08:30.843157;22/Jul/2026:17:08:30.375326;22/Jul/2026:17:08:27.789036;22/Jul/2026:17:08:24.475301;22/Jul/2026:17:08:28.604359;22/Jul/2026:17:08:27.118020,0.4982;0.6534;0.5112;1.3899;1.3911;0.0820;2.2537;0.0888;0.5569;1.4432;1.4430;0.8172;1.2859;3.8722;7.1891;3.0606;4.5470,bytes=1175790559-1176690287;bytes=1150840460-1151743336;bytes=1181071879-1181175097;bytes=1081053819-1081943355;bytes=1091469228-1092351363;bytes=1255184805-1255396495;bytes=948878952-949773604;bytes=1259222916-1259336995;bytes=1184843816-1185011139;bytes=1040904774-1041016743;bytes=1044835501-1044914701;bytes=1251129880-1251351320;bytes=1170852699-1171759596;bytes=791287728-792184752;bytes=326623524-327540731;bytes=917785464-917957361;bytes=772124798-773049793,e57a85b7;b0eaeb73;591f71d7;1fb57518;599a741c;e45706cb;65d7b513;9a6fbad6;8e6fa39a;280b10df;6a4961d4;10ff1bcb;abc023a6;2d054f01;fc181a16;c529779b;f29977be
3,5,303,success,None,22/Jul/2026:17:08:30.840369,22/Jul/2026:17:08:31.677259,0.8369,26,22/Jul/2026:17:08:30.843947;22/Jul/2026:17:08:23.386588;22/Jul/2026:17:08:30.224052;22/Jul/2026:17:08:27.116655;22/Jul/2026:17:08:30.375245;22/Jul/2026:17:08:29.469358;22/Jul/2026:17:08:27.115984;22/Jul/2026:17:08:30.843246;22/Jul/2026:17:08:30.376047;22/Jul/2026:17:08:30.225087;22/Jul/2026:17:08:30.376856;22/Jul/2026:17:08:29.503122;22/Jul/2026:17:08:29.504796;22/Jul/2026:17:08:30.844169;22/Jul/2026:17:08:28.672551;22/Jul/2026:17:08:30.844301;22/Jul/2026:17:08:30.376988;22/Jul/2026:17:08:29.492116;22/Jul/2026:17:08:29.492281;22/Jul/2026:17:08:30.843157;22/Jul/2026:17:08:30.375326;22/Jul/2026:17:08:27.789036;22/Jul/2026:17:08:24.475301;22/Jul/2026:17:08:28.604359;22/Jul/2026:17:08:27.118020;22/Jul/2026:17:08:30.842473,0.0056;7.4634;0.6265;3.7342;0.4756;1.3815;3.7370;0.0201;0.4982;0.6534;0.5112;1.3899;1.3911;0.0820;2.2537;0.0888;0.5569;1.4432;1.4430;0.8172;1.2859;3.8722;7.1891;3.0606;4.5470;0.8288,bytes=1252226755-1253118415;bytes=125414255-125611312;bytes=1140888094-1141785308;bytes=762851148-763738162;bytes=1169961738-1170849042;bytes=1008036087-1008256671;bytes=757708077-758605299;bytes=1254971108-1255080050;bytes=1175790559-1176690287;bytes=1150840460-1151743336;bytes=1181071879-1181175097;bytes=1081053819-1081943355;bytes=1091469228-1092351363;bytes=1255184805-1255396495;bytes=948878952-949773604;bytes=1259222916-1259336995;bytes=1184843816-1185011139;bytes=1040904774-1041016743;bytes=1044835501-1044914701;bytes=1251129880-1251351320;bytes=1170852699-1171759596;bytes=791287728-792184752;bytes=326623524-327540731;bytes=917785464-917957361;bytes=772124798-773049793;bytes=1248002723-1248895254,cd38a1e6;70eba355;4dea91ed;8f2c72a6;652009ae;e486a131;64df0487;57cfb9c8;e57a85b7;b0eaeb73;591f71d7;1fb57518;599a741c;e45706cb;65d7b513;9a6fbad6;8e6fa39a;280b10df;6a4961d4;10ff1bcb;abc023a6;2d054f01;fc181a16;c529779b;f29977be;6479dead
3,5,342,success,None,22/Jul/2026:17:08:31.650387,22/Jul/2026:17:08:32.279514,0.6291,11,22/Jul/2026:17:08:30.843157;22/Jul/2026:17:08:30.375326;22/Jul/2026:17:08:27.789036;22/Jul/2026:17:08:24.475301;22/Jul/2026:17:08:28.604359;22/Jul/2026:17:08:27.118020;22/Jul/2026:17:08:30.842473;22/Jul/2026:17:08:28.692325;22/Jul/2026:17:08:30.877413;22/Jul/2026:17:08:30.445770;22/Jul/2026:17:08:29.503562,0.8172;1.2859;3.8722;7.1891;3.0606;4.5470;0.8288;2.9960;0.8179;1.2497;2.2104,bytes=1251129880-1251351320;bytes=1170852699-1171759596;bytes=791287728-792184752;bytes=326623524-327540731;bytes=917785464-917957361;bytes=772124798-773049793;bytes=1248002723-1248895254;bytes=973130605-974038488;bytes=1284392425-1285284857;bytes=1226155841-1226247207;bytes=1085184724-1086083059,10ff1bcb;abc023a6;2d054f01;fc181a16;c529779b;f29977be;6479dead;fe925498;6d4d272e;3d093bc6;211a6aef
3,5,348,success,None,22/Jul/2026:17:08:31.667895,22/Jul/2026:17:08:32.457992,0.7901,9,22/Jul/2026:17:08:30.842473;22/Jul/2026:17:08:28.692325;22/Jul/2026:17:08:30.877413;22/Jul/2026:17:08:30.445770;22/Jul/2026:17:08:29.503562;22/Jul/2026:17:08:27.848676;22/Jul/2026:17:08:24.476820;22/Jul/2026:17:08:30.841688;22/Jul/2026:17:08:31.653832,0.8288;2.9960;0.8179;1.2497;2.2104;4.4399;7.8134;1.4498;0.6431,bytes=1248002723-1248895254;bytes=973130605-974038488;bytes=1284392425-1285284857;bytes=1226155841-1226247207;bytes=1085184724-1086083059;bytes=862094682-863013541;bytes=336613849-336701983;bytes=1246560700-1246647976;bytes=1415165374-1416070099,6479dead;fe925498;6d4d272e;3d093bc6;211a6aef;60dbfd48;ffb14dbd;429469a4;6f20d85c
3,5,361,success,None,22/Jul/2026:17:08:31.677562,22/Jul/2026:17:08:32.464834,0.7873,8,22/Jul/2026:17:08:28.692325;22/Jul/2026:17:08:30.877413;22/Jul/2026:17:08:30.445770;22/Jul/2026:17:08:29.503562;22/Jul/2026:17:08:27.848676;22/Jul/2026:17:08:24.476820;22/Jul/2026:17:08:30.841688;22/Jul/2026:17:08:31.653832,2.9960;0.8179;1.2497;2.2104;4.4399;7.8134;1.4498;0.6431,bytes=973130605-974038488;bytes=1284392425-1285284857;bytes=1226155841-1226247207;bytes=1085184724-1086083059;bytes=862094682-863013541;bytes=336613849-336701983;bytes=1246560700-1246647976;bytes=1415165374-1416070099,fe925498;6d4d272e;3d093bc6;211a6aef;60dbfd48;ffb14dbd;429469a4;6f20d85c
3,5,373,success,None,22/Jul/2026:17:08:32.279805,22/Jul/2026:17:08:33.166711,0.8869,16,22/Jul/2026:17:08:27.848676;22/Jul/2026:17:08:24.476820;22/Jul/2026:17:08:30.841688;22/Jul/2026:17:08:31.653832;22/Jul/2026:17:08:29.467610;22/Jul/2026:17:08:27.984568;22/Jul/2026:17:08:26.748214;22/Jul/2026:17:08:27.985041;22/Jul/2026:17:08:30.900057;22/Jul/2026:17:08:30.898430;22/Jul/2026:17:08:30.375689;22/Jul/2026:17:08:30.225604;22/Jul/2026:17:08:30.875647;22/Jul/2026:17:08:31.668609;22/Jul/2026:17:08:24.201892;22/Jul/2026:17:08:28.693243,4.4399;7.8134;1.4498;0.6431;3.0011;4.4844;5.7208;4.4839;1.5739;1.5771;2.1056;2.2565;1.6140;0.8381;8.3059;3.8167,bytes=862094682-863013541;bytes=336613849-336701983;bytes=1246560700-1246647976;bytes=1415165374-1416070099;bytes=999794362-1000692089;bytes=888969639-889863790;bytes=671515020-671626792;bytes=896684116-896800875;bytes=1376954191-1377835012;bytes=1367041587-1367179169;bytes=1176690288-1176799908;bytes=1154122776-1155051557;bytes=1276135292-1276232856;bytes=1428495162-1428604279;bytes=246739263-246877761;bytes=982868602-983027210,60dbfd48;ffb14dbd;429469a4;6f20d85c;7c7adc29;c0d69e54;c3b67a26;f2e6da3d;a81bf3ae;d97904ac;338686d8;d6b75baa;33e78518;3946085f;fc9056e7;03b71e7d
3,5,383,success,None,22/Jul/2026:17:08:32.458323,22/Jul/2026:17:08:33.302111,0.8438,13,22/Jul/2026:17:08:29.467610;22/Jul/2026:17:08:27.984568;22/Jul/2026:17:08:26.748214;22/Jul/2026:17:08:27.985041;22/Jul/2026:17:08:30.900057;22/Jul/2026:17:08:30.898430;22/Jul/2026:17:08:30.375689;22/Jul/2026:17:08:30.225604;22/Jul/2026:17:08:30.875647;22/Jul/2026:17:08:31.668609;22/Jul/2026:17:08:24.201892;22/Jul/2026:17:08:28.693243;22/Jul/2026:17:08:30.224548,3.0011;4.4844;5.7208;4.4839;1.5739;1.5771;2.1056;2.2565;1.6140;0.8381;8.3059;3.8167;2.9530,bytes=999794362-1000692089;bytes=888969639-889863790;bytes=671515020-671626792;bytes=896684116-896800875;bytes=1376954191-1377835012;bytes=1367041587-1367179169;bytes=1176690288-1176799908;bytes=1154122776-1155051557;bytes=1276135292-1276232856;bytes=1428495162-1428604279;bytes=246739263-246877761;bytes=982868602-983027210;bytes=1144880373-1145778141,7c7adc29;c0d69e54;c3b67a26;f2e6da3d;a81bf3ae;d97904ac;338686d8;d6b75baa;33e78518;3946085f;fc9056e7;03b71e7d;42b599db
3,5,396,success,None,22/Jul/2026:17:08:32.465229,22/Jul/2026:17:08:33.375882,0.9106,21,22/Jul/2026:17:08:29.467610;22/Jul/2026:17:08:27.984568;22/Jul/2026:17:08:26.748214;22/Jul/2026:17:08:27.985041;22/Jul/2026:17:08:30.900057;22/Jul/2026:17:08:30.898430;22/Jul/2026:17:08:30.375689;22/Jul/2026:17:08:30.225604;22/Jul/2026:17:08:30.875647;22/Jul/2026:17:08:31.668609;22/Jul/2026:17:08:24.201892;22/Jul/2026:17:08:28.693243;22/Jul/2026:17:08:30.224548;22/Jul/2026:17:08:33.304652;22/Jul/2026:17:08:25.310529;22/Jul/2026:17:08:31.652294;22/Jul/2026:17:08:29.467031;22/Jul/2026:17:08:27.984893;22/Jul/2026:17:08:27.849636;22/Jul/2026:17:08:32.459910;22/Jul/2026:17:08:31.668991,3.0011;4.4844;5.7208;4.4839;1.5739;1.5771;2.1056;2.2565;1.6140;0.8381;8.3059;3.8167;2.9530;0.0069;8.0019;1.6609;3.8520;5.3364;5.4722;0.8624;1.6558,bytes=999794362-1000692089;bytes=888969639-889863790;bytes=671515020-671626792;bytes=896684116-896800875;bytes=1376954191-1377835012;bytes=1367041587-1367179169;bytes=1176690288-1176799908;bytes=1154122776-1155051557;bytes=1276135292-1276232856;bytes=1428495162-1428604279;bytes=246739263-246877761;bytes=982868602-983027210;bytes=1144880373-1145778141;bytes=1726916520-1727026583;bytes=462818131-462902767;bytes=1411903764-1412025890;bytes=999614523-999794361;bytes=892880460-892986133;bytes=872425440-872542443;bytes=1573626335-1574525660;bytes=1430483312-1431383059,7c7adc29;c0d69e54;c3b67a26;f2e6da3d;a81bf3ae;d97904ac;338686d8;d6b75baa;33e78518;3946085f;fc9056e7;03b71e7d;42b599db;43eee631;0cecea7f;ddbe98e8;a508c699;d4bc99e7;3dadf3ca;4be55cd0;412f1f06
3,5,408,success,None,22/Jul/2026:17:08:33.167009,22/Jul/2026:17:08:33.811127,0.6441,13,22/Jul/2026:17:08:30.224548;22/Jul/2026:17:08:33.304652;22/Jul/2026:17:08:25.310529;22/Jul/2026:17:08:31.652294;22/Jul/2026:17:08:29.467031;22/Jul/2026:17:08:27.984893;22/Jul/2026:17:08:27.849636;22/Jul/2026:17:08:32.459910;22/Jul/2026:17:08:31.668991;22/Jul/2026:17:08:33.307066;22/Jul/2026:17:08:31.678780;22/Jul/2026:17:08:30.446106;22/Jul/2026:17:08:32.466409,2.9530;0.0069;8.0019;1.6609;3.8520;5.3364;5.4722;0.8624;1.6558;0.0844;1.7129;2.9508;0.9552,bytes=1144880373-1145778141;bytes=1726916520-1727026583;bytes=462818131-462902767;bytes=1411903764-1412025890;bytes=999614523-999794361;bytes=892880460-892986133;bytes=872425440-872542443;bytes=1573626335-1574525660;bytes=1430483312-1431383059;bytes=1734910514-1735025338;bytes=1486387303-1486508121;bytes=1223478370-1224351173;bytes=1631293355-1631518879,42b599db;43eee631;0cecea7f;ddbe98e8;a508c699;d4bc99e7;3dadf3ca;4be55cd0;412f1f06;06108e95;8bbbae17;853271af;b6edf444
3,5,419,success,None,22/Jul/2026:17:08:33.302574,22/Jul/2026:17:08:33.856239,0.5537,20,22/Jul/2026:17:08:33.304652;22/Jul/2026:17:08:25.310529;22/Jul/2026:17:08:31.652294;22/Jul/2026:17:08:29.467031;22/Jul/2026:17:08:27.984893;22/Jul/2026:17:08:27.849636;22/Jul/2026:17:08:32.459910;22/Jul/2026:17:08:31.668991;22/Jul/2026:17:08:33.307066;22/Jul/2026:17:08:31.678780;22/Jul/2026:17:08:30.446106;22/Jul/2026:17:08:32.466409;22/Jul/2026:17:08:32.280766;22/Jul/2026:17:08:31.652537;22/Jul/2026:17:08:33.167481;22/Jul/2026:17:08:25.882566;22/Jul/2026:17:08:25.440331;22/Jul/2026:17:08:33.378424;22/Jul/2026:17:08:28.672427;22/Jul/2026:17:08:30.877146,0.0069;8.0019;1.6609;3.8520;5.3364;5.4722;0.8624;1.6558;0.0844;1.7129;2.9508;0.9552;1.5407;2.1690;0.6540;7.9403;8.3878;0.4500;5.1676;2.9665,bytes=1726916520-1727026583;bytes=462818131-462902767;bytes=1411903764-1412025890;bytes=999614523-999794361;bytes=892880460-892986133;bytes=872425440-872542443;bytes=1573626335-1574525660;bytes=1430483312-1431383059;bytes=1734910514-1735025338;bytes=1486387303-1486508121;bytes=1223478370-1224351173;bytes=1631293355-1631518879;bytes=1535933209-1536026048;bytes=1410079752-1410999811;bytes=1674253421-1675134211;bytes=520408958-520508740;bytes=491831185-491929018;bytes=1784332159-1784412679;bytes=947055888-947954487;bytes=1284289117-1284392424,43eee631;0cecea7f;ddbe98e8;a508c699;d4bc99e7;3dadf3ca;4be55cd0;412f1f06;06108e95;8bbbae17;853271af;b6edf444;b0bdcae0;f220e18c;0a59ac37;711ba181;3bf7de4a;8e09cd61;70dc5460;ac471055
3,5,431,success,None,22/Jul/2026:17:08:33.376211,22/Jul/2026:17:08:34.035754,0.6595,17,22/Jul/2026:17:08:33.307066;22/Jul/2026:17:08:31.678780;22/Jul/2026:17:08:30.446106;22/Jul/2026:17:08:32.466409;22/Jul/2026:17:08:32.280766;22/Jul/2026:17:08:31.652537;22/Jul/2026:17:08:33.167481;22/Jul/2026:17:08:25.882566;22/Jul/2026:17:08:25.440331;22/Jul/2026:17:08:33.378424;22/Jul/2026:17:08:28.672427;22/Jul/2026:17:08:30.877146;22/Jul/2026:17:08:32.458679;22/Jul/2026:17:08:30.900178;22/Jul/2026:17:08:33.304770;22/Jul/2026:17:08:32.281428;22/Jul/2026:17:08:33.305492,0.0844;1.7129;2.9508;0.9552;1.5407;2.1690;0.6540;7.9403;8.3878;0.4500;5.1676;2.9665;1.4079;2.9689;0.5694;1.6034;0.5827,bytes=1734910514-1735025338;bytes=1486387303-1486508121;bytes=1223478370-1224351173;bytes=1631293355-1631518879;bytes=1535933209-1536026048;bytes=1410079752-1410999811;bytes=1674253421-1675134211;bytes=520408958-520508740;bytes=491831185-491929018;bytes=1784332159-1784412679;bytes=947055888-947954487;bytes=1284289117-1284392424;bytes=1569626027-1570528440;bytes=1378892120-1378996000;bytes=1730607335-1730761246;bytes=1537167633-1538063971;bytes=1731011213-1731129848,06108e95;8bbbae17;853271af;b6edf444;b0bdcae0;f220e18c;0a59ac37;711ba181;3bf7de4a;8e09cd61;70dc5460;ac471055;4e76aae1;0e42d8f8;056aa097;a9b1a940;2063d923
3,5,438,success,None,22/Jul/2026:17:08:33.811488,22/Jul/2026:17:08:34.464729,0.6532,15,22/Jul/2026:17:08:32.280766;22/Jul/2026:17:08:31.652537;22/Jul/2026:17:08:33.167481;22/Jul/2026:17:08:25.882566;22/Jul/2026:17:08:25.440331;22/Jul/2026:17:08:33.378424;22/Jul/2026:17:08:28.672427;22/Jul/2026:17:08:30.877146;22/Jul/2026:17:08:32.458679;22/Jul/2026:17:08:30.900178;22/Jul/2026:17:08:33.304770;22/Jul/2026:17:08:32.281428;22/Jul/2026:17:08:33.305492;22/Jul/2026:17:08:33.813489;22/Jul/2026:17:08:32.461838,1.5407;2.1690;0.6540;7.9403;8.3878;0.4500;5.1676;2.9665;1.4079;2.9689;0.5694;1.6034;0.5827;0.2314;1.5839,bytes=1535933209-1536026048;bytes=1410079752-1410999811;bytes=1674253421-1675134211;bytes=520408958-520508740;bytes=491831185-491929018;bytes=1784332159-1784412679;bytes=947055888-947954487;bytes=1284289117-1284392424;bytes=1569626027-1570528440;bytes=1378892120-1378996000;bytes=1730607335-1730761246;bytes=1537167633-1538063971;bytes=1731011213-1731129848;bytes=1805279230-1805460968;bytes=1586030134-1586138810,b0bdcae0;f220e18c;0a59ac37;711ba181;3bf7de4a;8e09cd61;70dc5460;ac471055;4e76aae1;0e42d8f8;056aa097;a9b1a940;2063d923;1eca2449;3caca541
3,5,444,success,None,22/Jul/2026:17:08:33.856581,22/Jul/2026:17:08:34.695477,0.8389,13,22/Jul/2026:17:08:32.458679;22/Jul/2026:17:08:30.900178;22/Jul/2026:17:08:33.304770;22/Jul/2026:17:08:32.281428;22/Jul/2026:17:08:33.305492;22/Jul/2026:17:08:33.813489;22/Jul/2026:17:08:32.461838;22/Jul/2026:17:08:33.857270;22/Jul/2026:17:08:26.584454;22/Jul/2026:17:08:34.036411;22/Jul/2026:17:08:33.814071;22/Jul/2026:17:08:31.669158;22/Jul/2026:17:08:33.303420,1.4079;2.9689;0.5694;1.6034;0.5827;0.2314;1.5839;0.6139;7.8895;0.4400;0.6642;2.8159;1.1917,bytes=1569626027-1570528440;bytes=1378892120-1378996000;bytes=1730607335-1730761246;bytes=1537167633-1538063971;bytes=1731011213-1731129848;bytes=1805279230-1805460968;bytes=1586030134-1586138810;bytes=1822924158-1823800724;bytes=623075492-623981965;bytes=1846819949-1847713443;bytes=1808352234-1809258963;bytes=1432718129-1432833595;bytes=1721618381-1722516742,4e76aae1;0e42d8f8;056aa097;a9b1a940;2063d923;1eca2449;3caca541;a144b46c;e65838c2;8a2edb2a;60f752be;7391a4de;4e93649e
3,5,450,success,None,22/Jul/2026:17:08:34.036057,22/Jul/2026:17:08:34.710239,0.6742,12,22/Jul/2026:17:08:33.813489;22/Jul/2026:17:08:32.461838;22/Jul/2026:17:08:33.857270;22/Jul/2026:17:08:26.584454;22/Jul/2026:17:08:34.036411;22/Jul/2026:17:08:33.814071;22/Jul/2026:17:08:31.669158;22/Jul/2026:17:08:33.303420;22/Jul/2026:17:08:30.899992;22/Jul/2026:17:08:34.696955;22/Jul/2026:17:08:34.037893;22/Jul/2026:17:08:31.679666,0.2314;1.5839;0.6139;7.8895;0.4400;0.6642;2.8159;1.1917;3.8021;0.0071;0.6679;3.0290,bytes=1805279230-1805460968;bytes=1586030134-1586138810;bytes=1822924158-1823800724;bytes=623075492-623981965;bytes=1846819949-1847713443;bytes=1808352234-1809258963;bytes=1432718129-1432833595;bytes=1721618381-1722516742;bytes=1376072043-1376954190;bytes=1906065186-1906942764;bytes=1859054564-1859171999;bytes=1498260832-1498360772,1eca2449;3caca541;a144b46c;e65838c2;8a2edb2a;60f752be;7391a4de;4e93649e;c838cff0;2bcadace;79aae8db;cf66c1da
3,5,457,success,None,22/Jul/2026:17:08:34.465038,22/Jul/2026:17:08:34.935703,0.4707,15,22/Jul/2026:17:08:33.857270;22/Jul/2026:17:08:26.584454;22/Jul/2026:17:08:34.036411;22/Jul/2026:17:08:33.814071;22/Jul/2026:17:08:31.669158;22/Jul/2026:17:08:33.303420;22/Jul/2026:17:08:30.899992;22/Jul/2026:17:08:34.696955;22/Jul/2026:17:08:34.037893;22/Jul/2026:17:08:31.679666;22/Jul/2026:17:08:34.037682;22/Jul/2026:17:08:34.697934;22/Jul/2026:17:08:33.857574;22/Jul/2026:17:08:33.377324;22/Jul/2026:17:08:33.169041,0.6139;7.8895;0.4400;0.6642;2.8159;1.1917;3.8021;0.0071;0.6679;3.0290;0.6739;0.0158;0.8572;1.3389;1.5514,bytes=1822924158-1823800724;bytes=623075492-623981965;bytes=1846819949-1847713443;bytes=1808352234-1809258963;bytes=1432718129-1432833595;bytes=1721618381-1722516742;bytes=1376072043-1376954190;bytes=1906065186-1906942764;bytes=1859054564-1859171999;bytes=1498260832-1498360772;bytes=1854939220-1855128196;bytes=1911175640-1912085168;bytes=1826089896-1826199659;bytes=1772498629-1773400638;bytes=1689105612-1689195282,a144b46c;e65838c2;8a2edb2a;60f752be;7391a4de;4e93649e;c838cff0;2bcadace;79aae8db;cf66c1da;a5ae2954;d366725b;85dc68db;057c44e9;8e236197
3,5,464,success,None,22/Jul/2026:17:08:34.695833,22/Jul/2026:17:08:35.026480,0.3306,9,22/Jul/2026:17:08:30.899992;22/Jul/2026:17:08:34.696955;22/Jul/2026:17:08:34.037893;22/Jul/2026:17:08:31.679666;22/Jul/2026:17:08:34.037682;22/Jul/2026:17:08:34.697934;22/Jul/2026:17:08:33.857574;22/Jul/2026:17:08:33.377324;22/Jul/2026:17:08:33.169041,3.8021;0.0071;0.6679;3.0290;0.6739;0.0158;0.8572;1.3389;1.5514,bytes=1376072043-1376954190;bytes=1906065186-1906942764;bytes=1859054564-1859171999;bytes=1498260832-1498360772;bytes=1854939220-1855128196;bytes=1911175640-1912085168;bytes=1826089896-1826199659;bytes=1772498629-1773400638;bytes=1689105612-1689195282,c838cff0;2bcadace;79aae8db;cf66c1da;a5ae2954;d366725b;85dc68db;057c44e9;8e236197
4,5,0,success,None,22/Jul/2026:17:08:35.039322,22/Jul/2026:17:08:35.965747,0.9264,17,22/Jul/2026:17:08:22.698687;22/Jul/2026:17:08:06.086392;22/Jul/2026:17:08:35.040460;22/Jul/2026:17:08:21.816167;22/Jul/2026:17:08:21.014232;22/Jul/2026:17:08:28.604633;22/Jul/2026:17:08:22.248617;22/Jul/2026:17:08:27.788915;22/Jul/2026:17:08:33.857148;22/Jul/2026:17:08:33.378560;22/Jul/2026:17:08:22.249786;22/Jul/2026:17:08:22.250637;22/Jul/2026:17:08:35.046060;22/Jul/2026:17:08:30.225429;22/Jul/2026:17:08:29.494103;22/Jul/2026:17:08:27.788362;22/Jul/2026:17:08:35.045687,12.3515;28.9637;0.0098;13.2342;14.0487;6.4639;12.8199;7.2930;1.2333;1.7161;12.8477;12.8530;0.1003;4.9263;5.6604;7.3795;0.1243,bytes=5616508-6512596;bytes=80806137-80991512;bytes=974244-1851241;bytes=1886021172-1886931791;bytes=1836096548-1837010928;bytes=918141926-919041090;bytes=1905177880-1906065185;bytes=794095039-794177964;bytes=1822031652-1822924157;bytes=1781501998-1782387452;bytes=1917262282-1917390362;bytes=1918496955-1919375124;bytes=105062264-105164289;bytes=1156067608-1156165204;bytes=1057237479-1057349896;bytes=786402018-787296380;bytes=104841493-104958941,944600f3;33544181;60890366;fd7d249a;dcd435e5;976490f9;cb0a506d;5fdc4092;4722473e;b6392642;3d618636;4b5bf678;5a88fa8a;3eb0505a;8e30179d;ad5242dc;9ebfc9d4
4,5,24,success,None,22/Jul/2026:17:08:35.039640,22/Jul/2026:17:08:36.136940,1.0973,18,22/Jul/2026:17:08:22.698687;22/Jul/2026:17:08:06.086392;22/Jul/2026:17:08:35.040460;22/Jul/2026:17:08:21.816167;22/Jul/2026:17:08:21.014232;22/Jul/2026:17:08:28.604633;22/Jul/2026:17:08:22.248617;22/Jul/2026:17:08:27.788915;22/Jul/2026:17:08:33.857148;22/Jul/2026:17:08:33.378560;22/Jul/2026:17:08:22.249786;22/Jul/2026:17:08:22.250637;22/Jul/2026:17:08:35.046060;22/Jul/2026:17:08:30.225429;22/Jul/2026:17:08:29.494103;22/Jul/2026:17:08:27.788362;22/Jul/2026:17:08:35.045687;22/Jul/2026:17:08:04.751347,12.3515;28.9637;0.0098;13.2342;14.0487;6.4639;12.8199;7.2930;1.2333;1.7161;12.8477;12.8530;0.1003;4.9263;5.6604;7.3795;0.1243;31.2203,bytes=5616508-6512596;bytes=80806137-80991512;bytes=974244-1851241;bytes=1886021172-1886931791;bytes=1836096548-1837010928;bytes=918141926-919041090;bytes=1905177880-1906065185;bytes=794095039-794177964;bytes=1822031652-1822924157;bytes=1781501998-1782387452;bytes=1917262282-1917390362;bytes=1918496955-1919375124;bytes=105062264-105164289;bytes=1156067608-1156165204;bytes=1057237479-1057349896;bytes=786402018-787296380;bytes=104841493-104958941;bytes=1848608709-1849541406,944600f3;33544181;60890366;fd7d249a;dcd435e5;976490f9;cb0a506d;5fdc4092;4722473e;b6392642;3d618636;4b5bf678;5a88fa8a;3eb0505a;8e30179d;ad5242dc;9ebfc9d4;66a0d2e3
4,5,17,success,None,22/Jul/2026:17:08:35.039505,22/Jul/2026:17:08:36.137998,1.0985,18,22/Jul/2026:17:08:22.698687;22/Jul/2026:17:08:06.086392;22/Jul/2026:17:08:35.040460;22/Jul/2026:17:08:21.816167;22/Jul/2026:17:08:21.014232;22/Jul/2026:17:08:28.604633;22/Jul/2026:17:08:22.248617;22/Jul/2026:17:08:27.788915;22/Jul/2026:17:08:33.857148;22/Jul/2026:17:08:33.378560;22/Jul/2026:17:08:22.249786;22/Jul/2026:17:08:22.250637;22/Jul/2026:17:08:35.046060;22/Jul/2026:17:08:30.225429;22/Jul/2026:17:08:29.494103;22/Jul/2026:17:08:27.788362;22/Jul/2026:17:08:35.045687;22/Jul/2026:17:08:04.751347,12.3515;28.9637;0.0098;13.2342;14.0487;6.4639;12.8199;7.2930;1.2333;1.7161;12.8477;12.8530;0.1003;4.9263;5.6604;7.3795;0.1243;31.2203,bytes=5616508-6512596;bytes=80806137-80991512;bytes=974244-1851241;bytes=1886021172-1886931791;bytes=1836096548-1837010928;bytes=918141926-919041090;bytes=1905177880-1906065185;bytes=794095039-794177964;bytes=1822031652-1822924157;bytes=1781501998-1782387452;bytes=1917262282-1917390362;bytes=1918496955-1919375124;bytes=105062264-105164289;bytes=1156067608-1156165204;bytes=1057237479-1057349896;bytes=786402018-787296380;bytes=104841493-104958941;bytes=1848608709-1849541406,944600f3;33544181;60890366;fd7d249a;dcd435e5;976490f9;cb0a506d;5fdc4092;4722473e;b6392642;3d618636;4b5bf678;5a88fa8a;3eb0505a;8e30179d;ad5242dc;9ebfc9d4;66a0d2e3
4,5,30,success,None,22/Jul/2026:17:08:35.039794,22/Jul/2026:17:08:36.145803,1.1060,18,22/Jul/2026:17:08:22.698687;22/Jul/2026:17:08:06.086392;22/Jul/2026:17:08:35.040460;22/Jul/2026:17:08:21.816167;22/Jul/2026:17:08:21.014232;22/Jul/2026:17:08:28.604633;22/Jul/2026:17:08:22.248617;22/Jul/2026:17:08:27.788915;22/Jul/2026:17:08:33.857148;22/Jul/2026:17:08:33.378560;22/Jul/2026:17:08:22.249786;22/Jul/2026:17:08:22.250637;22/Jul/2026:17:08:35.046060;22/Jul/2026:17:08:30.225429;22/Jul/2026:17:08:29.494103;22/Jul/2026:17:08:27.788362;22/Jul/2026:17:08:35.045687;22/Jul/2026:17:08:04.751347,12.3515;28.9637;0.0098;13.2342;14.0487;6.4639;12.8199;7.2930;1.2333;1.7161;12.8477;12.8530;0.1003;4.9263;5.6604;7.3795;0.1243;31.2203,bytes=5616508-6512596;bytes=80806137-80991512;bytes=974244-1851241;bytes=1886021172-1886931791;bytes=1836096548-1837010928;bytes=918141926-919041090;bytes=1905177880-1906065185;bytes=794095039-794177964;bytes=1822031652-1822924157;bytes=1781501998-1782387452;bytes=1917262282-1917390362;bytes=1918496955-1919375124;bytes=105062264-105164289;bytes=1156067608-1156165204;bytes=1057237479-1057349896;bytes=786402018-787296380;bytes=104841493-104958941;bytes=1848608709-1849541406,944600f3;33544181;60890366;fd7d249a;dcd435e5;976490f9;cb0a506d;5fdc4092;4722473e;b6392642;3d618636;4b5bf678;5a88fa8a;3eb0505a;8e30179d;ad5242dc;9ebfc9d4;66a0d2e3
4,5,40,success,None,22/Jul/2026:17:08:35.966068,22/Jul/2026:17:08:36.760102,0.7940,13,22/Jul/2026:17:08:04.751347;22/Jul/2026:17:08:35.044410;22/Jul/2026:17:08:21.816297;22/Jul/2026:17:08:35.041072;22/Jul/2026:17:08:34.696265;22/Jul/2026:17:08:36.147725;22/Jul/2026:17:08:21.816707;22/Jul/2026:17:08:35.040933;22/Jul/2026:17:08:35.968371;22/Jul/2026:17:08:34.038952;22/Jul/2026:17:08:35.046578;22/Jul/2026:17:08:35.048265;22/Jul/2026:17:08:35.047929,31.2203;1.1057;14.3337;1.1090;1.4538;0.0093;14.3443;1.1375;0.2190;2.1702;1.1629;1.1629;1.1638,bytes=1848608709-1849541406;bytes=80806137-80991512;bytes=1888011208-1888116633;bytes=4735003-5616507;bytes=1905177880-1906065185;bytes=267227490-267438158;bytes=1888228704-1889127376;bytes=7591622-7765295;bytes=182228661-182324486;bytes=1863401001-1863499138;bytes=107864874-108774691;bytes=129421908-129600871;bytes=124124680-125038401,66a0d2e3;32b90c81;2de48955;f9bf0c23;7a9a1374;00ac9bd0;686f6b94;07329c5d;5709dddd;656d4da4;bd137efa;4ade5249;87bfc32e
4,5,50,success,None,22/Jul/2026:17:08:36.137272,22/Jul/2026:17:08:36.837969,0.7007,19,22/Jul/2026:17:08:35.044410;22/Jul/2026:17:08:21.816297;22/Jul/2026:17:08:35.041072;22/Jul/2026:17:08:34.696265;22/Jul/2026:17:08:36.147725;22/Jul/2026:17:08:21.816707;22/Jul/2026:17:08:35.040933;22/Jul/2026:17:08:35.968371;22/Jul/2026:17:08:34.038952;22/Jul/2026:17:08:35.046578;22/Jul/2026:17:08:35.048265;22/Jul/2026:17:08:35.047929;22/Jul/2026:17:08:05.631107;22/Jul/2026:17:08:35.966709;22/Jul/2026:17:08:36.140941;22/Jul/2026:17:08:35.047107;22/Jul/2026:17:08:23.556331;22/Jul/2026:17:08:25.881689;22/Jul/2026:17:08:19.150323,1.1057;14.3337;1.1090;1.4538;0.0093;14.3443;1.1375;0.2190;2.1702;1.1629;1.1629;1.1638;31.1383;0.8032;0.6302;1.7241;13.2164;10.8911;17.6323,bytes=80806137-80991512;bytes=1888011208-1888116633;bytes=4735003-5616507;bytes=1905177880-1906065185;bytes=267227490-267438158;bytes=1888228704-1889127376;bytes=7591622-7765295;bytes=182228661-182324486;bytes=1863401001-1863499138;bytes=107864874-108774691;bytes=129421908-129600871;bytes=124124680-125038401;bytes=1909010456-1909191568;bytes=164609189-165510094;bytes=214087073-214251221;bytes=110958631-111862687;bytes=166002691-166897229;bytes=512491025-513386211;bytes=1581797740-1581917340,32b90c81;2de48955;f9bf0c23;7a9a1374;00ac9bd0;686f6b94;07329c5d;5709dddd;656d4da4;bd137efa;4ade5249;87bfc32e;b3705d71;eaa7535e;8276a6d6;73e1d341;563c73bd;7dd2a3b4;9c615645
4,5,59,success,None,22/Jul/2026:17:08:36.138295,22/Jul/2026:17:08:36.869055,0.7308,25,22/Jul/2026:17:08:35.044410;22/Jul/2026:17:08:21.816297;22/Jul/2026:17:08:35.041072;22/Jul/2026:17:08:34.696265;22/Jul/2026:17:08:36.147725;22/Jul/2026:17:08:21.816707;22/Jul/2026:17:08:35.040933;22/Jul/2026:17:08:35.968371;22/Jul/2026:17:08:34.038952;22/Jul/2026:17:08:35.046578;22/Jul/2026:17:08:35.048265;22/Jul/2026:17:08:35.047929;22/Jul/2026:17:08:05.631107;22/Jul/2026:17:08:35.966709;22/Jul/2026:17:08:36.140941;22/Jul/2026:17:08:35.047107;22/Jul/2026:17:08:23.556331;22/Jul/2026:17:08:25.881689;22/Jul/2026:17:08:19.150323;22/Jul/2026:17:08:35.043425;22/Jul/2026:17:08:35.043748;22/Jul/2026:17:08:15.829211;22/Jul/2026:17:08:22.249261;22/Jul/2026:17:08:36.761230;22/Jul/2026:17:08:35.043885,1.1057;14.3337;1.1090;1.4538;0.0093;14.3443;1.1375;0.2190;2.1702;1.1629;1.1629;1.1638;31.1383;0.8032;0.6302;1.7241;13.2164;10.8911;17.6323;1.8044;1.8043;21.0198;14.6002;0.0885;1.8090,bytes=80806137-80991512;bytes=1888011208-1888116633;bytes=4735003-5616507;bytes=1905177880-1906065185;bytes=267227490-267438158;bytes=1888228704-1889127376;bytes=7591622-7765295;bytes=182228661-182324486;bytes=1863401001-1863499138;bytes=107864874-108774691;bytes=129421908-129600871;bytes=124124680-125038401;bytes=1909010456-1909191568;bytes=164609189-165510094;bytes=214087073-214251221;bytes=110958631-111862687;bytes=166002691-166897229;bytes=512491025-513386211;bytes=1581797740-1581917340;bytes=76333743-76424815;bytes=75331914-76243159;bytes=1155051558-1155966323;bytes=1909395906-1910292496;bytes=320471548-320668842;bytes=76617747-76814202,32b90c81;2de48955;f9bf0c23;7a9a1374;00ac9bd0;686f6b94;07329c5d;5709dddd;656d4da4;bd137efa;4ade5249;87bfc32e;b3705d71;eaa7535e;8276a6d6;73e1d341;563c73bd;7dd2a3b4;9c615645;2f0b4fec;66016626;a3bcbfb7;303e9917;80c58f2c;a2fb3f78
4,5,65,success,None,22/Jul/2026:17:08:36.146096,22/Jul/2026:17:08:37.004506,0.8584,32,22/Jul/2026:17:08:35.044410;22/Jul/2026:17:08:21.816297;22/Jul/2026:17:08:35.041072;22/Jul/2026:17:08:34.696265;22/Jul/2026:17:08:36.147725;22/Jul/2026:17:08:21.816707;22/Jul/2026:17:08:35.040933;22/Jul/2026:17:08:35.968371;22/Jul/2026:17:08:34.038952;22/Jul/2026:17:08:35.046578;22/Jul/2026:17:08:35.048265;22/Jul/2026:17:08:35.047929;22/Jul/2026:17:08:05.631107;22/Jul/2026:17:08:35.966709;22/Jul/2026:17:08:36.140941;22/Jul/2026:17:08:35.047107;22/Jul/2026:17:08:23.556331;22/Jul/2026:17:08:25.881689;22/Jul/2026:17:08:19.150323;22/Jul/2026:17:08:35.043425;22/Jul/2026:17:08:35.043748;22/Jul/2026:17:08:15.829211;22/Jul/2026:17:08:22.249261;22/Jul/2026:17:08:36.761230;22/Jul/2026:17:08:35.043885;22/Jul/2026:17:08:36.762825;22/Jul/2026:17:08:36.841321;22/Jul/2026:17:08:33.378755;22/Jul/2026:17:08:32.467308;22/Jul/2026:17:08:36.839616;22/Jul/2026:17:08:35.967533;22/Jul/2026:17:08:35.045306,1.1057;14.3337;1.1090;1.4538;0.0093;14.3443;1.1375;0.2190;2.1702;1.1629;1.1629;1.1638;31.1383;0.8032;0.6302;1.7241;13.2164;10.8911;17.6323;1.8044;1.8043;21.0198;14.6002;0.0885;1.8090;0.1164;0.0379;3.5033;4.4148;0.0454;0.9252;1.8587,bytes=80806137-80991512;bytes=1888011208-1888116633;bytes=4735003-5616507;bytes=1905177880-1906065185;bytes=267227490-267438158;bytes=1888228704-1889127376;bytes=7591622-7765295;bytes=182228661-182324486;bytes=1863401001-1863499138;bytes=107864874-108774691;bytes=129421908-129600871;bytes=124124680-125038401;bytes=1909010456-1909191568;bytes=164609189-165510094;bytes=214087073-214251221;bytes=110958631-111862687;bytes=166002691-166897229;bytes=512491025-513386211;bytes=1581797740-1581917340;bytes=76333743-76424815;bytes=75331914-76243159;bytes=1155051558-1155966323;bytes=1909395906-1910292496;bytes=320471548-320668842;bytes=76617747-76814202;bytes=332798846-332900129;bytes=393564247-393661500;bytes=1784412680-1784527550;bytes=1633711841-1634615136;bytes=381806962-381914446;bytes=171966297-172888000;bytes=98062852-98943525,32b90c81;2de48955;f9bf0c23;7a9a1374;00ac9bd0;686f6b94;07329c5d;5709dddd;656d4da4;bd137efa;4ade5249;87bfc32e;b3705d71;eaa7535e;8276a6d6;73e1d341;563c73bd;7dd2a3b4;9c615645;2f0b4fec;66016626;a3bcbfb7;303e9917;80c58f2c;a2fb3f78;f2244cd1;a4d94be3;68079751;37f66426;46a6b8cf;c4ad2af9;6b9296cb
4,5,99,success,None,22/Jul/2026:17:08:36.869419,22/Jul/2026:17:08:37.475003,0.6056,11,22/Jul/2026:17:08:36.762825;22/Jul/2026:17:08:36.841321;22/Jul/2026:17:08:33.378755;22/Jul/2026:17:08:32.467308;22/Jul/2026:17:08:36.839616;22/Jul/2026:17:08:35.967533;22/Jul/2026:17:08:35.045306;22/Jul/2026:17:08:36.872153;22/Jul/2026:17:08:35.044671;22/Jul/2026:17:08:36.871247;22/Jul/2026:17:08:36.147640,0.1164;0.0379;3.5033;4.4148;0.0454;0.9252;1.8587;0.1410;1.9841;0.1686;0.9103,bytes=332798846-332900129;bytes=393564247-393661500;bytes=1784412680-1784527550;bytes=1633711841-1634615136;bytes=381806962-381914446;bytes=171966297-172888000;bytes=98062852-98943525;bytes=417817753-417916780;bytes=81885664-82767056;bytes=409511670-409696329;bytes=267048300-267227489,f2244cd1;a4d94be3;68079751;37f66426;46a6b8cf;c4ad2af9;6b9296cb;f83b4acb;56afb415;19c1ad2c;8f4914ed
4,5,78,success,None,22/Jul/2026:17:08:36.760412,22/Jul/2026:17:08:37.611007,0.8506,29,22/Jul/2026:17:08:05.631107;22/Jul/2026:17:08:35.966709;22/Jul/2026:17:08:36.140941;22/Jul/2026:17:08:35.047107;22/Jul/2026:17:08:23.556331;22/Jul/2026:17:08:25.881689;22/Jul/2026:17:08:19.150323;22/Jul/2026:17:08:35.043425;22/Jul/2026:17:08:35.043748;22/Jul/2026:17:08:15.829211;22/Jul/2026:17:08:22.249261;22/Jul/2026:17:08:36.761230;22/Jul/2026:17:08:35.043885;22/Jul/2026:17:08:36.762825;22/Jul/2026:17:08:36.841321;22/Jul/2026:17:08:33.378755;22/Jul/2026:17:08:32.467308;22/Jul/2026:17:08:36.839616;22/Jul/2026:17:08:35.967533;22/Jul/2026:17:08:35.045306;22/Jul/2026:17:08:36.872153;22/Jul/2026:17:08:35.044671;22/Jul/2026:17:08:36.871247;22/Jul/2026:17:08:36.147640;22/Jul/2026:17:08:36.761623;22/Jul/2026:17:08:35.041392;22/Jul/2026:17:08:36.139609;22/Jul/2026:17:08:36.139421;22/Jul/2026:17:08:36.761430,31.1383;0.8032;0.6302;1.7241;13.2164;10.8911;17.6323;1.8044;1.8043;21.0198;14.6002;0.0885;1.8090;0.1164;0.0379;3.5033;4.4148;0.0454;0.9252;1.8587;0.1410;1.9841;0.1686;0.9103;0.7211;2.4465;1.3505;1.3547;0.7360,bytes=1909010456-1909191568;bytes=164609189-165510094;bytes=214087073-214251221;bytes=110958631-111862687;bytes=166002691-166897229;bytes=512491025-513386211;bytes=1581797740-1581917340;bytes=76333743-76424815;bytes=75331914-76243159;bytes=1155051558-1155966323;bytes=1909395906-1910292496;bytes=320471548-320668842;bytes=76617747-76814202;bytes=332798846-332900129;bytes=393564247-393661500;bytes=1784412680-1784527550;bytes=1633711841-1634615136;bytes=381806962-381914446;bytes=171966297-172888000;bytes=98062852-98943525;bytes=417817753-417916780;bytes=81885664-82767056;bytes=409511670-409696329;bytes=267048300-267227489;bytes=323341434-324254586;bytes=11533999-11648621;bytes=206305030-206401708;bytes=205175070-206066377;bytes=320668843-321553734,b3705d71;eaa7535e;8276a6d6;73e1d341;563c73bd;7dd2a3b4;9c615645;2f0b4fec;66016626;a3bcbfb7;303e9917;80c58f2c;a2fb3f78;f2244cd1;a4d94be3;68079751;37f66426;46a6b8cf;c4ad2af9;6b9296cb;f83b4acb;56afb415;19c1ad2c;8f4914ed;53e350b3;9a3be80e;0e0963c6;03752467;aef2c0c6
4,5,93,success,None,22/Jul/2026:17:08:36.838326,22/Jul/2026:17:08:37.646591,0.8083,26,22/Jul/2026:17:08:35.043425;22/Jul/2026:17:08:35.043748;22/Jul/2026:17:08:15.829211;22/Jul/2026:17:08:22.249261;22/Jul/2026:17:08:36.761230;22/Jul/2026:17:08:35.043885;22/Jul/2026:17:08:36.762825;22/Jul/2026:17:08:36.841321;22/Jul/2026:17:08:33.378755;22/Jul/2026:17:08:32.467308;22/Jul/2026:17:08:36.839616;22/Jul/2026:17:08:35.967533;22/Jul/2026:17:08:35.045306;22/Jul/2026:17:08:36.872153;22/Jul/2026:17:08:35.044671;22/Jul/2026:17:08:36.871247;22/Jul/2026:17:08:36.147640;22/Jul/2026:17:08:36.761623;22/Jul/2026:17:08:35.041392;22/Jul/2026:17:08:36.139609;22/Jul/2026:17:08:36.139421;22/Jul/2026:17:08:36.761430;22/Jul/2026:17:08:36.139530;22/Jul/2026:17:08:35.041718;22/Jul/2026:17:08:36.139683;22/Jul/2026:17:08:36.142179,1.8044;1.8043;21.0198;14.6002;0.0885;1.8090;0.1164;0.0379;3.5033;4.4148;0.0454;0.9252;1.8587;0.1410;1.9841;0.1686;0.9103;0.7211;2.4465;1.3505;1.3547;0.7360;1.4780;2.5789;1.4829;1.4822,bytes=76333743-76424815;bytes=75331914-76243159;bytes=1155051558-1155966323;bytes=1909395906-1910292496;bytes=320471548-320668842;bytes=76617747-76814202;bytes=332798846-332900129;bytes=393564247-393661500;bytes=1784412680-1784527550;bytes=1633711841-1634615136;bytes=381806962-381914446;bytes=171966297-172888000;bytes=98062852-98943525;bytes=417817753-417916780;bytes=81885664-82767056;bytes=409511670-409696329;bytes=267048300-267227489;bytes=323341434-324254586;bytes=11533999-11648621;bytes=206305030-206401708;bytes=205175070-206066377;bytes=320668843-321553734;bytes=206207460-206305029;bytes=10652387-11533998;bytes=209995178-210080928;bytes=222249683-222339354,2f0b4fec;66016626;a3bcbfb7;303e9917;80c58f2c;a2fb3f78;f2244cd1;a4d94be3;68079751;37f66426;46a6b8cf;c4ad2af9;6b9296cb;f83b4acb;56afb415;19c1ad2c;8f4914ed;53e350b3;9a3be80e;0e0963c6;03752467;aef2c0c6;ed3e74a8;31bd8356;03ead2ca;27922df2
4,5,112,success,None,22/Jul/2026:17:08:37.004830,22/Jul/2026:17:08:37.673967,0.6691,15,22/Jul/2026:17:08:36.872153;22/Jul/2026:17:08:35.044671;22/Jul/2026:17:08:36.871247;22/Jul/2026:17:08:36.147640;22/Jul/2026:17:08:36.761623;22/Jul/2026:17:08:35.041392;22/Jul/2026:17:08:36.139609;22/Jul/2026:17:08:36.139421;22/Jul/2026:17:08:36.761430;22/Jul/2026:17:08:36.139530;22/Jul/2026:17:08:35.041718;22/Jul/2026:17:08:36.139683;22/Jul/2026:17:08:36.142179;22/Jul/2026:17:08:37.615350;22/Jul/2026:17:08:36.142831,0.1410;1.9841;0.1686;0.9103;0.7211;2.4465;1.3505;1.3547;0.7360;1.4780;2.5789;1.4829;1.4822;0.0403;1.5206,bytes=417817753-417916780;bytes=81885664-82767056;bytes=409511670-409696329;bytes=267048300-267227489;bytes=323341434-324254586;bytes=11533999-11648621;bytes=206305030-206401708;bytes=205175070-206066377;bytes=320668843-321553734;bytes=206207460-206305029;bytes=10652387-11533998;bytes=209995178-210080928;bytes=222249683-222339354;bytes=532745253-532850845;bytes=246620476-246739262,f83b4acb;56afb415;19c1ad2c;8f4914ed;53e350b3;9a3be80e;0e0963c6;03752467;aef2c0c6;ed3e74a8;31bd8356;03ead2ca;27922df2;6f1bc7a1;df450b13
4,5,120,success,None,22/Jul/2026:17:08:37.475316,22/Jul/2026:17:08:38.285138,0.8098,14,22/Jul/2026:17:08:36.761623;22/Jul/2026:17:08:35.041392;22/Jul/2026:17:08:36.139609;22/Jul/2026:17:08:36.139421;22/Jul/2026:17:08:36.761430;22/Jul/2026:17:08:36.139530;22/Jul/2026:17:08:35.041718;22/Jul/2026:17:08:36.139683;22/Jul/2026:17:08:36.142179;22/Jul/2026:17:08:37.615350;22/Jul/2026:17:08:36.142831;22/Jul/2026:17:08:37.008003;22/Jul/2026:17:08:37.477951;22/Jul/2026:17:08:37.613256,0.7211;2.4465;1.3505;1.3547;0.7360;1.4780;2.5789;1.4829;1.4822;0.0403;1.5206;0.6667;0.2322;0.0975,bytes=323341434-324254586;bytes=11533999-11648621;bytes=206305030-206401708;bytes=205175070-206066377;bytes=320668843-321553734;bytes=206207460-206305029;bytes=10652387-11533998;bytes=209995178-210080928;bytes=222249683-222339354;bytes=532745253-532850845;bytes=246620476-246739262;bytes=475400030-475499794;bytes=507862669-507935482;bytes=520694958-520894904,53e350b3;9a3be80e;0e0963c6;03752467;aef2c0c6;ed3e74a8;31bd8356;03ead2ca;27922df2;6f1bc7a1;df450b13;1cede881;00ce7174;5d0ec2e8
4,5,126,success,None,22/Jul/2026:17:08:37.611340,22/Jul/2026:17:08:38.302538,0.6912,12,22/Jul/2026:17:08:36.139530;22/Jul/2026:17:08:35.041718;22/Jul/2026:17:08:36.139683;22/Jul/2026:17:08:36.142179;22/Jul/2026:17:08:37.615350;22/Jul/2026:17:08:36.142831;22/Jul/2026:17:08:37.008003;22/Jul/2026:17:08:37.477951;22/Jul/2026:17:08:37.613256;22/Jul/2026:17:08:37.006891;22/Jul/2026:17:08:36.872864;22/Jul/2026:17:08:37.476980,1.4780;2.5789;1.4829;1.4822;0.0403;1.5206;0.6667;0.2322;0.0975;1.2889;1.4267;0.8242,bytes=206207460-206305029;bytes=10652387-11533998;bytes=209995178-210080928;bytes=222249683-222339354;bytes=532745253-532850845;bytes=246620476-246739262;bytes=475400030-475499794;bytes=507862669-507935482;bytes=520694958-520894904;bytes=467103933-467295865;bytes=418097565-418311418;bytes=497803317-498712849,ed3e74a8;31bd8356;03ead2ca;27922df2;6f1bc7a1;df450b13;1cede881;00ce7174;5d0ec2e8;287c1fd5;7759a74e;eff07278
4,5,140,success,None,22/Jul/2026:17:08:37.674290,22/Jul/2026:17:08:38.481801,0.8075,15,22/Jul/2026:17:08:37.008003;22/Jul/2026:17:08:37.477951;22/Jul/2026:17:08:37.613256;22/Jul/2026:17:08:37.006891;22/Jul/2026:17:08:36.872864;22/Jul/2026:17:08:37.476980;22/Jul/2026:17:08:35.042032;22/Jul/2026:17:08:30.446502;22/Jul/2026:17:08:35.045496;22/Jul/2026:17:08:38.287786;22/Jul/2026:17:08:37.675161;22/Jul/2026:17:08:36.872786;22/Jul/2026:17:08:38.286705;22/Jul/2026:17:08:35.045173;22/Jul/2026:17:08:37.477549,0.6667;0.2322;0.0975;1.2889;1.4267;0.8242;3.2619;7.8574;3.2585;0.0239;0.6420;1.4462;0.0335;3.2817;0.8500,bytes=475400030-475499794;bytes=507862669-507935482;bytes=520694958-520894904;bytes=467103933-467295865;bytes=418097565-418311418;bytes=497803317-498712849;bytes=11975124-12870473;bytes=1230313675-1230454211;bytes=100911844-101014333;bytes=638710760-638799651;bytes=573813793-574007590;bytes=417916781-418097564;bytes=630696498-630794134;bytes=88844908-88943720;bytes=501035482-501934466,1cede881;00ce7174;5d0ec2e8;287c1fd5;7759a74e;eff07278;a8d65f20;a8dcea98;ae4932f3;97fd5eac;94d6ba52;a0f73259;757cc099;8065fd5a;a9fec0b2
4,5,134,success,None,22/Jul/2026:17:08:37.646954,22/Jul/2026:17:08:38.494100,0.8471,21,22/Jul/2026:17:08:37.615350;22/Jul/2026:17:08:36.142831;22/Jul/2026:17:08:37.008003;22/Jul/2026:17:08:37.477951;22/Jul/2026:17:08:37.613256;22/Jul/2026:17:08:37.006891;22/Jul/2026:17:08:36.872864;22/Jul/2026:17:08:37.476980;22/Jul/2026:17:08:35.042032;22/Jul/2026:17:08:30.446502;22/Jul/2026:17:08:35.045496;22/Jul/2026:17:08:38.287786;22/Jul/2026:17:08:37.675161;22/Jul/2026:17:08:36.872786;22/Jul/2026:17:08:38.286705;22/Jul/2026:17:08:35.045173;22/Jul/2026:17:08:37.477549;22/Jul/2026:17:08:30.375895;22/Jul/2026:17:08:38.482594;22/Jul/2026:17:08:38.482461;22/Jul/2026:17:08:31.679717,0.0403;1.5206;0.6667;0.2322;0.0975;1.2889;1.4267;0.8242;3.2619;7.8574;3.2585;0.0239;0.6420;1.4462;0.0335;3.2817;0.8500;8.1133;0.0087;0.0088;6.8124,bytes=532745253-532850845;bytes=246620476-246739262;bytes=475400030-475499794;bytes=507862669-507935482;bytes=520694958-520894904;bytes=467103933-467295865;bytes=418097565-418311418;bytes=497803317-498712849;bytes=11975124-12870473;bytes=1230313675-1230454211;bytes=100911844-101014333;bytes=638710760-638799651;bytes=573813793-574007590;bytes=417916781-418097564;bytes=630696498-630794134;bytes=88844908-88943720;bytes=501035482-501934466;bytes=1173990337-1174884533;bytes=680927023-681795884;bytes=680029409-680927022;bytes=1498360773-1498460367,6f1bc7a1;df450b13;1cede881;00ce7174;5d0ec2e8;287c1fd5;7759a74e;eff07278;a8d65f20;a8dcea98;ae4932f3;97fd5eac;94d6ba52;a0f73259;757cc099;8065fd5a;a9fec0b2;b628ff46;56fb204c;de589b4d;a1804992
4,5,153,success,None,22/Jul/2026:17:08:38.285480,22/Jul/2026:17:08:39.110323,0.8248,25,22/Jul/2026:17:08:37.006891;22/Jul/2026:17:08:36.872864;22/Jul/2026:17:08:37.476980;22/Jul/2026:17:08:35.042032;22/Jul/2026:17:08:30.446502;22/Jul/2026:17:08:35.045496;22/Jul/2026:17:08:38.287786;22/Jul/2026:17:08:37.675161;22/Jul/2026:17:08:36.872786;22/Jul/2026:17:08:38.286705;22/Jul/2026:17:08:35.045173;22/Jul/2026:17:08:37.477549;22/Jul/2026:17:08:30.375895;22/Jul/2026:17:08:38.482594;22/Jul/2026:17:08:38.482461;22/Jul/2026:17:08:31.679717;22/Jul/2026:17:08:36.141718;22/Jul/2026:17:08:36.149314;22/Jul/2026:17:08:38.287659;22/Jul/2026:17:08:21.816640;22/Jul/2026:17:08:37.006375;22/Jul/2026:17:08:37.676644;22/Jul/2026:17:08:38.304441;22/Jul/2026:17:08:37.613679;22/Jul/2026:17:08:38.485388,1.2889;1.4267;0.8242;3.2619;7.8574;3.2585;0.0239;0.6420;1.4462;0.0335;3.2817;0.8500;8.1133;0.0087;0.0088;6.8124;2.3563;2.3487;0.2108;16.6825;1.5035;0.8502;0.2229;0.9156;0.0481,bytes=467103933-467295865;bytes=418097565-418311418;bytes=497803317-498712849;bytes=11975124-12870473;bytes=1230313675-1230454211;bytes=100911844-101014333;bytes=638710760-638799651;bytes=573813793-574007590;bytes=417916781-418097564;bytes=630696498-630794134;bytes=88844908-88943720;bytes=501035482-501934466;bytes=1173990337-1174884533;bytes=680927023-681795884;bytes=680029409-680927022;bytes=1498360773-1498460367;bytes=218212016-218398594;bytes=279832340-280011509;bytes=634955073-635051501;bytes=1891927243-1892014276;bytes=462902768-463097128;bytes=585771586-585863644;bytes=659151290-659347481;bytes=523552587-524463482;bytes=695844898-695940693,287c1fd5;7759a74e;eff07278;a8d65f20;a8dcea98;ae4932f3;97fd5eac;94d6ba52;a0f73259;757cc099;8065fd5a;a9fec0b2;b628ff46;56fb204c;de589b4d;a1804992;64055042;83456bec;bdcf09d6;d5df7991;a7a6f911;606b8181;f8aec13e;8ee2b433;fa460b2a
4,5,161,success,None,22/Jul/2026:17:08:38.302870,22/Jul/2026:17:08:39.110938,0.8081,22,22/Jul/2026:17:08:35.042032;22/Jul/2026:17:08:30.446502;22/Jul/2026:17:08:35.045496;22/Jul/2026:17:08:38.287786;22/Jul/2026:17:08:37.675161;22/Jul/2026:17:08:36.872786;22/Jul/2026:17:08:38.286705;22/Jul/2026:17:08:35.045173;22/Jul/2026:17:08:37.477549;22/Jul/2026:17:08:30.375895;22/Jul/2026:17:08:38.482594;22/Jul/2026:17:08:38.482461;22/Jul/2026:17:08:31.679717;22/Jul/2026:17:08:36.141718;22/Jul/2026:17:08:36.149314;22/Jul/2026:17:08:38.287659;22/Jul/2026:17:08:21.816640;22/Jul/2026:17:08:37.006375;22/Jul/2026:17:08:37.676644;22/Jul/2026:17:08:38.304441;22/Jul/2026:17:08:37.613679;22/Jul/2026:17:08:38.485388,3.2619;7.8574;3.2585;0.0239;0.6420;1.4462;0.0335;3.2817;0.8500;8.1133;0.0087;0.0088;6.8124;2.3563;2.3487;0.2108;16.6825;1.5035;0.8502;0.2229;0.9156;0.0481,bytes=11975124-12870473;bytes=1230313675-1230454211;bytes=100911844-101014333;bytes=638710760-638799651;bytes=573813793-574007590;bytes=417916781-418097564;bytes=630696498-630794134;bytes=88844908-88943720;bytes=501035482-501934466;bytes=1173990337-1174884533;bytes=680927023-681795884;bytes=680029409-680927022;bytes=1498360773-1498460367;bytes=218212016-218398594;bytes=279832340-280011509;bytes=634955073-635051501;bytes=1891927243-1892014276;bytes=462902768-463097128;bytes=585771586-585863644;bytes=659151290-659347481;bytes=523552587-524463482;bytes=695844898-695940693,a8d65f20;a8dcea98;ae4932f3;97fd5eac;94d6ba52;a0f73259;757cc099;8065fd5a;a9fec0b2;b628ff46;56fb204c;de589b4d;a1804992;64055042;83456bec;bdcf09d6;d5df7991;a7a6f911;606b8181;f8aec13e;8ee2b433;fa460b2a
4,5,167,success,None,22/Jul/2026:17:08:38.482114,22/Jul/2026:17:08:39.122719,0.6406,15,22/Jul/2026:17:08:30.375895;22/Jul/2026:17:08:38.482594;22/Jul/2026:17:08:38.482461;22/Jul/2026:17:08:31.679717;22/Jul/2026:17:08:36.141718;22/Jul/2026:17:08:36.149314;22/Jul/2026:17:08:38.287659;22/Jul/2026:17:08:21.816640;22/Jul/2026:17:08:37.006375;22/Jul/2026:17:08:37.676644;22/Jul/2026:17:08:38.304441;22/Jul/2026:17:08:37.613679;22/Jul/2026:17:08:38.485388;22/Jul/2026:17:08:38.286975;22/Jul/2026:17:08:38.286413,8.1133;0.0087;0.0088;6.8124;2.3563;2.3487;0.2108;16.6825;1.5035;0.8502;0.2229;0.9156;0.0481;0.8309;0.8348,bytes=1173990337-1174884533;bytes=680927023-681795884;bytes=680029409-680927022;bytes=1498360773-1498460367;bytes=218212016-218398594;bytes=279832340-280011509;bytes=634955073-635051501;bytes=1891927243-1892014276;bytes=462902768-463097128;bytes=585771586-585863644;bytes=659151290-659347481;bytes=523552587-524463482;bytes=695844898-695940693;bytes=628886394-629800883;bytes=625779422-626678676,b628ff46;56fb204c;de589b4d;a1804992;64055042;83456bec;bdcf09d6;d5df7991;a7a6f911;606b8181;f8aec13e;8ee2b433;fa460b2a;3d0d0c59;e16ebdde
4,5,180,success,None,22/Jul/2026:17:08:38.494457,22/Jul/2026:17:08:39.521557,1.0271,24,22/Jul/2026:17:08:36.141718;22/Jul/2026:17:08:36.149314;22/Jul/2026:17:08:38.287659;22/Jul/2026:17:08:21.816640;22/Jul/2026:17:08:37.006375;22/Jul/2026:17:08:37.676644;22/Jul/2026:17:08:38.304441;22/Jul/2026:17:08:37.613679;22/Jul/2026:17:08:38.485388;22/Jul/2026:17:08:38.286975;22/Jul/2026:17:08:38.286413;22/Jul/2026:17:08:36.148132;22/Jul/2026:17:08:38.485159;22/Jul/2026:17:08:35.047185;22/Jul/2026:17:08:36.140707;22/Jul/2026:17:08:35.043685;22/Jul/2026:17:08:20.341775;22/Jul/2026:17:08:38.304678;22/Jul/2026:17:08:37.613474;22/Jul/2026:17:08:37.650216;22/Jul/2026:17:08:38.305810;22/Jul/2026:17:08:38.286632;22/Jul/2026:17:08:39.116416;22/Jul/2026:17:08:37.650782,2.3563;2.3487;0.2108;16.6825;1.5035;0.8502;0.2229;0.9156;0.0481;0.8309;0.8348;2.9781;0.6411;4.0790;2.9866;4.0837;18.7871;0.8265;1.5262;1.5033;0.8504;0.8870;0.0641;1.5319,bytes=218212016-218398594;bytes=279832340-280011509;bytes=634955073-635051501;bytes=1891927243-1892014276;bytes=462902768-463097128;bytes=585771586-585863644;bytes=659151290-659347481;bytes=523552587-524463482;bytes=695844898-695940693;bytes=628886394-629800883;bytes=625779422-626678676;bytes=269220266-270151585;bytes=692842975-693722467;bytes=111862688-112758630;bytes=211226170-212123542;bytes=74409702-75331913;bytes=1775164390-1776050423;bytes=663256946-663352984;bytes=520894905-521766381;bytes=553024807-553927310;bytes=666434647-667343055;bytes=626992407-627102778;bytes=802021126-802106002;bytes=560916005-561010763,64055042;83456bec;bdcf09d6;d5df7991;a7a6f911;606b8181;f8aec13e;8ee2b433;fa460b2a;3d0d0c59;e16ebdde;2978227c;5373559a;a1ec4fab;2d747404;89dad8f3;47af8a02;714c1367;9ca3e9b4;062f0d6e;92cc907f;634dd534;92e126f7;90f3b22a
4,5,186,success,None,22/Jul/2026:17:08:39.110672,22/Jul/2026:17:08:39.926927,0.8163,20,22/Jul/2026:17:08:38.286975;22/Jul/2026:17:08:38.286413;22/Jul/2026:17:08:36.148132;22/Jul/2026:17:08:38.485159;22/Jul/2026:17:08:35.047185;22/Jul/2026:17:08:36.140707;22/Jul/2026:17:08:35.043685;22/Jul/2026:17:08:20.341775;22/Jul/2026:17:08:38.304678;22/Jul/2026:17:08:37.613474;22/Jul/2026:17:08:37.650216;22/Jul/2026:17:08:38.305810;22/Jul/2026:17:08:38.286632;22/Jul/2026:17:08:39.116416;22/Jul/2026:17:08:37.650782;22/Jul/2026:17:08:39.111788;22/Jul/2026:17:08:37.476471;22/Jul/2026:17:08:37.612964;22/Jul/2026:17:08:39.113065;22/Jul/2026:17:08:37.648253,0.8309;0.8348;2.9781;0.6411;4.0790;2.9866;4.0837;18.7871;0.8265;1.5262;1.5033;0.8504;0.8870;0.0641;1.5319;0.4185;2.0563;1.9200;0.4205;1.8955,bytes=628886394-629800883;bytes=625779422-626678676;bytes=269220266-270151585;bytes=692842975-693722467;bytes=111862688-112758630;bytes=211226170-212123542;bytes=74409702-75331913;bytes=1775164390-1776050423;bytes=663256946-663352984;bytes=520894905-521766381;bytes=553024807-553927310;bytes=666434647-667343055;bytes=626992407-627102778;bytes=802021126-802106002;bytes=560916005-561010763;bytes=758605300-759497059;bytes=493692249-494586519;bytes=517579978-518457445;bytes=765794577-765984714;bytes=545181817-546065015,3d0d0c59;e16ebdde;2978227c;5373559a;a1ec4fab;2d747404;89dad8f3;47af8a02;714c1367;9ca3e9b4;062f0d6e;92cc907f;634dd534;92e126f7;90f3b22a;39970cfc;54f1f4e3;3b8b7601;0bbbb7c6;f1e31eb4
4,5,211,success,None,22/Jul/2026:17:08:39.123042,22/Jul/2026:17:08:39.974056,0.8510,23,22/Jul/2026:17:08:36.148132;22/Jul/2026:17:08:38.485159;22/Jul/2026:17:08:35.047185;22/Jul/2026:17:08:36.140707;22/Jul/2026:17:08:35.043685;22/Jul/2026:17:08:20.341775;22/Jul/2026:17:08:38.304678;22/Jul/2026:17:08:37.613474;22/Jul/2026:17:08:37.650216;22/Jul/2026:17:08:38.305810;22/Jul/2026:17:08:38.286632;22/Jul/2026:17:08:39.116416;22/Jul/2026:17:08:37.650782;22/Jul/2026:17:08:39.111788;22/Jul/2026:17:08:37.476471;22/Jul/2026:17:08:37.612964;22/Jul/2026:17:08:39.113065;22/Jul/2026:17:08:37.648253;22/Jul/2026:17:08:37.613540;22/Jul/2026:17:08:38.496593;22/Jul/2026:17:08:39.115898;22/Jul/2026:17:08:38.496975;22/Jul/2026:17:08:36.870506,2.9781;0.6411;4.0790;2.9866;4.0837;18.7871;0.8265;1.5262;1.5033;0.8504;0.8870;0.0641;1.5319;0.4185;2.0563;1.9200;0.4205;1.8955;2.3212;1.4411;0.8226;1.4438;3.0744,bytes=269220266-270151585;bytes=692842975-693722467;bytes=111862688-112758630;bytes=211226170-212123542;bytes=74409702-75331913;bytes=1775164390-1776050423;bytes=663256946-663352984;bytes=520894905-521766381;bytes=553024807-553927310;bytes=666434647-667343055;bytes=626992407-627102778;bytes=802021126-802106002;bytes=560916005-561010763;bytes=758605300-759497059;bytes=493692249-494586519;bytes=517579978-518457445;bytes=765794577-765984714;bytes=545181817-546065015;bytes=521766382-522642851;bytes=744027705-744917794;bytes=798223020-798323844;bytes=746221054-747119316;bytes=404505881-405394213,2978227c;5373559a;a1ec4fab;2d747404;89dad8f3;47af8a02;714c1367;9ca3e9b4;062f0d6e;92cc907f;634dd534;92e126f7;90f3b22a;39970cfc;54f1f4e3;3b8b7601;0bbbb7c6;f1e31eb4;4af8976a;6caf9acf;8650c4a1;4d5efdc6;f3d25235
4,5,193,success,None,22/Jul/2026:17:08:39.111241,22/Jul/2026:17:08:40.015656,0.9044,31,22/Jul/2026:17:08:38.286975;22/Jul/2026:17:08:38.286413;22/Jul/2026:17:08:36.148132;22/Jul/2026:17:08:38.485159;22/Jul/2026:17:08:35.047185;22/Jul/2026:17:08:36.140707;22/Jul/2026:17:08:35.043685;22/Jul/2026:17:08:20.341775;22/Jul/2026:17:08:38.304678;22/Jul/2026:17:08:37.613474;22/Jul/2026:17:08:37.650216;22/Jul/2026:17:08:38.305810;22/Jul/2026:17:08:38.286632;22/Jul/2026:17:08:39.116416;22/Jul/2026:17:08:37.650782;22/Jul/2026:17:08:39.111788;22/Jul/2026:17:08:37.476471;22/Jul/2026:17:08:37.612964;22/Jul/2026:17:08:39.113065;22/Jul/2026:17:08:37.648253;22/Jul/2026:17:08:37.613540;22/Jul/2026:17:08:38.496593;22/Jul/2026:17:08:39.115898;22/Jul/2026:17:08:38.496975;22/Jul/2026:17:08:36.870506;22/Jul/2026:17:08:39.522827;22/Jul/2026:17:08:19.710685;22/Jul/2026:17:08:39.930411;22/Jul/2026:17:08:39.928302;22/Jul/2026:17:08:39.522908;22/Jul/2026:17:08:39.522985,0.8309;0.8348;2.9781;0.6411;4.0790;2.9866;4.0837;18.7871;0.8265;1.5262;1.5033;0.8504;0.8870;0.0641;1.5319;0.4185;2.0563;1.9200;0.4205;1.8955;2.3212;1.4411;0.8226;1.4438;3.0744;0.4592;20.2724;0.0580;0.0621;0.4687;0.4714,bytes=628886394-629800883;bytes=625779422-626678676;bytes=269220266-270151585;bytes=692842975-693722467;bytes=111862688-112758630;bytes=211226170-212123542;bytes=74409702-75331913;bytes=1775164390-1776050423;bytes=663256946-663352984;bytes=520894905-521766381;bytes=553024807-553927310;bytes=666434647-667343055;bytes=626992407-627102778;bytes=802021126-802106002;bytes=560916005-561010763;bytes=758605300-759497059;bytes=493692249-494586519;bytes=517579978-518457445;bytes=765794577-765984714;bytes=545181817-546065015;bytes=521766382-522642851;bytes=744027705-744917794;bytes=798223020-798323844;bytes=746221054-747119316;bytes=404505881-405394213;bytes=888852078-888969638;bytes=1689105612-1689195282;bytes=926145716-926235179;bytes=911532913-912461087;bytes=892558689-892746711;bytes=892746712-892880459,3d0d0c59;e16ebdde;2978227c;5373559a;a1ec4fab;2d747404;89dad8f3;47af8a02;714c1367;9ca3e9b4;062f0d6e;92cc907f;634dd534;92e126f7;90f3b22a;39970cfc;54f1f4e3;3b8b7601;0bbbb7c6;f1e31eb4;4af8976a;6caf9acf;8650c4a1;4d5efdc6;f3d25235;a2561f8a;c795a848;4a252970;8c770743;945026fc;35d35ff7
4,5,217,success,None,22/Jul/2026:17:08:39.521875,22/Jul/2026:17:08:40.345034,0.8232,22,22/Jul/2026:17:08:39.111788;22/Jul/2026:17:08:37.476471;22/Jul/2026:17:08:37.612964;22/Jul/2026:17:08:39.113065;22/Jul/2026:17:08:37.648253;22/Jul/2026:17:08:37.613540;22/Jul/2026:17:08:38.496593;22/Jul/2026:17:08:39.115898;22/Jul/2026:17:08:38.496975;22/Jul/2026:17:08:36.870506;22/Jul/2026:17:08:39.522827;22/Jul/2026:17:08:19.710685;22/Jul/2026:17:08:39.930411;22/Jul/2026:17:08:39.928302;22/Jul/2026:17:08:39.522908;22/Jul/2026:17:08:39.522985;22/Jul/2026:17:08:36.840708;22/Jul/2026:17:08:36.144119;22/Jul/2026:17:08:39.978265;22/Jul/2026:17:08:39.113617;22/Jul/2026:17:08:38.287965;22/Jul/2026:17:08:39.929210,0.4185;2.0563;1.9200;0.4205;1.8955;2.3212;1.4411;0.8226;1.4438;3.0744;0.4592;20.2724;0.0580;0.0621;0.4687;0.4714;3.1848;3.8826;0.0528;1.1379;1.9647;0.3240,bytes=758605300-759497059;bytes=493692249-494586519;bytes=517579978-518457445;bytes=765794577-765984714;bytes=545181817-546065015;bytes=521766382-522642851;bytes=744027705-744917794;bytes=798223020-798323844;bytes=746221054-747119316;bytes=404505881-405394213;bytes=888852078-888969638;bytes=1689105612-1689195282;bytes=926145716-926235179;bytes=911532913-912461087;bytes=892558689-892746711;bytes=892746712-892880459;bytes=389731351-389820653;bytes=247076167-247957532;bytes=958235021-958341732;bytes=767964457-768882397;bytes=636823512-637727643;bytes=917957362-918141925,39970cfc;54f1f4e3;3b8b7601;0bbbb7c6;f1e31eb4;4af8976a;6caf9acf;8650c4a1;4d5efdc6;f3d25235;a2561f8a;c795a848;4a252970;8c770743;945026fc;35d35ff7;b3420bf3;b957d036;80a67a65;a9980068;c1333f69;b4457929
4,5,236,success,None,22/Jul/2026:17:08:40.016125,22/Jul/2026:17:08:40.679897,0.6638,11,22/Jul/2026:17:08:36.840708;22/Jul/2026:17:08:36.144119;22/Jul/2026:17:08:39.978265;22/Jul/2026:17:08:39.113617;22/Jul/2026:17:08:38.287965;22/Jul/2026:17:08:39.929210;22/Jul/2026:17:08:36.841382;22/Jul/2026:17:08:39.115452;22/Jul/2026:17:08:38.484123;22/Jul/2026:17:08:37.650066;22/Jul/2026:17:08:40.017911,3.1848;3.8826;0.0528;1.1379;1.9647;0.3240;3.5101;1.2408;1.8797;2.7204;0.3561,bytes=389731351-389820653;bytes=247076167-247957532;bytes=958235021-958341732;bytes=767964457-768882397;bytes=636823512-637727643;bytes=917957362-918141925;bytes=393661501-393747917;bytes=794388455-795285594;bytes=691438027-691600608;bytes=556740361-556825487;bytes=974934997-975034157,b3420bf3;b957d036;80a67a65;a9980068;c1333f69;b4457929;81989675;f4b8abed;ddaa8188;254d7ddb;4f13a0bd
4,5,230,success,None,22/Jul/2026:17:08:39.974378,22/Jul/2026:17:08:40.698429,0.7240,23,22/Jul/2026:17:08:39.522827;22/Jul/2026:17:08:19.710685;22/Jul/2026:17:08:39.930411;22/Jul/2026:17:08:39.928302;22/Jul/2026:17:08:39.522908;22/Jul/2026:17:08:39.522985;22/Jul/2026:17:08:36.840708;22/Jul/2026:17:08:36.144119;22/Jul/2026:17:08:39.978265;22/Jul/2026:17:08:39.113617;22/Jul/2026:17:08:38.287965;22/Jul/2026:17:08:39.929210;22/Jul/2026:17:08:36.841382;22/Jul/2026:17:08:39.115452;22/Jul/2026:17:08:38.484123;22/Jul/2026:17:08:37.650066;22/Jul/2026:17:08:40.017911;22/Jul/2026:17:08:40.685267;22/Jul/2026:17:08:39.125845;22/Jul/2026:17:08:39.113688;22/Jul/2026:17:08:39.523336;22/Jul/2026:17:08:38.485239;22/Jul/2026:17:08:39.113896,0.4592;20.2724;0.0580;0.0621;0.4687;0.4714;3.1848;3.8826;0.0528;1.1379;1.9647;0.3240;3.5101;1.2408;1.8797;2.7204;0.3561;0.0067;1.5661;1.5783;1.1711;2.2092;1.5821,bytes=888852078-888969638;bytes=1689105612-1689195282;bytes=926145716-926235179;bytes=911532913-912461087;bytes=892558689-892746711;bytes=892746712-892880459;bytes=389731351-389820653;bytes=247076167-247957532;bytes=958235021-958341732;bytes=767964457-768882397;bytes=636823512-637727643;bytes=917957362-918141925;bytes=393661501-393747917;bytes=794388455-795285594;bytes=691438027-691600608;bytes=556740361-556825487;bytes=974934997-975034157;bytes=1057237479-1057349896;bytes=874524201-875440180;bytes=768882398-769788689;bytes=892880460-892986133;bytes=693722468-694635757;bytes=773953894-774055947,a2561f8a;c795a848;4a252970;8c770743;945026fc;35d35ff7;b3420bf3;b957d036;80a67a65;a9980068;c1333f69;b4457929;81989675;f4b8abed;ddaa8188;254d7ddb;4f13a0bd;6286e7ab;77ca2da3;a8168ba7;7b40e904;7c443dae;a8374777
4,5,223,success,None,22/Jul/2026:17:08:39.927264,22/Jul/2026:17:08:40.723226,0.7960,36,22/Jul/2026:17:08:37.613540;22/Jul/2026:17:08:38.496593;22/Jul/2026:17:08:39.115898;22/Jul/2026:17:08:38.496975;22/Jul/2026:17:08:36.870506;22/Jul/2026:17:08:39.522827;22/Jul/2026:17:08:19.710685;22/Jul/2026:17:08:39.930411;22/Jul/2026:17:08:39.928302;22/Jul/2026:17:08:39.522908;22/Jul/2026:17:08:39.522985;22/Jul/2026:17:08:36.840708;22/Jul/2026:17:08:36.144119;22/Jul/2026:17:08:39.978265;22/Jul/2026:17:08:39.113617;22/Jul/2026:17:08:38.287965;22/Jul/2026:17:08:39.929210;22/Jul/2026:17:08:36.841382;22/Jul/2026:17:08:39.115452;22/Jul/2026:17:08:38.484123;22/Jul/2026:17:08:37.650066;22/Jul/2026:17:08:40.017911;22/Jul/2026:17:08:40.685267;22/Jul/2026:17:08:39.125845;22/Jul/2026:17:08:39.113688;22/Jul/2026:17:08:39.523336;22/Jul/2026:17:08:38.485239;22/Jul/2026:17:08:39.113896;22/Jul/2026:17:08:40.017781;22/Jul/2026:17:08:39.975977;22/Jul/2026:17:08:17.298652;22/Jul/2026:17:08:38.287460;22/Jul/2026:17:08:35.041192;22/Jul/2026:17:08:38.497282;22/Jul/2026:17:08:36.870876;22/Jul/2026:17:08:38.483698,2.3212;1.4411;0.8226;1.4438;3.0744;0.4592;20.2724;0.0580;0.0621;0.4687;0.4714;3.1848;3.8826;0.0528;1.1379;1.9647;0.3240;3.5101;1.2408;1.8797;2.7204;0.3561;0.0067;1.5661;1.5783;1.1711;2.2092;1.5821;0.6815;0.7240;23.4065;2.4188;5.6716;2.2155;3.8445;2.2387,bytes=521766382-522642851;bytes=744027705-744917794;bytes=798223020-798323844;bytes=746221054-747119316;bytes=404505881-405394213;bytes=888852078-888969638;bytes=1689105612-1689195282;bytes=926145716-926235179;bytes=911532913-912461087;bytes=892558689-892746711;bytes=892746712-892880459;bytes=389731351-389820653;bytes=247076167-247957532;bytes=958235021-958341732;bytes=767964457-768882397;bytes=636823512-637727643;bytes=917957362-918141925;bytes=393661501-393747917;bytes=794388455-795285594;bytes=691438027-691600608;bytes=556740361-556825487;bytes=974934997-975034157;bytes=1057237479-1057349896;bytes=874524201-875440180;bytes=768882398-769788689;bytes=892880460-892986133;bytes=693722468-694635757;bytes=773953894-774055947;bytes=971076047-971200230;bytes=942136462-943035101;bytes=1280133995-1280244503;bytes=632882357-633783179;bytes=6512597-7415185;bytes=749193869-749301182;bytes=409439358-409511669;bytes=683956836-684851507,4af8976a;6caf9acf;8650c4a1;4d5efdc6;f3d25235;a2561f8a;c795a848;4a252970;8c770743;945026fc;35d35ff7;b3420bf3;b957d036;80a67a65;a9980068;c1333f69;b4457929;81989675;f4b8abed;ddaa8188;254d7ddb;4f13a0bd;6286e7ab;77ca2da3;a8168ba7;7b40e904;7c443dae;a8374777;2009bbcb;c22bc43c;5c336db6;c9416280;28a03dcc;c49318ff;13738c61;47fd0840
4,5,243,success,None,22/Jul/2026:17:08:40.345371,22/Jul/2026:17:08:40.739724,0.3944,21,22/Jul/2026:17:08:36.841382;22/Jul/2026:17:08:39.115452;22/Jul/2026:17:08:38.484123;22/Jul/2026:17:08:37.650066;22/Jul/2026:17:08:40.017911;22/Jul/2026:17:08:40.685267;22/Jul/2026:17:08:39.125845;22/Jul/2026:17:08:39.113688;22/Jul/2026:17:08:39.523336;22/Jul/2026:17:08:38.485239;22/Jul/2026:17:08:39.113896;22/Jul/2026:17:08:40.017781;22/Jul/2026:17:08:39.975977;22/Jul/2026:17:08:17.298652;22/Jul/2026:17:08:38.287460;22/Jul/2026:17:08:35.041192;22/Jul/2026:17:08:38.497282;22/Jul/2026:17:08:36.870876;22/Jul/2026:17:08:38.483698;22/Jul/2026:17:08:40.682657;22/Jul/2026:17:08:17.578990,3.5101;1.2408;1.8797;2.7204;0.3561;0.0067;1.5661;1.5783;1.1711;2.2092;1.5821;0.6815;0.7240;23.4065;2.4188;5.6716;2.2155;3.8445;2.2387;0.0440;23.1477,bytes=393661501-393747917;bytes=794388455-795285594;bytes=691438027-691600608;bytes=556740361-556825487;bytes=974934997-975034157;bytes=1057237479-1057349896;bytes=874524201-875440180;bytes=768882398-769788689;bytes=892880460-892986133;bytes=693722468-694635757;bytes=773953894-774055947;bytes=971076047-971200230;bytes=942136462-943035101;bytes=1280133995-1280244503;bytes=632882357-633783179;bytes=6512597-7415185;bytes=749193869-749301182;bytes=409439358-409511669;bytes=683956836-684851507;bytes=1044914702-1045019965;bytes=1367041587-1367179169,81989675;f4b8abed;ddaa8188;254d7ddb;4f13a0bd;6286e7ab;77ca2da3;a8168ba7;7b40e904;7c443dae;a8374777;2009bbcb;c22bc43c;5c336db6;c9416280;28a03dcc;c49318ff;13738c61;47fd0840;2a10fd23;3769e4cd
4,5,264,success,None,22/Jul/2026:17:08:40.698858,22/Jul/2026:17:08:41.611576,0.9127,22,22/Jul/2026:17:08:40.017781;22/Jul/2026:17:08:39.975977;22/Jul/2026:17:08:17.298652;22/Jul/2026:17:08:38.287460;22/Jul/2026:17:08:35.041192;22/Jul/2026:17:08:38.497282;22/Jul/2026:17:08:36.870876;22/Jul/2026:17:08:38.483698;22/Jul/2026:17:08:40.682657;22/Jul/2026:17:08:17.578990;22/Jul/2026:17:08:40.704090;22/Jul/2026:17:08:38.484540;22/Jul/2026:17:08:39.929753;22/Jul/2026:17:08:40.685336;22/Jul/2026:17:08:39.125346;22/Jul/2026:17:08:39.125283;22/Jul/2026:17:08:39.125224;22/Jul/2026:17:08:39.977495;22/Jul/2026:17:08:39.115379;22/Jul/2026:17:08:37.005685;22/Jul/2026:17:08:40.729643;22/Jul/2026:17:08:40.735971,0.6815;0.7240;23.4065;2.4188;5.6716;2.2155;3.8445;2.2387;0.0440;23.1477;0.0450;2.2646;0.8194;0.0639;1.6268;1.6283;1.6494;0.8067;1.6747;3.8149;0.0947;0.1007,bytes=971076047-971200230;bytes=942136462-943035101;bytes=1280133995-1280244503;bytes=632882357-633783179;bytes=6512597-7415185;bytes=749193869-749301182;bytes=409439358-409511669;bytes=683956836-684851507;bytes=1044914702-1045019965;bytes=1367041587-1367179169;bytes=1098154947-1098238897;bytes=690544547-691438026;bytes=925836357-925939785;bytes=1057349897-1057454774;bytes=871396246-872308588;bytes=870472530-871396245;bytes=869584349-870472529;bytes=953982742-954081266;bytes=798049574-798125793;bytes=456740729-457667935;bytes=1143873207-1143979005;bytes=1155966324-1156067607,2009bbcb;c22bc43c;5c336db6;c9416280;28a03dcc;c49318ff;13738c61;47fd0840;2a10fd23;3769e4cd;f5b67f55;92423422;f0dd98c8;71a6279d;643f9682;a23f7361;f7b18c89;232921cc;30b3006a;2fe8b50d;3489b908;bc31e7be
4,5,285,success,None,22/Jul/2026:17:08:40.740102,22/Jul/2026:17:08:41.668759,0.9287,17,22/Jul/2026:17:08:40.704090;22/Jul/2026:17:08:38.484540;22/Jul/2026:17:08:39.929753;22/Jul/2026:17:08:40.685336;22/Jul/2026:17:08:39.125346;22/Jul/2026:17:08:39.125283;22/Jul/2026:17:08:39.125224;22/Jul/2026:17:08:39.977495;22/Jul/2026:17:08:39.115379;22/Jul/2026:17:08:37.005685;22/Jul/2026:17:08:40.729643;22/Jul/2026:17:08:40.735971;22/Jul/2026:17:08:32.467915;22/Jul/2026:17:08:38.495336;22/Jul/2026:17:08:35.047881;22/Jul/2026:17:08:40.700484;22/Jul/2026:17:08:37.613116,0.0450;2.2646;0.8194;0.0639;1.6268;1.6283;1.6494;0.8067;1.6747;3.8149;0.0947;0.1007;9.1540;3.1274;6.5750;0.9231;4.0109,bytes=1098154947-1098238897;bytes=690544547-691438026;bytes=925836357-925939785;bytes=1057349897-1057454774;bytes=871396246-872308588;bytes=870472530-871396245;bytes=869584349-870472529;bytes=953982742-954081266;bytes=798049574-798125793;bytes=456740729-457667935;bytes=1143873207-1143979005;bytes=1155966324-1156067607;bytes=1639831649-1639937300;bytes=737181074-737289353;bytes=123201472-124124679;bytes=1078387509-1079293602;bytes=519381680-520293486,f5b67f55;92423422;f0dd98c8;71a6279d;643f9682;a23f7361;f7b18c89;232921cc;30b3006a;2fe8b50d;3489b908;bc31e7be;b1abbdcf;c5f75c5c;127143af;4258a893;36a52b58
4,5,279,success,None,22/Jul/2026:17:08:40.723671,22/Jul/2026:17:08:41.744678,1.0210,28,22/Jul/2026:17:08:40.682657;22/Jul/2026:17:08:17.578990;22/Jul/2026:17:08:40.704090;22/Jul/2026:17:08:38.484540;22/Jul/2026:17:08:39.929753;22/Jul/2026:17:08:40.685336;22/Jul/2026:17:08:39.125346;22/Jul/2026:17:08:39.125283;22/Jul/2026:17:08:39.125224;22/Jul/2026:17:08:39.977495;22/Jul/2026:17:08:39.115379;22/Jul/2026:17:08:37.005685;22/Jul/2026:17:08:40.729643;22/Jul/2026:17:08:40.735971;22/Jul/2026:17:08:32.467915;22/Jul/2026:17:08:38.495336;22/Jul/2026:17:08:35.047881;22/Jul/2026:17:08:40.700484;22/Jul/2026:17:08:37.613116;22/Jul/2026:17:08:40.016914;22/Jul/2026:17:08:40.682412;22/Jul/2026:17:08:20.342027;22/Jul/2026:17:08:40.700824;22/Jul/2026:17:08:39.523261;22/Jul/2026:17:08:41.670524;22/Jul/2026:17:08:39.523540;22/Jul/2026:17:08:35.048663;22/Jul/2026:17:08:39.114677,0.0440;23.1477;0.0450;2.2646;0.8194;0.0639;1.6268;1.6283;1.6494;0.8067;1.6747;3.8149;0.0947;0.1007;9.1540;3.1274;6.5750;0.9231;4.0109;1.6588;0.9968;21.3377;0.9809;2.1646;0.0188;2.1682;6.6466;2.5844,bytes=1044914702-1045019965;bytes=1367041587-1367179169;bytes=1098154947-1098238897;bytes=690544547-691438026;bytes=925836357-925939785;bytes=1057349897-1057454774;bytes=871396246-872308588;bytes=870472530-871396245;bytes=869584349-870472529;bytes=953982742-954081266;bytes=798049574-798125793;bytes=456740729-457667935;bytes=1143873207-1143979005;bytes=1155966324-1156067607;bytes=1639831649-1639937300;bytes=737181074-737289353;bytes=123201472-124124679;bytes=1078387509-1079293602;bytes=519381680-520293486;bytes=963077047-963957538;bytes=1041131964-1042030338;bytes=1780298576-1780390516;bytes=1081053819-1081943355;bytes=891655633-892558688;bytes=1242747991-1242843914;bytes=896800876-896891274;bytes=137561855-137658424;bytes=789083128-789959866,2a10fd23;3769e4cd;f5b67f55;92423422;f0dd98c8;71a6279d;643f9682;a23f7361;f7b18c89;232921cc;30b3006a;2fe8b50d;3489b908;bc31e7be;b1abbdcf;c5f75c5c;127143af;4258a893;36a52b58;626f7547;f162d923;d248874f;38da8e09;a0bc5cc4;d22a7ffc;af7497c8;288a1d0f;1af19cfe
4,5,254,success,None,22/Jul/2026:17:08:40.680234,22/Jul/2026:17:08:41.768961,1.0887,50,22/Jul/2026:17:08:40.685267;22/Jul/2026:17:08:39.125845;22/Jul/2026:17:08:39.113688;22/Jul/2026:17:08:39.523336;22/Jul/2026:17:08:38.485239;22/Jul/2026:17:08:39.113896;22/Jul/2026:17:08:40.017781;22/Jul/2026:17:08:39.975977;22/Jul/2026:17:08:17.298652;22/Jul/2026:17:08:38.287460;22/Jul/2026:17:08:35.041192;22/Jul/2026:17:08:38.497282;22/Jul/2026:17:08:36.870876;22/Jul/2026:17:08:38.483698;22/Jul/2026:17:08:40.682657;22/Jul/2026:17:08:17.578990;22/Jul/2026:17:08:40.704090;22/Jul/2026:17:08:38.484540;22/Jul/2026:17:08:39.929753;22/Jul/2026:17:08:40.685336;22/Jul/2026:17:08:39.125346;22/Jul/2026:17:08:39.125283;22/Jul/2026:17:08:39.125224;22/Jul/2026:17:08:39.977495;22/Jul/2026:17:08:39.115379;22/Jul/2026:17:08:37.005685;22/Jul/2026:17:08:40.729643;22/Jul/2026:17:08:40.735971;22/Jul/2026:17:08:32.467915;22/Jul/2026:17:08:38.495336;22/Jul/2026:17:08:35.047881;22/Jul/2026:17:08:40.700484;22/Jul/2026:17:08:37.613116;22/Jul/2026:17:08:40.016914;22/Jul/2026:17:08:40.682412;22/Jul/2026:17:08:20.342027;22/Jul/2026:17:08:40.700824;22/Jul/2026:17:08:39.523261;22/Jul/2026:17:08:41.670524;22/Jul/2026:17:08:39.523540;22/Jul/2026:17:08:35.048663;22/Jul/2026:17:08:39.114677;22/Jul/2026:17:08:40.347553;22/Jul/2026:17:08:39.524474;22/Jul/2026:17:08:39.116892;22/Jul/2026:17:08:41.672575;22/Jul/2026:17:08:40.728940;22/Jul/2026:17:08:37.006109;22/Jul/2026:17:08:41.671972;22/Jul/2026:17:08:40.701718,0.0067;1.5661;1.5783;1.1711;2.2092;1.5821;0.6815;0.7240;23.4065;2.4188;5.6716;2.2155;3.8445;2.2387;0.0440;23.1477;0.0450;2.2646;0.8194;0.0639;1.6268;1.6283;1.6494;0.8067;1.6747;3.8149;0.0947;0.1007;9.1540;3.1274;6.5750;0.9231;4.0109;1.6588;0.9968;21.3377;0.9809;2.1646;0.0188;2.1682;6.6466;2.5844;1.4063;2.2327;2.6427;0.0886;1.0330;4.7562;0.0915;1.0655,bytes=1057237479-1057349896;bytes=874524201-875440180;bytes=768882398-769788689;bytes=892880460-892986133;bytes=693722468-694635757;bytes=773953894-774055947;bytes=971076047-971200230;bytes=942136462-943035101;bytes=1280133995-1280244503;bytes=632882357-633783179;bytes=6512597-7415185;bytes=749193869-749301182;bytes=409439358-409511669;bytes=683956836-684851507;bytes=1044914702-1045019965;bytes=1367041587-1367179169;bytes=1098154947-1098238897;bytes=690544547-691438026;bytes=925836357-925939785;bytes=1057349897-1057454774;bytes=871396246-872308588;bytes=870472530-871396245;bytes=869584349-870472529;bytes=953982742-954081266;bytes=798049574-798125793;bytes=456740729-457667935;bytes=1143873207-1143979005;bytes=1155966324-1156067607;bytes=1639831649-1639937300;bytes=737181074-737289353;bytes=123201472-124124679;bytes=1078387509-1079293602;bytes=519381680-520293486;bytes=963077047-963957538;bytes=1041131964-1042030338;bytes=1780298576-1780390516;bytes=1081053819-1081943355;bytes=891655633-892558688;bytes=1242747991-1242843914;bytes=896800876-896891274;bytes=137561855-137658424;bytes=789083128-789959866;bytes=1003425932-1003522845;bytes=897985757-898883935;bytes=802287696-802474179;bytes=1255396496-1255617766;bytes=1140888094-1141785308;bytes=459088628-459986326;bytes=1254971108-1255080050;bytes=1086471697-1086585599,6286e7ab;77ca2da3;a8168ba7;7b40e904;7c443dae;a8374777;2009bbcb;c22bc43c;5c336db6;c9416280;28a03dcc;c49318ff;13738c61;47fd0840;2a10fd23;3769e4cd;f5b67f55;92423422;f0dd98c8;71a6279d;643f9682;a23f7361;f7b18c89;232921cc;30b3006a;2fe8b50d;3489b908;bc31e7be;b1abbdcf;c5f75c5c;127143af;4258a893;36a52b58;626f7547;f162d923;d248874f;38da8e09;a0bc5cc4;d22a7ffc;af7497c8;288a1d0f;1af19cfe;56e792f5;30080157;a390c835;e1b7253c;fa4df62d;a69b2e35;8653a86e;a43615b8
4,5,296,success,None,22/Jul/2026:17:08:41.611882,22/Jul/2026:17:08:42.406456,0.7946,28,22/Jul/2026:17:08:32.467915;22/Jul/2026:17:08:38.495336;22/Jul/2026:17:08:35.047881;22/Jul/2026:17:08:40.700484;22/Jul/2026:17:08:37.613116;22/Jul/2026:17:08:40.016914;22/Jul/2026:17:08:40.682412;22/Jul/2026:17:08:20.342027;22/Jul/2026:17:08:40.700824;22/Jul/2026:17:08:39.523261;22/Jul/2026:17:08:41.670524;22/Jul/2026:17:08:39.523540;22/Jul/2026:17:08:35.048663;22/Jul/2026:17:08:39.114677;22/Jul/2026:17:08:40.347553;22/Jul/2026:17:08:39.524474;22/Jul/2026:17:08:39.116892;22/Jul/2026:17:08:41.672575;22/Jul/2026:17:08:40.728940;22/Jul/2026:17:08:37.006109;22/Jul/2026:17:08:41.671972;22/Jul/2026:17:08:40.701718;22/Jul/2026:17:08:40.701209;22/Jul/2026:17:08:37.006998;22/Jul/2026:17:08:39.929579;22/Jul/2026:17:08:40.749726;22/Jul/2026:17:08:40.750940;22/Jul/2026:17:08:40.751215,9.1540;3.1274;6.5750;0.9231;4.0109;1.6588;0.9968;21.3377;0.9809;2.1646;0.0188;2.1682;6.6466;2.5844;1.4063;2.2327;2.6427;0.0886;1.0330;4.7562;0.0915;1.0655;1.0739;4.7700;1.8524;1.0339;1.0462;1.0482,bytes=1639831649-1639937300;bytes=737181074-737289353;bytes=123201472-124124679;bytes=1078387509-1079293602;bytes=519381680-520293486;bytes=963077047-963957538;bytes=1041131964-1042030338;bytes=1780298576-1780390516;bytes=1081053819-1081943355;bytes=891655633-892558688;bytes=1242747991-1242843914;bytes=896800876-896891274;bytes=137561855-137658424;bytes=789083128-789959866;bytes=1003425932-1003522845;bytes=897985757-898883935;bytes=802287696-802474179;bytes=1255396496-1255617766;bytes=1140888094-1141785308;bytes=459088628-459986326;bytes=1254971108-1255080050;bytes=1086471697-1086585599;bytes=1086259665-1086359708;bytes=467295866-467516813;bytes=920846153-921753406;bytes=1165880566-1166764053;bytes=1180904565-1181071878;bytes=1185011140-1185161662,b1abbdcf;c5f75c5c;127143af;4258a893;36a52b58;626f7547;f162d923;d248874f;38da8e09;a0bc5cc4;d22a7ffc;af7497c8;288a1d0f;1af19cfe;56e792f5;30080157;a390c835;e1b7253c;fa4df62d;a69b2e35;8653a86e;a43615b8;79f8e82e;3e8d613c;d73e5bd8;9cab917d;36a47718;2ba9aa58
4,5,311,success,None,22/Jul/2026:17:08:41.745040,22/Jul/2026:17:08:42.541006,0.7960,20,22/Jul/2026:17:08:40.347553;22/Jul/2026:17:08:39.524474;22/Jul/2026:17:08:39.116892;22/Jul/2026:17:08:41.672575;22/Jul/2026:17:08:40.728940;22/Jul/2026:17:08:37.006109;22/Jul/2026:17:08:41.671972;22/Jul/2026:17:08:40.701718;22/Jul/2026:17:08:40.701209;22/Jul/2026:17:08:37.006998;22/Jul/2026:17:08:39.929579;22/Jul/2026:17:08:40.749726;22/Jul/2026:17:08:40.750940;22/Jul/2026:17:08:40.751215;22/Jul/2026:17:08:40.702965;22/Jul/2026:17:08:40.704183;22/Jul/2026:17:08:39.125532;22/Jul/2026:17:08:39.124407;22/Jul/2026:17:08:18.358855;22/Jul/2026:17:08:41.671905,1.4063;2.2327;2.6427;0.0886;1.0330;4.7562;0.0915;1.0655;1.0739;4.7700;1.8524;1.0339;1.0462;1.0482;1.7096;1.7172;3.2978;3.3001;24.0829;0.7711,bytes=1003425932-1003522845;bytes=897985757-898883935;bytes=802287696-802474179;bytes=1255396496-1255617766;bytes=1140888094-1141785308;bytes=459088628-459986326;bytes=1254971108-1255080050;bytes=1086471697-1086585599;bytes=1086259665-1086359708;bytes=467295866-467516813;bytes=920846153-921753406;bytes=1165880566-1166764053;bytes=1180904565-1181071878;bytes=1185011140-1185161662;bytes=1090464305-1090574868;bytes=1098238898-1098325333;bytes=876343105-876447698;bytes=868235251-868342592;bytes=1484245763-1485141054;bytes=1251129880-1251351320,56e792f5;30080157;a390c835;e1b7253c;fa4df62d;a69b2e35;8653a86e;a43615b8;79f8e82e;3e8d613c;d73e5bd8;9cab917d;36a47718;2ba9aa58;d4a79512;240d6954;688a18cb;a17c7be2;473af47e;9fd6b39d
4,5,333,success,None,22/Jul/2026:17:08:41.769287,22/Jul/2026:17:08:42.608864,0.8396,23,22/Jul/2026:17:08:40.701209;22/Jul/2026:17:08:37.006998;22/Jul/2026:17:08:39.929579;22/Jul/2026:17:08:40.749726;22/Jul/2026:17:08:40.750940;22/Jul/2026:17:08:40.751215;22/Jul/2026:17:08:40.702965;22/Jul/2026:17:08:40.704183;22/Jul/2026:17:08:39.125532;22/Jul/2026:17:08:39.124407;22/Jul/2026:17:08:18.358855;22/Jul/2026:17:08:41.671905;22/Jul/2026:17:08:40.348844;22/Jul/2026:17:08:39.928917;22/Jul/2026:17:08:17.299706;22/Jul/2026:17:08:42.545448;22/Jul/2026:17:08:39.125031;22/Jul/2026:17:08:41.670785;22/Jul/2026:17:08:40.735157;22/Jul/2026:17:08:40.682266;22/Jul/2026:17:08:40.347344;22/Jul/2026:17:08:37.006313;22/Jul/2026:17:08:42.542524,1.0739;4.7700;1.8524;1.0339;1.0462;1.0482;1.7096;1.7172;3.2978;3.3001;24.0829;0.7711;2.2030;2.6243;25.2541;0.0097;3.4301;0.8895;1.8262;1.8797;2.2171;5.5625;0.0503,bytes=1086259665-1086359708;bytes=467295866-467516813;bytes=920846153-921753406;bytes=1165880566-1166764053;bytes=1180904565-1181071878;bytes=1185011140-1185161662;bytes=1090464305-1090574868;bytes=1098238898-1098325333;bytes=876343105-876447698;bytes=868235251-868342592;bytes=1484245763-1485141054;bytes=1251129880-1251351320;bytes=1008036087-1008256671;bytes=914849596-915733968;bytes=1292101114-1292221361;bytes=1438657333-1439564340;bytes=872308589-872425439;bytes=1246647977-1246729355;bytes=1149907225-1150840459;bytes=1044733553-1044835500;bytes=999414190-999614522;bytes=461811634-462720854;bytes=1428495162-1428604279,79f8e82e;3e8d613c;d73e5bd8;9cab917d;36a47718;2ba9aa58;d4a79512;240d6954;688a18cb;a17c7be2;473af47e;9fd6b39d;6eb7403e;36cc7634;4eeac762;6b93af67;dd3d7b99;a315121d;ea075f99;d1d68f15;0a5c9941;745dc667;ca7bef0e
4,5,303,success,None,22/Jul/2026:17:08:41.669114,22/Jul/2026:17:08:42.767335,1.0982,46,22/Jul/2026:17:08:40.016914;22/Jul/2026:17:08:40.682412;22/Jul/2026:17:08:20.342027;22/Jul/2026:17:08:40.700824;22/Jul/2026:17:08:39.523261;22/Jul/2026:17:08:41.670524;22/Jul/2026:17:08:39.523540;22/Jul/2026:17:08:35.048663;22/Jul/2026:17:08:39.114677;22/Jul/2026:17:08:40.347553;22/Jul/2026:17:08:39.524474;22/Jul/2026:17:08:39.116892;22/Jul/2026:17:08:41.672575;22/Jul/2026:17:08:40.728940;22/Jul/2026:17:08:37.006109;22/Jul/2026:17:08:41.671972;22/Jul/2026:17:08:40.701718;22/Jul/2026:17:08:40.701209;22/Jul/2026:17:08:37.006998;22/Jul/2026:17:08:39.929579;22/Jul/2026:17:08:40.749726;22/Jul/2026:17:08:40.750940;22/Jul/2026:17:08:40.751215;22/Jul/2026:17:08:40.702965;22/Jul/2026:17:08:40.704183;22/Jul/2026:17:08:39.125532;22/Jul/2026:17:08:39.124407;22/Jul/2026:17:08:18.358855;22/Jul/2026:17:08:41.671905;22/Jul/2026:17:08:40.348844;22/Jul/2026:17:08:39.928917;22/Jul/2026:17:08:17.299706;22/Jul/2026:17:08:42.545448;22/Jul/2026:17:08:39.125031;22/Jul/2026:17:08:41.670785;22/Jul/2026:17:08:40.735157;22/Jul/2026:17:08:40.682266;22/Jul/2026:17:08:40.347344;22/Jul/2026:17:08:37.006313;22/Jul/2026:17:08:42.542524;22/Jul/2026:17:08:40.348087;22/Jul/2026:17:08:40.741035;22/Jul/2026:17:08:36.148002;22/Jul/2026:17:08:40.683288;22/Jul/2026:17:08:41.749094;22/Jul/2026:17:08:42.610941,1.6588;0.9968;21.3377;0.9809;2.1646;0.0188;2.1682;6.6466;2.5844;1.4063;2.2327;2.6427;0.0886;1.0330;4.7562;0.0915;1.0655;1.0739;4.7700;1.8524;1.0339;1.0462;1.0482;1.7096;1.7172;3.2978;3.3001;24.0829;0.7711;2.2030;2.6243;25.2541;0.0097;3.4301;0.8895;1.8262;1.8797;2.2171;5.5625;0.0503;2.2674;1.8759;6.4700;1.9377;0.8794;0.0188,bytes=963077047-963957538;bytes=1041131964-1042030338;bytes=1780298576-1780390516;bytes=1081053819-1081943355;bytes=891655633-892558688;bytes=1242747991-1242843914;bytes=896800876-896891274;bytes=137561855-137658424;bytes=789083128-789959866;bytes=1003425932-1003522845;bytes=897985757-898883935;bytes=802287696-802474179;bytes=1255396496-1255617766;bytes=1140888094-1141785308;bytes=459088628-459986326;bytes=1254971108-1255080050;bytes=1086471697-1086585599;bytes=1086259665-1086359708;bytes=467295866-467516813;bytes=920846153-921753406;bytes=1165880566-1166764053;bytes=1180904565-1181071878;bytes=1185011140-1185161662;bytes=1090464305-1090574868;bytes=1098238898-1098325333;bytes=876343105-876447698;bytes=868235251-868342592;bytes=1484245763-1485141054;bytes=1251129880-1251351320;bytes=1008036087-1008256671;bytes=914849596-915733968;bytes=1292101114-1292221361;bytes=1438657333-1439564340;bytes=872308589-872425439;bytes=1246647977-1246729355;bytes=1149907225-1150840459;bytes=1044733553-1044835500;bytes=999414190-999614522;bytes=461811634-462720854;bytes=1428495162-1428604279;bytes=1003818589-1004032766;bytes=1156366251-1156590784;bytes=267438159-268320644;bytes=1047850140-1048748110;bytes=1284392425-1285284857;bytes=1490078377-1490160122,626f7547;f162d923;d248874f;38da8e09;a0bc5cc4;d22a7ffc;af7497c8;288a1d0f;1af19cfe;56e792f5;30080157;a390c835;e1b7253c;fa4df62d;a69b2e35;8653a86e;a43615b8;79f8e82e;3e8d613c;d73e5bd8;9cab917d;36a47718;2ba9aa58;d4a79512;240d6954;688a18cb;a17c7be2;473af47e;9fd6b39d;6eb7403e;36cc7634;4eeac762;6b93af67;dd3d7b99;a315121d;ea075f99;d1d68f15;0a5c9941;745dc667;ca7bef0e;cd10a21d;2e946fcb;f2d646ca;6a91f36a;3a78b950;3a362b3f
4,5,342,success,None,22/Jul/2026:17:08:42.406767,22/Jul/2026:17:08:42.821012,0.4142,28,22/Jul/2026:17:08:40.702965;22/Jul/2026:17:08:40.704183;22/Jul/2026:17:08:39.125532;22/Jul/2026:17:08:39.124407;22/Jul/2026:17:08:18.358855;22/Jul/2026:17:08:41.671905;22/Jul/2026:17:08:40.348844;22/Jul/2026:17:08:39.928917;22/Jul/2026:17:08:17.299706;22/Jul/2026:17:08:42.545448;22/Jul/2026:17:08:39.125031;22/Jul/2026:17:08:41.670785;22/Jul/2026:17:08:40.735157;22/Jul/2026:17:08:40.682266;22/Jul/2026:17:08:40.347344;22/Jul/2026:17:08:37.006313;22/Jul/2026:17:08:42.542524;22/Jul/2026:17:08:40.348087;22/Jul/2026:17:08:40.741035;22/Jul/2026:17:08:36.148002;22/Jul/2026:17:08:40.683288;22/Jul/2026:17:08:41.749094;22/Jul/2026:17:08:42.610941;22/Jul/2026:17:08:41.613061;22/Jul/2026:17:08:36.871710;22/Jul/2026:17:08:40.729287;22/Jul/2026:17:08:40.749890;22/Jul/2026:17:08:41.612765,1.7096;1.7172;3.2978;3.3001;24.0829;0.7711;2.2030;2.6243;25.2541;0.0097;3.4301;0.8895;1.8262;1.8797;2.2171;5.5625;0.0503;2.2674;1.8759;6.4700;1.9377;0.8794;0.0188;1.1635;5.9070;2.0515;2.0332;1.1737,bytes=1090464305-1090574868;bytes=1098238898-1098325333;bytes=876343105-876447698;bytes=868235251-868342592;bytes=1484245763-1485141054;bytes=1251129880-1251351320;bytes=1008036087-1008256671;bytes=914849596-915733968;bytes=1292101114-1292221361;bytes=1438657333-1439564340;bytes=872308589-872425439;bytes=1246647977-1246729355;bytes=1149907225-1150840459;bytes=1044733553-1044835500;bytes=999414190-999614522;bytes=461811634-462720854;bytes=1428495162-1428604279;bytes=1003818589-1004032766;bytes=1156366251-1156590784;bytes=267438159-268320644;bytes=1047850140-1048748110;bytes=1284392425-1285284857;bytes=1490078377-1490160122;bytes=1217192241-1218096866;bytes=411687735-412619640;bytes=1142700849-1143580944;bytes=1167676322-1168583199;bytes=1218096867-1218209693,d4a79512;240d6954;688a18cb;a17c7be2;473af47e;9fd6b39d;6eb7403e;36cc7634;4eeac762;6b93af67;dd3d7b99;a315121d;ea075f99;d1d68f15;0a5c9941;745dc667;ca7bef0e;cd10a21d;2e946fcb;f2d646ca;6a91f36a;3a78b950;3a362b3f;e3bc5acd;7565debb;0e478d50;79e5e7de;490e2664
4,5,361,success,None,22/Jul/2026:17:08:42.609193,22/Jul/2026:17:08:43.279766,0.6706,15,22/Jul/2026:17:08:40.348087;22/Jul/2026:17:08:40.741035;22/Jul/2026:17:08:36.148002;22/Jul/2026:17:08:40.683288;22/Jul/2026:17:08:41.749094;22/Jul/2026:17:08:42.610941;22/Jul/2026:17:08:41.613061;22/Jul/2026:17:08:36.871710;22/Jul/2026:17:08:40.729287;22/Jul/2026:17:08:40.749890;22/Jul/2026:17:08:41.612765;22/Jul/2026:17:08:42.771315;22/Jul/2026:17:08:42.769541;22/Jul/2026:17:08:40.702180;22/Jul/2026:17:08:42.770194,2.2674;1.8759;6.4700;1.9377;0.8794;0.0188;1.1635;5.9070;2.0515;2.0332;1.1737;0.0607;0.0644;2.1368;0.0736,bytes=1003818589-1004032766;bytes=1156366251-1156590784;bytes=267438159-268320644;bytes=1047850140-1048748110;bytes=1284392425-1285284857;bytes=1490078377-1490160122;bytes=1217192241-1218096866;bytes=411687735-412619640;bytes=1142700849-1143580944;bytes=1167676322-1168583199;bytes=1218096867-1218209693;bytes=1548137257-1548236610;bytes=1536141401-1536262502;bytes=1086585600-1087481717;bytes=1540150704-1540275677,cd10a21d;2e946fcb;f2d646ca;6a91f36a;3a78b950;3a362b3f;e3bc5acd;7565debb;0e478d50;79e5e7de;490e2664;85f21db5;c51bf19c;b116d087;f085c423
4,5,348,success,None,22/Jul/2026:17:08:42.541353,22/Jul/2026:17:08:43.616417,1.0751,32,22/Jul/2026:17:08:40.348844;22/Jul/2026:17:08:39.928917;22/Jul/2026:17:08:17.299706;22/Jul/2026:17:08:42.545448;22/Jul/2026:17:08:39.125031;22/Jul/2026:17:08:41.670785;22/Jul/2026:17:08:40.735157;22/Jul/2026:17:08:40.682266;22/Jul/2026:17:08:40.347344;22/Jul/2026:17:08:37.006313;22/Jul/2026:17:08:42.542524;22/Jul/2026:17:08:40.348087;22/Jul/2026:17:08:40.741035;22/Jul/2026:17:08:36.148002;22/Jul/2026:17:08:40.683288;22/Jul/2026:17:08:41.749094;22/Jul/2026:17:08:42.610941;22/Jul/2026:17:08:41.613061;22/Jul/2026:17:08:36.871710;22/Jul/2026:17:08:40.729287;22/Jul/2026:17:08:40.749890;22/Jul/2026:17:08:41.612765;22/Jul/2026:17:08:42.771315;22/Jul/2026:17:08:42.769541;22/Jul/2026:17:08:40.702180;22/Jul/2026:17:08:42.770194;22/Jul/2026:17:08:41.612259;22/Jul/2026:17:08:42.407872;22/Jul/2026:17:08:37.651054;22/Jul/2026:17:08:36.840449;22/Jul/2026:17:08:42.611154;22/Jul/2026:17:08:42.545694,2.2030;2.6243;25.2541;0.0097;3.4301;0.8895;1.8262;1.8797;2.2171;5.5625;0.0503;2.2674;1.8759;6.4700;1.9377;0.8794;0.0188;1.1635;5.9070;2.0515;2.0332;1.1737;0.0607;0.0644;2.1368;0.0736;1.6785;0.8836;5.6426;6.4541;0.6839;0.7499,bytes=1008036087-1008256671;bytes=914849596-915733968;bytes=1292101114-1292221361;bytes=1438657333-1439564340;bytes=872308589-872425439;bytes=1246647977-1246729355;bytes=1149907225-1150840459;bytes=1044733553-1044835500;bytes=999414190-999614522;bytes=461811634-462720854;bytes=1428495162-1428604279;bytes=1003818589-1004032766;bytes=1156366251-1156590784;bytes=267438159-268320644;bytes=1047850140-1048748110;bytes=1284392425-1285284857;bytes=1490078377-1490160122;bytes=1217192241-1218096866;bytes=411687735-412619640;bytes=1142700849-1143580944;bytes=1167676322-1168583199;bytes=1218096867-1218209693;bytes=1548137257-1548236610;bytes=1536141401-1536262502;bytes=1086585600-1087481717;bytes=1540150704-1540275677;bytes=1210309343-1211191041;bytes=1404967372-1405845415;bytes=557197596-558093135;bytes=386772234-387653070;bytes=1487406705-1488304796;bytes=1440732957-1440839658,6eb7403e;36cc7634;4eeac762;6b93af67;dd3d7b99;a315121d;ea075f99;d1d68f15;0a5c9941;745dc667;ca7bef0e;cd10a21d;2e946fcb;f2d646ca;6a91f36a;3a78b950;3a362b3f;e3bc5acd;7565debb;0e478d50;79e5e7de;490e2664;85f21db5;c51bf19c;b116d087;f085c423;b13a28be;bca9483d;7c2d5d48;ea261661;f11542a4;d651d1e3
4,5,383,failed,"429, message='Too Many Requests', url='https://esgf.ceda.ac.uk/thredds/fileServer/esg_cmip6/CMIP6/AerChemMIP/MOHC/UKESM1-0-LL/ssp370SST-lowNTCF/r1i1p1f2/Amon/cl/gn/latest/cl_Amon_UKESM1-0-LL_ssp370SST-lowNTCF_r1i1p1f2_gn_205001-209912.nc'",22/Jul/2026:17:08:42.821327,22/Jul/2026:17:08:43.627107,0.8058,10,22/Jul/2026:17:08:42.771315;22/Jul/2026:17:08:42.769541;22/Jul/2026:17:08:40.702180;22/Jul/2026:17:08:42.770194;22/Jul/2026:17:08:41.612259;22/Jul/2026:17:08:42.407872;22/Jul/2026:17:08:37.651054;22/Jul/2026:17:08:36.840449;22/Jul/2026:17:08:42.611154;22/Jul/2026:17:08:42.545694,0.0607;0.0644;2.1368;0.0736;1.6785;0.8836;5.6426;6.4541;0.6839;0.7499,bytes=1548137257-1548236610;bytes=1536141401-1536262502;bytes=1086585600-1087481717;bytes=1540150704-1540275677;bytes=1210309343-1211191041;bytes=1404967372-1405845415;bytes=557197596-558093135;bytes=386772234-387653070;bytes=1487406705-1488304796;bytes=1440732957-1440839658,85f21db5;c51bf19c;b116d087;f085c423;b13a28be;bca9483d;7c2d5d48;ea261661;f11542a4;d651d1e3
4,5,373,success,None,22/Jul/2026:17:08:42.767698,22/Jul/2026:17:08:43.812824,1.0451,21,22/Jul/2026:17:08:41.613061;22/Jul/2026:17:08:36.871710;22/Jul/2026:17:08:40.729287;22/Jul/2026:17:08:40.749890;22/Jul/2026:17:08:41.612765;22/Jul/2026:17:08:42.771315;22/Jul/2026:17:08:42.769541;22/Jul/2026:17:08:40.702180;22/Jul/2026:17:08:42.770194;22/Jul/2026:17:08:41.612259;22/Jul/2026:17:08:42.407872;22/Jul/2026:17:08:37.651054;22/Jul/2026:17:08:36.840449;22/Jul/2026:17:08:42.611154;22/Jul/2026:17:08:42.545694;22/Jul/2026:17:08:41.748787;22/Jul/2026:17:08:41.770633;22/Jul/2026:17:08:41.770703;22/Jul/2026:17:08:43.283667;22/Jul/2026:17:08:42.407939;22/Jul/2026:17:08:43.620400,1.1635;5.9070;2.0515;2.0332;1.1737;0.0607;0.0644;2.1368;0.0736;1.6785;0.8836;5.6426;6.4541;0.6839;0.7499;1.8822;1.8657;1.8674;0.3641;1.2476;0.0496,bytes=1217192241-1218096866;bytes=411687735-412619640;bytes=1142700849-1143580944;bytes=1167676322-1168583199;bytes=1218096867-1218209693;bytes=1548137257-1548236610;bytes=1536141401-1536262502;bytes=1086585600-1087481717;bytes=1540150704-1540275677;bytes=1210309343-1211191041;bytes=1404967372-1405845415;bytes=557197596-558093135;bytes=386772234-387653070;bytes=1487406705-1488304796;bytes=1440732957-1440839658;bytes=1288120322-1288269205;bytes=1367179170-1368089298;bytes=1368089299-1368966773;bytes=1639937301-1640048702;bytes=1405849072-1406767120;bytes=1693139227-1693231849,e3bc5acd;7565debb;0e478d50;79e5e7de;490e2664;85f21db5;c51bf19c;b116d087;f085c423;b13a28be;bca9483d;7c2d5d48;ea261661;f11542a4;d651d1e3;9195c0ff;0a078d4b;af6d60f3;4aabe065;d9a4e2e3;da9cd95b
4,5,396,success,None,22/Jul/2026:17:08:43.280116,22/Jul/2026:17:08:44.122239,0.8421,16,22/Jul/2026:17:08:41.612259;22/Jul/2026:17:08:42.407872;22/Jul/2026:17:08:37.651054;22/Jul/2026:17:08:36.840449;22/Jul/2026:17:08:42.611154;22/Jul/2026:17:08:42.545694;22/Jul/2026:17:08:41.748787;22/Jul/2026:17:08:41.770633;22/Jul/2026:17:08:41.770703;22/Jul/2026:17:08:43.283667;22/Jul/2026:17:08:42.407939;22/Jul/2026:17:08:43.620400;22/Jul/2026:17:08:41.770506;22/Jul/2026:17:08:38.482898;22/Jul/2026:17:08:35.043532;22/Jul/2026:17:08:39.930211,1.6785;0.8836;5.6426;6.4541;0.6839;0.7499;1.8822;1.8657;1.8674;0.3641;1.2476;0.0496;2.0493;5.3411;8.8013;3.9164,bytes=1210309343-1211191041;bytes=1404967372-1405845415;bytes=557197596-558093135;bytes=386772234-387653070;bytes=1487406705-1488304796;bytes=1440732957-1440839658;bytes=1288120322-1288269205;bytes=1367179170-1368089298;bytes=1368089299-1368966773;bytes=1639937301-1640048702;bytes=1405849072-1406767120;bytes=1693139227-1693231849;bytes=1370772023-1370873808;bytes=683870732-683956835;bytes=72625561-73521220;bytes=924025960-924935721,b13a28be;bca9483d;7c2d5d48;ea261661;f11542a4;d651d1e3;9195c0ff;0a078d4b;af6d60f3;4aabe065;d9a4e2e3;da9cd95b;01be5741;e1668a4f;979b5941;d56ed3a9
4,5,431,success,None,22/Jul/2026:17:08:43.813154,22/Jul/2026:17:08:44.359002,0.5458,9,22/Jul/2026:17:08:41.770506;22/Jul/2026:17:08:38.482898;22/Jul/2026:17:08:35.043532;22/Jul/2026:17:08:39.930211;22/Jul/2026:17:08:42.407999;22/Jul/2026:17:08:43.281161;22/Jul/2026:17:08:43.282402;22/Jul/2026:17:08:41.670856;22/Jul/2026:17:08:40.751036,2.0493;5.3411;8.8013;3.9164;1.7231;0.8502;0.8571;2.4686;3.3979,bytes=1370772023-1370873808;bytes=683870732-683956835;bytes=72625561-73521220;bytes=924025960-924935721;bytes=1406767121-1407677455;bytes=1626188569-1627088919;bytes=1633711841-1634615136;bytes=1242945781-1243846833;bytes=1178890181-1179798087,01be5741;e1668a4f;979b5941;d56ed3a9;cf38f6cc;af340210;1e91fad9;c7a92c5f;93e3411c
4,5,408,success,None,22/Jul/2026:17:08:43.616771,22/Jul/2026:17:08:44.544439,0.9277,15,22/Jul/2026:17:08:41.748787;22/Jul/2026:17:08:41.770633;22/Jul/2026:17:08:41.770703;22/Jul/2026:17:08:43.283667;22/Jul/2026:17:08:42.407939;22/Jul/2026:17:08:43.620400;22/Jul/2026:17:08:41.770506;22/Jul/2026:17:08:38.482898;22/Jul/2026:17:08:35.043532;22/Jul/2026:17:08:39.930211;22/Jul/2026:17:08:42.407999;22/Jul/2026:17:08:43.281161;22/Jul/2026:17:08:43.282402;22/Jul/2026:17:08:41.670856;22/Jul/2026:17:08:40.751036,1.8822;1.8657;1.8674;0.3641;1.2476;0.0496;2.0493;5.3411;8.8013;3.9164;1.7231;0.8502;0.8571;2.4686;3.3979,bytes=1288120322-1288269205;bytes=1367179170-1368089298;bytes=1368089299-1368966773;bytes=1639937301-1640048702;bytes=1405849072-1406767120;bytes=1693139227-1693231849;bytes=1370772023-1370873808;bytes=683870732-683956835;bytes=72625561-73521220;bytes=924025960-924935721;bytes=1406767121-1407677455;bytes=1626188569-1627088919;bytes=1633711841-1634615136;bytes=1242945781-1243846833;bytes=1178890181-1179798087,9195c0ff;0a078d4b;af6d60f3;4aabe065;d9a4e2e3;da9cd95b;01be5741;e1668a4f;979b5941;d56ed3a9;cf38f6cc;af340210;1e91fad9;c7a92c5f;93e3411c
4,5,419,success,None,22/Jul/2026:17:08:43.627138,22/Jul/2026:17:08:44.678272,1.0511,19,22/Jul/2026:17:08:41.748787;22/Jul/2026:17:08:41.770633;22/Jul/2026:17:08:41.770703;22/Jul/2026:17:08:43.283667;22/Jul/2026:17:08:42.407939;22/Jul/2026:17:08:43.620400;22/Jul/2026:17:08:41.770506;22/Jul/2026:17:08:38.482898;22/Jul/2026:17:08:35.043532;22/Jul/2026:17:08:39.930211;22/Jul/2026:17:08:42.407999;22/Jul/2026:17:08:43.281161;22/Jul/2026:17:08:43.282402;22/Jul/2026:17:08:41.670856;22/Jul/2026:17:08:40.751036;22/Jul/2026:17:08:39.126037;22/Jul/2026:17:08:43.630190;22/Jul/2026:17:08:43.815043;22/Jul/2026:17:08:42.822787,1.8822;1.8657;1.8674;0.3641;1.2476;0.0496;2.0493;5.3411;8.8013;3.9164;1.7231;0.8502;0.8571;2.4686;3.3979;5.4278;0.9250;0.7426;1.7352,bytes=1288120322-1288269205;bytes=1367179170-1368089298;bytes=1368089299-1368966773;bytes=1639937301-1640048702;bytes=1405849072-1406767120;bytes=1693139227-1693231849;bytes=1370772023-1370873808;bytes=683870732-683956835;bytes=72625561-73521220;bytes=924025960-924935721;bytes=1406767121-1407677455;bytes=1626188569-1627088919;bytes=1633711841-1634615136;bytes=1242945781-1243846833;bytes=1178890181-1179798087;bytes=876650553-876748406;bytes=1738743630-1738841880;bytes=1776608099-1777499573;bytes=1574525661-1575415327,9195c0ff;0a078d4b;af6d60f3;4aabe065;d9a4e2e3;da9cd95b;01be5741;e1668a4f;979b5941;d56ed3a9;cf38f6cc;af340210;1e91fad9;c7a92c5f;93e3411c;3f10fcff;a6e33308;ea124101;dc28b29c
4,5,438,success,None,22/Jul/2026:17:08:44.122573,22/Jul/2026:17:08:44.961790,0.8392,14,22/Jul/2026:17:08:42.407999;22/Jul/2026:17:08:43.281161;22/Jul/2026:17:08:43.282402;22/Jul/2026:17:08:41.670856;22/Jul/2026:17:08:40.751036;22/Jul/2026:17:08:39.126037;22/Jul/2026:17:08:43.630190;22/Jul/2026:17:08:43.815043;22/Jul/2026:17:08:42.822787;22/Jul/2026:17:08:42.610409;22/Jul/2026:17:08:43.629656;22/Jul/2026:17:08:41.612885;22/Jul/2026:17:08:44.123908;22/Jul/2026:17:08:44.547072,1.7231;0.8502;0.8571;2.4686;3.3979;5.4278;0.9250;0.7426;1.7352;2.0817;1.0654;3.0827;0.5723;0.1559,bytes=1406767121-1407677455;bytes=1626188569-1627088919;bytes=1633711841-1634615136;bytes=1242945781-1243846833;bytes=1178890181-1179798087;bytes=876650553-876748406;bytes=1738743630-1738841880;bytes=1776608099-1777499573;bytes=1574525661-1575415327;bytes=1486160246-1486269076;bytes=1734710937-1734825343;bytes=1214484453-1215379021;bytes=1804124809-1805040237;bytes=1860436809-1861322234,cf38f6cc;af340210;1e91fad9;c7a92c5f;93e3411c;3f10fcff;a6e33308;ea124101;dc28b29c;dc676d9c;e7fe1b7a;0092ebd5;10d24244;fad00836
4,5,444,success,None,22/Jul/2026:17:08:44.359323,22/Jul/2026:17:08:45.136288,0.7770,17,22/Jul/2026:17:08:39.126037;22/Jul/2026:17:08:43.630190;22/Jul/2026:17:08:43.815043;22/Jul/2026:17:08:42.822787;22/Jul/2026:17:08:42.610409;22/Jul/2026:17:08:43.629656;22/Jul/2026:17:08:41.612885;22/Jul/2026:17:08:44.123908;22/Jul/2026:17:08:44.547072;22/Jul/2026:17:08:42.770027;22/Jul/2026:17:08:44.123104;22/Jul/2026:17:08:42.823801;22/Jul/2026:17:08:40.734022;22/Jul/2026:17:08:40.018493;22/Jul/2026:17:08:39.114976;22/Jul/2026:17:08:42.823682;22/Jul/2026:17:08:44.679242,5.4278;0.9250;0.7426;1.7352;2.0817;1.0654;3.0827;0.5723;0.1559;2.2002;0.8479;2.1502;4.2427;4.9582;5.8618;2.1533;0.3111,bytes=876650553-876748406;bytes=1738743630-1738841880;bytes=1776608099-1777499573;bytes=1574525661-1575415327;bytes=1486160246-1486269076;bytes=1734710937-1734825343;bytes=1214484453-1215379021;bytes=1804124809-1805040237;bytes=1860436809-1861322234;bytes=1538975341-1539862448;bytes=1798075691-1798949236;bytes=1582928915-1583819347;bytes=1149008868-1149907224;bytes=978943091-979033111;bytes=790387473-791287727;bytes=1585797664-1585918829;bytes=1876842024-1877725230,3f10fcff;a6e33308;ea124101;dc28b29c;dc676d9c;e7fe1b7a;0092ebd5;10d24244;fad00836;faee1f91;e9de039e;e1c8cab6;761932bd;cbe53795;86ded3e7;5ed2c3f8;0a2da27e
4,5,450,success,None,22/Jul/2026:17:08:44.544762,22/Jul/2026:17:08:45.158190,0.6134,17,22/Jul/2026:17:08:39.126037;22/Jul/2026:17:08:43.630190;22/Jul/2026:17:08:43.815043;22/Jul/2026:17:08:42.822787;22/Jul/2026:17:08:42.610409;22/Jul/2026:17:08:43.629656;22/Jul/2026:17:08:41.612885;22/Jul/2026:17:08:44.123908;22/Jul/2026:17:08:44.547072;22/Jul/2026:17:08:42.770027;22/Jul/2026:17:08:44.123104;22/Jul/2026:17:08:42.823801;22/Jul/2026:17:08:40.734022;22/Jul/2026:17:08:40.018493;22/Jul/2026:17:08:39.114976;22/Jul/2026:17:08:42.823682;22/Jul/2026:17:08:44.679242,5.4278;0.9250;0.7426;1.7352;2.0817;1.0654;3.0827;0.5723;0.1559;2.2002;0.8479;2.1502;4.2427;4.9582;5.8618;2.1533;0.3111,bytes=876650553-876748406;bytes=1738743630-1738841880;bytes=1776608099-1777499573;bytes=1574525661-1575415327;bytes=1486160246-1486269076;bytes=1734710937-1734825343;bytes=1214484453-1215379021;bytes=1804124809-1805040237;bytes=1860436809-1861322234;bytes=1538975341-1539862448;bytes=1798075691-1798949236;bytes=1582928915-1583819347;bytes=1149008868-1149907224;bytes=978943091-979033111;bytes=790387473-791287727;bytes=1585797664-1585918829;bytes=1876842024-1877725230,3f10fcff;a6e33308;ea124101;dc28b29c;dc676d9c;e7fe1b7a;0092ebd5;10d24244;fad00836;faee1f91;e9de039e;e1c8cab6;761932bd;cbe53795;86ded3e7;5ed2c3f8;0a2da27e
4,5,457,failed,"429, message='Too Many Requests', url='https://esgf.ceda.ac.uk/thredds/fileServer/esg_cmip6/CMIP6/AerChemMIP/MOHC/UKESM1-0-LL/ssp370SST-lowNTCF/r1i1p1f2/Amon/cl/gn/latest/cl_Amon_UKESM1-0-LL_ssp370SST-lowNTCF_r1i1p1f2_gn_205001-209912.nc'",22/Jul/2026:17:08:44.678609,22/Jul/2026:17:08:45.169563,0.4910,13,22/Jul/2026:17:08:42.610409;22/Jul/2026:17:08:43.629656;22/Jul/2026:17:08:41.612885;22/Jul/2026:17:08:44.123908;22/Jul/2026:17:08:44.547072;22/Jul/2026:17:08:42.770027;22/Jul/2026:17:08:44.123104;22/Jul/2026:17:08:42.823801;22/Jul/2026:17:08:40.734022;22/Jul/2026:17:08:40.018493;22/Jul/2026:17:08:39.114976;22/Jul/2026:17:08:42.823682;22/Jul/2026:17:08:44.679242,2.0817;1.0654;3.0827;0.5723;0.1559;2.2002;0.8479;2.1502;4.2427;4.9582;5.8618;2.1533;0.3111,bytes=1486160246-1486269076;bytes=1734710937-1734825343;bytes=1214484453-1215379021;bytes=1804124809-1805040237;bytes=1860436809-1861322234;bytes=1538975341-1539862448;bytes=1798075691-1798949236;bytes=1582928915-1583819347;bytes=1149008868-1149907224;bytes=978943091-979033111;bytes=790387473-791287727;bytes=1585797664-1585918829;bytes=1876842024-1877725230,dc676d9c;e7fe1b7a;0092ebd5;10d24244;fad00836;faee1f91;e9de039e;e1c8cab6;761932bd;cbe53795;86ded3e7;5ed2c3f8;0a2da27e
4,5,464,failed,"429, message='Too Many Requests', url='https://esgf.ceda.ac.uk/thredds/fileServer/esg_cmip6/CMIP6/AerChemMIP/MOHC/UKESM1-0-LL/ssp370SST-lowNTCF/r1i1p1f2/Amon/cl/gn/latest/cl_Amon_UKESM1-0-LL_ssp370SST-lowNTCF_r1i1p1f2_gn_205001-209912.nc'",22/Jul/2026:17:08:44.962139,22/Jul/2026:17:08:45.204404,0.2423,8,22/Jul/2026:17:08:42.770027;22/Jul/2026:17:08:44.123104;22/Jul/2026:17:08:42.823801;22/Jul/2026:17:08:40.734022;22/Jul/2026:17:08:40.018493;22/Jul/2026:17:08:39.114976;22/Jul/2026:17:08:42.823682;22/Jul/2026:17:08:44.679242,2.2002;0.8479;2.1502;4.2427;4.9582;5.8618;2.1533;0.3111,bytes=1538975341-1539862448;bytes=1798075691-1798949236;bytes=1582928915-1583819347;bytes=1149008868-1149907224;bytes=978943091-979033111;bytes=790387473-791287727;bytes=1585797664-1585918829;bytes=1876842024-1877725230,faee1f91;e9de039e;e1c8cab6;761932bd;cbe53795;86ded3e7;5ed2c3f8;0a2da27e
5,5,24,success,None,22/Jul/2026:17:08:45.213208,22/Jul/2026:17:08:46.073410,0.8602,29,22/Jul/2026:17:08:45.226050;22/Jul/2026:17:08:35.040797;22/Jul/2026:17:08:22.698363;22/Jul/2026:17:08:34.697862;22/Jul/2026:17:08:33.303491;22/Jul/2026:17:08:28.691423;22/Jul/2026:17:08:34.465835;22/Jul/2026:17:08:29.503297;22/Jul/2026:17:08:30.877852;22/Jul/2026:17:08:33.857902;22/Jul/2026:17:08:31.669104;22/Jul/2026:17:08:31.669765;22/Jul/2026:17:08:30.898881;22/Jul/2026:17:08:34.037612;22/Jul/2026:17:08:32.461322;22/Jul/2026:17:08:37.475889;22/Jul/2026:17:08:33.169516;22/Jul/2026:17:08:33.858573;22/Jul/2026:17:08:41.612501;22/Jul/2026:17:08:45.222492;22/Jul/2026:17:08:45.221778;22/Jul/2026:17:08:37.477174;22/Jul/2026:17:08:45.215708;22/Jul/2026:17:08:31.678569;22/Jul/2026:17:08:30.877081;22/Jul/2026:17:08:21.635919;22/Jul/2026:17:08:45.218872;22/Jul/2026:17:08:33.858406;22/Jul/2026:17:08:45.216301,0.0017;10.1870;22.5294;10.5299;11.9243;16.5364;10.7620;15.7245;14.3500;11.3700;13.5590;13.5605;14.3334;11.1987;12.7775;7.7630;12.0961;11.4145;3.6661;0.0612;0.0717;7.8217;0.0978;13.6362;14.4378;23.7393;0.1744;11.5350;0.1894,bytes=182228661-182324486;bytes=3754244-3850487;bytes=7415186-7591621;bytes=1910292497-1911175639;bytes=1722738985-1722836788;bytes=968149250-969031378;bytes=1880012976-1880134912;bytes=1086083060-1086259664;bytes=1292101114-1292221361;bytes=1827979340-1828871401;bytes=1432607176-1432718128;bytes=1436641457-1436744465;bytes=1370986063-1371084385;bytes=1853795834-1854703604;bytes=1583819348-1584728298;bytes=489647175-490551932;bytes=1688210043-1689105611;bytes=1834076349-1834190683;bytes=1212064719-1212985327;bytes=112758631-112848799;bytes=105062264-105164289;bytes=500029961-500138678;bytes=7765296-7868753;bytes=1483353322-1484245762;bytes=1284178329-1284289116;bytes=1856220188-1857098813;bytes=84596744-84702380;bytes=1832105534-1833003461;bytes=11869467-11975123,61b0ccbb;4d6b55bb;56694850;f84aaa30;90a703a1;5738f1c6;724e832a;c9c78e5a;7ff9fb74;a87c07d0;265a207b;dbef924b;f1d9328e;2ada2c9d;4d81fac7;8f88d46b;cc2e577b;aad2f7da;0fd4de58;2391114d;241985d4;e653f4e9;ed6eafba;6854fce0;efac285d;1c28b092;fe2c41b2;c5a9dcd2;fb784a76
5,5,30,success,None,22/Jul/2026:17:08:45.213428,22/Jul/2026:17:08:46.136175,0.9227,36,22/Jul/2026:17:08:45.226050;22/Jul/2026:17:08:35.040797;22/Jul/2026:17:08:22.698363;22/Jul/2026:17:08:34.697862;22/Jul/2026:17:08:33.303491;22/Jul/2026:17:08:28.691423;22/Jul/2026:17:08:34.465835;22/Jul/2026:17:08:29.503297;22/Jul/2026:17:08:30.877852;22/Jul/2026:17:08:33.857902;22/Jul/2026:17:08:31.669104;22/Jul/2026:17:08:31.669765;22/Jul/2026:17:08:30.898881;22/Jul/2026:17:08:34.037612;22/Jul/2026:17:08:32.461322;22/Jul/2026:17:08:37.475889;22/Jul/2026:17:08:33.169516;22/Jul/2026:17:08:33.858573;22/Jul/2026:17:08:41.612501;22/Jul/2026:17:08:45.222492;22/Jul/2026:17:08:45.221778;22/Jul/2026:17:08:37.477174;22/Jul/2026:17:08:45.215708;22/Jul/2026:17:08:31.678569;22/Jul/2026:17:08:30.877081;22/Jul/2026:17:08:21.635919;22/Jul/2026:17:08:45.218872;22/Jul/2026:17:08:33.858406;22/Jul/2026:17:08:45.216301;22/Jul/2026:17:08:45.216042;22/Jul/2026:17:08:30.843054;22/Jul/2026:17:08:37.675934;22/Jul/2026:17:08:45.214653;22/Jul/2026:17:08:45.215282;22/Jul/2026:17:08:37.477048;22/Jul/2026:17:08:45.215979,0.0017;10.1870;22.5294;10.5299;11.9243;16.5364;10.7620;15.7245;14.3500;11.3700;13.5590;13.5605;14.3334;11.1987;12.7775;7.7630;12.0961;11.4145;3.6661;0.0612;0.0717;7.8217;0.0978;13.6362;14.4378;23.7393;0.1744;11.5350;0.1894;0.8667;15.2411;8.4082;0.8718;0.8721;8.6113;0.8783,bytes=182228661-182324486;bytes=3754244-3850487;bytes=7415186-7591621;bytes=1910292497-1911175639;bytes=1722738985-1722836788;bytes=968149250-969031378;bytes=1880012976-1880134912;bytes=1086083060-1086259664;bytes=1292101114-1292221361;bytes=1827979340-1828871401;bytes=1432607176-1432718128;bytes=1436641457-1436744465;bytes=1370986063-1371084385;bytes=1853795834-1854703604;bytes=1583819348-1584728298;bytes=489647175-490551932;bytes=1688210043-1689105611;bytes=1834076349-1834190683;bytes=1212064719-1212985327;bytes=112758631-112848799;bytes=105062264-105164289;bytes=500029961-500138678;bytes=7765296-7868753;bytes=1483353322-1484245762;bytes=1284178329-1284289116;bytes=1856220188-1857098813;bytes=84596744-84702380;bytes=1832105534-1833003461;bytes=11869467-11975123;bytes=8856070-9744491;bytes=1250919750-1251129879;bytes=581814454-581920232;bytes=87478-974243;bytes=7415186-7591621;bytes=498716506-499615592;bytes=7968367-8856069,61b0ccbb;4d6b55bb;56694850;f84aaa30;90a703a1;5738f1c6;724e832a;c9c78e5a;7ff9fb74;a87c07d0;265a207b;dbef924b;f1d9328e;2ada2c9d;4d81fac7;8f88d46b;cc2e577b;aad2f7da;0fd4de58;2391114d;241985d4;e653f4e9;ed6eafba;6854fce0;efac285d;1c28b092;fe2c41b2;c5a9dcd2;fb784a76;d54c4c90;9194da86;57eeb9c7;9f080e88;42cd79e7;5d3fe69f;cac1a654
5,5,40,success,None,22/Jul/2026:17:08:45.213693,22/Jul/2026:17:08:46.185364,0.9717,38,22/Jul/2026:17:08:45.226050;22/Jul/2026:17:08:35.040797;22/Jul/2026:17:08:22.698363;22/Jul/2026:17:08:34.697862;22/Jul/2026:17:08:33.303491;22/Jul/2026:17:08:28.691423;22/Jul/2026:17:08:34.465835;22/Jul/2026:17:08:29.503297;22/Jul/2026:17:08:30.877852;22/Jul/2026:17:08:33.857902;22/Jul/2026:17:08:31.669104;22/Jul/2026:17:08:31.669765;22/Jul/2026:17:08:30.898881;22/Jul/2026:17:08:34.037612;22/Jul/2026:17:08:32.461322;22/Jul/2026:17:08:37.475889;22/Jul/2026:17:08:33.169516;22/Jul/2026:17:08:33.858573;22/Jul/2026:17:08:41.612501;22/Jul/2026:17:08:45.222492;22/Jul/2026:17:08:45.221778;22/Jul/2026:17:08:37.477174;22/Jul/2026:17:08:45.215708;22/Jul/2026:17:08:31.678569;22/Jul/2026:17:08:30.877081;22/Jul/2026:17:08:21.635919;22/Jul/2026:17:08:45.218872;22/Jul/2026:17:08:33.858406;22/Jul/2026:17:08:45.216301;22/Jul/2026:17:08:45.216042;22/Jul/2026:17:08:30.843054;22/Jul/2026:17:08:37.675934;22/Jul/2026:17:08:45.214653;22/Jul/2026:17:08:45.215282;22/Jul/2026:17:08:37.477048;22/Jul/2026:17:08:45.215979;22/Jul/2026:17:08:23.814493;22/Jul/2026:17:08:45.216699,0.0017;10.1870;22.5294;10.5299;11.9243;16.5364;10.7620;15.7245;14.3500;11.3700;13.5590;13.5605;14.3334;11.1987;12.7775;7.7630;12.0961;11.4145;3.6661;0.0612;0.0717;7.8217;0.0978;13.6362;14.4378;23.7393;0.1744;11.5350;0.1894;0.8667;15.2411;8.4082;0.8718;0.8721;8.6113;0.8783;22.3409;0.9406,bytes=182228661-182324486;bytes=3754244-3850487;bytes=7415186-7591621;bytes=1910292497-1911175639;bytes=1722738985-1722836788;bytes=968149250-969031378;bytes=1880012976-1880134912;bytes=1086083060-1086259664;bytes=1292101114-1292221361;bytes=1827979340-1828871401;bytes=1432607176-1432718128;bytes=1436641457-1436744465;bytes=1370986063-1371084385;bytes=1853795834-1854703604;bytes=1583819348-1584728298;bytes=489647175-490551932;bytes=1688210043-1689105611;bytes=1834076349-1834190683;bytes=1212064719-1212985327;bytes=112758631-112848799;bytes=105062264-105164289;bytes=500029961-500138678;bytes=7765296-7868753;bytes=1483353322-1484245762;bytes=1284178329-1284289116;bytes=1856220188-1857098813;bytes=84596744-84702380;bytes=1832105534-1833003461;bytes=11869467-11975123;bytes=8856070-9744491;bytes=1250919750-1251129879;bytes=581814454-581920232;bytes=87478-974243;bytes=7415186-7591621;bytes=498716506-499615592;bytes=7968367-8856069;bytes=206305030-206401708;bytes=12870474-13766804,61b0ccbb;4d6b55bb;56694850;f84aaa30;90a703a1;5738f1c6;724e832a;c9c78e5a;7ff9fb74;a87c07d0;265a207b;dbef924b;f1d9328e;2ada2c9d;4d81fac7;8f88d46b;cc2e577b;aad2f7da;0fd4de58;2391114d;241985d4;e653f4e9;ed6eafba;6854fce0;efac285d;1c28b092;fe2c41b2;c5a9dcd2;fb784a76;d54c4c90;9194da86;57eeb9c7;9f080e88;42cd79e7;5d3fe69f;cac1a654;d93e3ca0;243d3570
5,5,17,failed,"429, message='Too Many Requests', url='https://esgf.ceda.ac.uk/thredds/fileServer/esg_cmip6/CMIP6/AerChemMIP/MOHC/UKESM1-0-LL/ssp370SST-lowNTCF/r1i1p1f2/Amon/cl/gn/latest/cl_Amon_UKESM1-0-LL_ssp370SST-lowNTCF_r1i1p1f2_gn_205001-209912.nc'",22/Jul/2026:17:08:45.212940,22/Jul/2026:17:08:46.224734,1.0118,44,22/Jul/2026:17:08:45.226050;22/Jul/2026:17:08:35.040797;22/Jul/2026:17:08:22.698363;22/Jul/2026:17:08:34.697862;22/Jul/2026:17:08:33.303491;22/Jul/2026:17:08:28.691423;22/Jul/2026:17:08:34.465835;22/Jul/2026:17:08:29.503297;22/Jul/2026:17:08:30.877852;22/Jul/2026:17:08:33.857902;22/Jul/2026:17:08:31.669104;22/Jul/2026:17:08:31.669765;22/Jul/2026:17:08:30.898881;22/Jul/2026:17:08:34.037612;22/Jul/2026:17:08:32.461322;22/Jul/2026:17:08:37.475889;22/Jul/2026:17:08:33.169516;22/Jul/2026:17:08:33.858573;22/Jul/2026:17:08:41.612501;22/Jul/2026:17:08:45.222492;22/Jul/2026:17:08:45.221778;22/Jul/2026:17:08:37.477174;22/Jul/2026:17:08:45.215708;22/Jul/2026:17:08:31.678569;22/Jul/2026:17:08:30.877081;22/Jul/2026:17:08:21.635919;22/Jul/2026:17:08:45.218872;22/Jul/2026:17:08:33.858406;22/Jul/2026:17:08:45.216301;22/Jul/2026:17:08:45.216042;22/Jul/2026:17:08:30.843054;22/Jul/2026:17:08:37.675934;22/Jul/2026:17:08:45.214653;22/Jul/2026:17:08:45.215282;22/Jul/2026:17:08:37.477048;22/Jul/2026:17:08:45.215979;22/Jul/2026:17:08:23.814493;22/Jul/2026:17:08:45.216699;22/Jul/2026:17:08:33.304914;22/Jul/2026:17:08:30.445378;22/Jul/2026:17:08:44.962634;22/Jul/2026:17:08:43.628169;22/Jul/2026:17:08:45.220694;22/Jul/2026:17:08:45.223577,0.0017;10.1870;22.5294;10.5299;11.9243;16.5364;10.7620;15.7245;14.3500;11.3700;13.5590;13.5605;14.3334;11.1987;12.7775;7.7630;12.0961;11.4145;3.6661;0.0612;0.0717;7.8217;0.0978;13.6362;14.4378;23.7393;0.1744;11.5350;0.1894;0.8667;15.2411;8.4082;0.8718;0.8721;8.6113;0.8783;22.3409;0.9406;12.8928;15.7570;1.2440;2.5821;0.9896;0.9976,bytes=182228661-182324486;bytes=3754244-3850487;bytes=7415186-7591621;bytes=1910292497-1911175639;bytes=1722738985-1722836788;bytes=968149250-969031378;bytes=1880012976-1880134912;bytes=1086083060-1086259664;bytes=1292101114-1292221361;bytes=1827979340-1828871401;bytes=1432607176-1432718128;bytes=1436641457-1436744465;bytes=1370986063-1371084385;bytes=1853795834-1854703604;bytes=1583819348-1584728298;bytes=489647175-490551932;bytes=1688210043-1689105611;bytes=1834076349-1834190683;bytes=1212064719-1212985327;bytes=112758631-112848799;bytes=105062264-105164289;bytes=500029961-500138678;bytes=7765296-7868753;bytes=1483353322-1484245762;bytes=1284178329-1284289116;bytes=1856220188-1857098813;bytes=84596744-84702380;bytes=1832105534-1833003461;bytes=11869467-11975123;bytes=8856070-9744491;bytes=1250919750-1251129879;bytes=581814454-581920232;bytes=87478-974243;bytes=7415186-7591621;bytes=498716506-499615592;bytes=7968367-8856069;bytes=206305030-206401708;bytes=12870474-13766804;bytes=1727026584-1727917932;bytes=1218578404-1219479880;bytes=1905177880-1906065185;bytes=1722738985-1722836788;bytes=97160198-98062851;bytes=129216603-129323426,61b0ccbb;4d6b55bb;56694850;f84aaa30;90a703a1;5738f1c6;724e832a;c9c78e5a;7ff9fb74;a87c07d0;265a207b;dbef924b;f1d9328e;2ada2c9d;4d81fac7;8f88d46b;cc2e577b;aad2f7da;0fd4de58;2391114d;241985d4;e653f4e9;ed6eafba;6854fce0;efac285d;1c28b092;fe2c41b2;c5a9dcd2;fb784a76;d54c4c90;9194da86;57eeb9c7;9f080e88;42cd79e7;5d3fe69f;cac1a654;d93e3ca0;243d3570;c7b4f8b7;8d570ec4;1669cfdc;9f3d26e9;f27e5a7b;97c58553
5,5,0,failed,"429, message='Too Many Requests', url='https://esgf.ceda.ac.uk/thredds/fileServer/esg_cmip6/CMIP6/AerChemMIP/MOHC/UKESM1-0-LL/ssp370SST-lowNTCF/r1i1p1f2/Amon/cl/gn/latest/cl_Amon_UKESM1-0-LL_ssp370SST-lowNTCF_r1i1p1f2_gn_205001-209912.nc'",22/Jul/2026:17:08:45.212596,22/Jul/2026:17:08:46.255763,1.0432,46,22/Jul/2026:17:08:45.226050;22/Jul/2026:17:08:35.040797;22/Jul/2026:17:08:22.698363;22/Jul/2026:17:08:34.697862;22/Jul/2026:17:08:33.303491;22/Jul/2026:17:08:28.691423;22/Jul/2026:17:08:34.465835;22/Jul/2026:17:08:29.503297;22/Jul/2026:17:08:30.877852;22/Jul/2026:17:08:33.857902;22/Jul/2026:17:08:31.669104;22/Jul/2026:17:08:31.669765;22/Jul/2026:17:08:30.898881;22/Jul/2026:17:08:34.037612;22/Jul/2026:17:08:32.461322;22/Jul/2026:17:08:37.475889;22/Jul/2026:17:08:33.169516;22/Jul/2026:17:08:33.858573;22/Jul/2026:17:08:41.612501;22/Jul/2026:17:08:45.222492;22/Jul/2026:17:08:45.221778;22/Jul/2026:17:08:37.477174;22/Jul/2026:17:08:45.215708;22/Jul/2026:17:08:31.678569;22/Jul/2026:17:08:30.877081;22/Jul/2026:17:08:21.635919;22/Jul/2026:17:08:45.218872;22/Jul/2026:17:08:33.858406;22/Jul/2026:17:08:45.216301;22/Jul/2026:17:08:45.216042;22/Jul/2026:17:08:30.843054;22/Jul/2026:17:08:37.675934;22/Jul/2026:17:08:45.214653;22/Jul/2026:17:08:45.215282;22/Jul/2026:17:08:37.477048;22/Jul/2026:17:08:45.215979;22/Jul/2026:17:08:23.814493;22/Jul/2026:17:08:45.216699;22/Jul/2026:17:08:33.304914;22/Jul/2026:17:08:30.445378;22/Jul/2026:17:08:44.962634;22/Jul/2026:17:08:43.628169;22/Jul/2026:17:08:45.220694;22/Jul/2026:17:08:45.223577;22/Jul/2026:17:08:46.188919;22/Jul/2026:17:08:43.628102,0.0017;10.1870;22.5294;10.5299;11.9243;16.5364;10.7620;15.7245;14.3500;11.3700;13.5590;13.5605;14.3334;11.1987;12.7775;7.7630;12.0961;11.4145;3.6661;0.0612;0.0717;7.8217;0.0978;13.6362;14.4378;23.7393;0.1744;11.5350;0.1894;0.8667;15.2411;8.4082;0.8718;0.8721;8.6113;0.8783;22.3409;0.9406;12.8928;15.7570;1.2440;2.5821;0.9896;0.9976;0.0434;2.6135,bytes=182228661-182324486;bytes=3754244-3850487;bytes=7415186-7591621;bytes=1910292497-1911175639;bytes=1722738985-1722836788;bytes=968149250-969031378;bytes=1880012976-1880134912;bytes=1086083060-1086259664;bytes=1292101114-1292221361;bytes=1827979340-1828871401;bytes=1432607176-1432718128;bytes=1436641457-1436744465;bytes=1370986063-1371084385;bytes=1853795834-1854703604;bytes=1583819348-1584728298;bytes=489647175-490551932;bytes=1688210043-1689105611;bytes=1834076349-1834190683;bytes=1212064719-1212985327;bytes=112758631-112848799;bytes=105062264-105164289;bytes=500029961-500138678;bytes=7765296-7868753;bytes=1483353322-1484245762;bytes=1284178329-1284289116;bytes=1856220188-1857098813;bytes=84596744-84702380;bytes=1832105534-1833003461;bytes=11869467-11975123;bytes=8856070-9744491;bytes=1250919750-1251129879;bytes=581814454-581920232;bytes=87478-974243;bytes=7415186-7591621;bytes=498716506-499615592;bytes=7968367-8856069;bytes=206305030-206401708;bytes=12870474-13766804;bytes=1727026584-1727917932;bytes=1218578404-1219479880;bytes=1905177880-1906065185;bytes=1722738985-1722836788;bytes=97160198-98062851;bytes=129216603-129323426;bytes=271068061-271165755;bytes=1721618381-1722516742,61b0ccbb;4d6b55bb;56694850;f84aaa30;90a703a1;5738f1c6;724e832a;c9c78e5a;7ff9fb74;a87c07d0;265a207b;dbef924b;f1d9328e;2ada2c9d;4d81fac7;8f88d46b;cc2e577b;aad2f7da;0fd4de58;2391114d;241985d4;e653f4e9;ed6eafba;6854fce0;efac285d;1c28b092;fe2c41b2;c5a9dcd2;fb784a76;d54c4c90;9194da86;57eeb9c7;9f080e88;42cd79e7;5d3fe69f;cac1a654;d93e3ca0;243d3570;c7b4f8b7;8d570ec4;1669cfdc;9f3d26e9;f27e5a7b;97c58553;b95d77bc;e97eb95f
5,5,50,success,None,22/Jul/2026:17:08:46.073824,22/Jul/2026:17:08:46.824940,0.7511,24,22/Jul/2026:17:08:45.216042;22/Jul/2026:17:08:30.843054;22/Jul/2026:17:08:37.675934;22/Jul/2026:17:08:45.214653;22/Jul/2026:17:08:45.215282;22/Jul/2026:17:08:37.477048;22/Jul/2026:17:08:45.215979;22/Jul/2026:17:08:23.814493;22/Jul/2026:17:08:45.216699;22/Jul/2026:17:08:33.304914;22/Jul/2026:17:08:30.445378;22/Jul/2026:17:08:44.962634;22/Jul/2026:17:08:43.628169;22/Jul/2026:17:08:45.220694;22/Jul/2026:17:08:45.223577;22/Jul/2026:17:08:46.188919;22/Jul/2026:17:08:43.628102;22/Jul/2026:17:08:45.218085;22/Jul/2026:17:08:33.169723;22/Jul/2026:17:08:45.222234;22/Jul/2026:17:08:34.037823;22/Jul/2026:17:08:46.140252;22/Jul/2026:17:08:45.222857;22/Jul/2026:17:08:34.698424,0.8667;15.2411;8.4082;0.8718;0.8721;8.6113;0.8783;22.3409;0.9406;12.8928;15.7570;1.2440;2.5821;0.9896;0.9976;0.0434;2.6135;1.0498;13.1097;1.0924;12.2863;0.1841;1.1037;11.6347,bytes=8856070-9744491;bytes=1250919750-1251129879;bytes=581814454-581920232;bytes=87478-974243;bytes=7415186-7591621;bytes=498716506-499615592;bytes=7968367-8856069;bytes=206305030-206401708;bytes=12870474-13766804;bytes=1727026584-1727917932;bytes=1218578404-1219479880;bytes=1905177880-1906065185;bytes=1722738985-1722836788;bytes=97160198-98062851;bytes=129216603-129323426;bytes=271068061-271165755;bytes=1721618381-1722516742;bytes=75331914-76243159;bytes=1693139227-1693231849;bytes=108956847-109060684;bytes=1858924780-1859054563;bytes=251053473-251149835;bytes=111862688-112758630;bytes=1913536501-1914440354,d54c4c90;9194da86;57eeb9c7;9f080e88;42cd79e7;5d3fe69f;cac1a654;d93e3ca0;243d3570;c7b4f8b7;8d570ec4;1669cfdc;9f3d26e9;f27e5a7b;97c58553;b95d77bc;e97eb95f;ce37971f;9adccd81;ee3cba5c;508f4852;30649523;b4305de1;ffbfd262
5,5,78,success,None,22/Jul/2026:17:08:46.224780,22/Jul/2026:17:08:47.035644,0.8109,15,22/Jul/2026:17:08:46.188919;22/Jul/2026:17:08:43.628102;22/Jul/2026:17:08:45.218085;22/Jul/2026:17:08:33.169723;22/Jul/2026:17:08:45.222234;22/Jul/2026:17:08:34.037823;22/Jul/2026:17:08:46.140252;22/Jul/2026:17:08:45.222857;22/Jul/2026:17:08:34.698424;22/Jul/2026:17:08:45.221222;22/Jul/2026:17:08:46.075587;22/Jul/2026:17:08:38.287399;22/Jul/2026:17:08:45.216767;22/Jul/2026:17:08:37.612793;22/Jul/2026:17:08:27.849208,0.0434;2.6135;1.0498;13.1097;1.0924;12.2863;0.1841;1.1037;11.6347;1.6135;0.7596;8.5560;1.6278;9.2322;18.9981,bytes=271068061-271165755;bytes=1721618381-1722516742;bytes=75331914-76243159;bytes=1693139227-1693231849;bytes=108956847-109060684;bytes=1858924780-1859054563;bytes=251053473-251149835;bytes=111862688-112758630;bytes=1913536501-1914440354;bytes=104682994-104841492;bytes=210234184-210325115;bytes=631998025-632882356;bytes=13766805-14670925;bytes=520408958-520508740;bytes=866295642-867207380,b95d77bc;e97eb95f;ce37971f;9adccd81;ee3cba5c;508f4852;30649523;b4305de1;ffbfd262;d2b65c8a;6c64d894;38a002f1;0bc1c3f7;b6cfb903;7982456a
5,5,93,success,None,22/Jul/2026:17:08:46.255814,22/Jul/2026:17:08:47.072374,0.8166,18,22/Jul/2026:17:08:45.218085;22/Jul/2026:17:08:33.169723;22/Jul/2026:17:08:45.222234;22/Jul/2026:17:08:34.037823;22/Jul/2026:17:08:46.140252;22/Jul/2026:17:08:45.222857;22/Jul/2026:17:08:34.698424;22/Jul/2026:17:08:45.221222;22/Jul/2026:17:08:46.075587;22/Jul/2026:17:08:38.287399;22/Jul/2026:17:08:45.216767;22/Jul/2026:17:08:37.612793;22/Jul/2026:17:08:27.849208;22/Jul/2026:17:08:47.038129;22/Jul/2026:17:08:46.139048;22/Jul/2026:17:08:46.074880;22/Jul/2026:17:08:46.227148;22/Jul/2026:17:08:45.217888,1.0498;13.1097;1.0924;12.2863;0.1841;1.1037;11.6347;1.6135;0.7596;8.5560;1.6278;9.2322;18.9981;0.0067;0.9064;0.9726;0.8243;1.8502,bytes=75331914-76243159;bytes=1693139227-1693231849;bytes=108956847-109060684;bytes=1858924780-1859054563;bytes=251053473-251149835;bytes=111862688-112758630;bytes=1913536501-1914440354;bytes=104682994-104841492;bytes=210234184-210325115;bytes=631998025-632882356;bytes=13766805-14670925;bytes=520408958-520508740;bytes=866295642-867207380;bytes=467010151-467103932;bytes=243950235-244835070;bytes=205175070-206066377;bytes=323341434-324254586;bytes=72625561-73521220,ce37971f;9adccd81;ee3cba5c;508f4852;30649523;b4305de1;ffbfd262;d2b65c8a;6c64d894;38a002f1;0bc1c3f7;b6cfb903;7982456a;bd8d11d7;7e491bc1;bb864088;7b2852c5;21689fca
5,5,65,success,None,22/Jul/2026:17:08:46.186017,22/Jul/2026:17:08:47.245676,1.0597,34,22/Jul/2026:17:08:33.304914;22/Jul/2026:17:08:30.445378;22/Jul/2026:17:08:44.962634;22/Jul/2026:17:08:43.628169;22/Jul/2026:17:08:45.220694;22/Jul/2026:17:08:45.223577;22/Jul/2026:17:08:46.188919;22/Jul/2026:17:08:43.628102;22/Jul/2026:17:08:45.218085;22/Jul/2026:17:08:33.169723;22/Jul/2026:17:08:45.222234;22/Jul/2026:17:08:34.037823;22/Jul/2026:17:08:46.140252;22/Jul/2026:17:08:45.222857;22/Jul/2026:17:08:34.698424;22/Jul/2026:17:08:45.221222;22/Jul/2026:17:08:46.075587;22/Jul/2026:17:08:38.287399;22/Jul/2026:17:08:45.216767;22/Jul/2026:17:08:37.612793;22/Jul/2026:17:08:27.849208;22/Jul/2026:17:08:47.038129;22/Jul/2026:17:08:46.139048;22/Jul/2026:17:08:46.074880;22/Jul/2026:17:08:46.227148;22/Jul/2026:17:08:45.217888;22/Jul/2026:17:08:47.036914;22/Jul/2026:17:08:46.193729;22/Jul/2026:17:08:45.223622;22/Jul/2026:17:08:45.222161;22/Jul/2026:17:08:45.217276;22/Jul/2026:17:08:46.188255;22/Jul/2026:17:08:47.073611;22/Jul/2026:17:08:45.219722,12.8928;15.7570;1.2440;2.5821;0.9896;0.9976;0.0434;2.6135;1.0498;13.1097;1.0924;12.2863;0.1841;1.1037;11.6347;1.6135;0.7596;8.5560;1.6278;9.2322;18.9981;0.0067;0.9064;0.9726;0.8243;1.8502;0.0500;0.8984;1.8709;1.8809;1.8913;0.9272;0.0422;1.8971,bytes=1727026584-1727917932;bytes=1218578404-1219479880;bytes=1905177880-1906065185;bytes=1722738985-1722836788;bytes=97160198-98062851;bytes=129216603-129323426;bytes=271068061-271165755;bytes=1721618381-1722516742;bytes=75331914-76243159;bytes=1693139227-1693231849;bytes=108956847-109060684;bytes=1858924780-1859054563;bytes=251053473-251149835;bytes=111862688-112758630;bytes=1913536501-1914440354;bytes=104682994-104841492;bytes=210234184-210325115;bytes=631998025-632882356;bytes=13766805-14670925;bytes=520408958-520508740;bytes=866295642-867207380;bytes=467010151-467103932;bytes=243950235-244835070;bytes=205175070-206066377;bytes=323341434-324254586;bytes=72625561-73521220;bytes=458733862-458890133;bytes=279832340-280011509;bytes=129323427-129421907;bytes=107864874-108774691;bytes=19624248-19703507;bytes=264136703-265035310;bytes=491831185-491929018;bytes=82767057-83688363,c7b4f8b7;8d570ec4;1669cfdc;9f3d26e9;f27e5a7b;97c58553;b95d77bc;e97eb95f;ce37971f;9adccd81;ee3cba5c;508f4852;30649523;b4305de1;ffbfd262;d2b65c8a;6c64d894;38a002f1;0bc1c3f7;b6cfb903;7982456a;bd8d11d7;7e491bc1;bb864088;7b2852c5;21689fca;996a04f7;34f1ddc2;7d43fb5a;6522744b;5f547a39;73f1ade2;7b337d3a;d19d64fb
5,5,59,success,None,22/Jul/2026:17:08:46.136723,22/Jul/2026:17:08:47.484523,1.3478,40,22/Jul/2026:17:08:23.814493;22/Jul/2026:17:08:45.216699;22/Jul/2026:17:08:33.304914;22/Jul/2026:17:08:30.445378;22/Jul/2026:17:08:44.962634;22/Jul/2026:17:08:43.628169;22/Jul/2026:17:08:45.220694;22/Jul/2026:17:08:45.223577;22/Jul/2026:17:08:46.188919;22/Jul/2026:17:08:43.628102;22/Jul/2026:17:08:45.218085;22/Jul/2026:17:08:33.169723;22/Jul/2026:17:08:45.222234;22/Jul/2026:17:08:34.037823;22/Jul/2026:17:08:46.140252;22/Jul/2026:17:08:45.222857;22/Jul/2026:17:08:34.698424;22/Jul/2026:17:08:45.221222;22/Jul/2026:17:08:46.075587;22/Jul/2026:17:08:38.287399;22/Jul/2026:17:08:45.216767;22/Jul/2026:17:08:37.612793;22/Jul/2026:17:08:27.849208;22/Jul/2026:17:08:47.038129;22/Jul/2026:17:08:46.139048;22/Jul/2026:17:08:46.074880;22/Jul/2026:17:08:46.227148;22/Jul/2026:17:08:45.217888;22/Jul/2026:17:08:47.036914;22/Jul/2026:17:08:46.193729;22/Jul/2026:17:08:45.223622;22/Jul/2026:17:08:45.222161;22/Jul/2026:17:08:45.217276;22/Jul/2026:17:08:46.188255;22/Jul/2026:17:08:47.073611;22/Jul/2026:17:08:45.219722;22/Jul/2026:17:08:47.074262;22/Jul/2026:17:08:33.377035;22/Jul/2026:17:08:30.898365;22/Jul/2026:17:08:46.138456,22.3409;0.9406;12.8928;15.7570;1.2440;2.5821;0.9896;0.9976;0.0434;2.6135;1.0498;13.1097;1.0924;12.2863;0.1841;1.1037;11.6347;1.6135;0.7596;8.5560;1.6278;9.2322;18.9981;0.0067;0.9064;0.9726;0.8243;1.8502;0.0500;0.8984;1.8709;1.8809;1.8913;0.9272;0.0422;1.8971;0.1876;13.8882;16.3805;1.1404,bytes=206305030-206401708;bytes=12870474-13766804;bytes=1727026584-1727917932;bytes=1218578404-1219479880;bytes=1905177880-1906065185;bytes=1722738985-1722836788;bytes=97160198-98062851;bytes=129216603-129323426;bytes=271068061-271165755;bytes=1721618381-1722516742;bytes=75331914-76243159;bytes=1693139227-1693231849;bytes=108956847-109060684;bytes=1858924780-1859054563;bytes=251053473-251149835;bytes=111862688-112758630;bytes=1913536501-1914440354;bytes=104682994-104841492;bytes=210234184-210325115;bytes=631998025-632882356;bytes=13766805-14670925;bytes=520408958-520508740;bytes=866295642-867207380;bytes=467010151-467103932;bytes=243950235-244835070;bytes=205175070-206066377;bytes=323341434-324254586;bytes=72625561-73521220;bytes=458733862-458890133;bytes=279832340-280011509;bytes=129323427-129421907;bytes=107864874-108774691;bytes=19624248-19703507;bytes=264136703-265035310;bytes=491831185-491929018;bytes=82767057-83688363;bytes=499615593-499768365;bytes=1772290338-1772396261;bytes=1366926798-1367041586;bytes=241805302-242709624,d93e3ca0;243d3570;c7b4f8b7;8d570ec4;1669cfdc;9f3d26e9;f27e5a7b;97c58553;b95d77bc;e97eb95f;ce37971f;9adccd81;ee3cba5c;508f4852;30649523;b4305de1;ffbfd262;d2b65c8a;6c64d894;38a002f1;0bc1c3f7;b6cfb903;7982456a;bd8d11d7;7e491bc1;bb864088;7b2852c5;21689fca;996a04f7;34f1ddc2;7d43fb5a;6522744b;5f547a39;73f1ade2;7b337d3a;d19d64fb;0c4a9d66;9157181c;65d3a41f;ed941fb6
5,5,112,success,None,22/Jul/2026:17:08:47.036085,22/Jul/2026:17:08:47.712468,0.6764,20,22/Jul/2026:17:08:47.038129;22/Jul/2026:17:08:46.139048;22/Jul/2026:17:08:46.074880;22/Jul/2026:17:08:46.227148;22/Jul/2026:17:08:45.217888;22/Jul/2026:17:08:47.036914;22/Jul/2026:17:08:46.193729;22/Jul/2026:17:08:45.223622;22/Jul/2026:17:08:45.222161;22/Jul/2026:17:08:45.217276;22/Jul/2026:17:08:46.188255;22/Jul/2026:17:08:47.073611;22/Jul/2026:17:08:45.219722;22/Jul/2026:17:08:47.074262;22/Jul/2026:17:08:33.377035;22/Jul/2026:17:08:30.898365;22/Jul/2026:17:08:46.138456;22/Jul/2026:17:08:46.229493;22/Jul/2026:17:08:41.746940;22/Jul/2026:17:08:46.229814,0.0067;0.9064;0.9726;0.8243;1.8502;0.0500;0.8984;1.8709;1.8809;1.8913;0.9272;0.0422;1.8971;0.1876;13.8882;16.3805;1.1404;1.2606;5.7453;1.2701,bytes=467010151-467103932;bytes=243950235-244835070;bytes=205175070-206066377;bytes=323341434-324254586;bytes=72625561-73521220;bytes=458733862-458890133;bytes=279832340-280011509;bytes=129323427-129421907;bytes=107864874-108774691;bytes=19624248-19703507;bytes=264136703-265035310;bytes=491831185-491929018;bytes=82767057-83688363;bytes=499615593-499768365;bytes=1772290338-1772396261;bytes=1366926798-1367041586;bytes=241805302-242709624;bytes=330775037-331689551;bytes=1279795873-1279988950;bytes=336613849-336701983,bd8d11d7;7e491bc1;bb864088;7b2852c5;21689fca;996a04f7;34f1ddc2;7d43fb5a;6522744b;5f547a39;73f1ade2;7b337d3a;d19d64fb;0c4a9d66;9157181c;65d3a41f;ed941fb6;fe03ce2f;8d28727b;0f0ddfd3
5,5,120,success,None,22/Jul/2026:17:08:47.072725,22/Jul/2026:17:08:47.929992,0.8573,19,22/Jul/2026:17:08:47.036914;22/Jul/2026:17:08:46.193729;22/Jul/2026:17:08:45.223622;22/Jul/2026:17:08:45.222161;22/Jul/2026:17:08:45.217276;22/Jul/2026:17:08:46.188255;22/Jul/2026:17:08:47.073611;22/Jul/2026:17:08:45.219722;22/Jul/2026:17:08:47.074262;22/Jul/2026:17:08:33.377035;22/Jul/2026:17:08:30.898365;22/Jul/2026:17:08:46.138456;22/Jul/2026:17:08:46.229493;22/Jul/2026:17:08:41.746940;22/Jul/2026:17:08:46.229814;22/Jul/2026:17:08:47.248207;22/Jul/2026:17:08:44.963476;22/Jul/2026:17:08:45.225678;22/Jul/2026:17:08:47.038730,0.0500;0.8984;1.8709;1.8809;1.8913;0.9272;0.0422;1.8971;0.1876;13.8882;16.3805;1.1404;1.2606;5.7453;1.2701;0.4719;2.7586;2.4975;0.6945,bytes=458733862-458890133;bytes=279832340-280011509;bytes=129323427-129421907;bytes=107864874-108774691;bytes=19624248-19703507;bytes=264136703-265035310;bytes=491831185-491929018;bytes=82767057-83688363;bytes=499615593-499768365;bytes=1772290338-1772396261;bytes=1366926798-1367041586;bytes=241805302-242709624;bytes=330775037-331689551;bytes=1279795873-1279988950;bytes=336613849-336701983;bytes=518457446-519381679;bytes=1909395906-1910292496;bytes=174165866-174363373;bytes=467516814-468397469,996a04f7;34f1ddc2;7d43fb5a;6522744b;5f547a39;73f1ade2;7b337d3a;d19d64fb;0c4a9d66;9157181c;65d3a41f;ed941fb6;fe03ce2f;8d28727b;0f0ddfd3;b30fd006;e781eadb;4889d5bf;8d1f533f
5,5,134,success,None,22/Jul/2026:17:08:47.484859,22/Jul/2026:17:08:47.995834,0.5110,14,22/Jul/2026:17:08:46.229493;22/Jul/2026:17:08:41.746940;22/Jul/2026:17:08:46.229814;22/Jul/2026:17:08:47.248207;22/Jul/2026:17:08:44.963476;22/Jul/2026:17:08:45.225678;22/Jul/2026:17:08:47.038730;22/Jul/2026:17:08:46.139538;22/Jul/2026:17:08:47.487545;22/Jul/2026:17:08:46.076112;22/Jul/2026:17:08:46.228232;22/Jul/2026:17:08:47.485646;22/Jul/2026:17:08:47.932024;22/Jul/2026:17:08:45.220967,1.2606;5.7453;1.2701;0.4719;2.7586;2.4975;0.6945;1.8008;0.4529;1.8703;1.7256;0.4734;0.0364;2.7512,bytes=330775037-331689551;bytes=1279795873-1279988950;bytes=336613849-336701983;bytes=518457446-519381679;bytes=1909395906-1910292496;bytes=174165866-174363373;bytes=467516814-468397469;bytes=250632731-250784207;bytes=558093136-558993544;bytes=214251222-214424171;bytes=328660519-328837695;bytes=547857233-548739814;bytes=630893869-630990582;bytes=99839545-100736162,fe03ce2f;8d28727b;0f0ddfd3;b30fd006;e781eadb;4889d5bf;8d1f533f;679bb4db;353474a1;46286ec8;e9f90bf3;75e6b32c;6f62bf9c;ea2593d4
5,5,140,success,None,22/Jul/2026:17:08:47.712817,22/Jul/2026:17:08:48.068959,0.3561,14,22/Jul/2026:17:08:47.248207;22/Jul/2026:17:08:44.963476;22/Jul/2026:17:08:45.225678;22/Jul/2026:17:08:47.038730;22/Jul/2026:17:08:46.139538;22/Jul/2026:17:08:47.487545;22/Jul/2026:17:08:46.076112;22/Jul/2026:17:08:46.228232;22/Jul/2026:17:08:47.485646;22/Jul/2026:17:08:47.932024;22/Jul/2026:17:08:45.220967;22/Jul/2026:17:08:47.038922;22/Jul/2026:17:08:47.038201;22/Jul/2026:17:08:47.038269,0.4719;2.7586;2.4975;0.6945;1.8008;0.4529;1.8703;1.7256;0.4734;0.0364;2.7512;0.9647;0.9660;0.9784,bytes=518457446-519381679;bytes=1909395906-1910292496;bytes=174165866-174363373;bytes=467516814-468397469;bytes=250632731-250784207;bytes=558093136-558993544;bytes=214251222-214424171;bytes=328660519-328837695;bytes=547857233-548739814;bytes=630893869-630990582;bytes=99839545-100736162;bytes=470216927-471132377;bytes=463302669-464183329;bytes=464183330-465071913,b30fd006;e781eadb;4889d5bf;8d1f533f;679bb4db;353474a1;46286ec8;e9f90bf3;75e6b32c;6f62bf9c;ea2593d4;2540b9dc;e0068a05;48bae57c
5,5,99,success,None,22/Jul/2026:17:08:46.825257,22/Jul/2026:17:08:48.122337,1.2971,47,22/Jul/2026:17:08:45.221222;22/Jul/2026:17:08:46.075587;22/Jul/2026:17:08:38.287399;22/Jul/2026:17:08:45.216767;22/Jul/2026:17:08:37.612793;22/Jul/2026:17:08:27.849208;22/Jul/2026:17:08:47.038129;22/Jul/2026:17:08:46.139048;22/Jul/2026:17:08:46.074880;22/Jul/2026:17:08:46.227148;22/Jul/2026:17:08:45.217888;22/Jul/2026:17:08:47.036914;22/Jul/2026:17:08:46.193729;22/Jul/2026:17:08:45.223622;22/Jul/2026:17:08:45.222161;22/Jul/2026:17:08:45.217276;22/Jul/2026:17:08:46.188255;22/Jul/2026:17:08:47.073611;22/Jul/2026:17:08:45.219722;22/Jul/2026:17:08:47.074262;22/Jul/2026:17:08:33.377035;22/Jul/2026:17:08:30.898365;22/Jul/2026:17:08:46.138456;22/Jul/2026:17:08:46.229493;22/Jul/2026:17:08:41.746940;22/Jul/2026:17:08:46.229814;22/Jul/2026:17:08:47.248207;22/Jul/2026:17:08:44.963476;22/Jul/2026:17:08:45.225678;22/Jul/2026:17:08:47.038730;22/Jul/2026:17:08:46.139538;22/Jul/2026:17:08:47.487545;22/Jul/2026:17:08:46.076112;22/Jul/2026:17:08:46.228232;22/Jul/2026:17:08:47.485646;22/Jul/2026:17:08:47.932024;22/Jul/2026:17:08:45.220967;22/Jul/2026:17:08:47.038922;22/Jul/2026:17:08:47.038201;22/Jul/2026:17:08:47.038269;22/Jul/2026:17:08:47.075696;22/Jul/2026:17:08:46.257951;22/Jul/2026:17:08:46.257918;22/Jul/2026:17:08:47.075758;22/Jul/2026:17:08:46.257685;22/Jul/2026:17:08:46.228858;22/Jul/2026:17:08:48.073180,1.6135;0.7596;8.5560;1.6278;9.2322;18.9981;0.0067;0.9064;0.9726;0.8243;1.8502;0.0500;0.8984;1.8709;1.8809;1.8913;0.9272;0.0422;1.8971;0.1876;13.8882;16.3805;1.1404;1.2606;5.7453;1.2701;0.4719;2.7586;2.4975;0.6945;1.8008;0.4529;1.8703;1.7256;0.4734;0.0364;2.7512;0.9647;0.9660;0.9784;1.0013;1.8229;1.8238;1.0088;1.8318;1.8739;0.0374,bytes=104682994-104841492;bytes=210234184-210325115;bytes=631998025-632882356;bytes=13766805-14670925;bytes=520408958-520508740;bytes=866295642-867207380;bytes=467010151-467103932;bytes=243950235-244835070;bytes=205175070-206066377;bytes=323341434-324254586;bytes=72625561-73521220;bytes=458733862-458890133;bytes=279832340-280011509;bytes=129323427-129421907;bytes=107864874-108774691;bytes=19624248-19703507;bytes=264136703-265035310;bytes=491831185-491929018;bytes=82767057-83688363;bytes=499615593-499768365;bytes=1772290338-1772396261;bytes=1366926798-1367041586;bytes=241805302-242709624;bytes=330775037-331689551;bytes=1279795873-1279988950;bytes=336613849-336701983;bytes=518457446-519381679;bytes=1909395906-1910292496;bytes=174165866-174363373;bytes=467516814-468397469;bytes=250632731-250784207;bytes=558093136-558993544;bytes=214251222-214424171;bytes=328660519-328837695;bytes=547857233-548739814;bytes=630893869-630990582;bytes=99839545-100736162;bytes=470216927-471132377;bytes=463302669-464183329;bytes=464183330-465071913;bytes=507783748-507862668;bytes=397470085-397604781;bytes=397270077-397470084;bytes=507862669-507935482;bytes=393478533-393564246;bytes=332596750-332696830;bytes=691855839-691953226,d2b65c8a;6c64d894;38a002f1;0bc1c3f7;b6cfb903;7982456a;bd8d11d7;7e491bc1;bb864088;7b2852c5;21689fca;996a04f7;34f1ddc2;7d43fb5a;6522744b;5f547a39;73f1ade2;7b337d3a;d19d64fb;0c4a9d66;9157181c;65d3a41f;ed941fb6;fe03ce2f;8d28727b;0f0ddfd3;b30fd006;e781eadb;4889d5bf;8d1f533f;679bb4db;353474a1;46286ec8;e9f90bf3;75e6b32c;6f62bf9c;ea2593d4;2540b9dc;e0068a05;48bae57c;33ff9358;14eefdf9;29ca2729;052a535d;1a537e22;fa7f6783;ee446b1f
5,5,126,success,None,22/Jul/2026:17:08:47.246039,22/Jul/2026:17:08:48.125867,0.8798,28,22/Jul/2026:17:08:47.074262;22/Jul/2026:17:08:33.377035;22/Jul/2026:17:08:30.898365;22/Jul/2026:17:08:46.138456;22/Jul/2026:17:08:46.229493;22/Jul/2026:17:08:41.746940;22/Jul/2026:17:08:46.229814;22/Jul/2026:17:08:47.248207;22/Jul/2026:17:08:44.963476;22/Jul/2026:17:08:45.225678;22/Jul/2026:17:08:47.038730;22/Jul/2026:17:08:46.139538;22/Jul/2026:17:08:47.487545;22/Jul/2026:17:08:46.076112;22/Jul/2026:17:08:46.228232;22/Jul/2026:17:08:47.485646;22/Jul/2026:17:08:47.932024;22/Jul/2026:17:08:45.220967;22/Jul/2026:17:08:47.038922;22/Jul/2026:17:08:47.038201;22/Jul/2026:17:08:47.038269;22/Jul/2026:17:08:47.075696;22/Jul/2026:17:08:46.257951;22/Jul/2026:17:08:46.257918;22/Jul/2026:17:08:47.075758;22/Jul/2026:17:08:46.257685;22/Jul/2026:17:08:46.228858;22/Jul/2026:17:08:48.073180,0.1876;13.8882;16.3805;1.1404;1.2606;5.7453;1.2701;0.4719;2.7586;2.4975;0.6945;1.8008;0.4529;1.8703;1.7256;0.4734;0.0364;2.7512;0.9647;0.9660;0.9784;1.0013;1.8229;1.8238;1.0088;1.8318;1.8739;0.0374,bytes=499615593-499768365;bytes=1772290338-1772396261;bytes=1366926798-1367041586;bytes=241805302-242709624;bytes=330775037-331689551;bytes=1279795873-1279988950;bytes=336613849-336701983;bytes=518457446-519381679;bytes=1909395906-1910292496;bytes=174165866-174363373;bytes=467516814-468397469;bytes=250632731-250784207;bytes=558093136-558993544;bytes=214251222-214424171;bytes=328660519-328837695;bytes=547857233-548739814;bytes=630893869-630990582;bytes=99839545-100736162;bytes=470216927-471132377;bytes=463302669-464183329;bytes=464183330-465071913;bytes=507783748-507862668;bytes=397470085-397604781;bytes=397270077-397470084;bytes=507862669-507935482;bytes=393478533-393564246;bytes=332596750-332696830;bytes=691855839-691953226,0c4a9d66;9157181c;65d3a41f;ed941fb6;fe03ce2f;8d28727b;0f0ddfd3;b30fd006;e781eadb;4889d5bf;8d1f533f;679bb4db;353474a1;46286ec8;e9f90bf3;75e6b32c;6f62bf9c;ea2593d4;2540b9dc;e0068a05;48bae57c;33ff9358;14eefdf9;29ca2729;052a535d;1a537e22;fa7f6783;ee446b1f
5,5,153,success,None,22/Jul/2026:17:08:47.930359,22/Jul/2026:17:08:48.785512,0.8551,19,22/Jul/2026:17:08:46.139538;22/Jul/2026:17:08:47.487545;22/Jul/2026:17:08:46.076112;22/Jul/2026:17:08:46.228232;22/Jul/2026:17:08:47.485646;22/Jul/2026:17:08:47.932024;22/Jul/2026:17:08:45.220967;22/Jul/2026:17:08:47.038922;22/Jul/2026:17:08:47.038201;22/Jul/2026:17:08:47.038269;22/Jul/2026:17:08:47.075696;22/Jul/2026:17:08:46.257951;22/Jul/2026:17:08:46.257918;22/Jul/2026:17:08:47.075758;22/Jul/2026:17:08:46.257685;22/Jul/2026:17:08:46.228858;22/Jul/2026:17:08:48.073180;22/Jul/2026:17:08:28.693367;22/Jul/2026:17:08:48.129193,1.8008;0.4529;1.8703;1.7256;0.4734;0.0364;2.7512;0.9647;0.9660;0.9784;1.0013;1.8229;1.8238;1.0088;1.8318;1.8739;0.0374;19.5291;0.0988,bytes=250632731-250784207;bytes=558093136-558993544;bytes=214251222-214424171;bytes=328660519-328837695;bytes=547857233-548739814;bytes=630893869-630990582;bytes=99839545-100736162;bytes=470216927-471132377;bytes=463302669-464183329;bytes=464183330-465071913;bytes=507783748-507862668;bytes=397470085-397604781;bytes=397270077-397470084;bytes=507862669-507935482;bytes=393478533-393564246;bytes=332596750-332696830;bytes=691855839-691953226;bytes=983027211-983145168;bytes=765794577-765984714,679bb4db;353474a1;46286ec8;e9f90bf3;75e6b32c;6f62bf9c;ea2593d4;2540b9dc;e0068a05;48bae57c;33ff9358;14eefdf9;29ca2729;052a535d;1a537e22;fa7f6783;ee446b1f;609aab16;05e7601e
5,5,167,success,None,22/Jul/2026:17:08:48.069313,22/Jul/2026:17:08:48.924219,0.8549,16,22/Jul/2026:17:08:47.075696;22/Jul/2026:17:08:46.257951;22/Jul/2026:17:08:46.257918;22/Jul/2026:17:08:47.075758;22/Jul/2026:17:08:46.257685;22/Jul/2026:17:08:46.228858;22/Jul/2026:17:08:48.073180;22/Jul/2026:17:08:28.693367;22/Jul/2026:17:08:48.129193;22/Jul/2026:17:08:46.139810;22/Jul/2026:17:08:47.038333;22/Jul/2026:17:08:47.713802;22/Jul/2026:17:08:47.249167;22/Jul/2026:17:08:47.073322;22/Jul/2026:17:08:46.825895;22/Jul/2026:17:08:48.787793,1.0013;1.8229;1.8238;1.0088;1.8318;1.8739;0.0374;19.5291;0.0988;2.6563;1.7581;1.0835;1.5485;1.7249;1.9762;0.0222,bytes=507783748-507862668;bytes=397470085-397604781;bytes=397270077-397470084;bytes=507862669-507935482;bytes=393478533-393564246;bytes=332596750-332696830;bytes=691855839-691953226;bytes=983027211-983145168;bytes=765794577-765984714;bytes=247957533-248837276;bytes=465071914-466000761;bytes=573644371-573813792;bytes=528627516-528731142;bytes=488767978-489647174;bytes=403586491-404505880;bytes=801938757-802021125,33ff9358;14eefdf9;29ca2729;052a535d;1a537e22;fa7f6783;ee446b1f;609aab16;05e7601e;be8fec3a;3ff1dc7c;b12bb37e;9443f068;b5821ad0;2a1c511b;0d27e9fe
5,5,161,success,None,22/Jul/2026:17:08:47.996188,22/Jul/2026:17:08:48.938909,0.9427,23,22/Jul/2026:17:08:47.038922;22/Jul/2026:17:08:47.038201;22/Jul/2026:17:08:47.038269;22/Jul/2026:17:08:47.075696;22/Jul/2026:17:08:46.257951;22/Jul/2026:17:08:46.257918;22/Jul/2026:17:08:47.075758;22/Jul/2026:17:08:46.257685;22/Jul/2026:17:08:46.228858;22/Jul/2026:17:08:48.073180;22/Jul/2026:17:08:28.693367;22/Jul/2026:17:08:48.129193;22/Jul/2026:17:08:46.139810;22/Jul/2026:17:08:47.038333;22/Jul/2026:17:08:47.713802;22/Jul/2026:17:08:47.249167;22/Jul/2026:17:08:47.073322;22/Jul/2026:17:08:46.825895;22/Jul/2026:17:08:48.787793;22/Jul/2026:17:08:33.858224;22/Jul/2026:17:08:48.787670;22/Jul/2026:17:08:48.129338;22/Jul/2026:17:08:46.138843,0.9647;0.9660;0.9784;1.0013;1.8229;1.8238;1.0088;1.8318;1.8739;0.0374;19.5291;0.0988;2.6563;1.7581;1.0835;1.5485;1.7249;1.9762;0.0222;15.0737;0.1443;0.8037;2.7955,bytes=470216927-471132377;bytes=463302669-464183329;bytes=464183330-465071913;bytes=507783748-507862668;bytes=397470085-397604781;bytes=397270077-397470084;bytes=507862669-507935482;bytes=393478533-393564246;bytes=332596750-332696830;bytes=691855839-691953226;bytes=983027211-983145168;bytes=765794577-765984714;bytes=247957533-248837276;bytes=465071914-466000761;bytes=573644371-573813792;bytes=528627516-528731142;bytes=488767978-489647174;bytes=403586491-404505880;bytes=801938757-802021125;bytes=1833995286-1834076348;bytes=798125794-798223019;bytes=769788690-769898910;bytes=246739263-246877761,2540b9dc;e0068a05;48bae57c;33ff9358;14eefdf9;29ca2729;052a535d;1a537e22;fa7f6783;ee446b1f;609aab16;05e7601e;be8fec3a;3ff1dc7c;b12bb37e;9443f068;b5821ad0;2a1c511b;0d27e9fe;2f8d6af6;9d64f7d9;4648c353;8127e2da
5,5,186,success,None,22/Jul/2026:17:08:48.126181,22/Jul/2026:17:08:49.105162,0.9790,19,22/Jul/2026:17:08:28.693367;22/Jul/2026:17:08:48.129193;22/Jul/2026:17:08:46.139810;22/Jul/2026:17:08:47.038333;22/Jul/2026:17:08:47.713802;22/Jul/2026:17:08:47.249167;22/Jul/2026:17:08:47.073322;22/Jul/2026:17:08:46.825895;22/Jul/2026:17:08:48.787793;22/Jul/2026:17:08:33.858224;22/Jul/2026:17:08:48.787670;22/Jul/2026:17:08:48.129338;22/Jul/2026:17:08:46.138843;22/Jul/2026:17:08:48.129543;22/Jul/2026:17:08:47.997549;22/Jul/2026:17:08:48.128173;22/Jul/2026:17:08:48.926466;22/Jul/2026:17:08:48.926840;22/Jul/2026:17:08:46.193170,19.5291;0.0988;2.6563;1.7581;1.0835;1.5485;1.7249;1.9762;0.0222;15.0737;0.1443;0.8037;2.7955;0.8104;0.9453;0.8268;0.0481;0.0479;2.7846,bytes=983027211-983145168;bytes=765794577-765984714;bytes=247957533-248837276;bytes=465071914-466000761;bytes=573644371-573813792;bytes=528627516-528731142;bytes=488767978-489647174;bytes=403586491-404505880;bytes=801938757-802021125;bytes=1833995286-1834076348;bytes=798125794-798223019;bytes=769788690-769898910;bytes=246739263-246877761;bytes=767083998-767964456;bytes=658069611-658970859;bytes=757708077-758605299;bytes=872425440-872542443;bytes=872623963-872733771;bytes=277624151-278545403,609aab16;05e7601e;be8fec3a;3ff1dc7c;b12bb37e;9443f068;b5821ad0;2a1c511b;0d27e9fe;2f8d6af6;9d64f7d9;4648c353;8127e2da;6c29ec1d;c4e4c589;e30d05c5;6b953c10;8a947857;fb227bc6
5,5,180,success,None,22/Jul/2026:17:08:48.122708,22/Jul/2026:17:08:49.168974,1.0463,24,22/Jul/2026:17:08:28.693367;22/Jul/2026:17:08:48.129193;22/Jul/2026:17:08:46.139810;22/Jul/2026:17:08:47.038333;22/Jul/2026:17:08:47.713802;22/Jul/2026:17:08:47.249167;22/Jul/2026:17:08:47.073322;22/Jul/2026:17:08:46.825895;22/Jul/2026:17:08:48.787793;22/Jul/2026:17:08:33.858224;22/Jul/2026:17:08:48.787670;22/Jul/2026:17:08:48.129338;22/Jul/2026:17:08:46.138843;22/Jul/2026:17:08:48.129543;22/Jul/2026:17:08:47.997549;22/Jul/2026:17:08:48.128173;22/Jul/2026:17:08:48.926466;22/Jul/2026:17:08:48.926840;22/Jul/2026:17:08:46.193170;22/Jul/2026:17:08:19.151011;22/Jul/2026:17:08:47.715148;22/Jul/2026:17:08:45.217750;22/Jul/2026:17:08:46.189751;22/Jul/2026:17:08:48.071695,19.5291;0.0988;2.6563;1.7581;1.0835;1.5485;1.7249;1.9762;0.0222;15.0737;0.1443;0.8037;2.7955;0.8104;0.9453;0.8268;0.0481;0.0479;2.7846;29.9640;1.4017;3.9041;2.9397;1.0596,bytes=983027211-983145168;bytes=765794577-765984714;bytes=247957533-248837276;bytes=465071914-466000761;bytes=573644371-573813792;bytes=528627516-528731142;bytes=488767978-489647174;bytes=403586491-404505880;bytes=801938757-802021125;bytes=1833995286-1834076348;bytes=798125794-798223019;bytes=769788690-769898910;bytes=246739263-246877761;bytes=767083998-767964456;bytes=658069611-658970859;bytes=757708077-758605299;bytes=872425440-872542443;bytes=872623963-872733771;bytes=277624151-278545403;bytes=1585918830-1586030133;bytes=585679501-585771585;bytes=76243160-76333742;bytes=271452928-271664797;bytes=687609820-687686345,609aab16;05e7601e;be8fec3a;3ff1dc7c;b12bb37e;9443f068;b5821ad0;2a1c511b;0d27e9fe;2f8d6af6;9d64f7d9;4648c353;8127e2da;6c29ec1d;c4e4c589;e30d05c5;6b953c10;8a947857;fb227bc6;8f07528a;8f8c3a26;a6ad0314;571e4531;f9145539
5,5,193,success,None,22/Jul/2026:17:08:48.785819,22/Jul/2026:17:08:49.792360,1.0065,26,22/Jul/2026:17:08:46.139810;22/Jul/2026:17:08:47.038333;22/Jul/2026:17:08:47.713802;22/Jul/2026:17:08:47.249167;22/Jul/2026:17:08:47.073322;22/Jul/2026:17:08:46.825895;22/Jul/2026:17:08:48.787793;22/Jul/2026:17:08:33.858224;22/Jul/2026:17:08:48.787670;22/Jul/2026:17:08:48.129338;22/Jul/2026:17:08:46.138843;22/Jul/2026:17:08:48.129543;22/Jul/2026:17:08:47.997549;22/Jul/2026:17:08:48.128173;22/Jul/2026:17:08:48.926466;22/Jul/2026:17:08:48.926840;22/Jul/2026:17:08:46.193170;22/Jul/2026:17:08:19.151011;22/Jul/2026:17:08:47.715148;22/Jul/2026:17:08:45.217750;22/Jul/2026:17:08:46.189751;22/Jul/2026:17:08:48.071695;22/Jul/2026:17:08:48.927441;22/Jul/2026:17:08:48.788111;22/Jul/2026:17:08:49.109435;22/Jul/2026:17:08:49.108645,2.6563;1.7581;1.0835;1.5485;1.7249;1.9762;0.0222;15.0737;0.1443;0.8037;2.7955;0.8104;0.9453;0.8268;0.0481;0.0479;2.7846;29.9640;1.4017;3.9041;2.9397;1.0596;0.2532;0.3934;0.0721;0.0939,bytes=247957533-248837276;bytes=465071914-466000761;bytes=573644371-573813792;bytes=528627516-528731142;bytes=488767978-489647174;bytes=403586491-404505880;bytes=801938757-802021125;bytes=1833995286-1834076348;bytes=798125794-798223019;bytes=769788690-769898910;bytes=246739263-246877761;bytes=767083998-767964456;bytes=658069611-658970859;bytes=757708077-758605299;bytes=872425440-872542443;bytes=872623963-872733771;bytes=277624151-278545403;bytes=1585918830-1586030133;bytes=585679501-585771585;bytes=76243160-76333742;bytes=271452928-271664797;bytes=687609820-687686345;bytes=876555465-876650552;bytes=798323845-799227186;bytes=921984859-922113373;bytes=921862906-921984858,be8fec3a;3ff1dc7c;b12bb37e;9443f068;b5821ad0;2a1c511b;0d27e9fe;2f8d6af6;9d64f7d9;4648c353;8127e2da;6c29ec1d;c4e4c589;e30d05c5;6b953c10;8a947857;fb227bc6;8f07528a;8f8c3a26;a6ad0314;571e4531;f9145539;c612ced0;1e1f0b85;b387cb7b;5b1cdae6
5,5,211,success,None,22/Jul/2026:17:08:48.924559,22/Jul/2026:17:08:49.863329,0.9388,27,22/Jul/2026:17:08:33.858224;22/Jul/2026:17:08:48.787670;22/Jul/2026:17:08:48.129338;22/Jul/2026:17:08:46.138843;22/Jul/2026:17:08:48.129543;22/Jul/2026:17:08:47.997549;22/Jul/2026:17:08:48.128173;22/Jul/2026:17:08:48.926466;22/Jul/2026:17:08:48.926840;22/Jul/2026:17:08:46.193170;22/Jul/2026:17:08:19.151011;22/Jul/2026:17:08:47.715148;22/Jul/2026:17:08:45.217750;22/Jul/2026:17:08:46.189751;22/Jul/2026:17:08:48.071695;22/Jul/2026:17:08:48.927441;22/Jul/2026:17:08:48.788111;22/Jul/2026:17:08:49.109435;22/Jul/2026:17:08:49.108645;22/Jul/2026:17:08:03.506379;22/Jul/2026:17:08:45.222573;22/Jul/2026:17:08:49.171029;22/Jul/2026:17:08:47.930832;22/Jul/2026:17:08:47.997995;22/Jul/2026:17:08:47.714209;22/Jul/2026:17:08:46.826394;22/Jul/2026:17:08:48.786804,15.0737;0.1443;0.8037;2.7955;0.8104;0.9453;0.8268;0.0481;0.0479;2.7846;29.9640;1.4017;3.9041;2.9397;1.0596;0.2532;0.3934;0.0721;0.0939;46.2954;4.5875;0.6413;1.8955;1.8284;2.1132;3.0185;1.0591,bytes=1833995286-1834076348;bytes=798125794-798223019;bytes=769788690-769898910;bytes=246739263-246877761;bytes=767083998-767964456;bytes=658069611-658970859;bytes=757708077-758605299;bytes=872425440-872542443;bytes=872623963-872733771;bytes=277624151-278545403;bytes=1585918830-1586030133;bytes=585679501-585771585;bytes=76243160-76333742;bytes=271452928-271664797;bytes=687609820-687686345;bytes=876555465-876650552;bytes=798323845-799227186;bytes=921984859-922113373;bytes=921862906-921984858;bytes=1809663538-1809837643;bytes=112848800-112934026;bytes=946152956-947055887;bytes=623075492-623981965;bytes=659554982-660448532;bytes=575791287-576711568;bytes=409357835-409439357;bytes=794095039-794177964,2f8d6af6;9d64f7d9;4648c353;8127e2da;6c29ec1d;c4e4c589;e30d05c5;6b953c10;8a947857;fb227bc6;8f07528a;8f8c3a26;a6ad0314;571e4531;f9145539;c612ced0;1e1f0b85;b387cb7b;5b1cdae6;c7954a30;6b978b21;ac7019fd;405e54c1;589f287c;ca7f3751;0f7841db;e5047372
5,5,217,success,None,22/Jul/2026:17:08:48.939268,22/Jul/2026:17:08:49.921705,0.9824,32,22/Jul/2026:17:08:48.129543;22/Jul/2026:17:08:47.997549;22/Jul/2026:17:08:48.128173;22/Jul/2026:17:08:48.926466;22/Jul/2026:17:08:48.926840;22/Jul/2026:17:08:46.193170;22/Jul/2026:17:08:19.151011;22/Jul/2026:17:08:47.715148;22/Jul/2026:17:08:45.217750;22/Jul/2026:17:08:46.189751;22/Jul/2026:17:08:48.071695;22/Jul/2026:17:08:48.927441;22/Jul/2026:17:08:48.788111;22/Jul/2026:17:08:49.109435;22/Jul/2026:17:08:49.108645;22/Jul/2026:17:08:03.506379;22/Jul/2026:17:08:45.222573;22/Jul/2026:17:08:49.171029;22/Jul/2026:17:08:47.930832;22/Jul/2026:17:08:47.997995;22/Jul/2026:17:08:47.714209;22/Jul/2026:17:08:46.826394;22/Jul/2026:17:08:48.786804;22/Jul/2026:17:08:45.223288;22/Jul/2026:17:08:47.714077;22/Jul/2026:17:08:47.714008;22/Jul/2026:17:08:47.931744;22/Jul/2026:17:08:47.933536;22/Jul/2026:17:08:46.228336;22/Jul/2026:17:08:49.795494;22/Jul/2026:17:08:49.795634;22/Jul/2026:17:08:49.793322,0.8104;0.9453;0.8268;0.0481;0.0479;2.7846;29.9640;1.4017;3.9041;2.9397;1.0596;0.2532;0.3934;0.0721;0.0939;46.2954;4.5875;0.6413;1.8955;1.8284;2.1132;3.0185;1.0591;4.6536;2.1636;2.1639;1.9525;1.9553;3.6652;0.1048;0.1053;0.1203,bytes=767083998-767964456;bytes=658069611-658970859;bytes=757708077-758605299;bytes=872425440-872542443;bytes=872623963-872733771;bytes=277624151-278545403;bytes=1585918830-1586030133;bytes=585679501-585771585;bytes=76243160-76333742;bytes=271452928-271664797;bytes=687609820-687686345;bytes=876555465-876650552;bytes=798323845-799227186;bytes=921984859-922113373;bytes=921862906-921984858;bytes=1809663538-1809837643;bytes=112848800-112934026;bytes=946152956-947055887;bytes=623075492-623981965;bytes=659554982-660448532;bytes=575791287-576711568;bytes=409357835-409439357;bytes=794095039-794177964;bytes=122309906-123201471;bytes=574007591-574904207;bytes=577712978-577821803;bytes=627102779-628008708;bytes=635051502-635947503;bytes=328837696-328995603;bytes=979126105-979222678;bytes=982868602-983027210;bytes=965756734-966664808,6c29ec1d;c4e4c589;e30d05c5;6b953c10;8a947857;fb227bc6;8f07528a;8f8c3a26;a6ad0314;571e4531;f9145539;c612ced0;1e1f0b85;b387cb7b;5b1cdae6;c7954a30;6b978b21;ac7019fd;405e54c1;589f287c;ca7f3751;0f7841db;e5047372;06606d13;122786d5;8c0d870b;18e8b56d;9ae7531b;cdb45d66;1369f04d;515449d7;49b07469
5,5,223,success,None,22/Jul/2026:17:08:49.105669,22/Jul/2026:17:08:49.980828,0.8752,33,22/Jul/2026:17:08:19.151011;22/Jul/2026:17:08:47.715148;22/Jul/2026:17:08:45.217750;22/Jul/2026:17:08:46.189751;22/Jul/2026:17:08:48.071695;22/Jul/2026:17:08:48.927441;22/Jul/2026:17:08:48.788111;22/Jul/2026:17:08:49.109435;22/Jul/2026:17:08:49.108645;22/Jul/2026:17:08:03.506379;22/Jul/2026:17:08:45.222573;22/Jul/2026:17:08:49.171029;22/Jul/2026:17:08:47.930832;22/Jul/2026:17:08:47.997995;22/Jul/2026:17:08:47.714209;22/Jul/2026:17:08:46.826394;22/Jul/2026:17:08:48.786804;22/Jul/2026:17:08:45.223288;22/Jul/2026:17:08:47.714077;22/Jul/2026:17:08:47.714008;22/Jul/2026:17:08:47.931744;22/Jul/2026:17:08:47.933536;22/Jul/2026:17:08:46.228336;22/Jul/2026:17:08:49.795494;22/Jul/2026:17:08:49.795634;22/Jul/2026:17:08:49.793322;22/Jul/2026:17:08:48.786199;22/Jul/2026:17:08:46.226476;22/Jul/2026:17:08:47.931244;22/Jul/2026:17:08:30.899152;22/Jul/2026:17:08:46.827023;22/Jul/2026:17:08:49.110204;22/Jul/2026:17:08:49.923976,29.9640;1.4017;3.9041;2.9397;1.0596;0.2532;0.3934;0.0721;0.0939;46.2954;4.5875;0.6413;1.8955;1.8284;2.1132;3.0185;1.0591;4.6536;2.1636;2.1639;1.9525;1.9553;3.6652;0.1048;0.1053;0.1203;1.1480;3.7080;2.0050;19.0603;3.1326;0.8565;0.0535,bytes=1585918830-1586030133;bytes=585679501-585771585;bytes=76243160-76333742;bytes=271452928-271664797;bytes=687609820-687686345;bytes=876555465-876650552;bytes=798323845-799227186;bytes=921984859-922113373;bytes=921862906-921984858;bytes=1809663538-1809837643;bytes=112848800-112934026;bytes=946152956-947055887;bytes=623075492-623981965;bytes=659554982-660448532;bytes=575791287-576711568;bytes=409357835-409439357;bytes=794095039-794177964;bytes=122309906-123201471;bytes=574007591-574904207;bytes=577712978-577821803;bytes=627102779-628008708;bytes=635051502-635947503;bytes=328837696-328995603;bytes=979126105-979222678;bytes=982868602-983027210;bytes=965756734-966664808;bytes=786402018-787296380;bytes=320471548-320668842;bytes=625779422-626678676;bytes=1371186798-1372099400;bytes=413613256-413698894;bytes=924025960-924935721;bytes=1044733553-1044835500,8f07528a;8f8c3a26;a6ad0314;571e4531;f9145539;c612ced0;1e1f0b85;b387cb7b;5b1cdae6;c7954a30;6b978b21;ac7019fd;405e54c1;589f287c;ca7f3751;0f7841db;e5047372;06606d13;122786d5;8c0d870b;18e8b56d;9ae7531b;cdb45d66;1369f04d;515449d7;49b07469;2da1cfa2;d7a28a8d;d3b33be5;d14026ce;c1214fbe;8df08e6f;01635b90
5,5,230,success,None,22/Jul/2026:17:08:49.169310,22/Jul/2026:17:08:50.092225,0.9229,30,22/Jul/2026:17:08:48.927441;22/Jul/2026:17:08:48.788111;22/Jul/2026:17:08:49.109435;22/Jul/2026:17:08:49.108645;22/Jul/2026:17:08:03.506379;22/Jul/2026:17:08:45.222573;22/Jul/2026:17:08:49.171029;22/Jul/2026:17:08:47.930832;22/Jul/2026:17:08:47.997995;22/Jul/2026:17:08:47.714209;22/Jul/2026:17:08:46.826394;22/Jul/2026:17:08:48.786804;22/Jul/2026:17:08:45.223288;22/Jul/2026:17:08:47.714077;22/Jul/2026:17:08:47.714008;22/Jul/2026:17:08:47.931744;22/Jul/2026:17:08:47.933536;22/Jul/2026:17:08:46.228336;22/Jul/2026:17:08:49.795494;22/Jul/2026:17:08:49.795634;22/Jul/2026:17:08:49.793322;22/Jul/2026:17:08:48.786199;22/Jul/2026:17:08:46.226476;22/Jul/2026:17:08:47.931244;22/Jul/2026:17:08:30.899152;22/Jul/2026:17:08:46.827023;22/Jul/2026:17:08:49.110204;22/Jul/2026:17:08:49.923976;22/Jul/2026:17:08:45.224300;22/Jul/2026:17:08:49.171157,0.2532;0.3934;0.0721;0.0939;46.2954;4.5875;0.6413;1.8955;1.8284;2.1132;3.0185;1.0591;4.6536;2.1636;2.1639;1.9525;1.9553;3.6652;0.1048;0.1053;0.1203;1.1480;3.7080;2.0050;19.0603;3.1326;0.8565;0.0535;4.7710;0.8476,bytes=876555465-876650552;bytes=798323845-799227186;bytes=921984859-922113373;bytes=921862906-921984858;bytes=1809663538-1809837643;bytes=112848800-112934026;bytes=946152956-947055887;bytes=623075492-623981965;bytes=659554982-660448532;bytes=575791287-576711568;bytes=409357835-409439357;bytes=794095039-794177964;bytes=122309906-123201471;bytes=574007591-574904207;bytes=577712978-577821803;bytes=627102779-628008708;bytes=635051502-635947503;bytes=328837696-328995603;bytes=979126105-979222678;bytes=982868602-983027210;bytes=965756734-966664808;bytes=786402018-787296380;bytes=320471548-320668842;bytes=625779422-626678676;bytes=1371186798-1372099400;bytes=413613256-413698894;bytes=924025960-924935721;bytes=1044733553-1044835500;bytes=137561855-137658424;bytes=947954488-948878951,c612ced0;1e1f0b85;b387cb7b;5b1cdae6;c7954a30;6b978b21;ac7019fd;405e54c1;589f287c;ca7f3751;0f7841db;e5047372;06606d13;122786d5;8c0d870b;18e8b56d;9ae7531b;cdb45d66;1369f04d;515449d7;49b07469;2da1cfa2;d7a28a8d;d3b33be5;d14026ce;c1214fbe;8df08e6f;01635b90;7efcc137;eaeac2bf
5,5,243,success,None,22/Jul/2026:17:08:49.863692,22/Jul/2026:17:08:50.633560,0.7699,22,22/Jul/2026:17:08:45.223288;22/Jul/2026:17:08:47.714077;22/Jul/2026:17:08:47.714008;22/Jul/2026:17:08:47.931744;22/Jul/2026:17:08:47.933536;22/Jul/2026:17:08:46.228336;22/Jul/2026:17:08:49.795494;22/Jul/2026:17:08:49.795634;22/Jul/2026:17:08:49.793322;22/Jul/2026:17:08:48.786199;22/Jul/2026:17:08:46.226476;22/Jul/2026:17:08:47.931244;22/Jul/2026:17:08:30.899152;22/Jul/2026:17:08:46.827023;22/Jul/2026:17:08:49.110204;22/Jul/2026:17:08:49.923976;22/Jul/2026:17:08:45.224300;22/Jul/2026:17:08:49.171157;22/Jul/2026:17:08:49.983922;22/Jul/2026:17:08:48.071915;22/Jul/2026:17:08:49.170825;22/Jul/2026:17:08:49.170342,4.6536;2.1636;2.1639;1.9525;1.9553;3.6652;0.1048;0.1053;0.1203;1.1480;3.7080;2.0050;19.0603;3.1326;0.8565;0.0535;4.7710;0.8476;0.1204;2.0330;0.9399;0.9413,bytes=122309906-123201471;bytes=574007591-574904207;bytes=577712978-577821803;bytes=627102779-628008708;bytes=635051502-635947503;bytes=328837696-328995603;bytes=979126105-979222678;bytes=982868602-983027210;bytes=965756734-966664808;bytes=786402018-787296380;bytes=320471548-320668842;bytes=625779422-626678676;bytes=1371186798-1372099400;bytes=413613256-413698894;bytes=924025960-924935721;bytes=1044733553-1044835500;bytes=137561855-137658424;bytes=947954488-948878951;bytes=1098154947-1098238897;bytes=683956836-684851507;bytes=946040322-946152955;bytes=945756148-945853379,06606d13;122786d5;8c0d870b;18e8b56d;9ae7531b;cdb45d66;1369f04d;515449d7;49b07469;2da1cfa2;d7a28a8d;d3b33be5;d14026ce;c1214fbe;8df08e6f;01635b90;7efcc137;eaeac2bf;a6dd9b52;0c6cc25d;3925fd3f;687b52aa
5,5,236,success,None,22/Jul/2026:17:08:49.792668,22/Jul/2026:17:08:50.675749,0.8831,39,22/Jul/2026:17:08:03.506379;22/Jul/2026:17:08:45.222573;22/Jul/2026:17:08:49.171029;22/Jul/2026:17:08:47.930832;22/Jul/2026:17:08:47.997995;22/Jul/2026:17:08:47.714209;22/Jul/2026:17:08:46.826394;22/Jul/2026:17:08:48.786804;22/Jul/2026:17:08:45.223288;22/Jul/2026:17:08:47.714077;22/Jul/2026:17:08:47.714008;22/Jul/2026:17:08:47.931744;22/Jul/2026:17:08:47.933536;22/Jul/2026:17:08:46.228336;22/Jul/2026:17:08:49.795494;22/Jul/2026:17:08:49.795634;22/Jul/2026:17:08:49.793322;22/Jul/2026:17:08:48.786199;22/Jul/2026:17:08:46.226476;22/Jul/2026:17:08:47.931244;22/Jul/2026:17:08:30.899152;22/Jul/2026:17:08:46.827023;22/Jul/2026:17:08:49.110204;22/Jul/2026:17:08:49.923976;22/Jul/2026:17:08:45.224300;22/Jul/2026:17:08:49.171157;22/Jul/2026:17:08:49.983922;22/Jul/2026:17:08:48.071915;22/Jul/2026:17:08:49.170825;22/Jul/2026:17:08:49.170342;22/Jul/2026:17:08:50.095399;22/Jul/2026:17:08:47.714522;22/Jul/2026:17:08:49.795429;22/Jul/2026:17:08:49.866308;22/Jul/2026:17:08:49.794346;22/Jul/2026:17:08:47.074325;22/Jul/2026:17:08:49.107988;22/Jul/2026:17:08:49.794668;22/Jul/2026:17:08:45.224013,46.2954;4.5875;0.6413;1.8955;1.8284;2.1132;3.0185;1.0591;4.6536;2.1636;2.1639;1.9525;1.9553;3.6652;0.1048;0.1053;0.1203;1.1480;3.7080;2.0050;19.0603;3.1326;0.8565;0.0535;4.7710;0.8476;0.1204;2.0330;0.9399;0.9413;0.5479;2.9308;0.8508;0.7835;0.8565;3.5765;1.5432;0.8594;5.4403,bytes=1809663538-1809837643;bytes=112848800-112934026;bytes=946152956-947055887;bytes=623075492-623981965;bytes=659554982-660448532;bytes=575791287-576711568;bytes=409357835-409439357;bytes=794095039-794177964;bytes=122309906-123201471;bytes=574007591-574904207;bytes=577712978-577821803;bytes=627102779-628008708;bytes=635051502-635947503;bytes=328837696-328995603;bytes=979126105-979222678;bytes=982868602-983027210;bytes=965756734-966664808;bytes=786402018-787296380;bytes=320471548-320668842;bytes=625779422-626678676;bytes=1371186798-1372099400;bytes=413613256-413698894;bytes=924025960-924935721;bytes=1044733553-1044835500;bytes=137561855-137658424;bytes=947954488-948878951;bytes=1098154947-1098238897;bytes=683956836-684851507;bytes=946040322-946152955;bytes=945756148-945853379;bytes=1140888094-1141785308;bytes=577972885-578115999;bytes=978040157-978943090;bytes=1003611198-1003818588;bytes=971076047-971200230;bytes=499768366-499927246;bytes=913976410-914849595;bytes=972245079-973130604;bytes=131568699-132484979,c7954a30;6b978b21;ac7019fd;405e54c1;589f287c;ca7f3751;0f7841db;e5047372;06606d13;122786d5;8c0d870b;18e8b56d;9ae7531b;cdb45d66;1369f04d;515449d7;49b07469;2da1cfa2;d7a28a8d;d3b33be5;d14026ce;c1214fbe;8df08e6f;01635b90;7efcc137;eaeac2bf;a6dd9b52;0c6cc25d;3925fd3f;687b52aa;e35e3fa0;67f13ed3;c43f3672;4cb102e4;1158e37f;b7074a2a;ae568d7b;78f338fd;55fbd371
5,5,264,success,None,22/Jul/2026:17:08:49.981165,22/Jul/2026:17:08:50.868776,0.8876,21,22/Jul/2026:17:08:45.224300;22/Jul/2026:17:08:49.171157;22/Jul/2026:17:08:49.983922;22/Jul/2026:17:08:48.071915;22/Jul/2026:17:08:49.170825;22/Jul/2026:17:08:49.170342;22/Jul/2026:17:08:50.095399;22/Jul/2026:17:08:47.714522;22/Jul/2026:17:08:49.795429;22/Jul/2026:17:08:49.866308;22/Jul/2026:17:08:49.794346;22/Jul/2026:17:08:47.074325;22/Jul/2026:17:08:49.107988;22/Jul/2026:17:08:49.794668;22/Jul/2026:17:08:45.224013;22/Jul/2026:17:08:50.637313;22/Jul/2026:17:08:46.191872;22/Jul/2026:17:08:49.793161;22/Jul/2026:17:08:48.788483;22/Jul/2026:17:08:49.926365;22/Jul/2026:17:08:50.678943,4.7710;0.8476;0.1204;2.0330;0.9399;0.9413;0.5479;2.9308;0.8508;0.7835;0.8565;3.5765;1.5432;0.8594;5.4403;0.0516;4.4989;0.8987;1.9048;0.7738;0.0303,bytes=137561855-137658424;bytes=947954488-948878951;bytes=1098154947-1098238897;bytes=683956836-684851507;bytes=946040322-946152955;bytes=945756148-945853379;bytes=1140888094-1141785308;bytes=577972885-578115999;bytes=978040157-978943090;bytes=1003611198-1003818588;bytes=971076047-971200230;bytes=499768366-499927246;bytes=913976410-914849595;bytes=972245079-973130604;bytes=131568699-132484979;bytes=1181071879-1181175097;bytes=279561142-279670462;bytes=963957539-964839512;bytes=802106003-802287695;bytes=1057237479-1057349896;bytes=1226446785-1226545539,7efcc137;eaeac2bf;a6dd9b52;0c6cc25d;3925fd3f;687b52aa;e35e3fa0;67f13ed3;c43f3672;4cb102e4;1158e37f;b7074a2a;ae568d7b;78f338fd;55fbd371;157b3d85;c9fb0532;36ac9524;eefd9342;4d95c94a;2fd39780
5,5,279,success,None,22/Jul/2026:17:08:50.092664,22/Jul/2026:17:08:50.880051,0.7874,20,22/Jul/2026:17:08:49.983922;22/Jul/2026:17:08:48.071915;22/Jul/2026:17:08:49.170825;22/Jul/2026:17:08:49.170342;22/Jul/2026:17:08:50.095399;22/Jul/2026:17:08:47.714522;22/Jul/2026:17:08:49.795429;22/Jul/2026:17:08:49.866308;22/Jul/2026:17:08:49.794346;22/Jul/2026:17:08:47.074325;22/Jul/2026:17:08:49.107988;22/Jul/2026:17:08:49.794668;22/Jul/2026:17:08:45.224013;22/Jul/2026:17:08:50.637313;22/Jul/2026:17:08:46.191872;22/Jul/2026:17:08:49.793161;22/Jul/2026:17:08:48.788483;22/Jul/2026:17:08:49.926365;22/Jul/2026:17:08:50.678943;22/Jul/2026:17:08:50.635907,0.1204;2.0330;0.9399;0.9413;0.5479;2.9308;0.8508;0.7835;0.8565;3.5765;1.5432;0.8594;5.4403;0.0516;4.4989;0.8987;1.9048;0.7738;0.0303;0.2435,bytes=1098154947-1098238897;bytes=683956836-684851507;bytes=946040322-946152955;bytes=945756148-945853379;bytes=1140888094-1141785308;bytes=577972885-578115999;bytes=978040157-978943090;bytes=1003611198-1003818588;bytes=971076047-971200230;bytes=499768366-499927246;bytes=913976410-914849595;bytes=972245079-973130604;bytes=131568699-132484979;bytes=1181071879-1181175097;bytes=279561142-279670462;bytes=963957539-964839512;bytes=802106003-802287695;bytes=1057237479-1057349896;bytes=1226446785-1226545539;bytes=1173080027-1173990336,a6dd9b52;0c6cc25d;3925fd3f;687b52aa;e35e3fa0;67f13ed3;c43f3672;4cb102e4;1158e37f;b7074a2a;ae568d7b;78f338fd;55fbd371;157b3d85;c9fb0532;36ac9524;eefd9342;4d95c94a;2fd39780;80e0c0ea
5,5,254,success,None,22/Jul/2026:17:08:49.922162,22/Jul/2026:17:08:50.924996,1.0028,39,22/Jul/2026:17:08:48.786199;22/Jul/2026:17:08:46.226476;22/Jul/2026:17:08:47.931244;22/Jul/2026:17:08:30.899152;22/Jul/2026:17:08:46.827023;22/Jul/2026:17:08:49.110204;22/Jul/2026:17:08:49.923976;22/Jul/2026:17:08:45.224300;22/Jul/2026:17:08:49.171157;22/Jul/2026:17:08:49.983922;22/Jul/2026:17:08:48.071915;22/Jul/2026:17:08:49.170825;22/Jul/2026:17:08:49.170342;22/Jul/2026:17:08:50.095399;22/Jul/2026:17:08:47.714522;22/Jul/2026:17:08:49.795429;22/Jul/2026:17:08:49.866308;22/Jul/2026:17:08:49.794346;22/Jul/2026:17:08:47.074325;22/Jul/2026:17:08:49.107988;22/Jul/2026:17:08:49.794668;22/Jul/2026:17:08:45.224013;22/Jul/2026:17:08:50.637313;22/Jul/2026:17:08:46.191872;22/Jul/2026:17:08:49.793161;22/Jul/2026:17:08:48.788483;22/Jul/2026:17:08:49.926365;22/Jul/2026:17:08:50.678943;22/Jul/2026:17:08:50.635907;22/Jul/2026:17:08:49.925943;22/Jul/2026:17:08:47.931950;22/Jul/2026:17:08:50.677908;22/Jul/2026:17:08:50.634787;22/Jul/2026:17:08:48.125285;22/Jul/2026:17:08:49.794975;22/Jul/2026:17:08:46.188638;22/Jul/2026:17:08:50.678037;22/Jul/2026:17:08:47.248855;22/Jul/2026:17:08:50.676948,1.1480;3.7080;2.0050;19.0603;3.1326;0.8565;0.0535;4.7710;0.8476;0.1204;2.0330;0.9399;0.9413;0.5479;2.9308;0.8508;0.7835;0.8565;3.5765;1.5432;0.8594;5.4403;0.0516;4.4989;0.8987;1.9048;0.7738;0.0303;0.2435;0.9587;2.9528;0.2069;0.2501;2.7596;1.0899;4.6994;0.2104;3.6511;0.2465,bytes=786402018-787296380;bytes=320471548-320668842;bytes=625779422-626678676;bytes=1371186798-1372099400;bytes=413613256-413698894;bytes=924025960-924935721;bytes=1044733553-1044835500;bytes=137561855-137658424;bytes=947954488-948878951;bytes=1098154947-1098238897;bytes=683956836-684851507;bytes=946040322-946152955;bytes=945756148-945853379;bytes=1140888094-1141785308;bytes=577972885-578115999;bytes=978040157-978943090;bytes=1003611198-1003818588;bytes=971076047-971200230;bytes=499768366-499927246;bytes=913976410-914849595;bytes=972245079-973130604;bytes=131568699-132484979;bytes=1181071879-1181175097;bytes=279561142-279670462;bytes=963957539-964839512;bytes=802106003-802287695;bytes=1057237479-1057349896;bytes=1226446785-1226545539;bytes=1173080027-1173990336;bytes=1053170919-1053379429;bytes=629800884-630696497;bytes=1219479881-1220358277;bytes=1168809911-1168922393;bytes=744027705-744917794;bytes=978943091-979033111;bytes=267048300-267227489;bytes=1221275792-1222176966;bytes=522642852-523552586;bytes=1214129063-1214297948,2da1cfa2;d7a28a8d;d3b33be5;d14026ce;c1214fbe;8df08e6f;01635b90;7efcc137;eaeac2bf;a6dd9b52;0c6cc25d;3925fd3f;687b52aa;e35e3fa0;67f13ed3;c43f3672;4cb102e4;1158e37f;b7074a2a;ae568d7b;78f338fd;55fbd371;157b3d85;c9fb0532;36ac9524;eefd9342;4d95c94a;2fd39780;80e0c0ea;efbf65ce;c82b3c2c;d0dc4a0e;4e8ff922;6fa1c57f;d1ecad7b;911fe30f;d1f8d0f3;c7d5dd92;8ff42a46
5,5,285,success,None,22/Jul/2026:17:08:50.633925,22/Jul/2026:17:08:51.272714,0.6388,33,22/Jul/2026:17:08:50.095399;22/Jul/2026:17:08:47.714522;22/Jul/2026:17:08:49.795429;22/Jul/2026:17:08:49.866308;22/Jul/2026:17:08:49.794346;22/Jul/2026:17:08:47.074325;22/Jul/2026:17:08:49.107988;22/Jul/2026:17:08:49.794668;22/Jul/2026:17:08:45.224013;22/Jul/2026:17:08:50.637313;22/Jul/2026:17:08:46.191872;22/Jul/2026:17:08:49.793161;22/Jul/2026:17:08:48.788483;22/Jul/2026:17:08:49.926365;22/Jul/2026:17:08:50.678943;22/Jul/2026:17:08:50.635907;22/Jul/2026:17:08:49.925943;22/Jul/2026:17:08:47.931950;22/Jul/2026:17:08:50.677908;22/Jul/2026:17:08:50.634787;22/Jul/2026:17:08:48.125285;22/Jul/2026:17:08:49.794975;22/Jul/2026:17:08:46.188638;22/Jul/2026:17:08:50.678037;22/Jul/2026:17:08:47.248855;22/Jul/2026:17:08:50.676948;22/Jul/2026:17:08:50.871669;22/Jul/2026:17:08:50.636111;22/Jul/2026:17:08:47.999159;22/Jul/2026:17:08:50.096953;22/Jul/2026:17:08:49.983565;22/Jul/2026:17:08:49.171984;22/Jul/2026:17:08:50.635571,0.5479;2.9308;0.8508;0.7835;0.8565;3.5765;1.5432;0.8594;5.4403;0.0516;4.4989;0.8987;1.9048;0.7738;0.0303;0.2435;0.9587;2.9528;0.2069;0.2501;2.7596;1.0899;4.6994;0.2104;3.6511;0.2465;0.0547;0.2962;2.9333;0.8418;1.0145;1.8419;0.3791,bytes=1140888094-1141785308;bytes=577972885-578115999;bytes=978040157-978943090;bytes=1003611198-1003818588;bytes=971076047-971200230;bytes=499768366-499927246;bytes=913976410-914849595;bytes=972245079-973130604;bytes=131568699-132484979;bytes=1181071879-1181175097;bytes=279561142-279670462;bytes=963957539-964839512;bytes=802106003-802287695;bytes=1057237479-1057349896;bytes=1226446785-1226545539;bytes=1173080027-1173990336;bytes=1053170919-1053379429;bytes=629800884-630696497;bytes=1219479881-1220358277;bytes=1168809911-1168922393;bytes=744027705-744917794;bytes=978943091-979033111;bytes=267048300-267227489;bytes=1221275792-1222176966;bytes=522642852-523552586;bytes=1214129063-1214297948;bytes=1250733561-1250827092;bytes=1174884534-1175790558;bytes=666434647-667343055;bytes=1149907225-1150840459;bytes=1091469228-1092351363;bytes=951236066-952136962;bytes=1171759597-1172661374,e35e3fa0;67f13ed3;c43f3672;4cb102e4;1158e37f;b7074a2a;ae568d7b;78f338fd;55fbd371;157b3d85;c9fb0532;36ac9524;eefd9342;4d95c94a;2fd39780;80e0c0ea;efbf65ce;c82b3c2c;d0dc4a0e;4e8ff922;6fa1c57f;d1ecad7b;911fe30f;d1f8d0f3;c7d5dd92;8ff42a46;567d7b4c;cf298803;ce43fcb6;ea812a69;063b3ca4;be7e0ab9;c2954160
5,5,296,success,None,22/Jul/2026:17:08:50.676110,22/Jul/2026:17:08:51.290684,0.6146,28,22/Jul/2026:17:08:50.637313;22/Jul/2026:17:08:46.191872;22/Jul/2026:17:08:49.793161;22/Jul/2026:17:08:48.788483;22/Jul/2026:17:08:49.926365;22/Jul/2026:17:08:50.678943;22/Jul/2026:17:08:50.635907;22/Jul/2026:17:08:49.925943;22/Jul/2026:17:08:47.931950;22/Jul/2026:17:08:50.677908;22/Jul/2026:17:08:50.634787;22/Jul/2026:17:08:48.125285;22/Jul/2026:17:08:49.794975;22/Jul/2026:17:08:46.188638;22/Jul/2026:17:08:50.678037;22/Jul/2026:17:08:47.248855;22/Jul/2026:17:08:50.676948;22/Jul/2026:17:08:50.871669;22/Jul/2026:17:08:50.636111;22/Jul/2026:17:08:47.999159;22/Jul/2026:17:08:50.096953;22/Jul/2026:17:08:49.983565;22/Jul/2026:17:08:49.171984;22/Jul/2026:17:08:50.635571;22/Jul/2026:17:08:49.169817;22/Jul/2026:17:08:30.877792;22/Jul/2026:17:08:50.678596;22/Jul/2026:17:08:45.225019,0.0516;4.4989;0.8987;1.9048;0.7738;0.0303;0.2435;0.9587;2.9528;0.2069;0.2501;2.7596;1.0899;4.6994;0.2104;3.6511;0.2465;0.0547;0.2962;2.9333;0.8418;1.0145;1.8419;0.3791;2.1107;20.4045;0.6077;6.0649,bytes=1181071879-1181175097;bytes=279561142-279670462;bytes=963957539-964839512;bytes=802106003-802287695;bytes=1057237479-1057349896;bytes=1226446785-1226545539;bytes=1173080027-1173990336;bytes=1053170919-1053379429;bytes=629800884-630696497;bytes=1219479881-1220358277;bytes=1168809911-1168922393;bytes=744027705-744917794;bytes=978943091-979033111;bytes=267048300-267227489;bytes=1221275792-1222176966;bytes=522642852-523552586;bytes=1214129063-1214297948;bytes=1250733561-1250827092;bytes=1174884534-1175790558;bytes=666434647-667343055;bytes=1149907225-1150840459;bytes=1091469228-1092351363;bytes=951236066-952136962;bytes=1171759597-1172661374;bytes=938164808-939057246;bytes=1288385154-1288499519;bytes=1222581336-1223478369;bytes=169708980-169796148,157b3d85;c9fb0532;36ac9524;eefd9342;4d95c94a;2fd39780;80e0c0ea;efbf65ce;c82b3c2c;d0dc4a0e;4e8ff922;6fa1c57f;d1ecad7b;911fe30f;d1f8d0f3;c7d5dd92;8ff42a46;567d7b4c;cf298803;ce43fcb6;ea812a69;063b3ca4;be7e0ab9;c2954160;608fd9b0;b1f8f5eb;3a965fed;b85ccc5e
5,5,333,success,None,22/Jul/2026:17:08:50.925330,22/Jul/2026:17:08:51.743648,0.8183,17,22/Jul/2026:17:08:50.871669;22/Jul/2026:17:08:50.636111;22/Jul/2026:17:08:47.999159;22/Jul/2026:17:08:50.096953;22/Jul/2026:17:08:49.983565;22/Jul/2026:17:08:49.171984;22/Jul/2026:17:08:50.635571;22/Jul/2026:17:08:49.169817;22/Jul/2026:17:08:30.877792;22/Jul/2026:17:08:50.678596;22/Jul/2026:17:08:45.225019;22/Jul/2026:17:08:49.982089;22/Jul/2026:17:08:46.191355;22/Jul/2026:17:08:50.871073;22/Jul/2026:17:08:51.274189;22/Jul/2026:17:08:51.276403;22/Jul/2026:17:08:51.293460,0.0547;0.2962;2.9333;0.8418;1.0145;1.8419;0.3791;2.1107;20.4045;0.6077;6.0649;1.3125;5.1032;0.4235;0.0270;0.0590;0.0440,bytes=1250733561-1250827092;bytes=1174884534-1175790558;bytes=666434647-667343055;bytes=1149907225-1150840459;bytes=1091469228-1092351363;bytes=951236066-952136962;bytes=1171759597-1172661374;bytes=938164808-939057246;bytes=1288385154-1288499519;bytes=1222581336-1223478369;bytes=169708980-169796148;bytes=1080170729-1081053818;bytes=275467978-275662228;bytes=1246647977-1246729355;bytes=1407794839-1407902349;bytes=1416425565-1416558525;bytes=1436744466-1436857922,567d7b4c;cf298803;ce43fcb6;ea812a69;063b3ca4;be7e0ab9;c2954160;608fd9b0;b1f8f5eb;3a965fed;b85ccc5e;229de5c8;82dfbcd6;6e2a5fd3;29cfa656;4b82e49c;ca90dd80
5,5,311,success,None,22/Jul/2026:17:08:50.880472,22/Jul/2026:17:08:51.781181,0.9007,32,22/Jul/2026:17:08:49.925943;22/Jul/2026:17:08:47.931950;22/Jul/2026:17:08:50.677908;22/Jul/2026:17:08:50.634787;22/Jul/2026:17:08:48.125285;22/Jul/2026:17:08:49.794975;22/Jul/2026:17:08:46.188638;22/Jul/2026:17:08:50.678037;22/Jul/2026:17:08:47.248855;22/Jul/2026:17:08:50.676948;22/Jul/2026:17:08:50.871669;22/Jul/2026:17:08:50.636111;22/Jul/2026:17:08:47.999159;22/Jul/2026:17:08:50.096953;22/Jul/2026:17:08:49.983565;22/Jul/2026:17:08:49.171984;22/Jul/2026:17:08:50.635571;22/Jul/2026:17:08:49.169817;22/Jul/2026:17:08:30.877792;22/Jul/2026:17:08:50.678596;22/Jul/2026:17:08:45.225019;22/Jul/2026:17:08:49.982089;22/Jul/2026:17:08:46.191355;22/Jul/2026:17:08:50.871073;22/Jul/2026:17:08:51.274189;22/Jul/2026:17:08:51.276403;22/Jul/2026:17:08:51.293460;22/Jul/2026:17:08:51.293270;22/Jul/2026:17:08:41.746185;22/Jul/2026:17:08:50.097980;22/Jul/2026:17:08:50.098067;22/Jul/2026:17:08:50.097260,0.9587;2.9528;0.2069;0.2501;2.7596;1.0899;4.6994;0.2104;3.6511;0.2465;0.0547;0.2962;2.9333;0.8418;1.0145;1.8419;0.3791;2.1107;20.4045;0.6077;6.0649;1.3125;5.1032;0.4235;0.0270;0.0590;0.0440;0.4616;10.0097;1.6600;1.6624;1.6642,bytes=1053170919-1053379429;bytes=629800884-630696497;bytes=1219479881-1220358277;bytes=1168809911-1168922393;bytes=744027705-744917794;bytes=978943091-979033111;bytes=267048300-267227489;bytes=1221275792-1222176966;bytes=522642852-523552586;bytes=1214129063-1214297948;bytes=1250733561-1250827092;bytes=1174884534-1175790558;bytes=666434647-667343055;bytes=1149907225-1150840459;bytes=1091469228-1092351363;bytes=951236066-952136962;bytes=1171759597-1172661374;bytes=938164808-939057246;bytes=1288385154-1288499519;bytes=1222581336-1223478369;bytes=169708980-169796148;bytes=1080170729-1081053818;bytes=275467978-275662228;bytes=1246647977-1246729355;bytes=1407794839-1407902349;bytes=1416425565-1416558525;bytes=1436744466-1436857922;bytes=1434613343-1435519792;bytes=1274006927-1274918562;bytes=1154122776-1155051557;bytes=1155051558-1155966323;bytes=1155966324-1156067607,efbf65ce;c82b3c2c;d0dc4a0e;4e8ff922;6fa1c57f;d1ecad7b;911fe30f;d1f8d0f3;c7d5dd92;8ff42a46;567d7b4c;cf298803;ce43fcb6;ea812a69;063b3ca4;be7e0ab9;c2954160;608fd9b0;b1f8f5eb;3a965fed;b85ccc5e;229de5c8;82dfbcd6;6e2a5fd3;29cfa656;4b82e49c;ca90dd80;62d764cd;06637a29;ddc013b4;84afd67e;f3da80e5
5,5,303,success,None,22/Jul/2026:17:08:50.869155,22/Jul/2026:17:08:51.830080,0.9609,40,22/Jul/2026:17:08:50.635907;22/Jul/2026:17:08:49.925943;22/Jul/2026:17:08:47.931950;22/Jul/2026:17:08:50.677908;22/Jul/2026:17:08:50.634787;22/Jul/2026:17:08:48.125285;22/Jul/2026:17:08:49.794975;22/Jul/2026:17:08:46.188638;22/Jul/2026:17:08:50.678037;22/Jul/2026:17:08:47.248855;22/Jul/2026:17:08:50.676948;22/Jul/2026:17:08:50.871669;22/Jul/2026:17:08:50.636111;22/Jul/2026:17:08:47.999159;22/Jul/2026:17:08:50.096953;22/Jul/2026:17:08:49.983565;22/Jul/2026:17:08:49.171984;22/Jul/2026:17:08:50.635571;22/Jul/2026:17:08:49.169817;22/Jul/2026:17:08:30.877792;22/Jul/2026:17:08:50.678596;22/Jul/2026:17:08:45.225019;22/Jul/2026:17:08:49.982089;22/Jul/2026:17:08:46.191355;22/Jul/2026:17:08:50.871073;22/Jul/2026:17:08:51.274189;22/Jul/2026:17:08:51.276403;22/Jul/2026:17:08:51.293460;22/Jul/2026:17:08:51.293270;22/Jul/2026:17:08:41.746185;22/Jul/2026:17:08:50.097980;22/Jul/2026:17:08:50.098067;22/Jul/2026:17:08:50.097260;22/Jul/2026:17:08:50.097196;22/Jul/2026:17:08:46.189299;22/Jul/2026:17:08:51.745787;22/Jul/2026:17:08:50.872594;22/Jul/2026:17:08:51.747105;22/Jul/2026:17:08:50.097125;22/Jul/2026:17:08:49.867006,0.2435;0.9587;2.9528;0.2069;0.2501;2.7596;1.0899;4.6994;0.2104;3.6511;0.2465;0.0547;0.2962;2.9333;0.8418;1.0145;1.8419;0.3791;2.1107;20.4045;0.6077;6.0649;1.3125;5.1032;0.4235;0.0270;0.0590;0.0440;0.4616;10.0097;1.6600;1.6624;1.6642;1.6931;5.6029;0.0510;0.9279;0.0566;1.7066;1.9402,bytes=1173080027-1173990336;bytes=1053170919-1053379429;bytes=629800884-630696497;bytes=1219479881-1220358277;bytes=1168809911-1168922393;bytes=744027705-744917794;bytes=978943091-979033111;bytes=267048300-267227489;bytes=1221275792-1222176966;bytes=522642852-523552586;bytes=1214129063-1214297948;bytes=1250733561-1250827092;bytes=1174884534-1175790558;bytes=666434647-667343055;bytes=1149907225-1150840459;bytes=1091469228-1092351363;bytes=951236066-952136962;bytes=1171759597-1172661374;bytes=938164808-939057246;bytes=1288385154-1288499519;bytes=1222581336-1223478369;bytes=169708980-169796148;bytes=1080170729-1081053818;bytes=275467978-275662228;bytes=1246647977-1246729355;bytes=1407794839-1407902349;bytes=1416425565-1416558525;bytes=1436744466-1436857922;bytes=1434613343-1435519792;bytes=1274006927-1274918562;bytes=1154122776-1155051557;bytes=1155051558-1155966323;bytes=1155966324-1156067607;bytes=1152133994-1152351945;bytes=268320645-269220265;bytes=1490160123-1490239682;bytes=1251129880-1251351320;bytes=1494432768-1494636385;bytes=1151930820-1152133993;bytes=1005794315-1006721021,80e0c0ea;efbf65ce;c82b3c2c;d0dc4a0e;4e8ff922;6fa1c57f;d1ecad7b;911fe30f;d1f8d0f3;c7d5dd92;8ff42a46;567d7b4c;cf298803;ce43fcb6;ea812a69;063b3ca4;be7e0ab9;c2954160;608fd9b0;b1f8f5eb;3a965fed;b85ccc5e;229de5c8;82dfbcd6;6e2a5fd3;29cfa656;4b82e49c;ca90dd80;62d764cd;06637a29;ddc013b4;84afd67e;f3da80e5;a5ddd406;6a73c0d6;fdb0db46;42bd0235;161bf122;3728e0a9;6c0f1267
5,5,342,success,None,22/Jul/2026:17:08:51.273046,22/Jul/2026:17:08:52.073066,0.8000,26,22/Jul/2026:17:08:49.169817;22/Jul/2026:17:08:30.877792;22/Jul/2026:17:08:50.678596;22/Jul/2026:17:08:45.225019;22/Jul/2026:17:08:49.982089;22/Jul/2026:17:08:46.191355;22/Jul/2026:17:08:50.871073;22/Jul/2026:17:08:51.274189;22/Jul/2026:17:08:51.276403;22/Jul/2026:17:08:51.293460;22/Jul/2026:17:08:51.293270;22/Jul/2026:17:08:41.746185;22/Jul/2026:17:08:50.097980;22/Jul/2026:17:08:50.098067;22/Jul/2026:17:08:50.097260;22/Jul/2026:17:08:50.097196;22/Jul/2026:17:08:46.189299;22/Jul/2026:17:08:51.745787;22/Jul/2026:17:08:50.872594;22/Jul/2026:17:08:51.747105;22/Jul/2026:17:08:50.097125;22/Jul/2026:17:08:49.867006;22/Jul/2026:17:08:51.783824;22/Jul/2026:17:08:50.927507;22/Jul/2026:17:08:50.677282;22/Jul/2026:17:08:49.924524,2.1107;20.4045;0.6077;6.0649;1.3125;5.1032;0.4235;0.0270;0.0590;0.0440;0.4616;10.0097;1.6600;1.6624;1.6642;1.6931;5.6029;0.0510;0.9279;0.0566;1.7066;1.9402;0.0564;0.9165;1.1813;1.9426,bytes=938164808-939057246;bytes=1288385154-1288499519;bytes=1222581336-1223478369;bytes=169708980-169796148;bytes=1080170729-1081053818;bytes=275467978-275662228;bytes=1246647977-1246729355;bytes=1407794839-1407902349;bytes=1416425565-1416558525;bytes=1436744466-1436857922;bytes=1434613343-1435519792;bytes=1274006927-1274918562;bytes=1154122776-1155051557;bytes=1155051558-1155966323;bytes=1155966324-1156067607;bytes=1152133994-1152351945;bytes=268320645-269220265;bytes=1490160123-1490239682;bytes=1251129880-1251351320;bytes=1494432768-1494636385;bytes=1151930820-1152133993;bytes=1005794315-1006721021;bytes=1539862449-1539952896;bytes=1370986063-1371084385;bytes=1214484453-1215379021;bytes=1044914702-1045019965,608fd9b0;b1f8f5eb;3a965fed;b85ccc5e;229de5c8;82dfbcd6;6e2a5fd3;29cfa656;4b82e49c;ca90dd80;62d764cd;06637a29;ddc013b4;84afd67e;f3da80e5;a5ddd406;6a73c0d6;fdb0db46;42bd0235;161bf122;3728e0a9;6c0f1267;8dd5a4f6;092d6c2a;d1c10336;537a5599
5,5,348,success,None,22/Jul/2026:17:08:51.291143,22/Jul/2026:17:08:52.134802,0.8437,29,22/Jul/2026:17:08:49.982089;22/Jul/2026:17:08:46.191355;22/Jul/2026:17:08:50.871073;22/Jul/2026:17:08:51.274189;22/Jul/2026:17:08:51.276403;22/Jul/2026:17:08:51.293460;22/Jul/2026:17:08:51.293270;22/Jul/2026:17:08:41.746185;22/Jul/2026:17:08:50.097980;22/Jul/2026:17:08:50.098067;22/Jul/2026:17:08:50.097260;22/Jul/2026:17:08:50.097196;22/Jul/2026:17:08:46.189299;22/Jul/2026:17:08:51.745787;22/Jul/2026:17:08:50.872594;22/Jul/2026:17:08:51.747105;22/Jul/2026:17:08:50.097125;22/Jul/2026:17:08:49.867006;22/Jul/2026:17:08:51.783824;22/Jul/2026:17:08:50.927507;22/Jul/2026:17:08:50.677282;22/Jul/2026:17:08:49.924524;22/Jul/2026:17:08:51.274761;22/Jul/2026:17:08:51.744509;22/Jul/2026:17:08:51.276123;22/Jul/2026:17:08:50.095809;22/Jul/2026:17:08:47.715557;22/Jul/2026:17:08:50.897765;22/Jul/2026:17:08:50.894912,1.3125;5.1032;0.4235;0.0270;0.0590;0.0440;0.4616;10.0097;1.6600;1.6624;1.6642;1.6931;5.6029;0.0510;0.9279;0.0566;1.7066;1.9402;0.0564;0.9165;1.1813;1.9426;0.8108;0.3423;0.8113;1.9931;4.3768;1.1946;1.2062,bytes=1080170729-1081053818;bytes=275467978-275662228;bytes=1246647977-1246729355;bytes=1407794839-1407902349;bytes=1416425565-1416558525;bytes=1436744466-1436857922;bytes=1434613343-1435519792;bytes=1274006927-1274918562;bytes=1154122776-1155051557;bytes=1155051558-1155966323;bytes=1155966324-1156067607;bytes=1152133994-1152351945;bytes=268320645-269220265;bytes=1490160123-1490239682;bytes=1251129880-1251351320;bytes=1494432768-1494636385;bytes=1151930820-1152133993;bytes=1005794315-1006721021;bytes=1539862449-1539952896;bytes=1370986063-1371084385;bytes=1214484453-1215379021;bytes=1044914702-1045019965;bytes=1411903764-1412025890;bytes=1479162819-1480057985;bytes=1413367246-1414244461;bytes=1143873207-1143979005;bytes=582993358-583873171;bytes=1284392425-1285284857;bytes=1283898210-1284071789,229de5c8;82dfbcd6;6e2a5fd3;29cfa656;4b82e49c;ca90dd80;62d764cd;06637a29;ddc013b4;84afd67e;f3da80e5;a5ddd406;6a73c0d6;fdb0db46;42bd0235;161bf122;3728e0a9;6c0f1267;8dd5a4f6;092d6c2a;d1c10336;537a5599;c431d046;04d905b2;a70f8dec;18fd6bf2;e62f2e9e;51300bb8;0aa380bb
5,5,373,success,None,22/Jul/2026:17:08:51.781535,22/Jul/2026:17:08:52.681707,0.9002,25,22/Jul/2026:17:08:50.097196;22/Jul/2026:17:08:46.189299;22/Jul/2026:17:08:51.745787;22/Jul/2026:17:08:50.872594;22/Jul/2026:17:08:51.747105;22/Jul/2026:17:08:50.097125;22/Jul/2026:17:08:49.867006;22/Jul/2026:17:08:51.783824;22/Jul/2026:17:08:50.927507;22/Jul/2026:17:08:50.677282;22/Jul/2026:17:08:49.924524;22/Jul/2026:17:08:51.274761;22/Jul/2026:17:08:51.744509;22/Jul/2026:17:08:51.276123;22/Jul/2026:17:08:50.095809;22/Jul/2026:17:08:47.715557;22/Jul/2026:17:08:50.897765;22/Jul/2026:17:08:50.894912;22/Jul/2026:17:08:51.745224;22/Jul/2026:17:08:49.924807;22/Jul/2026:17:08:49.107121;22/Jul/2026:17:08:50.678106;22/Jul/2026:17:08:49.924874;22/Jul/2026:17:08:52.077772;22/Jul/2026:17:08:51.274688,1.6931;5.6029;0.0510;0.9279;0.0566;1.7066;1.9402;0.0564;0.9165;1.1813;1.9426;0.8108;0.3423;0.8113;1.9931;4.3768;1.1946;1.2062;0.3979;2.2289;3.0467;1.4762;2.2310;0.0794;0.9032,bytes=1152133994-1152351945;bytes=268320645-269220265;bytes=1490160123-1490239682;bytes=1251129880-1251351320;bytes=1494432768-1494636385;bytes=1151930820-1152133993;bytes=1005794315-1006721021;bytes=1539862449-1539952896;bytes=1370986063-1371084385;bytes=1214484453-1215379021;bytes=1044914702-1045019965;bytes=1411903764-1412025890;bytes=1479162819-1480057985;bytes=1413367246-1414244461;bytes=1143873207-1143979005;bytes=582993358-583873171;bytes=1284392425-1285284857;bytes=1283898210-1284071789;bytes=1483353322-1484245762;bytes=1045128672-1046030386;bytes=912461088-913375755;bytes=1222401494-1222491657;bytes=1046030387-1046935225;bytes=1643670811-1643756937;bytes=1408088086-1408305569,a5ddd406;6a73c0d6;fdb0db46;42bd0235;161bf122;3728e0a9;6c0f1267;8dd5a4f6;092d6c2a;d1c10336;537a5599;c431d046;04d905b2;a70f8dec;18fd6bf2;e62f2e9e;51300bb8;0aa380bb;f60c6b59;a9cdbceb;c46b620d;c14a2002;61b92856;46a50b46;f7388ed4
5,5,383,success,None,22/Jul/2026:17:08:51.830418,22/Jul/2026:17:08:52.693143,0.8627,20,22/Jul/2026:17:08:51.783824;22/Jul/2026:17:08:50.927507;22/Jul/2026:17:08:50.677282;22/Jul/2026:17:08:49.924524;22/Jul/2026:17:08:51.274761;22/Jul/2026:17:08:51.744509;22/Jul/2026:17:08:51.276123;22/Jul/2026:17:08:50.095809;22/Jul/2026:17:08:47.715557;22/Jul/2026:17:08:50.897765;22/Jul/2026:17:08:50.894912;22/Jul/2026:17:08:51.745224;22/Jul/2026:17:08:49.924807;22/Jul/2026:17:08:49.107121;22/Jul/2026:17:08:50.678106;22/Jul/2026:17:08:49.924874;22/Jul/2026:17:08:52.077772;22/Jul/2026:17:08:51.274688;22/Jul/2026:17:08:52.075988;22/Jul/2026:17:08:46.827291,0.0564;0.9165;1.1813;1.9426;0.8108;0.3423;0.8113;1.9931;4.3768;1.1946;1.2062;0.3979;2.2289;3.0467;1.4762;2.2310;0.0794;0.9032;0.6147;5.8643,bytes=1539862449-1539952896;bytes=1370986063-1371084385;bytes=1214484453-1215379021;bytes=1044914702-1045019965;bytes=1411903764-1412025890;bytes=1479162819-1480057985;bytes=1413367246-1414244461;bytes=1143873207-1143979005;bytes=582993358-583873171;bytes=1284392425-1285284857;bytes=1283898210-1284071789;bytes=1483353322-1484245762;bytes=1045128672-1046030386;bytes=912461088-913375755;bytes=1222401494-1222491657;bytes=1046030387-1046935225;bytes=1643670811-1643756937;bytes=1408088086-1408305569;bytes=1635518176-1635698052;bytes=412619641-413529452,8dd5a4f6;092d6c2a;d1c10336;537a5599;c431d046;04d905b2;a70f8dec;18fd6bf2;e62f2e9e;51300bb8;0aa380bb;f60c6b59;a9cdbceb;c46b620d;c14a2002;61b92856;46a50b46;f7388ed4;f892910a;210a6b89
5,5,361,success,None,22/Jul/2026:17:08:51.743998,22/Jul/2026:17:08:52.786175,1.0422,40,22/Jul/2026:17:08:51.293270;22/Jul/2026:17:08:41.746185;22/Jul/2026:17:08:50.097980;22/Jul/2026:17:08:50.098067;22/Jul/2026:17:08:50.097260;22/Jul/2026:17:08:50.097196;22/Jul/2026:17:08:46.189299;22/Jul/2026:17:08:51.745787;22/Jul/2026:17:08:50.872594;22/Jul/2026:17:08:51.747105;22/Jul/2026:17:08:50.097125;22/Jul/2026:17:08:49.867006;22/Jul/2026:17:08:51.783824;22/Jul/2026:17:08:50.927507;22/Jul/2026:17:08:50.677282;22/Jul/2026:17:08:49.924524;22/Jul/2026:17:08:51.274761;22/Jul/2026:17:08:51.744509;22/Jul/2026:17:08:51.276123;22/Jul/2026:17:08:50.095809;22/Jul/2026:17:08:47.715557;22/Jul/2026:17:08:50.897765;22/Jul/2026:17:08:50.894912;22/Jul/2026:17:08:51.745224;22/Jul/2026:17:08:49.924807;22/Jul/2026:17:08:49.107121;22/Jul/2026:17:08:50.678106;22/Jul/2026:17:08:49.924874;22/Jul/2026:17:08:52.077772;22/Jul/2026:17:08:51.274688;22/Jul/2026:17:08:52.075988;22/Jul/2026:17:08:46.827291;22/Jul/2026:17:08:51.275084;22/Jul/2026:17:08:51.275269;22/Jul/2026:17:08:51.275145;22/Jul/2026:17:08:52.075762;22/Jul/2026:17:08:51.746968;22/Jul/2026:17:08:52.137207;22/Jul/2026:17:08:52.682970;22/Jul/2026:17:08:52.077577,0.4616;10.0097;1.6600;1.6624;1.6642;1.6931;5.6029;0.0510;0.9279;0.0566;1.7066;1.9402;0.0564;0.9165;1.1813;1.9426;0.8108;0.3423;0.8113;1.9931;4.3768;1.1946;1.2062;0.3979;2.2289;3.0467;1.4762;2.2310;0.0794;0.9032;0.6147;5.8643;1.4229;1.4232;1.4248;0.6250;0.9657;0.5844;0.0541;0.6602,bytes=1434613343-1435519792;bytes=1274006927-1274918562;bytes=1154122776-1155051557;bytes=1155051558-1155966323;bytes=1155966324-1156067607;bytes=1152133994-1152351945;bytes=268320645-269220265;bytes=1490160123-1490239682;bytes=1251129880-1251351320;bytes=1494432768-1494636385;bytes=1151930820-1152133993;bytes=1005794315-1006721021;bytes=1539862449-1539952896;bytes=1370986063-1371084385;bytes=1214484453-1215379021;bytes=1044914702-1045019965;bytes=1411903764-1412025890;bytes=1479162819-1480057985;bytes=1413367246-1414244461;bytes=1143873207-1143979005;bytes=582993358-583873171;bytes=1284392425-1285284857;bytes=1283898210-1284071789;bytes=1483353322-1484245762;bytes=1045128672-1046030386;bytes=912461088-913375755;bytes=1222401494-1222491657;bytes=1046030387-1046935225;bytes=1643670811-1643756937;bytes=1408088086-1408305569;bytes=1635518176-1635698052;bytes=412619641-413529452;bytes=1410999812-1411903763;bytes=1416070100-1416180800;bytes=1412130008-1412278429;bytes=1630389958-1631293354;bytes=1493171801-1494064653;bytes=1685262769-1685372157;bytes=1722836789-1722941472;bytes=1638761079-1639657030,62d764cd;06637a29;ddc013b4;84afd67e;f3da80e5;a5ddd406;6a73c0d6;fdb0db46;42bd0235;161bf122;3728e0a9;6c0f1267;8dd5a4f6;092d6c2a;d1c10336;537a5599;c431d046;04d905b2;a70f8dec;18fd6bf2;e62f2e9e;51300bb8;0aa380bb;f60c6b59;a9cdbceb;c46b620d;c14a2002;61b92856;46a50b46;f7388ed4;f892910a;210a6b89;b86977bf;2dad5b0b;1ee5a319;dff499d1;a384f28d;3cc564bb;c0d8e9fe;9da786bf
5,5,396,success,None,22/Jul/2026:17:08:52.073437,22/Jul/2026:17:08:52.927097,0.8537,29,22/Jul/2026:17:08:51.274761;22/Jul/2026:17:08:51.744509;22/Jul/2026:17:08:51.276123;22/Jul/2026:17:08:50.095809;22/Jul/2026:17:08:47.715557;22/Jul/2026:17:08:50.897765;22/Jul/2026:17:08:50.894912;22/Jul/2026:17:08:51.745224;22/Jul/2026:17:08:49.924807;22/Jul/2026:17:08:49.107121;22/Jul/2026:17:08:50.678106;22/Jul/2026:17:08:49.924874;22/Jul/2026:17:08:52.077772;22/Jul/2026:17:08:51.274688;22/Jul/2026:17:08:52.075988;22/Jul/2026:17:08:46.827291;22/Jul/2026:17:08:51.275084;22/Jul/2026:17:08:51.275269;22/Jul/2026:17:08:51.275145;22/Jul/2026:17:08:52.075762;22/Jul/2026:17:08:51.746968;22/Jul/2026:17:08:52.137207;22/Jul/2026:17:08:52.682970;22/Jul/2026:17:08:52.077577;22/Jul/2026:17:08:52.136621;22/Jul/2026:17:08:46.192807;22/Jul/2026:17:08:49.865286;22/Jul/2026:17:08:51.832554;22/Jul/2026:17:08:51.831767,0.8108;0.3423;0.8113;1.9931;4.3768;1.1946;1.2062;0.3979;2.2289;3.0467;1.4762;2.2310;0.0794;0.9032;0.6147;5.8643;1.4229;1.4232;1.4248;0.6250;0.9657;0.5844;0.0541;0.6602;0.6588;6.6081;2.9385;0.9894;0.9920,bytes=1411903764-1412025890;bytes=1479162819-1480057985;bytes=1413367246-1414244461;bytes=1143873207-1143979005;bytes=582993358-583873171;bytes=1284392425-1285284857;bytes=1283898210-1284071789;bytes=1483353322-1484245762;bytes=1045128672-1046030386;bytes=912461088-913375755;bytes=1222401494-1222491657;bytes=1046030387-1046935225;bytes=1643670811-1643756937;bytes=1408088086-1408305569;bytes=1635518176-1635698052;bytes=412619641-413529452;bytes=1410999812-1411903763;bytes=1416070100-1416180800;bytes=1412130008-1412278429;bytes=1630389958-1631293354;bytes=1493171801-1494064653;bytes=1685262769-1685372157;bytes=1722836789-1722941472;bytes=1638761079-1639657030;bytes=1680180477-1681077119;bytes=275862677-276740054;bytes=999237455-999333796;bytes=1581917341-1582029485;bytes=1575415328-1576323757,c431d046;04d905b2;a70f8dec;18fd6bf2;e62f2e9e;51300bb8;0aa380bb;f60c6b59;a9cdbceb;c46b620d;c14a2002;61b92856;46a50b46;f7388ed4;f892910a;210a6b89;b86977bf;2dad5b0b;1ee5a319;dff499d1;a384f28d;3cc564bb;c0d8e9fe;9da786bf;92551542;aa807d7e;e629a585;02845970;ae9126b3
5,5,408,success,None,22/Jul/2026:17:08:52.135133,22/Jul/2026:17:08:52.969625,0.8345,27,22/Jul/2026:17:08:51.745224;22/Jul/2026:17:08:49.924807;22/Jul/2026:17:08:49.107121;22/Jul/2026:17:08:50.678106;22/Jul/2026:17:08:49.924874;22/Jul/2026:17:08:52.077772;22/Jul/2026:17:08:51.274688;22/Jul/2026:17:08:52.075988;22/Jul/2026:17:08:46.827291;22/Jul/2026:17:08:51.275084;22/Jul/2026:17:08:51.275269;22/Jul/2026:17:08:51.275145;22/Jul/2026:17:08:52.075762;22/Jul/2026:17:08:51.746968;22/Jul/2026:17:08:52.137207;22/Jul/2026:17:08:52.682970;22/Jul/2026:17:08:52.077577;22/Jul/2026:17:08:52.136621;22/Jul/2026:17:08:46.192807;22/Jul/2026:17:08:49.865286;22/Jul/2026:17:08:51.832554;22/Jul/2026:17:08:51.831767;22/Jul/2026:17:08:52.930970;22/Jul/2026:17:08:47.249539;22/Jul/2026:17:08:49.983110;22/Jul/2026:17:08:49.794544;22/Jul/2026:17:08:52.694357,0.3979;2.2289;3.0467;1.4762;2.2310;0.0794;0.9032;0.6147;5.8643;1.4229;1.4232;1.4248;0.6250;0.9657;0.5844;0.0541;0.6602;0.6588;6.6081;2.9385;0.9894;0.9920;0.0040;5.6862;2.9585;3.1518;0.2547,bytes=1483353322-1484245762;bytes=1045128672-1046030386;bytes=912461088-913375755;bytes=1222401494-1222491657;bytes=1046030387-1046935225;bytes=1643670811-1643756937;bytes=1408088086-1408305569;bytes=1635518176-1635698052;bytes=412619641-413529452;bytes=1410999812-1411903763;bytes=1416070100-1416180800;bytes=1412130008-1412278429;bytes=1630389958-1631293354;bytes=1493171801-1494064653;bytes=1685262769-1685372157;bytes=1722836789-1722941472;bytes=1638761079-1639657030;bytes=1680180477-1681077119;bytes=275862677-276740054;bytes=999237455-999333796;bytes=1581917341-1582029485;bytes=1575415328-1576323757;bytes=1841910819-1842008127;bytes=527717797-528623859;bytes=1088367120-1089281369;bytes=975034158-975149712;bytes=1776050424-1776269551,f60c6b59;a9cdbceb;c46b620d;c14a2002;61b92856;46a50b46;f7388ed4;f892910a;210a6b89;b86977bf;2dad5b0b;1ee5a319;dff499d1;a384f28d;3cc564bb;c0d8e9fe;9da786bf;92551542;aa807d7e;e629a585;02845970;ae9126b3;86e40eaf;f0f1676f;5471a939;81162d30;eb93532a
5,5,431,success,None,22/Jul/2026:17:08:52.693463,22/Jul/2026:17:08:53.429489,0.7360,25,22/Jul/2026:17:08:51.275084;22/Jul/2026:17:08:51.275269;22/Jul/2026:17:08:51.275145;22/Jul/2026:17:08:52.075762;22/Jul/2026:17:08:51.746968;22/Jul/2026:17:08:52.137207;22/Jul/2026:17:08:52.682970;22/Jul/2026:17:08:52.077577;22/Jul/2026:17:08:52.136621;22/Jul/2026:17:08:46.192807;22/Jul/2026:17:08:49.865286;22/Jul/2026:17:08:51.832554;22/Jul/2026:17:08:51.831767;22/Jul/2026:17:08:52.930970;22/Jul/2026:17:08:47.249539;22/Jul/2026:17:08:49.983110;22/Jul/2026:17:08:49.794544;22/Jul/2026:17:08:52.694357;22/Jul/2026:17:08:52.929901;22/Jul/2026:17:08:52.928518;22/Jul/2026:17:08:51.747175;22/Jul/2026:17:08:52.787994;22/Jul/2026:17:08:48.940502;22/Jul/2026:17:08:52.787864;22/Jul/2026:17:08:52.077502,1.4229;1.4232;1.4248;0.6250;0.9657;0.5844;0.0541;0.6602;0.6588;6.6081;2.9385;0.9894;0.9920;0.0040;5.6862;2.9585;3.1518;0.2547;0.0662;0.0726;1.2555;0.2163;4.0645;0.2398;0.9627,bytes=1410999812-1411903763;bytes=1416070100-1416180800;bytes=1412130008-1412278429;bytes=1630389958-1631293354;bytes=1493171801-1494064653;bytes=1685262769-1685372157;bytes=1722836789-1722941472;bytes=1638761079-1639657030;bytes=1680180477-1681077119;bytes=275862677-276740054;bytes=999237455-999333796;bytes=1581917341-1582029485;bytes=1575415328-1576323757;bytes=1841910819-1842008127;bytes=527717797-528623859;bytes=1088367120-1089281369;bytes=975034158-975149712;bytes=1776050424-1776269551;bytes=1837904930-1837991558;bytes=1826089896-1826199659;bytes=1498260832-1498360772;bytes=1809258964-1809381912;bytes=892558689-892746711;bytes=1805279230-1805460968;bytes=1637847361-1638761078,b86977bf;2dad5b0b;1ee5a319;dff499d1;a384f28d;3cc564bb;c0d8e9fe;9da786bf;92551542;aa807d7e;e629a585;02845970;ae9126b3;86e40eaf;f0f1676f;5471a939;81162d30;eb93532a;76c80647;d56f4dea;83cc4721;b5c4f80f;e22f32c8;d6daafcb;65bd20ed
5,5,438,success,None,22/Jul/2026:17:08:52.786513,22/Jul/2026:17:08:53.586980,0.8005,23,22/Jul/2026:17:08:52.136621;22/Jul/2026:17:08:46.192807;22/Jul/2026:17:08:49.865286;22/Jul/2026:17:08:51.832554;22/Jul/2026:17:08:51.831767;22/Jul/2026:17:08:52.930970;22/Jul/2026:17:08:47.249539;22/Jul/2026:17:08:49.983110;22/Jul/2026:17:08:49.794544;22/Jul/2026:17:08:52.694357;22/Jul/2026:17:08:52.929901;22/Jul/2026:17:08:52.928518;22/Jul/2026:17:08:51.747175;22/Jul/2026:17:08:52.787994;22/Jul/2026:17:08:48.940502;22/Jul/2026:17:08:52.787864;22/Jul/2026:17:08:52.077502;22/Jul/2026:17:08:51.831827;22/Jul/2026:17:08:45.222792;22/Jul/2026:17:08:47.997909;22/Jul/2026:17:08:52.684817;22/Jul/2026:17:08:51.785241;22/Jul/2026:17:08:52.076050,0.6588;6.6081;2.9385;0.9894;0.9920;0.0040;5.6862;2.9585;3.1518;0.2547;0.0662;0.0726;1.2555;0.2163;4.0645;0.2398;0.9627;1.6068;8.2168;5.4427;0.7576;1.6649;1.3757,bytes=1680180477-1681077119;bytes=275862677-276740054;bytes=999237455-999333796;bytes=1581917341-1582029485;bytes=1575415328-1576323757;bytes=1841910819-1842008127;bytes=527717797-528623859;bytes=1088367120-1089281369;bytes=975034158-975149712;bytes=1776050424-1776269551;bytes=1837904930-1837991558;bytes=1826089896-1826199659;bytes=1498260832-1498360772;bytes=1809258964-1809381912;bytes=892558689-892746711;bytes=1805279230-1805460968;bytes=1637847361-1638761078;bytes=1576323758-1577230198;bytes=110958631-111862687;bytes=663256946-663352984;bytes=1732915201-1733821411;bytes=1542077527-1543008563;bytes=1635698053-1635827908,92551542;aa807d7e;e629a585;02845970;ae9126b3;86e40eaf;f0f1676f;5471a939;81162d30;eb93532a;76c80647;d56f4dea;83cc4721;b5c4f80f;e22f32c8;d6daafcb;65bd20ed;a67dc37c;dc55af36;8702f080;f60884bf;820db426;5fcace48
5,5,450,success,None,22/Jul/2026:17:08:52.969976,22/Jul/2026:17:08:53.656209,0.6862,20,22/Jul/2026:17:08:52.929901;22/Jul/2026:17:08:52.928518;22/Jul/2026:17:08:51.747175;22/Jul/2026:17:08:52.787994;22/Jul/2026:17:08:48.940502;22/Jul/2026:17:08:52.787864;22/Jul/2026:17:08:52.077502;22/Jul/2026:17:08:51.831827;22/Jul/2026:17:08:45.222792;22/Jul/2026:17:08:47.997909;22/Jul/2026:17:08:52.684817;22/Jul/2026:17:08:51.785241;22/Jul/2026:17:08:52.076050;22/Jul/2026:17:08:52.929246;22/Jul/2026:17:08:51.783662;22/Jul/2026:17:08:52.788192;22/Jul/2026:17:08:50.636179;22/Jul/2026:17:08:49.982688;22/Jul/2026:17:08:49.982986;22/Jul/2026:17:08:52.682875,0.0662;0.0726;1.2555;0.2163;4.0645;0.2398;0.9627;1.6068;8.2168;5.4427;0.7576;1.6649;1.3757;0.6651;1.8181;0.8146;2.9669;3.6215;3.6230;0.9232,bytes=1837904930-1837991558;bytes=1826089896-1826199659;bytes=1498260832-1498360772;bytes=1809258964-1809381912;bytes=892558689-892746711;bytes=1805279230-1805460968;bytes=1637847361-1638761078;bytes=1576323758-1577230198;bytes=110958631-111862687;bytes=663256946-663352984;bytes=1732915201-1733821411;bytes=1542077527-1543008563;bytes=1635698053-1635827908;bytes=1830212579-1830328857;bytes=1536026049-1536141400;bytes=1806569642-1807439917;bytes=1175790559-1176690287;bytes=1085184724-1086083059;bytes=1086585600-1087481717;bytes=1722738985-1722836788,76c80647;d56f4dea;83cc4721;b5c4f80f;e22f32c8;d6daafcb;65bd20ed;a67dc37c;dc55af36;8702f080;f60884bf;820db426;5fcace48;472d35a2;51af0dde;cc3f766b;72f43c98;7c0d6b7c;77679eda;03eb82c2
5,5,419,success,None,22/Jul/2026:17:08:52.682049,22/Jul/2026:17:08:53.680525,0.9985,40,22/Jul/2026:17:08:52.075988;22/Jul/2026:17:08:46.827291;22/Jul/2026:17:08:51.275084;22/Jul/2026:17:08:51.275269;22/Jul/2026:17:08:51.275145;22/Jul/2026:17:08:52.075762;22/Jul/2026:17:08:51.746968;22/Jul/2026:17:08:52.137207;22/Jul/2026:17:08:52.682970;22/Jul/2026:17:08:52.077577;22/Jul/2026:17:08:52.136621;22/Jul/2026:17:08:46.192807;22/Jul/2026:17:08:49.865286;22/Jul/2026:17:08:51.832554;22/Jul/2026:17:08:51.831767;22/Jul/2026:17:08:52.930970;22/Jul/2026:17:08:47.249539;22/Jul/2026:17:08:49.983110;22/Jul/2026:17:08:49.794544;22/Jul/2026:17:08:52.694357;22/Jul/2026:17:08:52.929901;22/Jul/2026:17:08:52.928518;22/Jul/2026:17:08:51.747175;22/Jul/2026:17:08:52.787994;22/Jul/2026:17:08:48.940502;22/Jul/2026:17:08:52.787864;22/Jul/2026:17:08:52.077502;22/Jul/2026:17:08:51.831827;22/Jul/2026:17:08:45.222792;22/Jul/2026:17:08:47.997909;22/Jul/2026:17:08:52.684817;22/Jul/2026:17:08:51.785241;22/Jul/2026:17:08:52.076050;22/Jul/2026:17:08:52.929246;22/Jul/2026:17:08:51.783662;22/Jul/2026:17:08:52.788192;22/Jul/2026:17:08:50.636179;22/Jul/2026:17:08:49.982688;22/Jul/2026:17:08:49.982986;22/Jul/2026:17:08:52.682875,0.6147;5.8643;1.4229;1.4232;1.4248;0.6250;0.9657;0.5844;0.0541;0.6602;0.6588;6.6081;2.9385;0.9894;0.9920;0.0040;5.6862;2.9585;3.1518;0.2547;0.0662;0.0726;1.2555;0.2163;4.0645;0.2398;0.9627;1.6068;8.2168;5.4427;0.7576;1.6649;1.3757;0.6651;1.8181;0.8146;2.9669;3.6215;3.6230;0.9232,bytes=1635518176-1635698052;bytes=412619641-413529452;bytes=1410999812-1411903763;bytes=1416070100-1416180800;bytes=1412130008-1412278429;bytes=1630389958-1631293354;bytes=1493171801-1494064653;bytes=1685262769-1685372157;bytes=1722836789-1722941472;bytes=1638761079-1639657030;bytes=1680180477-1681077119;bytes=275862677-276740054;bytes=999237455-999333796;bytes=1581917341-1582029485;bytes=1575415328-1576323757;bytes=1841910819-1842008127;bytes=527717797-528623859;bytes=1088367120-1089281369;bytes=975034158-975149712;bytes=1776050424-1776269551;bytes=1837904930-1837991558;bytes=1826089896-1826199659;bytes=1498260832-1498360772;bytes=1809258964-1809381912;bytes=892558689-892746711;bytes=1805279230-1805460968;bytes=1637847361-1638761078;bytes=1576323758-1577230198;bytes=110958631-111862687;bytes=663256946-663352984;bytes=1732915201-1733821411;bytes=1542077527-1543008563;bytes=1635698053-1635827908;bytes=1830212579-1830328857;bytes=1536026049-1536141400;bytes=1806569642-1807439917;bytes=1175790559-1176690287;bytes=1085184724-1086083059;bytes=1086585600-1087481717;bytes=1722738985-1722836788,f892910a;210a6b89;b86977bf;2dad5b0b;1ee5a319;dff499d1;a384f28d;3cc564bb;c0d8e9fe;9da786bf;92551542;aa807d7e;e629a585;02845970;ae9126b3;86e40eaf;f0f1676f;5471a939;81162d30;eb93532a;76c80647;d56f4dea;83cc4721;b5c4f80f;e22f32c8;d6daafcb;65bd20ed;a67dc37c;dc55af36;8702f080;f60884bf;820db426;5fcace48;472d35a2;51af0dde;cc3f766b;72f43c98;7c0d6b7c;77679eda;03eb82c2
5,5,444,success,None,22/Jul/2026:17:08:52.927462,22/Jul/2026:17:08:53.746898,0.8194,25,22/Jul/2026:17:08:52.930970;22/Jul/2026:17:08:47.249539;22/Jul/2026:17:08:49.983110;22/Jul/2026:17:08:49.794544;22/Jul/2026:17:08:52.694357;22/Jul/2026:17:08:52.929901;22/Jul/2026:17:08:52.928518;22/Jul/2026:17:08:51.747175;22/Jul/2026:17:08:52.787994;22/Jul/2026:17:08:48.940502;22/Jul/2026:17:08:52.787864;22/Jul/2026:17:08:52.077502;22/Jul/2026:17:08:51.831827;22/Jul/2026:17:08:45.222792;22/Jul/2026:17:08:47.997909;22/Jul/2026:17:08:52.684817;22/Jul/2026:17:08:51.785241;22/Jul/2026:17:08:52.076050;22/Jul/2026:17:08:52.929246;22/Jul/2026:17:08:51.783662;22/Jul/2026:17:08:52.788192;22/Jul/2026:17:08:50.636179;22/Jul/2026:17:08:49.982688;22/Jul/2026:17:08:49.982986;22/Jul/2026:17:08:52.682875,0.0040;5.6862;2.9585;3.1518;0.2547;0.0662;0.0726;1.2555;0.2163;4.0645;0.2398;0.9627;1.6068;8.2168;5.4427;0.7576;1.6649;1.3757;0.6651;1.8181;0.8146;2.9669;3.6215;3.6230;0.9232,bytes=1841910819-1842008127;bytes=527717797-528623859;bytes=1088367120-1089281369;bytes=975034158-975149712;bytes=1776050424-1776269551;bytes=1837904930-1837991558;bytes=1826089896-1826199659;bytes=1498260832-1498360772;bytes=1809258964-1809381912;bytes=892558689-892746711;bytes=1805279230-1805460968;bytes=1637847361-1638761078;bytes=1576323758-1577230198;bytes=110958631-111862687;bytes=663256946-663352984;bytes=1732915201-1733821411;bytes=1542077527-1543008563;bytes=1635698053-1635827908;bytes=1830212579-1830328857;bytes=1536026049-1536141400;bytes=1806569642-1807439917;bytes=1175790559-1176690287;bytes=1085184724-1086083059;bytes=1086585600-1087481717;bytes=1722738985-1722836788,86e40eaf;f0f1676f;5471a939;81162d30;eb93532a;76c80647;d56f4dea;83cc4721;b5c4f80f;e22f32c8;d6daafcb;65bd20ed;a67dc37c;dc55af36;8702f080;f60884bf;820db426;5fcace48;472d35a2;51af0dde;cc3f766b;72f43c98;7c0d6b7c;77679eda;03eb82c2
5,5,457,success,None,22/Jul/2026:17:08:53.429827,22/Jul/2026:17:08:54.066093,0.6363,13,22/Jul/2026:17:08:51.831827;22/Jul/2026:17:08:45.222792;22/Jul/2026:17:08:47.997909;22/Jul/2026:17:08:52.684817;22/Jul/2026:17:08:51.785241;22/Jul/2026:17:08:52.076050;22/Jul/2026:17:08:52.929246;22/Jul/2026:17:08:51.783662;22/Jul/2026:17:08:52.788192;22/Jul/2026:17:08:50.636179;22/Jul/2026:17:08:49.982688;22/Jul/2026:17:08:49.982986;22/Jul/2026:17:08:52.682875,1.6068;8.2168;5.4427;0.7576;1.6649;1.3757;0.6651;1.8181;0.8146;2.9669;3.6215;3.6230;0.9232,bytes=1576323758-1577230198;bytes=110958631-111862687;bytes=663256946-663352984;bytes=1732915201-1733821411;bytes=1542077527-1543008563;bytes=1635698053-1635827908;bytes=1830212579-1830328857;bytes=1536026049-1536141400;bytes=1806569642-1807439917;bytes=1175790559-1176690287;bytes=1085184724-1086083059;bytes=1086585600-1087481717;bytes=1722738985-1722836788,a67dc37c;dc55af36;8702f080;f60884bf;820db426;5fcace48;472d35a2;51af0dde;cc3f766b;72f43c98;7c0d6b7c;77679eda;03eb82c2
5,5,464,success,None,22/Jul/2026:17:08:53.587351,22/Jul/2026:17:08:54.245126,0.6578,7,22/Jul/2026:17:08:52.929246;22/Jul/2026:17:08:51.783662;22/Jul/2026:17:08:52.788192;22/Jul/2026:17:08:50.636179;22/Jul/2026:17:08:49.982688;22/Jul/2026:17:08:49.982986;22/Jul/2026:17:08:52.682875,0.6651;1.8181;0.8146;2.9669;3.6215;3.6230;0.9232,bytes=1830212579-1830328857;bytes=1536026049-1536141400;bytes=1806569642-1807439917;bytes=1175790559-1176690287;bytes=1085184724-1086083059;bytes=1086585600-1087481717;bytes=1722738985-1722836788,472d35a2;51af0dde;cc3f766b;72f43c98;7c0d6b7c;77679eda;03eb82c2
