maxWorkers,chunkSize,StartIndex,Status,Error,StartClock,EndClock,Slice_Latency,HTTPSRequestCount,HTTPSRequestClocks,HTTPSRequestLatencies,HTTPS Byte Ranges,HTTPSRequestIDs
15,4,34,success,None,24/Jul/2026:12:46:00.627808,24/Jul/2026:12:46:01.884464,1.2567,8,24/Jul/2026:12:46:00.635576;24/Jul/2026:12:46:00.632718;24/Jul/2026:12:46:00.661065;24/Jul/2026:12:46:00.660957;24/Jul/2026:12:46:00.654792;24/Jul/2026:12:46:00.654250;24/Jul/2026:12:46:00.654527;24/Jul/2026:12:46:00.662955,0.2527;0.3166;0.9889;1.0166;1.0401;1.0910;1.0918;1.1758,bytes=32607769-33501534;bytes=7765296-7868753;bytes=246620476-246739262;bytes=242883246-242969559;bytes=217140566-218048429;bytes=195569362-196458496;bytes=202135189-202210891;bytes=316044706-316242257,3f97e5b1;6f19a390;89fd35c8;114cc861;eb8ae03b;c9fb34d8;d82b4f95;71a0d6eb
15,4,0,success,None,24/Jul/2026:12:46:00.626030,24/Jul/2026:12:46:01.985621,1.3596,9,24/Jul/2026:12:46:00.635576;24/Jul/2026:12:46:00.632718;24/Jul/2026:12:46:00.661065;24/Jul/2026:12:46:00.660957;24/Jul/2026:12:46:00.654792;24/Jul/2026:12:46:00.654250;24/Jul/2026:12:46:00.654527;24/Jul/2026:12:46:00.662955;24/Jul/2026:12:46:00.666218,0.2527;0.3166;0.9889;1.0166;1.0401;1.0910;1.0918;1.1758;1.2683,bytes=32607769-33501534;bytes=7765296-7868753;bytes=246620476-246739262;bytes=242883246-242969559;bytes=217140566-218048429;bytes=195569362-196458496;bytes=202135189-202210891;bytes=316044706-316242257;bytes=414984527-415878393,3f97e5b1;6f19a390;89fd35c8;114cc861;eb8ae03b;c9fb34d8;d82b4f95;71a0d6eb;8f9d68ad
15,4,17,success,None,24/Jul/2026:12:46:00.627090,24/Jul/2026:12:46:02.008001,1.3809,9,24/Jul/2026:12:46:00.635576;24/Jul/2026:12:46:00.632718;24/Jul/2026:12:46:00.661065;24/Jul/2026:12:46:00.660957;24/Jul/2026:12:46:00.654792;24/Jul/2026:12:46:00.654250;24/Jul/2026:12:46:00.654527;24/Jul/2026:12:46:00.662955;24/Jul/2026:12:46:00.666218,0.2527;0.3166;0.9889;1.0166;1.0401;1.0910;1.0918;1.1758;1.2683,bytes=32607769-33501534;bytes=7765296-7868753;bytes=246620476-246739262;bytes=242883246-242969559;bytes=217140566-218048429;bytes=195569362-196458496;bytes=202135189-202210891;bytes=316044706-316242257;bytes=414984527-415878393,3f97e5b1;6f19a390;89fd35c8;114cc861;eb8ae03b;c9fb34d8;d82b4f95;71a0d6eb;8f9d68ad
15,4,24,success,None,24/Jul/2026:12:46:00.627320,24/Jul/2026:12:46:02.022569,1.3953,9,24/Jul/2026:12:46:00.635576;24/Jul/2026:12:46:00.632718;24/Jul/2026:12:46:00.661065;24/Jul/2026:12:46:00.660957;24/Jul/2026:12:46:00.654792;24/Jul/2026:12:46:00.654250;24/Jul/2026:12:46:00.654527;24/Jul/2026:12:46:00.662955;24/Jul/2026:12:46:00.666218,0.2527;0.3166;0.9889;1.0166;1.0401;1.0910;1.0918;1.1758;1.2683,bytes=32607769-33501534;bytes=7765296-7868753;bytes=246620476-246739262;bytes=242883246-242969559;bytes=217140566-218048429;bytes=195569362-196458496;bytes=202135189-202210891;bytes=316044706-316242257;bytes=414984527-415878393,3f97e5b1;6f19a390;89fd35c8;114cc861;eb8ae03b;c9fb34d8;d82b4f95;71a0d6eb;8f9d68ad
15,4,29,success,None,24/Jul/2026:12:46:00.627523,24/Jul/2026:12:46:02.130446,1.5030,12,24/Jul/2026:12:46:00.635576;24/Jul/2026:12:46:00.632718;24/Jul/2026:12:46:00.661065;24/Jul/2026:12:46:00.660957;24/Jul/2026:12:46:00.654792;24/Jul/2026:12:46:00.654250;24/Jul/2026:12:46:00.654527;24/Jul/2026:12:46:00.662955;24/Jul/2026:12:46:00.666218;24/Jul/2026:12:46:00.662862;24/Jul/2026:12:46:00.652338;24/Jul/2026:12:46:00.660516,0.2527;0.3166;0.9889;1.0166;1.0401;1.0910;1.0918;1.1758;1.2683;1.4064;1.4501;1.4679,bytes=32607769-33501534;bytes=7765296-7868753;bytes=246620476-246739262;bytes=242883246-242969559;bytes=217140566-218048429;bytes=195569362-196458496;bytes=202135189-202210891;bytes=316044706-316242257;bytes=414984527-415878393;bytes=314036052-314961210;bytes=174363374-175258548;bytes=226620043-226801955,3f97e5b1;6f19a390;89fd35c8;114cc861;eb8ae03b;c9fb34d8;d82b4f95;71a0d6eb;8f9d68ad;6c9fd690;5cdd7bb7;004e9b6c
15,4,6,success,None,24/Jul/2026:12:46:00.626855,24/Jul/2026:12:46:02.271801,1.6450,12,24/Jul/2026:12:46:00.635576;24/Jul/2026:12:46:00.632718;24/Jul/2026:12:46:00.661065;24/Jul/2026:12:46:00.660957;24/Jul/2026:12:46:00.654792;24/Jul/2026:12:46:00.654250;24/Jul/2026:12:46:00.654527;24/Jul/2026:12:46:00.662955;24/Jul/2026:12:46:00.666218;24/Jul/2026:12:46:00.662862;24/Jul/2026:12:46:00.652338;24/Jul/2026:12:46:00.660516,0.2527;0.3166;0.9889;1.0166;1.0401;1.0910;1.0918;1.1758;1.2683;1.4064;1.4501;1.4679,bytes=32607769-33501534;bytes=7765296-7868753;bytes=246620476-246739262;bytes=242883246-242969559;bytes=217140566-218048429;bytes=195569362-196458496;bytes=202135189-202210891;bytes=316044706-316242257;bytes=414984527-415878393;bytes=314036052-314961210;bytes=174363374-175258548;bytes=226620043-226801955,3f97e5b1;6f19a390;89fd35c8;114cc861;eb8ae03b;c9fb34d8;d82b4f95;71a0d6eb;8f9d68ad;6c9fd690;5cdd7bb7;004e9b6c
15,4,46,success,None,24/Jul/2026:12:46:00.629100,24/Jul/2026:12:46:02.452319,1.8233,14,24/Jul/2026:12:46:00.635576;24/Jul/2026:12:46:00.632718;24/Jul/2026:12:46:00.661065;24/Jul/2026:12:46:00.660957;24/Jul/2026:12:46:00.654792;24/Jul/2026:12:46:00.654250;24/Jul/2026:12:46:00.654527;24/Jul/2026:12:46:00.662955;24/Jul/2026:12:46:00.666218;24/Jul/2026:12:46:00.662862;24/Jul/2026:12:46:00.652338;24/Jul/2026:12:46:00.660516;24/Jul/2026:12:46:00.655001;24/Jul/2026:12:46:00.662391,0.2527;0.3166;0.9889;1.0166;1.0401;1.0910;1.0918;1.1758;1.2683;1.4064;1.4501;1.4679;1.6283;1.7519,bytes=32607769-33501534;bytes=7765296-7868753;bytes=246620476-246739262;bytes=242883246-242969559;bytes=217140566-218048429;bytes=195569362-196458496;bytes=202135189-202210891;bytes=316044706-316242257;bytes=414984527-415878393;bytes=314036052-314961210;bytes=174363374-175258548;bytes=226620043-226801955;bytes=222339355-222425936;bytes=308112266-309015044,3f97e5b1;6f19a390;89fd35c8;114cc861;eb8ae03b;c9fb34d8;d82b4f95;71a0d6eb;8f9d68ad;6c9fd690;5cdd7bb7;004e9b6c;4aaea555;fbee57e7
15,4,41,success,None,24/Jul/2026:12:46:00.628893,24/Jul/2026:12:46:02.461085,1.8322,14,24/Jul/2026:12:46:00.635576;24/Jul/2026:12:46:00.632718;24/Jul/2026:12:46:00.661065;24/Jul/2026:12:46:00.660957;24/Jul/2026:12:46:00.654792;24/Jul/2026:12:46:00.654250;24/Jul/2026:12:46:00.654527;24/Jul/2026:12:46:00.662955;24/Jul/2026:12:46:00.666218;24/Jul/2026:12:46:00.662862;24/Jul/2026:12:46:00.652338;24/Jul/2026:12:46:00.660516;24/Jul/2026:12:46:00.655001;24/Jul/2026:12:46:00.662391,0.2527;0.3166;0.9889;1.0166;1.0401;1.0910;1.0918;1.1758;1.2683;1.4064;1.4501;1.4679;1.6283;1.7519,bytes=32607769-33501534;bytes=7765296-7868753;bytes=246620476-246739262;bytes=242883246-242969559;bytes=217140566-218048429;bytes=195569362-196458496;bytes=202135189-202210891;bytes=316044706-316242257;bytes=414984527-415878393;bytes=314036052-314961210;bytes=174363374-175258548;bytes=226620043-226801955;bytes=222339355-222425936;bytes=308112266-309015044,3f97e5b1;6f19a390;89fd35c8;114cc861;eb8ae03b;c9fb34d8;d82b4f95;71a0d6eb;8f9d68ad;6c9fd690;5cdd7bb7;004e9b6c;4aaea555;fbee57e7
15,4,59,success,None,24/Jul/2026:12:46:00.629485,24/Jul/2026:12:46:02.631384,2.0019,23,24/Jul/2026:12:46:00.635576;24/Jul/2026:12:46:00.632718;24/Jul/2026:12:46:00.661065;24/Jul/2026:12:46:00.660957;24/Jul/2026:12:46:00.654792;24/Jul/2026:12:46:00.654250;24/Jul/2026:12:46:00.654527;24/Jul/2026:12:46:00.662955;24/Jul/2026:12:46:00.666218;24/Jul/2026:12:46:00.662862;24/Jul/2026:12:46:00.652338;24/Jul/2026:12:46:00.660516;24/Jul/2026:12:46:00.655001;24/Jul/2026:12:46:00.662391;24/Jul/2026:12:46:00.654309;24/Jul/2026:12:46:00.653540;24/Jul/2026:12:46:00.652714;24/Jul/2026:12:46:00.637565;24/Jul/2026:12:46:00.634150;24/Jul/2026:12:46:01.885858;24/Jul/2026:12:46:02.023467;24/Jul/2026:12:46:00.633086;24/Jul/2026:12:46:00.662346,0.2527;0.3166;0.9889;1.0166;1.0401;1.0910;1.0918;1.1758;1.2683;1.4064;1.4501;1.4679;1.6283;1.7519;1.8274;1.8414;1.8447;1.8633;1.8686;0.6762;0.5426;1.9345;1.9425,bytes=32607769-33501534;bytes=7765296-7868753;bytes=246620476-246739262;bytes=242883246-242969559;bytes=217140566-218048429;bytes=195569362-196458496;bytes=202135189-202210891;bytes=316044706-316242257;bytes=414984527-415878393;bytes=314036052-314961210;bytes=174363374-175258548;bytes=226620043-226801955;bytes=222339355-222425936;bytes=308112266-309015044;bytes=196458497-197345469;bytes=194301901-194391279;bytes=182125238-182228660;bytes=76333743-76424815;bytes=15652078-15733139;bytes=497803317-498712849;bytes=664638263-665507766;bytes=7968367-8856069;bytes=311821962-311899636,3f97e5b1;6f19a390;89fd35c8;114cc861;eb8ae03b;c9fb34d8;d82b4f95;71a0d6eb;8f9d68ad;6c9fd690;5cdd7bb7;004e9b6c;4aaea555;fbee57e7;56e01bcf;846ccb55;b81189d7;6a3afcde;8dd8e928;5b0994bb;09e1e2dd;1e233b36;0a87494f
15,4,53,success,None,24/Jul/2026:12:46:00.629295,24/Jul/2026:12:46:02.675027,2.0458,25,24/Jul/2026:12:46:00.635576;24/Jul/2026:12:46:00.632718;24/Jul/2026:12:46:00.661065;24/Jul/2026:12:46:00.660957;24/Jul/2026:12:46:00.654792;24/Jul/2026:12:46:00.654250;24/Jul/2026:12:46:00.654527;24/Jul/2026:12:46:00.662955;24/Jul/2026:12:46:00.666218;24/Jul/2026:12:46:00.662862;24/Jul/2026:12:46:00.652338;24/Jul/2026:12:46:00.660516;24/Jul/2026:12:46:00.655001;24/Jul/2026:12:46:00.662391;24/Jul/2026:12:46:00.654309;24/Jul/2026:12:46:00.653540;24/Jul/2026:12:46:00.652714;24/Jul/2026:12:46:00.637565;24/Jul/2026:12:46:00.634150;24/Jul/2026:12:46:01.885858;24/Jul/2026:12:46:02.023467;24/Jul/2026:12:46:00.633086;24/Jul/2026:12:46:00.662346;24/Jul/2026:12:46:00.653190;24/Jul/2026:12:46:00.637300,0.2527;0.3166;0.9889;1.0166;1.0401;1.0910;1.0918;1.1758;1.2683;1.4064;1.4501;1.4679;1.6283;1.7519;1.8274;1.8414;1.8447;1.8633;1.8686;0.6762;0.5426;1.9345;1.9425;1.9955;2.0158,bytes=32607769-33501534;bytes=7765296-7868753;bytes=246620476-246739262;bytes=242883246-242969559;bytes=217140566-218048429;bytes=195569362-196458496;bytes=202135189-202210891;bytes=316044706-316242257;bytes=414984527-415878393;bytes=314036052-314961210;bytes=174363374-175258548;bytes=226620043-226801955;bytes=222339355-222425936;bytes=308112266-309015044;bytes=196458497-197345469;bytes=194301901-194391279;bytes=182125238-182228660;bytes=76333743-76424815;bytes=15652078-15733139;bytes=497803317-498712849;bytes=664638263-665507766;bytes=7968367-8856069;bytes=311821962-311899636;bytes=190616080-190706826;bytes=72226775-72419816,3f97e5b1;6f19a390;89fd35c8;114cc861;eb8ae03b;c9fb34d8;d82b4f95;71a0d6eb;8f9d68ad;6c9fd690;5cdd7bb7;004e9b6c;4aaea555;fbee57e7;56e01bcf;846ccb55;b81189d7;6a3afcde;8dd8e928;5b0994bb;09e1e2dd;1e233b36;0a87494f;b45d43bd;dac0c361
15,4,75,success,None,24/Jul/2026:12:46:00.629893,24/Jul/2026:12:46:02.950242,2.3204,27,24/Jul/2026:12:46:00.635576;24/Jul/2026:12:46:00.632718;24/Jul/2026:12:46:00.661065;24/Jul/2026:12:46:00.660957;24/Jul/2026:12:46:00.654792;24/Jul/2026:12:46:00.654250;24/Jul/2026:12:46:00.654527;24/Jul/2026:12:46:00.662955;24/Jul/2026:12:46:00.666218;24/Jul/2026:12:46:00.662862;24/Jul/2026:12:46:00.652338;24/Jul/2026:12:46:00.660516;24/Jul/2026:12:46:00.655001;24/Jul/2026:12:46:00.662391;24/Jul/2026:12:46:00.654309;24/Jul/2026:12:46:00.653540;24/Jul/2026:12:46:00.652714;24/Jul/2026:12:46:00.637565;24/Jul/2026:12:46:00.634150;24/Jul/2026:12:46:01.885858;24/Jul/2026:12:46:02.023467;24/Jul/2026:12:46:00.633086;24/Jul/2026:12:46:00.662346;24/Jul/2026:12:46:00.653190;24/Jul/2026:12:46:00.637300;24/Jul/2026:12:46:00.663701;24/Jul/2026:12:46:02.272841,0.2527;0.3166;0.9889;1.0166;1.0401;1.0910;1.0918;1.1758;1.2683;1.4064;1.4501;1.4679;1.6283;1.7519;1.8274;1.8414;1.8447;1.8633;1.8686;0.6762;0.5426;1.9345;1.9425;1.9955;2.0158;2.2010;0.6709,bytes=32607769-33501534;bytes=7765296-7868753;bytes=246620476-246739262;bytes=242883246-242969559;bytes=217140566-218048429;bytes=195569362-196458496;bytes=202135189-202210891;bytes=316044706-316242257;bytes=414984527-415878393;bytes=314036052-314961210;bytes=174363374-175258548;bytes=226620043-226801955;bytes=222339355-222425936;bytes=308112266-309015044;bytes=196458497-197345469;bytes=194301901-194391279;bytes=182125238-182228660;bytes=76333743-76424815;bytes=15652078-15733139;bytes=497803317-498712849;bytes=664638263-665507766;bytes=7968367-8856069;bytes=311821962-311899636;bytes=190616080-190706826;bytes=72226775-72419816;bytes=360814687-360987592;bytes=728797327-728892940,3f97e5b1;6f19a390;89fd35c8;114cc861;eb8ae03b;c9fb34d8;d82b4f95;71a0d6eb;8f9d68ad;6c9fd690;5cdd7bb7;004e9b6c;4aaea555;fbee57e7;56e01bcf;846ccb55;b81189d7;6a3afcde;8dd8e928;5b0994bb;09e1e2dd;1e233b36;0a87494f;b45d43bd;dac0c361;11a636ce;38bf546c
15,4,87,success,None,24/Jul/2026:12:46:00.630077,24/Jul/2026:12:46:03.061648,2.4316,30,24/Jul/2026:12:46:00.635576;24/Jul/2026:12:46:00.632718;24/Jul/2026:12:46:00.661065;24/Jul/2026:12:46:00.660957;24/Jul/2026:12:46:00.654792;24/Jul/2026:12:46:00.654250;24/Jul/2026:12:46:00.654527;24/Jul/2026:12:46:00.662955;24/Jul/2026:12:46:00.666218;24/Jul/2026:12:46:00.662862;24/Jul/2026:12:46:00.652338;24/Jul/2026:12:46:00.660516;24/Jul/2026:12:46:00.655001;24/Jul/2026:12:46:00.662391;24/Jul/2026:12:46:00.654309;24/Jul/2026:12:46:00.653540;24/Jul/2026:12:46:00.652714;24/Jul/2026:12:46:00.637565;24/Jul/2026:12:46:00.634150;24/Jul/2026:12:46:01.885858;24/Jul/2026:12:46:02.023467;24/Jul/2026:12:46:00.633086;24/Jul/2026:12:46:00.662346;24/Jul/2026:12:46:00.653190;24/Jul/2026:12:46:00.637300;24/Jul/2026:12:46:00.663701;24/Jul/2026:12:46:02.272841;24/Jul/2026:12:46:00.664808;24/Jul/2026:12:46:00.666607;24/Jul/2026:12:46:02.462335,0.2527;0.3166;0.9889;1.0166;1.0401;1.0910;1.0918;1.1758;1.2683;1.4064;1.4501;1.4679;1.6283;1.7519;1.8274;1.8414;1.8447;1.8633;1.8686;0.6762;0.5426;1.9345;1.9425;1.9955;2.0158;2.2010;0.6709;2.3105;2.3479;0.5805,bytes=32607769-33501534;bytes=7765296-7868753;bytes=246620476-246739262;bytes=242883246-242969559;bytes=217140566-218048429;bytes=195569362-196458496;bytes=202135189-202210891;bytes=316044706-316242257;bytes=414984527-415878393;bytes=314036052-314961210;bytes=174363374-175258548;bytes=226620043-226801955;bytes=222339355-222425936;bytes=308112266-309015044;bytes=196458497-197345469;bytes=194301901-194391279;bytes=182125238-182228660;bytes=76333743-76424815;bytes=15652078-15733139;bytes=497803317-498712849;bytes=664638263-665507766;bytes=7968367-8856069;bytes=311821962-311899636;bytes=190616080-190706826;bytes=72226775-72419816;bytes=360814687-360987592;bytes=728797327-728892940;bytes=388560401-389466134;bytes=436493583-437389647;bytes=775282914-776163131,3f97e5b1;6f19a390;89fd35c8;114cc861;eb8ae03b;c9fb34d8;d82b4f95;71a0d6eb;8f9d68ad;6c9fd690;5cdd7bb7;004e9b6c;4aaea555;fbee57e7;56e01bcf;846ccb55;b81189d7;6a3afcde;8dd8e928;5b0994bb;09e1e2dd;1e233b36;0a87494f;b45d43bd;dac0c361;11a636ce;38bf546c;f8029e06;915a3e83;b56e5a47
15,4,107,success,None,24/Jul/2026:12:46:00.631258,24/Jul/2026:12:46:03.214780,2.5836,32,24/Jul/2026:12:46:00.635576;24/Jul/2026:12:46:00.632718;24/Jul/2026:12:46:00.661065;24/Jul/2026:12:46:00.660957;24/Jul/2026:12:46:00.654792;24/Jul/2026:12:46:00.654250;24/Jul/2026:12:46:00.654527;24/Jul/2026:12:46:00.662955;24/Jul/2026:12:46:00.666218;24/Jul/2026:12:46:00.662862;24/Jul/2026:12:46:00.652338;24/Jul/2026:12:46:00.660516;24/Jul/2026:12:46:00.655001;24/Jul/2026:12:46:00.662391;24/Jul/2026:12:46:00.654309;24/Jul/2026:12:46:00.653540;24/Jul/2026:12:46:00.652714;24/Jul/2026:12:46:00.637565;24/Jul/2026:12:46:00.634150;24/Jul/2026:12:46:01.885858;24/Jul/2026:12:46:02.023467;24/Jul/2026:12:46:00.633086;24/Jul/2026:12:46:00.662346;24/Jul/2026:12:46:00.653190;24/Jul/2026:12:46:00.637300;24/Jul/2026:12:46:00.663701;24/Jul/2026:12:46:02.272841;24/Jul/2026:12:46:00.664808;24/Jul/2026:12:46:00.666607;24/Jul/2026:12:46:02.462335;24/Jul/2026:12:46:00.654196;24/Jul/2026:12:46:00.639905,0.2527;0.3166;0.9889;1.0166;1.0401;1.0910;1.0918;1.1758;1.2683;1.4064;1.4501;1.4679;1.6283;1.7519;1.8274;1.8414;1.8447;1.8633;1.8686;0.6762;0.5426;1.9345;1.9425;1.9955;2.0158;2.2010;0.6709;2.3105;2.3479;0.5805;2.4392;2.5423,bytes=32607769-33501534;bytes=7765296-7868753;bytes=246620476-246739262;bytes=242883246-242969559;bytes=217140566-218048429;bytes=195569362-196458496;bytes=202135189-202210891;bytes=316044706-316242257;bytes=414984527-415878393;bytes=314036052-314961210;bytes=174363374-175258548;bytes=226620043-226801955;bytes=222339355-222425936;bytes=308112266-309015044;bytes=196458497-197345469;bytes=194301901-194391279;bytes=182125238-182228660;bytes=76333743-76424815;bytes=15652078-15733139;bytes=497803317-498712849;bytes=664638263-665507766;bytes=7968367-8856069;bytes=311821962-311899636;bytes=190616080-190706826;bytes=72226775-72419816;bytes=360814687-360987592;bytes=728797327-728892940;bytes=388560401-389466134;bytes=436493583-437389647;bytes=775282914-776163131;bytes=194669978-195569361;bytes=99839545-100736162,3f97e5b1;6f19a390;89fd35c8;114cc861;eb8ae03b;c9fb34d8;d82b4f95;71a0d6eb;8f9d68ad;6c9fd690;5cdd7bb7;004e9b6c;4aaea555;fbee57e7;56e01bcf;846ccb55;b81189d7;6a3afcde;8dd8e928;5b0994bb;09e1e2dd;1e233b36;0a87494f;b45d43bd;dac0c361;11a636ce;38bf546c;f8029e06;915a3e83;b56e5a47;7ddf4249;69356f35
15,4,94,success,None,24/Jul/2026:12:46:00.630257,24/Jul/2026:12:46:03.231349,2.6011,32,24/Jul/2026:12:46:00.635576;24/Jul/2026:12:46:00.632718;24/Jul/2026:12:46:00.661065;24/Jul/2026:12:46:00.660957;24/Jul/2026:12:46:00.654792;24/Jul/2026:12:46:00.654250;24/Jul/2026:12:46:00.654527;24/Jul/2026:12:46:00.662955;24/Jul/2026:12:46:00.666218;24/Jul/2026:12:46:00.662862;24/Jul/2026:12:46:00.652338;24/Jul/2026:12:46:00.660516;24/Jul/2026:12:46:00.655001;24/Jul/2026:12:46:00.662391;24/Jul/2026:12:46:00.654309;24/Jul/2026:12:46:00.653540;24/Jul/2026:12:46:00.652714;24/Jul/2026:12:46:00.637565;24/Jul/2026:12:46:00.634150;24/Jul/2026:12:46:01.885858;24/Jul/2026:12:46:02.023467;24/Jul/2026:12:46:00.633086;24/Jul/2026:12:46:00.662346;24/Jul/2026:12:46:00.653190;24/Jul/2026:12:46:00.637300;24/Jul/2026:12:46:00.663701;24/Jul/2026:12:46:02.272841;24/Jul/2026:12:46:00.664808;24/Jul/2026:12:46:00.666607;24/Jul/2026:12:46:02.462335;24/Jul/2026:12:46:00.654196;24/Jul/2026:12:46:00.639905,0.2527;0.3166;0.9889;1.0166;1.0401;1.0910;1.0918;1.1758;1.2683;1.4064;1.4501;1.4679;1.6283;1.7519;1.8274;1.8414;1.8447;1.8633;1.8686;0.6762;0.5426;1.9345;1.9425;1.9955;2.0158;2.2010;0.6709;2.3105;2.3479;0.5805;2.4392;2.5423,bytes=32607769-33501534;bytes=7765296-7868753;bytes=246620476-246739262;bytes=242883246-242969559;bytes=217140566-218048429;bytes=195569362-196458496;bytes=202135189-202210891;bytes=316044706-316242257;bytes=414984527-415878393;bytes=314036052-314961210;bytes=174363374-175258548;bytes=226620043-226801955;bytes=222339355-222425936;bytes=308112266-309015044;bytes=196458497-197345469;bytes=194301901-194391279;bytes=182125238-182228660;bytes=76333743-76424815;bytes=15652078-15733139;bytes=497803317-498712849;bytes=664638263-665507766;bytes=7968367-8856069;bytes=311821962-311899636;bytes=190616080-190706826;bytes=72226775-72419816;bytes=360814687-360987592;bytes=728797327-728892940;bytes=388560401-389466134;bytes=436493583-437389647;bytes=775282914-776163131;bytes=194669978-195569361;bytes=99839545-100736162,3f97e5b1;6f19a390;89fd35c8;114cc861;eb8ae03b;c9fb34d8;d82b4f95;71a0d6eb;8f9d68ad;6c9fd690;5cdd7bb7;004e9b6c;4aaea555;fbee57e7;56e01bcf;846ccb55;b81189d7;6a3afcde;8dd8e928;5b0994bb;09e1e2dd;1e233b36;0a87494f;b45d43bd;dac0c361;11a636ce;38bf546c;f8029e06;915a3e83;b56e5a47;7ddf4249;69356f35
15,4,121,success,None,24/Jul/2026:12:46:01.884737,24/Jul/2026:12:46:03.253697,1.3690,24,24/Jul/2026:12:46:00.666218;24/Jul/2026:12:46:00.662862;24/Jul/2026:12:46:00.652338;24/Jul/2026:12:46:00.660516;24/Jul/2026:12:46:00.655001;24/Jul/2026:12:46:00.662391;24/Jul/2026:12:46:00.654309;24/Jul/2026:12:46:00.653540;24/Jul/2026:12:46:00.652714;24/Jul/2026:12:46:00.637565;24/Jul/2026:12:46:00.634150;24/Jul/2026:12:46:01.885858;24/Jul/2026:12:46:02.023467;24/Jul/2026:12:46:00.633086;24/Jul/2026:12:46:00.662346;24/Jul/2026:12:46:00.653190;24/Jul/2026:12:46:00.637300;24/Jul/2026:12:46:00.663701;24/Jul/2026:12:46:02.272841;24/Jul/2026:12:46:00.664808;24/Jul/2026:12:46:00.666607;24/Jul/2026:12:46:02.462335;24/Jul/2026:12:46:00.654196;24/Jul/2026:12:46:00.639905,1.2683;1.4064;1.4501;1.4679;1.6283;1.7519;1.8274;1.8414;1.8447;1.8633;1.8686;0.6762;0.5426;1.9345;1.9425;1.9955;2.0158;2.2010;0.6709;2.3105;2.3479;0.5805;2.4392;2.5423,bytes=414984527-415878393;bytes=314036052-314961210;bytes=174363374-175258548;bytes=226620043-226801955;bytes=222339355-222425936;bytes=308112266-309015044;bytes=196458497-197345469;bytes=194301901-194391279;bytes=182125238-182228660;bytes=76333743-76424815;bytes=15652078-15733139;bytes=497803317-498712849;bytes=664638263-665507766;bytes=7968367-8856069;bytes=311821962-311899636;bytes=190616080-190706826;bytes=72226775-72419816;bytes=360814687-360987592;bytes=728797327-728892940;bytes=388560401-389466134;bytes=436493583-437389647;bytes=775282914-776163131;bytes=194669978-195569361;bytes=99839545-100736162,8f9d68ad;6c9fd690;5cdd7bb7;004e9b6c;4aaea555;fbee57e7;56e01bcf;846ccb55;b81189d7;6a3afcde;8dd8e928;5b0994bb;09e1e2dd;1e233b36;0a87494f;b45d43bd;dac0c361;11a636ce;38bf546c;f8029e06;915a3e83;b56e5a47;7ddf4249;69356f35
15,4,100,success,None,24/Jul/2026:12:46:00.630470,24/Jul/2026:12:46:03.612506,2.9821,44,24/Jul/2026:12:46:00.635576;24/Jul/2026:12:46:00.632718;24/Jul/2026:12:46:00.661065;24/Jul/2026:12:46:00.660957;24/Jul/2026:12:46:00.654792;24/Jul/2026:12:46:00.654250;24/Jul/2026:12:46:00.654527;24/Jul/2026:12:46:00.662955;24/Jul/2026:12:46:00.666218;24/Jul/2026:12:46:00.662862;24/Jul/2026:12:46:00.652338;24/Jul/2026:12:46:00.660516;24/Jul/2026:12:46:00.655001;24/Jul/2026:12:46:00.662391;24/Jul/2026:12:46:00.654309;24/Jul/2026:12:46:00.653540;24/Jul/2026:12:46:00.652714;24/Jul/2026:12:46:00.637565;24/Jul/2026:12:46:00.634150;24/Jul/2026:12:46:01.885858;24/Jul/2026:12:46:02.023467;24/Jul/2026:12:46:00.633086;24/Jul/2026:12:46:00.662346;24/Jul/2026:12:46:00.653190;24/Jul/2026:12:46:00.637300;24/Jul/2026:12:46:00.663701;24/Jul/2026:12:46:02.272841;24/Jul/2026:12:46:00.664808;24/Jul/2026:12:46:00.666607;24/Jul/2026:12:46:02.462335;24/Jul/2026:12:46:00.654196;24/Jul/2026:12:46:00.639905;24/Jul/2026:12:46:00.654634;24/Jul/2026:12:46:00.637650;24/Jul/2026:12:46:00.652589;24/Jul/2026:12:46:02.453407;24/Jul/2026:12:46:00.661120;24/Jul/2026:12:46:00.642745;24/Jul/2026:12:46:02.009572;24/Jul/2026:12:46:00.666700;24/Jul/2026:12:46:03.215844;24/Jul/2026:12:46:02.023909;24/Jul/2026:12:46:00.665714;24/Jul/2026:12:46:00.634765,0.2527;0.3166;0.9889;1.0166;1.0401;1.0910;1.0918;1.1758;1.2683;1.4064;1.4501;1.4679;1.6283;1.7519;1.8274;1.8414;1.8447;1.8633;1.8686;0.6762;0.5426;1.9345;1.9425;1.9955;2.0158;2.2010;0.6709;2.3105;2.3479;0.5805;2.4392;2.5423;2.6773;2.7206;2.7250;0.9295;2.7405;2.8021;1.4401;2.8091;0.2629;1.4572;2.8176;2.9679,bytes=32607769-33501534;bytes=7765296-7868753;bytes=246620476-246739262;bytes=242883246-242969559;bytes=217140566-218048429;bytes=195569362-196458496;bytes=202135189-202210891;bytes=316044706-316242257;bytes=414984527-415878393;bytes=314036052-314961210;bytes=174363374-175258548;bytes=226620043-226801955;bytes=222339355-222425936;bytes=308112266-309015044;bytes=196458497-197345469;bytes=194301901-194391279;bytes=182125238-182228660;bytes=76333743-76424815;bytes=15652078-15733139;bytes=497803317-498712849;bytes=664638263-665507766;bytes=7968367-8856069;bytes=311821962-311899636;bytes=190616080-190706826;bytes=72226775-72419816;bytes=360814687-360987592;bytes=728797327-728892940;bytes=388560401-389466134;bytes=436493583-437389647;bytes=775282914-776163131;bytes=194669978-195569361;bytes=99839545-100736162;bytes=214424172-215318826;bytes=72625561-73521220;bytes=178158114-178336996;bytes=745094585-745206093;bytes=246739263-246877761;bytes=107864874-108774691;bytes=621587756-622494159;bytes=438481285-438578454;bytes=900724192-900816838;bytes=675754358-675858112;bytes=413529453-413613255;bytes=32038768-32136927,3f97e5b1;6f19a390;89fd35c8;114cc861;eb8ae03b;c9fb34d8;d82b4f95;71a0d6eb;8f9d68ad;6c9fd690;5cdd7bb7;004e9b6c;4aaea555;fbee57e7;56e01bcf;846ccb55;b81189d7;6a3afcde;8dd8e928;5b0994bb;09e1e2dd;1e233b36;0a87494f;b45d43bd;dac0c361;11a636ce;38bf546c;f8029e06;915a3e83;b56e5a47;7ddf4249;69356f35;355fb109;1375937a;1ae223ed;45b2af7c;10c47554;bb8174a8;45c442c3;d5b5c9c8;c9c623d1;72fa8754;7abb7549;03fbcea7
15,4,138,success,None,24/Jul/2026:12:46:01.985927,24/Jul/2026:12:46:03.677093,1.6912,36,24/Jul/2026:12:46:00.662862;24/Jul/2026:12:46:00.652338;24/Jul/2026:12:46:00.660516;24/Jul/2026:12:46:00.655001;24/Jul/2026:12:46:00.662391;24/Jul/2026:12:46:00.654309;24/Jul/2026:12:46:00.653540;24/Jul/2026:12:46:00.652714;24/Jul/2026:12:46:00.637565;24/Jul/2026:12:46:00.634150;24/Jul/2026:12:46:01.885858;24/Jul/2026:12:46:02.023467;24/Jul/2026:12:46:00.633086;24/Jul/2026:12:46:00.662346;24/Jul/2026:12:46:00.653190;24/Jul/2026:12:46:00.637300;24/Jul/2026:12:46:00.663701;24/Jul/2026:12:46:02.272841;24/Jul/2026:12:46:00.664808;24/Jul/2026:12:46:00.666607;24/Jul/2026:12:46:02.462335;24/Jul/2026:12:46:00.654196;24/Jul/2026:12:46:00.639905;24/Jul/2026:12:46:00.654634;24/Jul/2026:12:46:00.637650;24/Jul/2026:12:46:00.652589;24/Jul/2026:12:46:02.453407;24/Jul/2026:12:46:00.661120;24/Jul/2026:12:46:00.642745;24/Jul/2026:12:46:02.009572;24/Jul/2026:12:46:00.666700;24/Jul/2026:12:46:03.215844;24/Jul/2026:12:46:02.023909;24/Jul/2026:12:46:00.665714;24/Jul/2026:12:46:00.634765;24/Jul/2026:12:46:02.131931,1.4064;1.4501;1.4679;1.6283;1.7519;1.8274;1.8414;1.8447;1.8633;1.8686;0.6762;0.5426;1.9345;1.9425;1.9955;2.0158;2.2010;0.6709;2.3105;2.3479;0.5805;2.4392;2.5423;2.6773;2.7206;2.7250;0.9295;2.7405;2.8021;1.4401;2.8091;0.2629;1.4572;2.8176;2.9679;1.5167,bytes=314036052-314961210;bytes=174363374-175258548;bytes=226620043-226801955;bytes=222339355-222425936;bytes=308112266-309015044;bytes=196458497-197345469;bytes=194301901-194391279;bytes=182125238-182228660;bytes=76333743-76424815;bytes=15652078-15733139;bytes=497803317-498712849;bytes=664638263-665507766;bytes=7968367-8856069;bytes=311821962-311899636;bytes=190616080-190706826;bytes=72226775-72419816;bytes=360814687-360987592;bytes=728797327-728892940;bytes=388560401-389466134;bytes=436493583-437389647;bytes=775282914-776163131;bytes=194669978-195569361;bytes=99839545-100736162;bytes=214424172-215318826;bytes=72625561-73521220;bytes=178158114-178336996;bytes=745094585-745206093;bytes=246739263-246877761;bytes=107864874-108774691;bytes=621587756-622494159;bytes=438481285-438578454;bytes=900724192-900816838;bytes=675754358-675858112;bytes=413529453-413613255;bytes=32038768-32136927;bytes=699639779-699763336,6c9fd690;5cdd7bb7;004e9b6c;4aaea555;fbee57e7;56e01bcf;846ccb55;b81189d7;6a3afcde;8dd8e928;5b0994bb;09e1e2dd;1e233b36;0a87494f;b45d43bd;dac0c361;11a636ce;38bf546c;f8029e06;915a3e83;b56e5a47;7ddf4249;69356f35;355fb109;1375937a;1ae223ed;45b2af7c;10c47554;bb8174a8;45c442c3;d5b5c9c8;c9c623d1;72fa8754;7abb7549;03fbcea7;5375d2e0
15,4,177,success,None,24/Jul/2026:12:46:02.272092,24/Jul/2026:12:46:03.848350,1.5763,37,24/Jul/2026:12:46:00.655001;24/Jul/2026:12:46:00.662391;24/Jul/2026:12:46:00.654309;24/Jul/2026:12:46:00.653540;24/Jul/2026:12:46:00.652714;24/Jul/2026:12:46:00.637565;24/Jul/2026:12:46:00.634150;24/Jul/2026:12:46:01.885858;24/Jul/2026:12:46:02.023467;24/Jul/2026:12:46:00.633086;24/Jul/2026:12:46:00.662346;24/Jul/2026:12:46:00.653190;24/Jul/2026:12:46:00.637300;24/Jul/2026:12:46:00.663701;24/Jul/2026:12:46:02.272841;24/Jul/2026:12:46:00.664808;24/Jul/2026:12:46:00.666607;24/Jul/2026:12:46:02.462335;24/Jul/2026:12:46:00.654196;24/Jul/2026:12:46:00.639905;24/Jul/2026:12:46:00.654634;24/Jul/2026:12:46:00.637650;24/Jul/2026:12:46:00.652589;24/Jul/2026:12:46:02.453407;24/Jul/2026:12:46:00.661120;24/Jul/2026:12:46:00.642745;24/Jul/2026:12:46:02.009572;24/Jul/2026:12:46:00.666700;24/Jul/2026:12:46:03.215844;24/Jul/2026:12:46:02.023909;24/Jul/2026:12:46:00.665714;24/Jul/2026:12:46:00.634765;24/Jul/2026:12:46:02.131931;24/Jul/2026:12:46:00.644029;24/Jul/2026:12:46:00.664896;24/Jul/2026:12:46:00.640011;24/Jul/2026:12:46:02.010006,1.6283;1.7519;1.8274;1.8414;1.8447;1.8633;1.8686;0.6762;0.5426;1.9345;1.9425;1.9955;2.0158;2.2010;0.6709;2.3105;2.3479;0.5805;2.4392;2.5423;2.6773;2.7206;2.7250;0.9295;2.7405;2.8021;1.4401;2.8091;0.2629;1.4572;2.8176;2.9679;1.5167;3.1274;3.1270;3.1845;1.8340,bytes=222339355-222425936;bytes=308112266-309015044;bytes=196458497-197345469;bytes=194301901-194391279;bytes=182125238-182228660;bytes=76333743-76424815;bytes=15652078-15733139;bytes=497803317-498712849;bytes=664638263-665507766;bytes=7968367-8856069;bytes=311821962-311899636;bytes=190616080-190706826;bytes=72226775-72419816;bytes=360814687-360987592;bytes=728797327-728892940;bytes=388560401-389466134;bytes=436493583-437389647;bytes=775282914-776163131;bytes=194669978-195569361;bytes=99839545-100736162;bytes=214424172-215318826;bytes=72625561-73521220;bytes=178158114-178336996;bytes=745094585-745206093;bytes=246739263-246877761;bytes=107864874-108774691;bytes=621587756-622494159;bytes=438481285-438578454;bytes=900724192-900816838;bytes=675754358-675858112;bytes=413529453-413613255;bytes=32038768-32136927;bytes=699639779-699763336;bytes=123201472-124124679;bytes=389731351-389820653;bytes=100911844-101014333;bytes=630696498-630794134,4aaea555;fbee57e7;56e01bcf;846ccb55;b81189d7;6a3afcde;8dd8e928;5b0994bb;09e1e2dd;1e233b36;0a87494f;b45d43bd;dac0c361;11a636ce;38bf546c;f8029e06;915a3e83;b56e5a47;7ddf4249;69356f35;355fb109;1375937a;1ae223ed;45b2af7c;10c47554;bb8174a8;45c442c3;d5b5c9c8;c9c623d1;72fa8754;7abb7549;03fbcea7;5375d2e0;9d75becb;5c44703e;51486b93;03a966f3
15,4,182,success,None,24/Jul/2026:12:46:02.452634,24/Jul/2026:12:46:03.954667,1.5021,40,24/Jul/2026:12:46:00.654309;24/Jul/2026:12:46:00.653540;24/Jul/2026:12:46:00.652714;24/Jul/2026:12:46:00.637565;24/Jul/2026:12:46:00.634150;24/Jul/2026:12:46:01.885858;24/Jul/2026:12:46:02.023467;24/Jul/2026:12:46:00.633086;24/Jul/2026:12:46:00.662346;24/Jul/2026:12:46:00.653190;24/Jul/2026:12:46:00.637300;24/Jul/2026:12:46:00.663701;24/Jul/2026:12:46:02.272841;24/Jul/2026:12:46:00.664808;24/Jul/2026:12:46:00.666607;24/Jul/2026:12:46:02.462335;24/Jul/2026:12:46:00.654196;24/Jul/2026:12:46:00.639905;24/Jul/2026:12:46:00.654634;24/Jul/2026:12:46:00.637650;24/Jul/2026:12:46:00.652589;24/Jul/2026:12:46:02.453407;24/Jul/2026:12:46:00.661120;24/Jul/2026:12:46:00.642745;24/Jul/2026:12:46:02.009572;24/Jul/2026:12:46:00.666700;24/Jul/2026:12:46:03.215844;24/Jul/2026:12:46:02.023909;24/Jul/2026:12:46:00.665714;24/Jul/2026:12:46:00.634765;24/Jul/2026:12:46:02.131931;24/Jul/2026:12:46:00.644029;24/Jul/2026:12:46:00.664896;24/Jul/2026:12:46:00.640011;24/Jul/2026:12:46:02.010006;24/Jul/2026:12:46:02.023314;24/Jul/2026:12:46:03.254558;24/Jul/2026:12:46:02.009024;24/Jul/2026:12:46:00.640213;24/Jul/2026:12:46:02.633037,1.8274;1.8414;1.8447;1.8633;1.8686;0.6762;0.5426;1.9345;1.9425;1.9955;2.0158;2.2010;0.6709;2.3105;2.3479;0.5805;2.4392;2.5423;2.6773;2.7206;2.7250;0.9295;2.7405;2.8021;1.4401;2.8091;0.2629;1.4572;2.8176;2.9679;1.5167;3.1274;3.1270;3.1845;1.8340;1.8325;0.6329;1.8924;3.2945;1.3160,bytes=196458497-197345469;bytes=194301901-194391279;bytes=182125238-182228660;bytes=76333743-76424815;bytes=15652078-15733139;bytes=497803317-498712849;bytes=664638263-665507766;bytes=7968367-8856069;bytes=311821962-311899636;bytes=190616080-190706826;bytes=72226775-72419816;bytes=360814687-360987592;bytes=728797327-728892940;bytes=388560401-389466134;bytes=436493583-437389647;bytes=775282914-776163131;bytes=194669978-195569361;bytes=99839545-100736162;bytes=214424172-215318826;bytes=72625561-73521220;bytes=178158114-178336996;bytes=745094585-745206093;bytes=246739263-246877761;bytes=107864874-108774691;bytes=621587756-622494159;bytes=438481285-438578454;bytes=900724192-900816838;bytes=675754358-675858112;bytes=413529453-413613255;bytes=32038768-32136927;bytes=699639779-699763336;bytes=123201472-124124679;bytes=389731351-389820653;bytes=100911844-101014333;bytes=630696498-630794134;bytes=663542637-663756105;bytes=976247996-977130537;bytes=614703514-615594074;bytes=104682994-104841492;bytes=806279845-806482748,56e01bcf;846ccb55;b81189d7;6a3afcde;8dd8e928;5b0994bb;09e1e2dd;1e233b36;0a87494f;b45d43bd;dac0c361;11a636ce;38bf546c;f8029e06;915a3e83;b56e5a47;7ddf4249;69356f35;355fb109;1375937a;1ae223ed;45b2af7c;10c47554;bb8174a8;45c442c3;d5b5c9c8;c9c623d1;72fa8754;7abb7549;03fbcea7;5375d2e0;9d75becb;5c44703e;51486b93;03a966f3;5f9dd0c5;c1545986;47a84f1c;3fee8346;a9853260
15,4,151,success,None,24/Jul/2026:12:46:02.008316,24/Jul/2026:12:46:03.960450,1.9522,45,24/Jul/2026:12:46:00.662862;24/Jul/2026:12:46:00.652338;24/Jul/2026:12:46:00.660516;24/Jul/2026:12:46:00.655001;24/Jul/2026:12:46:00.662391;24/Jul/2026:12:46:00.654309;24/Jul/2026:12:46:00.653540;24/Jul/2026:12:46:00.652714;24/Jul/2026:12:46:00.637565;24/Jul/2026:12:46:00.634150;24/Jul/2026:12:46:01.885858;24/Jul/2026:12:46:02.023467;24/Jul/2026:12:46:00.633086;24/Jul/2026:12:46:00.662346;24/Jul/2026:12:46:00.653190;24/Jul/2026:12:46:00.637300;24/Jul/2026:12:46:00.663701;24/Jul/2026:12:46:02.272841;24/Jul/2026:12:46:00.664808;24/Jul/2026:12:46:00.666607;24/Jul/2026:12:46:02.462335;24/Jul/2026:12:46:00.654196;24/Jul/2026:12:46:00.639905;24/Jul/2026:12:46:00.654634;24/Jul/2026:12:46:00.637650;24/Jul/2026:12:46:00.652589;24/Jul/2026:12:46:02.453407;24/Jul/2026:12:46:00.661120;24/Jul/2026:12:46:00.642745;24/Jul/2026:12:46:02.009572;24/Jul/2026:12:46:00.666700;24/Jul/2026:12:46:03.215844;24/Jul/2026:12:46:02.023909;24/Jul/2026:12:46:00.665714;24/Jul/2026:12:46:00.634765;24/Jul/2026:12:46:02.131931;24/Jul/2026:12:46:00.644029;24/Jul/2026:12:46:00.664896;24/Jul/2026:12:46:00.640011;24/Jul/2026:12:46:02.010006;24/Jul/2026:12:46:02.023314;24/Jul/2026:12:46:03.254558;24/Jul/2026:12:46:02.009024;24/Jul/2026:12:46:00.640213;24/Jul/2026:12:46:02.633037,1.4064;1.4501;1.4679;1.6283;1.7519;1.8274;1.8414;1.8447;1.8633;1.8686;0.6762;0.5426;1.9345;1.9425;1.9955;2.0158;2.2010;0.6709;2.3105;2.3479;0.5805;2.4392;2.5423;2.6773;2.7206;2.7250;0.9295;2.7405;2.8021;1.4401;2.8091;0.2629;1.4572;2.8176;2.9679;1.5167;3.1274;3.1270;3.1845;1.8340;1.8325;0.6329;1.8924;3.2945;1.3160,bytes=314036052-314961210;bytes=174363374-175258548;bytes=226620043-226801955;bytes=222339355-222425936;bytes=308112266-309015044;bytes=196458497-197345469;bytes=194301901-194391279;bytes=182125238-182228660;bytes=76333743-76424815;bytes=15652078-15733139;bytes=497803317-498712849;bytes=664638263-665507766;bytes=7968367-8856069;bytes=311821962-311899636;bytes=190616080-190706826;bytes=72226775-72419816;bytes=360814687-360987592;bytes=728797327-728892940;bytes=388560401-389466134;bytes=436493583-437389647;bytes=775282914-776163131;bytes=194669978-195569361;bytes=99839545-100736162;bytes=214424172-215318826;bytes=72625561-73521220;bytes=178158114-178336996;bytes=745094585-745206093;bytes=246739263-246877761;bytes=107864874-108774691;bytes=621587756-622494159;bytes=438481285-438578454;bytes=900724192-900816838;bytes=675754358-675858112;bytes=413529453-413613255;bytes=32038768-32136927;bytes=699639779-699763336;bytes=123201472-124124679;bytes=389731351-389820653;bytes=100911844-101014333;bytes=630696498-630794134;bytes=663542637-663756105;bytes=976247996-977130537;bytes=614703514-615594074;bytes=104682994-104841492;bytes=806279845-806482748,6c9fd690;5cdd7bb7;004e9b6c;4aaea555;fbee57e7;56e01bcf;846ccb55;b81189d7;6a3afcde;8dd8e928;5b0994bb;09e1e2dd;1e233b36;0a87494f;b45d43bd;dac0c361;11a636ce;38bf546c;f8029e06;915a3e83;b56e5a47;7ddf4249;69356f35;355fb109;1375937a;1ae223ed;45b2af7c;10c47554;bb8174a8;45c442c3;d5b5c9c8;c9c623d1;72fa8754;7abb7549;03fbcea7;5375d2e0;9d75becb;5c44703e;51486b93;03a966f3;5f9dd0c5;c1545986;47a84f1c;3fee8346;a9853260
15,4,162,success,None,24/Jul/2026:12:46:02.022822,24/Jul/2026:12:46:03.965985,1.9432,45,24/Jul/2026:12:46:00.662862;24/Jul/2026:12:46:00.652338;24/Jul/2026:12:46:00.660516;24/Jul/2026:12:46:00.655001;24/Jul/2026:12:46:00.662391;24/Jul/2026:12:46:00.654309;24/Jul/2026:12:46:00.653540;24/Jul/2026:12:46:00.652714;24/Jul/2026:12:46:00.637565;24/Jul/2026:12:46:00.634150;24/Jul/2026:12:46:01.885858;24/Jul/2026:12:46:02.023467;24/Jul/2026:12:46:00.633086;24/Jul/2026:12:46:00.662346;24/Jul/2026:12:46:00.653190;24/Jul/2026:12:46:00.637300;24/Jul/2026:12:46:00.663701;24/Jul/2026:12:46:02.272841;24/Jul/2026:12:46:00.664808;24/Jul/2026:12:46:00.666607;24/Jul/2026:12:46:02.462335;24/Jul/2026:12:46:00.654196;24/Jul/2026:12:46:00.639905;24/Jul/2026:12:46:00.654634;24/Jul/2026:12:46:00.637650;24/Jul/2026:12:46:00.652589;24/Jul/2026:12:46:02.453407;24/Jul/2026:12:46:00.661120;24/Jul/2026:12:46:00.642745;24/Jul/2026:12:46:02.009572;24/Jul/2026:12:46:00.666700;24/Jul/2026:12:46:03.215844;24/Jul/2026:12:46:02.023909;24/Jul/2026:12:46:00.665714;24/Jul/2026:12:46:00.634765;24/Jul/2026:12:46:02.131931;24/Jul/2026:12:46:00.644029;24/Jul/2026:12:46:00.664896;24/Jul/2026:12:46:00.640011;24/Jul/2026:12:46:02.010006;24/Jul/2026:12:46:02.023314;24/Jul/2026:12:46:03.254558;24/Jul/2026:12:46:02.009024;24/Jul/2026:12:46:00.640213;24/Jul/2026:12:46:02.633037,1.4064;1.4501;1.4679;1.6283;1.7519;1.8274;1.8414;1.8447;1.8633;1.8686;0.6762;0.5426;1.9345;1.9425;1.9955;2.0158;2.2010;0.6709;2.3105;2.3479;0.5805;2.4392;2.5423;2.6773;2.7206;2.7250;0.9295;2.7405;2.8021;1.4401;2.8091;0.2629;1.4572;2.8176;2.9679;1.5167;3.1274;3.1270;3.1845;1.8340;1.8325;0.6329;1.8924;3.2945;1.3160,bytes=314036052-314961210;bytes=174363374-175258548;bytes=226620043-226801955;bytes=222339355-222425936;bytes=308112266-309015044;bytes=196458497-197345469;bytes=194301901-194391279;bytes=182125238-182228660;bytes=76333743-76424815;bytes=15652078-15733139;bytes=497803317-498712849;bytes=664638263-665507766;bytes=7968367-8856069;bytes=311821962-311899636;bytes=190616080-190706826;bytes=72226775-72419816;bytes=360814687-360987592;bytes=728797327-728892940;bytes=388560401-389466134;bytes=436493583-437389647;bytes=775282914-776163131;bytes=194669978-195569361;bytes=99839545-100736162;bytes=214424172-215318826;bytes=72625561-73521220;bytes=178158114-178336996;bytes=745094585-745206093;bytes=246739263-246877761;bytes=107864874-108774691;bytes=621587756-622494159;bytes=438481285-438578454;bytes=900724192-900816838;bytes=675754358-675858112;bytes=413529453-413613255;bytes=32038768-32136927;bytes=699639779-699763336;bytes=123201472-124124679;bytes=389731351-389820653;bytes=100911844-101014333;bytes=630696498-630794134;bytes=663542637-663756105;bytes=976247996-977130537;bytes=614703514-615594074;bytes=104682994-104841492;bytes=806279845-806482748,6c9fd690;5cdd7bb7;004e9b6c;4aaea555;fbee57e7;56e01bcf;846ccb55;b81189d7;6a3afcde;8dd8e928;5b0994bb;09e1e2dd;1e233b36;0a87494f;b45d43bd;dac0c361;11a636ce;38bf546c;f8029e06;915a3e83;b56e5a47;7ddf4249;69356f35;355fb109;1375937a;1ae223ed;45b2af7c;10c47554;bb8174a8;45c442c3;d5b5c9c8;c9c623d1;72fa8754;7abb7549;03fbcea7;5375d2e0;9d75becb;5c44703e;51486b93;03a966f3;5f9dd0c5;c1545986;47a84f1c;3fee8346;a9853260
15,4,190,success,None,24/Jul/2026:12:46:02.461422,24/Jul/2026:12:46:04.028529,1.5671,43,24/Jul/2026:12:46:00.654309;24/Jul/2026:12:46:00.653540;24/Jul/2026:12:46:00.652714;24/Jul/2026:12:46:00.637565;24/Jul/2026:12:46:00.634150;24/Jul/2026:12:46:01.885858;24/Jul/2026:12:46:02.023467;24/Jul/2026:12:46:00.633086;24/Jul/2026:12:46:00.662346;24/Jul/2026:12:46:00.653190;24/Jul/2026:12:46:00.637300;24/Jul/2026:12:46:00.663701;24/Jul/2026:12:46:02.272841;24/Jul/2026:12:46:00.664808;24/Jul/2026:12:46:00.666607;24/Jul/2026:12:46:02.462335;24/Jul/2026:12:46:00.654196;24/Jul/2026:12:46:00.639905;24/Jul/2026:12:46:00.654634;24/Jul/2026:12:46:00.637650;24/Jul/2026:12:46:00.652589;24/Jul/2026:12:46:02.453407;24/Jul/2026:12:46:00.661120;24/Jul/2026:12:46:00.642745;24/Jul/2026:12:46:02.009572;24/Jul/2026:12:46:00.666700;24/Jul/2026:12:46:03.215844;24/Jul/2026:12:46:02.023909;24/Jul/2026:12:46:00.665714;24/Jul/2026:12:46:00.634765;24/Jul/2026:12:46:02.131931;24/Jul/2026:12:46:00.644029;24/Jul/2026:12:46:00.664896;24/Jul/2026:12:46:00.640011;24/Jul/2026:12:46:02.010006;24/Jul/2026:12:46:02.023314;24/Jul/2026:12:46:03.254558;24/Jul/2026:12:46:02.009024;24/Jul/2026:12:46:00.640213;24/Jul/2026:12:46:02.633037;24/Jul/2026:12:46:00.655314;24/Jul/2026:12:46:00.653957;24/Jul/2026:12:46:00.652841,1.8274;1.8414;1.8447;1.8633;1.8686;0.6762;0.5426;1.9345;1.9425;1.9955;2.0158;2.2010;0.6709;2.3105;2.3479;0.5805;2.4392;2.5423;2.6773;2.7206;2.7250;0.9295;2.7405;2.8021;1.4401;2.8091;0.2629;1.4572;2.8176;2.9679;1.5167;3.1274;3.1270;3.1845;1.8340;1.8325;0.6329;1.8924;3.2945;1.3160;3.3219;3.3276;3.3556,bytes=196458497-197345469;bytes=194301901-194391279;bytes=182125238-182228660;bytes=76333743-76424815;bytes=15652078-15733139;bytes=497803317-498712849;bytes=664638263-665507766;bytes=7968367-8856069;bytes=311821962-311899636;bytes=190616080-190706826;bytes=72226775-72419816;bytes=360814687-360987592;bytes=728797327-728892940;bytes=388560401-389466134;bytes=436493583-437389647;bytes=775282914-776163131;bytes=194669978-195569361;bytes=99839545-100736162;bytes=214424172-215318826;bytes=72625561-73521220;bytes=178158114-178336996;bytes=745094585-745206093;bytes=246739263-246877761;bytes=107864874-108774691;bytes=621587756-622494159;bytes=438481285-438578454;bytes=900724192-900816838;bytes=675754358-675858112;bytes=413529453-413613255;bytes=32038768-32136927;bytes=699639779-699763336;bytes=123201472-124124679;bytes=389731351-389820653;bytes=100911844-101014333;bytes=630696498-630794134;bytes=663542637-663756105;bytes=976247996-977130537;bytes=614703514-615594074;bytes=104682994-104841492;bytes=806279845-806482748;bytes=222613731-222817249;bytes=194483397-194581780;bytes=186728404-187637230,56e01bcf;846ccb55;b81189d7;6a3afcde;8dd8e928;5b0994bb;09e1e2dd;1e233b36;0a87494f;b45d43bd;dac0c361;11a636ce;38bf546c;f8029e06;915a3e83;b56e5a47;7ddf4249;69356f35;355fb109;1375937a;1ae223ed;45b2af7c;10c47554;bb8174a8;45c442c3;d5b5c9c8;c9c623d1;72fa8754;7abb7549;03fbcea7;5375d2e0;9d75becb;5c44703e;51486b93;03a966f3;5f9dd0c5;c1545986;47a84f1c;3fee8346;a9853260;b2ecf808;1b6f896b;82921a56
15,4,169,success,None,24/Jul/2026:12:46:02.130748,24/Jul/2026:12:46:04.058538,1.9278,45,24/Jul/2026:12:46:00.655001;24/Jul/2026:12:46:00.662391;24/Jul/2026:12:46:00.654309;24/Jul/2026:12:46:00.653540;24/Jul/2026:12:46:00.652714;24/Jul/2026:12:46:00.637565;24/Jul/2026:12:46:00.634150;24/Jul/2026:12:46:01.885858;24/Jul/2026:12:46:02.023467;24/Jul/2026:12:46:00.633086;24/Jul/2026:12:46:00.662346;24/Jul/2026:12:46:00.653190;24/Jul/2026:12:46:00.637300;24/Jul/2026:12:46:00.663701;24/Jul/2026:12:46:02.272841;24/Jul/2026:12:46:00.664808;24/Jul/2026:12:46:00.666607;24/Jul/2026:12:46:02.462335;24/Jul/2026:12:46:00.654196;24/Jul/2026:12:46:00.639905;24/Jul/2026:12:46:00.654634;24/Jul/2026:12:46:00.637650;24/Jul/2026:12:46:00.652589;24/Jul/2026:12:46:02.453407;24/Jul/2026:12:46:00.661120;24/Jul/2026:12:46:00.642745;24/Jul/2026:12:46:02.009572;24/Jul/2026:12:46:00.666700;24/Jul/2026:12:46:03.215844;24/Jul/2026:12:46:02.023909;24/Jul/2026:12:46:00.665714;24/Jul/2026:12:46:00.634765;24/Jul/2026:12:46:02.131931;24/Jul/2026:12:46:00.644029;24/Jul/2026:12:46:00.664896;24/Jul/2026:12:46:00.640011;24/Jul/2026:12:46:02.010006;24/Jul/2026:12:46:02.023314;24/Jul/2026:12:46:03.254558;24/Jul/2026:12:46:02.009024;24/Jul/2026:12:46:00.640213;24/Jul/2026:12:46:02.633037;24/Jul/2026:12:46:00.655314;24/Jul/2026:12:46:00.653957;24/Jul/2026:12:46:00.652841,1.6283;1.7519;1.8274;1.8414;1.8447;1.8633;1.8686;0.6762;0.5426;1.9345;1.9425;1.9955;2.0158;2.2010;0.6709;2.3105;2.3479;0.5805;2.4392;2.5423;2.6773;2.7206;2.7250;0.9295;2.7405;2.8021;1.4401;2.8091;0.2629;1.4572;2.8176;2.9679;1.5167;3.1274;3.1270;3.1845;1.8340;1.8325;0.6329;1.8924;3.2945;1.3160;3.3219;3.3276;3.3556,bytes=222339355-222425936;bytes=308112266-309015044;bytes=196458497-197345469;bytes=194301901-194391279;bytes=182125238-182228660;bytes=76333743-76424815;bytes=15652078-15733139;bytes=497803317-498712849;bytes=664638263-665507766;bytes=7968367-8856069;bytes=311821962-311899636;bytes=190616080-190706826;bytes=72226775-72419816;bytes=360814687-360987592;bytes=728797327-728892940;bytes=388560401-389466134;bytes=436493583-437389647;bytes=775282914-776163131;bytes=194669978-195569361;bytes=99839545-100736162;bytes=214424172-215318826;bytes=72625561-73521220;bytes=178158114-178336996;bytes=745094585-745206093;bytes=246739263-246877761;bytes=107864874-108774691;bytes=621587756-622494159;bytes=438481285-438578454;bytes=900724192-900816838;bytes=675754358-675858112;bytes=413529453-413613255;bytes=32038768-32136927;bytes=699639779-699763336;bytes=123201472-124124679;bytes=389731351-389820653;bytes=100911844-101014333;bytes=630696498-630794134;bytes=663542637-663756105;bytes=976247996-977130537;bytes=614703514-615594074;bytes=104682994-104841492;bytes=806279845-806482748;bytes=222613731-222817249;bytes=194483397-194581780;bytes=186728404-187637230,4aaea555;fbee57e7;56e01bcf;846ccb55;b81189d7;6a3afcde;8dd8e928;5b0994bb;09e1e2dd;1e233b36;0a87494f;b45d43bd;dac0c361;11a636ce;38bf546c;f8029e06;915a3e83;b56e5a47;7ddf4249;69356f35;355fb109;1375937a;1ae223ed;45b2af7c;10c47554;bb8174a8;45c442c3;d5b5c9c8;c9c623d1;72fa8754;7abb7549;03fbcea7;5375d2e0;9d75becb;5c44703e;51486b93;03a966f3;5f9dd0c5;c1545986;47a84f1c;3fee8346;a9853260;b2ecf808;1b6f896b;82921a56
15,4,208,success,None,24/Jul/2026:12:46:02.950606,24/Jul/2026:12:46:04.449560,1.4990,47,24/Jul/2026:12:46:00.664808;24/Jul/2026:12:46:00.666607;24/Jul/2026:12:46:02.462335;24/Jul/2026:12:46:00.654196;24/Jul/2026:12:46:00.639905;24/Jul/2026:12:46:00.654634;24/Jul/2026:12:46:00.637650;24/Jul/2026:12:46:00.652589;24/Jul/2026:12:46:02.453407;24/Jul/2026:12:46:00.661120;24/Jul/2026:12:46:00.642745;24/Jul/2026:12:46:02.009572;24/Jul/2026:12:46:00.666700;24/Jul/2026:12:46:03.215844;24/Jul/2026:12:46:02.023909;24/Jul/2026:12:46:00.665714;24/Jul/2026:12:46:00.634765;24/Jul/2026:12:46:02.131931;24/Jul/2026:12:46:00.644029;24/Jul/2026:12:46:00.664896;24/Jul/2026:12:46:00.640011;24/Jul/2026:12:46:02.010006;24/Jul/2026:12:46:02.023314;24/Jul/2026:12:46:03.254558;24/Jul/2026:12:46:02.009024;24/Jul/2026:12:46:00.640213;24/Jul/2026:12:46:02.633037;24/Jul/2026:12:46:00.655314;24/Jul/2026:12:46:00.653957;24/Jul/2026:12:46:00.652841;24/Jul/2026:12:46:00.666655;24/Jul/2026:12:46:00.638920;24/Jul/2026:12:46:00.664034;24/Jul/2026:12:46:03.956582;24/Jul/2026:12:46:01.886070;24/Jul/2026:12:46:00.644344;24/Jul/2026:12:46:00.647631;24/Jul/2026:12:46:02.463254;24/Jul/2026:12:46:00.644422;24/Jul/2026:12:46:03.233214;24/Jul/2026:12:46:00.665663;24/Jul/2026:12:46:00.665613;24/Jul/2026:12:46:00.632064;24/Jul/2026:12:46:02.462969;24/Jul/2026:12:46:03.215917;24/Jul/2026:12:46:03.254471;24/Jul/2026:12:46:02.023756,2.3105;2.3479;0.5805;2.4392;2.5423;2.6773;2.7206;2.7250;0.9295;2.7405;2.8021;1.4401;2.8091;0.2629;1.4572;2.8176;2.9679;1.5167;3.1274;3.1270;3.1845;1.8340;1.8325;0.6329;1.8924;3.2945;1.3160;3.3219;3.3276;3.3556;3.4255;3.6097;3.6349;0.3457;2.4245;3.6978;3.6998;1.9047;3.7269;1.1443;3.7195;3.7262;3.7634;1.9485;1.2198;1.1830;2.4237,bytes=388560401-389466134;bytes=436493583-437389647;bytes=775282914-776163131;bytes=194669978-195569361;bytes=99839545-100736162;bytes=214424172-215318826;bytes=72625561-73521220;bytes=178158114-178336996;bytes=745094585-745206093;bytes=246739263-246877761;bytes=107864874-108774691;bytes=621587756-622494159;bytes=438481285-438578454;bytes=900724192-900816838;bytes=675754358-675858112;bytes=413529453-413613255;bytes=32038768-32136927;bytes=699639779-699763336;bytes=123201472-124124679;bytes=389731351-389820653;bytes=100911844-101014333;bytes=630696498-630794134;bytes=663542637-663756105;bytes=976247996-977130537;bytes=614703514-615594074;bytes=104682994-104841492;bytes=806279845-806482748;bytes=222613731-222817249;bytes=194483397-194581780;bytes=186728404-187637230;bytes=437389648-438290461;bytes=78594375-79519446;bytes=363879400-364786455;bytes=1193008035-1193097805;bytes=503880045-503966784;bytes=129216603-129323426;bytes=147624463-148522044;bytes=790083879-790163597;bytes=129323427-129421907;bytes=946040322-946152955;bytes=409696330-409893901;bytes=409511670-409696329;bytes=3754244-3850487;bytes=782354767-783250184;bytes=897086178-897985756;bytes=975344972-976247995;bytes=669698554-670606261,f8029e06;915a3e83;b56e5a47;7ddf4249;69356f35;355fb109;1375937a;1ae223ed;45b2af7c;10c47554;bb8174a8;45c442c3;d5b5c9c8;c9c623d1;72fa8754;7abb7549;03fbcea7;5375d2e0;9d75becb;5c44703e;51486b93;03a966f3;5f9dd0c5;c1545986;47a84f1c;3fee8346;a9853260;b2ecf808;1b6f896b;82921a56;bc9b07ee;6537c0d1;c33492de;c2463faa;13ea93cd;e2f8a8e3;2837fdb5;92c349b6;71ff61bd;c0f59895;0fc544df;f3c880bd;9507e94d;91a901f4;15499afe;bb40eda2;a6be02df
15,4,203,success,None,24/Jul/2026:12:46:02.675278,24/Jul/2026:12:46:04.473240,1.7980,52,24/Jul/2026:12:46:00.663701;24/Jul/2026:12:46:02.272841;24/Jul/2026:12:46:00.664808;24/Jul/2026:12:46:00.666607;24/Jul/2026:12:46:02.462335;24/Jul/2026:12:46:00.654196;24/Jul/2026:12:46:00.639905;24/Jul/2026:12:46:00.654634;24/Jul/2026:12:46:00.637650;24/Jul/2026:12:46:00.652589;24/Jul/2026:12:46:02.453407;24/Jul/2026:12:46:00.661120;24/Jul/2026:12:46:00.642745;24/Jul/2026:12:46:02.009572;24/Jul/2026:12:46:00.666700;24/Jul/2026:12:46:03.215844;24/Jul/2026:12:46:02.023909;24/Jul/2026:12:46:00.665714;24/Jul/2026:12:46:00.634765;24/Jul/2026:12:46:02.131931;24/Jul/2026:12:46:00.644029;24/Jul/2026:12:46:00.664896;24/Jul/2026:12:46:00.640011;24/Jul/2026:12:46:02.010006;24/Jul/2026:12:46:02.023314;24/Jul/2026:12:46:03.254558;24/Jul/2026:12:46:02.009024;24/Jul/2026:12:46:00.640213;24/Jul/2026:12:46:02.633037;24/Jul/2026:12:46:00.655314;24/Jul/2026:12:46:00.653957;24/Jul/2026:12:46:00.652841;24/Jul/2026:12:46:00.666655;24/Jul/2026:12:46:00.638920;24/Jul/2026:12:46:00.664034;24/Jul/2026:12:46:03.956582;24/Jul/2026:12:46:01.886070;24/Jul/2026:12:46:00.644344;24/Jul/2026:12:46:00.647631;24/Jul/2026:12:46:02.463254;24/Jul/2026:12:46:00.644422;24/Jul/2026:12:46:03.233214;24/Jul/2026:12:46:00.665663;24/Jul/2026:12:46:00.665613;24/Jul/2026:12:46:00.632064;24/Jul/2026:12:46:02.462969;24/Jul/2026:12:46:03.215917;24/Jul/2026:12:46:03.254471;24/Jul/2026:12:46:02.023756;24/Jul/2026:12:46:03.962708;24/Jul/2026:12:46:03.215772;24/Jul/2026:12:46:00.643952,2.2010;0.6709;2.3105;2.3479;0.5805;2.4392;2.5423;2.6773;2.7206;2.7250;0.9295;2.7405;2.8021;1.4401;2.8091;0.2629;1.4572;2.8176;2.9679;1.5167;3.1274;3.1270;3.1845;1.8340;1.8325;0.6329;1.8924;3.2945;1.3160;3.3219;3.3276;3.3556;3.4255;3.6097;3.6349;0.3457;2.4245;3.6978;3.6998;1.9047;3.7269;1.1443;3.7195;3.7262;3.7634;1.9485;1.2198;1.1830;2.4237;0.4907;1.2381;3.8198,bytes=360814687-360987592;bytes=728797327-728892940;bytes=388560401-389466134;bytes=436493583-437389647;bytes=775282914-776163131;bytes=194669978-195569361;bytes=99839545-100736162;bytes=214424172-215318826;bytes=72625561-73521220;bytes=178158114-178336996;bytes=745094585-745206093;bytes=246739263-246877761;bytes=107864874-108774691;bytes=621587756-622494159;bytes=438481285-438578454;bytes=900724192-900816838;bytes=675754358-675858112;bytes=413529453-413613255;bytes=32038768-32136927;bytes=699639779-699763336;bytes=123201472-124124679;bytes=389731351-389820653;bytes=100911844-101014333;bytes=630696498-630794134;bytes=663542637-663756105;bytes=976247996-977130537;bytes=614703514-615594074;bytes=104682994-104841492;bytes=806279845-806482748;bytes=222613731-222817249;bytes=194483397-194581780;bytes=186728404-187637230;bytes=437389648-438290461;bytes=78594375-79519446;bytes=363879400-364786455;bytes=1193008035-1193097805;bytes=503880045-503966784;bytes=129216603-129323426;bytes=147624463-148522044;bytes=790083879-790163597;bytes=129323427-129421907;bytes=946040322-946152955;bytes=409696330-409893901;bytes=409511670-409696329;bytes=3754244-3850487;bytes=782354767-783250184;bytes=897086178-897985756;bytes=975344972-976247995;bytes=669698554-670606261;bytes=1234834077-1235731161;bytes=896891275-896987180;bytes=122309906-123201471,11a636ce;38bf546c;f8029e06;915a3e83;b56e5a47;7ddf4249;69356f35;355fb109;1375937a;1ae223ed;45b2af7c;10c47554;bb8174a8;45c442c3;d5b5c9c8;c9c623d1;72fa8754;7abb7549;03fbcea7;5375d2e0;9d75becb;5c44703e;51486b93;03a966f3;5f9dd0c5;c1545986;47a84f1c;3fee8346;a9853260;b2ecf808;1b6f896b;82921a56;bc9b07ee;6537c0d1;c33492de;c2463faa;13ea93cd;e2f8a8e3;2837fdb5;92c349b6;71ff61bd;c0f59895;0fc544df;f3c880bd;9507e94d;91a901f4;15499afe;bb40eda2;a6be02df;e2c46d46;b5d13440;38893653
15,4,196,success,None,24/Jul/2026:12:46:02.631688,24/Jul/2026:12:46:04.508972,1.8773,55,24/Jul/2026:12:46:00.653190;24/Jul/2026:12:46:00.637300;24/Jul/2026:12:46:00.663701;24/Jul/2026:12:46:02.272841;24/Jul/2026:12:46:00.664808;24/Jul/2026:12:46:00.666607;24/Jul/2026:12:46:02.462335;24/Jul/2026:12:46:00.654196;24/Jul/2026:12:46:00.639905;24/Jul/2026:12:46:00.654634;24/Jul/2026:12:46:00.637650;24/Jul/2026:12:46:00.652589;24/Jul/2026:12:46:02.453407;24/Jul/2026:12:46:00.661120;24/Jul/2026:12:46:00.642745;24/Jul/2026:12:46:02.009572;24/Jul/2026:12:46:00.666700;24/Jul/2026:12:46:03.215844;24/Jul/2026:12:46:02.023909;24/Jul/2026:12:46:00.665714;24/Jul/2026:12:46:00.634765;24/Jul/2026:12:46:02.131931;24/Jul/2026:12:46:00.644029;24/Jul/2026:12:46:00.664896;24/Jul/2026:12:46:00.640011;24/Jul/2026:12:46:02.010006;24/Jul/2026:12:46:02.023314;24/Jul/2026:12:46:03.254558;24/Jul/2026:12:46:02.009024;24/Jul/2026:12:46:00.640213;24/Jul/2026:12:46:02.633037;24/Jul/2026:12:46:00.655314;24/Jul/2026:12:46:00.653957;24/Jul/2026:12:46:00.652841;24/Jul/2026:12:46:00.666655;24/Jul/2026:12:46:00.638920;24/Jul/2026:12:46:00.664034;24/Jul/2026:12:46:03.956582;24/Jul/2026:12:46:01.886070;24/Jul/2026:12:46:00.644344;24/Jul/2026:12:46:00.647631;24/Jul/2026:12:46:02.463254;24/Jul/2026:12:46:00.644422;24/Jul/2026:12:46:03.233214;24/Jul/2026:12:46:00.665663;24/Jul/2026:12:46:00.665613;24/Jul/2026:12:46:00.632064;24/Jul/2026:12:46:02.462969;24/Jul/2026:12:46:03.215917;24/Jul/2026:12:46:03.254471;24/Jul/2026:12:46:02.023756;24/Jul/2026:12:46:03.962708;24/Jul/2026:12:46:03.215772;24/Jul/2026:12:46:00.643952;24/Jul/2026:12:46:00.632160,1.9955;2.0158;2.2010;0.6709;2.3105;2.3479;0.5805;2.4392;2.5423;2.6773;2.7206;2.7250;0.9295;2.7405;2.8021;1.4401;2.8091;0.2629;1.4572;2.8176;2.9679;1.5167;3.1274;3.1270;3.1845;1.8340;1.8325;0.6329;1.8924;3.2945;1.3160;3.3219;3.3276;3.3556;3.4255;3.6097;3.6349;0.3457;2.4245;3.6978;3.6998;1.9047;3.7269;1.1443;3.7195;3.7262;3.7634;1.9485;1.2198;1.1830;2.4237;0.4907;1.2381;3.8198;3.8665,bytes=190616080-190706826;bytes=72226775-72419816;bytes=360814687-360987592;bytes=728797327-728892940;bytes=388560401-389466134;bytes=436493583-437389647;bytes=775282914-776163131;bytes=194669978-195569361;bytes=99839545-100736162;bytes=214424172-215318826;bytes=72625561-73521220;bytes=178158114-178336996;bytes=745094585-745206093;bytes=246739263-246877761;bytes=107864874-108774691;bytes=621587756-622494159;bytes=438481285-438578454;bytes=900724192-900816838;bytes=675754358-675858112;bytes=413529453-413613255;bytes=32038768-32136927;bytes=699639779-699763336;bytes=123201472-124124679;bytes=389731351-389820653;bytes=100911844-101014333;bytes=630696498-630794134;bytes=663542637-663756105;bytes=976247996-977130537;bytes=614703514-615594074;bytes=104682994-104841492;bytes=806279845-806482748;bytes=222613731-222817249;bytes=194483397-194581780;bytes=186728404-187637230;bytes=437389648-438290461;bytes=78594375-79519446;bytes=363879400-364786455;bytes=1193008035-1193097805;bytes=503880045-503966784;bytes=129216603-129323426;bytes=147624463-148522044;bytes=790083879-790163597;bytes=129323427-129421907;bytes=946040322-946152955;bytes=409696330-409893901;bytes=409511670-409696329;bytes=3754244-3850487;bytes=782354767-783250184;bytes=897086178-897985756;bytes=975344972-976247995;bytes=669698554-670606261;bytes=1234834077-1235731161;bytes=896891275-896987180;bytes=122309906-123201471;bytes=7415186-7591621,b45d43bd;dac0c361;11a636ce;38bf546c;f8029e06;915a3e83;b56e5a47;7ddf4249;69356f35;355fb109;1375937a;1ae223ed;45b2af7c;10c47554;bb8174a8;45c442c3;d5b5c9c8;c9c623d1;72fa8754;7abb7549;03fbcea7;5375d2e0;9d75becb;5c44703e;51486b93;03a966f3;5f9dd0c5;c1545986;47a84f1c;3fee8346;a9853260;b2ecf808;1b6f896b;82921a56;bc9b07ee;6537c0d1;c33492de;c2463faa;13ea93cd;e2f8a8e3;2837fdb5;92c349b6;71ff61bd;c0f59895;0fc544df;f3c880bd;9507e94d;91a901f4;15499afe;bb40eda2;a6be02df;e2c46d46;b5d13440;38893653;77d353ab
15,4,239,success,None,24/Jul/2026:12:46:03.253953,24/Jul/2026:12:46:04.698770,1.4448,56,24/Jul/2026:12:46:00.654634;24/Jul/2026:12:46:00.637650;24/Jul/2026:12:46:00.652589;24/Jul/2026:12:46:02.453407;24/Jul/2026:12:46:00.661120;24/Jul/2026:12:46:00.642745;24/Jul/2026:12:46:02.009572;24/Jul/2026:12:46:00.666700;24/Jul/2026:12:46:03.215844;24/Jul/2026:12:46:02.023909;24/Jul/2026:12:46:00.665714;24/Jul/2026:12:46:00.634765;24/Jul/2026:12:46:02.131931;24/Jul/2026:12:46:00.644029;24/Jul/2026:12:46:00.664896;24/Jul/2026:12:46:00.640011;24/Jul/2026:12:46:02.010006;24/Jul/2026:12:46:02.023314;24/Jul/2026:12:46:03.254558;24/Jul/2026:12:46:02.009024;24/Jul/2026:12:46:00.640213;24/Jul/2026:12:46:02.633037;24/Jul/2026:12:46:00.655314;24/Jul/2026:12:46:00.653957;24/Jul/2026:12:46:00.652841;24/Jul/2026:12:46:00.666655;24/Jul/2026:12:46:00.638920;24/Jul/2026:12:46:00.664034;24/Jul/2026:12:46:03.956582;24/Jul/2026:12:46:01.886070;24/Jul/2026:12:46:00.644344;24/Jul/2026:12:46:00.647631;24/Jul/2026:12:46:02.463254;24/Jul/2026:12:46:00.644422;24/Jul/2026:12:46:03.233214;24/Jul/2026:12:46:00.665663;24/Jul/2026:12:46:00.665613;24/Jul/2026:12:46:00.632064;24/Jul/2026:12:46:02.462969;24/Jul/2026:12:46:03.215917;24/Jul/2026:12:46:03.254471;24/Jul/2026:12:46:02.023756;24/Jul/2026:12:46:03.962708;24/Jul/2026:12:46:03.215772;24/Jul/2026:12:46:00.643952;24/Jul/2026:12:46:00.632160;24/Jul/2026:12:46:03.849203;24/Jul/2026:12:46:02.273291;24/Jul/2026:12:46:03.254842;24/Jul/2026:12:46:00.663096;24/Jul/2026:12:46:01.988126;24/Jul/2026:12:46:01.885895;24/Jul/2026:12:46:02.676318;24/Jul/2026:12:46:00.639042;24/Jul/2026:12:46:02.009811;24/Jul/2026:12:46:00.646286,2.6773;2.7206;2.7250;0.9295;2.7405;2.8021;1.4401;2.8091;0.2629;1.4572;2.8176;2.9679;1.5167;3.1274;3.1270;3.1845;1.8340;1.8325;0.6329;1.8924;3.2945;1.3160;3.3219;3.3276;3.3556;3.4255;3.6097;3.6349;0.3457;2.4245;3.6978;3.6998;1.9047;3.7269;1.1443;3.7195;3.7262;3.7634;1.9485;1.2198;1.1830;2.4237;0.4907;1.2381;3.8198;3.8665;0.7033;2.2956;1.3308;3.9296;2.6357;2.7448;1.9734;4.0217;2.6743;4.0491,bytes=214424172-215318826;bytes=72625561-73521220;bytes=178158114-178336996;bytes=745094585-745206093;bytes=246739263-246877761;bytes=107864874-108774691;bytes=621587756-622494159;bytes=438481285-438578454;bytes=900724192-900816838;bytes=675754358-675858112;bytes=413529453-413613255;bytes=32038768-32136927;bytes=699639779-699763336;bytes=123201472-124124679;bytes=389731351-389820653;bytes=100911844-101014333;bytes=630696498-630794134;bytes=663542637-663756105;bytes=976247996-977130537;bytes=614703514-615594074;bytes=104682994-104841492;bytes=806279845-806482748;bytes=222613731-222817249;bytes=194483397-194581780;bytes=186728404-187637230;bytes=437389648-438290461;bytes=78594375-79519446;bytes=363879400-364786455;bytes=1193008035-1193097805;bytes=503880045-503966784;bytes=129216603-129323426;bytes=147624463-148522044;bytes=790083879-790163597;bytes=129323427-129421907;bytes=946040322-946152955;bytes=409696330-409893901;bytes=409511670-409696329;bytes=3754244-3850487;bytes=782354767-783250184;bytes=897086178-897985756;bytes=975344972-976247995;bytes=669698554-670606261;bytes=1234834077-1235731161;bytes=896891275-896987180;bytes=122309906-123201471;bytes=7415186-7591621;bytes=1123547577-1123643687;bytes=731897274-732795987;bytes=979321208-980202035;bytes=320177433-320270579;bytes=569653346-569832356;bytes=498716506-499615592;bytes=839008891-839203005;bytes=79519447-80433544;bytes=623981966-624857987;bytes=138851285-139737971,355fb109;1375937a;1ae223ed;45b2af7c;10c47554;bb8174a8;45c442c3;d5b5c9c8;c9c623d1;72fa8754;7abb7549;03fbcea7;5375d2e0;9d75becb;5c44703e;51486b93;03a966f3;5f9dd0c5;c1545986;47a84f1c;3fee8346;a9853260;b2ecf808;1b6f896b;82921a56;bc9b07ee;6537c0d1;c33492de;c2463faa;13ea93cd;e2f8a8e3;2837fdb5;92c349b6;71ff61bd;c0f59895;0fc544df;f3c880bd;9507e94d;91a901f4;15499afe;bb40eda2;a6be02df;e2c46d46;b5d13440;38893653;77d353ab;f8441e5b;68f76f39;19953baa;ec344464;6d321cf0;80db3771;87535c15;0120140a;726b0ddb;1f63df1c
15,4,214,success,None,24/Jul/2026:12:46:03.062007,24/Jul/2026:12:46:04.746977,1.6850,58,24/Jul/2026:12:46:00.654196;24/Jul/2026:12:46:00.639905;24/Jul/2026:12:46:00.654634;24/Jul/2026:12:46:00.637650;24/Jul/2026:12:46:00.652589;24/Jul/2026:12:46:02.453407;24/Jul/2026:12:46:00.661120;24/Jul/2026:12:46:00.642745;24/Jul/2026:12:46:02.009572;24/Jul/2026:12:46:00.666700;24/Jul/2026:12:46:03.215844;24/Jul/2026:12:46:02.023909;24/Jul/2026:12:46:00.665714;24/Jul/2026:12:46:00.634765;24/Jul/2026:12:46:02.131931;24/Jul/2026:12:46:00.644029;24/Jul/2026:12:46:00.664896;24/Jul/2026:12:46:00.640011;24/Jul/2026:12:46:02.010006;24/Jul/2026:12:46:02.023314;24/Jul/2026:12:46:03.254558;24/Jul/2026:12:46:02.009024;24/Jul/2026:12:46:00.640213;24/Jul/2026:12:46:02.633037;24/Jul/2026:12:46:00.655314;24/Jul/2026:12:46:00.653957;24/Jul/2026:12:46:00.652841;24/Jul/2026:12:46:00.666655;24/Jul/2026:12:46:00.638920;24/Jul/2026:12:46:00.664034;24/Jul/2026:12:46:03.956582;24/Jul/2026:12:46:01.886070;24/Jul/2026:12:46:00.644344;24/Jul/2026:12:46:00.647631;24/Jul/2026:12:46:02.463254;24/Jul/2026:12:46:00.644422;24/Jul/2026:12:46:03.233214;24/Jul/2026:12:46:00.665663;24/Jul/2026:12:46:00.665613;24/Jul/2026:12:46:00.632064;24/Jul/2026:12:46:02.462969;24/Jul/2026:12:46:03.215917;24/Jul/2026:12:46:03.254471;24/Jul/2026:12:46:02.023756;24/Jul/2026:12:46:03.962708;24/Jul/2026:12:46:03.215772;24/Jul/2026:12:46:00.643952;24/Jul/2026:12:46:00.632160;24/Jul/2026:12:46:03.849203;24/Jul/2026:12:46:02.273291;24/Jul/2026:12:46:03.254842;24/Jul/2026:12:46:00.663096;24/Jul/2026:12:46:01.988126;24/Jul/2026:12:46:01.885895;24/Jul/2026:12:46:02.676318;24/Jul/2026:12:46:00.639042;24/Jul/2026:12:46:02.009811;24/Jul/2026:12:46:00.646286,2.4392;2.5423;2.6773;2.7206;2.7250;0.9295;2.7405;2.8021;1.4401;2.8091;0.2629;1.4572;2.8176;2.9679;1.5167;3.1274;3.1270;3.1845;1.8340;1.8325;0.6329;1.8924;3.2945;1.3160;3.3219;3.3276;3.3556;3.4255;3.6097;3.6349;0.3457;2.4245;3.6978;3.6998;1.9047;3.7269;1.1443;3.7195;3.7262;3.7634;1.9485;1.2198;1.1830;2.4237;0.4907;1.2381;3.8198;3.8665;0.7033;2.2956;1.3308;3.9296;2.6357;2.7448;1.9734;4.0217;2.6743;4.0491,bytes=194669978-195569361;bytes=99839545-100736162;bytes=214424172-215318826;bytes=72625561-73521220;bytes=178158114-178336996;bytes=745094585-745206093;bytes=246739263-246877761;bytes=107864874-108774691;bytes=621587756-622494159;bytes=438481285-438578454;bytes=900724192-900816838;bytes=675754358-675858112;bytes=413529453-413613255;bytes=32038768-32136927;bytes=699639779-699763336;bytes=123201472-124124679;bytes=389731351-389820653;bytes=100911844-101014333;bytes=630696498-630794134;bytes=663542637-663756105;bytes=976247996-977130537;bytes=614703514-615594074;bytes=104682994-104841492;bytes=806279845-806482748;bytes=222613731-222817249;bytes=194483397-194581780;bytes=186728404-187637230;bytes=437389648-438290461;bytes=78594375-79519446;bytes=363879400-364786455;bytes=1193008035-1193097805;bytes=503880045-503966784;bytes=129216603-129323426;bytes=147624463-148522044;bytes=790083879-790163597;bytes=129323427-129421907;bytes=946040322-946152955;bytes=409696330-409893901;bytes=409511670-409696329;bytes=3754244-3850487;bytes=782354767-783250184;bytes=897086178-897985756;bytes=975344972-976247995;bytes=669698554-670606261;bytes=1234834077-1235731161;bytes=896891275-896987180;bytes=122309906-123201471;bytes=7415186-7591621;bytes=1123547577-1123643687;bytes=731897274-732795987;bytes=979321208-980202035;bytes=320177433-320270579;bytes=569653346-569832356;bytes=498716506-499615592;bytes=839008891-839203005;bytes=79519447-80433544;bytes=623981966-624857987;bytes=138851285-139737971,7ddf4249;69356f35;355fb109;1375937a;1ae223ed;45b2af7c;10c47554;bb8174a8;45c442c3;d5b5c9c8;c9c623d1;72fa8754;7abb7549;03fbcea7;5375d2e0;9d75becb;5c44703e;51486b93;03a966f3;5f9dd0c5;c1545986;47a84f1c;3fee8346;a9853260;b2ecf808;1b6f896b;82921a56;bc9b07ee;6537c0d1;c33492de;c2463faa;13ea93cd;e2f8a8e3;2837fdb5;92c349b6;71ff61bd;c0f59895;0fc544df;f3c880bd;9507e94d;91a901f4;15499afe;bb40eda2;a6be02df;e2c46d46;b5d13440;38893653;77d353ab;f8441e5b;68f76f39;19953baa;ec344464;6d321cf0;80db3771;87535c15;0120140a;726b0ddb;1f63df1c
15,4,219,success,None,24/Jul/2026:12:46:03.215058,24/Jul/2026:12:46:04.752383,1.5374,56,24/Jul/2026:12:46:00.654634;24/Jul/2026:12:46:00.637650;24/Jul/2026:12:46:00.652589;24/Jul/2026:12:46:02.453407;24/Jul/2026:12:46:00.661120;24/Jul/2026:12:46:00.642745;24/Jul/2026:12:46:02.009572;24/Jul/2026:12:46:00.666700;24/Jul/2026:12:46:03.215844;24/Jul/2026:12:46:02.023909;24/Jul/2026:12:46:00.665714;24/Jul/2026:12:46:00.634765;24/Jul/2026:12:46:02.131931;24/Jul/2026:12:46:00.644029;24/Jul/2026:12:46:00.664896;24/Jul/2026:12:46:00.640011;24/Jul/2026:12:46:02.010006;24/Jul/2026:12:46:02.023314;24/Jul/2026:12:46:03.254558;24/Jul/2026:12:46:02.009024;24/Jul/2026:12:46:00.640213;24/Jul/2026:12:46:02.633037;24/Jul/2026:12:46:00.655314;24/Jul/2026:12:46:00.653957;24/Jul/2026:12:46:00.652841;24/Jul/2026:12:46:00.666655;24/Jul/2026:12:46:00.638920;24/Jul/2026:12:46:00.664034;24/Jul/2026:12:46:03.956582;24/Jul/2026:12:46:01.886070;24/Jul/2026:12:46:00.644344;24/Jul/2026:12:46:00.647631;24/Jul/2026:12:46:02.463254;24/Jul/2026:12:46:00.644422;24/Jul/2026:12:46:03.233214;24/Jul/2026:12:46:00.665663;24/Jul/2026:12:46:00.665613;24/Jul/2026:12:46:00.632064;24/Jul/2026:12:46:02.462969;24/Jul/2026:12:46:03.215917;24/Jul/2026:12:46:03.254471;24/Jul/2026:12:46:02.023756;24/Jul/2026:12:46:03.962708;24/Jul/2026:12:46:03.215772;24/Jul/2026:12:46:00.643952;24/Jul/2026:12:46:00.632160;24/Jul/2026:12:46:03.849203;24/Jul/2026:12:46:02.273291;24/Jul/2026:12:46:03.254842;24/Jul/2026:12:46:00.663096;24/Jul/2026:12:46:01.988126;24/Jul/2026:12:46:01.885895;24/Jul/2026:12:46:02.676318;24/Jul/2026:12:46:00.639042;24/Jul/2026:12:46:02.009811;24/Jul/2026:12:46:00.646286,2.6773;2.7206;2.7250;0.9295;2.7405;2.8021;1.4401;2.8091;0.2629;1.4572;2.8176;2.9679;1.5167;3.1274;3.1270;3.1845;1.8340;1.8325;0.6329;1.8924;3.2945;1.3160;3.3219;3.3276;3.3556;3.4255;3.6097;3.6349;0.3457;2.4245;3.6978;3.6998;1.9047;3.7269;1.1443;3.7195;3.7262;3.7634;1.9485;1.2198;1.1830;2.4237;0.4907;1.2381;3.8198;3.8665;0.7033;2.2956;1.3308;3.9296;2.6357;2.7448;1.9734;4.0217;2.6743;4.0491,bytes=214424172-215318826;bytes=72625561-73521220;bytes=178158114-178336996;bytes=745094585-745206093;bytes=246739263-246877761;bytes=107864874-108774691;bytes=621587756-622494159;bytes=438481285-438578454;bytes=900724192-900816838;bytes=675754358-675858112;bytes=413529453-413613255;bytes=32038768-32136927;bytes=699639779-699763336;bytes=123201472-124124679;bytes=389731351-389820653;bytes=100911844-101014333;bytes=630696498-630794134;bytes=663542637-663756105;bytes=976247996-977130537;bytes=614703514-615594074;bytes=104682994-104841492;bytes=806279845-806482748;bytes=222613731-222817249;bytes=194483397-194581780;bytes=186728404-187637230;bytes=437389648-438290461;bytes=78594375-79519446;bytes=363879400-364786455;bytes=1193008035-1193097805;bytes=503880045-503966784;bytes=129216603-129323426;bytes=147624463-148522044;bytes=790083879-790163597;bytes=129323427-129421907;bytes=946040322-946152955;bytes=409696330-409893901;bytes=409511670-409696329;bytes=3754244-3850487;bytes=782354767-783250184;bytes=897086178-897985756;bytes=975344972-976247995;bytes=669698554-670606261;bytes=1234834077-1235731161;bytes=896891275-896987180;bytes=122309906-123201471;bytes=7415186-7591621;bytes=1123547577-1123643687;bytes=731897274-732795987;bytes=979321208-980202035;bytes=320177433-320270579;bytes=569653346-569832356;bytes=498716506-499615592;bytes=839008891-839203005;bytes=79519447-80433544;bytes=623981966-624857987;bytes=138851285-139737971,355fb109;1375937a;1ae223ed;45b2af7c;10c47554;bb8174a8;45c442c3;d5b5c9c8;c9c623d1;72fa8754;7abb7549;03fbcea7;5375d2e0;9d75becb;5c44703e;51486b93;03a966f3;5f9dd0c5;c1545986;47a84f1c;3fee8346;a9853260;b2ecf808;1b6f896b;82921a56;bc9b07ee;6537c0d1;c33492de;c2463faa;13ea93cd;e2f8a8e3;2837fdb5;92c349b6;71ff61bd;c0f59895;0fc544df;f3c880bd;9507e94d;91a901f4;15499afe;bb40eda2;a6be02df;e2c46d46;b5d13440;38893653;77d353ab;f8441e5b;68f76f39;19953baa;ec344464;6d321cf0;80db3771;87535c15;0120140a;726b0ddb;1f63df1c
15,4,248,success,None,24/Jul/2026:12:46:03.612847,24/Jul/2026:12:46:04.896767,1.2839,50,24/Jul/2026:12:46:02.131931;24/Jul/2026:12:46:00.644029;24/Jul/2026:12:46:00.664896;24/Jul/2026:12:46:00.640011;24/Jul/2026:12:46:02.010006;24/Jul/2026:12:46:02.023314;24/Jul/2026:12:46:03.254558;24/Jul/2026:12:46:02.009024;24/Jul/2026:12:46:00.640213;24/Jul/2026:12:46:02.633037;24/Jul/2026:12:46:00.655314;24/Jul/2026:12:46:00.653957;24/Jul/2026:12:46:00.652841;24/Jul/2026:12:46:00.666655;24/Jul/2026:12:46:00.638920;24/Jul/2026:12:46:00.664034;24/Jul/2026:12:46:03.956582;24/Jul/2026:12:46:01.886070;24/Jul/2026:12:46:00.644344;24/Jul/2026:12:46:00.647631;24/Jul/2026:12:46:02.463254;24/Jul/2026:12:46:00.644422;24/Jul/2026:12:46:03.233214;24/Jul/2026:12:46:00.665663;24/Jul/2026:12:46:00.665613;24/Jul/2026:12:46:00.632064;24/Jul/2026:12:46:02.462969;24/Jul/2026:12:46:03.215917;24/Jul/2026:12:46:03.254471;24/Jul/2026:12:46:02.023756;24/Jul/2026:12:46:03.962708;24/Jul/2026:12:46:03.215772;24/Jul/2026:12:46:00.643952;24/Jul/2026:12:46:00.632160;24/Jul/2026:12:46:03.849203;24/Jul/2026:12:46:02.273291;24/Jul/2026:12:46:03.254842;24/Jul/2026:12:46:00.663096;24/Jul/2026:12:46:01.988126;24/Jul/2026:12:46:01.885895;24/Jul/2026:12:46:02.676318;24/Jul/2026:12:46:00.639042;24/Jul/2026:12:46:02.009811;24/Jul/2026:12:46:00.646286;24/Jul/2026:12:46:00.667320;24/Jul/2026:12:46:02.632861;24/Jul/2026:12:46:01.885939;24/Jul/2026:12:46:03.232939;24/Jul/2026:12:46:00.666829;24/Jul/2026:12:46:03.063426,1.5167;3.1274;3.1270;3.1845;1.8340;1.8325;0.6329;1.8924;3.2945;1.3160;3.3219;3.3276;3.3556;3.4255;3.6097;3.6349;0.3457;2.4245;3.6978;3.6998;1.9047;3.7269;1.1443;3.7195;3.7262;3.7634;1.9485;1.2198;1.1830;2.4237;0.4907;1.2381;3.8198;3.8665;0.7033;2.2956;1.3308;3.9296;2.6357;2.7448;1.9734;4.0217;2.6743;4.0491;4.1636;2.2163;2.9665;1.6240;4.1904;1.8151,bytes=699639779-699763336;bytes=123201472-124124679;bytes=389731351-389820653;bytes=100911844-101014333;bytes=630696498-630794134;bytes=663542637-663756105;bytes=976247996-977130537;bytes=614703514-615594074;bytes=104682994-104841492;bytes=806279845-806482748;bytes=222613731-222817249;bytes=194483397-194581780;bytes=186728404-187637230;bytes=437389648-438290461;bytes=78594375-79519446;bytes=363879400-364786455;bytes=1193008035-1193097805;bytes=503880045-503966784;bytes=129216603-129323426;bytes=147624463-148522044;bytes=790083879-790163597;bytes=129323427-129421907;bytes=946040322-946152955;bytes=409696330-409893901;bytes=409511670-409696329;bytes=3754244-3850487;bytes=782354767-783250184;bytes=897086178-897985756;bytes=975344972-976247995;bytes=669698554-670606261;bytes=1234834077-1235731161;bytes=896891275-896987180;bytes=122309906-123201471;bytes=7415186-7591621;bytes=1123547577-1123643687;bytes=731897274-732795987;bytes=979321208-980202035;bytes=320177433-320270579;bytes=569653346-569832356;bytes=498716506-499615592;bytes=839008891-839203005;bytes=79519447-80433544;bytes=623981966-624857987;bytes=138851285-139737971;bytes=444537943-445445322;bytes=802474180-803368536;bytes=499927247-500029960;bytes=945756148-945853379;bytes=442413725-442564998;bytes=884707907-884805069,5375d2e0;9d75becb;5c44703e;51486b93;03a966f3;5f9dd0c5;c1545986;47a84f1c;3fee8346;a9853260;b2ecf808;1b6f896b;82921a56;bc9b07ee;6537c0d1;c33492de;c2463faa;13ea93cd;e2f8a8e3;2837fdb5;92c349b6;71ff61bd;c0f59895;0fc544df;f3c880bd;9507e94d;91a901f4;15499afe;bb40eda2;a6be02df;e2c46d46;b5d13440;38893653;77d353ab;f8441e5b;68f76f39;19953baa;ec344464;6d321cf0;80db3771;87535c15;0120140a;726b0ddb;1f63df1c;5861e9a0;6361c051;9058d7dd;93088082;281ba658;4887063c
15,4,230,success,None,24/Jul/2026:12:46:03.231663,24/Jul/2026:12:46:04.981296,1.7497,67,24/Jul/2026:12:46:00.654634;24/Jul/2026:12:46:00.637650;24/Jul/2026:12:46:00.652589;24/Jul/2026:12:46:02.453407;24/Jul/2026:12:46:00.661120;24/Jul/2026:12:46:00.642745;24/Jul/2026:12:46:02.009572;24/Jul/2026:12:46:00.666700;24/Jul/2026:12:46:03.215844;24/Jul/2026:12:46:02.023909;24/Jul/2026:12:46:00.665714;24/Jul/2026:12:46:00.634765;24/Jul/2026:12:46:02.131931;24/Jul/2026:12:46:00.644029;24/Jul/2026:12:46:00.664896;24/Jul/2026:12:46:00.640011;24/Jul/2026:12:46:02.010006;24/Jul/2026:12:46:02.023314;24/Jul/2026:12:46:03.254558;24/Jul/2026:12:46:02.009024;24/Jul/2026:12:46:00.640213;24/Jul/2026:12:46:02.633037;24/Jul/2026:12:46:00.655314;24/Jul/2026:12:46:00.653957;24/Jul/2026:12:46:00.652841;24/Jul/2026:12:46:00.666655;24/Jul/2026:12:46:00.638920;24/Jul/2026:12:46:00.664034;24/Jul/2026:12:46:03.956582;24/Jul/2026:12:46:01.886070;24/Jul/2026:12:46:00.644344;24/Jul/2026:12:46:00.647631;24/Jul/2026:12:46:02.463254;24/Jul/2026:12:46:00.644422;24/Jul/2026:12:46:03.233214;24/Jul/2026:12:46:00.665663;24/Jul/2026:12:46:00.665613;24/Jul/2026:12:46:00.632064;24/Jul/2026:12:46:02.462969;24/Jul/2026:12:46:03.215917;24/Jul/2026:12:46:03.254471;24/Jul/2026:12:46:02.023756;24/Jul/2026:12:46:03.962708;24/Jul/2026:12:46:03.215772;24/Jul/2026:12:46:00.643952;24/Jul/2026:12:46:00.632160;24/Jul/2026:12:46:03.849203;24/Jul/2026:12:46:02.273291;24/Jul/2026:12:46:03.254842;24/Jul/2026:12:46:00.663096;24/Jul/2026:12:46:01.988126;24/Jul/2026:12:46:01.885895;24/Jul/2026:12:46:02.676318;24/Jul/2026:12:46:00.639042;24/Jul/2026:12:46:02.009811;24/Jul/2026:12:46:00.646286;24/Jul/2026:12:46:00.667320;24/Jul/2026:12:46:02.632861;24/Jul/2026:12:46:01.885939;24/Jul/2026:12:46:03.232939;24/Jul/2026:12:46:00.666829;24/Jul/2026:12:46:03.063426;24/Jul/2026:12:46:00.663985;24/Jul/2026:12:46:03.967456;24/Jul/2026:12:46:02.023207;24/Jul/2026:12:46:02.273260;24/Jul/2026:12:46:00.663369,2.6773;2.7206;2.7250;0.9295;2.7405;2.8021;1.4401;2.8091;0.2629;1.4572;2.8176;2.9679;1.5167;3.1274;3.1270;3.1845;1.8340;1.8325;0.6329;1.8924;3.2945;1.3160;3.3219;3.3276;3.3556;3.4255;3.6097;3.6349;0.3457;2.4245;3.6978;3.6998;1.9047;3.7269;1.1443;3.7195;3.7262;3.7634;1.9485;1.2198;1.1830;2.4237;0.4907;1.2381;3.8198;3.8665;0.7033;2.2956;1.3308;3.9296;2.6357;2.7448;1.9734;4.0217;2.6743;4.0491;4.1636;2.2163;2.9665;1.6240;4.1904;1.8151;4.2597;0.9670;2.9239;2.6975;4.3144,bytes=214424172-215318826;bytes=72625561-73521220;bytes=178158114-178336996;bytes=745094585-745206093;bytes=246739263-246877761;bytes=107864874-108774691;bytes=621587756-622494159;bytes=438481285-438578454;bytes=900724192-900816838;bytes=675754358-675858112;bytes=413529453-413613255;bytes=32038768-32136927;bytes=699639779-699763336;bytes=123201472-124124679;bytes=389731351-389820653;bytes=100911844-101014333;bytes=630696498-630794134;bytes=663542637-663756105;bytes=976247996-977130537;bytes=614703514-615594074;bytes=104682994-104841492;bytes=806279845-806482748;bytes=222613731-222817249;bytes=194483397-194581780;bytes=186728404-187637230;bytes=437389648-438290461;bytes=78594375-79519446;bytes=363879400-364786455;bytes=1193008035-1193097805;bytes=503880045-503966784;bytes=129216603-129323426;bytes=147624463-148522044;bytes=790083879-790163597;bytes=129323427-129421907;bytes=946040322-946152955;bytes=409696330-409893901;bytes=409511670-409696329;bytes=3754244-3850487;bytes=782354767-783250184;bytes=897086178-897985756;bytes=975344972-976247995;bytes=669698554-670606261;bytes=1234834077-1235731161;bytes=896891275-896987180;bytes=122309906-123201471;bytes=7415186-7591621;bytes=1123547577-1123643687;bytes=731897274-732795987;bytes=979321208-980202035;bytes=320177433-320270579;bytes=569653346-569832356;bytes=498716506-499615592;bytes=839008891-839203005;bytes=79519447-80433544;bytes=623981966-624857987;bytes=138851285-139737971;bytes=444537943-445445322;bytes=802474180-803368536;bytes=499927247-500029960;bytes=945756148-945853379;bytes=442413725-442564998;bytes=884707907-884805069;bytes=362957490-363879399;bytes=1319577435-1320486669;bytes=661337989-662250191;bytes=730986408-731893617;bytes=356907189-357003731,355fb109;1375937a;1ae223ed;45b2af7c;10c47554;bb8174a8;45c442c3;d5b5c9c8;c9c623d1;72fa8754;7abb7549;03fbcea7;5375d2e0;9d75becb;5c44703e;51486b93;03a966f3;5f9dd0c5;c1545986;47a84f1c;3fee8346;a9853260;b2ecf808;1b6f896b;82921a56;bc9b07ee;6537c0d1;c33492de;c2463faa;13ea93cd;e2f8a8e3;2837fdb5;92c349b6;71ff61bd;c0f59895;0fc544df;f3c880bd;9507e94d;91a901f4;15499afe;bb40eda2;a6be02df;e2c46d46;b5d13440;38893653;77d353ab;f8441e5b;68f76f39;19953baa;ec344464;6d321cf0;80db3771;87535c15;0120140a;726b0ddb;1f63df1c;5861e9a0;6361c051;9058d7dd;93088082;281ba658;4887063c;c63f36c2;77a4b28c;39bc1cf6;06fd8f43;048801e3
15,4,256,success,None,24/Jul/2026:12:46:03.677353,24/Jul/2026:12:46:05.169800,1.4925,61,24/Jul/2026:12:46:00.644029;24/Jul/2026:12:46:00.664896;24/Jul/2026:12:46:00.640011;24/Jul/2026:12:46:02.010006;24/Jul/2026:12:46:02.023314;24/Jul/2026:12:46:03.254558;24/Jul/2026:12:46:02.009024;24/Jul/2026:12:46:00.640213;24/Jul/2026:12:46:02.633037;24/Jul/2026:12:46:00.655314;24/Jul/2026:12:46:00.653957;24/Jul/2026:12:46:00.652841;24/Jul/2026:12:46:00.666655;24/Jul/2026:12:46:00.638920;24/Jul/2026:12:46:00.664034;24/Jul/2026:12:46:03.956582;24/Jul/2026:12:46:01.886070;24/Jul/2026:12:46:00.644344;24/Jul/2026:12:46:00.647631;24/Jul/2026:12:46:02.463254;24/Jul/2026:12:46:00.644422;24/Jul/2026:12:46:03.233214;24/Jul/2026:12:46:00.665663;24/Jul/2026:12:46:00.665613;24/Jul/2026:12:46:00.632064;24/Jul/2026:12:46:02.462969;24/Jul/2026:12:46:03.215917;24/Jul/2026:12:46:03.254471;24/Jul/2026:12:46:02.023756;24/Jul/2026:12:46:03.962708;24/Jul/2026:12:46:03.215772;24/Jul/2026:12:46:00.643952;24/Jul/2026:12:46:00.632160;24/Jul/2026:12:46:03.849203;24/Jul/2026:12:46:02.273291;24/Jul/2026:12:46:03.254842;24/Jul/2026:12:46:00.663096;24/Jul/2026:12:46:01.988126;24/Jul/2026:12:46:01.885895;24/Jul/2026:12:46:02.676318;24/Jul/2026:12:46:00.639042;24/Jul/2026:12:46:02.009811;24/Jul/2026:12:46:00.646286;24/Jul/2026:12:46:00.667320;24/Jul/2026:12:46:02.632861;24/Jul/2026:12:46:01.885939;24/Jul/2026:12:46:03.232939;24/Jul/2026:12:46:00.666829;24/Jul/2026:12:46:03.063426;24/Jul/2026:12:46:00.663985;24/Jul/2026:12:46:03.967456;24/Jul/2026:12:46:02.023207;24/Jul/2026:12:46:02.273260;24/Jul/2026:12:46:00.663369;24/Jul/2026:12:46:03.216185;24/Jul/2026:12:46:00.666169;24/Jul/2026:12:46:02.131836;24/Jul/2026:12:46:04.451729;24/Jul/2026:12:46:02.463093;24/Jul/2026:12:46:02.131643;24/Jul/2026:12:46:00.666392,3.1274;3.1270;3.1845;1.8340;1.8325;0.6329;1.8924;3.2945;1.3160;3.3219;3.3276;3.3556;3.4255;3.6097;3.6349;0.3457;2.4245;3.6978;3.6998;1.9047;3.7269;1.1443;3.7195;3.7262;3.7634;1.9485;1.2198;1.1830;2.4237;0.4907;1.2381;3.8198;3.8665;0.7033;2.2956;1.3308;3.9296;2.6357;2.7448;1.9734;4.0217;2.6743;4.0491;4.1636;2.2163;2.9665;1.6240;4.1904;1.8151;4.2597;0.9670;2.9239;2.6975;4.3144;1.7827;4.3534;2.9234;0.6055;2.6096;2.9472;4.4558,bytes=123201472-124124679;bytes=389731351-389820653;bytes=100911844-101014333;bytes=630696498-630794134;bytes=663542637-663756105;bytes=976247996-977130537;bytes=614703514-615594074;bytes=104682994-104841492;bytes=806279845-806482748;bytes=222613731-222817249;bytes=194483397-194581780;bytes=186728404-187637230;bytes=437389648-438290461;bytes=78594375-79519446;bytes=363879400-364786455;bytes=1193008035-1193097805;bytes=503880045-503966784;bytes=129216603-129323426;bytes=147624463-148522044;bytes=790083879-790163597;bytes=129323427-129421907;bytes=946040322-946152955;bytes=409696330-409893901;bytes=409511670-409696329;bytes=3754244-3850487;bytes=782354767-783250184;bytes=897086178-897985756;bytes=975344972-976247995;bytes=669698554-670606261;bytes=1234834077-1235731161;bytes=896891275-896987180;bytes=122309906-123201471;bytes=7415186-7591621;bytes=1123547577-1123643687;bytes=731897274-732795987;bytes=979321208-980202035;bytes=320177433-320270579;bytes=569653346-569832356;bytes=498716506-499615592;bytes=839008891-839203005;bytes=79519447-80433544;bytes=623981966-624857987;bytes=138851285-139737971;bytes=444537943-445445322;bytes=802474180-803368536;bytes=499927247-500029960;bytes=945756148-945853379;bytes=442413725-442564998;bytes=884707907-884805069;bytes=362957490-363879399;bytes=1319577435-1320486669;bytes=661337989-662250191;bytes=730986408-731893617;bytes=356907189-357003731;bytes=901285646-902184960;bytes=414096608-414984526;bytes=695844898-695940693;bytes=1448856723-1449081046;bytes=785007716-785884732;bytes=691953227-692842974;bytes=418097565-418311418,9d75becb;5c44703e;51486b93;03a966f3;5f9dd0c5;c1545986;47a84f1c;3fee8346;a9853260;b2ecf808;1b6f896b;82921a56;bc9b07ee;6537c0d1;c33492de;c2463faa;13ea93cd;e2f8a8e3;2837fdb5;92c349b6;71ff61bd;c0f59895;0fc544df;f3c880bd;9507e94d;91a901f4;15499afe;bb40eda2;a6be02df;e2c46d46;b5d13440;38893653;77d353ab;f8441e5b;68f76f39;19953baa;ec344464;6d321cf0;80db3771;87535c15;0120140a;726b0ddb;1f63df1c;5861e9a0;6361c051;9058d7dd;93088082;281ba658;4887063c;c63f36c2;77a4b28c;39bc1cf6;06fd8f43;048801e3;687b96c4;7311c7c2;ff609e82;0ea3f72d;c6a44e35;ad112e7b;7e2ac2ef
15,4,274,success,None,24/Jul/2026:12:46:03.848610,24/Jul/2026:12:46:05.199056,1.3505,58,24/Jul/2026:12:46:02.023314;24/Jul/2026:12:46:03.254558;24/Jul/2026:12:46:02.009024;24/Jul/2026:12:46:00.640213;24/Jul/2026:12:46:02.633037;24/Jul/2026:12:46:00.655314;24/Jul/2026:12:46:00.653957;24/Jul/2026:12:46:00.652841;24/Jul/2026:12:46:00.666655;24/Jul/2026:12:46:00.638920;24/Jul/2026:12:46:00.664034;24/Jul/2026:12:46:03.956582;24/Jul/2026:12:46:01.886070;24/Jul/2026:12:46:00.644344;24/Jul/2026:12:46:00.647631;24/Jul/2026:12:46:02.463254;24/Jul/2026:12:46:00.644422;24/Jul/2026:12:46:03.233214;24/Jul/2026:12:46:00.665663;24/Jul/2026:12:46:00.665613;24/Jul/2026:12:46:00.632064;24/Jul/2026:12:46:02.462969;24/Jul/2026:12:46:03.215917;24/Jul/2026:12:46:03.254471;24/Jul/2026:12:46:02.023756;24/Jul/2026:12:46:03.962708;24/Jul/2026:12:46:03.215772;24/Jul/2026:12:46:00.643952;24/Jul/2026:12:46:00.632160;24/Jul/2026:12:46:03.849203;24/Jul/2026:12:46:02.273291;24/Jul/2026:12:46:03.254842;24/Jul/2026:12:46:00.663096;24/Jul/2026:12:46:01.988126;24/Jul/2026:12:46:01.885895;24/Jul/2026:12:46:02.676318;24/Jul/2026:12:46:00.639042;24/Jul/2026:12:46:02.009811;24/Jul/2026:12:46:00.646286;24/Jul/2026:12:46:00.667320;24/Jul/2026:12:46:02.632861;24/Jul/2026:12:46:01.885939;24/Jul/2026:12:46:03.232939;24/Jul/2026:12:46:00.666829;24/Jul/2026:12:46:03.063426;24/Jul/2026:12:46:00.663985;24/Jul/2026:12:46:03.967456;24/Jul/2026:12:46:02.023207;24/Jul/2026:12:46:02.273260;24/Jul/2026:12:46:00.663369;24/Jul/2026:12:46:03.216185;24/Jul/2026:12:46:00.666169;24/Jul/2026:12:46:02.131836;24/Jul/2026:12:46:04.451729;24/Jul/2026:12:46:02.463093;24/Jul/2026:12:46:02.131643;24/Jul/2026:12:46:00.666392;24/Jul/2026:12:46:00.635739,1.8325;0.6329;1.8924;3.2945;1.3160;3.3219;3.3276;3.3556;3.4255;3.6097;3.6349;0.3457;2.4245;3.6978;3.6998;1.9047;3.7269;1.1443;3.7195;3.7262;3.7634;1.9485;1.2198;1.1830;2.4237;0.4907;1.2381;3.8198;3.8665;0.7033;2.2956;1.3308;3.9296;2.6357;2.7448;1.9734;4.0217;2.6743;4.0491;4.1636;2.2163;2.9665;1.6240;4.1904;1.8151;4.2597;0.9670;2.9239;2.6975;4.3144;1.7827;4.3534;2.9234;0.6055;2.6096;2.9472;4.4558;4.5436,bytes=663542637-663756105;bytes=976247996-977130537;bytes=614703514-615594074;bytes=104682994-104841492;bytes=806279845-806482748;bytes=222613731-222817249;bytes=194483397-194581780;bytes=186728404-187637230;bytes=437389648-438290461;bytes=78594375-79519446;bytes=363879400-364786455;bytes=1193008035-1193097805;bytes=503880045-503966784;bytes=129216603-129323426;bytes=147624463-148522044;bytes=790083879-790163597;bytes=129323427-129421907;bytes=946040322-946152955;bytes=409696330-409893901;bytes=409511670-409696329;bytes=3754244-3850487;bytes=782354767-783250184;bytes=897086178-897985756;bytes=975344972-976247995;bytes=669698554-670606261;bytes=1234834077-1235731161;bytes=896891275-896987180;bytes=122309906-123201471;bytes=7415186-7591621;bytes=1123547577-1123643687;bytes=731897274-732795987;bytes=979321208-980202035;bytes=320177433-320270579;bytes=569653346-569832356;bytes=498716506-499615592;bytes=839008891-839203005;bytes=79519447-80433544;bytes=623981966-624857987;bytes=138851285-139737971;bytes=444537943-445445322;bytes=802474180-803368536;bytes=499927247-500029960;bytes=945756148-945853379;bytes=442413725-442564998;bytes=884707907-884805069;bytes=362957490-363879399;bytes=1319577435-1320486669;bytes=661337989-662250191;bytes=730986408-731893617;bytes=356907189-357003731;bytes=901285646-902184960;bytes=414096608-414984526;bytes=695844898-695940693;bytes=1448856723-1449081046;bytes=785007716-785884732;bytes=691953227-692842974;bytes=418097565-418311418;bytes=34378950-35297118,5f9dd0c5;c1545986;47a84f1c;3fee8346;a9853260;b2ecf808;1b6f896b;82921a56;bc9b07ee;6537c0d1;c33492de;c2463faa;13ea93cd;e2f8a8e3;2837fdb5;92c349b6;71ff61bd;c0f59895;0fc544df;f3c880bd;9507e94d;91a901f4;15499afe;bb40eda2;a6be02df;e2c46d46;b5d13440;38893653;77d353ab;f8441e5b;68f76f39;19953baa;ec344464;6d321cf0;80db3771;87535c15;0120140a;726b0ddb;1f63df1c;5861e9a0;6361c051;9058d7dd;93088082;281ba658;4887063c;c63f36c2;77a4b28c;39bc1cf6;06fd8f43;048801e3;687b96c4;7311c7c2;ff609e82;0ea3f72d;c6a44e35;ad112e7b;7e2ac2ef;0df6c25a
15,4,288,success,None,24/Jul/2026:12:46:03.954955,24/Jul/2026:12:46:05.485954,1.5310,61,24/Jul/2026:12:46:00.655314;24/Jul/2026:12:46:00.653957;24/Jul/2026:12:46:00.652841;24/Jul/2026:12:46:00.666655;24/Jul/2026:12:46:00.638920;24/Jul/2026:12:46:00.664034;24/Jul/2026:12:46:03.956582;24/Jul/2026:12:46:01.886070;24/Jul/2026:12:46:00.644344;24/Jul/2026:12:46:00.647631;24/Jul/2026:12:46:02.463254;24/Jul/2026:12:46:00.644422;24/Jul/2026:12:46:03.233214;24/Jul/2026:12:46:00.665663;24/Jul/2026:12:46:00.665613;24/Jul/2026:12:46:00.632064;24/Jul/2026:12:46:02.462969;24/Jul/2026:12:46:03.215917;24/Jul/2026:12:46:03.254471;24/Jul/2026:12:46:02.023756;24/Jul/2026:12:46:03.962708;24/Jul/2026:12:46:03.215772;24/Jul/2026:12:46:00.643952;24/Jul/2026:12:46:00.632160;24/Jul/2026:12:46:03.849203;24/Jul/2026:12:46:02.273291;24/Jul/2026:12:46:03.254842;24/Jul/2026:12:46:00.663096;24/Jul/2026:12:46:01.988126;24/Jul/2026:12:46:01.885895;24/Jul/2026:12:46:02.676318;24/Jul/2026:12:46:00.639042;24/Jul/2026:12:46:02.009811;24/Jul/2026:12:46:00.646286;24/Jul/2026:12:46:00.667320;24/Jul/2026:12:46:02.632861;24/Jul/2026:12:46:01.885939;24/Jul/2026:12:46:03.232939;24/Jul/2026:12:46:00.666829;24/Jul/2026:12:46:03.063426;24/Jul/2026:12:46:00.663985;24/Jul/2026:12:46:03.967456;24/Jul/2026:12:46:02.023207;24/Jul/2026:12:46:02.273260;24/Jul/2026:12:46:00.663369;24/Jul/2026:12:46:03.216185;24/Jul/2026:12:46:00.666169;24/Jul/2026:12:46:02.131836;24/Jul/2026:12:46:04.451729;24/Jul/2026:12:46:02.463093;24/Jul/2026:12:46:02.131643;24/Jul/2026:12:46:00.666392;24/Jul/2026:12:46:00.635739;24/Jul/2026:12:46:00.643266;24/Jul/2026:12:46:04.475252;24/Jul/2026:12:46:02.951934;24/Jul/2026:12:46:00.662774;24/Jul/2026:12:46:04.509964;24/Jul/2026:12:46:03.232976;24/Jul/2026:12:46:02.463009;24/Jul/2026:12:46:00.653688,3.3219;3.3276;3.3556;3.4255;3.6097;3.6349;0.3457;2.4245;3.6978;3.6998;1.9047;3.7269;1.1443;3.7195;3.7262;3.7634;1.9485;1.2198;1.1830;2.4237;0.4907;1.2381;3.8198;3.8665;0.7033;2.2956;1.3308;3.9296;2.6357;2.7448;1.9734;4.0217;2.6743;4.0491;4.1636;2.2163;2.9665;1.6240;4.1904;1.8151;4.2597;0.9670;2.9239;2.6975;4.3144;1.7827;4.3534;2.9234;0.6055;2.6096;2.9472;4.4558;4.5436;4.5800;0.7664;2.2953;4.6641;0.8535;2.1855;2.9690;4.8200,bytes=222613731-222817249;bytes=194483397-194581780;bytes=186728404-187637230;bytes=437389648-438290461;bytes=78594375-79519446;bytes=363879400-364786455;bytes=1193008035-1193097805;bytes=503880045-503966784;bytes=129216603-129323426;bytes=147624463-148522044;bytes=790083879-790163597;bytes=129323427-129421907;bytes=946040322-946152955;bytes=409696330-409893901;bytes=409511670-409696329;bytes=3754244-3850487;bytes=782354767-783250184;bytes=897086178-897985756;bytes=975344972-976247995;bytes=669698554-670606261;bytes=1234834077-1235731161;bytes=896891275-896987180;bytes=122309906-123201471;bytes=7415186-7591621;bytes=1123547577-1123643687;bytes=731897274-732795987;bytes=979321208-980202035;bytes=320177433-320270579;bytes=569653346-569832356;bytes=498716506-499615592;bytes=839008891-839203005;bytes=79519447-80433544;bytes=623981966-624857987;bytes=138851285-139737971;bytes=444537943-445445322;bytes=802474180-803368536;bytes=499927247-500029960;bytes=945756148-945853379;bytes=442413725-442564998;bytes=884707907-884805069;bytes=362957490-363879399;bytes=1319577435-1320486669;bytes=661337989-662250191;bytes=730986408-731893617;bytes=356907189-357003731;bytes=901285646-902184960;bytes=414096608-414984526;bytes=695844898-695940693;bytes=1448856723-1449081046;bytes=785007716-785884732;bytes=691953227-692842974;bytes=418097565-418311418;bytes=34378950-35297118;bytes=118120775-119018716;bytes=1469916622-1470012928;bytes=857854295-858788537;bytes=312248187-313144597;bytes=1511269429-1511448028;bytes=945853380-945938517;bytes=783250185-784124164;bytes=190706827-191620224,b2ecf808;1b6f896b;82921a56;bc9b07ee;6537c0d1;c33492de;c2463faa;13ea93cd;e2f8a8e3;2837fdb5;92c349b6;71ff61bd;c0f59895;0fc544df;f3c880bd;9507e94d;91a901f4;15499afe;bb40eda2;a6be02df;e2c46d46;b5d13440;38893653;77d353ab;f8441e5b;68f76f39;19953baa;ec344464;6d321cf0;80db3771;87535c15;0120140a;726b0ddb;1f63df1c;5861e9a0;6361c051;9058d7dd;93088082;281ba658;4887063c;c63f36c2;77a4b28c;39bc1cf6;06fd8f43;048801e3;687b96c4;7311c7c2;ff609e82;0ea3f72d;c6a44e35;ad112e7b;7e2ac2ef;0df6c25a;4b9012d2;581c33c5;8040943b;d56aa2ab;ae025079;dfc90b62;bd18950e;8f0f7f4f
15,4,320,success,None,24/Jul/2026:12:46:03.966336,24/Jul/2026:12:46:05.496589,1.5303,61,24/Jul/2026:12:46:00.655314;24/Jul/2026:12:46:00.653957;24/Jul/2026:12:46:00.652841;24/Jul/2026:12:46:00.666655;24/Jul/2026:12:46:00.638920;24/Jul/2026:12:46:00.664034;24/Jul/2026:12:46:03.956582;24/Jul/2026:12:46:01.886070;24/Jul/2026:12:46:00.644344;24/Jul/2026:12:46:00.647631;24/Jul/2026:12:46:02.463254;24/Jul/2026:12:46:00.644422;24/Jul/2026:12:46:03.233214;24/Jul/2026:12:46:00.665663;24/Jul/2026:12:46:00.665613;24/Jul/2026:12:46:00.632064;24/Jul/2026:12:46:02.462969;24/Jul/2026:12:46:03.215917;24/Jul/2026:12:46:03.254471;24/Jul/2026:12:46:02.023756;24/Jul/2026:12:46:03.962708;24/Jul/2026:12:46:03.215772;24/Jul/2026:12:46:00.643952;24/Jul/2026:12:46:00.632160;24/Jul/2026:12:46:03.849203;24/Jul/2026:12:46:02.273291;24/Jul/2026:12:46:03.254842;24/Jul/2026:12:46:00.663096;24/Jul/2026:12:46:01.988126;24/Jul/2026:12:46:01.885895;24/Jul/2026:12:46:02.676318;24/Jul/2026:12:46:00.639042;24/Jul/2026:12:46:02.009811;24/Jul/2026:12:46:00.646286;24/Jul/2026:12:46:00.667320;24/Jul/2026:12:46:02.632861;24/Jul/2026:12:46:01.885939;24/Jul/2026:12:46:03.232939;24/Jul/2026:12:46:00.666829;24/Jul/2026:12:46:03.063426;24/Jul/2026:12:46:00.663985;24/Jul/2026:12:46:03.967456;24/Jul/2026:12:46:02.023207;24/Jul/2026:12:46:02.273260;24/Jul/2026:12:46:00.663369;24/Jul/2026:12:46:03.216185;24/Jul/2026:12:46:00.666169;24/Jul/2026:12:46:02.131836;24/Jul/2026:12:46:04.451729;24/Jul/2026:12:46:02.463093;24/Jul/2026:12:46:02.131643;24/Jul/2026:12:46:00.666392;24/Jul/2026:12:46:00.635739;24/Jul/2026:12:46:00.643266;24/Jul/2026:12:46:04.475252;24/Jul/2026:12:46:02.951934;24/Jul/2026:12:46:00.662774;24/Jul/2026:12:46:04.509964;24/Jul/2026:12:46:03.232976;24/Jul/2026:12:46:02.463009;24/Jul/2026:12:46:00.653688,3.3219;3.3276;3.3556;3.4255;3.6097;3.6349;0.3457;2.4245;3.6978;3.6998;1.9047;3.7269;1.1443;3.7195;3.7262;3.7634;1.9485;1.2198;1.1830;2.4237;0.4907;1.2381;3.8198;3.8665;0.7033;2.2956;1.3308;3.9296;2.6357;2.7448;1.9734;4.0217;2.6743;4.0491;4.1636;2.2163;2.9665;1.6240;4.1904;1.8151;4.2597;0.9670;2.9239;2.6975;4.3144;1.7827;4.3534;2.9234;0.6055;2.6096;2.9472;4.4558;4.5436;4.5800;0.7664;2.2953;4.6641;0.8535;2.1855;2.9690;4.8200,bytes=222613731-222817249;bytes=194483397-194581780;bytes=186728404-187637230;bytes=437389648-438290461;bytes=78594375-79519446;bytes=363879400-364786455;bytes=1193008035-1193097805;bytes=503880045-503966784;bytes=129216603-129323426;bytes=147624463-148522044;bytes=790083879-790163597;bytes=129323427-129421907;bytes=946040322-946152955;bytes=409696330-409893901;bytes=409511670-409696329;bytes=3754244-3850487;bytes=782354767-783250184;bytes=897086178-897985756;bytes=975344972-976247995;bytes=669698554-670606261;bytes=1234834077-1235731161;bytes=896891275-896987180;bytes=122309906-123201471;bytes=7415186-7591621;bytes=1123547577-1123643687;bytes=731897274-732795987;bytes=979321208-980202035;bytes=320177433-320270579;bytes=569653346-569832356;bytes=498716506-499615592;bytes=839008891-839203005;bytes=79519447-80433544;bytes=623981966-624857987;bytes=138851285-139737971;bytes=444537943-445445322;bytes=802474180-803368536;bytes=499927247-500029960;bytes=945756148-945853379;bytes=442413725-442564998;bytes=884707907-884805069;bytes=362957490-363879399;bytes=1319577435-1320486669;bytes=661337989-662250191;bytes=730986408-731893617;bytes=356907189-357003731;bytes=901285646-902184960;bytes=414096608-414984526;bytes=695844898-695940693;bytes=1448856723-1449081046;bytes=785007716-785884732;bytes=691953227-692842974;bytes=418097565-418311418;bytes=34378950-35297118;bytes=118120775-119018716;bytes=1469916622-1470012928;bytes=857854295-858788537;bytes=312248187-313144597;bytes=1511269429-1511448028;bytes=945853380-945938517;bytes=783250185-784124164;bytes=190706827-191620224,b2ecf808;1b6f896b;82921a56;bc9b07ee;6537c0d1;c33492de;c2463faa;13ea93cd;e2f8a8e3;2837fdb5;92c349b6;71ff61bd;c0f59895;0fc544df;f3c880bd;9507e94d;91a901f4;15499afe;bb40eda2;a6be02df;e2c46d46;b5d13440;38893653;77d353ab;f8441e5b;68f76f39;19953baa;ec344464;6d321cf0;80db3771;87535c15;0120140a;726b0ddb;1f63df1c;5861e9a0;6361c051;9058d7dd;93088082;281ba658;4887063c;c63f36c2;77a4b28c;39bc1cf6;06fd8f43;048801e3;687b96c4;7311c7c2;ff609e82;0ea3f72d;c6a44e35;ad112e7b;7e2ac2ef;0df6c25a;4b9012d2;581c33c5;8040943b;d56aa2ab;ae025079;dfc90b62;bd18950e;8f0f7f4f
15,4,300,success,None,24/Jul/2026:12:46:03.960790,24/Jul/2026:12:46:05.724258,1.7635,71,24/Jul/2026:12:46:00.655314;24/Jul/2026:12:46:00.653957;24/Jul/2026:12:46:00.652841;24/Jul/2026:12:46:00.666655;24/Jul/2026:12:46:00.638920;24/Jul/2026:12:46:00.664034;24/Jul/2026:12:46:03.956582;24/Jul/2026:12:46:01.886070;24/Jul/2026:12:46:00.644344;24/Jul/2026:12:46:00.647631;24/Jul/2026:12:46:02.463254;24/Jul/2026:12:46:00.644422;24/Jul/2026:12:46:03.233214;24/Jul/2026:12:46:00.665663;24/Jul/2026:12:46:00.665613;24/Jul/2026:12:46:00.632064;24/Jul/2026:12:46:02.462969;24/Jul/2026:12:46:03.215917;24/Jul/2026:12:46:03.254471;24/Jul/2026:12:46:02.023756;24/Jul/2026:12:46:03.962708;24/Jul/2026:12:46:03.215772;24/Jul/2026:12:46:00.643952;24/Jul/2026:12:46:00.632160;24/Jul/2026:12:46:03.849203;24/Jul/2026:12:46:02.273291;24/Jul/2026:12:46:03.254842;24/Jul/2026:12:46:00.663096;24/Jul/2026:12:46:01.988126;24/Jul/2026:12:46:01.885895;24/Jul/2026:12:46:02.676318;24/Jul/2026:12:46:00.639042;24/Jul/2026:12:46:02.009811;24/Jul/2026:12:46:00.646286;24/Jul/2026:12:46:00.667320;24/Jul/2026:12:46:02.632861;24/Jul/2026:12:46:01.885939;24/Jul/2026:12:46:03.232939;24/Jul/2026:12:46:00.666829;24/Jul/2026:12:46:03.063426;24/Jul/2026:12:46:00.663985;24/Jul/2026:12:46:03.967456;24/Jul/2026:12:46:02.023207;24/Jul/2026:12:46:02.273260;24/Jul/2026:12:46:00.663369;24/Jul/2026:12:46:03.216185;24/Jul/2026:12:46:00.666169;24/Jul/2026:12:46:02.131836;24/Jul/2026:12:46:04.451729;24/Jul/2026:12:46:02.463093;24/Jul/2026:12:46:02.131643;24/Jul/2026:12:46:00.666392;24/Jul/2026:12:46:00.635739;24/Jul/2026:12:46:00.643266;24/Jul/2026:12:46:04.475252;24/Jul/2026:12:46:02.951934;24/Jul/2026:12:46:00.662774;24/Jul/2026:12:46:04.509964;24/Jul/2026:12:46:03.232976;24/Jul/2026:12:46:02.463009;24/Jul/2026:12:46:00.653688;24/Jul/2026:12:46:03.678139;24/Jul/2026:12:46:04.753008;24/Jul/2026:12:46:03.955868;24/Jul/2026:12:46:00.633181;24/Jul/2026:12:46:03.233132;24/Jul/2026:12:46:03.678426;24/Jul/2026:12:46:03.216152;24/Jul/2026:12:46:00.651269;24/Jul/2026:12:46:04.982913;24/Jul/2026:12:46:04.748234,3.3219;3.3276;3.3556;3.4255;3.6097;3.6349;0.3457;2.4245;3.6978;3.6998;1.9047;3.7269;1.1443;3.7195;3.7262;3.7634;1.9485;1.2198;1.1830;2.4237;0.4907;1.2381;3.8198;3.8665;0.7033;2.2956;1.3308;3.9296;2.6357;2.7448;1.9734;4.0217;2.6743;4.0491;4.1636;2.2163;2.9665;1.6240;4.1904;1.8151;4.2597;0.9670;2.9239;2.6975;4.3144;1.7827;4.3534;2.9234;0.6055;2.6096;2.9472;4.4558;4.5436;4.5800;0.7664;2.2953;4.6641;0.8535;2.1855;2.9690;4.8200;1.8527;0.8195;1.6276;4.9651;2.3654;1.9310;2.4016;4.9715;0.6498;0.9144,bytes=222613731-222817249;bytes=194483397-194581780;bytes=186728404-187637230;bytes=437389648-438290461;bytes=78594375-79519446;bytes=363879400-364786455;bytes=1193008035-1193097805;bytes=503880045-503966784;bytes=129216603-129323426;bytes=147624463-148522044;bytes=790083879-790163597;bytes=129323427-129421907;bytes=946040322-946152955;bytes=409696330-409893901;bytes=409511670-409696329;bytes=3754244-3850487;bytes=782354767-783250184;bytes=897086178-897985756;bytes=975344972-976247995;bytes=669698554-670606261;bytes=1234834077-1235731161;bytes=896891275-896987180;bytes=122309906-123201471;bytes=7415186-7591621;bytes=1123547577-1123643687;bytes=731897274-732795987;bytes=979321208-980202035;bytes=320177433-320270579;bytes=569653346-569832356;bytes=498716506-499615592;bytes=839008891-839203005;bytes=79519447-80433544;bytes=623981966-624857987;bytes=138851285-139737971;bytes=444537943-445445322;bytes=802474180-803368536;bytes=499927247-500029960;bytes=945756148-945853379;bytes=442413725-442564998;bytes=884707907-884805069;bytes=362957490-363879399;bytes=1319577435-1320486669;bytes=661337989-662250191;bytes=730986408-731893617;bytes=356907189-357003731;bytes=901285646-902184960;bytes=414096608-414984526;bytes=695844898-695940693;bytes=1448856723-1449081046;bytes=785007716-785884732;bytes=691953227-692842974;bytes=418097565-418311418;bytes=34378950-35297118;bytes=118120775-119018716;bytes=1469916622-1470012928;bytes=857854295-858788537;bytes=312248187-313144597;bytes=1511269429-1511448028;bytes=945853380-945938517;bytes=783250185-784124164;bytes=190706827-191620224;bytes=1052972426-1053068010;bytes=1623391614-1623490235;bytes=1185011140-1185161662;bytes=8856070-9744491;bytes=944859053-945756147;bytes=1057237479-1057349896;bytes=905018761-905113119;bytes=166897230-167787605;bytes=1714503427-1714627966;bytes=1571410929-1572319046,b2ecf808;1b6f896b;82921a56;bc9b07ee;6537c0d1;c33492de;c2463faa;13ea93cd;e2f8a8e3;2837fdb5;92c349b6;71ff61bd;c0f59895;0fc544df;f3c880bd;9507e94d;91a901f4;15499afe;bb40eda2;a6be02df;e2c46d46;b5d13440;38893653;77d353ab;f8441e5b;68f76f39;19953baa;ec344464;6d321cf0;80db3771;87535c15;0120140a;726b0ddb;1f63df1c;5861e9a0;6361c051;9058d7dd;93088082;281ba658;4887063c;c63f36c2;77a4b28c;39bc1cf6;06fd8f43;048801e3;687b96c4;7311c7c2;ff609e82;0ea3f72d;c6a44e35;ad112e7b;7e2ac2ef;0df6c25a;4b9012d2;581c33c5;8040943b;d56aa2ab;ae025079;dfc90b62;bd18950e;8f0f7f4f;522db7ee;89532eea;d30e6edd;77297f69;1173f04c;78cfcd7d;cfa2ac0c;6f82e10b;35329bb0;f215ef14
15,4,329,success,None,24/Jul/2026:12:46:04.028786,24/Jul/2026:12:46:05.729197,1.7004,68,24/Jul/2026:12:46:00.666655;24/Jul/2026:12:46:00.638920;24/Jul/2026:12:46:00.664034;24/Jul/2026:12:46:03.956582;24/Jul/2026:12:46:01.886070;24/Jul/2026:12:46:00.644344;24/Jul/2026:12:46:00.647631;24/Jul/2026:12:46:02.463254;24/Jul/2026:12:46:00.644422;24/Jul/2026:12:46:03.233214;24/Jul/2026:12:46:00.665663;24/Jul/2026:12:46:00.665613;24/Jul/2026:12:46:00.632064;24/Jul/2026:12:46:02.462969;24/Jul/2026:12:46:03.215917;24/Jul/2026:12:46:03.254471;24/Jul/2026:12:46:02.023756;24/Jul/2026:12:46:03.962708;24/Jul/2026:12:46:03.215772;24/Jul/2026:12:46:00.643952;24/Jul/2026:12:46:00.632160;24/Jul/2026:12:46:03.849203;24/Jul/2026:12:46:02.273291;24/Jul/2026:12:46:03.254842;24/Jul/2026:12:46:00.663096;24/Jul/2026:12:46:01.988126;24/Jul/2026:12:46:01.885895;24/Jul/2026:12:46:02.676318;24/Jul/2026:12:46:00.639042;24/Jul/2026:12:46:02.009811;24/Jul/2026:12:46:00.646286;24/Jul/2026:12:46:00.667320;24/Jul/2026:12:46:02.632861;24/Jul/2026:12:46:01.885939;24/Jul/2026:12:46:03.232939;24/Jul/2026:12:46:00.666829;24/Jul/2026:12:46:03.063426;24/Jul/2026:12:46:00.663985;24/Jul/2026:12:46:03.967456;24/Jul/2026:12:46:02.023207;24/Jul/2026:12:46:02.273260;24/Jul/2026:12:46:00.663369;24/Jul/2026:12:46:03.216185;24/Jul/2026:12:46:00.666169;24/Jul/2026:12:46:02.131836;24/Jul/2026:12:46:04.451729;24/Jul/2026:12:46:02.463093;24/Jul/2026:12:46:02.131643;24/Jul/2026:12:46:00.666392;24/Jul/2026:12:46:00.635739;24/Jul/2026:12:46:00.643266;24/Jul/2026:12:46:04.475252;24/Jul/2026:12:46:02.951934;24/Jul/2026:12:46:00.662774;24/Jul/2026:12:46:04.509964;24/Jul/2026:12:46:03.232976;24/Jul/2026:12:46:02.463009;24/Jul/2026:12:46:00.653688;24/Jul/2026:12:46:03.678139;24/Jul/2026:12:46:04.753008;24/Jul/2026:12:46:03.955868;24/Jul/2026:12:46:00.633181;24/Jul/2026:12:46:03.233132;24/Jul/2026:12:46:03.678426;24/Jul/2026:12:46:03.216152;24/Jul/2026:12:46:00.651269;24/Jul/2026:12:46:04.982913;24/Jul/2026:12:46:04.748234,3.4255;3.6097;3.6349;0.3457;2.4245;3.6978;3.6998;1.9047;3.7269;1.1443;3.7195;3.7262;3.7634;1.9485;1.2198;1.1830;2.4237;0.4907;1.2381;3.8198;3.8665;0.7033;2.2956;1.3308;3.9296;2.6357;2.7448;1.9734;4.0217;2.6743;4.0491;4.1636;2.2163;2.9665;1.6240;4.1904;1.8151;4.2597;0.9670;2.9239;2.6975;4.3144;1.7827;4.3534;2.9234;0.6055;2.6096;2.9472;4.4558;4.5436;4.5800;0.7664;2.2953;4.6641;0.8535;2.1855;2.9690;4.8200;1.8527;0.8195;1.6276;4.9651;2.3654;1.9310;2.4016;4.9715;0.6498;0.9144,bytes=437389648-438290461;bytes=78594375-79519446;bytes=363879400-364786455;bytes=1193008035-1193097805;bytes=503880045-503966784;bytes=129216603-129323426;bytes=147624463-148522044;bytes=790083879-790163597;bytes=129323427-129421907;bytes=946040322-946152955;bytes=409696330-409893901;bytes=409511670-409696329;bytes=3754244-3850487;bytes=782354767-783250184;bytes=897086178-897985756;bytes=975344972-976247995;bytes=669698554-670606261;bytes=1234834077-1235731161;bytes=896891275-896987180;bytes=122309906-123201471;bytes=7415186-7591621;bytes=1123547577-1123643687;bytes=731897274-732795987;bytes=979321208-980202035;bytes=320177433-320270579;bytes=569653346-569832356;bytes=498716506-499615592;bytes=839008891-839203005;bytes=79519447-80433544;bytes=623981966-624857987;bytes=138851285-139737971;bytes=444537943-445445322;bytes=802474180-803368536;bytes=499927247-500029960;bytes=945756148-945853379;bytes=442413725-442564998;bytes=884707907-884805069;bytes=362957490-363879399;bytes=1319577435-1320486669;bytes=661337989-662250191;bytes=730986408-731893617;bytes=356907189-357003731;bytes=901285646-902184960;bytes=414096608-414984526;bytes=695844898-695940693;bytes=1448856723-1449081046;bytes=785007716-785884732;bytes=691953227-692842974;bytes=418097565-418311418;bytes=34378950-35297118;bytes=118120775-119018716;bytes=1469916622-1470012928;bytes=857854295-858788537;bytes=312248187-313144597;bytes=1511269429-1511448028;bytes=945853380-945938517;bytes=783250185-784124164;bytes=190706827-191620224;bytes=1052972426-1053068010;bytes=1623391614-1623490235;bytes=1185011140-1185161662;bytes=8856070-9744491;bytes=944859053-945756147;bytes=1057237479-1057349896;bytes=905018761-905113119;bytes=166897230-167787605;bytes=1714503427-1714627966;bytes=1571410929-1572319046,bc9b07ee;6537c0d1;c33492de;c2463faa;13ea93cd;e2f8a8e3;2837fdb5;92c349b6;71ff61bd;c0f59895;0fc544df;f3c880bd;9507e94d;91a901f4;15499afe;bb40eda2;a6be02df;e2c46d46;b5d13440;38893653;77d353ab;f8441e5b;68f76f39;19953baa;ec344464;6d321cf0;80db3771;87535c15;0120140a;726b0ddb;1f63df1c;5861e9a0;6361c051;9058d7dd;93088082;281ba658;4887063c;c63f36c2;77a4b28c;39bc1cf6;06fd8f43;048801e3;687b96c4;7311c7c2;ff609e82;0ea3f72d;c6a44e35;ad112e7b;7e2ac2ef;0df6c25a;4b9012d2;581c33c5;8040943b;d56aa2ab;ae025079;dfc90b62;bd18950e;8f0f7f4f;522db7ee;89532eea;d30e6edd;77297f69;1173f04c;78cfcd7d;cfa2ac0c;6f82e10b;35329bb0;f215ef14
15,4,352,success,None,24/Jul/2026:12:46:04.449824,24/Jul/2026:12:46:05.944490,1.4947,59,24/Jul/2026:12:46:03.962708;24/Jul/2026:12:46:03.215772;24/Jul/2026:12:46:00.643952;24/Jul/2026:12:46:00.632160;24/Jul/2026:12:46:03.849203;24/Jul/2026:12:46:02.273291;24/Jul/2026:12:46:03.254842;24/Jul/2026:12:46:00.663096;24/Jul/2026:12:46:01.988126;24/Jul/2026:12:46:01.885895;24/Jul/2026:12:46:02.676318;24/Jul/2026:12:46:00.639042;24/Jul/2026:12:46:02.009811;24/Jul/2026:12:46:00.646286;24/Jul/2026:12:46:00.667320;24/Jul/2026:12:46:02.632861;24/Jul/2026:12:46:01.885939;24/Jul/2026:12:46:03.232939;24/Jul/2026:12:46:00.666829;24/Jul/2026:12:46:03.063426;24/Jul/2026:12:46:00.663985;24/Jul/2026:12:46:03.967456;24/Jul/2026:12:46:02.023207;24/Jul/2026:12:46:02.273260;24/Jul/2026:12:46:00.663369;24/Jul/2026:12:46:03.216185;24/Jul/2026:12:46:00.666169;24/Jul/2026:12:46:02.131836;24/Jul/2026:12:46:04.451729;24/Jul/2026:12:46:02.463093;24/Jul/2026:12:46:02.131643;24/Jul/2026:12:46:00.666392;24/Jul/2026:12:46:00.635739;24/Jul/2026:12:46:00.643266;24/Jul/2026:12:46:04.475252;24/Jul/2026:12:46:02.951934;24/Jul/2026:12:46:00.662774;24/Jul/2026:12:46:04.509964;24/Jul/2026:12:46:03.232976;24/Jul/2026:12:46:02.463009;24/Jul/2026:12:46:00.653688;24/Jul/2026:12:46:03.678139;24/Jul/2026:12:46:04.753008;24/Jul/2026:12:46:03.955868;24/Jul/2026:12:46:00.633181;24/Jul/2026:12:46:03.233132;24/Jul/2026:12:46:03.678426;24/Jul/2026:12:46:03.216152;24/Jul/2026:12:46:00.651269;24/Jul/2026:12:46:04.982913;24/Jul/2026:12:46:04.748234;24/Jul/2026:12:46:03.962456;24/Jul/2026:12:46:02.676622;24/Jul/2026:12:46:03.956443;24/Jul/2026:12:46:03.955905;24/Jul/2026:12:46:03.678286;24/Jul/2026:12:46:02.132213;24/Jul/2026:12:46:00.667407;24/Jul/2026:12:46:03.232811,0.4907;1.2381;3.8198;3.8665;0.7033;2.2956;1.3308;3.9296;2.6357;2.7448;1.9734;4.0217;2.6743;4.0491;4.1636;2.2163;2.9665;1.6240;4.1904;1.8151;4.2597;0.9670;2.9239;2.6975;4.3144;1.7827;4.3534;2.9234;0.6055;2.6096;2.9472;4.4558;4.5436;4.5800;0.7664;2.2953;4.6641;0.8535;2.1855;2.9690;4.8200;1.8527;0.8195;1.6276;4.9651;2.3654;1.9310;2.4016;4.9715;0.6498;0.9144;1.7746;3.0974;1.8258;1.9317;2.2118;3.7634;5.2678;2.7068,bytes=1234834077-1235731161;bytes=896891275-896987180;bytes=122309906-123201471;bytes=7415186-7591621;bytes=1123547577-1123643687;bytes=731897274-732795987;bytes=979321208-980202035;bytes=320177433-320270579;bytes=569653346-569832356;bytes=498716506-499615592;bytes=839008891-839203005;bytes=79519447-80433544;bytes=623981966-624857987;bytes=138851285-139737971;bytes=444537943-445445322;bytes=802474180-803368536;bytes=499927247-500029960;bytes=945756148-945853379;bytes=442413725-442564998;bytes=884707907-884805069;bytes=362957490-363879399;bytes=1319577435-1320486669;bytes=661337989-662250191;bytes=730986408-731893617;bytes=356907189-357003731;bytes=901285646-902184960;bytes=414096608-414984526;bytes=695844898-695940693;bytes=1448856723-1449081046;bytes=785007716-785884732;bytes=691953227-692842974;bytes=418097565-418311418;bytes=34378950-35297118;bytes=118120775-119018716;bytes=1469916622-1470012928;bytes=857854295-858788537;bytes=312248187-313144597;bytes=1511269429-1511448028;bytes=945853380-945938517;bytes=783250185-784124164;bytes=190706827-191620224;bytes=1052972426-1053068010;bytes=1623391614-1623490235;bytes=1185011140-1185161662;bytes=8856070-9744491;bytes=944859053-945756147;bytes=1057237479-1057349896;bytes=905018761-905113119;bytes=166897230-167787605;bytes=1714503427-1714627966;bytes=1571410929-1572319046;bytes=1233344014-1234248262;bytes=843327227-843480778;bytes=1187185379-1188081832;bytes=1181274320-1182162348;bytes=1051135657-1052070016;bytes=703663922-703757550;bytes=446689479-446788888;bytes=940860237-941762255,e2c46d46;b5d13440;38893653;77d353ab;f8441e5b;68f76f39;19953baa;ec344464;6d321cf0;80db3771;87535c15;0120140a;726b0ddb;1f63df1c;5861e9a0;6361c051;9058d7dd;93088082;281ba658;4887063c;c63f36c2;77a4b28c;39bc1cf6;06fd8f43;048801e3;687b96c4;7311c7c2;ff609e82;0ea3f72d;c6a44e35;ad112e7b;7e2ac2ef;0df6c25a;4b9012d2;581c33c5;8040943b;d56aa2ab;ae025079;dfc90b62;bd18950e;8f0f7f4f;522db7ee;89532eea;d30e6edd;77297f69;1173f04c;78cfcd7d;cfa2ac0c;6f82e10b;35329bb0;f215ef14;800c9be7;3f933f79;953d1fc5;4d8fd308;fe1d99fc;2aa7ca97;75423f91;b9320aff
15,4,345,success,None,24/Jul/2026:12:46:04.058778,24/Jul/2026:12:46:05.971748,1.9130,76,24/Jul/2026:12:46:00.666655;24/Jul/2026:12:46:00.638920;24/Jul/2026:12:46:00.664034;24/Jul/2026:12:46:03.956582;24/Jul/2026:12:46:01.886070;24/Jul/2026:12:46:00.644344;24/Jul/2026:12:46:00.647631;24/Jul/2026:12:46:02.463254;24/Jul/2026:12:46:00.644422;24/Jul/2026:12:46:03.233214;24/Jul/2026:12:46:00.665663;24/Jul/2026:12:46:00.665613;24/Jul/2026:12:46:00.632064;24/Jul/2026:12:46:02.462969;24/Jul/2026:12:46:03.215917;24/Jul/2026:12:46:03.254471;24/Jul/2026:12:46:02.023756;24/Jul/2026:12:46:03.962708;24/Jul/2026:12:46:03.215772;24/Jul/2026:12:46:00.643952;24/Jul/2026:12:46:00.632160;24/Jul/2026:12:46:03.849203;24/Jul/2026:12:46:02.273291;24/Jul/2026:12:46:03.254842;24/Jul/2026:12:46:00.663096;24/Jul/2026:12:46:01.988126;24/Jul/2026:12:46:01.885895;24/Jul/2026:12:46:02.676318;24/Jul/2026:12:46:00.639042;24/Jul/2026:12:46:02.009811;24/Jul/2026:12:46:00.646286;24/Jul/2026:12:46:00.667320;24/Jul/2026:12:46:02.632861;24/Jul/2026:12:46:01.885939;24/Jul/2026:12:46:03.232939;24/Jul/2026:12:46:00.666829;24/Jul/2026:12:46:03.063426;24/Jul/2026:12:46:00.663985;24/Jul/2026:12:46:03.967456;24/Jul/2026:12:46:02.023207;24/Jul/2026:12:46:02.273260;24/Jul/2026:12:46:00.663369;24/Jul/2026:12:46:03.216185;24/Jul/2026:12:46:00.666169;24/Jul/2026:12:46:02.131836;24/Jul/2026:12:46:04.451729;24/Jul/2026:12:46:02.463093;24/Jul/2026:12:46:02.131643;24/Jul/2026:12:46:00.666392;24/Jul/2026:12:46:00.635739;24/Jul/2026:12:46:00.643266;24/Jul/2026:12:46:04.475252;24/Jul/2026:12:46:02.951934;24/Jul/2026:12:46:00.662774;24/Jul/2026:12:46:04.509964;24/Jul/2026:12:46:03.232976;24/Jul/2026:12:46:02.463009;24/Jul/2026:12:46:00.653688;24/Jul/2026:12:46:03.678139;24/Jul/2026:12:46:04.753008;24/Jul/2026:12:46:03.955868;24/Jul/2026:12:46:00.633181;24/Jul/2026:12:46:03.233132;24/Jul/2026:12:46:03.678426;24/Jul/2026:12:46:03.216152;24/Jul/2026:12:46:00.651269;24/Jul/2026:12:46:04.982913;24/Jul/2026:12:46:04.748234;24/Jul/2026:12:46:03.962456;24/Jul/2026:12:46:02.676622;24/Jul/2026:12:46:03.956443;24/Jul/2026:12:46:03.955905;24/Jul/2026:12:46:03.678286;24/Jul/2026:12:46:02.132213;24/Jul/2026:12:46:00.667407;24/Jul/2026:12:46:03.232811,3.4255;3.6097;3.6349;0.3457;2.4245;3.6978;3.6998;1.9047;3.7269;1.1443;3.7195;3.7262;3.7634;1.9485;1.2198;1.1830;2.4237;0.4907;1.2381;3.8198;3.8665;0.7033;2.2956;1.3308;3.9296;2.6357;2.7448;1.9734;4.0217;2.6743;4.0491;4.1636;2.2163;2.9665;1.6240;4.1904;1.8151;4.2597;0.9670;2.9239;2.6975;4.3144;1.7827;4.3534;2.9234;0.6055;2.6096;2.9472;4.4558;4.5436;4.5800;0.7664;2.2953;4.6641;0.8535;2.1855;2.9690;4.8200;1.8527;0.8195;1.6276;4.9651;2.3654;1.9310;2.4016;4.9715;0.6498;0.9144;1.7746;3.0974;1.8258;1.9317;2.2118;3.7634;5.2678;2.7068,bytes=437389648-438290461;bytes=78594375-79519446;bytes=363879400-364786455;bytes=1193008035-1193097805;bytes=503880045-503966784;bytes=129216603-129323426;bytes=147624463-148522044;bytes=790083879-790163597;bytes=129323427-129421907;bytes=946040322-946152955;bytes=409696330-409893901;bytes=409511670-409696329;bytes=3754244-3850487;bytes=782354767-783250184;bytes=897086178-897985756;bytes=975344972-976247995;bytes=669698554-670606261;bytes=1234834077-1235731161;bytes=896891275-896987180;bytes=122309906-123201471;bytes=7415186-7591621;bytes=1123547577-1123643687;bytes=731897274-732795987;bytes=979321208-980202035;bytes=320177433-320270579;bytes=569653346-569832356;bytes=498716506-499615592;bytes=839008891-839203005;bytes=79519447-80433544;bytes=623981966-624857987;bytes=138851285-139737971;bytes=444537943-445445322;bytes=802474180-803368536;bytes=499927247-500029960;bytes=945756148-945853379;bytes=442413725-442564998;bytes=884707907-884805069;bytes=362957490-363879399;bytes=1319577435-1320486669;bytes=661337989-662250191;bytes=730986408-731893617;bytes=356907189-357003731;bytes=901285646-902184960;bytes=414096608-414984526;bytes=695844898-695940693;bytes=1448856723-1449081046;bytes=785007716-785884732;bytes=691953227-692842974;bytes=418097565-418311418;bytes=34378950-35297118;bytes=118120775-119018716;bytes=1469916622-1470012928;bytes=857854295-858788537;bytes=312248187-313144597;bytes=1511269429-1511448028;bytes=945853380-945938517;bytes=783250185-784124164;bytes=190706827-191620224;bytes=1052972426-1053068010;bytes=1623391614-1623490235;bytes=1185011140-1185161662;bytes=8856070-9744491;bytes=944859053-945756147;bytes=1057237479-1057349896;bytes=905018761-905113119;bytes=166897230-167787605;bytes=1714503427-1714627966;bytes=1571410929-1572319046;bytes=1233344014-1234248262;bytes=843327227-843480778;bytes=1187185379-1188081832;bytes=1181274320-1182162348;bytes=1051135657-1052070016;bytes=703663922-703757550;bytes=446689479-446788888;bytes=940860237-941762255,bc9b07ee;6537c0d1;c33492de;c2463faa;13ea93cd;e2f8a8e3;2837fdb5;92c349b6;71ff61bd;c0f59895;0fc544df;f3c880bd;9507e94d;91a901f4;15499afe;bb40eda2;a6be02df;e2c46d46;b5d13440;38893653;77d353ab;f8441e5b;68f76f39;19953baa;ec344464;6d321cf0;80db3771;87535c15;0120140a;726b0ddb;1f63df1c;5861e9a0;6361c051;9058d7dd;93088082;281ba658;4887063c;c63f36c2;77a4b28c;39bc1cf6;06fd8f43;048801e3;687b96c4;7311c7c2;ff609e82;0ea3f72d;c6a44e35;ad112e7b;7e2ac2ef;0df6c25a;4b9012d2;581c33c5;8040943b;d56aa2ab;ae025079;dfc90b62;bd18950e;8f0f7f4f;522db7ee;89532eea;d30e6edd;77297f69;1173f04c;78cfcd7d;cfa2ac0c;6f82e10b;35329bb0;f215ef14;800c9be7;3f933f79;953d1fc5;4d8fd308;fe1d99fc;2aa7ca97;75423f91;b9320aff
15,4,357,success,None,24/Jul/2026:12:46:04.473503,24/Jul/2026:12:46:06.073615,1.6001,58,24/Jul/2026:12:46:00.632160;24/Jul/2026:12:46:03.849203;24/Jul/2026:12:46:02.273291;24/Jul/2026:12:46:03.254842;24/Jul/2026:12:46:00.663096;24/Jul/2026:12:46:01.988126;24/Jul/2026:12:46:01.885895;24/Jul/2026:12:46:02.676318;24/Jul/2026:12:46:00.639042;24/Jul/2026:12:46:02.009811;24/Jul/2026:12:46:00.646286;24/Jul/2026:12:46:00.667320;24/Jul/2026:12:46:02.632861;24/Jul/2026:12:46:01.885939;24/Jul/2026:12:46:03.232939;24/Jul/2026:12:46:00.666829;24/Jul/2026:12:46:03.063426;24/Jul/2026:12:46:00.663985;24/Jul/2026:12:46:03.967456;24/Jul/2026:12:46:02.023207;24/Jul/2026:12:46:02.273260;24/Jul/2026:12:46:00.663369;24/Jul/2026:12:46:03.216185;24/Jul/2026:12:46:00.666169;24/Jul/2026:12:46:02.131836;24/Jul/2026:12:46:04.451729;24/Jul/2026:12:46:02.463093;24/Jul/2026:12:46:02.131643;24/Jul/2026:12:46:00.666392;24/Jul/2026:12:46:00.635739;24/Jul/2026:12:46:00.643266;24/Jul/2026:12:46:04.475252;24/Jul/2026:12:46:02.951934;24/Jul/2026:12:46:00.662774;24/Jul/2026:12:46:04.509964;24/Jul/2026:12:46:03.232976;24/Jul/2026:12:46:02.463009;24/Jul/2026:12:46:00.653688;24/Jul/2026:12:46:03.678139;24/Jul/2026:12:46:04.753008;24/Jul/2026:12:46:03.955868;24/Jul/2026:12:46:00.633181;24/Jul/2026:12:46:03.233132;24/Jul/2026:12:46:03.678426;24/Jul/2026:12:46:03.216152;24/Jul/2026:12:46:00.651269;24/Jul/2026:12:46:04.982913;24/Jul/2026:12:46:04.748234;24/Jul/2026:12:46:03.962456;24/Jul/2026:12:46:02.676622;24/Jul/2026:12:46:03.956443;24/Jul/2026:12:46:03.955905;24/Jul/2026:12:46:03.678286;24/Jul/2026:12:46:02.132213;24/Jul/2026:12:46:00.667407;24/Jul/2026:12:46:03.232811;24/Jul/2026:12:46:00.645502;24/Jul/2026:12:46:00.666959,3.8665;0.7033;2.2956;1.3308;3.9296;2.6357;2.7448;1.9734;4.0217;2.6743;4.0491;4.1636;2.2163;2.9665;1.6240;4.1904;1.8151;4.2597;0.9670;2.9239;2.6975;4.3144;1.7827;4.3534;2.9234;0.6055;2.6096;2.9472;4.4558;4.5436;4.5800;0.7664;2.2953;4.6641;0.8535;2.1855;2.9690;4.8200;1.8527;0.8195;1.6276;4.9651;2.3654;1.9310;2.4016;4.9715;0.6498;0.9144;1.7746;3.0974;1.8258;1.9317;2.2118;3.7634;5.2678;2.7068;5.3468;5.3833,bytes=7415186-7591621;bytes=1123547577-1123643687;bytes=731897274-732795987;bytes=979321208-980202035;bytes=320177433-320270579;bytes=569653346-569832356;bytes=498716506-499615592;bytes=839008891-839203005;bytes=79519447-80433544;bytes=623981966-624857987;bytes=138851285-139737971;bytes=444537943-445445322;bytes=802474180-803368536;bytes=499927247-500029960;bytes=945756148-945853379;bytes=442413725-442564998;bytes=884707907-884805069;bytes=362957490-363879399;bytes=1319577435-1320486669;bytes=661337989-662250191;bytes=730986408-731893617;bytes=356907189-357003731;bytes=901285646-902184960;bytes=414096608-414984526;bytes=695844898-695940693;bytes=1448856723-1449081046;bytes=785007716-785884732;bytes=691953227-692842974;bytes=418097565-418311418;bytes=34378950-35297118;bytes=118120775-119018716;bytes=1469916622-1470012928;bytes=857854295-858788537;bytes=312248187-313144597;bytes=1511269429-1511448028;bytes=945853380-945938517;bytes=783250185-784124164;bytes=190706827-191620224;bytes=1052972426-1053068010;bytes=1623391614-1623490235;bytes=1185011140-1185161662;bytes=8856070-9744491;bytes=944859053-945756147;bytes=1057237479-1057349896;bytes=905018761-905113119;bytes=166897230-167787605;bytes=1714503427-1714627966;bytes=1571410929-1572319046;bytes=1233344014-1234248262;bytes=843327227-843480778;bytes=1187185379-1188081832;bytes=1181274320-1182162348;bytes=1051135657-1052070016;bytes=703663922-703757550;bytes=446689479-446788888;bytes=940860237-941762255;bytes=129421908-129600871;bytes=440451197-441349145,77d353ab;f8441e5b;68f76f39;19953baa;ec344464;6d321cf0;80db3771;87535c15;0120140a;726b0ddb;1f63df1c;5861e9a0;6361c051;9058d7dd;93088082;281ba658;4887063c;c63f36c2;77a4b28c;39bc1cf6;06fd8f43;048801e3;687b96c4;7311c7c2;ff609e82;0ea3f72d;c6a44e35;ad112e7b;7e2ac2ef;0df6c25a;4b9012d2;581c33c5;8040943b;d56aa2ab;ae025079;dfc90b62;bd18950e;8f0f7f4f;522db7ee;89532eea;d30e6edd;77297f69;1173f04c;78cfcd7d;cfa2ac0c;6f82e10b;35329bb0;f215ef14;800c9be7;3f933f79;953d1fc5;4d8fd308;fe1d99fc;2aa7ca97;75423f91;b9320aff;0869ac59;4cb12b02
15,4,368,success,None,24/Jul/2026:12:46:04.509233,24/Jul/2026:12:46:06.148450,1.6392,57,24/Jul/2026:12:46:03.849203;24/Jul/2026:12:46:02.273291;24/Jul/2026:12:46:03.254842;24/Jul/2026:12:46:00.663096;24/Jul/2026:12:46:01.988126;24/Jul/2026:12:46:01.885895;24/Jul/2026:12:46:02.676318;24/Jul/2026:12:46:00.639042;24/Jul/2026:12:46:02.009811;24/Jul/2026:12:46:00.646286;24/Jul/2026:12:46:00.667320;24/Jul/2026:12:46:02.632861;24/Jul/2026:12:46:01.885939;24/Jul/2026:12:46:03.232939;24/Jul/2026:12:46:00.666829;24/Jul/2026:12:46:03.063426;24/Jul/2026:12:46:00.663985;24/Jul/2026:12:46:03.967456;24/Jul/2026:12:46:02.023207;24/Jul/2026:12:46:02.273260;24/Jul/2026:12:46:00.663369;24/Jul/2026:12:46:03.216185;24/Jul/2026:12:46:00.666169;24/Jul/2026:12:46:02.131836;24/Jul/2026:12:46:04.451729;24/Jul/2026:12:46:02.463093;24/Jul/2026:12:46:02.131643;24/Jul/2026:12:46:00.666392;24/Jul/2026:12:46:00.635739;24/Jul/2026:12:46:00.643266;24/Jul/2026:12:46:04.475252;24/Jul/2026:12:46:02.951934;24/Jul/2026:12:46:00.662774;24/Jul/2026:12:46:04.509964;24/Jul/2026:12:46:03.232976;24/Jul/2026:12:46:02.463009;24/Jul/2026:12:46:00.653688;24/Jul/2026:12:46:03.678139;24/Jul/2026:12:46:04.753008;24/Jul/2026:12:46:03.955868;24/Jul/2026:12:46:00.633181;24/Jul/2026:12:46:03.233132;24/Jul/2026:12:46:03.678426;24/Jul/2026:12:46:03.216152;24/Jul/2026:12:46:00.651269;24/Jul/2026:12:46:04.982913;24/Jul/2026:12:46:04.748234;24/Jul/2026:12:46:03.962456;24/Jul/2026:12:46:02.676622;24/Jul/2026:12:46:03.956443;24/Jul/2026:12:46:03.955905;24/Jul/2026:12:46:03.678286;24/Jul/2026:12:46:02.132213;24/Jul/2026:12:46:00.667407;24/Jul/2026:12:46:03.232811;24/Jul/2026:12:46:00.645502;24/Jul/2026:12:46:00.666959,0.7033;2.2956;1.3308;3.9296;2.6357;2.7448;1.9734;4.0217;2.6743;4.0491;4.1636;2.2163;2.9665;1.6240;4.1904;1.8151;4.2597;0.9670;2.9239;2.6975;4.3144;1.7827;4.3534;2.9234;0.6055;2.6096;2.9472;4.4558;4.5436;4.5800;0.7664;2.2953;4.6641;0.8535;2.1855;2.9690;4.8200;1.8527;0.8195;1.6276;4.9651;2.3654;1.9310;2.4016;4.9715;0.6498;0.9144;1.7746;3.0974;1.8258;1.9317;2.2118;3.7634;5.2678;2.7068;5.3468;5.3833,bytes=1123547577-1123643687;bytes=731897274-732795987;bytes=979321208-980202035;bytes=320177433-320270579;bytes=569653346-569832356;bytes=498716506-499615592;bytes=839008891-839203005;bytes=79519447-80433544;bytes=623981966-624857987;bytes=138851285-139737971;bytes=444537943-445445322;bytes=802474180-803368536;bytes=499927247-500029960;bytes=945756148-945853379;bytes=442413725-442564998;bytes=884707907-884805069;bytes=362957490-363879399;bytes=1319577435-1320486669;bytes=661337989-662250191;bytes=730986408-731893617;bytes=356907189-357003731;bytes=901285646-902184960;bytes=414096608-414984526;bytes=695844898-695940693;bytes=1448856723-1449081046;bytes=785007716-785884732;bytes=691953227-692842974;bytes=418097565-418311418;bytes=34378950-35297118;bytes=118120775-119018716;bytes=1469916622-1470012928;bytes=857854295-858788537;bytes=312248187-313144597;bytes=1511269429-1511448028;bytes=945853380-945938517;bytes=783250185-784124164;bytes=190706827-191620224;bytes=1052972426-1053068010;bytes=1623391614-1623490235;bytes=1185011140-1185161662;bytes=8856070-9744491;bytes=944859053-945756147;bytes=1057237479-1057349896;bytes=905018761-905113119;bytes=166897230-167787605;bytes=1714503427-1714627966;bytes=1571410929-1572319046;bytes=1233344014-1234248262;bytes=843327227-843480778;bytes=1187185379-1188081832;bytes=1181274320-1182162348;bytes=1051135657-1052070016;bytes=703663922-703757550;bytes=446689479-446788888;bytes=940860237-941762255;bytes=129421908-129600871;bytes=440451197-441349145,f8441e5b;68f76f39;19953baa;ec344464;6d321cf0;80db3771;87535c15;0120140a;726b0ddb;1f63df1c;5861e9a0;6361c051;9058d7dd;93088082;281ba658;4887063c;c63f36c2;77a4b28c;39bc1cf6;06fd8f43;048801e3;687b96c4;7311c7c2;ff609e82;0ea3f72d;c6a44e35;ad112e7b;7e2ac2ef;0df6c25a;4b9012d2;581c33c5;8040943b;d56aa2ab;ae025079;dfc90b62;bd18950e;8f0f7f4f;522db7ee;89532eea;d30e6edd;77297f69;1173f04c;78cfcd7d;cfa2ac0c;6f82e10b;35329bb0;f215ef14;800c9be7;3f933f79;953d1fc5;4d8fd308;fe1d99fc;2aa7ca97;75423f91;b9320aff;0869ac59;4cb12b02
15,4,375,success,None,24/Jul/2026:12:46:04.699068,24/Jul/2026:12:46:06.252683,1.5536,47,24/Jul/2026:12:46:00.667320;24/Jul/2026:12:46:02.632861;24/Jul/2026:12:46:01.885939;24/Jul/2026:12:46:03.232939;24/Jul/2026:12:46:00.666829;24/Jul/2026:12:46:03.063426;24/Jul/2026:12:46:00.663985;24/Jul/2026:12:46:03.967456;24/Jul/2026:12:46:02.023207;24/Jul/2026:12:46:02.273260;24/Jul/2026:12:46:00.663369;24/Jul/2026:12:46:03.216185;24/Jul/2026:12:46:00.666169;24/Jul/2026:12:46:02.131836;24/Jul/2026:12:46:04.451729;24/Jul/2026:12:46:02.463093;24/Jul/2026:12:46:02.131643;24/Jul/2026:12:46:00.666392;24/Jul/2026:12:46:00.635739;24/Jul/2026:12:46:00.643266;24/Jul/2026:12:46:04.475252;24/Jul/2026:12:46:02.951934;24/Jul/2026:12:46:00.662774;24/Jul/2026:12:46:04.509964;24/Jul/2026:12:46:03.232976;24/Jul/2026:12:46:02.463009;24/Jul/2026:12:46:00.653688;24/Jul/2026:12:46:03.678139;24/Jul/2026:12:46:04.753008;24/Jul/2026:12:46:03.955868;24/Jul/2026:12:46:00.633181;24/Jul/2026:12:46:03.233132;24/Jul/2026:12:46:03.678426;24/Jul/2026:12:46:03.216152;24/Jul/2026:12:46:00.651269;24/Jul/2026:12:46:04.982913;24/Jul/2026:12:46:04.748234;24/Jul/2026:12:46:03.962456;24/Jul/2026:12:46:02.676622;24/Jul/2026:12:46:03.956443;24/Jul/2026:12:46:03.955905;24/Jul/2026:12:46:03.678286;24/Jul/2026:12:46:02.132213;24/Jul/2026:12:46:00.667407;24/Jul/2026:12:46:03.232811;24/Jul/2026:12:46:00.645502;24/Jul/2026:12:46:00.666959,4.1636;2.2163;2.9665;1.6240;4.1904;1.8151;4.2597;0.9670;2.9239;2.6975;4.3144;1.7827;4.3534;2.9234;0.6055;2.6096;2.9472;4.4558;4.5436;4.5800;0.7664;2.2953;4.6641;0.8535;2.1855;2.9690;4.8200;1.8527;0.8195;1.6276;4.9651;2.3654;1.9310;2.4016;4.9715;0.6498;0.9144;1.7746;3.0974;1.8258;1.9317;2.2118;3.7634;5.2678;2.7068;5.3468;5.3833,bytes=444537943-445445322;bytes=802474180-803368536;bytes=499927247-500029960;bytes=945756148-945853379;bytes=442413725-442564998;bytes=884707907-884805069;bytes=362957490-363879399;bytes=1319577435-1320486669;bytes=661337989-662250191;bytes=730986408-731893617;bytes=356907189-357003731;bytes=901285646-902184960;bytes=414096608-414984526;bytes=695844898-695940693;bytes=1448856723-1449081046;bytes=785007716-785884732;bytes=691953227-692842974;bytes=418097565-418311418;bytes=34378950-35297118;bytes=118120775-119018716;bytes=1469916622-1470012928;bytes=857854295-858788537;bytes=312248187-313144597;bytes=1511269429-1511448028;bytes=945853380-945938517;bytes=783250185-784124164;bytes=190706827-191620224;bytes=1052972426-1053068010;bytes=1623391614-1623490235;bytes=1185011140-1185161662;bytes=8856070-9744491;bytes=944859053-945756147;bytes=1057237479-1057349896;bytes=905018761-905113119;bytes=166897230-167787605;bytes=1714503427-1714627966;bytes=1571410929-1572319046;bytes=1233344014-1234248262;bytes=843327227-843480778;bytes=1187185379-1188081832;bytes=1181274320-1182162348;bytes=1051135657-1052070016;bytes=703663922-703757550;bytes=446689479-446788888;bytes=940860237-941762255;bytes=129421908-129600871;bytes=440451197-441349145,5861e9a0;6361c051;9058d7dd;93088082;281ba658;4887063c;c63f36c2;77a4b28c;39bc1cf6;06fd8f43;048801e3;687b96c4;7311c7c2;ff609e82;0ea3f72d;c6a44e35;ad112e7b;7e2ac2ef;0df6c25a;4b9012d2;581c33c5;8040943b;d56aa2ab;ae025079;dfc90b62;bd18950e;8f0f7f4f;522db7ee;89532eea;d30e6edd;77297f69;1173f04c;78cfcd7d;cfa2ac0c;6f82e10b;35329bb0;f215ef14;800c9be7;3f933f79;953d1fc5;4d8fd308;fe1d99fc;2aa7ca97;75423f91;b9320aff;0869ac59;4cb12b02
15,4,382,success,None,24/Jul/2026:12:46:04.747224,24/Jul/2026:12:46:06.404340,1.6571,47,24/Jul/2026:12:46:00.667320;24/Jul/2026:12:46:02.632861;24/Jul/2026:12:46:01.885939;24/Jul/2026:12:46:03.232939;24/Jul/2026:12:46:00.666829;24/Jul/2026:12:46:03.063426;24/Jul/2026:12:46:00.663985;24/Jul/2026:12:46:03.967456;24/Jul/2026:12:46:02.023207;24/Jul/2026:12:46:02.273260;24/Jul/2026:12:46:00.663369;24/Jul/2026:12:46:03.216185;24/Jul/2026:12:46:00.666169;24/Jul/2026:12:46:02.131836;24/Jul/2026:12:46:04.451729;24/Jul/2026:12:46:02.463093;24/Jul/2026:12:46:02.131643;24/Jul/2026:12:46:00.666392;24/Jul/2026:12:46:00.635739;24/Jul/2026:12:46:00.643266;24/Jul/2026:12:46:04.475252;24/Jul/2026:12:46:02.951934;24/Jul/2026:12:46:00.662774;24/Jul/2026:12:46:04.509964;24/Jul/2026:12:46:03.232976;24/Jul/2026:12:46:02.463009;24/Jul/2026:12:46:00.653688;24/Jul/2026:12:46:03.678139;24/Jul/2026:12:46:04.753008;24/Jul/2026:12:46:03.955868;24/Jul/2026:12:46:00.633181;24/Jul/2026:12:46:03.233132;24/Jul/2026:12:46:03.678426;24/Jul/2026:12:46:03.216152;24/Jul/2026:12:46:00.651269;24/Jul/2026:12:46:04.982913;24/Jul/2026:12:46:04.748234;24/Jul/2026:12:46:03.962456;24/Jul/2026:12:46:02.676622;24/Jul/2026:12:46:03.956443;24/Jul/2026:12:46:03.955905;24/Jul/2026:12:46:03.678286;24/Jul/2026:12:46:02.132213;24/Jul/2026:12:46:00.667407;24/Jul/2026:12:46:03.232811;24/Jul/2026:12:46:00.645502;24/Jul/2026:12:46:00.666959,4.1636;2.2163;2.9665;1.6240;4.1904;1.8151;4.2597;0.9670;2.9239;2.6975;4.3144;1.7827;4.3534;2.9234;0.6055;2.6096;2.9472;4.4558;4.5436;4.5800;0.7664;2.2953;4.6641;0.8535;2.1855;2.9690;4.8200;1.8527;0.8195;1.6276;4.9651;2.3654;1.9310;2.4016;4.9715;0.6498;0.9144;1.7746;3.0974;1.8258;1.9317;2.2118;3.7634;5.2678;2.7068;5.3468;5.3833,bytes=444537943-445445322;bytes=802474180-803368536;bytes=499927247-500029960;bytes=945756148-945853379;bytes=442413725-442564998;bytes=884707907-884805069;bytes=362957490-363879399;bytes=1319577435-1320486669;bytes=661337989-662250191;bytes=730986408-731893617;bytes=356907189-357003731;bytes=901285646-902184960;bytes=414096608-414984526;bytes=695844898-695940693;bytes=1448856723-1449081046;bytes=785007716-785884732;bytes=691953227-692842974;bytes=418097565-418311418;bytes=34378950-35297118;bytes=118120775-119018716;bytes=1469916622-1470012928;bytes=857854295-858788537;bytes=312248187-313144597;bytes=1511269429-1511448028;bytes=945853380-945938517;bytes=783250185-784124164;bytes=190706827-191620224;bytes=1052972426-1053068010;bytes=1623391614-1623490235;bytes=1185011140-1185161662;bytes=8856070-9744491;bytes=944859053-945756147;bytes=1057237479-1057349896;bytes=905018761-905113119;bytes=166897230-167787605;bytes=1714503427-1714627966;bytes=1571410929-1572319046;bytes=1233344014-1234248262;bytes=843327227-843480778;bytes=1187185379-1188081832;bytes=1181274320-1182162348;bytes=1051135657-1052070016;bytes=703663922-703757550;bytes=446689479-446788888;bytes=940860237-941762255;bytes=129421908-129600871;bytes=440451197-441349145,5861e9a0;6361c051;9058d7dd;93088082;281ba658;4887063c;c63f36c2;77a4b28c;39bc1cf6;06fd8f43;048801e3;687b96c4;7311c7c2;ff609e82;0ea3f72d;c6a44e35;ad112e7b;7e2ac2ef;0df6c25a;4b9012d2;581c33c5;8040943b;d56aa2ab;ae025079;dfc90b62;bd18950e;8f0f7f4f;522db7ee;89532eea;d30e6edd;77297f69;1173f04c;78cfcd7d;cfa2ac0c;6f82e10b;35329bb0;f215ef14;800c9be7;3f933f79;953d1fc5;4d8fd308;fe1d99fc;2aa7ca97;75423f91;b9320aff;0869ac59;4cb12b02
15,4,414,success,None,24/Jul/2026:12:46:04.981547,24/Jul/2026:12:46:06.566106,1.5846,36,24/Jul/2026:12:46:03.216185;24/Jul/2026:12:46:00.666169;24/Jul/2026:12:46:02.131836;24/Jul/2026:12:46:04.451729;24/Jul/2026:12:46:02.463093;24/Jul/2026:12:46:02.131643;24/Jul/2026:12:46:00.666392;24/Jul/2026:12:46:00.635739;24/Jul/2026:12:46:00.643266;24/Jul/2026:12:46:04.475252;24/Jul/2026:12:46:02.951934;24/Jul/2026:12:46:00.662774;24/Jul/2026:12:46:04.509964;24/Jul/2026:12:46:03.232976;24/Jul/2026:12:46:02.463009;24/Jul/2026:12:46:00.653688;24/Jul/2026:12:46:03.678139;24/Jul/2026:12:46:04.753008;24/Jul/2026:12:46:03.955868;24/Jul/2026:12:46:00.633181;24/Jul/2026:12:46:03.233132;24/Jul/2026:12:46:03.678426;24/Jul/2026:12:46:03.216152;24/Jul/2026:12:46:00.651269;24/Jul/2026:12:46:04.982913;24/Jul/2026:12:46:04.748234;24/Jul/2026:12:46:03.962456;24/Jul/2026:12:46:02.676622;24/Jul/2026:12:46:03.956443;24/Jul/2026:12:46:03.955905;24/Jul/2026:12:46:03.678286;24/Jul/2026:12:46:02.132213;24/Jul/2026:12:46:00.667407;24/Jul/2026:12:46:03.232811;24/Jul/2026:12:46:00.645502;24/Jul/2026:12:46:00.666959,1.7827;4.3534;2.9234;0.6055;2.6096;2.9472;4.4558;4.5436;4.5800;0.7664;2.2953;4.6641;0.8535;2.1855;2.9690;4.8200;1.8527;0.8195;1.6276;4.9651;2.3654;1.9310;2.4016;4.9715;0.6498;0.9144;1.7746;3.0974;1.8258;1.9317;2.2118;3.7634;5.2678;2.7068;5.3468;5.3833,bytes=901285646-902184960;bytes=414096608-414984526;bytes=695844898-695940693;bytes=1448856723-1449081046;bytes=785007716-785884732;bytes=691953227-692842974;bytes=418097565-418311418;bytes=34378950-35297118;bytes=118120775-119018716;bytes=1469916622-1470012928;bytes=857854295-858788537;bytes=312248187-313144597;bytes=1511269429-1511448028;bytes=945853380-945938517;bytes=783250185-784124164;bytes=190706827-191620224;bytes=1052972426-1053068010;bytes=1623391614-1623490235;bytes=1185011140-1185161662;bytes=8856070-9744491;bytes=944859053-945756147;bytes=1057237479-1057349896;bytes=905018761-905113119;bytes=166897230-167787605;bytes=1714503427-1714627966;bytes=1571410929-1572319046;bytes=1233344014-1234248262;bytes=843327227-843480778;bytes=1187185379-1188081832;bytes=1181274320-1182162348;bytes=1051135657-1052070016;bytes=703663922-703757550;bytes=446689479-446788888;bytes=940860237-941762255;bytes=129421908-129600871;bytes=440451197-441349145,687b96c4;7311c7c2;ff609e82;0ea3f72d;c6a44e35;ad112e7b;7e2ac2ef;0df6c25a;4b9012d2;581c33c5;8040943b;d56aa2ab;ae025079;dfc90b62;bd18950e;8f0f7f4f;522db7ee;89532eea;d30e6edd;77297f69;1173f04c;78cfcd7d;cfa2ac0c;6f82e10b;35329bb0;f215ef14;800c9be7;3f933f79;953d1fc5;4d8fd308;fe1d99fc;2aa7ca97;75423f91;b9320aff;0869ac59;4cb12b02
15,4,395,success,None,24/Jul/2026:12:46:04.752601,24/Jul/2026:12:46:06.611896,1.8593,47,24/Jul/2026:12:46:00.667320;24/Jul/2026:12:46:02.632861;24/Jul/2026:12:46:01.885939;24/Jul/2026:12:46:03.232939;24/Jul/2026:12:46:00.666829;24/Jul/2026:12:46:03.063426;24/Jul/2026:12:46:00.663985;24/Jul/2026:12:46:03.967456;24/Jul/2026:12:46:02.023207;24/Jul/2026:12:46:02.273260;24/Jul/2026:12:46:00.663369;24/Jul/2026:12:46:03.216185;24/Jul/2026:12:46:00.666169;24/Jul/2026:12:46:02.131836;24/Jul/2026:12:46:04.451729;24/Jul/2026:12:46:02.463093;24/Jul/2026:12:46:02.131643;24/Jul/2026:12:46:00.666392;24/Jul/2026:12:46:00.635739;24/Jul/2026:12:46:00.643266;24/Jul/2026:12:46:04.475252;24/Jul/2026:12:46:02.951934;24/Jul/2026:12:46:00.662774;24/Jul/2026:12:46:04.509964;24/Jul/2026:12:46:03.232976;24/Jul/2026:12:46:02.463009;24/Jul/2026:12:46:00.653688;24/Jul/2026:12:46:03.678139;24/Jul/2026:12:46:04.753008;24/Jul/2026:12:46:03.955868;24/Jul/2026:12:46:00.633181;24/Jul/2026:12:46:03.233132;24/Jul/2026:12:46:03.678426;24/Jul/2026:12:46:03.216152;24/Jul/2026:12:46:00.651269;24/Jul/2026:12:46:04.982913;24/Jul/2026:12:46:04.748234;24/Jul/2026:12:46:03.962456;24/Jul/2026:12:46:02.676622;24/Jul/2026:12:46:03.956443;24/Jul/2026:12:46:03.955905;24/Jul/2026:12:46:03.678286;24/Jul/2026:12:46:02.132213;24/Jul/2026:12:46:00.667407;24/Jul/2026:12:46:03.232811;24/Jul/2026:12:46:00.645502;24/Jul/2026:12:46:00.666959,4.1636;2.2163;2.9665;1.6240;4.1904;1.8151;4.2597;0.9670;2.9239;2.6975;4.3144;1.7827;4.3534;2.9234;0.6055;2.6096;2.9472;4.4558;4.5436;4.5800;0.7664;2.2953;4.6641;0.8535;2.1855;2.9690;4.8200;1.8527;0.8195;1.6276;4.9651;2.3654;1.9310;2.4016;4.9715;0.6498;0.9144;1.7746;3.0974;1.8258;1.9317;2.2118;3.7634;5.2678;2.7068;5.3468;5.3833,bytes=444537943-445445322;bytes=802474180-803368536;bytes=499927247-500029960;bytes=945756148-945853379;bytes=442413725-442564998;bytes=884707907-884805069;bytes=362957490-363879399;bytes=1319577435-1320486669;bytes=661337989-662250191;bytes=730986408-731893617;bytes=356907189-357003731;bytes=901285646-902184960;bytes=414096608-414984526;bytes=695844898-695940693;bytes=1448856723-1449081046;bytes=785007716-785884732;bytes=691953227-692842974;bytes=418097565-418311418;bytes=34378950-35297118;bytes=118120775-119018716;bytes=1469916622-1470012928;bytes=857854295-858788537;bytes=312248187-313144597;bytes=1511269429-1511448028;bytes=945853380-945938517;bytes=783250185-784124164;bytes=190706827-191620224;bytes=1052972426-1053068010;bytes=1623391614-1623490235;bytes=1185011140-1185161662;bytes=8856070-9744491;bytes=944859053-945756147;bytes=1057237479-1057349896;bytes=905018761-905113119;bytes=166897230-167787605;bytes=1714503427-1714627966;bytes=1571410929-1572319046;bytes=1233344014-1234248262;bytes=843327227-843480778;bytes=1187185379-1188081832;bytes=1181274320-1182162348;bytes=1051135657-1052070016;bytes=703663922-703757550;bytes=446689479-446788888;bytes=940860237-941762255;bytes=129421908-129600871;bytes=440451197-441349145,5861e9a0;6361c051;9058d7dd;93088082;281ba658;4887063c;c63f36c2;77a4b28c;39bc1cf6;06fd8f43;048801e3;687b96c4;7311c7c2;ff609e82;0ea3f72d;c6a44e35;ad112e7b;7e2ac2ef;0df6c25a;4b9012d2;581c33c5;8040943b;d56aa2ab;ae025079;dfc90b62;bd18950e;8f0f7f4f;522db7ee;89532eea;d30e6edd;77297f69;1173f04c;78cfcd7d;cfa2ac0c;6f82e10b;35329bb0;f215ef14;800c9be7;3f933f79;953d1fc5;4d8fd308;fe1d99fc;2aa7ca97;75423f91;b9320aff;0869ac59;4cb12b02
15,4,407,success,None,24/Jul/2026:12:46:04.897028,24/Jul/2026:12:46:06.765118,1.8681,41,24/Jul/2026:12:46:00.663985;24/Jul/2026:12:46:03.967456;24/Jul/2026:12:46:02.023207;24/Jul/2026:12:46:02.273260;24/Jul/2026:12:46:00.663369;24/Jul/2026:12:46:03.216185;24/Jul/2026:12:46:00.666169;24/Jul/2026:12:46:02.131836;24/Jul/2026:12:46:04.451729;24/Jul/2026:12:46:02.463093;24/Jul/2026:12:46:02.131643;24/Jul/2026:12:46:00.666392;24/Jul/2026:12:46:00.635739;24/Jul/2026:12:46:00.643266;24/Jul/2026:12:46:04.475252;24/Jul/2026:12:46:02.951934;24/Jul/2026:12:46:00.662774;24/Jul/2026:12:46:04.509964;24/Jul/2026:12:46:03.232976;24/Jul/2026:12:46:02.463009;24/Jul/2026:12:46:00.653688;24/Jul/2026:12:46:03.678139;24/Jul/2026:12:46:04.753008;24/Jul/2026:12:46:03.955868;24/Jul/2026:12:46:00.633181;24/Jul/2026:12:46:03.233132;24/Jul/2026:12:46:03.678426;24/Jul/2026:12:46:03.216152;24/Jul/2026:12:46:00.651269;24/Jul/2026:12:46:04.982913;24/Jul/2026:12:46:04.748234;24/Jul/2026:12:46:03.962456;24/Jul/2026:12:46:02.676622;24/Jul/2026:12:46:03.956443;24/Jul/2026:12:46:03.955905;24/Jul/2026:12:46:03.678286;24/Jul/2026:12:46:02.132213;24/Jul/2026:12:46:00.667407;24/Jul/2026:12:46:03.232811;24/Jul/2026:12:46:00.645502;24/Jul/2026:12:46:00.666959,4.2597;0.9670;2.9239;2.6975;4.3144;1.7827;4.3534;2.9234;0.6055;2.6096;2.9472;4.4558;4.5436;4.5800;0.7664;2.2953;4.6641;0.8535;2.1855;2.9690;4.8200;1.8527;0.8195;1.6276;4.9651;2.3654;1.9310;2.4016;4.9715;0.6498;0.9144;1.7746;3.0974;1.8258;1.9317;2.2118;3.7634;5.2678;2.7068;5.3468;5.3833,bytes=362957490-363879399;bytes=1319577435-1320486669;bytes=661337989-662250191;bytes=730986408-731893617;bytes=356907189-357003731;bytes=901285646-902184960;bytes=414096608-414984526;bytes=695844898-695940693;bytes=1448856723-1449081046;bytes=785007716-785884732;bytes=691953227-692842974;bytes=418097565-418311418;bytes=34378950-35297118;bytes=118120775-119018716;bytes=1469916622-1470012928;bytes=857854295-858788537;bytes=312248187-313144597;bytes=1511269429-1511448028;bytes=945853380-945938517;bytes=783250185-784124164;bytes=190706827-191620224;bytes=1052972426-1053068010;bytes=1623391614-1623490235;bytes=1185011140-1185161662;bytes=8856070-9744491;bytes=944859053-945756147;bytes=1057237479-1057349896;bytes=905018761-905113119;bytes=166897230-167787605;bytes=1714503427-1714627966;bytes=1571410929-1572319046;bytes=1233344014-1234248262;bytes=843327227-843480778;bytes=1187185379-1188081832;bytes=1181274320-1182162348;bytes=1051135657-1052070016;bytes=703663922-703757550;bytes=446689479-446788888;bytes=940860237-941762255;bytes=129421908-129600871;bytes=440451197-441349145,c63f36c2;77a4b28c;39bc1cf6;06fd8f43;048801e3;687b96c4;7311c7c2;ff609e82;0ea3f72d;c6a44e35;ad112e7b;7e2ac2ef;0df6c25a;4b9012d2;581c33c5;8040943b;d56aa2ab;ae025079;dfc90b62;bd18950e;8f0f7f4f;522db7ee;89532eea;d30e6edd;77297f69;1173f04c;78cfcd7d;cfa2ac0c;6f82e10b;35329bb0;f215ef14;800c9be7;3f933f79;953d1fc5;4d8fd308;fe1d99fc;2aa7ca97;75423f91;b9320aff;0869ac59;4cb12b02
15,4,423,success,None,24/Jul/2026:12:46:05.170068,24/Jul/2026:12:46:06.857701,1.6877,29,24/Jul/2026:12:46:00.635739;24/Jul/2026:12:46:00.643266;24/Jul/2026:12:46:04.475252;24/Jul/2026:12:46:02.951934;24/Jul/2026:12:46:00.662774;24/Jul/2026:12:46:04.509964;24/Jul/2026:12:46:03.232976;24/Jul/2026:12:46:02.463009;24/Jul/2026:12:46:00.653688;24/Jul/2026:12:46:03.678139;24/Jul/2026:12:46:04.753008;24/Jul/2026:12:46:03.955868;24/Jul/2026:12:46:00.633181;24/Jul/2026:12:46:03.233132;24/Jul/2026:12:46:03.678426;24/Jul/2026:12:46:03.216152;24/Jul/2026:12:46:00.651269;24/Jul/2026:12:46:04.982913;24/Jul/2026:12:46:04.748234;24/Jul/2026:12:46:03.962456;24/Jul/2026:12:46:02.676622;24/Jul/2026:12:46:03.956443;24/Jul/2026:12:46:03.955905;24/Jul/2026:12:46:03.678286;24/Jul/2026:12:46:02.132213;24/Jul/2026:12:46:00.667407;24/Jul/2026:12:46:03.232811;24/Jul/2026:12:46:00.645502;24/Jul/2026:12:46:00.666959,4.5436;4.5800;0.7664;2.2953;4.6641;0.8535;2.1855;2.9690;4.8200;1.8527;0.8195;1.6276;4.9651;2.3654;1.9310;2.4016;4.9715;0.6498;0.9144;1.7746;3.0974;1.8258;1.9317;2.2118;3.7634;5.2678;2.7068;5.3468;5.3833,bytes=34378950-35297118;bytes=118120775-119018716;bytes=1469916622-1470012928;bytes=857854295-858788537;bytes=312248187-313144597;bytes=1511269429-1511448028;bytes=945853380-945938517;bytes=783250185-784124164;bytes=190706827-191620224;bytes=1052972426-1053068010;bytes=1623391614-1623490235;bytes=1185011140-1185161662;bytes=8856070-9744491;bytes=944859053-945756147;bytes=1057237479-1057349896;bytes=905018761-905113119;bytes=166897230-167787605;bytes=1714503427-1714627966;bytes=1571410929-1572319046;bytes=1233344014-1234248262;bytes=843327227-843480778;bytes=1187185379-1188081832;bytes=1181274320-1182162348;bytes=1051135657-1052070016;bytes=703663922-703757550;bytes=446689479-446788888;bytes=940860237-941762255;bytes=129421908-129600871;bytes=440451197-441349145,0df6c25a;4b9012d2;581c33c5;8040943b;d56aa2ab;ae025079;dfc90b62;bd18950e;8f0f7f4f;522db7ee;89532eea;d30e6edd;77297f69;1173f04c;78cfcd7d;cfa2ac0c;6f82e10b;35329bb0;f215ef14;800c9be7;3f933f79;953d1fc5;4d8fd308;fe1d99fc;2aa7ca97;75423f91;b9320aff;0869ac59;4cb12b02
15,4,430,success,None,24/Jul/2026:12:46:05.199314,24/Jul/2026:12:46:06.907221,1.7079,28,24/Jul/2026:12:46:00.643266;24/Jul/2026:12:46:04.475252;24/Jul/2026:12:46:02.951934;24/Jul/2026:12:46:00.662774;24/Jul/2026:12:46:04.509964;24/Jul/2026:12:46:03.232976;24/Jul/2026:12:46:02.463009;24/Jul/2026:12:46:00.653688;24/Jul/2026:12:46:03.678139;24/Jul/2026:12:46:04.753008;24/Jul/2026:12:46:03.955868;24/Jul/2026:12:46:00.633181;24/Jul/2026:12:46:03.233132;24/Jul/2026:12:46:03.678426;24/Jul/2026:12:46:03.216152;24/Jul/2026:12:46:00.651269;24/Jul/2026:12:46:04.982913;24/Jul/2026:12:46:04.748234;24/Jul/2026:12:46:03.962456;24/Jul/2026:12:46:02.676622;24/Jul/2026:12:46:03.956443;24/Jul/2026:12:46:03.955905;24/Jul/2026:12:46:03.678286;24/Jul/2026:12:46:02.132213;24/Jul/2026:12:46:00.667407;24/Jul/2026:12:46:03.232811;24/Jul/2026:12:46:00.645502;24/Jul/2026:12:46:00.666959,4.5800;0.7664;2.2953;4.6641;0.8535;2.1855;2.9690;4.8200;1.8527;0.8195;1.6276;4.9651;2.3654;1.9310;2.4016;4.9715;0.6498;0.9144;1.7746;3.0974;1.8258;1.9317;2.2118;3.7634;5.2678;2.7068;5.3468;5.3833,bytes=118120775-119018716;bytes=1469916622-1470012928;bytes=857854295-858788537;bytes=312248187-313144597;bytes=1511269429-1511448028;bytes=945853380-945938517;bytes=783250185-784124164;bytes=190706827-191620224;bytes=1052972426-1053068010;bytes=1623391614-1623490235;bytes=1185011140-1185161662;bytes=8856070-9744491;bytes=944859053-945756147;bytes=1057237479-1057349896;bytes=905018761-905113119;bytes=166897230-167787605;bytes=1714503427-1714627966;bytes=1571410929-1572319046;bytes=1233344014-1234248262;bytes=843327227-843480778;bytes=1187185379-1188081832;bytes=1181274320-1182162348;bytes=1051135657-1052070016;bytes=703663922-703757550;bytes=446689479-446788888;bytes=940860237-941762255;bytes=129421908-129600871;bytes=440451197-441349145,4b9012d2;581c33c5;8040943b;d56aa2ab;ae025079;dfc90b62;bd18950e;8f0f7f4f;522db7ee;89532eea;d30e6edd;77297f69;1173f04c;78cfcd7d;cfa2ac0c;6f82e10b;35329bb0;f215ef14;800c9be7;3f933f79;953d1fc5;4d8fd308;fe1d99fc;2aa7ca97;75423f91;b9320aff;0869ac59;4cb12b02
15,4,435,success,None,24/Jul/2026:12:46:05.486232,24/Jul/2026:12:46:06.921248,1.4350,20,24/Jul/2026:12:46:03.678139;24/Jul/2026:12:46:04.753008;24/Jul/2026:12:46:03.955868;24/Jul/2026:12:46:00.633181;24/Jul/2026:12:46:03.233132;24/Jul/2026:12:46:03.678426;24/Jul/2026:12:46:03.216152;24/Jul/2026:12:46:00.651269;24/Jul/2026:12:46:04.982913;24/Jul/2026:12:46:04.748234;24/Jul/2026:12:46:03.962456;24/Jul/2026:12:46:02.676622;24/Jul/2026:12:46:03.956443;24/Jul/2026:12:46:03.955905;24/Jul/2026:12:46:03.678286;24/Jul/2026:12:46:02.132213;24/Jul/2026:12:46:00.667407;24/Jul/2026:12:46:03.232811;24/Jul/2026:12:46:00.645502;24/Jul/2026:12:46:00.666959,1.8527;0.8195;1.6276;4.9651;2.3654;1.9310;2.4016;4.9715;0.6498;0.9144;1.7746;3.0974;1.8258;1.9317;2.2118;3.7634;5.2678;2.7068;5.3468;5.3833,bytes=1052972426-1053068010;bytes=1623391614-1623490235;bytes=1185011140-1185161662;bytes=8856070-9744491;bytes=944859053-945756147;bytes=1057237479-1057349896;bytes=905018761-905113119;bytes=166897230-167787605;bytes=1714503427-1714627966;bytes=1571410929-1572319046;bytes=1233344014-1234248262;bytes=843327227-843480778;bytes=1187185379-1188081832;bytes=1181274320-1182162348;bytes=1051135657-1052070016;bytes=703663922-703757550;bytes=446689479-446788888;bytes=940860237-941762255;bytes=129421908-129600871;bytes=440451197-441349145,522db7ee;89532eea;d30e6edd;77297f69;1173f04c;78cfcd7d;cfa2ac0c;6f82e10b;35329bb0;f215ef14;800c9be7;3f933f79;953d1fc5;4d8fd308;fe1d99fc;2aa7ca97;75423f91;b9320aff;0869ac59;4cb12b02
15,4,442,success,None,24/Jul/2026:12:46:05.496841,24/Jul/2026:12:46:07.071258,1.5744,20,24/Jul/2026:12:46:03.678139;24/Jul/2026:12:46:04.753008;24/Jul/2026:12:46:03.955868;24/Jul/2026:12:46:00.633181;24/Jul/2026:12:46:03.233132;24/Jul/2026:12:46:03.678426;24/Jul/2026:12:46:03.216152;24/Jul/2026:12:46:00.651269;24/Jul/2026:12:46:04.982913;24/Jul/2026:12:46:04.748234;24/Jul/2026:12:46:03.962456;24/Jul/2026:12:46:02.676622;24/Jul/2026:12:46:03.956443;24/Jul/2026:12:46:03.955905;24/Jul/2026:12:46:03.678286;24/Jul/2026:12:46:02.132213;24/Jul/2026:12:46:00.667407;24/Jul/2026:12:46:03.232811;24/Jul/2026:12:46:00.645502;24/Jul/2026:12:46:00.666959,1.8527;0.8195;1.6276;4.9651;2.3654;1.9310;2.4016;4.9715;0.6498;0.9144;1.7746;3.0974;1.8258;1.9317;2.2118;3.7634;5.2678;2.7068;5.3468;5.3833,bytes=1052972426-1053068010;bytes=1623391614-1623490235;bytes=1185011140-1185161662;bytes=8856070-9744491;bytes=944859053-945756147;bytes=1057237479-1057349896;bytes=905018761-905113119;bytes=166897230-167787605;bytes=1714503427-1714627966;bytes=1571410929-1572319046;bytes=1233344014-1234248262;bytes=843327227-843480778;bytes=1187185379-1188081832;bytes=1181274320-1182162348;bytes=1051135657-1052070016;bytes=703663922-703757550;bytes=446689479-446788888;bytes=940860237-941762255;bytes=129421908-129600871;bytes=440451197-441349145,522db7ee;89532eea;d30e6edd;77297f69;1173f04c;78cfcd7d;cfa2ac0c;6f82e10b;35329bb0;f215ef14;800c9be7;3f933f79;953d1fc5;4d8fd308;fe1d99fc;2aa7ca97;75423f91;b9320aff;0869ac59;4cb12b02
