maxWorkers,chunkSize,StartIndex,Status,Error,StartClock,EndClock,Slice_Latency,HTTPSRequestCount,HTTPSRequestClocks,HTTPSRequestLatencies,HTTPS Byte Ranges,HTTPSRequestIDs
1,4,2,success,None,24/Jul/2026:12:39:41.972060,24/Jul/2026:12:39:42.836961,0.8649,0,None,None,None,None
1,4,11,success,None,24/Jul/2026:12:39:42.837494,24/Jul/2026:12:39:43.846445,1.0089,4,24/Jul/2026:12:39:41.975394;24/Jul/2026:12:39:41.974580;24/Jul/2026:12:39:41.974119;24/Jul/2026:12:39:41.975481,0.8756;0.8835;0.8994;0.9127,bytes=15930432-16834770;bytes=12870474-13766804;bytes=11768140-11869466;bytes=16834771-17733156,e6fbc076;5630026a;a0775e09;48772bd3
1,4,21,success,None,24/Jul/2026:12:39:43.846697,24/Jul/2026:12:39:44.216332,0.3696,2,24/Jul/2026:12:39:43.847645;24/Jul/2026:12:39:42.839393,0.0210;1.0306,bytes=89074013-89192873;bytes=54370984-55273864,c2eeb850;d03cc3ba
1,4,26,success,None,24/Jul/2026:12:39:44.216599,24/Jul/2026:12:39:44.852107,0.6355,3,24/Jul/2026:12:39:43.847243;24/Jul/2026:12:39:44.218061;24/Jul/2026:12:39:43.848101,0.3795;0.0270;0.4381,bytes=86033740-86918661;bytes=116739249-116816907;bytes=92992578-93079692,cb3e6f33;f5f6ca83;ce08d0f5
1,4,31,success,None,24/Jul/2026:12:39:44.852366,24/Jul/2026:12:39:45.434386,0.5820,5,24/Jul/2026:12:39:42.838457;24/Jul/2026:12:39:44.217946;24/Jul/2026:12:39:41.975834;24/Jul/2026:12:39:44.218005;24/Jul/2026:12:39:44.216964,2.0231;0.6438;2.8868;0.6572;0.6626,bytes=52138481-52289426;bytes=112934027-113023753;bytes=19848011-20032816;bytes=113023754-113121790;bytes=105164290-106057566,8f66cb34;508dd223;45b6cadd;eb84a22b;9a8b8c26
1,4,47,success,None,24/Jul/2026:12:39:45.434662,24/Jul/2026:12:39:46.236070,0.8014,1,24/Jul/2026:12:39:43.848617,1.6060,bytes=96964378-97062699,94c37d0c
1,4,55,success,None,24/Jul/2026:12:39:46.236651,24/Jul/2026:12:39:46.881746,0.6451,7,24/Jul/2026:12:39:43.847497;24/Jul/2026:12:39:44.852723;24/Jul/2026:12:39:44.853584;24/Jul/2026:12:39:46.238999;24/Jul/2026:12:39:44.853510;24/Jul/2026:12:39:42.839708;24/Jul/2026:12:39:44.853987,2.3986;1.3952;1.4115;0.0305;1.4203;3.4377;1.4308,bytes=87839551-88745992;bytes=125611313-126492675;bytes=133498418-133596014;bytes=230710875-230812357;bytes=133389994-133498417;bytes=60193158-60249182;bytes=133768879-133955355,6c018191;ae4ca766;2d2a3f5f;60f5aaf8;1fa8235f;3f22c4ff;651524fa
1,4,63,success,None,24/Jul/2026:12:39:46.881996,24/Jul/2026:12:39:47.525628,0.6436,4,24/Jul/2026:12:39:44.218484;24/Jul/2026:12:39:44.217616;24/Jul/2026:12:39:41.974933;24/Jul/2026:12:39:44.854427,2.6709;2.6848;4.9289;2.0590,bytes=117075559-117223897;bytes=109160292-110057072;bytes=14670926-15553834;bytes=137758750-137856973,f6fc653f;92cd02dc;bb45e8c5;d70ddb55
1,4,71,success,None,24/Jul/2026:12:39:47.525890,24/Jul/2026:12:39:48.499562,0.9737,6,24/Jul/2026:12:39:46.882376;24/Jul/2026:12:39:46.238420;24/Jul/2026:12:39:44.854236;24/Jul/2026:12:39:43.847975;24/Jul/2026:12:39:47.527736;24/Jul/2026:12:39:47.527785,0.6543;1.2986;2.7000;3.7079;0.0390;0.0400,bytes=255137809-256033692;bytes=225508889-226421794;bytes=134855394-135741531;bytes=90990900-91898868;bytes=300050269-300147833;bytes=303721609-303855189,ec6438dd;4ce33172;99c40bbe;4ad80181;7da6b4e7;9a8fac94
1,4,79,success,None,24/Jul/2026:12:39:48.500016,24/Jul/2026:12:39:49.124450,0.6244,6,24/Jul/2026:12:39:45.436411;24/Jul/2026:12:39:44.853790;24/Jul/2026:12:39:44.217812;24/Jul/2026:12:39:48.501965;24/Jul/2026:12:39:48.501117;24/Jul/2026:12:39:46.239117,3.0719;3.6546;4.2907;0.0143;0.0186;2.3038,bytes=202135189-202210891;bytes=131568699-132484979;bytes=110958631-111862687;bytes=336613849-336701983;bytes=328561211-328660518;bytes=227000491-227885816,4a6a3a2d;3d5ab6bf;a2208256;5776601d;76f58c68;5796e22c
1,4,92,success,None,24/Jul/2026:12:39:49.124714,24/Jul/2026:12:39:49.661476,0.5368,8,24/Jul/2026:12:39:46.238610;24/Jul/2026:12:39:46.237931;24/Jul/2026:12:39:48.501004;24/Jul/2026:12:39:49.126136;24/Jul/2026:12:39:48.501797;24/Jul/2026:12:39:49.125770;24/Jul/2026:12:39:49.126254;24/Jul/2026:12:39:44.218118,2.8934;2.8971;0.6387;0.0155;0.6435;0.0197;0.0332;4.9464,bytes=226620043-226801955;bytes=223703490-224582646;bytes=324655799-324853181;bytes=381723900-381803305;bytes=331689552-332596749;bytes=381516912-381619789;bytes=385509523-385600051;bytes=116816908-116895549,f5c1365e;a7e6d13e;96302e5f;e9bd1e62;84399f7d;d54d30ce;7bc0f144;cbd69a5f
1,4,104,success,None,24/Jul/2026:12:39:49.661724,24/Jul/2026:12:39:50.296627,0.6349,4,24/Jul/2026:12:39:49.125894;24/Jul/2026:12:39:49.126195;24/Jul/2026:12:39:48.501409;24/Jul/2026:12:39:46.240289,0.5444;0.5474;1.1813;3.4493,bytes=377909506-378813203;bytes=381806962-381914446;bytes=328660519-328837695;bytes=232925170-233845784,82b27aef;e499920e;cd245e94;fbb4b9f3
1,4,114,success,None,24/Jul/2026:12:39:50.296869,24/Jul/2026:12:39:50.927798,0.6309,3,24/Jul/2026:12:39:49.662082;24/Jul/2026:12:39:49.663326;24/Jul/2026:12:39:50.298716,0.6432;0.6629;0.0376,bytes=422482564-423371884;bytes=430736930-431646797;bytes=475666336-475861053,fbe6bada;1a1ffa8e;5e4d1039
1,4,143,success,None,24/Jul/2026:12:39:50.928063,24/Jul/2026:12:39:51.782377,0.8543,4,24/Jul/2026:12:39:50.929237;24/Jul/2026:12:39:49.663011;24/Jul/2026:12:39:50.298164;24/Jul/2026:12:39:47.526872,0.0213;1.2890;0.6605;3.4407,bytes=585867301-585970366;bytes=429342132-430246770;bytes=471326783-471499488;bytes=295668879-295754288,c859ae84;2ad6b76b;03746410;6947f314
1,4,164,success,None,24/Jul/2026:12:39:51.782654,24/Jul/2026:12:39:52.575009,0.7923,7,24/Jul/2026:12:39:50.929743;24/Jul/2026:12:39:47.526788;24/Jul/2026:12:39:50.929612;24/Jul/2026:12:39:49.126791;24/Jul/2026:12:39:46.883779;24/Jul/2026:12:39:51.783740;24/Jul/2026:12:39:50.930079,0.8612;4.2644;0.8632;2.6841;4.9301;0.0321;0.8943,bytes=588740465-589628498;bytes=291985304-292077096;bytes=586953353-587835497;bytes=389551736-389641700;bytes=264136703-265035310;bytes=675754358-675858112;bytes=590162248-591060463,9b412c1b;11f71fd4;9d4adc89;f6f05ca0;eb05c7fb;5ae11fbe;e4604daf
1,4,169,success,None,24/Jul/2026:12:39:52.575244,24/Jul/2026:12:39:53.417642,0.8424,8,24/Jul/2026:12:39:51.783038;24/Jul/2026:12:39:50.929951;24/Jul/2026:12:39:51.783236;24/Jul/2026:12:39:51.784176;24/Jul/2026:12:39:52.576551;24/Jul/2026:12:39:52.577055;24/Jul/2026:12:39:50.297600;24/Jul/2026:12:39:50.930531,0.8001;1.6541;0.8014;0.8034;0.0207;0.0239;2.3055;1.6812,bytes=667930100-668821039;bytes=593727707-593827298;bytes=668821040-669698553;bytes=679660475-679755420;bytes=695844898-695940693;bytes=699932937-700031043;bytes=467103933-467295865;bytes=597813336-597894007,454bc60e;b5ecb379;1e97cc5a;1ce70f4d;20dbc2ed;1613c106;cb581148;4e3b7ecd
1,4,182,success,None,24/Jul/2026:12:39:53.417905,24/Jul/2026:12:39:53.999364,0.5815,4,24/Jul/2026:12:39:47.526625;24/Jul/2026:12:39:52.575609;24/Jul/2026:12:39:50.930017;24/Jul/2026:12:39:52.576716,5.8987;0.8500;2.4961;0.8671,bytes=291897784-291985303;bytes=687880297-688765217;bytes=593827299-593917808;bytes=699763337-699842701,0155afa2;f2a70fcf;68934c24;3190ef65
1,4,189,success,None,24/Jul/2026:12:39:53.999605,24/Jul/2026:12:39:54.817098,0.8175,3,24/Jul/2026:12:39:53.418276;24/Jul/2026:12:39:49.663392;24/Jul/2026:12:39:54.000565,0.5891;4.3519;0.0280,bytes=741325427-742225898;bytes=431646798-432525201;bytes=778081137-778191782,081c9713;42daaa99;d48872f1
1,4,194,success,None,24/Jul/2026:12:39:54.817344,24/Jul/2026:12:39:55.635697,0.8183,0,None,None,None,None
1,4,202,success,None,24/Jul/2026:12:39:55.635940,24/Jul/2026:12:39:56.781211,1.1453,6,24/Jul/2026:12:39:43.848744;24/Jul/2026:12:39:53.419081;24/Jul/2026:12:39:52.576119;24/Jul/2026:12:39:54.001018;24/Jul/2026:12:39:54.000631;24/Jul/2026:12:39:54.000389,11.7945;2.2246;3.0700;1.6616;1.6716;1.6791,bytes=100736163-100823178;bytes=748931138-749015718;bytes=695527492-695694348;bytes=781964888-782056524;bytes=774382547-775282913;bytes=774270381-774382546,5f40f712;a85d80e3;e0e6eb19;188f951f;a7407434;9044647f
1,4,208,success,None,24/Jul/2026:12:39:56.781476,24/Jul/2026:12:39:57.605066,0.8236,5,24/Jul/2026:12:39:55.637134;24/Jul/2026:12:39:54.000829;24/Jul/2026:12:39:51.783671;24/Jul/2026:12:39:54.818807;24/Jul/2026:12:39:56.782129,1.1517;2.7891;5.0097;1.9838;0.2958,bytes=831132034-831223478;bytes=777071372-777974563;bytes=675646303-675754357;bytes=802021126-802106002;bytes=849489240-850406661,4cc30b93;c0df3507;59105433;891d5bae;617aa024
1,4,216,success,None,24/Jul/2026:12:39:57.605308,24/Jul/2026:12:39:58.452086,0.8468,4,24/Jul/2026:12:39:54.818439;24/Jul/2026:12:39:57.607191;24/Jul/2026:12:39:54.000769;24/Jul/2026:12:39:57.606104,2.7936;0.0181;3.6400;0.0382,bytes=795285595-796181225;bytes=896800876-896891274;bytes=776163132-777071371;bytes=884601011-884707906,2af67270;2a18853b;9df697c9;6796dc20
1,4,222,success,None,24/Jul/2026:12:39:58.452334,24/Jul/2026:12:39:59.298620,0.8463,8,24/Jul/2026:12:39:56.782762;24/Jul/2026:12:39:58.454179;24/Jul/2026:12:39:57.606303;24/Jul/2026:12:39:55.636762;24/Jul/2026:12:39:58.452836;24/Jul/2026:12:39:55.636603;24/Jul/2026:12:39:58.453694;24/Jul/2026:12:39:57.606872,1.6971;0.0866;1.0072;2.9791;0.1691;2.9878;0.1775;1.0349,bytes=855671366-855866604;bytes=917957362-918141925;bytes=888578476-888747606;bytes=830943653-831033454;bytes=906430611-907318976;bytes=827170828-827264790;bytes=913792537-913976409;bytes=889863791-890744408,5a0b4044;a1f77551;4c3bdccc;0ed0471b;762a3f60;f031d7b6;5076d049;ad7fcc67
1,4,230,success,None,24/Jul/2026:12:39:59.298889,24/Jul/2026:12:40:00.168228,0.8693,3,24/Jul/2026:12:39:58.453883;24/Jul/2026:12:39:58.453759;24/Jul/2026:12:39:56.782818,0.8531;0.8603;2.5450,bytes=913976410-914849595;bytes=917562539-917678111;bytes=855866605-856077754,0a188256;229c08dc;7132910d
1,4,235,success,None,24/Jul/2026:12:40:00.168473,24/Jul/2026:12:40:00.821432,0.6530,8,24/Jul/2026:12:39:56.783200;24/Jul/2026:12:39:58.454237;24/Jul/2026:12:39:54.819161;24/Jul/2026:12:40:00.169557;24/Jul/2026:12:39:58.453997;24/Jul/2026:12:39:59.300418;24/Jul/2026:12:39:58.453059;24/Jul/2026:12:39:58.453131,3.3924;1.7355;5.3739;0.0329;1.7554;0.9169;1.7899;1.7919,bytes=859906909-860111158;bytes=921753407-921862905;bytes=802287696-802474179;bytes=966780863-966886278;bytes=915733969-916648941;bytes=946152956-947055887;bytes=909375215-909567985;bytes=909567986-909777505,26f7c023;1abfc97e;a0602731;c84be2ef;700b5cd7;05686ba1;62400a11;5deaef39
1,4,245,success,None,24/Jul/2026:12:40:00.821687,24/Jul/2026:12:40:01.688409,0.8667,3,24/Jul/2026:12:40:00.169872;24/Jul/2026:12:39:59.300780;24/Jul/2026:12:40:00.169687,0.6625;1.5363;0.6810,bytes=966886279-967050402;bytes=953982742-954081266;bytes=963957539-964839512,47372dc5;ee5692d0;4e9a3dc5
1,4,259,success,None,24/Jul/2026:12:40:01.688681,24/Jul/2026:12:40:02.568993,0.8803,1,24/Jul/2026:12:40:00.169624,1.5490,bytes=963077047-963957538,2c9de3c3
1,4,273,success,None,24/Jul/2026:12:40:02.569260,24/Jul/2026:12:40:03.419228,0.8500,6,24/Jul/2026:12:39:59.300293;24/Jul/2026:12:40:00.822763;24/Jul/2026:12:40:01.690014;24/Jul/2026:12:40:00.822892;24/Jul/2026:12:40:02.571091;24/Jul/2026:12:39:59.300591,3.2774;1.7554;0.8887;1.7577;0.0166;3.2873,bytes=949773605-949864187;bytes=1007629604-1007730427;bytes=1066111355-1066316726;bytes=1004032767-1004913911;bytes=1127617439-1127711780;bytes=948878952-949773604,11e2d521;9b0b5846;020d8df9;9b3c705c;36a05a31;6fb9696a
1,4,281,success,None,24/Jul/2026:12:40:03.419470,24/Jul/2026:12:40:04.276098,0.8566,8,24/Jul/2026:12:40:02.571024;24/Jul/2026:12:40:00.169106;24/Jul/2026:12:40:01.690413;24/Jul/2026:12:40:01.690577;24/Jul/2026:12:40:02.571216;24/Jul/2026:12:40:02.570723;24/Jul/2026:12:40:03.420504;24/Jul/2026:12:40:02.570233,0.8561;3.2588;1.7377;1.7430;0.8642;0.8695;0.0264;0.8787,bytes=1127510188-1127617438;bytes=961555276-962468536;bytes=1070167399-1070266394;bytes=1074098703-1074215422;bytes=1131494046-1131662979;bytes=1127411820-1127510187;bytes=1156067608-1156165204;bytes=1123441212-1123547576,26fe759a;5c0db3d4;8b6bc102;1a5f150d;718b9980;bd9dc1b2;d926b4ab;21b6811a
1,4,288,success,None,24/Jul/2026:12:40:04.276346,24/Jul/2026:12:40:04.956269,0.6799,4,24/Jul/2026:12:40:01.689032;24/Jul/2026:12:40:03.421128;24/Jul/2026:12:39:51.783332;24/Jul/2026:12:40:03.419810,2.5961;0.8668;12.5056;0.8834,bytes=1057865718-1058751852;bytes=1158359809-1159275300;bytes=669698554-670606261;bytes=1148106083-1149008867,6e9fc3f2;691094c5;c0061cf3;a5a1a597
1,4,298,success,None,24/Jul/2026:12:40:04.956515,24/Jul/2026:12:40:05.811833,0.8553,2,24/Jul/2026:12:40:04.278289;24/Jul/2026:12:40:04.277613,0.6852;0.7158,bytes=1189301666-1189414011;bytes=1183042657-1183952770,38c74167;8cf84357
1,4,307,success,None,24/Jul/2026:12:40:05.812079,24/Jul/2026:12:40:06.858741,1.0467,2,24/Jul/2026:12:40:03.420386;24/Jul/2026:12:40:04.277551,2.4047;1.5641,bytes=1152133994-1152351945;bytes=1182162349-1183042656,83f074f8;81f9f2fb
1,4,312,success,None,24/Jul/2026:12:40:06.858987,24/Jul/2026:12:40:07.723762,0.8648,5,24/Jul/2026:12:40:04.277810;24/Jul/2026:12:40:03.421015;24/Jul/2026:12:39:58.453376;24/Jul/2026:12:40:06.860470;24/Jul/2026:12:40:06.860960,2.5889;3.4602;8.4285;0.0224;0.0349,bytes=1185275506-1185387123;bytes=1156590785-1157476670;bytes=909777506-910654116;bytes=1288120322-1288269205;bytes=1292221362-1292332168,6a60f887;d816f506;33186627;d5cc4c64;a61e39a3
1,4,332,success,None,24/Jul/2026:12:40:07.724017,24/Jul/2026:12:40:08.702201,0.9782,3,24/Jul/2026:12:40:05.813189;24/Jul/2026:12:40:06.860091;24/Jul/2026:12:40:07.726186,1.9176;0.8857;0.0224,bytes=1260745815-1261622240;bytes=1281237338-1282119680;bytes=1371084386-1371186797,58918378;cb391c30;0f555ac8
1,4,339,success,None,24/Jul/2026:12:40:08.702431,24/Jul/2026:12:40:09.790532,1.0881,4,24/Jul/2026:12:40:03.420906;24/Jul/2026:12:40:07.726249;24/Jul/2026:12:40:07.725482;24/Jul/2026:12:40:07.725865,5.2892;0.9847;0.9871;1.0002,bytes=1160189423-1160305916;bytes=1374767610-1374868609;bytes=1364900580-1365800136;bytes=1367179170-1368089298,d0a0420c;00f1cb9f;da5e6f3a;31ced9d6
1,4,345,success,None,24/Jul/2026:12:40:09.790781,24/Jul/2026:12:40:11.315125,1.5243,3,24/Jul/2026:12:40:06.859955;24/Jul/2026:12:40:07.726314;24/Jul/2026:12:40:08.703417,2.9562;2.0903;1.1210,bytes=1284071790-1284178328;bytes=1374868610-1374968118;bytes=1395112257-1395196194,e8718d15;f3c4e3b9;d77c840a
1,4,353,success,None,24/Jul/2026:12:40:11.315366,24/Jul/2026:12:40:12.176870,0.8615,6,24/Jul/2026:12:40:09.792016;24/Jul/2026:12:40:08.703046;24/Jul/2026:12:40:07.725994;24/Jul/2026:12:40:07.725327;24/Jul/2026:12:40:06.859714;24/Jul/2026:12:40:08.703952,1.5300;2.6205;3.5978;3.5985;4.4695;2.6328,bytes=1419253503-1420154834;bytes=1389990828-1390890488;bytes=1368966774-1369873756;bytes=1363111433-1364026104;bytes=1280133995-1280244503;bytes=1395602688-1396497415,3d3ab931;2e112f9b;94c2fab6;fa6f8e1a;e6c1c8b6;9a335eb2
1,4,359,success,None,24/Jul/2026:12:40:12.177112,24/Jul/2026:12:40:13.212328,1.0352,5,24/Jul/2026:12:40:09.791621;24/Jul/2026:12:40:11.317259;24/Jul/2026:12:40:11.316481;24/Jul/2026:12:40:08.703663;24/Jul/2026:12:40:12.178616,2.3922;0.8682;0.8914;3.5057;0.0395,bytes=1416425565-1416558525;bytes=1461484147-1461600815;bytes=1451080700-1452005269;bytes=1394118842-1395014151;bytes=1481853963-1482043845,7bf380f8;18b6f4f8;8a983927;44b13714;724362a3
1,4,368,success,None,24/Jul/2026:12:40:13.212555,24/Jul/2026:12:40:14.482389,1.2698,4,24/Jul/2026:12:40:08.703541;24/Jul/2026:12:40:12.179071;24/Jul/2026:12:40:12.179015;24/Jul/2026:12:40:13.214251,4.5226;1.0577;1.0617;0.0322,bytes=1392289528-1393191098;bytes=1486029279-1486160245;bytes=1482337204-1482454921;bytes=1523393465-1523499285,6da106db;b23e2cb2;54e27d16;b8aeb70a
1,4,374,success,None,24/Jul/2026:12:40:14.482631,24/Jul/2026:12:40:15.232022,0.7494,5,24/Jul/2026:12:40:13.213417;24/Jul/2026:12:40:13.214032;24/Jul/2026:12:40:14.484159;24/Jul/2026:12:40:04.957585;24/Jul/2026:12:40:11.315974,1.2764;1.2806;0.0177;9.5511;3.2099,bytes=1515370634-1515493012;bytes=1517533739-1518445188;bytes=1543997921-1544084197;bytes=1222581336-1223478369;bytes=1447754491-1448667937,032a6e4e;a8e1be5d;8b610e2b;81a071b4;673907a7
1,4,383,success,None,24/Jul/2026:12:40:15.232274,24/Jul/2026:12:40:16.044062,0.8118,7,24/Jul/2026:12:40:11.316217;24/Jul/2026:12:40:13.213922;24/Jul/2026:12:40:15.233088;24/Jul/2026:12:40:15.233748;24/Jul/2026:12:40:15.233243;24/Jul/2026:12:40:12.178197;24/Jul/2026:12:40:15.233948,3.9246;2.0320;0.0290;0.0289;0.0330;3.0971;0.0518,bytes=1452920192-1453024519;bytes=1515734284-1516642042;bytes=1577230199-1577428286;bytes=1577597876-1577714637;bytes=1577428287-1577597875;bytes=1474134359-1475031751;bytes=1581618814-1581797739,d3584521;d137ff0e;b8c99b68;5138940e;1fd1434e;8b65d0ad;df03d7cb
1,4,394,success,None,24/Jul/2026:12:40:16.044305,24/Jul/2026:12:40:17.208415,1.1641,8,24/Jul/2026:12:40:14.482976;24/Jul/2026:12:40:04.957646;24/Jul/2026:12:40:15.232886;24/Jul/2026:12:40:14.483131;24/Jul/2026:12:40:06.860780;24/Jul/2026:12:40:16.046271;24/Jul/2026:12:40:06.860899;24/Jul/2026:12:40:15.234131,1.5687;11.0952;0.8224;1.5738;9.2020;0.0193;9.2106;0.8476,bytes=1532210324-1533108244;bytes=1223478370-1224351173;bytes=1572319047-1573219185;bytes=1533108245-1534002611;bytes=1288272862-1288385153;bytes=1631518880-1631706528;bytes=1292101114-1292221361;bytes=1579605578-1580516103,ac37767a;36d6b40f;a9a75311;a0f80a02;e43c477c;e04c6061;28687620;376fed19
1,4,400,success,None,24/Jul/2026:12:40:17.208658,24/Jul/2026:12:40:18.103282,0.8946,3,24/Jul/2026:12:40:16.046213;24/Jul/2026:12:40:11.316415;24/Jul/2026:12:40:16.045136,1.1699;5.9003;1.2033,bytes=1631293355-1631518879;bytes=1450195658-1451080699;bytes=1619379556-1619476434,8c890409;3f5bbf31;7245a743
1,4,409,success,None,24/Jul/2026:12:40:18.103537,24/Jul/2026:12:40:18.887607,0.7841,5,24/Jul/2026:12:40:08.702978;24/Jul/2026:12:40:12.178677;24/Jul/2026:12:40:18.105343;24/Jul/2026:12:40:18.105289;24/Jul/2026:12:40:18.104601,9.4084;5.9335;0.0258;0.0293;0.1840,bytes=1389066683-1389990827;bytes=1482043846-1482223600;bytes=1693139227-1693231849;bytes=1689394637-1689514338;bytes=1682395239-1683283600,9eaa1e49;b267259a;69d20d79;4e62ef82;91e7b935
1,4,419,success,None,24/Jul/2026:12:40:18.887855,24/Jul/2026:12:40:19.704768,0.8169,5,24/Jul/2026:12:40:17.208998;24/Jul/2026:12:40:14.483353;24/Jul/2026:12:40:18.889879;24/Jul/2026:12:40:18.889232;24/Jul/2026:12:40:17.210261,1.6867;4.4279;0.0296;0.0407;1.7328,bytes=1640048703-1640950567;bytes=1536026049-1536141400;bytes=1734825344-1734910513;bytes=1726916520-1727026583;bytes=1649417094-1650305781,c6397147;e5ad676f;ae0b23f9;fbecd9d3;872f91e3
1,4,425,success,None,24/Jul/2026:12:40:19.704991,24/Jul/2026:12:40:20.522715,0.8177,4,24/Jul/2026:12:40:18.889630;24/Jul/2026:12:40:15.234074;24/Jul/2026:12:40:18.104718;24/Jul/2026:12:40:18.889101,0.8229;4.4792;1.6099;0.8279,bytes=1729710490-1730607334;bytes=1578714514-1579605577;bytes=1684190022-1685078691;bytes=1725621469-1726525913,8e90ead2;2a571104;9ca13f95;157afe3b
1,4,430,success,None,24/Jul/2026:12:40:20.522968,24/Jul/2026:12:40:21.597135,1.0742,6,24/Jul/2026:12:40:13.213111;24/Jul/2026:12:40:19.705657;24/Jul/2026:12:40:19.706046;24/Jul/2026:12:40:20.524840;24/Jul/2026:12:40:16.045719;24/Jul/2026:12:40:19.706648,7.3185;0.8268;0.8303;0.0249;4.5059;0.8457,bytes=1509197624-1510114642;bytes=1747225560-1747449576;bytes=1748566002-1749442384;bytes=1776388448-1776501527;bytes=1627088920-1627291683;bytes=1754602557-1755511310,dadb974b;7f3c25a3;1cba02fe;6d28989e;f5858739;c21dd889
1,4,444,success,None,24/Jul/2026:12:40:21.597387,24/Jul/2026:12:40:22.660782,1.0634,5,24/Jul/2026:12:40:20.524711;24/Jul/2026:12:40:17.209239;24/Jul/2026:12:40:20.524208;24/Jul/2026:12:40:19.706114;24/Jul/2026:12:40:18.888974,1.0831;4.3987;1.0841;1.9121;2.7403,bytes=1774269718-1775164389;bytes=1641852588-1642770736;bytes=1770232840-1771135506;bytes=1749442385-1750373391;bytes=1723838486-1724725622,dd2bd823;b843ded6;c1aeb093;75c1bd62;a25ebcf1
1,4,450,success,None,24/Jul/2026:12:40:22.661025,24/Jul/2026:12:40:23.327192,0.6662,1,24/Jul/2026:12:40:21.598970,1.1089,bytes=1831223989-1832105533,ded34732
1,4,462,success,None,24/Jul/2026:12:40:23.327481,24/Jul/2026:12:40:24.216239,0.8887,6,24/Jul/2026:12:40:09.792632;24/Jul/2026:12:40:18.104021;24/Jul/2026:12:40:20.524580;24/Jul/2026:12:40:22.661651;24/Jul/2026:12:40:22.662159;24/Jul/2026:12:40:23.328524,13.5436;5.2341;2.8169;0.6924;0.6940;0.0301,bytes=1424456688-1424551419;bytes=1678390034-1679271343;bytes=1772498629-1773400638;bytes=1849541407-1850459017;bytes=1852002536-1852879233;bytes=1904514815-1904639433,5fe91555;9a0a5069;d54375c3;45654681;7cc69c7d;fd9e4fa0
2,4,2,success,None,24/Jul/2026:12:40:24.217428,24/Jul/2026:12:40:25.070647,0.8532,6,24/Jul/2026:12:39:58.453232;24/Jul/2026:12:40:04.276696;24/Jul/2026:12:40:24.218265;24/Jul/2026:12:39:54.817685;24/Jul/2026:12:40:24.219160;24/Jul/2026:12:40:06.859570,25.7834;19.9600;0.0186;29.4190;0.0205;17.4343,bytes=913375756-913488024;bytes=1177110087-1178006848;bytes=8856070-9744491;bytes=790387473-791287727;bytes=19546918-19624247;bytes=1278008141-1278905952,2bad7377;47f01c9a;ee923020;552f9412;94a52492;2e8dd7e5
2,4,11,success,None,24/Jul/2026:12:40:24.217603,24/Jul/2026:12:40:25.569483,1.3519,10,24/Jul/2026:12:39:58.453232;24/Jul/2026:12:40:04.276696;24/Jul/2026:12:40:24.218265;24/Jul/2026:12:39:54.817685;24/Jul/2026:12:40:24.219160;24/Jul/2026:12:40:06.859570;24/Jul/2026:12:40:25.072026;24/Jul/2026:12:40:25.071810;24/Jul/2026:12:40:25.071955;24/Jul/2026:12:40:11.316663,25.7834;19.9600;0.0186;29.4190;0.0205;17.4343;0.0075;0.0106;0.0327;13.7916,bytes=913375756-913488024;bytes=1177110087-1178006848;bytes=8856070-9744491;bytes=790387473-791287727;bytes=19546918-19624247;bytes=1278008141-1278905952;bytes=92805846-92892538;bytes=87839551-88745992;bytes=89074013-89192873;bytes=1453329840-1453549915,2bad7377;47f01c9a;ee923020;552f9412;94a52492;2e8dd7e5;fad4031f;6698841f;9421b9c3;b4757939
2,4,21,success,None,24/Jul/2026:12:40:25.071005,24/Jul/2026:12:40:25.901720,0.8307,6,24/Jul/2026:12:40:25.072026;24/Jul/2026:12:40:25.071810;24/Jul/2026:12:40:25.071955;24/Jul/2026:12:40:11.316663;24/Jul/2026:12:40:00.822473;24/Jul/2026:12:40:24.218355,0.0075;0.0106;0.0327;13.7916;24.7540;1.3788,bytes=92805846-92892538;bytes=87839551-88745992;bytes=89074013-89192873;bytes=1453329840-1453549915;bytes=1001583117-1002519115;bytes=9744492-10652386,fad4031f;6698841f;9421b9c3;b4757939;1d2d452d;76f16616
2,4,26,success,None,24/Jul/2026:12:40:25.569751,24/Jul/2026:12:40:26.421109,0.8514,8,24/Jul/2026:12:40:00.822473;24/Jul/2026:12:40:24.218355;24/Jul/2026:12:40:24.220311;24/Jul/2026:12:40:24.219656;24/Jul/2026:12:40:25.570812;24/Jul/2026:12:40:25.570676;24/Jul/2026:12:40:24.218903;24/Jul/2026:12:40:25.570404,24.7540;1.3788;1.6971;1.7017;0.3556;0.3568;2.1321;0.7812,bytes=1001583117-1002519115;bytes=9744492-10652386;bytes=52399041-52496406;bytes=23662341-23748271;bytes=109160292-110057072;bytes=112758631-112848799;bytes=13766805-14670925;bytes=107864874-108774691,1d2d452d;76f16616;1253571d;9f0b85c9;26786818;dadd09c5;628b42e0;c4b3af73
2,4,31,success,None,24/Jul/2026:12:40:25.902001,24/Jul/2026:12:40:26.973304,1.0713,8,24/Jul/2026:12:40:24.220311;24/Jul/2026:12:40:24.219656;24/Jul/2026:12:40:25.570812;24/Jul/2026:12:40:25.570676;24/Jul/2026:12:40:24.218903;24/Jul/2026:12:40:25.570404;24/Jul/2026:12:40:26.423084;24/Jul/2026:12:40:26.422968,1.6971;1.7017;0.3556;0.3568;2.1321;0.7812;0.0089;0.0788,bytes=52399041-52496406;bytes=23662341-23748271;bytes=109160292-110057072;bytes=112758631-112848799;bytes=13766805-14670925;bytes=107864874-108774691;bytes=206066378-206141118;bytes=202289493-202391545,1253571d;9f0b85c9;26786818;dadd09c5;628b42e0;c4b3af73;32506987;80b63716
2,4,47,success,None,24/Jul/2026:12:40:26.421322,24/Jul/2026:12:40:27.146104,0.7248,6,24/Jul/2026:12:40:26.423084;24/Jul/2026:12:40:26.422968;24/Jul/2026:12:40:26.422055;24/Jul/2026:12:40:25.072740;24/Jul/2026:12:40:26.421921;24/Jul/2026:12:40:25.072454,0.0089;0.0788;0.5590;1.9129;0.5767;1.9327,bytes=206066378-206141118;bytes=202289493-202391545;bytes=194581781-194669977;bytes=93079693-93177728;bytes=193413919-194301900;bytes=90990900-91898868,32506987;80b63716;2fb3a4d5;61e6739c;fa56e442;17241ef5
2,4,55,success,None,24/Jul/2026:12:40:26.973536,24/Jul/2026:12:40:27.822387,0.8488,11,24/Jul/2026:12:40:26.422055;24/Jul/2026:12:40:25.072740;24/Jul/2026:12:40:26.421921;24/Jul/2026:12:40:25.072454;24/Jul/2026:12:40:25.072953;24/Jul/2026:12:40:27.147283;24/Jul/2026:12:40:26.974051;24/Jul/2026:12:40:27.147838;24/Jul/2026:12:40:27.148059;24/Jul/2026:12:40:27.146959;24/Jul/2026:12:39:49.662515,0.5590;1.9129;0.5767;1.9327;2.0819;0.0190;0.1963;0.0246;0.0332;0.3571;37.8492,bytes=194581781-194669977;bytes=93079693-93177728;bytes=193413919-194301900;bytes=90990900-91898868;bytes=93177729-94089058;bytes=262764448-262842984;bytes=224582647-225508888;bytes=262922244-263078675;bytes=266961275-267048299;bytes=256930903-257841226;bytes=426473201-426640966,2fb3a4d5;61e6739c;fa56e442;17241ef5;d22dca71;f0e7d81f;54f39c2b;53a4a817;ed4de2e6;2a9bf5ea;dd68da82
2,4,63,success,None,24/Jul/2026:12:40:27.146338,24/Jul/2026:12:40:28.031316,0.8850,13,24/Jul/2026:12:40:25.072953;24/Jul/2026:12:40:27.147283;24/Jul/2026:12:40:26.974051;24/Jul/2026:12:40:27.147838;24/Jul/2026:12:40:27.148059;24/Jul/2026:12:40:27.146959;24/Jul/2026:12:39:49.662515;24/Jul/2026:12:40:27.147041;24/Jul/2026:12:40:26.422605;24/Jul/2026:12:40:27.823397;24/Jul/2026:12:40:26.974193;24/Jul/2026:12:40:26.422180;24/Jul/2026:12:40:26.422480,2.0819;0.0190;0.1963;0.0246;0.0332;0.3571;37.8492;0.6851;1.4189;0.0259;0.8778;1.4329;1.5259,bytes=93177729-94089058;bytes=262764448-262842984;bytes=224582647-225508888;bytes=262922244-263078675;bytes=266961275-267048299;bytes=256930903-257841226;bytes=426473201-426640966;bytes=257841227-258746981;bytes=202135189-202210891;bytes=295668879-295754288;bytes=226620043-226801955;bytes=198316801-198387229;bytes=198387230-198481386,d22dca71;f0e7d81f;54f39c2b;53a4a817;ed4de2e6;2a9bf5ea;dd68da82;13a8a598;75c24fa4;6c6fe375;5a3bc945;2eb08123;c8a76ab9
2,4,71,success,None,24/Jul/2026:12:40:27.822614,24/Jul/2026:12:40:28.642065,0.8194,8,24/Jul/2026:12:40:27.147041;24/Jul/2026:12:40:26.422605;24/Jul/2026:12:40:27.823397;24/Jul/2026:12:40:26.974193;24/Jul/2026:12:40:26.422180;24/Jul/2026:12:40:26.422480;24/Jul/2026:12:40:27.148522;24/Jul/2026:12:40:28.033309,0.6851;1.4189;0.0259;0.8778;1.4329;1.5259;0.8899;0.0223,bytes=257841227-258746981;bytes=202135189-202210891;bytes=295668879-295754288;bytes=226620043-226801955;bytes=198316801-198387229;bytes=198387230-198481386;bytes=271068061-271165755;bytes=332798846-332900129,13a8a598;75c24fa4;6c6fe375;5a3bc945;2eb08123;c8a76ab9;42210b24;5af79326
2,4,79,success,None,24/Jul/2026:12:40:28.031574,24/Jul/2026:12:40:28.659356,0.6278,6,24/Jul/2026:12:40:27.148522;24/Jul/2026:12:40:28.033309;24/Jul/2026:12:40:27.148264;24/Jul/2026:12:40:24.219985;24/Jul/2026:12:40:28.643009;24/Jul/2026:12:40:27.147990,0.8899;0.0223;1.5017;4.4312;0.0109;1.5073,bytes=271068061-271165755;bytes=332798846-332900129;bytes=265035311-265966653;bytes=48411820-48500567;bytes=373753845-374649987;bytes=266870600-266961274,42210b24;5af79326;13d0a611;ca9fc764;eb68701c;3519d161
2,4,92,success,None,24/Jul/2026:12:40:28.642329,24/Jul/2026:12:40:29.502398,0.8601,9,24/Jul/2026:12:40:27.148264;24/Jul/2026:12:40:24.219985;24/Jul/2026:12:40:28.643009;24/Jul/2026:12:40:27.147990;24/Jul/2026:12:40:27.823464;24/Jul/2026:12:40:27.823331;24/Jul/2026:12:40:28.643381;24/Jul/2026:12:40:28.644568;24/Jul/2026:12:40:28.032479,1.5017;4.4312;0.0109;1.5073;0.8537;0.8540;0.0699;0.0869;0.6993,bytes=265035311-265966653;bytes=48411820-48500567;bytes=373753845-374649987;bytes=266870600-266961274;bytes=295754289-295837678;bytes=291985304-292077096;bytes=377565330-377713661;bytes=385701538-385780323;bytes=328449166-328561210,13d0a611;ca9fc764;eb68701c;3519d161;a05be39c;bcecf2eb;7679965b;91b5fbe5;b900494f
2,4,104,success,None,24/Jul/2026:12:40:28.659591,24/Jul/2026:12:40:29.671545,1.0119,8,24/Jul/2026:12:40:27.823464;24/Jul/2026:12:40:27.823331;24/Jul/2026:12:40:28.643381;24/Jul/2026:12:40:28.644568;24/Jul/2026:12:40:28.032479;24/Jul/2026:12:40:28.033139;24/Jul/2026:12:40:28.033255;24/Jul/2026:12:40:28.644376,0.8537;0.8540;0.0699;0.0869;0.6993;1.4752;1.4786;0.8833,bytes=295754289-295837678;bytes=291985304-292077096;bytes=377565330-377713661;bytes=385701538-385780323;bytes=328449166-328561210;bytes=329887366-330775036;bytes=331689552-332596749;bytes=382819665-383694759,a05be39c;bcecf2eb;7679965b;91b5fbe5;b900494f;405da72e;16bb0a2a;114d6cf3
2,4,114,success,None,24/Jul/2026:12:40:29.502670,24/Jul/2026:12:40:30.554092,1.0514,9,24/Jul/2026:12:40:28.033139;24/Jul/2026:12:40:28.033255;24/Jul/2026:12:40:28.644376;24/Jul/2026:12:40:27.823264;24/Jul/2026:12:40:29.504101;24/Jul/2026:12:40:29.504166;24/Jul/2026:12:40:28.644628;24/Jul/2026:12:40:28.033019;24/Jul/2026:12:40:29.504597,1.4752;1.4786;0.8833;1.8561;0.1765;0.1772;1.0545;1.6691;0.2057,bytes=329887366-330775036;bytes=331689552-332596749;bytes=382819665-383694759;bytes=291897784-291985303;bytes=475291963-475400029;bytes=475400030-475499794;bytes=385780324-385865750;bytes=332696831-332798845;bytes=479468963-479568919,405da72e;16bb0a2a;114d6cf3;9bc446d9;0c251b78;03ef9625;9e4c7ad4;fb394e0c;ce5378eb
2,4,143,success,None,24/Jul/2026:12:40:29.671760,24/Jul/2026:12:40:30.560437,0.8887,6,24/Jul/2026:12:40:27.823264;24/Jul/2026:12:40:29.504101;24/Jul/2026:12:40:29.504166;24/Jul/2026:12:40:28.644628;24/Jul/2026:12:40:28.033019;24/Jul/2026:12:40:29.504597,1.8561;0.1765;0.1772;1.0545;1.6691;0.2057,bytes=291897784-291985303;bytes=475291963-475400029;bytes=475400030-475499794;bytes=385780324-385865750;bytes=332696831-332798845;bytes=479468963-479568919,9bc446d9;0c251b78;03ef9625;9e4c7ad4;fb394e0c;ce5378eb
2,4,169,success,None,24/Jul/2026:12:40:30.560714,24/Jul/2026:12:40:31.168921,0.6082,6,24/Jul/2026:12:40:29.504039;24/Jul/2026:12:40:29.673299;24/Jul/2026:12:40:28.643310;24/Jul/2026:12:40:29.672721;24/Jul/2026:12:40:28.643923;24/Jul/2026:12:40:24.220498,1.0591;0.8905;1.9229;0.8991;1.9432;6.3705,bytes=471499489-471695438;bytes=594033438-594148801;bytes=376452204-377361581;bytes=587835498-588740464;bytes=379686938-380610562;bytes=53481901-54370983,1fa4b958;ea6c0546;4b046845;ab4cc679;46c8ef4f;f8a0f556
2,4,164,success,None,24/Jul/2026:12:40:30.554351,24/Jul/2026:12:40:31.215057,0.6607,16,24/Jul/2026:12:40:29.504039;24/Jul/2026:12:40:29.673299;24/Jul/2026:12:40:28.643310;24/Jul/2026:12:40:29.672721;24/Jul/2026:12:40:28.643923;24/Jul/2026:12:40:24.220498;24/Jul/2026:12:40:30.554850;24/Jul/2026:12:40:24.219348;24/Jul/2026:12:40:29.672190;24/Jul/2026:12:40:28.644443;24/Jul/2026:12:40:26.975050;24/Jul/2026:12:40:29.672386;24/Jul/2026:12:40:31.170991;24/Jul/2026:12:40:31.170350;24/Jul/2026:12:40:31.170427;24/Jul/2026:12:40:29.672257,1.0591;0.8905;1.9229;0.8991;1.9432;6.3705;0.6219;6.9583;1.5060;2.5367;4.2077;1.5141;0.0184;0.0209;0.0323;1.5356,bytes=471499489-471695438;bytes=594033438-594148801;bytes=376452204-377361581;bytes=587835498-588740464;bytes=379686938-380610562;bytes=53481901-54370983;bytes=668821040-669698553;bytes=16834771-17733156;bytes=582993358-583873171;bytes=383694760-384607391;bytes=232925170-233845784;bytes=585867301-585970366;bytes=753009895-753089955;bytes=745206094-745317824;bytes=748931138-749015718;bytes=583873172-584776567,1fa4b958;ea6c0546;4b046845;ab4cc679;46c8ef4f;f8a0f556;e1bde422;0e82d977;78b9f18a;1d1f2ceb;dae991c0;ddec7bab;2c7da63c;f95e00c8;05b728c2;40c79823
2,4,189,success,None,24/Jul/2026:12:40:31.215328,24/Jul/2026:12:40:32.024008,0.8087,5,24/Jul/2026:12:40:30.556655;24/Jul/2026:12:40:29.503917;24/Jul/2026:12:40:28.660285;24/Jul/2026:12:40:30.561547;24/Jul/2026:12:40:31.170111,0.6648;1.7181;2.5626;0.6625;0.0686,bytes=677850780-678759562;bytes=470216927-471132377;bytes=426301153-426473200;bytes=691750301-691855838;bytes=744027705-744917794,8f13dd47;e908d0f8;b3d3f0bb;e6930b75;425455ca
2,4,182,success,None,24/Jul/2026:12:40:31.169153,24/Jul/2026:12:40:32.213438,1.0443,18,24/Jul/2026:12:40:30.554850;24/Jul/2026:12:40:24.219348;24/Jul/2026:12:40:29.672190;24/Jul/2026:12:40:28.644443;24/Jul/2026:12:40:26.975050;24/Jul/2026:12:40:29.672386;24/Jul/2026:12:40:31.170991;24/Jul/2026:12:40:31.170350;24/Jul/2026:12:40:31.170427;24/Jul/2026:12:40:29.672257;24/Jul/2026:12:40:30.556655;24/Jul/2026:12:40:29.503917;24/Jul/2026:12:40:28.660285;24/Jul/2026:12:40:30.561547;24/Jul/2026:12:40:31.170111;24/Jul/2026:12:40:28.660793;24/Jul/2026:12:40:26.974690;24/Jul/2026:12:40:25.571632,0.6219;6.9583;1.5060;2.5367;4.2077;1.5141;0.0184;0.0209;0.0323;1.5356;0.6648;1.7181;2.5626;0.6625;0.0686;3.3819;5.0776;6.4932,bytes=668821040-669698553;bytes=16834771-17733156;bytes=582993358-583873171;bytes=383694760-384607391;bytes=232925170-233845784;bytes=585867301-585970366;bytes=753009895-753089955;bytes=745206094-745317824;bytes=748931138-749015718;bytes=583873172-584776567;bytes=677850780-678759562;bytes=470216927-471132377;bytes=426301153-426473200;bytes=691750301-691855838;bytes=744027705-744917794;bytes=430591838-430736929;bytes=230812358-230973919;bytes=117075559-117223897,e1bde422;0e82d977;78b9f18a;1d1f2ceb;dae991c0;ddec7bab;2c7da63c;f95e00c8;05b728c2;40c79823;8f13dd47;e908d0f8;b3d3f0bb;e6930b75;425455ca;2a051736;03978ff3;fabedf92
2,4,194,success,None,24/Jul/2026:12:40:32.024291,24/Jul/2026:12:40:32.685321,0.6610,7,24/Jul/2026:12:40:28.660793;24/Jul/2026:12:40:26.974690;24/Jul/2026:12:40:25.571632;24/Jul/2026:12:40:28.643992;24/Jul/2026:12:40:32.026060;24/Jul/2026:12:40:29.504539;24/Jul/2026:12:40:32.215593,3.3819;5.0776;6.4932;3.5786;0.2004;2.7320;0.0231,bytes=430591838-430736929;bytes=230812358-230973919;bytes=117075559-117223897;bytes=380610563-381516911;bytes=802106003-802287695;bytes=475666336-475861053;bytes=835234221-835337754,2a051736;03978ff3;fabedf92;9265f033;c758cbdd;01538279;d1056f66
2,4,202,success,None,24/Jul/2026:12:40:32.213673,24/Jul/2026:12:40:33.075594,0.8619,5,24/Jul/2026:12:40:28.643992;24/Jul/2026:12:40:32.026060;24/Jul/2026:12:40:29.504539;24/Jul/2026:12:40:32.215593;24/Jul/2026:12:40:32.215016,3.5786;0.2004;2.7320;0.0231;0.4763,bytes=380610563-381516911;bytes=802106003-802287695;bytes=475666336-475861053;bytes=835234221-835337754;bytes=830047087-830943652,9265f033;c758cbdd;01538279;d1056f66;7ba9c3f3
2,4,208,success,None,24/Jul/2026:12:40:32.685574,24/Jul/2026:12:40:33.559544,0.8740,8,24/Jul/2026:12:40:32.215016;24/Jul/2026:12:40:31.217110;24/Jul/2026:12:40:31.216664;24/Jul/2026:12:40:31.215995;24/Jul/2026:12:40:31.216978;24/Jul/2026:12:40:31.216480;24/Jul/2026:12:40:32.687462;24/Jul/2026:12:40:33.077245,0.4763;1.8641;1.8671;1.8689;1.8686;1.8699;0.4063;0.0246,bytes=830047087-830943652;bytes=780157421-781065422;bytes=777071372-777974563;bytes=771247303-772124797;bytes=778371146-779274126;bytes=774382547-775282913;bytes=863925524-864038540;bytes=888747607-888852077,7ba9c3f3;abec3d69;2037c943;f6ded772;6cdb71a5;e2f37e2e;ea48d564;e47e79b3
2,4,216,success,None,24/Jul/2026:12:40:33.075814,24/Jul/2026:12:40:33.685648,0.6098,12,24/Jul/2026:12:40:31.217110;24/Jul/2026:12:40:31.216664;24/Jul/2026:12:40:31.215995;24/Jul/2026:12:40:31.216978;24/Jul/2026:12:40:31.216480;24/Jul/2026:12:40:32.687462;24/Jul/2026:12:40:33.077245;24/Jul/2026:12:40:32.214884;24/Jul/2026:12:40:32.687158;24/Jul/2026:12:40:33.077061;24/Jul/2026:12:40:30.561735;24/Jul/2026:12:40:32.686352,1.8641;1.8671;1.8689;1.8686;1.8699;0.4063;0.0246;1.3499;0.8837;0.4977;3.0149;0.9174,bytes=780157421-781065422;bytes=777071372-777974563;bytes=771247303-772124797;bytes=778371146-779274126;bytes=774382547-775282913;bytes=863925524-864038540;bytes=888747607-888852077;bytes=828260587-829140935;bytes=856963480-857854294;bytes=885700910-886589731;bytes=695694349-695844897;bytes=851465819-851662793,abec3d69;2037c943;f6ded772;6cdb71a5;e2f37e2e;ea48d564;e47e79b3;3f57c054;494257f0;83981fd6;25a1bbda;b1193c7e
2,4,230,success,None,24/Jul/2026:12:40:33.685871,24/Jul/2026:12:40:34.520347,0.8345,3,24/Jul/2026:12:40:33.077128;24/Jul/2026:12:40:33.686964;24/Jul/2026:12:40:33.077475,0.6157;0.0180;0.6316,bytes=886589732-887495716;bytes=945938518-946040321;bytes=888969639-889863790,843322df;a5976f83;371950e6
2,4,222,success,None,24/Jul/2026:12:40:33.559779,24/Jul/2026:12:40:34.644216,1.0844,12,24/Jul/2026:12:40:32.214884;24/Jul/2026:12:40:32.687158;24/Jul/2026:12:40:33.077061;24/Jul/2026:12:40:30.561735;24/Jul/2026:12:40:32.686352;24/Jul/2026:12:40:33.077128;24/Jul/2026:12:40:33.686964;24/Jul/2026:12:40:33.077475;24/Jul/2026:12:40:29.672561;24/Jul/2026:12:40:32.685914;24/Jul/2026:12:40:30.555770;24/Jul/2026:12:40:33.076512,1.3499;0.8837;0.4977;3.0149;0.9174;0.6157;0.0180;0.6316;4.8548;1.8438;3.9751;1.4552,bytes=828260587-829140935;bytes=856963480-857854294;bytes=885700910-886589731;bytes=695694349-695844897;bytes=851465819-851662793;bytes=886589732-887495716;bytes=945938518-946040321;bytes=888969639-889863790;bytes=589797898-589945730;bytes=847689898-848590221;bytes=672069899-672976450;bytes=883413207-884315857,3f57c054;494257f0;83981fd6;25a1bbda;b1193c7e;843322df;a5976f83;371950e6;2d930011;ca9692a0;49df85ea;e345846a
2,4,235,success,None,24/Jul/2026:12:40:34.520582,24/Jul/2026:12:40:35.299400,0.7788,6,24/Jul/2026:12:40:29.672561;24/Jul/2026:12:40:32.685914;24/Jul/2026:12:40:30.555770;24/Jul/2026:12:40:33.076512;24/Jul/2026:12:40:34.645262;24/Jul/2026:12:40:32.214471,4.8548;1.8438;3.9751;1.4552;0.0254;2.4698,bytes=589797898-589945730;bytes=847689898-848590221;bytes=672069899-672976450;bytes=883413207-884315857;bytes=1007629604-1007730427;bytes=827170828-827264790,2d930011;ca9692a0;49df85ea;e345846a;b02acece;ce114c9f
2,4,245,success,None,24/Jul/2026:12:40:34.644451,24/Jul/2026:12:40:35.510601,0.8661,9,24/Jul/2026:12:40:34.645262;24/Jul/2026:12:40:32.214471;24/Jul/2026:12:40:34.521471;24/Jul/2026:12:40:34.645198;24/Jul/2026:12:40:30.562695;24/Jul/2026:12:40:33.077304;24/Jul/2026:12:40:33.077587;24/Jul/2026:12:40:33.686521;24/Jul/2026:12:40:35.301105,0.0254;2.4698;0.7838;0.6624;4.7461;2.2322;2.2514;1.6437;0.0313,bytes=1007629604-1007730427;bytes=827170828-827264790;bytes=966664809-966780862;bytes=1003818589-1004032766;bytes=703663922-703757550;bytes=888852078-888969638;bytes=890744409-891655632;bytes=941918263-942023508;bytes=1066111355-1066316726,b02acece;ce114c9f;177c19c8;c60f0f64;3d3318f7;a747dc8c;3506a2b5;27778ad7;f7711fc8
2,4,259,success,None,24/Jul/2026:12:40:35.299649,24/Jul/2026:12:40:36.046589,0.7469,13,24/Jul/2026:12:40:34.521471;24/Jul/2026:12:40:34.645198;24/Jul/2026:12:40:30.562695;24/Jul/2026:12:40:33.077304;24/Jul/2026:12:40:33.077587;24/Jul/2026:12:40:33.686521;24/Jul/2026:12:40:35.301105;24/Jul/2026:12:40:34.645582;24/Jul/2026:12:40:33.077531;24/Jul/2026:12:40:35.301530;24/Jul/2026:12:40:34.521054;24/Jul/2026:12:40:35.512336;24/Jul/2026:12:40:34.521139,0.7838;0.6624;4.7461;2.2322;2.2514;1.6437;0.0313;0.8723;2.4413;0.2263;1.0123;0.0210;1.0122,bytes=966664809-966780862;bytes=1003818589-1004032766;bytes=703663922-703757550;bytes=888852078-888969638;bytes=890744409-891655632;bytes=941918263-942023508;bytes=1066111355-1066316726;bytes=1006721022-1007629603;bytes=889863791-890744408;bytes=1070167399-1070266394;bytes=959747615-960627516;bytes=1127411820-1127510187;bytes=960627517-961555275,177c19c8;c60f0f64;3d3318f7;a747dc8c;3506a2b5;27778ad7;f7711fc8;7a4b74ce;d3a32640;2c9f3001;8fc82034;5361100e;4e01da88
2,4,273,success,None,24/Jul/2026:12:40:35.510866,24/Jul/2026:12:40:36.084885,0.5740,6,24/Jul/2026:12:40:34.645582;24/Jul/2026:12:40:33.077531;24/Jul/2026:12:40:35.301530;24/Jul/2026:12:40:34.521054;24/Jul/2026:12:40:35.512336;24/Jul/2026:12:40:34.521139,0.8723;2.4413;0.2263;1.0123;0.0210;1.0122,bytes=1006721022-1007629603;bytes=889863791-890744408;bytes=1070167399-1070266394;bytes=959747615-960627516;bytes=1127411820-1127510187;bytes=960627517-961555275,7a4b74ce;d3a32640;2c9f3001;8fc82034;5361100e;4e01da88
2,4,288,success,None,24/Jul/2026:12:40:36.085192,24/Jul/2026:12:40:36.898881,0.8137,5,24/Jul/2026:12:40:28.660347;24/Jul/2026:12:40:35.511983;24/Jul/2026:12:40:36.047666;24/Jul/2026:12:40:35.300796;24/Jul/2026:12:40:36.087270,7.4293;0.5794;0.0459;0.8107;0.0292,bytes=426473201-426640966;bytes=1120625623-1121511469;bytes=1151930820-1152133993;bytes=1062109257-1062994300;bytes=1189301666-1189414011,d575463f;c7fb200e;04c691b4;b6dcb12f;6e29592a
2,4,281,success,None,24/Jul/2026:12:40:36.046850,24/Jul/2026:12:40:36.900988,0.8541,5,24/Jul/2026:12:40:28.660347;24/Jul/2026:12:40:35.511983;24/Jul/2026:12:40:36.047666;24/Jul/2026:12:40:35.300796;24/Jul/2026:12:40:36.087270,7.4293;0.5794;0.0459;0.8107;0.0292,bytes=426473201-426640966;bytes=1120625623-1121511469;bytes=1151930820-1152133993;bytes=1062109257-1062994300;bytes=1189301666-1189414011,d575463f;c7fb200e;04c691b4;b6dcb12f;6e29592a
2,4,298,success,None,24/Jul/2026:12:40:36.899145,24/Jul/2026:12:40:37.667621,0.7685,6,24/Jul/2026:12:40:29.672825;24/Jul/2026:12:40:35.300919;24/Jul/2026:12:40:35.511543;24/Jul/2026:12:40:36.048810;24/Jul/2026:12:40:36.899953;24/Jul/2026:12:40:34.522040,7.2360;1.6106;1.4043;0.8773;0.0389;2.4173,bytes=589945731-590059167;bytes=1063874194-1064806522;bytes=1117394218-1118316890;bytes=1164386203-1164503490;bytes=1222401494-1222491657;bytes=970965958-971076046,0fed944a;3ce67f00;4b20da02;375a7b05;15d3ab92;c05032d5
2,4,307,success,None,24/Jul/2026:12:40:36.901236,24/Jul/2026:12:40:37.933188,1.0319,11,24/Jul/2026:12:40:29.672825;24/Jul/2026:12:40:35.300919;24/Jul/2026:12:40:35.511543;24/Jul/2026:12:40:36.048810;24/Jul/2026:12:40:36.899953;24/Jul/2026:12:40:34.522040;24/Jul/2026:12:40:35.512221;24/Jul/2026:12:40:36.087334;24/Jul/2026:12:40:33.686749;24/Jul/2026:12:40:36.087142;24/Jul/2026:12:40:35.300421,7.2360;1.6106;1.4043;0.8773;0.0389;2.4173;2.1651;1.5917;3.9939;1.5970;2.3872,bytes=589945731-590059167;bytes=1063874194-1064806522;bytes=1117394218-1118316890;bytes=1164386203-1164503490;bytes=1222401494-1222491657;bytes=970965958-971076046;bytes=1123643688-1123742626;bytes=1193008035-1193097805;bytes=942136462-943035101;bytes=1188081833-1188967181;bytes=1060562703-1061477706,0fed944a;3ce67f00;4b20da02;375a7b05;15d3ab92;c05032d5;0692cb03;0a197135;c437ac3e;d23f5364;baecf2cc
2,4,312,success,None,24/Jul/2026:12:40:37.667873,24/Jul/2026:12:40:38.876001,1.2081,7,24/Jul/2026:12:40:35.512221;24/Jul/2026:12:40:36.087334;24/Jul/2026:12:40:33.686749;24/Jul/2026:12:40:36.087142;24/Jul/2026:12:40:35.300421;24/Jul/2026:12:40:37.668721;24/Jul/2026:12:40:37.669272,2.1651;1.5917;3.9939;1.5970;2.3872;0.2740;0.2771,bytes=1123643688-1123742626;bytes=1193008035-1193097805;bytes=942136462-943035101;bytes=1188081833-1188967181;bytes=1060562703-1061477706;bytes=1283898210-1284071789;bytes=1288120322-1288269205,0692cb03;0a197135;c437ac3e;d23f5364;baecf2cc;7509fbe2;56c44898
2,4,332,success,None,24/Jul/2026:12:40:37.933406,24/Jul/2026:12:40:38.959637,1.0262,8,24/Jul/2026:12:40:37.668721;24/Jul/2026:12:40:37.669272;24/Jul/2026:12:40:36.086430;24/Jul/2026:12:40:37.933730;24/Jul/2026:12:40:34.646215;24/Jul/2026:12:40:36.086167;24/Jul/2026:12:40:36.903413;24/Jul/2026:12:40:36.900209,0.2740;0.2771;2.7958;0.9497;4.2397;2.8106;1.9943;2.0028,bytes=1283898210-1284071789;bytes=1288120322-1288269205;bytes=1181274320-1182162348;bytes=1358881721-1359786196;bytes=1012286159-1012497707;bytes=1181071879-1181175097;bytes=1267903692-1268026566;bytes=1222581336-1223478369,7509fbe2;56c44898;39ec0458;b7ae2037;b01b34cc;3449e94e;3e758fc1;bc43ce02
2,4,339,success,None,24/Jul/2026:12:40:38.876252,24/Jul/2026:12:40:39.782689,0.9064,12,24/Jul/2026:12:40:36.086430;24/Jul/2026:12:40:37.933730;24/Jul/2026:12:40:34.646215;24/Jul/2026:12:40:36.086167;24/Jul/2026:12:40:36.903413;24/Jul/2026:12:40:36.900209;24/Jul/2026:12:40:37.935101;24/Jul/2026:12:40:36.086095;24/Jul/2026:12:40:37.669088;24/Jul/2026:12:40:38.961183;24/Jul/2026:12:40:35.512787;24/Jul/2026:12:40:38.960658,2.7958;0.9497;4.2397;2.8106;1.9943;2.0028;1.0307;2.8803;1.3122;0.0241;3.4757;0.0291,bytes=1181274320-1182162348;bytes=1358881721-1359786196;bytes=1012286159-1012497707;bytes=1181071879-1181175097;bytes=1267903692-1268026566;bytes=1222581336-1223478369;bytes=1374868610-1374968118;bytes=1179798088-1180699053;bytes=1284178329-1284289116;bytes=1420456724-1420551045;bytes=1131494046-1131662979;bytes=1416425565-1416558525,39ec0458;b7ae2037;b01b34cc;3449e94e;3e758fc1;bc43ce02;5dc85801;c06c436b;d35b23fd;2d48d503;cc1f3ebe;90d70988
2,4,345,success,None,24/Jul/2026:12:40:38.959887,24/Jul/2026:12:40:39.983926,1.0240,12,24/Jul/2026:12:40:37.935101;24/Jul/2026:12:40:36.086095;24/Jul/2026:12:40:37.669088;24/Jul/2026:12:40:38.961183;24/Jul/2026:12:40:35.512787;24/Jul/2026:12:40:38.960658;24/Jul/2026:12:40:38.960857;24/Jul/2026:12:40:38.877624;24/Jul/2026:12:40:37.668224;24/Jul/2026:12:40:36.902655;24/Jul/2026:12:40:30.556906;24/Jul/2026:12:40:38.877172,1.0307;2.8803;1.3122;0.0241;3.4757;0.0291;0.8295;0.9132;2.1236;2.8898;9.2364;0.9407,bytes=1374868610-1374968118;bytes=1179798088-1180699053;bytes=1284178329-1284289116;bytes=1420456724-1420551045;bytes=1131494046-1131662979;bytes=1416425565-1416558525;bytes=1416558526-1417461570;bytes=1395602688-1396497415;bytes=1276232857-1277128516;bytes=1263462555-1263576512;bytes=683585728-683675932;bytes=1391383537-1392289527,5dc85801;c06c436b;d35b23fd;2d48d503;cc1f3ebe;90d70988;e80fb86f;c4c6af61;37a124d7;1b19f5ce;dfc5574b;869158cf
2,4,353,success,None,24/Jul/2026:12:40:39.782968,24/Jul/2026:12:40:40.645388,0.8624,8,24/Jul/2026:12:40:38.960857;24/Jul/2026:12:40:38.877624;24/Jul/2026:12:40:37.668224;24/Jul/2026:12:40:36.902655;24/Jul/2026:12:40:30.556906;24/Jul/2026:12:40:38.877172;24/Jul/2026:12:40:37.669703;24/Jul/2026:12:40:38.876873,0.8295;0.9132;2.1236;2.8898;9.2364;0.9407;2.3209;1.1151,bytes=1416558526-1417461570;bytes=1395602688-1396497415;bytes=1276232857-1277128516;bytes=1263462555-1263576512;bytes=683585728-683675932;bytes=1391383537-1392289527;bytes=1292101114-1292221361;bytes=1389990828-1390890488,e80fb86f;c4c6af61;37a124d7;1b19f5ce;dfc5574b;869158cf;ef30a023;837b399a
2,4,359,success,None,24/Jul/2026:12:40:39.984133,24/Jul/2026:12:40:41.113662,1.1295,4,24/Jul/2026:12:40:37.669703;24/Jul/2026:12:40:38.876873;24/Jul/2026:12:40:39.784078;24/Jul/2026:12:40:38.877747,2.3209;1.1151;0.8672;1.7910,bytes=1292101114-1292221361;bytes=1389990828-1390890488;bytes=1450195658-1451080699;bytes=1397390444-1398323025,ef30a023;837b399a;dc0904f1;82d07670
2,4,368,success,None,24/Jul/2026:12:40:40.645640,24/Jul/2026:12:40:41.344498,0.6989,9,24/Jul/2026:12:40:39.784078;24/Jul/2026:12:40:38.877747;24/Jul/2026:12:40:36.902982;24/Jul/2026:12:40:39.784686;24/Jul/2026:12:40:40.647096;24/Jul/2026:12:40:40.646549;24/Jul/2026:12:40:39.984764;24/Jul/2026:12:40:39.985371;24/Jul/2026:12:40:40.646852,0.8672;1.7910;4.2204;1.3424;0.4826;0.4881;1.1507;1.1525;0.4934,bytes=1450195658-1451080699;bytes=1397390444-1398323025;bytes=1263699455-1263864704;bytes=1456245763-1457161495;bytes=1515734284-1516642042;bytes=1515370634-1515493012;bytes=1473929926-1474029343;bytes=1482043846-1482223600;bytes=1515493013-1515620015,dc0904f1;82d07670;cc8e8011;6b08b58a;cb54d2cb;a2f662da;85ffa694;cb0e6a1e;33b1d50f
2,4,374,success,None,24/Jul/2026:12:40:41.113886,24/Jul/2026:12:40:41.871635,0.7577,10,24/Jul/2026:12:40:36.902982;24/Jul/2026:12:40:39.784686;24/Jul/2026:12:40:40.647096;24/Jul/2026:12:40:40.646549;24/Jul/2026:12:40:39.984764;24/Jul/2026:12:40:39.985371;24/Jul/2026:12:40:40.646852;24/Jul/2026:12:40:39.985584;24/Jul/2026:12:40:41.115419;24/Jul/2026:12:40:41.346041,4.2204;1.3424;0.4826;0.4881;1.1507;1.1525;0.4934;1.3662;0.2506;0.0329,bytes=1263699455-1263864704;bytes=1456245763-1457161495;bytes=1515734284-1516642042;bytes=1515370634-1515493012;bytes=1473929926-1474029343;bytes=1482043846-1482223600;bytes=1515493013-1515620015;bytes=1480957528-1481853962;bytes=1543997921-1544084197;bytes=1581618814-1581797739,cc8e8011;6b08b58a;cb54d2cb;a2f662da;85ffa694;cb0e6a1e;33b1d50f;055eb787;ff4c3881;49afa37c
2,4,383,success,None,24/Jul/2026:12:40:41.344723,24/Jul/2026:12:40:42.064087,0.7194,12,24/Jul/2026:12:40:39.985584;24/Jul/2026:12:40:41.115419;24/Jul/2026:12:40:41.346041;24/Jul/2026:12:40:41.115238;24/Jul/2026:12:40:41.345387;24/Jul/2026:12:40:36.903254;24/Jul/2026:12:40:37.934168;24/Jul/2026:12:40:41.115600;24/Jul/2026:12:40:39.984573;24/Jul/2026:12:40:41.872601;24/Jul/2026:12:40:38.960513;24/Jul/2026:12:40:40.646282,1.3662;0.2506;0.0329;0.7660;0.5364;4.9787;3.9479;0.7669;1.8993;0.0288;2.9416;1.2657,bytes=1480957528-1481853962;bytes=1543997921-1544084197;bytes=1581618814-1581797739;bytes=1540037817-1540150703;bytes=1572319047-1573219185;bytes=1264951591-1265833623;bytes=1366699955-1366817062;bytes=1542077527-1543008563;bytes=1471020402-1471909920;bytes=1619379556-1619476434;bytes=1415165374-1416070099;bytes=1510114643-1511026586,055eb787;ff4c3881;49afa37c;d0540215;b1f9bbfb;d19b8a63;b3d4cdee;6e6d377b;c17d88d7;532aefcd;7a30e3d7;7170355a
2,4,394,success,None,24/Jul/2026:12:40:41.871869,24/Jul/2026:12:40:42.451553,0.5797,14,24/Jul/2026:12:40:41.115238;24/Jul/2026:12:40:41.345387;24/Jul/2026:12:40:36.903254;24/Jul/2026:12:40:37.934168;24/Jul/2026:12:40:41.115600;24/Jul/2026:12:40:39.984573;24/Jul/2026:12:40:41.872601;24/Jul/2026:12:40:38.960513;24/Jul/2026:12:40:40.646282;24/Jul/2026:12:40:41.346349;24/Jul/2026:12:40:41.346407;24/Jul/2026:12:40:41.345263;24/Jul/2026:12:40:37.934997;24/Jul/2026:12:40:37.934459,0.7660;0.5364;4.9787;3.9479;0.7669;1.8993;0.0288;2.9416;1.2657;0.7242;0.7276;0.7413;4.1534;4.1581,bytes=1540037817-1540150703;bytes=1572319047-1573219185;bytes=1264951591-1265833623;bytes=1366699955-1366817062;bytes=1542077527-1543008563;bytes=1471020402-1471909920;bytes=1619379556-1619476434;bytes=1415165374-1416070099;bytes=1510114643-1511026586;bytes=1581917341-1582029485;bytes=1585619758-1585797663;bytes=1570528441-1571410928;bytes=1371084386-1371186797;bytes=1365800137-1366699954,d0540215;b1f9bbfb;d19b8a63;b3d4cdee;6e6d377b;c17d88d7;532aefcd;7a30e3d7;7170355a;08662b2f;f743d774;8dd063d0;b41c9d7f;02c6dce0
2,4,400,success,None,24/Jul/2026:12:40:42.064308,24/Jul/2026:12:40:42.629916,0.5656,11,24/Jul/2026:12:40:41.346349;24/Jul/2026:12:40:41.346407;24/Jul/2026:12:40:41.345263;24/Jul/2026:12:40:37.934997;24/Jul/2026:12:40:37.934459;24/Jul/2026:12:40:37.935050;24/Jul/2026:12:40:40.646670;24/Jul/2026:12:40:38.877802;24/Jul/2026:12:40:41.114613;24/Jul/2026:12:40:41.872189;24/Jul/2026:12:40:42.453323,0.7242;0.7276;0.7413;4.1534;4.1581;4.5255;1.8139;3.5884;1.3592;0.6082;0.0281,bytes=1581917341-1582029485;bytes=1585619758-1585797663;bytes=1570528441-1571410928;bytes=1371084386-1371186797;bytes=1365800137-1366699954;bytes=1374767610-1374868609;bytes=1512539870-1513418447;bytes=1398323026-1399232346;bytes=1536026049-1536141400;bytes=1615455773-1616366611;bytes=1689105612-1689195282,08662b2f;f743d774;8dd063d0;b41c9d7f;02c6dce0;a851584b;a7c805ed;59855796;8aab41bd;19323a26;b372d240
2,4,419,success,None,24/Jul/2026:12:40:42.630164,24/Jul/2026:12:40:42.992647,0.3625,1,24/Jul/2026:12:40:37.669524,4.9867,bytes=1287078886-1287968373,6ed75000
2,4,409,success,None,24/Jul/2026:12:40:42.451783,24/Jul/2026:12:40:43.321407,0.8696,10,24/Jul/2026:12:40:37.935050;24/Jul/2026:12:40:40.646670;24/Jul/2026:12:40:38.877802;24/Jul/2026:12:40:41.114613;24/Jul/2026:12:40:41.872189;24/Jul/2026:12:40:42.453323;24/Jul/2026:12:40:37.669524;24/Jul/2026:12:40:41.115180;24/Jul/2026:12:40:33.686696;24/Jul/2026:12:40:41.872666,4.5255;1.8139;3.5884;1.3592;0.6082;0.0281;4.9867;1.8868;9.3155;1.1506,bytes=1374767610-1374868609;bytes=1512539870-1513418447;bytes=1398323026-1399232346;bytes=1536026049-1536141400;bytes=1615455773-1616366611;bytes=1689105612-1689195282;bytes=1287078886-1287968373;bytes=1538975341-1539862448;bytes=945853380-945938517;bytes=1623075604-1623171853,a851584b;a7c805ed;59855796;8aab41bd;19323a26;b372d240;6ed75000;5f782b61;8df97447;f0690f16
2,4,425,success,None,24/Jul/2026:12:40:42.992913,24/Jul/2026:12:40:43.814980,0.8221,7,24/Jul/2026:12:40:41.115180;24/Jul/2026:12:40:33.686696;24/Jul/2026:12:40:41.872666;24/Jul/2026:12:40:42.630779;24/Jul/2026:12:40:40.646351;24/Jul/2026:12:40:42.630918;24/Jul/2026:12:40:43.323652,1.8868;9.3155;1.1506;0.6966;2.6891;0.7067;0.0385,bytes=1538975341-1539862448;bytes=945853380-945938517;bytes=1623075604-1623171853;bytes=1721618381-1722516742;bytes=1511269429-1511448028;bytes=1722836789-1722941472;bytes=1776501528-1776608098,5f782b61;8df97447;f0690f16;51924477;b6391810;2b7b0150;66ecb3c9
2,4,430,success,None,24/Jul/2026:12:40:43.321641,24/Jul/2026:12:40:43.910918,0.5893,5,24/Jul/2026:12:40:42.630779;24/Jul/2026:12:40:40.646351;24/Jul/2026:12:40:42.630918;24/Jul/2026:12:40:43.323652;24/Jul/2026:12:40:42.994465,0.6966;2.6891;0.7067;0.0385;0.8313,bytes=1721618381-1722516742;bytes=1511269429-1511448028;bytes=1722836789-1722941472;bytes=1776501528-1776608098;bytes=1755511311-1755633324,51924477;b6391810;2b7b0150;66ecb3c9;87b9dc86
2,4,450,success,None,24/Jul/2026:12:40:43.911134,24/Jul/2026:12:40:44.779124,0.8680,5,24/Jul/2026:12:40:43.816617;24/Jul/2026:12:40:43.323586;24/Jul/2026:12:40:43.816953;24/Jul/2026:12:40:42.065699;24/Jul/2026:12:40:38.961627,0.1019;0.5989;0.1158;1.8683;4.9827,bytes=1833995286-1834076348;bytes=1776388448-1776501527;bytes=1834190684-1834303055;bytes=1652157320-1652269896;bytes=1424354691-1424456687,63db3bb7;fb45c8fb;bbc30a4f;870702e0;c29859d1
2,4,444,success,None,24/Jul/2026:12:40:43.815215,24/Jul/2026:12:40:44.876748,1.0615,8,24/Jul/2026:12:40:42.994465;24/Jul/2026:12:40:43.816617;24/Jul/2026:12:40:43.323586;24/Jul/2026:12:40:43.816953;24/Jul/2026:12:40:42.065699;24/Jul/2026:12:40:38.961627;24/Jul/2026:12:40:41.115895;24/Jul/2026:12:40:43.322400,0.8313;0.1019;0.5989;0.1158;1.8683;4.9827;3.6754;1.4820,bytes=1755511311-1755633324;bytes=1833995286-1834076348;bytes=1776388448-1776501527;bytes=1834190684-1834303055;bytes=1652157320-1652269896;bytes=1424354691-1424456687;bytes=1548236611-1548333499;bytes=1768351294-1768455343,87b9dc86;63db3bb7;fb45c8fb;bbc30a4f;870702e0;c29859d1;79fe5053;c4c1b920
2,4,462,success,None,24/Jul/2026:12:40:44.779359,24/Jul/2026:12:40:45.936997,1.1576,2,24/Jul/2026:12:40:41.115895;24/Jul/2026:12:40:43.322400,3.6754;1.4820,bytes=1548236611-1548333499;bytes=1768351294-1768455343,79fe5053;c4c1b920
3,4,2,success,None,24/Jul/2026:12:40:45.949955,24/Jul/2026:12:40:46.944930,0.9950,10,24/Jul/2026:12:40:27.824033;24/Jul/2026:12:40:22.661932;24/Jul/2026:12:40:23.328313;24/Jul/2026:12:40:35.301661;24/Jul/2026:12:40:20.524971;24/Jul/2026:12:40:22.662601;24/Jul/2026:12:40:28.644252;24/Jul/2026:12:40:45.951189;24/Jul/2026:12:40:45.952198;24/Jul/2026:12:40:25.570478,18.1470;23.3104;22.6441;10.6709;25.4508;23.3179;17.3520;0.0547;0.0566;20.4526,bytes=295934868-296035698;bytes=1854822452-1854939219;bytes=1899376712-1900286405;bytes=1073983986-1074098702;bytes=1780142688-1780298575;bytes=1855337948-1856220187;bytes=385600052-385701537;bytes=15553835-15652077;bytes=19703508-19848010;bytes=108956847-109060684,97fb4e35;41e1db97;b05dc614;1f6bb54b;3f852e67;7ca02e18;d5219846;1d5c1aad;94c0f1b1;900241c7
3,4,11,success,None,24/Jul/2026:12:40:45.950157,24/Jul/2026:12:40:46.988089,1.0379,14,24/Jul/2026:12:40:27.824033;24/Jul/2026:12:40:22.661932;24/Jul/2026:12:40:23.328313;24/Jul/2026:12:40:35.301661;24/Jul/2026:12:40:20.524971;24/Jul/2026:12:40:22.662601;24/Jul/2026:12:40:28.644252;24/Jul/2026:12:40:45.951189;24/Jul/2026:12:40:45.952198;24/Jul/2026:12:40:25.570478;24/Jul/2026:12:40:46.947558;24/Jul/2026:12:40:36.899787;24/Jul/2026:12:40:35.511457;24/Jul/2026:12:40:33.560863,18.1470;23.3104;22.6441;10.6709;25.4508;23.3179;17.3520;0.0547;0.0566;20.4526;0.0081;10.0582;11.4480;13.4096,bytes=295934868-296035698;bytes=1854822452-1854939219;bytes=1899376712-1900286405;bytes=1073983986-1074098702;bytes=1780142688-1780298575;bytes=1855337948-1856220187;bytes=385600052-385701537;bytes=15553835-15652077;bytes=19703508-19848010;bytes=108956847-109060684;bytes=114026307-114924633;bytes=1220358278-1221275791;bytes=1116508123-1117394217;bytes=913488025-913599862,97fb4e35;41e1db97;b05dc614;1f6bb54b;3f852e67;7ca02e18;d5219846;1d5c1aad;94c0f1b1;900241c7;5b9394fb;861ab3c5;4064e49b;520421c4
3,4,21,success,None,24/Jul/2026:12:40:45.950271,24/Jul/2026:12:40:47.083480,1.1332,20,24/Jul/2026:12:40:27.824033;24/Jul/2026:12:40:22.661932;24/Jul/2026:12:40:23.328313;24/Jul/2026:12:40:35.301661;24/Jul/2026:12:40:20.524971;24/Jul/2026:12:40:22.662601;24/Jul/2026:12:40:28.644252;24/Jul/2026:12:40:45.951189;24/Jul/2026:12:40:45.952198;24/Jul/2026:12:40:25.570478;24/Jul/2026:12:40:46.947558;24/Jul/2026:12:40:36.899787;24/Jul/2026:12:40:35.511457;24/Jul/2026:12:40:33.560863;24/Jul/2026:12:40:25.903725;24/Jul/2026:12:40:42.994146;24/Jul/2026:12:40:23.329099;24/Jul/2026:12:40:45.952004;24/Jul/2026:12:40:46.990462;24/Jul/2026:12:40:30.556264,18.1470;23.3104;22.6441;10.6709;25.4508;23.3179;17.3520;0.0547;0.0566;20.4526;0.0081;10.0582;11.4480;13.4096;21.0927;4.0024;23.6696;1.0475;0.0221;16.4700,bytes=295934868-296035698;bytes=1854822452-1854939219;bytes=1899376712-1900286405;bytes=1073983986-1074098702;bytes=1780142688-1780298575;bytes=1855337948-1856220187;bytes=385600052-385701537;bytes=15553835-15652077;bytes=19703508-19848010;bytes=108956847-109060684;bytes=114026307-114924633;bytes=1220358278-1221275791;bytes=1116508123-1117394217;bytes=913488025-913599862;bytes=137758750-137856973;bytes=1748566002-1749442384;bytes=1908893211-1909010455;bytes=16834771-17733156;bytes=137758750-137856973;bytes=676058942-676969141,97fb4e35;41e1db97;b05dc614;1f6bb54b;3f852e67;7ca02e18;d5219846;1d5c1aad;94c0f1b1;900241c7;5b9394fb;861ab3c5;4064e49b;520421c4;88dfb95f;91595dff;ba639711;c0b31940;2903531e;6d1af5ee
3,4,47,success,None,24/Jul/2026:12:40:47.083685,24/Jul/2026:12:40:47.889672,0.8060,7,24/Jul/2026:12:40:42.453930;24/Jul/2026:12:40:45.954699;24/Jul/2026:12:40:46.989332;24/Jul/2026:12:40:46.990150;24/Jul/2026:12:40:28.032293;24/Jul/2026:12:40:47.084646;24/Jul/2026:12:40:46.989947,4.6385;1.1412;0.1106;0.1122;19.0723;0.0229;0.1196,bytes=1693231850-1693322959;bytes=92992578-93079692;bytes=133498418-133596014;bytes=137658425-137758749;bytes=324468075-324655798;bytes=198316801-198387229;bytes=133596015-133768878,04f1ab31;d8f29c96;6c88713d;0ab404f8;e9d54022;a98c8ea6;7a2c0ab3
3,4,26,success,None,24/Jul/2026:12:40:46.945178,24/Jul/2026:12:40:47.964904,1.0197,18,24/Jul/2026:12:40:46.947558;24/Jul/2026:12:40:36.899787;24/Jul/2026:12:40:35.511457;24/Jul/2026:12:40:33.560863;24/Jul/2026:12:40:25.903725;24/Jul/2026:12:40:42.994146;24/Jul/2026:12:40:23.329099;24/Jul/2026:12:40:45.952004;24/Jul/2026:12:40:46.990462;24/Jul/2026:12:40:30.556264;24/Jul/2026:12:40:42.453930;24/Jul/2026:12:40:45.954699;24/Jul/2026:12:40:46.989332;24/Jul/2026:12:40:46.990150;24/Jul/2026:12:40:28.032293;24/Jul/2026:12:40:47.084646;24/Jul/2026:12:40:46.989947;24/Jul/2026:12:40:45.951441,0.0081;10.0582;11.4480;13.4096;21.0927;4.0024;23.6696;1.0475;0.0221;16.4700;4.6385;1.1412;0.1106;0.1122;19.0723;0.0229;0.1196;1.9521,bytes=114026307-114924633;bytes=1220358278-1221275791;bytes=1116508123-1117394217;bytes=913488025-913599862;bytes=137758750-137856973;bytes=1748566002-1749442384;bytes=1908893211-1909010455;bytes=16834771-17733156;bytes=137758750-137856973;bytes=676058942-676969141;bytes=1693231850-1693322959;bytes=92992578-93079692;bytes=133498418-133596014;bytes=137658425-137758749;bytes=324468075-324655798;bytes=198316801-198387229;bytes=133596015-133768878;bytes=13766805-14670925,5b9394fb;861ab3c5;4064e49b;520421c4;88dfb95f;91595dff;ba639711;c0b31940;2903531e;6d1af5ee;04f1ab31;d8f29c96;6c88713d;0ab404f8;e9d54022;a98c8ea6;7a2c0ab3;ae87ecde
3,4,31,success,None,24/Jul/2026:12:40:46.988353,24/Jul/2026:12:40:47.997951,1.0096,16,24/Jul/2026:12:40:25.903725;24/Jul/2026:12:40:42.994146;24/Jul/2026:12:40:23.329099;24/Jul/2026:12:40:45.952004;24/Jul/2026:12:40:46.990462;24/Jul/2026:12:40:30.556264;24/Jul/2026:12:40:42.453930;24/Jul/2026:12:40:45.954699;24/Jul/2026:12:40:46.989332;24/Jul/2026:12:40:46.990150;24/Jul/2026:12:40:28.032293;24/Jul/2026:12:40:47.084646;24/Jul/2026:12:40:46.989947;24/Jul/2026:12:40:45.951441;24/Jul/2026:12:40:43.323314;24/Jul/2026:12:40:46.946376,21.0927;4.0024;23.6696;1.0475;0.0221;16.4700;4.6385;1.1412;0.1106;0.1122;19.0723;0.0229;0.1196;1.9521;4.6493;1.0415,bytes=137758750-137856973;bytes=1748566002-1749442384;bytes=1908893211-1909010455;bytes=16834771-17733156;bytes=137758750-137856973;bytes=676058942-676969141;bytes=1693231850-1693322959;bytes=92992578-93079692;bytes=133498418-133596014;bytes=137658425-137758749;bytes=324468075-324655798;bytes=198316801-198387229;bytes=133596015-133768878;bytes=13766805-14670925;bytes=1772498629-1773400638;bytes=108956847-109060684,88dfb95f;91595dff;ba639711;c0b31940;2903531e;6d1af5ee;04f1ab31;d8f29c96;6c88713d;0ab404f8;e9d54022;a98c8ea6;7a2c0ab3;ae87ecde;f1e5eda4;989544cb
3,4,63,success,None,24/Jul/2026:12:40:47.965153,24/Jul/2026:12:40:48.724342,0.7592,5,24/Jul/2026:12:40:43.323314;24/Jul/2026:12:40:46.946376;24/Jul/2026:12:40:47.966941;24/Jul/2026:12:40:45.954506;24/Jul/2026:12:40:47.966401,4.6493;1.0415;0.0405;2.0570;0.0516,bytes=1772498629-1773400638;bytes=108956847-109060684;bytes=267227490-267438158;bytes=92896195-92992577;bytes=262922244-263078675,f1e5eda4;989544cb;520c505f;099765b9;4e218199
3,4,71,success,None,24/Jul/2026:12:40:47.998259,24/Jul/2026:12:40:48.742783,0.7445,6,24/Jul/2026:12:40:47.966941;24/Jul/2026:12:40:45.954506;24/Jul/2026:12:40:47.966401;24/Jul/2026:12:40:48.726434;24/Jul/2026:12:40:47.084227;24/Jul/2026:12:40:23.328593,0.0405;2.0570;0.0516;0.0075;1.6541;25.4112,bytes=267227490-267438158;bytes=92896195-92992577;bytes=262922244-263078675;bytes=332696831-332798845;bytes=192509923-193413918;bytes=1904639434-1904753003,520c505f;099765b9;4e218199;ee4efbb5;504bde32;37d199bb
3,4,55,success,None,24/Jul/2026:12:40:47.889905,24/Jul/2026:12:40:48.908482,1.0186,17,24/Jul/2026:12:40:45.951441;24/Jul/2026:12:40:43.323314;24/Jul/2026:12:40:46.946376;24/Jul/2026:12:40:47.966941;24/Jul/2026:12:40:45.954506;24/Jul/2026:12:40:47.966401;24/Jul/2026:12:40:48.726434;24/Jul/2026:12:40:47.084227;24/Jul/2026:12:40:23.328593;24/Jul/2026:12:40:47.966766;24/Jul/2026:12:40:47.966096;24/Jul/2026:12:40:45.953531;24/Jul/2026:12:40:47.966213;24/Jul/2026:12:40:47.998976;24/Jul/2026:12:40:47.966033;24/Jul/2026:12:40:47.890604;24/Jul/2026:12:40:47.890672,1.9521;4.6493;1.0415;0.0405;2.0570;0.0516;0.0075;1.6541;25.4112;0.7783;0.7797;2.7941;0.7894;0.7632;0.8101;0.9014;0.9029,bytes=13766805-14670925;bytes=1772498629-1773400638;bytes=108956847-109060684;bytes=267227490-267438158;bytes=92896195-92992577;bytes=262922244-263078675;bytes=332696831-332798845;bytes=192509923-193413918;bytes=1904639434-1904753003;bytes=265035311-265966653;bytes=262842985-262922243;bytes=52595390-53481900;bytes=260042120-260947116;bytes=289896583-290805393;bytes=262764448-262842984;bytes=226620043-226801955;bytes=226801956-227000490,ae87ecde;f1e5eda4;989544cb;520c505f;099765b9;4e218199;ee4efbb5;504bde32;37d199bb;d91b1a0b;f7723a47;62cf2fed;3e9e66f9;88f255ba;64d3fafb;a994c3e8;846252ed
3,4,79,success,None,24/Jul/2026:12:40:48.724597,24/Jul/2026:12:40:49.564550,0.8399,14,24/Jul/2026:12:40:48.726434;24/Jul/2026:12:40:47.084227;24/Jul/2026:12:40:23.328593;24/Jul/2026:12:40:47.966766;24/Jul/2026:12:40:47.966096;24/Jul/2026:12:40:45.953531;24/Jul/2026:12:40:47.966213;24/Jul/2026:12:40:47.998976;24/Jul/2026:12:40:47.966033;24/Jul/2026:12:40:47.890604;24/Jul/2026:12:40:47.890672;24/Jul/2026:12:40:47.084015;24/Jul/2026:12:40:47.890925;24/Jul/2026:12:40:33.686638,0.0075;1.6541;25.4112;0.7783;0.7797;2.7941;0.7894;0.7632;0.8101;0.9014;0.9029;2.2806;1.5826;15.7874,bytes=332696831-332798845;bytes=192509923-193413918;bytes=1904639434-1904753003;bytes=265035311-265966653;bytes=262842985-262922243;bytes=52595390-53481900;bytes=260042120-260947116;bytes=289896583-290805393;bytes=262764448-262842984;bytes=226620043-226801955;bytes=226801956-227000490;bytes=190706827-191620224;bytes=227885817-228771173;bytes=945756148-945853379,ee4efbb5;504bde32;37d199bb;d91b1a0b;f7723a47;62cf2fed;3e9e66f9;88f255ba;64d3fafb;a994c3e8;846252ed;a4f54bc4;86ab0650;ab2881f3
3,4,92,success,None,24/Jul/2026:12:40:48.743022,24/Jul/2026:12:40:49.903253,1.1602,16,24/Jul/2026:12:40:47.966766;24/Jul/2026:12:40:47.966096;24/Jul/2026:12:40:45.953531;24/Jul/2026:12:40:47.966213;24/Jul/2026:12:40:47.998976;24/Jul/2026:12:40:47.966033;24/Jul/2026:12:40:47.890604;24/Jul/2026:12:40:47.890672;24/Jul/2026:12:40:47.084015;24/Jul/2026:12:40:47.890925;24/Jul/2026:12:40:33.686638;24/Jul/2026:12:40:48.909429;24/Jul/2026:12:40:28.643665;24/Jul/2026:12:40:48.725462;24/Jul/2026:12:40:48.726362;24/Jul/2026:12:40:48.725869,0.7783;0.7797;2.7941;0.7894;0.7632;0.8101;0.9014;0.9029;2.2806;1.5826;15.7874;0.6632;21.1932;1.1238;1.1302;1.1431,bytes=265035311-265966653;bytes=262842985-262922243;bytes=52595390-53481900;bytes=260042120-260947116;bytes=289896583-290805393;bytes=262764448-262842984;bytes=226620043-226801955;bytes=226801956-227000490;bytes=190706827-191620224;bytes=227885817-228771173;bytes=945756148-945853379;bytes=426473201-426640966;bytes=381619790-381723899;bytes=324655799-324853181;bytes=332596750-332696830;bytes=327540732-328449165,d91b1a0b;f7723a47;62cf2fed;3e9e66f9;88f255ba;64d3fafb;a994c3e8;846252ed;a4f54bc4;86ab0650;ab2881f3;57dd9fbe;e1d58a2b;ec11ae3e;24ec86f8;6d726711
3,4,104,success,None,24/Jul/2026:12:40:48.908691,24/Jul/2026:12:40:50.081343,1.1726,14,24/Jul/2026:12:40:47.084015;24/Jul/2026:12:40:47.890925;24/Jul/2026:12:40:33.686638;24/Jul/2026:12:40:48.909429;24/Jul/2026:12:40:28.643665;24/Jul/2026:12:40:48.725462;24/Jul/2026:12:40:48.726362;24/Jul/2026:12:40:48.725869;24/Jul/2026:12:40:49.566026;24/Jul/2026:12:40:48.000165;24/Jul/2026:12:40:48.000526;24/Jul/2026:12:40:48.910539;24/Jul/2026:12:40:48.909495;24/Jul/2026:12:40:48.725536,2.2806;1.5826;15.7874;0.6632;21.1932;1.1238;1.1302;1.1431;0.3666;1.9361;1.9381;1.0283;1.0413;1.2278,bytes=190706827-191620224;bytes=227885817-228771173;bytes=945756148-945853379;bytes=426473201-426640966;bytes=381619790-381723899;bytes=324655799-324853181;bytes=332596750-332696830;bytes=327540732-328449165;bytes=471499489-471695438;bytes=295934868-296035698;bytes=296927649-297803306;bytes=438290462-438383844;bytes=430246771-430354975;bytes=328449166-328561210,a4f54bc4;86ab0650;ab2881f3;57dd9fbe;e1d58a2b;ec11ae3e;24ec86f8;6d726711;c9966960;69e14acc;7eeb7bcb;c0b551b6;a37b7df7;b52c0135
3,4,114,success,None,24/Jul/2026:12:40:49.564783,24/Jul/2026:12:40:50.420002,0.8552,13,24/Jul/2026:12:40:48.909429;24/Jul/2026:12:40:28.643665;24/Jul/2026:12:40:48.725462;24/Jul/2026:12:40:48.726362;24/Jul/2026:12:40:48.725869;24/Jul/2026:12:40:49.566026;24/Jul/2026:12:40:48.000165;24/Jul/2026:12:40:48.000526;24/Jul/2026:12:40:48.910539;24/Jul/2026:12:40:48.909495;24/Jul/2026:12:40:48.725536;24/Jul/2026:12:40:48.000698;24/Jul/2026:12:40:50.082353,0.6632;21.1932;1.1238;1.1302;1.1431;0.3666;1.9361;1.9381;1.0283;1.0413;1.2278;2.0933;0.0312,bytes=426473201-426640966;bytes=381619790-381723899;bytes=324655799-324853181;bytes=332596750-332696830;bytes=327540732-328449165;bytes=471499489-471695438;bytes=295934868-296035698;bytes=296927649-297803306;bytes=438290462-438383844;bytes=430246771-430354975;bytes=328449166-328561210;bytes=298711103-299612937;bytes=671887942-672069898,57dd9fbe;e1d58a2b;ec11ae3e;24ec86f8;6d726711;c9966960;69e14acc;7eeb7bcb;c0b551b6;a37b7df7;b52c0135;9e360c5f;423a8755
3,4,164,success,None,24/Jul/2026:12:40:50.081591,24/Jul/2026:12:40:50.664303,0.5827,7,24/Jul/2026:12:40:48.000698;24/Jul/2026:12:40:50.082353;24/Jul/2026:12:40:48.726941;24/Jul/2026:12:40:48.725080;24/Jul/2026:12:40:49.904879;24/Jul/2026:12:40:49.565903;24/Jul/2026:12:40:49.565843,2.0933;0.0312;1.7106;1.7133;0.5403;0.8812;0.8816,bytes=298711103-299612937;bytes=671887942-672069898;bytes=336701984-336799860;bytes=321553735-322428761;bytes=589945731-590059167;bytes=470216927-471132377;bytes=469291187-470216926,9e360c5f;423a8755;67fcf3c4;291d4467;9332836d;13d83aea;f502dd9e
3,4,143,success,None,24/Jul/2026:12:40:49.903505,24/Jul/2026:12:40:50.689592,0.7861,16,24/Jul/2026:12:40:49.566026;24/Jul/2026:12:40:48.000165;24/Jul/2026:12:40:48.000526;24/Jul/2026:12:40:48.910539;24/Jul/2026:12:40:48.909495;24/Jul/2026:12:40:48.725536;24/Jul/2026:12:40:48.000698;24/Jul/2026:12:40:50.082353;24/Jul/2026:12:40:48.726941;24/Jul/2026:12:40:48.725080;24/Jul/2026:12:40:49.904879;24/Jul/2026:12:40:49.565903;24/Jul/2026:12:40:49.565843;24/Jul/2026:12:40:45.954887;24/Jul/2026:12:40:47.998896;24/Jul/2026:12:40:45.952935,0.3666;1.9361;1.9381;1.0283;1.0413;1.2278;2.0933;0.0312;1.7106;1.7133;0.5403;0.8812;0.8816;4.7192;2.6753;4.7256,bytes=471499489-471695438;bytes=295934868-296035698;bytes=296927649-297803306;bytes=438290462-438383844;bytes=430246771-430354975;bytes=328449166-328561210;bytes=298711103-299612937;bytes=671887942-672069898;bytes=336701984-336799860;bytes=321553735-322428761;bytes=589945731-590059167;bytes=470216927-471132377;bytes=469291187-470216926;bytes=94089059-94982248;bytes=289013214-289896582;bytes=52138481-52289426,c9966960;69e14acc;7eeb7bcb;c0b551b6;a37b7df7;b52c0135;9e360c5f;423a8755;67fcf3c4;291d4467;9332836d;13d83aea;f502dd9e;14b2b006;80ec97cd;1d1e2e23
3,4,169,success,None,24/Jul/2026:12:40:50.420233,24/Jul/2026:12:40:51.240733,0.8205,13,24/Jul/2026:12:40:48.726941;24/Jul/2026:12:40:48.725080;24/Jul/2026:12:40:49.904879;24/Jul/2026:12:40:49.565903;24/Jul/2026:12:40:49.565843;24/Jul/2026:12:40:45.954887;24/Jul/2026:12:40:47.998896;24/Jul/2026:12:40:45.952935;24/Jul/2026:12:40:46.990399;24/Jul/2026:12:40:48.744357;24/Jul/2026:12:40:50.082938;24/Jul/2026:12:40:48.744014;24/Jul/2026:12:40:49.905580,1.7106;1.7133;0.5403;0.8812;0.8816;4.7192;2.6753;4.7256;3.7033;1.9515;0.6221;1.9666;0.8122,bytes=336701984-336799860;bytes=321553735-322428761;bytes=589945731-590059167;bytes=470216927-471132377;bytes=469291187-470216926;bytes=94089059-94982248;bytes=289013214-289896582;bytes=52138481-52289426;bytes=136661145-137561854;bytes=381806962-381914446;bytes=679660475-679755420;bytes=381619790-381723899;bytes=593917809-594033437,67fcf3c4;291d4467;9332836d;13d83aea;f502dd9e;14b2b006;80ec97cd;1d1e2e23;8b6713c4;6a39cb85;41966f6d;db674fdd;2a4a82e9
3,4,182,success,None,24/Jul/2026:12:40:50.664551,24/Jul/2026:12:40:51.478428,0.8139,11,24/Jul/2026:12:40:45.954887;24/Jul/2026:12:40:47.998896;24/Jul/2026:12:40:45.952935;24/Jul/2026:12:40:46.990399;24/Jul/2026:12:40:48.744357;24/Jul/2026:12:40:50.082938;24/Jul/2026:12:40:48.744014;24/Jul/2026:12:40:49.905580;24/Jul/2026:12:40:49.566340;24/Jul/2026:12:40:50.420668;24/Jul/2026:12:40:50.420746,4.7192;2.6753;4.7256;3.7033;1.9515;0.6221;1.9666;0.8122;1.6824;0.8875;0.8972,bytes=94089059-94982248;bytes=289013214-289896582;bytes=52138481-52289426;bytes=136661145-137561854;bytes=381806962-381914446;bytes=679660475-679755420;bytes=381619790-381723899;bytes=593917809-594033437;bytes=473463476-474388240;bytes=688765218-689638074;bytes=689638075-690544546,14b2b006;80ec97cd;1d1e2e23;8b6713c4;6a39cb85;41966f6d;db674fdd;2a4a82e9;b6bf6bd3;92fc0e32;1e72b659
3,4,189,success,None,24/Jul/2026:12:40:50.689854,24/Jul/2026:12:40:51.749637,1.0598,17,24/Jul/2026:12:40:46.990399;24/Jul/2026:12:40:48.744357;24/Jul/2026:12:40:50.082938;24/Jul/2026:12:40:48.744014;24/Jul/2026:12:40:49.905580;24/Jul/2026:12:40:49.566340;24/Jul/2026:12:40:50.420668;24/Jul/2026:12:40:50.420746;24/Jul/2026:12:40:50.690761;24/Jul/2026:12:40:49.904943;24/Jul/2026:12:40:50.082215;24/Jul/2026:12:40:50.422116;24/Jul/2026:12:40:48.744185;24/Jul/2026:12:40:51.479556;24/Jul/2026:12:40:46.990014;24/Jul/2026:12:40:50.083273;24/Jul/2026:12:40:51.242091,3.7033;1.9515;0.6221;1.9666;0.8122;1.6824;0.8875;0.8972;0.7929;1.5850;1.4104;1.0736;2.7518;0.1434;4.6447;1.5521;0.3940,bytes=136661145-137561854;bytes=381806962-381914446;bytes=679660475-679755420;bytes=381619790-381723899;bytes=593917809-594033437;bytes=473463476-474388240;bytes=688765218-689638074;bytes=689638075-690544546;bytes=773049794-773953893;bytes=590059168-590162247;bytes=670606262-671515019;bytes=699932937-700031043;bytes=379686938-380610562;bytes=831033455-831132033;bytes=133768879-133955355;bytes=678759563-679660474;bytes=797079638-797966646,8b6713c4;6a39cb85;41966f6d;db674fdd;2a4a82e9;b6bf6bd3;92fc0e32;1e72b659;31d90e2d;a6d47644;431aa524;4198fdf3;02ce931b;f561a095;cd28ff02;a769a903;939a3e17
3,4,194,success,None,24/Jul/2026:12:40:51.240972,24/Jul/2026:12:40:52.056059,0.8151,13,24/Jul/2026:12:40:49.566340;24/Jul/2026:12:40:50.420668;24/Jul/2026:12:40:50.420746;24/Jul/2026:12:40:50.690761;24/Jul/2026:12:40:49.904943;24/Jul/2026:12:40:50.082215;24/Jul/2026:12:40:50.422116;24/Jul/2026:12:40:48.744185;24/Jul/2026:12:40:51.479556;24/Jul/2026:12:40:46.990014;24/Jul/2026:12:40:50.083273;24/Jul/2026:12:40:51.242091;24/Jul/2026:12:40:50.666137,1.6824;0.8875;0.8972;0.7929;1.5850;1.4104;1.0736;2.7518;0.1434;4.6447;1.5521;0.3940;1.1174,bytes=473463476-474388240;bytes=688765218-689638074;bytes=689638075-690544546;bytes=773049794-773953893;bytes=590059168-590162247;bytes=670606262-671515019;bytes=699932937-700031043;bytes=379686938-380610562;bytes=831033455-831132033;bytes=133768879-133955355;bytes=678759563-679660474;bytes=797079638-797966646;bytes=748037543-748931137,b6bf6bd3;92fc0e32;1e72b659;31d90e2d;a6d47644;431aa524;4198fdf3;02ce931b;f561a095;cd28ff02;a769a903;939a3e17;8b12ae27
3,4,208,success,None,24/Jul/2026:12:40:51.749893,24/Jul/2026:12:40:52.330244,0.5803,4,24/Jul/2026:12:40:50.666137;24/Jul/2026:12:40:51.480137;24/Jul/2026:12:40:47.965830;24/Jul/2026:12:40:52.057833,1.1174;0.5826;4.1266;0.0417,bytes=748037543-748931137;bytes=831223479-831318248;bytes=257841227-258746981;bytes=892746712-892880459,8b12ae27;ca51058b;aa996663;90bfce33
3,4,216,success,None,24/Jul/2026:12:40:52.056316,24/Jul/2026:12:40:53.080929,1.0246,10,24/Jul/2026:12:40:51.480137;24/Jul/2026:12:40:47.965830;24/Jul/2026:12:40:52.057833;24/Jul/2026:12:40:51.751542;24/Jul/2026:12:40:22.661713;24/Jul/2026:12:40:49.566090;24/Jul/2026:12:40:51.751337;24/Jul/2026:12:40:49.904746;24/Jul/2026:12:40:52.057580;24/Jul/2026:12:40:52.332309,0.5826;4.1266;0.0417;0.5896;29.6796;2.7832;0.5985;2.4476;0.2970;0.0294,bytes=831223479-831318248;bytes=257841227-258746981;bytes=892746712-892880459;bytes=856963480-857854294;bytes=1850676765-1850889748;bytes=475291963-475400029;bytes=859702063-859807910;bytes=587835498-588740464;bytes=887495717-888397956;bytes=917562539-917678111,ca51058b;aa996663;90bfce33;58f6800c;2b1c995b;fa183ee5;37abf77d;4df11fe9;0f1e3a1b;48934957
3,4,202,success,None,24/Jul/2026:12:40:51.478661,24/Jul/2026:12:40:53.088022,1.6093,20,24/Jul/2026:12:40:50.690761;24/Jul/2026:12:40:49.904943;24/Jul/2026:12:40:50.082215;24/Jul/2026:12:40:50.422116;24/Jul/2026:12:40:48.744185;24/Jul/2026:12:40:51.479556;24/Jul/2026:12:40:46.990014;24/Jul/2026:12:40:50.083273;24/Jul/2026:12:40:51.242091;24/Jul/2026:12:40:50.666137;24/Jul/2026:12:40:51.480137;24/Jul/2026:12:40:47.965830;24/Jul/2026:12:40:52.057833;24/Jul/2026:12:40:51.751542;24/Jul/2026:12:40:22.661713;24/Jul/2026:12:40:49.566090;24/Jul/2026:12:40:51.751337;24/Jul/2026:12:40:49.904746;24/Jul/2026:12:40:52.057580;24/Jul/2026:12:40:52.332309,0.7929;1.5850;1.4104;1.0736;2.7518;0.1434;4.6447;1.5521;0.3940;1.1174;0.5826;4.1266;0.0417;0.5896;29.6796;2.7832;0.5985;2.4476;0.2970;0.0294,bytes=773049794-773953893;bytes=590059168-590162247;bytes=670606262-671515019;bytes=699932937-700031043;bytes=379686938-380610562;bytes=831033455-831132033;bytes=133768879-133955355;bytes=678759563-679660474;bytes=797079638-797966646;bytes=748037543-748931137;bytes=831223479-831318248;bytes=257841227-258746981;bytes=892746712-892880459;bytes=856963480-857854294;bytes=1850676765-1850889748;bytes=475291963-475400029;bytes=859702063-859807910;bytes=587835498-588740464;bytes=887495717-888397956;bytes=917562539-917678111,31d90e2d;a6d47644;431aa524;4198fdf3;02ce931b;f561a095;cd28ff02;a769a903;939a3e17;8b12ae27;ca51058b;aa996663;90bfce33;58f6800c;2b1c995b;fa183ee5;37abf77d;4df11fe9;0f1e3a1b;48934957
3,4,222,success,None,24/Jul/2026:12:40:52.330514,24/Jul/2026:12:40:53.312583,0.9821,13,24/Jul/2026:12:40:51.751542;24/Jul/2026:12:40:22.661713;24/Jul/2026:12:40:49.566090;24/Jul/2026:12:40:51.751337;24/Jul/2026:12:40:49.904746;24/Jul/2026:12:40:52.057580;24/Jul/2026:12:40:52.332309;24/Jul/2026:12:40:51.242275;24/Jul/2026:12:40:48.000614;24/Jul/2026:12:40:51.479280;24/Jul/2026:12:40:51.480530;24/Jul/2026:12:40:51.751925;24/Jul/2026:12:40:53.082694,0.5896;29.6796;2.7832;0.5985;2.4476;0.2970;0.0294;1.8621;5.1048;1.6350;1.6413;1.3700;0.1201,bytes=856963480-857854294;bytes=1850676765-1850889748;bytes=475291963-475400029;bytes=859702063-859807910;bytes=587835498-588740464;bytes=887495717-888397956;bytes=917562539-917678111;bytes=801938757-802021125;bytes=297803307-298711102;bytes=826059437-826966466;bytes=833099402-834004340;bytes=864038541-864144805;bytes=945853380-945938517,58f6800c;2b1c995b;fa183ee5;37abf77d;4df11fe9;0f1e3a1b;48934957;ad09d628;50f08d45;733235bf;cac32f2a;441cee16;60311f5d
3,4,235,success,None,24/Jul/2026:12:40:53.088244,24/Jul/2026:12:40:54.070004,0.9818,15,24/Jul/2026:12:40:51.242275;24/Jul/2026:12:40:48.000614;24/Jul/2026:12:40:51.479280;24/Jul/2026:12:40:51.480530;24/Jul/2026:12:40:51.751925;24/Jul/2026:12:40:53.082694;24/Jul/2026:12:40:53.083935;24/Jul/2026:12:40:48.726878;24/Jul/2026:12:40:53.084061;24/Jul/2026:12:40:50.421662;24/Jul/2026:12:40:53.083156;24/Jul/2026:12:40:53.082841;24/Jul/2026:12:40:51.750716;24/Jul/2026:12:40:53.089160;24/Jul/2026:12:40:53.089383,1.8621;5.1048;1.6350;1.6413;1.3700;0.1201;0.2374;4.5957;0.2391;2.9099;0.2517;0.2536;1.5864;0.2535;0.2542,bytes=801938757-802021125;bytes=297803307-298711102;bytes=826059437-826966466;bytes=833099402-834004340;bytes=864038541-864144805;bytes=945853380-945938517;bytes=950144914-950343103;bytes=336613849-336701983;bytes=954081267-954172013;bytes=699639779-699763336;bytes=949773605-949864187;bytes=943035102-943939758;bytes=855488348-855583983;bytes=966780863-966886278;bytes=965756734-966664808,ad09d628;50f08d45;733235bf;cac32f2a;441cee16;60311f5d;5c0324b7;088da6a3;596ef9b2;f966a1b0;44b3466a;b044f2cf;6da461b4;3664c033;2c7bc93f
3,4,245,success,None,24/Jul/2026:12:40:53.312834,24/Jul/2026:12:40:54.141153,0.8283,13,24/Jul/2026:12:40:53.083935;24/Jul/2026:12:40:48.726878;24/Jul/2026:12:40:53.084061;24/Jul/2026:12:40:50.421662;24/Jul/2026:12:40:53.083156;24/Jul/2026:12:40:53.082841;24/Jul/2026:12:40:51.750716;24/Jul/2026:12:40:53.089160;24/Jul/2026:12:40:53.089383;24/Jul/2026:12:40:52.331820;24/Jul/2026:12:40:53.314156;24/Jul/2026:12:40:50.665408;24/Jul/2026:12:40:53.082907,0.2374;4.5957;0.2391;2.9099;0.2517;0.2536;1.5864;0.2535;0.2542;1.7493;0.7671;3.4193;1.0160,bytes=950144914-950343103;bytes=336613849-336701983;bytes=954081267-954172013;bytes=699639779-699763336;bytes=949773605-949864187;bytes=943035102-943939758;bytes=855488348-855583983;bytes=966780863-966886278;bytes=965756734-966664808;bytes=909777506-910654116;bytes=1006721022-1007629603;bytes=748931138-749015718;bytes=943939759-944859052,5c0324b7;088da6a3;596ef9b2;f966a1b0;44b3466a;b044f2cf;6da461b4;3664c033;2c7bc93f;974a95b9;8b15fc15;d8ce7188;fdda2323
3,4,230,success,None,24/Jul/2026:12:40:53.081182,24/Jul/2026:12:40:54.162241,1.0811,20,24/Jul/2026:12:40:51.242275;24/Jul/2026:12:40:48.000614;24/Jul/2026:12:40:51.479280;24/Jul/2026:12:40:51.480530;24/Jul/2026:12:40:51.751925;24/Jul/2026:12:40:53.082694;24/Jul/2026:12:40:53.083935;24/Jul/2026:12:40:48.726878;24/Jul/2026:12:40:53.084061;24/Jul/2026:12:40:50.421662;24/Jul/2026:12:40:53.083156;24/Jul/2026:12:40:53.082841;24/Jul/2026:12:40:51.750716;24/Jul/2026:12:40:53.089160;24/Jul/2026:12:40:53.089383;24/Jul/2026:12:40:52.331820;24/Jul/2026:12:40:53.314156;24/Jul/2026:12:40:50.665408;24/Jul/2026:12:40:53.082907;24/Jul/2026:12:40:53.082493,1.8621;5.1048;1.6350;1.6413;1.3700;0.1201;0.2374;4.5957;0.2391;2.9099;0.2517;0.2536;1.5864;0.2535;0.2542;1.7493;0.7671;3.4193;1.0160;1.0703,bytes=801938757-802021125;bytes=297803307-298711102;bytes=826059437-826966466;bytes=833099402-834004340;bytes=864038541-864144805;bytes=945853380-945938517;bytes=950144914-950343103;bytes=336613849-336701983;bytes=954081267-954172013;bytes=699639779-699763336;bytes=949773605-949864187;bytes=943035102-943939758;bytes=855488348-855583983;bytes=966780863-966886278;bytes=965756734-966664808;bytes=909777506-910654116;bytes=1006721022-1007629603;bytes=748931138-749015718;bytes=943939759-944859052;bytes=942023509-942136461,ad09d628;50f08d45;733235bf;cac32f2a;441cee16;60311f5d;5c0324b7;088da6a3;596ef9b2;f966a1b0;44b3466a;b044f2cf;6da461b4;3664c033;2c7bc93f;974a95b9;8b15fc15;d8ce7188;fdda2323;2a799b64
3,4,273,success,None,24/Jul/2026:12:40:54.141419,24/Jul/2026:12:40:55.018999,0.8776,4,24/Jul/2026:12:40:53.082493;24/Jul/2026:12:40:53.082206;24/Jul/2026:12:40:54.143106;24/Jul/2026:12:40:54.143609,1.0703;1.0894;0.0348;0.0362,bytes=942023509-942136461;bytes=939950589-940860236;bytes=1123643688-1123742626;bytes=1127617439-1127711780,2a799b64;f6d53a41;eaf0f7eb;f690751c
3,4,281,success,None,24/Jul/2026:12:40:54.162496,24/Jul/2026:12:40:55.025284,0.8628,4,24/Jul/2026:12:40:53.082206;24/Jul/2026:12:40:54.143106;24/Jul/2026:12:40:54.143609;24/Jul/2026:12:40:52.331729,1.0894;0.0348;0.0362;2.6933,bytes=939950589-940860236;bytes=1123643688-1123742626;bytes=1127617439-1127711780;bytes=913488025-913599862,f6d53a41;eaf0f7eb;f690751c;8bd256f3
3,4,259,success,None,24/Jul/2026:12:40:54.070237,24/Jul/2026:12:40:55.314477,1.2442,14,24/Jul/2026:12:40:52.331820;24/Jul/2026:12:40:53.314156;24/Jul/2026:12:40:50.665408;24/Jul/2026:12:40:53.082907;24/Jul/2026:12:40:53.082493;24/Jul/2026:12:40:53.082206;24/Jul/2026:12:40:54.143106;24/Jul/2026:12:40:54.143609;24/Jul/2026:12:40:52.331729;24/Jul/2026:12:40:54.071660;24/Jul/2026:12:40:55.020943;24/Jul/2026:12:40:53.314722;24/Jul/2026:12:40:53.089941;24/Jul/2026:12:40:53.089658,1.7493;0.7671;3.4193;1.0160;1.0703;1.0894;0.0348;0.0362;2.6933;0.9565;0.0201;1.7294;1.9735;1.9746,bytes=909777506-910654116;bytes=1006721022-1007629603;bytes=748931138-749015718;bytes=943939759-944859052;bytes=942023509-942136461;bytes=939950589-940860236;bytes=1123643688-1123742626;bytes=1127617439-1127711780;bytes=913488025-913599862;bytes=1069925889-1070045802;bytes=1185161663-1185275505;bytes=1010031743-1010957159;bytes=971200231-971334664;bytes=967242961-968149249,974a95b9;8b15fc15;d8ce7188;fdda2323;2a799b64;f6d53a41;eaf0f7eb;f690751c;8bd256f3;e9aa6c83;60bd30bc;61fe6cd5;85b4561c;a4069651
3,4,288,success,None,24/Jul/2026:12:40:55.019258,24/Jul/2026:12:40:56.071682,1.0524,9,24/Jul/2026:12:40:52.331729;24/Jul/2026:12:40:54.071660;24/Jul/2026:12:40:55.020943;24/Jul/2026:12:40:53.314722;24/Jul/2026:12:40:53.089941;24/Jul/2026:12:40:53.089658;24/Jul/2026:12:40:55.021314;24/Jul/2026:12:40:54.141905;24/Jul/2026:12:40:55.026721,2.6933;0.9565;0.0201;1.7294;1.9735;1.9746;0.3001;1.1828;0.3285,bytes=913488025-913599862;bytes=1069925889-1070045802;bytes=1185161663-1185275505;bytes=1010031743-1010957159;bytes=971200231-971334664;bytes=967242961-968149249;bytes=1187185379-1188081832;bytes=1116508123-1117394217;bytes=1222401494-1222491657,8bd256f3;e9aa6c83;60bd30bc;61fe6cd5;85b4561c;a4069651;fc2e53c8;51b8c9b2;c7bbc584
3,4,298,success,None,24/Jul/2026:12:40:55.025570,24/Jul/2026:12:40:56.072612,1.0470,8,24/Jul/2026:12:40:54.071660;24/Jul/2026:12:40:55.020943;24/Jul/2026:12:40:53.314722;24/Jul/2026:12:40:53.089941;24/Jul/2026:12:40:53.089658;24/Jul/2026:12:40:55.021314;24/Jul/2026:12:40:54.141905;24/Jul/2026:12:40:55.026721,0.9565;0.0201;1.7294;1.9735;1.9746;0.3001;1.1828;0.3285,bytes=1069925889-1070045802;bytes=1185161663-1185275505;bytes=1010031743-1010957159;bytes=971200231-971334664;bytes=967242961-968149249;bytes=1187185379-1188081832;bytes=1116508123-1117394217;bytes=1222401494-1222491657,e9aa6c83;60bd30bc;61fe6cd5;85b4561c;a4069651;fc2e53c8;51b8c9b2;c7bbc584
3,4,307,success,None,24/Jul/2026:12:40:55.314727,24/Jul/2026:12:40:56.448807,1.1341,9,24/Jul/2026:12:40:55.021314;24/Jul/2026:12:40:54.141905;24/Jul/2026:12:40:55.026721;24/Jul/2026:12:40:55.027508;24/Jul/2026:12:40:55.027388;24/Jul/2026:12:40:54.143231;24/Jul/2026:12:40:55.316957;24/Jul/2026:12:40:55.317295;24/Jul/2026:12:40:55.019768,0.3001;1.1828;0.3285;1.0593;1.0657;1.9646;0.8054;0.8095;1.1089,bytes=1187185379-1188081832;bytes=1116508123-1117394217;bytes=1222401494-1222491657;bytes=1227440496-1228321107;bytes=1230313675-1230454211;bytes=1127411820-1127510187;bytes=1267903692-1268026566;bytes=1271792929-1271904651;bytes=1178006849-1178890180,fc2e53c8;51b8c9b2;c7bbc584;0a3e389e;a6447b27;90d8b964;53e1770b;3caaaa31;c12859ef
3,4,339,success,None,24/Jul/2026:12:40:56.449038,24/Jul/2026:12:40:57.087131,0.6381,7,24/Jul/2026:12:40:47.085356;24/Jul/2026:12:40:47.084978;24/Jul/2026:12:40:54.163487;24/Jul/2026:12:40:50.421723;24/Jul/2026:12:40:51.242594;24/Jul/2026:12:40:49.905647;24/Jul/2026:12:40:53.314918,9.3713;9.3735;2.2957;6.0376;5.2273;6.5685;3.1598,bytes=200345843-201239512;bytes=198387230-198481386;bytes=1150840460-1151743336;bytes=699763337-699842701;bytes=801045269-801938756;bytes=594033438-594148801;bytes=1012286159-1012497707,029ae605;5374d81d;499525f1;e52bceed;b76a0620;45d0c76e;162f7fe4
3,4,332,success,None,24/Jul/2026:12:40:56.072856,24/Jul/2026:12:40:57.182207,1.1093,19,24/Jul/2026:12:40:55.027508;24/Jul/2026:12:40:55.027388;24/Jul/2026:12:40:54.143231;24/Jul/2026:12:40:55.316957;24/Jul/2026:12:40:55.317295;24/Jul/2026:12:40:55.019768;24/Jul/2026:12:40:47.085356;24/Jul/2026:12:40:47.084978;24/Jul/2026:12:40:54.163487;24/Jul/2026:12:40:50.421723;24/Jul/2026:12:40:51.242594;24/Jul/2026:12:40:49.905647;24/Jul/2026:12:40:53.314918;24/Jul/2026:12:40:55.316071;24/Jul/2026:12:40:50.083141;24/Jul/2026:12:40:56.075350;24/Jul/2026:12:40:48.744410;24/Jul/2026:12:40:56.075250;24/Jul/2026:12:40:56.075041,1.0593;1.0657;1.9646;0.8054;0.8095;1.1089;9.3713;9.3735;2.2957;6.0376;5.2273;6.5685;3.1598;1.7788;7.0135;1.0242;8.3568;1.0316;1.0379,bytes=1227440496-1228321107;bytes=1230313675-1230454211;bytes=1127411820-1127510187;bytes=1267903692-1268026566;bytes=1271792929-1271904651;bytes=1178006849-1178890180;bytes=200345843-201239512;bytes=198387230-198481386;bytes=1150840460-1151743336;bytes=699763337-699842701;bytes=801045269-801938756;bytes=594033438-594148801;bytes=1012286159-1012497707;bytes=1260745815-1261622240;bytes=676969142-677850779;bytes=1366926798-1367041586;bytes=385509523-385600051;bytes=1364900580-1365800136;bytes=1366699955-1366817062,0a3e389e;a6447b27;90d8b964;53e1770b;3caaaa31;c12859ef;029ae605;5374d81d;499525f1;e52bceed;b76a0620;45d0c76e;162f7fe4;817eb2bb;5db7dc03;0f988a89;8ea0274f;c0f34042;c3d06b11
3,4,312,success,None,24/Jul/2026:12:40:56.071945,24/Jul/2026:12:40:57.349698,1.2777,20,24/Jul/2026:12:40:55.027508;24/Jul/2026:12:40:55.027388;24/Jul/2026:12:40:54.143231;24/Jul/2026:12:40:55.316957;24/Jul/2026:12:40:55.317295;24/Jul/2026:12:40:55.019768;24/Jul/2026:12:40:47.085356;24/Jul/2026:12:40:47.084978;24/Jul/2026:12:40:54.163487;24/Jul/2026:12:40:50.421723;24/Jul/2026:12:40:51.242594;24/Jul/2026:12:40:49.905647;24/Jul/2026:12:40:53.314918;24/Jul/2026:12:40:55.316071;24/Jul/2026:12:40:50.083141;24/Jul/2026:12:40:56.075350;24/Jul/2026:12:40:48.744410;24/Jul/2026:12:40:56.075250;24/Jul/2026:12:40:56.075041;24/Jul/2026:12:40:57.183856,1.0593;1.0657;1.9646;0.8054;0.8095;1.1089;9.3713;9.3735;2.2957;6.0376;5.2273;6.5685;3.1598;1.7788;7.0135;1.0242;8.3568;1.0316;1.0379;0.0324,bytes=1227440496-1228321107;bytes=1230313675-1230454211;bytes=1127411820-1127510187;bytes=1267903692-1268026566;bytes=1271792929-1271904651;bytes=1178006849-1178890180;bytes=200345843-201239512;bytes=198387230-198481386;bytes=1150840460-1151743336;bytes=699763337-699842701;bytes=801045269-801938756;bytes=594033438-594148801;bytes=1012286159-1012497707;bytes=1260745815-1261622240;bytes=676969142-677850779;bytes=1366926798-1367041586;bytes=385509523-385600051;bytes=1364900580-1365800136;bytes=1366699955-1366817062;bytes=1457161496-1457279875,0a3e389e;a6447b27;90d8b964;53e1770b;3caaaa31;c12859ef;029ae605;5374d81d;499525f1;e52bceed;b76a0620;45d0c76e;162f7fe4;817eb2bb;5db7dc03;0f988a89;8ea0274f;c0f34042;c3d06b11;640f429e
3,4,353,success,None,24/Jul/2026:12:40:57.182445,24/Jul/2026:12:40:57.991546,0.8091,4,24/Jul/2026:12:40:57.183856;24/Jul/2026:12:40:55.316454;24/Jul/2026:12:40:54.164764;24/Jul/2026:12:40:57.351823,0.0324;2.0405;3.1929;0.0310,bytes=1457161496-1457279875;bytes=1267784217-1267903691;bytes=1159275301-1160189422;bytes=1482223601-1482337203,640f429e;2e11a516;75107946;9a0dd9e9
3,4,359,success,None,24/Jul/2026:12:40:57.349935,24/Jul/2026:12:40:58.156214,0.8063,8,24/Jul/2026:12:40:55.316454;24/Jul/2026:12:40:54.164764;24/Jul/2026:12:40:57.351823;24/Jul/2026:12:40:54.163618;24/Jul/2026:12:40:57.088380;24/Jul/2026:12:40:57.183965;24/Jul/2026:12:40:54.163878;24/Jul/2026:12:40:55.315927,2.0405;3.1929;0.0310;3.8351;0.9140;0.8253;3.8467;2.6953,bytes=1267784217-1267903691;bytes=1159275301-1160189422;bytes=1482223601-1482337203;bytes=1152133994-1152351945;bytes=1420260150-1420371912;bytes=1453549916-1454431325;bytes=1153240739-1154122775;bytes=1263576513-1263699454,2e11a516;75107946;9a0dd9e9;1a372757;47918c60;75fd367d;99810a10;3953d198
3,4,345,success,None,24/Jul/2026:12:40:57.087373,24/Jul/2026:12:40:58.345604,1.2582,17,24/Jul/2026:12:40:55.316071;24/Jul/2026:12:40:50.083141;24/Jul/2026:12:40:56.075350;24/Jul/2026:12:40:48.744410;24/Jul/2026:12:40:56.075250;24/Jul/2026:12:40:56.075041;24/Jul/2026:12:40:57.183856;24/Jul/2026:12:40:55.316454;24/Jul/2026:12:40:54.164764;24/Jul/2026:12:40:57.351823;24/Jul/2026:12:40:54.163618;24/Jul/2026:12:40:57.088380;24/Jul/2026:12:40:57.183965;24/Jul/2026:12:40:54.163878;24/Jul/2026:12:40:55.315927;24/Jul/2026:12:40:54.163819;24/Jul/2026:12:40:54.163943,1.7788;7.0135;1.0242;8.3568;1.0316;1.0379;0.0324;2.0405;3.1929;0.0310;3.8351;0.9140;0.8253;3.8467;2.6953;4.0049;4.0234,bytes=1260745815-1261622240;bytes=676969142-677850779;bytes=1366926798-1367041586;bytes=385509523-385600051;bytes=1364900580-1365800136;bytes=1366699955-1366817062;bytes=1457161496-1457279875;bytes=1267784217-1267903691;bytes=1159275301-1160189422;bytes=1482223601-1482337203;bytes=1152133994-1152351945;bytes=1420260150-1420371912;bytes=1453549916-1454431325;bytes=1153240739-1154122775;bytes=1263576513-1263699454;bytes=1152351946-1153240738;bytes=1154122776-1155051557,817eb2bb;5db7dc03;0f988a89;8ea0274f;c0f34042;c3d06b11;640f429e;2e11a516;75107946;9a0dd9e9;1a372757;47918c60;75fd367d;99810a10;3953d198;18d71761;d438acf7
3,4,374,success,None,24/Jul/2026:12:40:58.156447,24/Jul/2026:12:40:58.958288,0.8018,7,24/Jul/2026:12:40:54.163819;24/Jul/2026:12:40:54.163943;24/Jul/2026:12:40:58.157575;24/Jul/2026:12:40:56.450729;24/Jul/2026:12:40:58.157181;24/Jul/2026:12:40:54.164353;24/Jul/2026:12:40:58.347548,4.0049;4.0234;0.1974;1.9057;0.2008;4.1951;0.0274,bytes=1152351946-1153240738;bytes=1154122776-1155051557;bytes=1540037817-1540150703;bytes=1398323026-1399232346;bytes=1536141401-1536262502;bytes=1160189423-1160305916;bytes=1581797740-1581917340,18d71761;d438acf7;fca78531;59d644cf;e5f2b400;f867b8eb;90d3c19e
3,4,368,success,None,24/Jul/2026:12:40:57.991810,24/Jul/2026:12:40:59.007835,1.0160,17,24/Jul/2026:12:40:54.163618;24/Jul/2026:12:40:57.088380;24/Jul/2026:12:40:57.183965;24/Jul/2026:12:40:54.163878;24/Jul/2026:12:40:55.315927;24/Jul/2026:12:40:54.163819;24/Jul/2026:12:40:54.163943;24/Jul/2026:12:40:58.157575;24/Jul/2026:12:40:56.450729;24/Jul/2026:12:40:58.157181;24/Jul/2026:12:40:54.164353;24/Jul/2026:12:40:58.347548;24/Jul/2026:12:40:51.241703;24/Jul/2026:12:40:52.330876;24/Jul/2026:12:40:53.089998;24/Jul/2026:12:40:56.075146;24/Jul/2026:12:40:57.993190,3.8351;0.9140;0.8253;3.8467;2.6953;4.0049;4.0234;0.1974;1.9057;0.2008;4.1951;0.0274;7.7240;6.6369;5.8810;2.8978;0.9827,bytes=1152133994-1152351945;bytes=1420260150-1420371912;bytes=1453549916-1454431325;bytes=1153240739-1154122775;bytes=1263576513-1263699454;bytes=1152351946-1153240738;bytes=1154122776-1155051557;bytes=1540037817-1540150703;bytes=1398323026-1399232346;bytes=1536141401-1536262502;bytes=1160189423-1160305916;bytes=1581797740-1581917340;bytes=794280908-794388454;bytes=905539407-906426954;bytes=974934997-975034157;bytes=1363111433-1364026104;bytes=1519457892-1519582108,1a372757;47918c60;75fd367d;99810a10;3953d198;18d71761;d438acf7;fca78531;59d644cf;e5f2b400;f867b8eb;90d3c19e;efd162c4;0e7c6a25;42acb136;bff880e0;d7aab3e1
3,4,383,success,None,24/Jul/2026:12:40:58.345828,24/Jul/2026:12:40:59.149906,0.8041,11,24/Jul/2026:12:40:58.157575;24/Jul/2026:12:40:56.450729;24/Jul/2026:12:40:58.157181;24/Jul/2026:12:40:54.164353;24/Jul/2026:12:40:58.347548;24/Jul/2026:12:40:51.241703;24/Jul/2026:12:40:52.330876;24/Jul/2026:12:40:53.089998;24/Jul/2026:12:40:56.075146;24/Jul/2026:12:40:57.993190;24/Jul/2026:12:40:58.347297,0.1974;1.9057;0.2008;4.1951;0.0274;7.7240;6.6369;5.8810;2.8978;0.9827;0.6935,bytes=1540037817-1540150703;bytes=1398323026-1399232346;bytes=1536141401-1536262502;bytes=1160189423-1160305916;bytes=1581797740-1581917340;bytes=794280908-794388454;bytes=905539407-906426954;bytes=974934997-975034157;bytes=1363111433-1364026104;bytes=1519457892-1519582108;bytes=1577820332-1578714513,fca78531;59d644cf;e5f2b400;f867b8eb;90d3c19e;efd162c4;0e7c6a25;42acb136;bff880e0;d7aab3e1;a69e86de
3,4,400,success,None,24/Jul/2026:12:40:59.008100,24/Jul/2026:12:40:59.808041,0.7999,5,24/Jul/2026:12:40:58.347297;24/Jul/2026:12:40:56.074881;24/Jul/2026:12:40:57.183426;24/Jul/2026:12:40:54.164425;24/Jul/2026:12:40:59.152515,0.6935;3.0821;1.9741;5.0042;0.0194,bytes=1577820332-1578714513;bytes=1361576051-1362486598;bytes=1450195658-1451080699;bytes=1160305917-1160410984;bytes=1689288064-1689394636,a69e86de;c6980902;4e1f4b03;a10c5dbf;29261af6
3,4,394,success,None,24/Jul/2026:12:40:58.958532,24/Jul/2026:12:41:00.021972,1.0634,12,24/Jul/2026:12:40:51.241703;24/Jul/2026:12:40:52.330876;24/Jul/2026:12:40:53.089998;24/Jul/2026:12:40:56.075146;24/Jul/2026:12:40:57.993190;24/Jul/2026:12:40:58.347297;24/Jul/2026:12:40:56.074881;24/Jul/2026:12:40:57.183426;24/Jul/2026:12:40:54.164425;24/Jul/2026:12:40:59.152515;24/Jul/2026:12:40:59.009188;24/Jul/2026:12:40:54.142142,7.7240;6.6369;5.8810;2.8978;0.9827;0.6935;3.0821;1.9741;5.0042;0.0194;0.8081;5.6931,bytes=794280908-794388454;bytes=905539407-906426954;bytes=974934997-975034157;bytes=1363111433-1364026104;bytes=1519457892-1519582108;bytes=1577820332-1578714513;bytes=1361576051-1362486598;bytes=1450195658-1451080699;bytes=1160305917-1160410984;bytes=1689288064-1689394636;bytes=1647994060-1648089717;bytes=1119446371-1119592313,efd162c4;0e7c6a25;42acb136;bff880e0;d7aab3e1;a69e86de;c6980902;4e1f4b03;a10c5dbf;29261af6;8809c378;b3b96e8b
3,4,409,success,None,24/Jul/2026:12:40:59.150130,24/Jul/2026:12:41:00.049806,0.8997,9,24/Jul/2026:12:40:56.074881;24/Jul/2026:12:40:57.183426;24/Jul/2026:12:40:54.164425;24/Jul/2026:12:40:59.152515;24/Jul/2026:12:40:59.009188;24/Jul/2026:12:40:54.142142;24/Jul/2026:12:40:58.346369;24/Jul/2026:12:40:58.959407;24/Jul/2026:12:40:59.152313,3.0821;1.9741;5.0042;0.0194;0.8081;5.6931;1.6826;1.0729;0.8837,bytes=1361576051-1362486598;bytes=1450195658-1451080699;bytes=1160305917-1160410984;bytes=1689288064-1689394636;bytes=1647994060-1648089717;bytes=1119446371-1119592313;bytes=1571410929-1572319046;bytes=1623171854-1623287239;bytes=1686386198-1687285370,c6980902;4e1f4b03;a10c5dbf;29261af6;8809c378;b3b96e8b;1da61376;ca749463;01178985
3,4,425,success,None,24/Jul/2026:12:41:00.022238,24/Jul/2026:12:41:00.859536,0.8373,9,24/Jul/2026:12:40:58.346369;24/Jul/2026:12:40:58.959407;24/Jul/2026:12:40:59.152313;24/Jul/2026:12:40:58.346853;24/Jul/2026:12:40:59.809588;24/Jul/2026:12:40:59.152375;24/Jul/2026:12:40:58.960045;24/Jul/2026:12:40:59.809979;24/Jul/2026:12:40:57.088794,1.6826;1.0729;0.8837;1.7142;0.2559;0.9133;1.1065;0.3992;3.1268,bytes=1571410929-1572319046;bytes=1623171854-1623287239;bytes=1686386198-1687285370;bytes=1574525661-1575415327;bytes=1726806623-1726916519;bytes=1687285371-1688210042;bytes=1625286584-1626188568;bytes=1728806131-1729710489;bytes=1420456724-1420551045,1da61376;ca749463;01178985;ece7f6ab;281557e4;d2e8062b;5195114f;04dabaca;a41b005b
3,4,430,success,None,24/Jul/2026:12:41:00.050036,24/Jul/2026:12:41:00.883460,0.8334,9,24/Jul/2026:12:40:58.346853;24/Jul/2026:12:40:59.809588;24/Jul/2026:12:40:59.152375;24/Jul/2026:12:40:58.960045;24/Jul/2026:12:40:59.809979;24/Jul/2026:12:40:57.088794;24/Jul/2026:12:40:58.347230;24/Jul/2026:12:40:58.347356;24/Jul/2026:12:40:59.152582,1.7142;0.2559;0.9133;1.1065;0.3992;3.1268;2.5280;2.5279;1.7271,bytes=1574525661-1575415327;bytes=1726806623-1726916519;bytes=1687285371-1688210042;bytes=1625286584-1626188568;bytes=1728806131-1729710489;bytes=1420456724-1420551045;bytes=1581618814-1581797739;bytes=1578714514-1579605577;bytes=1689394637-1689514338,ece7f6ab;281557e4;d2e8062b;5195114f;04dabaca;a41b005b;88c9ff40;f1283f5a;d88aa919
3,4,419,success,None,24/Jul/2026:12:40:59.808273,24/Jul/2026:12:41:01.017855,1.2096,20,24/Jul/2026:12:40:59.009188;24/Jul/2026:12:40:54.142142;24/Jul/2026:12:40:58.346369;24/Jul/2026:12:40:58.959407;24/Jul/2026:12:40:59.152313;24/Jul/2026:12:40:58.346853;24/Jul/2026:12:40:59.809588;24/Jul/2026:12:40:59.152375;24/Jul/2026:12:40:58.960045;24/Jul/2026:12:40:59.809979;24/Jul/2026:12:40:57.088794;24/Jul/2026:12:40:58.347230;24/Jul/2026:12:40:58.347356;24/Jul/2026:12:40:59.152582;24/Jul/2026:12:41:00.022943;24/Jul/2026:12:40:56.074935;24/Jul/2026:12:41:00.860886;24/Jul/2026:12:40:58.346975;24/Jul/2026:12:40:59.809658;24/Jul/2026:12:40:59.009259,0.8081;5.6931;1.6826;1.0729;0.8837;1.7142;0.2559;0.9133;1.1065;0.3992;3.1268;2.5280;2.5279;1.7271;0.8649;4.8130;0.0444;2.5663;1.1145;1.9174,bytes=1647994060-1648089717;bytes=1119446371-1119592313;bytes=1571410929-1572319046;bytes=1623171854-1623287239;bytes=1686386198-1687285370;bytes=1574525661-1575415327;bytes=1726806623-1726916519;bytes=1687285371-1688210042;bytes=1625286584-1626188568;bytes=1728806131-1729710489;bytes=1420456724-1420551045;bytes=1581618814-1581797739;bytes=1578714514-1579605577;bytes=1689394637-1689514338;bytes=1746117440-1747024856;bytes=1362714701-1362914198;bytes=1826089896-1826199659;bytes=1576323758-1577230198;bytes=1726916520-1727026583;bytes=1644277103-1645163149,8809c378;b3b96e8b;1da61376;ca749463;01178985;ece7f6ab;281557e4;d2e8062b;5195114f;04dabaca;a41b005b;88c9ff40;f1283f5a;d88aa919;47bd0017;29f8f00e;9e512d23;a241979e;6c2d0326;7164b68e
3,4,450,success,None,24/Jul/2026:12:41:00.883686,24/Jul/2026:12:41:01.806748,0.9231,10,24/Jul/2026:12:41:00.022943;24/Jul/2026:12:40:56.074935;24/Jul/2026:12:41:00.860886;24/Jul/2026:12:40:58.346975;24/Jul/2026:12:40:59.809658;24/Jul/2026:12:40:59.009259;24/Jul/2026:12:40:46.990654;24/Jul/2026:12:41:00.024279;24/Jul/2026:12:40:59.808839;24/Jul/2026:12:40:59.009990,0.8649;4.8130;0.0444;2.5663;1.1145;1.9174;14.0356;1.0035;1.2190;2.0262,bytes=1746117440-1747024856;bytes=1362714701-1362914198;bytes=1826089896-1826199659;bytes=1576323758-1577230198;bytes=1726916520-1727026583;bytes=1644277103-1645163149;bytes=141634969-141731596;bytes=1755744286-1755946976;bytes=1720706410-1721618380;bytes=1651240223-1652157319,47bd0017;29f8f00e;9e512d23;a241979e;6c2d0326;7164b68e;8e681829;7c0d2b7c;6da28f6c;2e50d8f5
3,4,444,success,None,24/Jul/2026:12:41:00.859800,24/Jul/2026:12:41:01.889993,1.0302,13,24/Jul/2026:12:40:58.347230;24/Jul/2026:12:40:58.347356;24/Jul/2026:12:40:59.152582;24/Jul/2026:12:41:00.022943;24/Jul/2026:12:40:56.074935;24/Jul/2026:12:41:00.860886;24/Jul/2026:12:40:58.346975;24/Jul/2026:12:40:59.809658;24/Jul/2026:12:40:59.009259;24/Jul/2026:12:40:46.990654;24/Jul/2026:12:41:00.024279;24/Jul/2026:12:40:59.808839;24/Jul/2026:12:40:59.009990,2.5280;2.5279;1.7271;0.8649;4.8130;0.0444;2.5663;1.1145;1.9174;14.0356;1.0035;1.2190;2.0262,bytes=1581618814-1581797739;bytes=1578714514-1579605577;bytes=1689394637-1689514338;bytes=1746117440-1747024856;bytes=1362714701-1362914198;bytes=1826089896-1826199659;bytes=1576323758-1577230198;bytes=1726916520-1727026583;bytes=1644277103-1645163149;bytes=141634969-141731596;bytes=1755744286-1755946976;bytes=1720706410-1721618380;bytes=1651240223-1652157319,88c9ff40;f1283f5a;d88aa919;47bd0017;29f8f00e;9e512d23;a241979e;6c2d0326;7164b68e;8e681829;7c0d2b7c;6da28f6c;2e50d8f5
3,4,462,success,None,24/Jul/2026:12:41:01.018099,24/Jul/2026:12:41:01.995523,0.9774,4,24/Jul/2026:12:40:46.990654;24/Jul/2026:12:41:00.024279;24/Jul/2026:12:40:59.808839;24/Jul/2026:12:40:59.009990,14.0356;1.0035;1.2190;2.0262,bytes=141634969-141731596;bytes=1755744286-1755946976;bytes=1720706410-1721618380;bytes=1651240223-1652157319,8e681829;7c0d2b7c;6da28f6c;2e50d8f5
4,4,11,success,None,24/Jul/2026:12:41:02.008080,24/Jul/2026:12:41:03.085133,1.0770,13,24/Jul/2026:12:41:00.885095;24/Jul/2026:12:40:42.994211;24/Jul/2026:12:40:41.872396;24/Jul/2026:12:40:46.947851;24/Jul/2026:12:40:43.911449;24/Jul/2026:12:41:02.011886;24/Jul/2026:12:41:02.010274;24/Jul/2026:12:40:43.912009;24/Jul/2026:12:40:35.300603;24/Jul/2026:12:41:02.011192;24/Jul/2026:12:41:02.010715;24/Jul/2026:12:41:02.012732;24/Jul/2026:12:40:49.565453,1.1296;19.0340;20.1558;15.0920;18.1314;0.0413;0.0524;18.1522;26.7725;0.0637;0.0761;0.0975;12.7222,bytes=1858011978-1858924779;bytes=1749442385-1750373391;bytes=1617249636-1618162112;bytes=117075559-117223897;bytes=1846819949-1847713443;bytes=85130458-86033739;bytes=23662341-23748271;bytes=1851122677-1852002535;bytes=1061896036-1062109256;bytes=52399041-52496406;bytes=52138481-52289426;bytes=96873784-96964377;bytes=467103933-467295865,cebd81e3;e6b404c1;004e3065;60240219;3741aee3;88072b80;4518b7d1;dd4eb7f6;53d50add;ed81f55a;0518b1d5;32085cb6;50b35189
4,4,2,success,None,24/Jul/2026:12:41:02.007906,24/Jul/2026:12:41:03.203242,1.1953,14,24/Jul/2026:12:41:00.885095;24/Jul/2026:12:40:42.994211;24/Jul/2026:12:40:41.872396;24/Jul/2026:12:40:46.947851;24/Jul/2026:12:40:43.911449;24/Jul/2026:12:41:02.011886;24/Jul/2026:12:41:02.010274;24/Jul/2026:12:40:43.912009;24/Jul/2026:12:40:35.300603;24/Jul/2026:12:41:02.011192;24/Jul/2026:12:41:02.010715;24/Jul/2026:12:41:02.012732;24/Jul/2026:12:40:49.565453;24/Jul/2026:12:41:02.013177,1.1296;19.0340;20.1558;15.0920;18.1314;0.0413;0.0524;18.1522;26.7725;0.0637;0.0761;0.0975;12.7222;1.0811,bytes=1858011978-1858924779;bytes=1749442385-1750373391;bytes=1617249636-1618162112;bytes=117075559-117223897;bytes=1846819949-1847713443;bytes=85130458-86033739;bytes=23662341-23748271;bytes=1851122677-1852002535;bytes=1061896036-1062109256;bytes=52399041-52496406;bytes=52138481-52289426;bytes=96873784-96964377;bytes=467103933-467295865;bytes=97062700-97160197,cebd81e3;e6b404c1;004e3065;60240219;3741aee3;88072b80;4518b7d1;dd4eb7f6;53d50add;ed81f55a;0518b1d5;32085cb6;50b35189;79ad9d50
4,4,26,success,None,24/Jul/2026:12:41:02.008358,24/Jul/2026:12:41:03.249248,1.2409,17,24/Jul/2026:12:41:00.885095;24/Jul/2026:12:40:42.994211;24/Jul/2026:12:40:41.872396;24/Jul/2026:12:40:46.947851;24/Jul/2026:12:40:43.911449;24/Jul/2026:12:41:02.011886;24/Jul/2026:12:41:02.010274;24/Jul/2026:12:40:43.912009;24/Jul/2026:12:40:35.300603;24/Jul/2026:12:41:02.011192;24/Jul/2026:12:41:02.010715;24/Jul/2026:12:41:02.012732;24/Jul/2026:12:40:49.565453;24/Jul/2026:12:41:02.013177;24/Jul/2026:12:41:03.087178;24/Jul/2026:12:41:03.086746;24/Jul/2026:12:40:42.453522,1.1296;19.0340;20.1558;15.0920;18.1314;0.0413;0.0524;18.1522;26.7725;0.0637;0.0761;0.0975;12.7222;1.0811;0.1300;0.1370;20.7754,bytes=1858011978-1858924779;bytes=1749442385-1750373391;bytes=1617249636-1618162112;bytes=117075559-117223897;bytes=1846819949-1847713443;bytes=85130458-86033739;bytes=23662341-23748271;bytes=1851122677-1852002535;bytes=1061896036-1062109256;bytes=52399041-52496406;bytes=52138481-52289426;bytes=96873784-96964377;bytes=467103933-467295865;bytes=97062700-97160197;bytes=137856974-137941086;bytes=137561855-137658424;bytes=1686386198-1687285370,cebd81e3;e6b404c1;004e3065;60240219;3741aee3;88072b80;4518b7d1;dd4eb7f6;53d50add;ed81f55a;0518b1d5;32085cb6;50b35189;79ad9d50;7e2f5940;ac611555;7cd8408a
4,4,21,success,None,24/Jul/2026:12:41:02.008230,24/Jul/2026:12:41:03.269147,1.2609,21,24/Jul/2026:12:41:00.885095;24/Jul/2026:12:40:42.994211;24/Jul/2026:12:40:41.872396;24/Jul/2026:12:40:46.947851;24/Jul/2026:12:40:43.911449;24/Jul/2026:12:41:02.011886;24/Jul/2026:12:41:02.010274;24/Jul/2026:12:40:43.912009;24/Jul/2026:12:40:35.300603;24/Jul/2026:12:41:02.011192;24/Jul/2026:12:41:02.010715;24/Jul/2026:12:41:02.012732;24/Jul/2026:12:40:49.565453;24/Jul/2026:12:41:02.013177;24/Jul/2026:12:41:03.087178;24/Jul/2026:12:41:03.086746;24/Jul/2026:12:40:42.453522;24/Jul/2026:12:41:02.009221;24/Jul/2026:12:41:03.204434;24/Jul/2026:12:41:03.205195;24/Jul/2026:12:41:02.009991,1.1296;19.0340;20.1558;15.0920;18.1314;0.0413;0.0524;18.1522;26.7725;0.0637;0.0761;0.0975;12.7222;1.0811;0.1300;0.1370;20.7754;1.2464;0.0520;0.0615;1.2577,bytes=1858011978-1858924779;bytes=1749442385-1750373391;bytes=1617249636-1618162112;bytes=117075559-117223897;bytes=1846819949-1847713443;bytes=85130458-86033739;bytes=23662341-23748271;bytes=1851122677-1852002535;bytes=1061896036-1062109256;bytes=52399041-52496406;bytes=52138481-52289426;bytes=96873784-96964377;bytes=467103933-467295865;bytes=97062700-97160197;bytes=137856974-137941086;bytes=137561855-137658424;bytes=1686386198-1687285370;bytes=11768140-11869466;bytes=198243867-198316800;bytes=198387230-198481386;bytes=16834771-17733156,cebd81e3;e6b404c1;004e3065;60240219;3741aee3;88072b80;4518b7d1;dd4eb7f6;53d50add;ed81f55a;0518b1d5;32085cb6;50b35189;79ad9d50;7e2f5940;ac611555;7cd8408a;f2758d9e;5e1e904d;ba26e938;d04fd599
4,4,55,success,None,24/Jul/2026:12:41:03.249510,24/Jul/2026:12:41:04.140313,0.8908,5,24/Jul/2026:12:41:02.009221;24/Jul/2026:12:41:03.204434;24/Jul/2026:12:41:03.205195;24/Jul/2026:12:41:02.009991;24/Jul/2026:12:40:53.314588,1.2464;0.0520;0.0615;1.2577;9.9580,bytes=11768140-11869466;bytes=198243867-198316800;bytes=198387230-198481386;bytes=16834771-17733156;bytes=1008256672-1009147619,f2758d9e;5e1e904d;ba26e938;d04fd599;13e0f509
4,4,31,success,None,24/Jul/2026:12:41:03.085368,24/Jul/2026:12:41:04.167292,1.0819,14,24/Jul/2026:12:41:02.013177;24/Jul/2026:12:41:03.087178;24/Jul/2026:12:41:03.086746;24/Jul/2026:12:40:42.453522;24/Jul/2026:12:41:02.009221;24/Jul/2026:12:41:03.204434;24/Jul/2026:12:41:03.205195;24/Jul/2026:12:41:02.009991;24/Jul/2026:12:40:53.314588;24/Jul/2026:12:41:02.011661;24/Jul/2026:12:40:42.632126;24/Jul/2026:12:41:03.086615;24/Jul/2026:12:41:03.086552;24/Jul/2026:12:41:04.141505,1.0811;0.1300;0.1370;20.7754;1.2464;0.0520;0.0615;1.2577;9.9580;2.1367;21.5182;1.0647;1.0719;0.0169,bytes=97062700-97160197;bytes=137856974-137941086;bytes=137561855-137658424;bytes=1686386198-1687285370;bytes=11768140-11869466;bytes=198243867-198316800;bytes=198387230-198481386;bytes=16834771-17733156;bytes=1008256672-1009147619;bytes=56371234-56468679;bytes=1729710490-1730607334;bytes=133596015-133768878;bytes=132484980-133389993;bytes=295754289-295837678,79ad9d50;7e2f5940;ac611555;7cd8408a;f2758d9e;5e1e904d;ba26e938;d04fd599;13e0f509;4c52aaf7;95bdb1ae;6a1ad004;72790b16;accefc91
4,4,47,success,None,24/Jul/2026:12:41:03.203493,24/Jul/2026:12:41:04.273018,1.0695,18,24/Jul/2026:12:41:03.087178;24/Jul/2026:12:41:03.086746;24/Jul/2026:12:40:42.453522;24/Jul/2026:12:41:02.009221;24/Jul/2026:12:41:03.204434;24/Jul/2026:12:41:03.205195;24/Jul/2026:12:41:02.009991;24/Jul/2026:12:40:53.314588;24/Jul/2026:12:41:02.011661;24/Jul/2026:12:40:42.632126;24/Jul/2026:12:41:03.086615;24/Jul/2026:12:41:03.086552;24/Jul/2026:12:41:04.141505;24/Jul/2026:12:41:02.013843;24/Jul/2026:12:41:00.861425;24/Jul/2026:12:41:02.013762;24/Jul/2026:12:41:02.013722;24/Jul/2026:12:41:03.086018,0.1300;0.1370;20.7754;1.2464;0.0520;0.0615;1.2577;9.9580;2.1367;21.5182;1.0647;1.0719;0.0169;2.1582;3.3153;2.1640;2.1721;1.1253,bytes=137856974-137941086;bytes=137561855-137658424;bytes=1686386198-1687285370;bytes=11768140-11869466;bytes=198243867-198316800;bytes=198387230-198481386;bytes=16834771-17733156;bytes=1008256672-1009147619;bytes=56371234-56468679;bytes=1729710490-1730607334;bytes=133596015-133768878;bytes=132484980-133389993;bytes=295754289-295837678;bytes=110958631-111862687;bytes=1833897375-1833995285;bytes=109160292-110057072;bytes=112848800-112934026;bytes=128302429-129216602,7e2f5940;ac611555;7cd8408a;f2758d9e;5e1e904d;ba26e938;d04fd599;13e0f509;4c52aaf7;95bdb1ae;6a1ad004;72790b16;accefc91;35d6537a;8a6b3348;a16b355c;43cb33a2;c48932af
4,4,63,success,None,24/Jul/2026:12:41:03.269399,24/Jul/2026:12:41:04.485836,1.2164,14,24/Jul/2026:12:40:53.314588;24/Jul/2026:12:41:02.011661;24/Jul/2026:12:40:42.632126;24/Jul/2026:12:41:03.086615;24/Jul/2026:12:41:03.086552;24/Jul/2026:12:41:04.141505;24/Jul/2026:12:41:02.013843;24/Jul/2026:12:41:00.861425;24/Jul/2026:12:41:02.013762;24/Jul/2026:12:41:02.013722;24/Jul/2026:12:41:03.086018;24/Jul/2026:12:41:04.275229;24/Jul/2026:12:41:02.012943;24/Jul/2026:12:40:55.027793,9.9580;2.1367;21.5182;1.0647;1.0719;0.0169;2.1582;3.3153;2.1640;2.1721;1.1253;0.0158;2.3865;9.3735,bytes=1008256672-1009147619;bytes=56371234-56468679;bytes=1729710490-1730607334;bytes=133596015-133768878;bytes=132484980-133389993;bytes=295754289-295837678;bytes=110958631-111862687;bytes=1833897375-1833995285;bytes=109160292-110057072;bytes=112848800-112934026;bytes=128302429-129216602;bytes=389466135-389551735;bytes=94089059-94982248;bytes=1234248263-1234447121,13e0f509;4c52aaf7;95bdb1ae;6a1ad004;72790b16;accefc91;35d6537a;8a6b3348;a16b355c;43cb33a2;c48932af;88032077;eaa58c10;46b0be92
4,4,104,success,None,24/Jul/2026:12:41:04.486060,24/Jul/2026:12:41:05.056324,0.5703,5,24/Jul/2026:12:41:00.023516;24/Jul/2026:12:41:00.051390;24/Jul/2026:12:41:04.486862;24/Jul/2026:12:41:04.486934;24/Jul/2026:12:41:00.885307,4.4712;4.4519;0.0268;0.0307;3.6381,bytes=1751731038-1751952447;bytes=1776050424-1776269551;bytes=430246771-430354975;bytes=430354976-430463924;bytes=1863278791-1863401000,7ff56100;19319903;f1c7c694;271e1705;8e7288e6
4,4,92,success,None,24/Jul/2026:12:41:04.273255,24/Jul/2026:12:41:05.079922,0.8067,13,24/Jul/2026:12:41:04.275229;24/Jul/2026:12:41:02.012943;24/Jul/2026:12:40:55.027793;24/Jul/2026:12:41:00.023516;24/Jul/2026:12:41:00.051390;24/Jul/2026:12:41:04.486862;24/Jul/2026:12:41:04.486934;24/Jul/2026:12:41:00.885307;24/Jul/2026:12:41:02.014120;24/Jul/2026:12:41:05.058114;24/Jul/2026:12:40:54.163682;24/Jul/2026:12:41:02.014244;24/Jul/2026:12:41:04.168360,0.0158;2.3865;9.3735;4.4712;4.4519;0.0268;0.0307;3.6381;3.0488;0.0080;10.9025;3.0539;0.9071,bytes=389466135-389551735;bytes=94089059-94982248;bytes=1234248263-1234447121;bytes=1751731038-1751952447;bytes=1776050424-1776269551;bytes=430246771-430354975;bytes=430354976-430463924;bytes=1863278791-1863401000;bytes=114026307-114924633;bytes=468397470-469287530;bytes=1155966324-1156067607;bytes=116895550-117075558;bytes=328449166-328561210,88032077;eaa58c10;46b0be92;7ff56100;19319903;f1c7c694;271e1705;8e7288e6;c884fb48;694f0efb;cce0af36;dbea000c;00acb23b
4,4,71,success,None,24/Jul/2026:12:41:04.140554,24/Jul/2026:12:41:05.151437,1.0109,29,24/Jul/2026:12:41:02.011661;24/Jul/2026:12:40:42.632126;24/Jul/2026:12:41:03.086615;24/Jul/2026:12:41:03.086552;24/Jul/2026:12:41:04.141505;24/Jul/2026:12:41:02.013843;24/Jul/2026:12:41:00.861425;24/Jul/2026:12:41:02.013762;24/Jul/2026:12:41:02.013722;24/Jul/2026:12:41:03.086018;24/Jul/2026:12:41:04.275229;24/Jul/2026:12:41:02.012943;24/Jul/2026:12:40:55.027793;24/Jul/2026:12:41:00.023516;24/Jul/2026:12:41:00.051390;24/Jul/2026:12:41:04.486862;24/Jul/2026:12:41:04.486934;24/Jul/2026:12:41:00.885307;24/Jul/2026:12:41:02.014120;24/Jul/2026:12:41:05.058114;24/Jul/2026:12:40:54.163682;24/Jul/2026:12:41:02.014244;24/Jul/2026:12:41:04.168360;24/Jul/2026:12:41:04.273769;24/Jul/2026:12:41:05.058423;24/Jul/2026:12:41:04.487450;24/Jul/2026:12:41:04.142304;24/Jul/2026:12:41:05.058551;24/Jul/2026:12:41:04.273689,2.1367;21.5182;1.0647;1.0719;0.0169;2.1582;3.3153;2.1640;2.1721;1.1253;0.0158;2.3865;9.3735;4.4712;4.4519;0.0268;0.0307;3.6381;3.0488;0.0080;10.9025;3.0539;0.9071;0.8143;0.0359;0.6208;0.9677;0.0517;0.8416,bytes=56371234-56468679;bytes=1729710490-1730607334;bytes=133596015-133768878;bytes=132484980-133389993;bytes=295754289-295837678;bytes=110958631-111862687;bytes=1833897375-1833995285;bytes=109160292-110057072;bytes=112848800-112934026;bytes=128302429-129216602;bytes=389466135-389551735;bytes=94089059-94982248;bytes=1234248263-1234447121;bytes=1751731038-1751952447;bytes=1776050424-1776269551;bytes=430246771-430354975;bytes=430354976-430463924;bytes=1863278791-1863401000;bytes=114026307-114924633;bytes=468397470-469287530;bytes=1155966324-1156067607;bytes=116895550-117075558;bytes=328449166-328561210;bytes=375528236-376452203;bytes=471499489-471695438;bytes=434424201-434522248;bytes=299946572-300050268;bytes=475400030-475499794;bytes=374649988-375528235,4c52aaf7;95bdb1ae;6a1ad004;72790b16;accefc91;35d6537a;8a6b3348;a16b355c;43cb33a2;c48932af;88032077;eaa58c10;46b0be92;7ff56100;19319903;f1c7c694;271e1705;8e7288e6;c884fb48;694f0efb;cce0af36;dbea000c;00acb23b;7b227f52;c62e3d7f;43d06ebe;20cf24fc;5e8c2a84;99603eb2
4,4,79,success,None,24/Jul/2026:12:41:04.167559,24/Jul/2026:12:41:05.172434,1.0049,24,24/Jul/2026:12:41:02.013843;24/Jul/2026:12:41:00.861425;24/Jul/2026:12:41:02.013762;24/Jul/2026:12:41:02.013722;24/Jul/2026:12:41:03.086018;24/Jul/2026:12:41:04.275229;24/Jul/2026:12:41:02.012943;24/Jul/2026:12:40:55.027793;24/Jul/2026:12:41:00.023516;24/Jul/2026:12:41:00.051390;24/Jul/2026:12:41:04.486862;24/Jul/2026:12:41:04.486934;24/Jul/2026:12:41:00.885307;24/Jul/2026:12:41:02.014120;24/Jul/2026:12:41:05.058114;24/Jul/2026:12:40:54.163682;24/Jul/2026:12:41:02.014244;24/Jul/2026:12:41:04.168360;24/Jul/2026:12:41:04.273769;24/Jul/2026:12:41:05.058423;24/Jul/2026:12:41:04.487450;24/Jul/2026:12:41:04.142304;24/Jul/2026:12:41:05.058551;24/Jul/2026:12:41:04.273689,2.1582;3.3153;2.1640;2.1721;1.1253;0.0158;2.3865;9.3735;4.4712;4.4519;0.0268;0.0307;3.6381;3.0488;0.0080;10.9025;3.0539;0.9071;0.8143;0.0359;0.6208;0.9677;0.0517;0.8416,bytes=110958631-111862687;bytes=1833897375-1833995285;bytes=109160292-110057072;bytes=112848800-112934026;bytes=128302429-129216602;bytes=389466135-389551735;bytes=94089059-94982248;bytes=1234248263-1234447121;bytes=1751731038-1751952447;bytes=1776050424-1776269551;bytes=430246771-430354975;bytes=430354976-430463924;bytes=1863278791-1863401000;bytes=114026307-114924633;bytes=468397470-469287530;bytes=1155966324-1156067607;bytes=116895550-117075558;bytes=328449166-328561210;bytes=375528236-376452203;bytes=471499489-471695438;bytes=434424201-434522248;bytes=299946572-300050268;bytes=475400030-475499794;bytes=374649988-375528235,35d6537a;8a6b3348;a16b355c;43cb33a2;c48932af;88032077;eaa58c10;46b0be92;7ff56100;19319903;f1c7c694;271e1705;8e7288e6;c884fb48;694f0efb;cce0af36;dbea000c;00acb23b;7b227f52;c62e3d7f;43d06ebe;20cf24fc;5e8c2a84;99603eb2
4,4,164,success,None,24/Jul/2026:12:41:05.151688,24/Jul/2026:12:41:05.773021,0.6213,6,24/Jul/2026:12:41:04.169043;24/Jul/2026:12:41:05.081155;24/Jul/2026:12:41:05.153825;24/Jul/2026:12:41:04.168718;24/Jul/2026:12:41:04.141937;24/Jul/2026:12:41:05.153228,1.0142;0.1056;0.0353;1.0215;1.0489;0.0513,bytes=332696831-332798845;bytes=585970367-586062657;bytes=683585728-683675932;bytes=325737835-326623523;bytes=299612938-299798265;bytes=679755421-679854015,04bb170d;f6908a5b;7ac102e4;3ddcaf63;dc8b4166;a9a817f5
4,4,143,success,None,24/Jul/2026:12:41:05.080200,24/Jul/2026:12:41:05.946796,0.8666,17,24/Jul/2026:12:41:04.273769;24/Jul/2026:12:41:05.058423;24/Jul/2026:12:41:04.487450;24/Jul/2026:12:41:04.142304;24/Jul/2026:12:41:05.058551;24/Jul/2026:12:41:04.273689;24/Jul/2026:12:41:04.169043;24/Jul/2026:12:41:05.081155;24/Jul/2026:12:41:05.153825;24/Jul/2026:12:41:04.168718;24/Jul/2026:12:41:04.141937;24/Jul/2026:12:41:05.153228;24/Jul/2026:12:40:54.070953;24/Jul/2026:12:41:05.057331;24/Jul/2026:12:41:04.141073;24/Jul/2026:12:41:04.141997;24/Jul/2026:12:41:03.086089,0.8143;0.0359;0.6208;0.9677;0.0517;0.8416;1.0142;0.1056;0.0353;1.0215;1.0489;0.0513;11.7110;0.7334;1.6498;1.6564;2.7213,bytes=375528236-376452203;bytes=471499489-471695438;bytes=434424201-434522248;bytes=299946572-300050268;bytes=475400030-475499794;bytes=374649988-375528235;bytes=332696831-332798845;bytes=585970367-586062657;bytes=683585728-683675932;bytes=325737835-326623523;bytes=299612938-299798265;bytes=679755421-679854015;bytes=1061700988-1061896035;bytes=466000762-466912682;bytes=289013214-289896582;bytes=299798266-299946571;bytes=129421908-129600871,7b227f52;c62e3d7f;43d06ebe;20cf24fc;5e8c2a84;99603eb2;04bb170d;f6908a5b;7ac102e4;3ddcaf63;dc8b4166;a9a817f5;864f93ab;2daea648;898d6d69;d3579f61;3dda1791
4,4,114,success,None,24/Jul/2026:12:41:05.056563,24/Jul/2026:12:41:05.988297,0.9317,26,24/Jul/2026:12:41:02.014120;24/Jul/2026:12:41:05.058114;24/Jul/2026:12:40:54.163682;24/Jul/2026:12:41:02.014244;24/Jul/2026:12:41:04.168360;24/Jul/2026:12:41:04.273769;24/Jul/2026:12:41:05.058423;24/Jul/2026:12:41:04.487450;24/Jul/2026:12:41:04.142304;24/Jul/2026:12:41:05.058551;24/Jul/2026:12:41:04.273689;24/Jul/2026:12:41:04.169043;24/Jul/2026:12:41:05.081155;24/Jul/2026:12:41:05.153825;24/Jul/2026:12:41:04.168718;24/Jul/2026:12:41:04.141937;24/Jul/2026:12:41:05.153228;24/Jul/2026:12:40:54.070953;24/Jul/2026:12:41:05.057331;24/Jul/2026:12:41:04.141073;24/Jul/2026:12:41:04.141997;24/Jul/2026:12:41:03.086089;24/Jul/2026:12:41:04.142483;24/Jul/2026:12:41:03.270535;24/Jul/2026:12:41:04.168123;24/Jul/2026:12:41:05.081806,3.0488;0.0080;10.9025;3.0539;0.9071;0.8143;0.0359;0.6208;0.9677;0.0517;0.8416;1.0142;0.1056;0.0353;1.0215;1.0489;0.0513;11.7110;0.7334;1.6498;1.6564;2.7213;1.8136;2.6890;1.8062;0.8988,bytes=114026307-114924633;bytes=468397470-469287530;bytes=1155966324-1156067607;bytes=116895550-117075558;bytes=328449166-328561210;bytes=375528236-376452203;bytes=471499489-471695438;bytes=434424201-434522248;bytes=299946572-300050268;bytes=475400030-475499794;bytes=374649988-375528235;bytes=332696831-332798845;bytes=585970367-586062657;bytes=683585728-683675932;bytes=325737835-326623523;bytes=299612938-299798265;bytes=679755421-679854015;bytes=1061700988-1061896035;bytes=466000762-466912682;bytes=289013214-289896582;bytes=299798266-299946571;bytes=129421908-129600871;bytes=303855190-303954638;bytes=258943324-259039678;bytes=322428762-323341433;bytes=593727707-593827298,c884fb48;694f0efb;cce0af36;dbea000c;00acb23b;7b227f52;c62e3d7f;43d06ebe;20cf24fc;5e8c2a84;99603eb2;04bb170d;f6908a5b;7ac102e4;3ddcaf63;dc8b4166;a9a817f5;864f93ab;2daea648;898d6d69;d3579f61;3dda1791;cf8e4d2b;fc1f419c;ad35c8a3;18f2fa9b
4,4,169,success,None,24/Jul/2026:12:41:05.172694,24/Jul/2026:12:41:06.532466,1.3598,23,24/Jul/2026:12:41:04.169043;24/Jul/2026:12:41:05.081155;24/Jul/2026:12:41:05.153825;24/Jul/2026:12:41:04.168718;24/Jul/2026:12:41:04.141937;24/Jul/2026:12:41:05.153228;24/Jul/2026:12:40:54.070953;24/Jul/2026:12:41:05.057331;24/Jul/2026:12:41:04.141073;24/Jul/2026:12:41:04.141997;24/Jul/2026:12:41:03.086089;24/Jul/2026:12:41:04.142483;24/Jul/2026:12:41:03.270535;24/Jul/2026:12:41:04.168123;24/Jul/2026:12:41:05.081806;24/Jul/2026:12:41:04.168185;24/Jul/2026:12:41:05.058208;24/Jul/2026:12:41:04.487513;24/Jul/2026:12:41:03.205597;24/Jul/2026:12:41:02.013997;24/Jul/2026:12:41:03.205332;24/Jul/2026:12:41:03.272048;24/Jul/2026:12:41:05.989934,1.0142;0.1056;0.0353;1.0215;1.0489;0.0513;11.7110;0.7334;1.6498;1.6564;2.7213;1.8136;2.6890;1.8062;0.8988;1.8277;0.9390;1.5105;2.7924;3.9845;2.7944;2.7297;0.0287,bytes=332696831-332798845;bytes=585970367-586062657;bytes=683585728-683675932;bytes=325737835-326623523;bytes=299612938-299798265;bytes=679755421-679854015;bytes=1061700988-1061896035;bytes=466000762-466912682;bytes=289013214-289896582;bytes=299798266-299946571;bytes=129421908-129600871;bytes=303855190-303954638;bytes=258943324-259039678;bytes=322428762-323341433;bytes=593727707-593827298;bytes=323341434-324254586;bytes=469291187-470216926;bytes=430736930-431646797;bytes=200345843-201239512;bytes=116739249-116816907;bytes=202135189-202210891;bytes=271165756-271261132;bytes=802021126-802106002,04bb170d;f6908a5b;7ac102e4;3ddcaf63;dc8b4166;a9a817f5;864f93ab;2daea648;898d6d69;d3579f61;3dda1791;cf8e4d2b;fc1f419c;ad35c8a3;18f2fa9b;095004d8;95909c05;df1194a6;e0a05819;ece3efc8;1a6434bf;b45dd5df;febac6d4
4,4,182,success,None,24/Jul/2026:12:41:05.773267,24/Jul/2026:12:41:06.799186,1.0259,22,24/Jul/2026:12:40:54.070953;24/Jul/2026:12:41:05.057331;24/Jul/2026:12:41:04.141073;24/Jul/2026:12:41:04.141997;24/Jul/2026:12:41:03.086089;24/Jul/2026:12:41:04.142483;24/Jul/2026:12:41:03.270535;24/Jul/2026:12:41:04.168123;24/Jul/2026:12:41:05.081806;24/Jul/2026:12:41:04.168185;24/Jul/2026:12:41:05.058208;24/Jul/2026:12:41:04.487513;24/Jul/2026:12:41:03.205597;24/Jul/2026:12:41:02.013997;24/Jul/2026:12:41:03.205332;24/Jul/2026:12:41:03.272048;24/Jul/2026:12:41:05.989934;24/Jul/2026:12:41:05.775235;24/Jul/2026:12:41:05.152572;24/Jul/2026:12:40:43.912814;24/Jul/2026:12:41:04.487574;24/Jul/2026:12:41:03.251246,11.7110;0.7334;1.6498;1.6564;2.7213;1.8136;2.6890;1.8062;0.8988;1.8277;0.9390;1.5105;2.7924;3.9845;2.7944;2.7297;0.0287;0.7645;1.3910;22.6306;2.0569;3.3013,bytes=1061700988-1061896035;bytes=466000762-466912682;bytes=289013214-289896582;bytes=299798266-299946571;bytes=129421908-129600871;bytes=303855190-303954638;bytes=258943324-259039678;bytes=322428762-323341433;bytes=593727707-593827298;bytes=323341434-324254586;bytes=469291187-470216926;bytes=430736930-431646797;bytes=200345843-201239512;bytes=116739249-116816907;bytes=202135189-202210891;bytes=271165756-271261132;bytes=802021126-802106002;bytes=753281709-753484098;bytes=671887942-672069898;bytes=1863278791-1863401000;bytes=431646798-432525201;bytes=234844687-234959608,864f93ab;2daea648;898d6d69;d3579f61;3dda1791;cf8e4d2b;fc1f419c;ad35c8a3;18f2fa9b;095004d8;95909c05;df1194a6;e0a05819;ece3efc8;1a6434bf;b45dd5df;febac6d4;c07d55df;6d0d463a;319c1a16;da5911c2;f5293620
4,4,194,success,None,24/Jul/2026:12:41:05.988533,24/Jul/2026:12:41:06.803226,0.8147,13,24/Jul/2026:12:41:04.168185;24/Jul/2026:12:41:05.058208;24/Jul/2026:12:41:04.487513;24/Jul/2026:12:41:03.205597;24/Jul/2026:12:41:02.013997;24/Jul/2026:12:41:03.205332;24/Jul/2026:12:41:03.272048;24/Jul/2026:12:41:05.989934;24/Jul/2026:12:41:05.775235;24/Jul/2026:12:41:05.152572;24/Jul/2026:12:40:43.912814;24/Jul/2026:12:41:04.487574;24/Jul/2026:12:41:03.251246,1.8277;0.9390;1.5105;2.7924;3.9845;2.7944;2.7297;0.0287;0.7645;1.3910;22.6306;2.0569;3.3013,bytes=323341434-324254586;bytes=469291187-470216926;bytes=430736930-431646797;bytes=200345843-201239512;bytes=116739249-116816907;bytes=202135189-202210891;bytes=271165756-271261132;bytes=802021126-802106002;bytes=753281709-753484098;bytes=671887942-672069898;bytes=1863278791-1863401000;bytes=431646798-432525201;bytes=234844687-234959608,095004d8;95909c05;df1194a6;e0a05819;ece3efc8;1a6434bf;b45dd5df;febac6d4;c07d55df;6d0d463a;319c1a16;da5911c2;f5293620
4,4,189,success,None,24/Jul/2026:12:41:05.947049,24/Jul/2026:12:41:06.930623,0.9836,25,24/Jul/2026:12:41:04.142483;24/Jul/2026:12:41:03.270535;24/Jul/2026:12:41:04.168123;24/Jul/2026:12:41:05.081806;24/Jul/2026:12:41:04.168185;24/Jul/2026:12:41:05.058208;24/Jul/2026:12:41:04.487513;24/Jul/2026:12:41:03.205597;24/Jul/2026:12:41:02.013997;24/Jul/2026:12:41:03.205332;24/Jul/2026:12:41:03.272048;24/Jul/2026:12:41:05.989934;24/Jul/2026:12:41:05.775235;24/Jul/2026:12:41:05.152572;24/Jul/2026:12:40:43.912814;24/Jul/2026:12:41:04.487574;24/Jul/2026:12:41:03.251246;24/Jul/2026:12:41:05.173973;24/Jul/2026:12:41:04.486724;24/Jul/2026:12:41:04.167939;24/Jul/2026:12:41:03.206078;24/Jul/2026:12:41:06.800655;24/Jul/2026:12:41:03.270198;24/Jul/2026:12:41:06.802139;24/Jul/2026:12:41:05.988961,1.8136;2.6890;1.8062;0.8988;1.8277;0.9390;1.5105;2.7924;3.9845;2.7944;2.7297;0.0287;0.7645;1.3910;22.6306;2.0569;3.3013;1.6345;2.3221;2.6459;3.6081;0.0291;3.5656;0.0388;0.8581,bytes=303855190-303954638;bytes=258943324-259039678;bytes=322428762-323341433;bytes=593727707-593827298;bytes=323341434-324254586;bytes=469291187-470216926;bytes=430736930-431646797;bytes=200345843-201239512;bytes=116739249-116816907;bytes=202135189-202210891;bytes=271165756-271261132;bytes=802021126-802106002;bytes=753281709-753484098;bytes=671887942-672069898;bytes=1863278791-1863401000;bytes=431646798-432525201;bytes=234844687-234959608;bytes=691750301-691855838;bytes=426301153-426473200;bytes=320668843-321553734;bytes=202391546-202490488;bytes=855488348-855583983;bytes=256033693-256930902;bytes=863925524-864038540;bytes=791287728-792184752,cf8e4d2b;fc1f419c;ad35c8a3;18f2fa9b;095004d8;95909c05;df1194a6;e0a05819;ece3efc8;1a6434bf;b45dd5df;febac6d4;c07d55df;6d0d463a;319c1a16;da5911c2;f5293620;00ac7be6;1b0c8015;5b2f26b4;3651a3ab;6bde913d;a5332da3;587d429c;dcc3ae65
4,4,222,success,None,24/Jul/2026:12:41:06.930862,24/Jul/2026:12:41:07.553195,0.6223,6,24/Jul/2026:12:41:06.804060;24/Jul/2026:12:41:06.804508;24/Jul/2026:12:40:56.450409;24/Jul/2026:12:41:00.050902;24/Jul/2026:12:41:06.534220;24/Jul/2026:12:41:05.153171,0.1322;0.1352;10.4924;6.8930;0.4115;1.7932,bytes=884707907-884805069;bytes=888747607-888852077;bytes=1399232347-1399329067;bytes=1768351294-1768455343;bytes=831132034-831223478;bytes=679660475-679755420,d60b5dcc;681e9c7b;fc013bf1;22b342a3;9a635d5c;3f56bd34
4,4,202,success,None,24/Jul/2026:12:41:06.532725,24/Jul/2026:12:41:07.594502,1.0618,24,24/Jul/2026:12:41:05.775235;24/Jul/2026:12:41:05.152572;24/Jul/2026:12:40:43.912814;24/Jul/2026:12:41:04.487574;24/Jul/2026:12:41:03.251246;24/Jul/2026:12:41:05.173973;24/Jul/2026:12:41:04.486724;24/Jul/2026:12:41:04.167939;24/Jul/2026:12:41:03.206078;24/Jul/2026:12:41:06.800655;24/Jul/2026:12:41:03.270198;24/Jul/2026:12:41:06.802139;24/Jul/2026:12:41:05.988961;24/Jul/2026:12:41:06.804060;24/Jul/2026:12:41:06.804508;24/Jul/2026:12:40:56.450409;24/Jul/2026:12:41:00.050902;24/Jul/2026:12:41:06.534220;24/Jul/2026:12:41:05.153171;24/Jul/2026:12:41:02.012398;24/Jul/2026:12:41:06.805248;24/Jul/2026:12:41:05.081018;24/Jul/2026:12:41:07.555329;24/Jul/2026:12:40:55.027624,0.7645;1.3910;22.6306;2.0569;3.3013;1.6345;2.3221;2.6459;3.6081;0.0291;3.5656;0.0388;0.8581;0.1322;0.1352;10.4924;6.8930;0.4115;1.7932;5.5556;0.7668;2.4926;0.0212;12.5516,bytes=753281709-753484098;bytes=671887942-672069898;bytes=1863278791-1863401000;bytes=431646798-432525201;bytes=234844687-234959608;bytes=691750301-691855838;bytes=426301153-426473200;bytes=320668843-321553734;bytes=202391546-202490488;bytes=855488348-855583983;bytes=256033693-256930902;bytes=863925524-864038540;bytes=791287728-792184752;bytes=884707907-884805069;bytes=888747607-888852077;bytes=1399232347-1399329067;bytes=1768351294-1768455343;bytes=831132034-831223478;bytes=679660475-679755420;bytes=90102089-90990899;bytes=896800876-896891274;bytes=584776568-585679500;bytes=945938518-946040321;bytes=1229225232-1230126897,c07d55df;6d0d463a;319c1a16;da5911c2;f5293620;00ac7be6;1b0c8015;5b2f26b4;3651a3ab;6bde913d;a5332da3;587d429c;dcc3ae65;d60b5dcc;681e9c7b;fc013bf1;22b342a3;9a635d5c;3f56bd34;329571e5;5d80a461;1cbab3fe;7cc65950;7457dd8b
4,4,216,success,None,24/Jul/2026:12:41:06.803462,24/Jul/2026:12:41:07.803969,1.0005,27,24/Jul/2026:12:41:05.173973;24/Jul/2026:12:41:04.486724;24/Jul/2026:12:41:04.167939;24/Jul/2026:12:41:03.206078;24/Jul/2026:12:41:06.800655;24/Jul/2026:12:41:03.270198;24/Jul/2026:12:41:06.802139;24/Jul/2026:12:41:05.988961;24/Jul/2026:12:41:06.804060;24/Jul/2026:12:41:06.804508;24/Jul/2026:12:40:56.450409;24/Jul/2026:12:41:00.050902;24/Jul/2026:12:41:06.534220;24/Jul/2026:12:41:05.153171;24/Jul/2026:12:41:02.012398;24/Jul/2026:12:41:06.805248;24/Jul/2026:12:41:05.081018;24/Jul/2026:12:41:07.555329;24/Jul/2026:12:40:55.027624;24/Jul/2026:12:41:07.555949;24/Jul/2026:12:41:03.087117;24/Jul/2026:12:41:06.804448;24/Jul/2026:12:41:06.805182;24/Jul/2026:12:41:05.774383;24/Jul/2026:12:41:06.804186;24/Jul/2026:12:41:03.250703;24/Jul/2026:12:41:05.082008,1.6345;2.3221;2.6459;3.6081;0.0291;3.5656;0.0388;0.8581;0.1322;0.1352;10.4924;6.8930;0.4115;1.7932;5.5556;0.7668;2.4926;0.0212;12.5516;0.0453;4.5164;0.8005;0.8001;1.8336;0.8098;4.3639;2.5441,bytes=691750301-691855838;bytes=426301153-426473200;bytes=320668843-321553734;bytes=202391546-202490488;bytes=855488348-855583983;bytes=256033693-256930902;bytes=863925524-864038540;bytes=791287728-792184752;bytes=884707907-884805069;bytes=888747607-888852077;bytes=1399232347-1399329067;bytes=1768351294-1768455343;bytes=831132034-831223478;bytes=679660475-679755420;bytes=90102089-90990899;bytes=896800876-896891274;bytes=584776568-585679500;bytes=945938518-946040321;bytes=1229225232-1230126897;bytes=950144914-950343103;bytes=137758750-137856973;bytes=887495717-888397956;bytes=896684116-896800875;bytes=746221054-747119316;bytes=888578476-888747606;bytes=230710875-230812357;bytes=591060464-591949920,00ac7be6;1b0c8015;5b2f26b4;3651a3ab;6bde913d;a5332da3;587d429c;dcc3ae65;d60b5dcc;681e9c7b;fc013bf1;22b342a3;9a635d5c;3f56bd34;329571e5;5d80a461;1cbab3fe;7cc65950;7457dd8b;a9d18dfb;8529f206;9ad7b989;a1f7396b;73a35a38;e5c09007;03c0ab75;0e7de83d
4,4,208,success,None,24/Jul/2026:12:41:06.799434,24/Jul/2026:12:41:07.903927,1.1045,29,24/Jul/2026:12:41:05.173973;24/Jul/2026:12:41:04.486724;24/Jul/2026:12:41:04.167939;24/Jul/2026:12:41:03.206078;24/Jul/2026:12:41:06.800655;24/Jul/2026:12:41:03.270198;24/Jul/2026:12:41:06.802139;24/Jul/2026:12:41:05.988961;24/Jul/2026:12:41:06.804060;24/Jul/2026:12:41:06.804508;24/Jul/2026:12:40:56.450409;24/Jul/2026:12:41:00.050902;24/Jul/2026:12:41:06.534220;24/Jul/2026:12:41:05.153171;24/Jul/2026:12:41:02.012398;24/Jul/2026:12:41:06.805248;24/Jul/2026:12:41:05.081018;24/Jul/2026:12:41:07.555329;24/Jul/2026:12:40:55.027624;24/Jul/2026:12:41:07.555949;24/Jul/2026:12:41:03.087117;24/Jul/2026:12:41:06.804448;24/Jul/2026:12:41:06.805182;24/Jul/2026:12:41:05.774383;24/Jul/2026:12:41:06.804186;24/Jul/2026:12:41:03.250703;24/Jul/2026:12:41:05.082008;24/Jul/2026:12:41:07.555252;24/Jul/2026:12:40:43.816676,1.6345;2.3221;2.6459;3.6081;0.0291;3.5656;0.0388;0.8581;0.1322;0.1352;10.4924;6.8930;0.4115;1.7932;5.5556;0.7668;2.4926;0.0212;12.5516;0.0453;4.5164;0.8005;0.8001;1.8336;0.8098;4.3639;2.5441;0.2696;24.0171,bytes=691750301-691855838;bytes=426301153-426473200;bytes=320668843-321553734;bytes=202391546-202490488;bytes=855488348-855583983;bytes=256033693-256930902;bytes=863925524-864038540;bytes=791287728-792184752;bytes=884707907-884805069;bytes=888747607-888852077;bytes=1399232347-1399329067;bytes=1768351294-1768455343;bytes=831132034-831223478;bytes=679660475-679755420;bytes=90102089-90990899;bytes=896800876-896891274;bytes=584776568-585679500;bytes=945938518-946040321;bytes=1229225232-1230126897;bytes=950144914-950343103;bytes=137758750-137856973;bytes=887495717-888397956;bytes=896684116-896800875;bytes=746221054-747119316;bytes=888578476-888747606;bytes=230710875-230812357;bytes=591060464-591949920;bytes=944859053-945756147;bytes=1830328858-1831223988,00ac7be6;1b0c8015;5b2f26b4;3651a3ab;6bde913d;a5332da3;587d429c;dcc3ae65;d60b5dcc;681e9c7b;fc013bf1;22b342a3;9a635d5c;3f56bd34;329571e5;5d80a461;1cbab3fe;7cc65950;7457dd8b;a9d18dfb;8529f206;9ad7b989;a1f7396b;73a35a38;e5c09007;03c0ab75;0e7de83d;9d80bc0a;37e4df84
4,4,230,success,None,24/Jul/2026:12:41:07.553459,24/Jul/2026:12:41:08.368160,0.8147,19,24/Jul/2026:12:41:02.012398;24/Jul/2026:12:41:06.805248;24/Jul/2026:12:41:05.081018;24/Jul/2026:12:41:07.555329;24/Jul/2026:12:40:55.027624;24/Jul/2026:12:41:07.555949;24/Jul/2026:12:41:03.087117;24/Jul/2026:12:41:06.804448;24/Jul/2026:12:41:06.805182;24/Jul/2026:12:41:05.774383;24/Jul/2026:12:41:06.804186;24/Jul/2026:12:41:03.250703;24/Jul/2026:12:41:05.082008;24/Jul/2026:12:41:07.555252;24/Jul/2026:12:40:43.816676;24/Jul/2026:12:41:07.805347;24/Jul/2026:12:41:07.596963;24/Jul/2026:12:41:06.931180;24/Jul/2026:12:41:07.595291,5.5556;0.7668;2.4926;0.0212;12.5516;0.0453;4.5164;0.8005;0.8001;1.8336;0.8098;4.3639;2.5441;0.2696;24.0171;0.1061;0.3158;1.0342;0.3724,bytes=90102089-90990899;bytes=896800876-896891274;bytes=584776568-585679500;bytes=945938518-946040321;bytes=1229225232-1230126897;bytes=950144914-950343103;bytes=137758750-137856973;bytes=887495717-888397956;bytes=896684116-896800875;bytes=746221054-747119316;bytes=888578476-888747606;bytes=230710875-230812357;bytes=591060464-591949920;bytes=944859053-945756147;bytes=1830328858-1831223988;bytes=1004913912-1005794314;bytes=971200231-971334664;bytes=905539407-906426954;bytes=958866360-959747614,329571e5;5d80a461;1cbab3fe;7cc65950;7457dd8b;a9d18dfb;8529f206;9ad7b989;a1f7396b;73a35a38;e5c09007;03c0ab75;0e7de83d;9d80bc0a;37e4df84;19686e9f;91de2528;c36d4aeb;9822f7ad
4,4,235,success,None,24/Jul/2026:12:41:07.594782,24/Jul/2026:12:41:08.375483,0.7807,14,24/Jul/2026:12:41:07.555949;24/Jul/2026:12:41:03.087117;24/Jul/2026:12:41:06.804448;24/Jul/2026:12:41:06.805182;24/Jul/2026:12:41:05.774383;24/Jul/2026:12:41:06.804186;24/Jul/2026:12:41:03.250703;24/Jul/2026:12:41:05.082008;24/Jul/2026:12:41:07.555252;24/Jul/2026:12:40:43.816676;24/Jul/2026:12:41:07.805347;24/Jul/2026:12:41:07.596963;24/Jul/2026:12:41:06.931180;24/Jul/2026:12:41:07.595291,0.0453;4.5164;0.8005;0.8001;1.8336;0.8098;4.3639;2.5441;0.2696;24.0171;0.1061;0.3158;1.0342;0.3724,bytes=950144914-950343103;bytes=137758750-137856973;bytes=887495717-888397956;bytes=896684116-896800875;bytes=746221054-747119316;bytes=888578476-888747606;bytes=230710875-230812357;bytes=591060464-591949920;bytes=944859053-945756147;bytes=1830328858-1831223988;bytes=1004913912-1005794314;bytes=971200231-971334664;bytes=905539407-906426954;bytes=958866360-959747614,a9d18dfb;8529f206;9ad7b989;a1f7396b;73a35a38;e5c09007;03c0ab75;0e7de83d;9d80bc0a;37e4df84;19686e9f;91de2528;c36d4aeb;9822f7ad
4,4,245,success,None,24/Jul/2026:12:41:07.804223,24/Jul/2026:12:41:08.748663,0.9444,16,24/Jul/2026:12:41:07.555252;24/Jul/2026:12:40:43.816676;24/Jul/2026:12:41:07.805347;24/Jul/2026:12:41:07.596963;24/Jul/2026:12:41:06.931180;24/Jul/2026:12:41:07.595291;24/Jul/2026:12:41:04.487196;24/Jul/2026:12:41:06.932543;24/Jul/2026:12:41:01.020167;24/Jul/2026:12:41:06.804628;24/Jul/2026:12:41:07.555742;24/Jul/2026:12:41:03.271671;24/Jul/2026:12:41:00.885044;24/Jul/2026:12:41:06.533867;24/Jul/2026:12:41:06.800519;24/Jul/2026:12:41:07.595419,0.2696;24.0171;0.1061;0.3158;1.0342;0.3724;3.8951;1.4498;7.3731;1.5903;0.8396;5.1276;7.5184;1.8715;1.6129;0.8276,bytes=944859053-945756147;bytes=1830328858-1831223988;bytes=1004913912-1005794314;bytes=971200231-971334664;bytes=905539407-906426954;bytes=958866360-959747614;bytes=429342132-430246770;bytes=916648942-917562538;bytes=1913111073-1913233495;bytes=892558689-892746711;bytes=947954488-948878951;bytes=264136703-265035310;bytes=1857098814-1858011977;bytes=831033455-831132033;bytes=851465819-851662793;bytes=959747615-960627516,9d80bc0a;37e4df84;19686e9f;91de2528;c36d4aeb;9822f7ad;2debfa70;5baeaf40;7343df17;f173fc38;11d40cac;5d8c51eb;099a50fd;8bf53a29;2073ecdd;7b4ac683
4,4,259,success,None,24/Jul/2026:12:41:07.904152,24/Jul/2026:12:41:08.975138,1.0710,18,24/Jul/2026:12:41:07.805347;24/Jul/2026:12:41:07.596963;24/Jul/2026:12:41:06.931180;24/Jul/2026:12:41:07.595291;24/Jul/2026:12:41:04.487196;24/Jul/2026:12:41:06.932543;24/Jul/2026:12:41:01.020167;24/Jul/2026:12:41:06.804628;24/Jul/2026:12:41:07.555742;24/Jul/2026:12:41:03.271671;24/Jul/2026:12:41:00.885044;24/Jul/2026:12:41:06.533867;24/Jul/2026:12:41:06.800519;24/Jul/2026:12:41:07.595419;24/Jul/2026:12:41:08.378037;24/Jul/2026:12:41:06.804122;24/Jul/2026:12:41:06.932413;24/Jul/2026:12:41:08.378436,0.1061;0.3158;1.0342;0.3724;3.8951;1.4498;7.3731;1.5903;0.8396;5.1276;7.5184;1.8715;1.6129;0.8276;0.3877;1.9664;1.8423;0.4677,bytes=1004913912-1005794314;bytes=971200231-971334664;bytes=905539407-906426954;bytes=958866360-959747614;bytes=429342132-430246770;bytes=916648942-917562538;bytes=1913111073-1913233495;bytes=892558689-892746711;bytes=947954488-948878951;bytes=264136703-265035310;bytes=1857098814-1858011977;bytes=831033455-831132033;bytes=851465819-851662793;bytes=959747615-960627516;bytes=1155051558-1155966323;bytes=888397957-888578475;bytes=914849596-915733968;bytes=1156366251-1156590784,19686e9f;91de2528;c36d4aeb;9822f7ad;2debfa70;5baeaf40;7343df17;f173fc38;11d40cac;5d8c51eb;099a50fd;8bf53a29;2073ecdd;7b4ac683;89a86898;1581c4d3;98d0d3bf;939a4fec
4,4,281,success,None,24/Jul/2026:12:41:08.375802,24/Jul/2026:12:41:09.133598,0.7578,17,24/Jul/2026:12:41:04.487196;24/Jul/2026:12:41:06.932543;24/Jul/2026:12:41:01.020167;24/Jul/2026:12:41:06.804628;24/Jul/2026:12:41:07.555742;24/Jul/2026:12:41:03.271671;24/Jul/2026:12:41:00.885044;24/Jul/2026:12:41:06.533867;24/Jul/2026:12:41:06.800519;24/Jul/2026:12:41:07.595419;24/Jul/2026:12:41:08.378037;24/Jul/2026:12:41:06.804122;24/Jul/2026:12:41:06.932413;24/Jul/2026:12:41:08.378436;24/Jul/2026:12:41:06.931467;24/Jul/2026:12:41:06.931608;24/Jul/2026:12:41:03.271417,3.8951;1.4498;7.3731;1.5903;0.8396;5.1276;7.5184;1.8715;1.6129;0.8276;0.3877;1.9664;1.8423;0.4677;2.0517;2.0548;5.7355,bytes=429342132-430246770;bytes=916648942-917562538;bytes=1913111073-1913233495;bytes=892558689-892746711;bytes=947954488-948878951;bytes=264136703-265035310;bytes=1857098814-1858011977;bytes=831033455-831132033;bytes=851465819-851662793;bytes=959747615-960627516;bytes=1155051558-1155966323;bytes=888397957-888578475;bytes=914849596-915733968;bytes=1156366251-1156590784;bytes=908256746-909174225;bytes=909567986-909777505;bytes=263078676-263235809,2debfa70;5baeaf40;7343df17;f173fc38;11d40cac;5d8c51eb;099a50fd;8bf53a29;2073ecdd;7b4ac683;89a86898;1581c4d3;98d0d3bf;939a4fec;706ab187;8b7211a6;2653ff2f
4,4,273,success,None,24/Jul/2026:12:41:08.368427,24/Jul/2026:12:41:09.180652,0.8122,22,24/Jul/2026:12:41:04.487196;24/Jul/2026:12:41:06.932543;24/Jul/2026:12:41:01.020167;24/Jul/2026:12:41:06.804628;24/Jul/2026:12:41:07.555742;24/Jul/2026:12:41:03.271671;24/Jul/2026:12:41:00.885044;24/Jul/2026:12:41:06.533867;24/Jul/2026:12:41:06.800519;24/Jul/2026:12:41:07.595419;24/Jul/2026:12:41:08.378037;24/Jul/2026:12:41:06.804122;24/Jul/2026:12:41:06.932413;24/Jul/2026:12:41:08.378436;24/Jul/2026:12:41:06.931467;24/Jul/2026:12:41:06.931608;24/Jul/2026:12:41:03.271417;24/Jul/2026:12:41:08.749680;24/Jul/2026:12:41:08.750520;24/Jul/2026:12:41:08.976712;24/Jul/2026:12:41:08.751129;24/Jul/2026:12:41:06.533948,3.8951;1.4498;7.3731;1.5903;0.8396;5.1276;7.5184;1.8715;1.6129;0.8276;0.3877;1.9664;1.8423;0.4677;2.0517;2.0548;5.7355;0.3991;0.3983;0.1722;0.3981;2.6293,bytes=429342132-430246770;bytes=916648942-917562538;bytes=1913111073-1913233495;bytes=892558689-892746711;bytes=947954488-948878951;bytes=264136703-265035310;bytes=1857098814-1858011977;bytes=831033455-831132033;bytes=851465819-851662793;bytes=959747615-960627516;bytes=1155051558-1155966323;bytes=888397957-888578475;bytes=914849596-915733968;bytes=1156366251-1156590784;bytes=908256746-909174225;bytes=909567986-909777505;bytes=263078676-263235809;bytes=1179798088-1180699053;bytes=1185275506-1185387123;bytes=1226344342-1226446784;bytes=1193008035-1193097805;bytes=827353500-828260586,2debfa70;5baeaf40;7343df17;f173fc38;11d40cac;5d8c51eb;099a50fd;8bf53a29;2073ecdd;7b4ac683;89a86898;1581c4d3;98d0d3bf;939a4fec;706ab187;8b7211a6;2653ff2f;b50c5636;20543d1b;b883a2b0;c0c4a066;ad3eb05b
4,4,288,success,None,24/Jul/2026:12:41:08.748900,24/Jul/2026:12:41:09.723563,0.9747,17,24/Jul/2026:12:41:08.378037;24/Jul/2026:12:41:06.804122;24/Jul/2026:12:41:06.932413;24/Jul/2026:12:41:08.378436;24/Jul/2026:12:41:06.931467;24/Jul/2026:12:41:06.931608;24/Jul/2026:12:41:03.271417;24/Jul/2026:12:41:08.749680;24/Jul/2026:12:41:08.750520;24/Jul/2026:12:41:08.976712;24/Jul/2026:12:41:08.751129;24/Jul/2026:12:41:06.533948;24/Jul/2026:12:41:08.378947;24/Jul/2026:12:41:06.534740;24/Jul/2026:12:41:06.802003;24/Jul/2026:12:41:09.181908;24/Jul/2026:12:41:07.805929,0.3877;1.9664;1.8423;0.4677;2.0517;2.0548;5.7355;0.3991;0.3983;0.1722;0.3981;2.6293;0.8104;2.6551;2.3900;0.0314;1.4104,bytes=1155051558-1155966323;bytes=888397957-888578475;bytes=914849596-915733968;bytes=1156366251-1156590784;bytes=908256746-909174225;bytes=909567986-909777505;bytes=263078676-263235809;bytes=1179798088-1180699053;bytes=1185275506-1185387123;bytes=1226344342-1226446784;bytes=1193008035-1193097805;bytes=827353500-828260586;bytes=1160305917-1160410984;bytes=834004341-834907025;bytes=859906909-860111158;bytes=1284071790-1284178328;bytes=1010031743-1010957159,89a86898;1581c4d3;98d0d3bf;939a4fec;706ab187;8b7211a6;2653ff2f;b50c5636;20543d1b;b883a2b0;c0c4a066;ad3eb05b;ee08dbee;0005f000;8a4d7747;d2771c40;901c20f5
4,4,307,success,None,24/Jul/2026:12:41:09.133856,24/Jul/2026:12:41:10.009557,0.8757,15,24/Jul/2026:12:41:08.749680;24/Jul/2026:12:41:08.750520;24/Jul/2026:12:41:08.976712;24/Jul/2026:12:41:08.751129;24/Jul/2026:12:41:06.533948;24/Jul/2026:12:41:08.378947;24/Jul/2026:12:41:06.534740;24/Jul/2026:12:41:06.802003;24/Jul/2026:12:41:09.181908;24/Jul/2026:12:41:07.805929;24/Jul/2026:12:41:03.271611;24/Jul/2026:12:40:57.184231;24/Jul/2026:12:41:04.169399;24/Jul/2026:12:41:09.182049;24/Jul/2026:12:41:09.725813,0.3991;0.3983;0.1722;0.3981;2.6293;0.8104;2.6551;2.3900;0.0314;1.4104;6.4589;12.5482;5.5722;0.5683;0.0249,bytes=1179798088-1180699053;bytes=1185275506-1185387123;bytes=1226344342-1226446784;bytes=1193008035-1193097805;bytes=827353500-828260586;bytes=1160305917-1160410984;bytes=834004341-834907025;bytes=859906909-860111158;bytes=1284071790-1284178328;bytes=1010031743-1010957159;bytes=263235810-264136702;bytes=1457575477-1457781999;bytes=336613849-336701983;bytes=1281237338-1282119680;bytes=1374767610-1374868609,b50c5636;20543d1b;b883a2b0;c0c4a066;ad3eb05b;ee08dbee;0005f000;8a4d7747;d2771c40;901c20f5;af3dbeee;75d3b8fd;b9349539;66c424c7;2fcbac0e
4,4,298,success,None,24/Jul/2026:12:41:08.975366,24/Jul/2026:12:41:10.167433,1.1921,21,24/Jul/2026:12:41:06.931467;24/Jul/2026:12:41:06.931608;24/Jul/2026:12:41:03.271417;24/Jul/2026:12:41:08.749680;24/Jul/2026:12:41:08.750520;24/Jul/2026:12:41:08.976712;24/Jul/2026:12:41:08.751129;24/Jul/2026:12:41:06.533948;24/Jul/2026:12:41:08.378947;24/Jul/2026:12:41:06.534740;24/Jul/2026:12:41:06.802003;24/Jul/2026:12:41:09.181908;24/Jul/2026:12:41:07.805929;24/Jul/2026:12:41:03.271611;24/Jul/2026:12:40:57.184231;24/Jul/2026:12:41:04.169399;24/Jul/2026:12:41:09.182049;24/Jul/2026:12:41:09.725813;24/Jul/2026:12:41:09.725079;24/Jul/2026:12:41:09.725329;24/Jul/2026:12:41:06.801098,2.0517;2.0548;5.7355;0.3991;0.3983;0.1722;0.3981;2.6293;0.8104;2.6551;2.3900;0.0314;1.4104;6.4589;12.5482;5.5722;0.5683;0.0249;0.2905;0.2969;3.2344,bytes=908256746-909174225;bytes=909567986-909777505;bytes=263078676-263235809;bytes=1179798088-1180699053;bytes=1185275506-1185387123;bytes=1226344342-1226446784;bytes=1193008035-1193097805;bytes=827353500-828260586;bytes=1160305917-1160410984;bytes=834004341-834907025;bytes=859906909-860111158;bytes=1284071790-1284178328;bytes=1010031743-1010957159;bytes=263235810-264136702;bytes=1457575477-1457781999;bytes=336613849-336701983;bytes=1281237338-1282119680;bytes=1374767610-1374868609;bytes=1366926798-1367041586;bytes=1367179170-1368089298;bytes=855866605-856077754,706ab187;8b7211a6;2653ff2f;b50c5636;20543d1b;b883a2b0;c0c4a066;ad3eb05b;ee08dbee;0005f000;8a4d7747;d2771c40;901c20f5;af3dbeee;75d3b8fd;b9349539;66c424c7;2fcbac0e;c26ab751;51934c0b;ffcdbdb9
4,4,332,success,None,24/Jul/2026:12:41:09.723803,24/Jul/2026:12:41:10.337534,0.6137,17,24/Jul/2026:12:41:03.271611;24/Jul/2026:12:40:57.184231;24/Jul/2026:12:41:04.169399;24/Jul/2026:12:41:09.182049;24/Jul/2026:12:41:09.725813;24/Jul/2026:12:41:09.725079;24/Jul/2026:12:41:09.725329;24/Jul/2026:12:41:06.801098;24/Jul/2026:12:41:10.010830;24/Jul/2026:12:40:57.351693;24/Jul/2026:12:41:09.182112;24/Jul/2026:12:41:10.011901;24/Jul/2026:12:41:10.168912;24/Jul/2026:12:41:07.596498;24/Jul/2026:12:41:10.168504;24/Jul/2026:12:41:08.977279;24/Jul/2026:12:41:09.724449,6.4589;12.5482;5.5722;0.5683;0.0249;0.2905;0.2969;3.2344;0.1643;12.8258;0.9969;0.1680;0.0149;2.5956;0.0265;1.2185;0.4722,bytes=263235810-264136702;bytes=1457575477-1457781999;bytes=336613849-336701983;bytes=1281237338-1282119680;bytes=1374767610-1374868609;bytes=1366926798-1367041586;bytes=1367179170-1368089298;bytes=855866605-856077754;bytes=1391281071-1391383536;bytes=1480057986-1480957527;bytes=1282119681-1283007566;bytes=1399618279-1399848398;bytes=1420371913-1420456723;bytes=970857298-970965957;bytes=1420154835-1420260149;bytes=1230454212-1230555523;bytes=1361576051-1362486598,af3dbeee;75d3b8fd;b9349539;66c424c7;2fcbac0e;c26ab751;51934c0b;ffcdbdb9;bb326b3a;9fd35c0a;cf4e135f;3855c2ab;219212dd;ea67bc67;3e744a63;c38d4437;de5bf484
4,4,312,success,None,24/Jul/2026:12:41:09.180905,24/Jul/2026:12:41:10.450618,1.2697,24,24/Jul/2026:12:41:08.378947;24/Jul/2026:12:41:06.534740;24/Jul/2026:12:41:06.802003;24/Jul/2026:12:41:09.181908;24/Jul/2026:12:41:07.805929;24/Jul/2026:12:41:03.271611;24/Jul/2026:12:40:57.184231;24/Jul/2026:12:41:04.169399;24/Jul/2026:12:41:09.182049;24/Jul/2026:12:41:09.725813;24/Jul/2026:12:41:09.725079;24/Jul/2026:12:41:09.725329;24/Jul/2026:12:41:06.801098;24/Jul/2026:12:41:10.010830;24/Jul/2026:12:40:57.351693;24/Jul/2026:12:41:09.182112;24/Jul/2026:12:41:10.011901;24/Jul/2026:12:41:10.168912;24/Jul/2026:12:41:07.596498;24/Jul/2026:12:41:10.168504;24/Jul/2026:12:41:08.977279;24/Jul/2026:12:41:09.724449;24/Jul/2026:12:41:08.371213;24/Jul/2026:12:41:04.274469,0.8104;2.6551;2.3900;0.0314;1.4104;6.4589;12.5482;5.5722;0.5683;0.0249;0.2905;0.2969;3.2344;0.1643;12.8258;0.9969;0.1680;0.0149;2.5956;0.0265;1.2185;0.4722;1.9781;6.0806,bytes=1160305917-1160410984;bytes=834004341-834907025;bytes=859906909-860111158;bytes=1284071790-1284178328;bytes=1010031743-1010957159;bytes=263235810-264136702;bytes=1457575477-1457781999;bytes=336613849-336701983;bytes=1281237338-1282119680;bytes=1374767610-1374868609;bytes=1366926798-1367041586;bytes=1367179170-1368089298;bytes=855866605-856077754;bytes=1391281071-1391383536;bytes=1480057986-1480957527;bytes=1282119681-1283007566;bytes=1399618279-1399848398;bytes=1420371913-1420456723;bytes=970857298-970965957;bytes=1420154835-1420260149;bytes=1230454212-1230555523;bytes=1361576051-1362486598;bytes=1127510188-1127617438;bytes=381723900-381803305,ee08dbee;0005f000;8a4d7747;d2771c40;901c20f5;af3dbeee;75d3b8fd;b9349539;66c424c7;2fcbac0e;c26ab751;51934c0b;ffcdbdb9;bb326b3a;9fd35c0a;cf4e135f;3855c2ab;219212dd;ea67bc67;3e744a63;c38d4437;de5bf484;fed4f3aa;b169c637
4,4,353,success,None,24/Jul/2026:12:41:10.337772,24/Jul/2026:12:41:10.962602,0.6248,6,24/Jul/2026:12:41:08.371213;24/Jul/2026:12:41:04.274469;24/Jul/2026:12:41:09.136532;24/Jul/2026:12:41:05.989401;24/Jul/2026:12:41:10.010636;24/Jul/2026:12:41:10.010369,1.9781;6.0806;1.3260;4.4806;0.4639;0.4768,bytes=1127510188-1127617438;bytes=381723900-381803305;bytes=1268026567-1268180234;bytes=798049574-798125793;bytes=1389990828-1390890488;bytes=1388165987-1389066682,fed4f3aa;b169c637;43ccb91e;24648d50;b6f45d26;68df952c
4,4,339,success,None,24/Jul/2026:12:41:10.009818,24/Jul/2026:12:41:11.016853,1.0070,23,24/Jul/2026:12:41:09.725079;24/Jul/2026:12:41:09.725329;24/Jul/2026:12:41:06.801098;24/Jul/2026:12:41:10.010830;24/Jul/2026:12:40:57.351693;24/Jul/2026:12:41:09.182112;24/Jul/2026:12:41:10.011901;24/Jul/2026:12:41:10.168912;24/Jul/2026:12:41:07.596498;24/Jul/2026:12:41:10.168504;24/Jul/2026:12:41:08.977279;24/Jul/2026:12:41:09.724449;24/Jul/2026:12:41:08.371213;24/Jul/2026:12:41:04.274469;24/Jul/2026:12:41:09.136532;24/Jul/2026:12:41:05.989401;24/Jul/2026:12:41:10.010636;24/Jul/2026:12:41:10.010369;24/Jul/2026:12:41:06.535097;24/Jul/2026:12:41:10.168434;24/Jul/2026:12:41:05.082094;24/Jul/2026:12:41:10.963698;24/Jul/2026:12:41:05.948412,0.2905;0.2969;3.2344;0.1643;12.8258;0.9969;0.1680;0.0149;2.5956;0.0265;1.2185;0.4722;1.9781;6.0806;1.3260;4.4806;0.4639;0.4768;4.4382;0.8081;5.8965;0.0232;5.0439,bytes=1366926798-1367041586;bytes=1367179170-1368089298;bytes=855866605-856077754;bytes=1391281071-1391383536;bytes=1480057986-1480957527;bytes=1282119681-1283007566;bytes=1399618279-1399848398;bytes=1420371913-1420456723;bytes=970857298-970965957;bytes=1420154835-1420260149;bytes=1230454212-1230555523;bytes=1361576051-1362486598;bytes=1127510188-1127617438;bytes=381723900-381803305;bytes=1268026567-1268180234;bytes=798049574-798125793;bytes=1389990828-1390890488;bytes=1388165987-1389066682;bytes=839203006-839374748;bytes=1416425565-1416558525;bytes=591949921-592841814;bytes=1515370634-1515493012;bytes=775282914-776163131,c26ab751;51934c0b;ffcdbdb9;bb326b3a;9fd35c0a;cf4e135f;3855c2ab;219212dd;ea67bc67;3e744a63;c38d4437;de5bf484;fed4f3aa;b169c637;43ccb91e;24648d50;b6f45d26;68df952c;7fe391ca;1e9ba163;141df6ce;08d7f601;60d60be1
4,4,345,success,None,24/Jul/2026:12:41:10.167665,24/Jul/2026:12:41:11.185771,1.0181,25,24/Jul/2026:12:41:10.010830;24/Jul/2026:12:40:57.351693;24/Jul/2026:12:41:09.182112;24/Jul/2026:12:41:10.011901;24/Jul/2026:12:41:10.168912;24/Jul/2026:12:41:07.596498;24/Jul/2026:12:41:10.168504;24/Jul/2026:12:41:08.977279;24/Jul/2026:12:41:09.724449;24/Jul/2026:12:41:08.371213;24/Jul/2026:12:41:04.274469;24/Jul/2026:12:41:09.136532;24/Jul/2026:12:41:05.989401;24/Jul/2026:12:41:10.010636;24/Jul/2026:12:41:10.010369;24/Jul/2026:12:41:06.535097;24/Jul/2026:12:41:10.168434;24/Jul/2026:12:41:05.082094;24/Jul/2026:12:41:10.963698;24/Jul/2026:12:41:05.948412;24/Jul/2026:12:41:10.339187;24/Jul/2026:12:41:08.376989;24/Jul/2026:12:41:10.338383;24/Jul/2026:12:41:10.451752;24/Jul/2026:12:41:05.990124,0.1643;12.8258;0.9969;0.1680;0.0149;2.5956;0.0265;1.2185;0.4722;1.9781;6.0806;1.3260;4.4806;0.4639;0.4768;4.4382;0.8081;5.8965;0.0232;5.0439;0.6851;2.6486;0.6893;0.5798;5.0545,bytes=1391281071-1391383536;bytes=1480057986-1480957527;bytes=1282119681-1283007566;bytes=1399618279-1399848398;bytes=1420371913-1420456723;bytes=970857298-970965957;bytes=1420154835-1420260149;bytes=1230454212-1230555523;bytes=1361576051-1362486598;bytes=1127510188-1127617438;bytes=381723900-381803305;bytes=1268026567-1268180234;bytes=798049574-798125793;bytes=1389990828-1390890488;bytes=1388165987-1389066682;bytes=839203006-839374748;bytes=1416425565-1416558525;bytes=591949921-592841814;bytes=1515370634-1515493012;bytes=775282914-776163131;bytes=1457279876-1457391330;bytes=1151930820-1152133993;bytes=1447754491-1448667937;bytes=1477734559-1477913759;bytes=800127308-801045268,bb326b3a;9fd35c0a;cf4e135f;3855c2ab;219212dd;ea67bc67;3e744a63;c38d4437;de5bf484;fed4f3aa;b169c637;43ccb91e;24648d50;b6f45d26;68df952c;7fe391ca;1e9ba163;141df6ce;08d7f601;60d60be1;bc52530e;e6ff09de;3e268610;c5185125;6fa5bae6
4,4,359,success,None,24/Jul/2026:12:41:10.450876,24/Jul/2026:12:41:11.703278,1.2524,18,24/Jul/2026:12:41:09.136532;24/Jul/2026:12:41:05.989401;24/Jul/2026:12:41:10.010636;24/Jul/2026:12:41:10.010369;24/Jul/2026:12:41:06.535097;24/Jul/2026:12:41:10.168434;24/Jul/2026:12:41:05.082094;24/Jul/2026:12:41:10.963698;24/Jul/2026:12:41:05.948412;24/Jul/2026:12:41:10.339187;24/Jul/2026:12:41:08.376989;24/Jul/2026:12:41:10.338383;24/Jul/2026:12:41:10.451752;24/Jul/2026:12:41:05.990124;24/Jul/2026:12:41:08.750390;24/Jul/2026:12:41:10.010905;24/Jul/2026:12:41:10.452592;24/Jul/2026:12:41:10.167991,1.3260;4.4806;0.4639;0.4768;4.4382;0.8081;5.8965;0.0232;5.0439;0.6851;2.6486;0.6893;0.5798;5.0545;2.4450;1.1864;0.7533;1.0463,bytes=1268026567-1268180234;bytes=798049574-798125793;bytes=1389990828-1390890488;bytes=1388165987-1389066682;bytes=839203006-839374748;bytes=1416425565-1416558525;bytes=591949921-592841814;bytes=1515370634-1515493012;bytes=775282914-776163131;bytes=1457279876-1457391330;bytes=1151930820-1152133993;bytes=1447754491-1448667937;bytes=1477734559-1477913759;bytes=800127308-801045268;bytes=1183952771-1184843815;bytes=1395014152-1395112256;bytes=1480057986-1480957527;bytes=1412465872-1413367245,43ccb91e;24648d50;b6f45d26;68df952c;7fe391ca;1e9ba163;141df6ce;08d7f601;60d60be1;bc52530e;e6ff09de;3e268610;c5185125;6fa5bae6;ad032d8f;57d566c7;5ab7c8af;0b376440
4,4,368,success,None,24/Jul/2026:12:41:10.962852,24/Jul/2026:12:41:11.987860,1.0250,16,24/Jul/2026:12:41:06.535097;24/Jul/2026:12:41:10.168434;24/Jul/2026:12:41:05.082094;24/Jul/2026:12:41:10.963698;24/Jul/2026:12:41:05.948412;24/Jul/2026:12:41:10.339187;24/Jul/2026:12:41:08.376989;24/Jul/2026:12:41:10.338383;24/Jul/2026:12:41:10.451752;24/Jul/2026:12:41:05.990124;24/Jul/2026:12:41:08.750390;24/Jul/2026:12:41:10.010905;24/Jul/2026:12:41:10.452592;24/Jul/2026:12:41:10.167991;24/Jul/2026:12:41:11.018279;24/Jul/2026:12:41:08.378699,4.4382;0.8081;5.8965;0.0232;5.0439;0.6851;2.6486;0.6893;0.5798;5.0545;2.4450;1.1864;0.7533;1.0463;0.6947;3.3633,bytes=839203006-839374748;bytes=1416425565-1416558525;bytes=591949921-592841814;bytes=1515370634-1515493012;bytes=775282914-776163131;bytes=1457279876-1457391330;bytes=1151930820-1152133993;bytes=1447754491-1448667937;bytes=1477734559-1477913759;bytes=800127308-801045268;bytes=1183952771-1184843815;bytes=1395014152-1395112256;bytes=1480057986-1480957527;bytes=1412465872-1413367245;bytes=1536262503-1537167632;bytes=1160189423-1160305916,7fe391ca;1e9ba163;141df6ce;08d7f601;60d60be1;bc52530e;e6ff09de;3e268610;c5185125;6fa5bae6;ad032d8f;57d566c7;5ab7c8af;0b376440;abbd721a;fc83a571
4,4,374,success,None,24/Jul/2026:12:41:11.017114,24/Jul/2026:12:41:12.215537,1.1984,13,24/Jul/2026:12:41:10.339187;24/Jul/2026:12:41:08.376989;24/Jul/2026:12:41:10.338383;24/Jul/2026:12:41:10.451752;24/Jul/2026:12:41:05.990124;24/Jul/2026:12:41:08.750390;24/Jul/2026:12:41:10.010905;24/Jul/2026:12:41:10.452592;24/Jul/2026:12:41:10.167991;24/Jul/2026:12:41:11.018279;24/Jul/2026:12:41:08.378699;24/Jul/2026:12:41:11.705013;24/Jul/2026:12:41:11.989648,0.6851;2.6486;0.6893;0.5798;5.0545;2.4450;1.1864;0.7533;1.0463;0.6947;3.3633;0.3035;0.0370,bytes=1457279876-1457391330;bytes=1151930820-1152133993;bytes=1447754491-1448667937;bytes=1477734559-1477913759;bytes=800127308-801045268;bytes=1183952771-1184843815;bytes=1395014152-1395112256;bytes=1480057986-1480957527;bytes=1412465872-1413367245;bytes=1536262503-1537167632;bytes=1160189423-1160305916;bytes=1627291684-1627479651;bytes=1652157320-1652269896,bc52530e;e6ff09de;3e268610;c5185125;6fa5bae6;ad032d8f;57d566c7;5ab7c8af;0b376440;abbd721a;fc83a571;86b371d0;8b7fcd30
4,4,383,success,None,24/Jul/2026:12:41:11.186214,24/Jul/2026:12:41:12.254620,1.0684,14,24/Jul/2026:12:41:08.750390;24/Jul/2026:12:41:10.010905;24/Jul/2026:12:41:10.452592;24/Jul/2026:12:41:10.167991;24/Jul/2026:12:41:11.018279;24/Jul/2026:12:41:08.378699;24/Jul/2026:12:41:11.705013;24/Jul/2026:12:41:11.989648;24/Jul/2026:12:41:11.704316;24/Jul/2026:12:41:11.990039;24/Jul/2026:12:41:11.018424;24/Jul/2026:12:41:10.339567;24/Jul/2026:12:41:10.452530;24/Jul/2026:12:41:10.963374,2.4450;1.1864;0.7533;1.0463;0.6947;3.3633;0.3035;0.0370;0.5194;0.2351;1.2113;1.8955;1.7912;1.2846,bytes=1183952771-1184843815;bytes=1395014152-1395112256;bytes=1480057986-1480957527;bytes=1412465872-1413367245;bytes=1536262503-1537167632;bytes=1160189423-1160305916;bytes=1627291684-1627479651;bytes=1652157320-1652269896;bytes=1623075604-1623171853;bytes=1652378506-1652589838;bytes=1538063972-1538975340;bytes=1457575477-1457781999;bytes=1479162819-1480057985;bytes=1509197624-1510114642,ad032d8f;57d566c7;5ab7c8af;0b376440;abbd721a;fc83a571;86b371d0;8b7fcd30;16e2c12e;156e869f;9740b437;9ec9c73b;0fa8a7c1;49d97ea7
4,4,394,success,None,24/Jul/2026:12:41:11.703508,24/Jul/2026:12:41:12.434511,0.7310,18,24/Jul/2026:12:41:11.018279;24/Jul/2026:12:41:08.378699;24/Jul/2026:12:41:11.705013;24/Jul/2026:12:41:11.989648;24/Jul/2026:12:41:11.704316;24/Jul/2026:12:41:11.990039;24/Jul/2026:12:41:11.018424;24/Jul/2026:12:41:10.339567;24/Jul/2026:12:41:10.452530;24/Jul/2026:12:41:10.963374;24/Jul/2026:12:41:00.884994;24/Jul/2026:12:41:10.168983;24/Jul/2026:12:41:12.217176;24/Jul/2026:12:41:11.704955;24/Jul/2026:12:41:05.080867;24/Jul/2026:12:41:06.931816;24/Jul/2026:12:41:11.704169;24/Jul/2026:12:41:06.802067,0.6947;3.3633;0.3035;0.0370;0.5194;0.2351;1.2113;1.8955;1.7912;1.2846;11.3759;2.0967;0.0488;0.5640;7.1903;5.3405;0.5684;5.4713,bytes=1536262503-1537167632;bytes=1160189423-1160305916;bytes=1627291684-1627479651;bytes=1652157320-1652269896;bytes=1623075604-1623171853;bytes=1652378506-1652589838;bytes=1538063972-1538975340;bytes=1457575477-1457781999;bytes=1479162819-1480057985;bytes=1509197624-1510114642;bytes=1856220188-1857098813;bytes=1420456724-1420551045;bytes=1681277533-1681392847;bytes=1627088920-1627291683;bytes=582993358-583873171;bytes=909777506-910654116;bytes=1619285811-1619379555;bytes=860111159-860341447,abbd721a;fc83a571;86b371d0;8b7fcd30;16e2c12e;156e869f;9740b437;9ec9c73b;0fa8a7c1;49d97ea7;038ea84b;e0e7ce40;fb1450b5;c0740cec;075c07f1;284baecc;1057a55c;e6df886f
4,4,400,success,None,24/Jul/2026:12:41:11.988108,24/Jul/2026:12:41:13.254198,1.2661,20,24/Jul/2026:12:41:11.705013;24/Jul/2026:12:41:11.989648;24/Jul/2026:12:41:11.704316;24/Jul/2026:12:41:11.990039;24/Jul/2026:12:41:11.018424;24/Jul/2026:12:41:10.339567;24/Jul/2026:12:41:10.452530;24/Jul/2026:12:41:10.963374;24/Jul/2026:12:41:00.884994;24/Jul/2026:12:41:10.168983;24/Jul/2026:12:41:12.217176;24/Jul/2026:12:41:11.704955;24/Jul/2026:12:41:05.080867;24/Jul/2026:12:41:06.931816;24/Jul/2026:12:41:11.704169;24/Jul/2026:12:41:06.802067;24/Jul/2026:12:41:08.370708;24/Jul/2026:12:41:04.169298;24/Jul/2026:12:41:11.704673;24/Jul/2026:12:41:11.017531,0.3035;0.0370;0.5194;0.2351;1.2113;1.8955;1.7912;1.2846;11.3759;2.0967;0.0488;0.5640;7.1903;5.3405;0.5684;5.4713;4.1020;8.3055;0.7714;1.4673,bytes=1627291684-1627479651;bytes=1652157320-1652269896;bytes=1623075604-1623171853;bytes=1652378506-1652589838;bytes=1538063972-1538975340;bytes=1457575477-1457781999;bytes=1479162819-1480057985;bytes=1509197624-1510114642;bytes=1856220188-1857098813;bytes=1420456724-1420551045;bytes=1681277533-1681392847;bytes=1627088920-1627291683;bytes=582993358-583873171;bytes=909777506-910654116;bytes=1619285811-1619379555;bytes=860111159-860341447;bytes=1127411820-1127510187;bytes=332798846-332900129;bytes=1621266175-1622172846;bytes=1532210324-1533108244,86b371d0;8b7fcd30;16e2c12e;156e869f;9740b437;9ec9c73b;0fa8a7c1;49d97ea7;038ea84b;e0e7ce40;fb1450b5;c0740cec;075c07f1;284baecc;1057a55c;e6df886f;e1aa3331;fdbcd5c6;0422570b;00a476ad
4,4,419,success,None,24/Jul/2026:12:41:12.254854,24/Jul/2026:12:41:13.398819,1.1440,19,24/Jul/2026:12:41:00.884994;24/Jul/2026:12:41:10.168983;24/Jul/2026:12:41:12.217176;24/Jul/2026:12:41:11.704955;24/Jul/2026:12:41:05.080867;24/Jul/2026:12:41:06.931816;24/Jul/2026:12:41:11.704169;24/Jul/2026:12:41:06.802067;24/Jul/2026:12:41:08.370708;24/Jul/2026:12:41:04.169298;24/Jul/2026:12:41:11.704673;24/Jul/2026:12:41:11.017531;24/Jul/2026:12:41:11.704486;24/Jul/2026:12:41:09.724799;24/Jul/2026:12:41:11.186984;24/Jul/2026:12:41:04.274744;24/Jul/2026:12:41:12.218193;24/Jul/2026:12:41:13.255739;24/Jul/2026:12:41:10.963296,11.3759;2.0967;0.0488;0.5640;7.1903;5.3405;0.5684;5.4713;4.1020;8.3055;0.7714;1.4673;1.5633;3.5555;2.0936;9.0060;1.0626;0.0303;2.3227,bytes=1856220188-1857098813;bytes=1420456724-1420551045;bytes=1681277533-1681392847;bytes=1627088920-1627291683;bytes=582993358-583873171;bytes=909777506-910654116;bytes=1619285811-1619379555;bytes=860111159-860341447;bytes=1127411820-1127510187;bytes=332798846-332900129;bytes=1621266175-1622172846;bytes=1532210324-1533108244;bytes=1619476435-1620387923;bytes=1363111433-1364026104;bytes=1570528441-1571410928;bytes=385600052-385701537;bytes=1685487327-1686386197;bytes=1772396262-1772498628;bytes=1508317758-1509197623,038ea84b;e0e7ce40;fb1450b5;c0740cec;075c07f1;284baecc;1057a55c;e6df886f;e1aa3331;fdbcd5c6;0422570b;00a476ad;75fac68d;2b27b6e5;bccef6dd;90b9a0e4;fb6f1711;7fdd5dd4;c3f8b6a2
4,4,409,success,None,24/Jul/2026:12:41:12.215827,24/Jul/2026:12:41:13.501874,1.2860,28,24/Jul/2026:12:41:11.704316;24/Jul/2026:12:41:11.990039;24/Jul/2026:12:41:11.018424;24/Jul/2026:12:41:10.339567;24/Jul/2026:12:41:10.452530;24/Jul/2026:12:41:10.963374;24/Jul/2026:12:41:00.884994;24/Jul/2026:12:41:10.168983;24/Jul/2026:12:41:12.217176;24/Jul/2026:12:41:11.704955;24/Jul/2026:12:41:05.080867;24/Jul/2026:12:41:06.931816;24/Jul/2026:12:41:11.704169;24/Jul/2026:12:41:06.802067;24/Jul/2026:12:41:08.370708;24/Jul/2026:12:41:04.169298;24/Jul/2026:12:41:11.704673;24/Jul/2026:12:41:11.017531;24/Jul/2026:12:41:11.704486;24/Jul/2026:12:41:09.724799;24/Jul/2026:12:41:11.186984;24/Jul/2026:12:41:04.274744;24/Jul/2026:12:41:12.218193;24/Jul/2026:12:41:13.255739;24/Jul/2026:12:41:10.963296;24/Jul/2026:12:41:12.256604;24/Jul/2026:12:41:13.256246;24/Jul/2026:12:41:11.989240,0.5194;0.2351;1.2113;1.8955;1.7912;1.2846;11.3759;2.0967;0.0488;0.5640;7.1903;5.3405;0.5684;5.4713;4.1020;8.3055;0.7714;1.4673;1.5633;3.5555;2.0936;9.0060;1.0626;0.0303;2.3227;1.1562;0.1580;1.4404,bytes=1623075604-1623171853;bytes=1652378506-1652589838;bytes=1538063972-1538975340;bytes=1457575477-1457781999;bytes=1479162819-1480057985;bytes=1509197624-1510114642;bytes=1856220188-1857098813;bytes=1420456724-1420551045;bytes=1681277533-1681392847;bytes=1627088920-1627291683;bytes=582993358-583873171;bytes=909777506-910654116;bytes=1619285811-1619379555;bytes=860111159-860341447;bytes=1127411820-1127510187;bytes=332798846-332900129;bytes=1621266175-1622172846;bytes=1532210324-1533108244;bytes=1619476435-1620387923;bytes=1363111433-1364026104;bytes=1570528441-1571410928;bytes=385600052-385701537;bytes=1685487327-1686386197;bytes=1772396262-1772498628;bytes=1508317758-1509197623;bytes=1726916520-1727026583;bytes=1780142688-1780298575;bytes=1645163150-1646055920,16e2c12e;156e869f;9740b437;9ec9c73b;0fa8a7c1;49d97ea7;038ea84b;e0e7ce40;fb1450b5;c0740cec;075c07f1;284baecc;1057a55c;e6df886f;e1aa3331;fdbcd5c6;0422570b;00a476ad;75fac68d;2b27b6e5;bccef6dd;90b9a0e4;fb6f1711;7fdd5dd4;c3f8b6a2;1d6bf3a4;147c5b46;077dd1a5
4,4,425,success,None,24/Jul/2026:12:41:12.434733,24/Jul/2026:12:41:13.741266,1.3065,18,24/Jul/2026:12:41:08.370708;24/Jul/2026:12:41:04.169298;24/Jul/2026:12:41:11.704673;24/Jul/2026:12:41:11.017531;24/Jul/2026:12:41:11.704486;24/Jul/2026:12:41:09.724799;24/Jul/2026:12:41:11.186984;24/Jul/2026:12:41:04.274744;24/Jul/2026:12:41:12.218193;24/Jul/2026:12:41:13.255739;24/Jul/2026:12:41:10.963296;24/Jul/2026:12:41:12.256604;24/Jul/2026:12:41:13.256246;24/Jul/2026:12:41:11.989240;24/Jul/2026:12:41:13.400197;24/Jul/2026:12:41:11.705475;24/Jul/2026:12:41:11.017658;24/Jul/2026:12:41:10.338528,4.1020;8.3055;0.7714;1.4673;1.5633;3.5555;2.0936;9.0060;1.0626;0.0303;2.3227;1.1562;0.1580;1.4404;0.1176;1.8130;2.5045;3.2011,bytes=1127411820-1127510187;bytes=332798846-332900129;bytes=1621266175-1622172846;bytes=1532210324-1533108244;bytes=1619476435-1620387923;bytes=1363111433-1364026104;bytes=1570528441-1571410928;bytes=385600052-385701537;bytes=1685487327-1686386197;bytes=1772396262-1772498628;bytes=1508317758-1509197623;bytes=1726916520-1727026583;bytes=1780142688-1780298575;bytes=1645163150-1646055920;bytes=1830212579-1830328857;bytes=1631293355-1631518879;bytes=1533108245-1534002611;bytes=1449081047-1449314185,e1aa3331;fdbcd5c6;0422570b;00a476ad;75fac68d;2b27b6e5;bccef6dd;90b9a0e4;fb6f1711;7fdd5dd4;c3f8b6a2;1d6bf3a4;147c5b46;077dd1a5;3b82c08d;52462fe3;8acaa1f7;6adc2507
4,4,430,success,None,24/Jul/2026:12:41:13.254457,24/Jul/2026:12:41:14.079891,0.8254,19,24/Jul/2026:12:41:11.704486;24/Jul/2026:12:41:09.724799;24/Jul/2026:12:41:11.186984;24/Jul/2026:12:41:04.274744;24/Jul/2026:12:41:12.218193;24/Jul/2026:12:41:13.255739;24/Jul/2026:12:41:10.963296;24/Jul/2026:12:41:12.256604;24/Jul/2026:12:41:13.256246;24/Jul/2026:12:41:11.989240;24/Jul/2026:12:41:13.400197;24/Jul/2026:12:41:11.705475;24/Jul/2026:12:41:11.017658;24/Jul/2026:12:41:10.338528;24/Jul/2026:12:41:12.436444;24/Jul/2026:12:41:06.804317;24/Jul/2026:12:41:13.400735;24/Jul/2026:12:41:13.255064;24/Jul/2026:12:41:11.705536,1.5633;3.5555;2.0936;9.0060;1.0626;0.0303;2.3227;1.1562;0.1580;1.4404;0.1176;1.8130;2.5045;3.2011;1.3134;6.9473;0.3593;0.5118;2.0737,bytes=1619476435-1620387923;bytes=1363111433-1364026104;bytes=1570528441-1571410928;bytes=385600052-385701537;bytes=1685487327-1686386197;bytes=1772396262-1772498628;bytes=1508317758-1509197623;bytes=1726916520-1727026583;bytes=1780142688-1780298575;bytes=1645163150-1646055920;bytes=1830212579-1830328857;bytes=1631293355-1631518879;bytes=1533108245-1534002611;bytes=1449081047-1449314185;bytes=1753687955-1754602556;bytes=885700910-886589731;bytes=1837991559-1838079960;bytes=1766216719-1767122736;bytes=1631518880-1631706528,75fac68d;2b27b6e5;bccef6dd;90b9a0e4;fb6f1711;7fdd5dd4;c3f8b6a2;1d6bf3a4;147c5b46;077dd1a5;3b82c08d;52462fe3;8acaa1f7;6adc2507;cbdf22bb;97384e4f;74d331e8;487b0110;05f9afaf
4,4,444,success,None,24/Jul/2026:12:41:13.399031,24/Jul/2026:12:41:14.254679,0.8556,12,24/Jul/2026:12:41:12.256604;24/Jul/2026:12:41:13.256246;24/Jul/2026:12:41:11.989240;24/Jul/2026:12:41:13.400197;24/Jul/2026:12:41:11.705475;24/Jul/2026:12:41:11.017658;24/Jul/2026:12:41:10.338528;24/Jul/2026:12:41:12.436444;24/Jul/2026:12:41:06.804317;24/Jul/2026:12:41:13.400735;24/Jul/2026:12:41:13.255064;24/Jul/2026:12:41:11.705536,1.1562;0.1580;1.4404;0.1176;1.8130;2.5045;3.2011;1.3134;6.9473;0.3593;0.5118;2.0737,bytes=1726916520-1727026583;bytes=1780142688-1780298575;bytes=1645163150-1646055920;bytes=1830212579-1830328857;bytes=1631293355-1631518879;bytes=1533108245-1534002611;bytes=1449081047-1449314185;bytes=1753687955-1754602556;bytes=885700910-886589731;bytes=1837991559-1838079960;bytes=1766216719-1767122736;bytes=1631518880-1631706528,1d6bf3a4;147c5b46;077dd1a5;3b82c08d;52462fe3;8acaa1f7;6adc2507;cbdf22bb;97384e4f;74d331e8;487b0110;05f9afaf
4,4,450,success,None,24/Jul/2026:12:41:13.502150,24/Jul/2026:12:41:14.321598,0.8194,9,24/Jul/2026:12:41:13.400197;24/Jul/2026:12:41:11.705475;24/Jul/2026:12:41:11.017658;24/Jul/2026:12:41:10.338528;24/Jul/2026:12:41:12.436444;24/Jul/2026:12:41:06.804317;24/Jul/2026:12:41:13.400735;24/Jul/2026:12:41:13.255064;24/Jul/2026:12:41:11.705536,0.1176;1.8130;2.5045;3.2011;1.3134;6.9473;0.3593;0.5118;2.0737,bytes=1830212579-1830328857;bytes=1631293355-1631518879;bytes=1533108245-1534002611;bytes=1449081047-1449314185;bytes=1753687955-1754602556;bytes=885700910-886589731;bytes=1837991559-1838079960;bytes=1766216719-1767122736;bytes=1631518880-1631706528,3b82c08d;52462fe3;8acaa1f7;6adc2507;cbdf22bb;97384e4f;74d331e8;487b0110;05f9afaf
4,4,462,success,None,24/Jul/2026:12:41:13.741516,24/Jul/2026:12:41:14.604257,0.8627,5,24/Jul/2026:12:41:12.436444;24/Jul/2026:12:41:06.804317;24/Jul/2026:12:41:13.400735;24/Jul/2026:12:41:13.255064;24/Jul/2026:12:41:11.705536,1.3134;6.9473;0.3593;0.5118;2.0737,bytes=1753687955-1754602556;bytes=885700910-886589731;bytes=1837991559-1838079960;bytes=1766216719-1767122736;bytes=1631518880-1631706528,cbdf22bb;97384e4f;74d331e8;487b0110;05f9afaf
5,4,2,success,None,24/Jul/2026:12:41:14.605445,24/Jul/2026:12:41:15.650778,1.0453,10,24/Jul/2026:12:41:14.608381;24/Jul/2026:12:41:14.607237;24/Jul/2026:12:40:45.952749;24/Jul/2026:12:41:14.609469;24/Jul/2026:12:41:05.773884;24/Jul/2026:12:40:58.347863;24/Jul/2026:12:41:14.611375;24/Jul/2026:12:40:59.810040;24/Jul/2026:12:41:14.608323;24/Jul/2026:12:41:09.135165,0.0222;0.0300;28.7030;0.0630;8.9014;16.3357;0.0845;14.8865;0.0923;5.5731,bytes=23748272-23833272;bytes=15652078-15733139;bytes=47344469-48235896;bytes=56155737-56304528;bytes=743121808-744027704;bytes=1585619758-1585797663;bytes=96873784-96964377;bytes=1729710490-1730607334;bytes=23662341-23748271;bytes=1262551368-1263462554,209271dc;1336cd15;e8738b61;7deccee3;0c3c85d2;44501625;b289bc91;c4fb7e3e;748ed18e;3b6ca8af
5,4,31,success,None,24/Jul/2026:12:41:14.606272,24/Jul/2026:12:41:15.653977,1.0477,10,24/Jul/2026:12:41:14.608381;24/Jul/2026:12:41:14.607237;24/Jul/2026:12:40:45.952749;24/Jul/2026:12:41:14.609469;24/Jul/2026:12:41:05.773884;24/Jul/2026:12:40:58.347863;24/Jul/2026:12:41:14.611375;24/Jul/2026:12:40:59.810040;24/Jul/2026:12:41:14.608323;24/Jul/2026:12:41:09.135165,0.0222;0.0300;28.7030;0.0630;8.9014;16.3357;0.0845;14.8865;0.0923;5.5731,bytes=23748272-23833272;bytes=15652078-15733139;bytes=47344469-48235896;bytes=56155737-56304528;bytes=743121808-744027704;bytes=1585619758-1585797663;bytes=96873784-96964377;bytes=1729710490-1730607334;bytes=23662341-23748271;bytes=1262551368-1263462554,209271dc;1336cd15;e8738b61;7deccee3;0c3c85d2;44501625;b289bc91;c4fb7e3e;748ed18e;3b6ca8af
5,4,26,success,None,24/Jul/2026:12:41:14.606168,24/Jul/2026:12:41:15.754486,1.1483,16,24/Jul/2026:12:41:14.608381;24/Jul/2026:12:41:14.607237;24/Jul/2026:12:40:45.952749;24/Jul/2026:12:41:14.609469;24/Jul/2026:12:41:05.773884;24/Jul/2026:12:40:58.347863;24/Jul/2026:12:41:14.611375;24/Jul/2026:12:40:59.810040;24/Jul/2026:12:41:14.608323;24/Jul/2026:12:41:09.135165;24/Jul/2026:12:41:14.609881;24/Jul/2026:12:41:15.652027;24/Jul/2026:12:41:14.607022;24/Jul/2026:12:41:04.141874;24/Jul/2026:12:41:15.656178;24/Jul/2026:12:41:15.656246,0.0222;0.0300;28.7030;0.0630;8.9014;16.3357;0.0845;14.8865;0.0923;5.5731;1.0468;0.0149;1.0607;11.5356;0.0216;0.0224,bytes=23748272-23833272;bytes=15652078-15733139;bytes=47344469-48235896;bytes=56155737-56304528;bytes=743121808-744027704;bytes=1585619758-1585797663;bytes=96873784-96964377;bytes=1729710490-1730607334;bytes=23662341-23748271;bytes=1262551368-1263462554;bytes=56468680-56567129;bytes=198243867-198316800;bytes=11768140-11869466;bytes=295934868-296035698;bytes=238767074-238849891;bytes=238849892-238943532,209271dc;1336cd15;e8738b61;7deccee3;0c3c85d2;44501625;b289bc91;c4fb7e3e;748ed18e;3b6ca8af;340c6060;257e16dc;29022216;abbded50;f7fad057;bef509a7
5,4,21,success,None,24/Jul/2026:12:41:14.605803,24/Jul/2026:12:41:15.919263,1.3134,19,24/Jul/2026:12:41:14.608381;24/Jul/2026:12:41:14.607237;24/Jul/2026:12:40:45.952749;24/Jul/2026:12:41:14.609469;24/Jul/2026:12:41:05.773884;24/Jul/2026:12:40:58.347863;24/Jul/2026:12:41:14.611375;24/Jul/2026:12:40:59.810040;24/Jul/2026:12:41:14.608323;24/Jul/2026:12:41:09.135165;24/Jul/2026:12:41:14.609881;24/Jul/2026:12:41:15.652027;24/Jul/2026:12:41:14.607022;24/Jul/2026:12:41:04.141874;24/Jul/2026:12:41:15.656178;24/Jul/2026:12:41:15.656246;24/Jul/2026:12:41:14.612278;24/Jul/2026:12:41:15.655225;24/Jul/2026:12:41:07.554168,0.0222;0.0300;28.7030;0.0630;8.9014;16.3357;0.0845;14.8865;0.0923;5.5731;1.0468;0.0149;1.0607;11.5356;0.0216;0.0224;1.1927;0.1529;8.2716,bytes=23748272-23833272;bytes=15652078-15733139;bytes=47344469-48235896;bytes=56155737-56304528;bytes=743121808-744027704;bytes=1585619758-1585797663;bytes=96873784-96964377;bytes=1729710490-1730607334;bytes=23662341-23748271;bytes=1262551368-1263462554;bytes=56468680-56567129;bytes=198243867-198316800;bytes=11768140-11869466;bytes=295934868-296035698;bytes=238767074-238849891;bytes=238849892-238943532;bytes=105164290-106057566;bytes=230710875-230812357;bytes=939950589-940860236,209271dc;1336cd15;e8738b61;7deccee3;0c3c85d2;44501625;b289bc91;c4fb7e3e;748ed18e;3b6ca8af;340c6060;257e16dc;29022216;abbded50;f7fad057;bef509a7;b55a5778;c25852ae;f5ec0a48
5,4,11,success,None,24/Jul/2026:12:41:14.605624,24/Jul/2026:12:41:15.953853,1.3482,21,24/Jul/2026:12:41:14.608381;24/Jul/2026:12:41:14.607237;24/Jul/2026:12:40:45.952749;24/Jul/2026:12:41:14.609469;24/Jul/2026:12:41:05.773884;24/Jul/2026:12:40:58.347863;24/Jul/2026:12:41:14.611375;24/Jul/2026:12:40:59.810040;24/Jul/2026:12:41:14.608323;24/Jul/2026:12:41:09.135165;24/Jul/2026:12:41:14.609881;24/Jul/2026:12:41:15.652027;24/Jul/2026:12:41:14.607022;24/Jul/2026:12:41:04.141874;24/Jul/2026:12:41:15.656178;24/Jul/2026:12:41:15.656246;24/Jul/2026:12:41:14.612278;24/Jul/2026:12:41:15.655225;24/Jul/2026:12:41:07.554168;24/Jul/2026:12:41:13.254978;24/Jul/2026:12:41:15.756095,0.0222;0.0300;28.7030;0.0630;8.9014;16.3357;0.0845;14.8865;0.0923;5.5731;1.0468;0.0149;1.0607;11.5356;0.0216;0.0224;1.1927;0.1529;8.2716;2.6788;0.1883,bytes=23748272-23833272;bytes=15652078-15733139;bytes=47344469-48235896;bytes=56155737-56304528;bytes=743121808-744027704;bytes=1585619758-1585797663;bytes=96873784-96964377;bytes=1729710490-1730607334;bytes=23662341-23748271;bytes=1262551368-1263462554;bytes=56468680-56567129;bytes=198243867-198316800;bytes=11768140-11869466;bytes=295934868-296035698;bytes=238767074-238849891;bytes=238849892-238943532;bytes=105164290-106057566;bytes=230710875-230812357;bytes=939950589-940860236;bytes=1765336985-1766216718;bytes=263078676-263235809,209271dc;1336cd15;e8738b61;7deccee3;0c3c85d2;44501625;b289bc91;c4fb7e3e;748ed18e;3b6ca8af;340c6060;257e16dc;29022216;abbded50;f7fad057;bef509a7;b55a5778;c25852ae;f5ec0a48;da5ad0d1;be33880b
5,4,63,success,None,24/Jul/2026:12:41:15.754721,24/Jul/2026:12:41:16.644568,0.8898,10,24/Jul/2026:12:41:14.612278;24/Jul/2026:12:41:15.655225;24/Jul/2026:12:41:07.554168;24/Jul/2026:12:41:13.254978;24/Jul/2026:12:41:15.756095;24/Jul/2026:12:41:14.608511;24/Jul/2026:12:41:07.805680;24/Jul/2026:12:41:12.435843;24/Jul/2026:12:41:15.921279;24/Jul/2026:12:41:15.756560,1.1927;0.1529;8.2716;2.6788;0.1883;1.3462;8.1667;3.5446;0.0773;0.2424,bytes=105164290-106057566;bytes=230710875-230812357;bytes=939950589-940860236;bytes=1765336985-1766216718;bytes=263078676-263235809;bytes=45570699-46454408;bytes=1011866246-1011983369;bytes=1748566002-1749442384;bytes=291985304-292077096;bytes=267048300-267227489,b55a5778;c25852ae;f5ec0a48;da5ad0d1;be33880b;7a27b346;128abcc4;4a0263cc;0f411495;5a6a402d
5,4,55,success,None,24/Jul/2026:12:41:15.654226,24/Jul/2026:12:41:16.698948,1.0447,21,24/Jul/2026:12:41:14.609881;24/Jul/2026:12:41:15.652027;24/Jul/2026:12:41:14.607022;24/Jul/2026:12:41:04.141874;24/Jul/2026:12:41:15.656178;24/Jul/2026:12:41:15.656246;24/Jul/2026:12:41:14.612278;24/Jul/2026:12:41:15.655225;24/Jul/2026:12:41:07.554168;24/Jul/2026:12:41:13.254978;24/Jul/2026:12:41:15.756095;24/Jul/2026:12:41:14.608511;24/Jul/2026:12:41:07.805680;24/Jul/2026:12:41:12.435843;24/Jul/2026:12:41:15.921279;24/Jul/2026:12:41:15.756560;24/Jul/2026:12:40:58.157521;24/Jul/2026:12:41:15.652601;24/Jul/2026:12:41:14.614091;24/Jul/2026:12:41:14.613435;24/Jul/2026:12:41:12.435975,1.0468;0.0149;1.0607;11.5356;0.0216;0.0224;1.1927;0.1529;8.2716;2.6788;0.1883;1.3462;8.1667;3.5446;0.0773;0.2424;18.4995;1.0063;2.0501;2.0527;4.2363,bytes=56468680-56567129;bytes=198243867-198316800;bytes=11768140-11869466;bytes=295934868-296035698;bytes=238767074-238849891;bytes=238849892-238943532;bytes=105164290-106057566;bytes=230710875-230812357;bytes=939950589-940860236;bytes=1765336985-1766216718;bytes=263078676-263235809;bytes=45570699-46454408;bytes=1011866246-1011983369;bytes=1748566002-1749442384;bytes=291985304-292077096;bytes=267048300-267227489;bytes=1538975341-1539862448;bytes=195569362-196458496;bytes=129600872-129793215;bytes=114026307-114924633;bytes=1750373392-1751288029,340c6060;257e16dc;29022216;abbded50;f7fad057;bef509a7;b55a5778;c25852ae;f5ec0a48;da5ad0d1;be33880b;7a27b346;128abcc4;4a0263cc;0f411495;5a6a402d;8a22567e;8f2e6dfc;bfa4a1ca;b784ef36;a8fb1bc5
5,4,71,success,None,24/Jul/2026:12:41:15.919552,24/Jul/2026:12:41:16.710581,0.7910,12,24/Jul/2026:12:41:13.254978;24/Jul/2026:12:41:15.756095;24/Jul/2026:12:41:14.608511;24/Jul/2026:12:41:07.805680;24/Jul/2026:12:41:12.435843;24/Jul/2026:12:41:15.921279;24/Jul/2026:12:41:15.756560;24/Jul/2026:12:40:58.157521;24/Jul/2026:12:41:15.652601;24/Jul/2026:12:41:14.614091;24/Jul/2026:12:41:14.613435;24/Jul/2026:12:41:12.435975,2.6788;0.1883;1.3462;8.1667;3.5446;0.0773;0.2424;18.4995;1.0063;2.0501;2.0527;4.2363,bytes=1765336985-1766216718;bytes=263078676-263235809;bytes=45570699-46454408;bytes=1011866246-1011983369;bytes=1748566002-1749442384;bytes=291985304-292077096;bytes=267048300-267227489;bytes=1538975341-1539862448;bytes=195569362-196458496;bytes=129600872-129793215;bytes=114026307-114924633;bytes=1750373392-1751288029,da5ad0d1;be33880b;7a27b346;128abcc4;4a0263cc;0f411495;5a6a402d;8a22567e;8f2e6dfc;bfa4a1ca;b784ef36;a8fb1bc5
5,4,47,success,None,24/Jul/2026:12:41:15.651050,24/Jul/2026:12:41:16.714843,1.0638,21,24/Jul/2026:12:41:14.609881;24/Jul/2026:12:41:15.652027;24/Jul/2026:12:41:14.607022;24/Jul/2026:12:41:04.141874;24/Jul/2026:12:41:15.656178;24/Jul/2026:12:41:15.656246;24/Jul/2026:12:41:14.612278;24/Jul/2026:12:41:15.655225;24/Jul/2026:12:41:07.554168;24/Jul/2026:12:41:13.254978;24/Jul/2026:12:41:15.756095;24/Jul/2026:12:41:14.608511;24/Jul/2026:12:41:07.805680;24/Jul/2026:12:41:12.435843;24/Jul/2026:12:41:15.921279;24/Jul/2026:12:41:15.756560;24/Jul/2026:12:40:58.157521;24/Jul/2026:12:41:15.652601;24/Jul/2026:12:41:14.614091;24/Jul/2026:12:41:14.613435;24/Jul/2026:12:41:12.435975,1.0468;0.0149;1.0607;11.5356;0.0216;0.0224;1.1927;0.1529;8.2716;2.6788;0.1883;1.3462;8.1667;3.5446;0.0773;0.2424;18.4995;1.0063;2.0501;2.0527;4.2363,bytes=56468680-56567129;bytes=198243867-198316800;bytes=11768140-11869466;bytes=295934868-296035698;bytes=238767074-238849891;bytes=238849892-238943532;bytes=105164290-106057566;bytes=230710875-230812357;bytes=939950589-940860236;bytes=1765336985-1766216718;bytes=263078676-263235809;bytes=45570699-46454408;bytes=1011866246-1011983369;bytes=1748566002-1749442384;bytes=291985304-292077096;bytes=267048300-267227489;bytes=1538975341-1539862448;bytes=195569362-196458496;bytes=129600872-129793215;bytes=114026307-114924633;bytes=1750373392-1751288029,340c6060;257e16dc;29022216;abbded50;f7fad057;bef509a7;b55a5778;c25852ae;f5ec0a48;da5ad0d1;be33880b;7a27b346;128abcc4;4a0263cc;0f411495;5a6a402d;8a22567e;8f2e6dfc;bfa4a1ca;b784ef36;a8fb1bc5
5,4,79,success,None,24/Jul/2026:12:41:15.954122,24/Jul/2026:12:41:16.899075,0.9449,20,24/Jul/2026:12:41:14.608511;24/Jul/2026:12:41:07.805680;24/Jul/2026:12:41:12.435843;24/Jul/2026:12:41:15.921279;24/Jul/2026:12:41:15.756560;24/Jul/2026:12:40:58.157521;24/Jul/2026:12:41:15.652601;24/Jul/2026:12:41:14.614091;24/Jul/2026:12:41:14.613435;24/Jul/2026:12:41:12.435975;24/Jul/2026:12:41:15.655928;24/Jul/2026:12:41:15.655610;24/Jul/2026:12:41:14.614947;24/Jul/2026:12:41:14.614871;24/Jul/2026:12:41:16.715555;24/Jul/2026:12:41:14.613259;24/Jul/2026:12:41:16.701145;24/Jul/2026:12:41:15.756422;24/Jul/2026:12:41:14.610609;24/Jul/2026:12:41:14.608631,1.3462;8.1667;3.5446;0.0773;0.2424;18.4995;1.0063;2.0501;2.0527;4.2363;1.0861;1.0889;2.1474;2.1506;0.0573;2.1654;0.0830;1.0364;2.1964;2.1996,bytes=45570699-46454408;bytes=1011866246-1011983369;bytes=1748566002-1749442384;bytes=291985304-292077096;bytes=267048300-267227489;bytes=1538975341-1539862448;bytes=195569362-196458496;bytes=129600872-129793215;bytes=114026307-114924633;bytes=1750373392-1751288029;bytes=232925170-233845784;bytes=230973920-231144478;bytes=141634969-141731596;bytes=137856974-137941086;bytes=585867301-585970366;bytes=116739249-116816907;bytes=430463925-430591837;bytes=265035311-265966653;bytes=92805846-92892538;bytes=47344469-48235896,7a27b346;128abcc4;4a0263cc;0f411495;5a6a402d;8a22567e;8f2e6dfc;bfa4a1ca;b784ef36;a8fb1bc5;a676493b;e31fd396;e9690a0c;cdc56355;eba8bce8;a84757fa;5af0ff56;658e572e;c9fbd98f;c06034f1
5,4,92,success,None,24/Jul/2026:12:41:16.644833,24/Jul/2026:12:41:17.677630,1.0328,19,24/Jul/2026:12:40:58.157521;24/Jul/2026:12:41:15.652601;24/Jul/2026:12:41:14.614091;24/Jul/2026:12:41:14.613435;24/Jul/2026:12:41:12.435975;24/Jul/2026:12:41:15.655928;24/Jul/2026:12:41:15.655610;24/Jul/2026:12:41:14.614947;24/Jul/2026:12:41:14.614871;24/Jul/2026:12:41:16.715555;24/Jul/2026:12:41:14.613259;24/Jul/2026:12:41:16.701145;24/Jul/2026:12:41:15.756422;24/Jul/2026:12:41:14.610609;24/Jul/2026:12:41:14.608631;24/Jul/2026:12:41:16.715621;24/Jul/2026:12:41:15.655479;24/Jul/2026:12:41:14.613546;24/Jul/2026:12:41:16.647354,18.4995;1.0063;2.0501;2.0527;4.2363;1.0861;1.0889;2.1474;2.1506;0.0573;2.1654;0.0830;1.0364;2.1964;2.1996;0.1918;1.2549;2.2973;0.2772,bytes=1538975341-1539862448;bytes=195569362-196458496;bytes=129600872-129793215;bytes=114026307-114924633;bytes=1750373392-1751288029;bytes=232925170-233845784;bytes=230973920-231144478;bytes=141634969-141731596;bytes=137856974-137941086;bytes=585867301-585970366;bytes=116739249-116816907;bytes=430463925-430591837;bytes=265035311-265966653;bytes=92805846-92892538;bytes=47344469-48235896;bytes=585970367-586062657;bytes=229689337-230599639;bytes=115845253-116739248;bytes=382819665-383694759,8a22567e;8f2e6dfc;bfa4a1ca;b784ef36;a8fb1bc5;a676493b;e31fd396;e9690a0c;cdc56355;eba8bce8;a84757fa;5af0ff56;658e572e;c9fbd98f;c06034f1;5604227f;90f6fcbd;891988ff;e71cd417
5,4,164,success,None,24/Jul/2026:12:41:16.899331,24/Jul/2026:12:41:17.766843,0.8675,8,24/Jul/2026:12:41:16.715621;24/Jul/2026:12:41:15.655479;24/Jul/2026:12:41:14.613546;24/Jul/2026:12:41:16.647354;24/Jul/2026:12:41:05.989660;24/Jul/2026:12:41:13.503458;24/Jul/2026:12:41:11.705082;24/Jul/2026:12:41:05.990376,0.1918;1.2549;2.2973;0.2772;11.6979;4.1847;5.9836;11.7185,bytes=585970367-586062657;bytes=229689337-230599639;bytes=115845253-116739248;bytes=382819665-383694759;bytes=797079638-797966646;bytes=1852002536-1852879233;bytes=1623490236-1624396393;bytes=806093745-806190527,5604227f;90f6fcbd;891988ff;e71cd417;2cd00ddc;dfddb9e4;6f9c3983;f0bcb597
5,4,114,success,None,24/Jul/2026:12:41:16.710836,24/Jul/2026:12:41:17.914519,1.2037,20,24/Jul/2026:12:41:15.655928;24/Jul/2026:12:41:15.655610;24/Jul/2026:12:41:14.614947;24/Jul/2026:12:41:14.614871;24/Jul/2026:12:41:16.715555;24/Jul/2026:12:41:14.613259;24/Jul/2026:12:41:16.701145;24/Jul/2026:12:41:15.756422;24/Jul/2026:12:41:14.610609;24/Jul/2026:12:41:14.608631;24/Jul/2026:12:41:16.715621;24/Jul/2026:12:41:15.655479;24/Jul/2026:12:41:14.613546;24/Jul/2026:12:41:16.647354;24/Jul/2026:12:41:05.989660;24/Jul/2026:12:41:13.503458;24/Jul/2026:12:41:11.705082;24/Jul/2026:12:41:05.990376;24/Jul/2026:12:41:14.613378;24/Jul/2026:12:41:17.678565,1.0861;1.0889;2.1474;2.1506;0.0573;2.1654;0.0830;1.0364;2.1964;2.1996;0.1918;1.2549;2.2973;0.2772;11.6979;4.1847;5.9836;11.7185;3.1627;0.1120,bytes=232925170-233845784;bytes=230973920-231144478;bytes=141634969-141731596;bytes=137856974-137941086;bytes=585867301-585970366;bytes=116739249-116816907;bytes=430463925-430591837;bytes=265035311-265966653;bytes=92805846-92892538;bytes=47344469-48235896;bytes=585970367-586062657;bytes=229689337-230599639;bytes=115845253-116739248;bytes=382819665-383694759;bytes=797079638-797966646;bytes=1852002536-1852879233;bytes=1623490236-1624396393;bytes=806093745-806190527;bytes=113121791-114026306;bytes=691855839-691953226,a676493b;e31fd396;e9690a0c;cdc56355;eba8bce8;a84757fa;5af0ff56;658e572e;c9fbd98f;c06034f1;5604227f;90f6fcbd;891988ff;e71cd417;2cd00ddc;dfddb9e4;6f9c3983;f0bcb597;af70868f;dba58923
5,4,104,success,None,24/Jul/2026:12:41:16.699204,24/Jul/2026:12:41:18.005586,1.3064,25,24/Jul/2026:12:41:15.655928;24/Jul/2026:12:41:15.655610;24/Jul/2026:12:41:14.614947;24/Jul/2026:12:41:14.614871;24/Jul/2026:12:41:16.715555;24/Jul/2026:12:41:14.613259;24/Jul/2026:12:41:16.701145;24/Jul/2026:12:41:15.756422;24/Jul/2026:12:41:14.610609;24/Jul/2026:12:41:14.608631;24/Jul/2026:12:41:16.715621;24/Jul/2026:12:41:15.655479;24/Jul/2026:12:41:14.613546;24/Jul/2026:12:41:16.647354;24/Jul/2026:12:41:05.989660;24/Jul/2026:12:41:13.503458;24/Jul/2026:12:41:11.705082;24/Jul/2026:12:41:05.990376;24/Jul/2026:12:41:14.613378;24/Jul/2026:12:41:17.678565;24/Jul/2026:12:41:17.678887;24/Jul/2026:12:41:17.768464;24/Jul/2026:12:41:17.679129;24/Jul/2026:12:41:17.916598;24/Jul/2026:12:41:16.715401,1.0861;1.0889;2.1474;2.1506;0.0573;2.1654;0.0830;1.0364;2.1964;2.1996;0.1918;1.2549;2.2973;0.2772;11.6979;4.1847;5.9836;11.7185;3.1627;0.1120;0.2455;0.1564;0.2483;0.0226;1.2304,bytes=232925170-233845784;bytes=230973920-231144478;bytes=141634969-141731596;bytes=137856974-137941086;bytes=585867301-585970366;bytes=116739249-116816907;bytes=430463925-430591837;bytes=265035311-265966653;bytes=92805846-92892538;bytes=47344469-48235896;bytes=585970367-586062657;bytes=229689337-230599639;bytes=115845253-116739248;bytes=382819665-383694759;bytes=797079638-797966646;bytes=1852002536-1852879233;bytes=1623490236-1624396393;bytes=806093745-806190527;bytes=113121791-114026306;bytes=691855839-691953226;bytes=693722468-694635757;bytes=749091739-749193868;bytes=699639779-699763336;bytes=782160081-782261393;bytes=583873172-584776567,a676493b;e31fd396;e9690a0c;cdc56355;eba8bce8;a84757fa;5af0ff56;658e572e;c9fbd98f;c06034f1;5604227f;90f6fcbd;891988ff;e71cd417;2cd00ddc;dfddb9e4;6f9c3983;f0bcb597;af70868f;dba58923;6b5a6e5e;dd56e9ab;45675eb2;f9ea13b6;fa3c8828
5,4,143,success,None,24/Jul/2026:12:41:16.715060,24/Jul/2026:12:41:18.018085,1.3030,25,24/Jul/2026:12:41:15.655928;24/Jul/2026:12:41:15.655610;24/Jul/2026:12:41:14.614947;24/Jul/2026:12:41:14.614871;24/Jul/2026:12:41:16.715555;24/Jul/2026:12:41:14.613259;24/Jul/2026:12:41:16.701145;24/Jul/2026:12:41:15.756422;24/Jul/2026:12:41:14.610609;24/Jul/2026:12:41:14.608631;24/Jul/2026:12:41:16.715621;24/Jul/2026:12:41:15.655479;24/Jul/2026:12:41:14.613546;24/Jul/2026:12:41:16.647354;24/Jul/2026:12:41:05.989660;24/Jul/2026:12:41:13.503458;24/Jul/2026:12:41:11.705082;24/Jul/2026:12:41:05.990376;24/Jul/2026:12:41:14.613378;24/Jul/2026:12:41:17.678565;24/Jul/2026:12:41:17.678887;24/Jul/2026:12:41:17.768464;24/Jul/2026:12:41:17.679129;24/Jul/2026:12:41:17.916598;24/Jul/2026:12:41:16.715401,1.0861;1.0889;2.1474;2.1506;0.0573;2.1654;0.0830;1.0364;2.1964;2.1996;0.1918;1.2549;2.2973;0.2772;11.6979;4.1847;5.9836;11.7185;3.1627;0.1120;0.2455;0.1564;0.2483;0.0226;1.2304,bytes=232925170-233845784;bytes=230973920-231144478;bytes=141634969-141731596;bytes=137856974-137941086;bytes=585867301-585970366;bytes=116739249-116816907;bytes=430463925-430591837;bytes=265035311-265966653;bytes=92805846-92892538;bytes=47344469-48235896;bytes=585970367-586062657;bytes=229689337-230599639;bytes=115845253-116739248;bytes=382819665-383694759;bytes=797079638-797966646;bytes=1852002536-1852879233;bytes=1623490236-1624396393;bytes=806093745-806190527;bytes=113121791-114026306;bytes=691855839-691953226;bytes=693722468-694635757;bytes=749091739-749193868;bytes=699639779-699763336;bytes=782160081-782261393;bytes=583873172-584776567,a676493b;e31fd396;e9690a0c;cdc56355;eba8bce8;a84757fa;5af0ff56;658e572e;c9fbd98f;c06034f1;5604227f;90f6fcbd;891988ff;e71cd417;2cd00ddc;dfddb9e4;6f9c3983;f0bcb597;af70868f;dba58923;6b5a6e5e;dd56e9ab;45675eb2;f9ea13b6;fa3c8828
5,4,169,success,None,24/Jul/2026:12:41:17.677854,24/Jul/2026:12:41:18.497257,0.8194,20,24/Jul/2026:12:41:05.989660;24/Jul/2026:12:41:13.503458;24/Jul/2026:12:41:11.705082;24/Jul/2026:12:41:05.990376;24/Jul/2026:12:41:14.613378;24/Jul/2026:12:41:17.678565;24/Jul/2026:12:41:17.678887;24/Jul/2026:12:41:17.768464;24/Jul/2026:12:41:17.679129;24/Jul/2026:12:41:17.916598;24/Jul/2026:12:41:16.715401;24/Jul/2026:12:41:17.915329;24/Jul/2026:12:41:16.712340;24/Jul/2026:12:41:14.607651;24/Jul/2026:12:41:16.899917;24/Jul/2026:12:41:18.008797;24/Jul/2026:12:41:18.008191;24/Jul/2026:12:41:18.007383;24/Jul/2026:12:41:16.701229;24/Jul/2026:12:41:17.679423,11.6979;4.1847;5.9836;11.7185;3.1627;0.1120;0.2455;0.1564;0.2483;0.0226;1.2304;0.1046;1.3101;3.4202;1.1307;0.0327;0.0337;0.0371;1.3653;0.3889,bytes=797079638-797966646;bytes=1852002536-1852879233;bytes=1623490236-1624396393;bytes=806093745-806190527;bytes=113121791-114026306;bytes=691855839-691953226;bytes=693722468-694635757;bytes=749091739-749193868;bytes=699639779-699763336;bytes=782160081-782261393;bytes=583873172-584776567;bytes=772124798-773049793;bytes=471326783-471499488;bytes=15733140-15826720;bytes=668821040-669698553;bytes=806093745-806190527;bytes=801938757-802021125;bytes=794280908-794388454;bytes=430591838-430736929;bytes=698752901-699639778,2cd00ddc;dfddb9e4;6f9c3983;f0bcb597;af70868f;dba58923;6b5a6e5e;dd56e9ab;45675eb2;f9ea13b6;fa3c8828;2898bee2;eaae4aae;57197c6a;5f4312b2;09a400d6;22501e61;8b0b873c;15ff4549;dc815e31
5,4,189,success,None,24/Jul/2026:12:41:17.914757,24/Jul/2026:12:41:18.510054,0.5953,14,24/Jul/2026:12:41:17.678887;24/Jul/2026:12:41:17.768464;24/Jul/2026:12:41:17.679129;24/Jul/2026:12:41:17.916598;24/Jul/2026:12:41:16.715401;24/Jul/2026:12:41:17.915329;24/Jul/2026:12:41:16.712340;24/Jul/2026:12:41:14.607651;24/Jul/2026:12:41:16.899917;24/Jul/2026:12:41:18.008797;24/Jul/2026:12:41:18.008191;24/Jul/2026:12:41:18.007383;24/Jul/2026:12:41:16.701229;24/Jul/2026:12:41:17.679423,0.2455;0.1564;0.2483;0.0226;1.2304;0.1046;1.3101;3.4202;1.1307;0.0327;0.0337;0.0371;1.3653;0.3889,bytes=693722468-694635757;bytes=749091739-749193868;bytes=699639779-699763336;bytes=782160081-782261393;bytes=583873172-584776567;bytes=772124798-773049793;bytes=471326783-471499488;bytes=15733140-15826720;bytes=668821040-669698553;bytes=806093745-806190527;bytes=801938757-802021125;bytes=794280908-794388454;bytes=430591838-430736929;bytes=698752901-699639778,6b5a6e5e;dd56e9ab;45675eb2;f9ea13b6;fa3c8828;2898bee2;eaae4aae;57197c6a;5f4312b2;09a400d6;22501e61;8b0b873c;15ff4549;dc815e31
5,4,182,success,None,24/Jul/2026:12:41:17.767084,24/Jul/2026:12:41:18.847794,1.0807,23,24/Jul/2026:12:41:14.613378;24/Jul/2026:12:41:17.678565;24/Jul/2026:12:41:17.678887;24/Jul/2026:12:41:17.768464;24/Jul/2026:12:41:17.679129;24/Jul/2026:12:41:17.916598;24/Jul/2026:12:41:16.715401;24/Jul/2026:12:41:17.915329;24/Jul/2026:12:41:16.712340;24/Jul/2026:12:41:14.607651;24/Jul/2026:12:41:16.899917;24/Jul/2026:12:41:18.008797;24/Jul/2026:12:41:18.008191;24/Jul/2026:12:41:18.007383;24/Jul/2026:12:41:16.701229;24/Jul/2026:12:41:17.679423;24/Jul/2026:12:41:17.768876;24/Jul/2026:12:41:17.678825;24/Jul/2026:12:41:18.498618;24/Jul/2026:12:41:16.900333;24/Jul/2026:12:41:16.900845;24/Jul/2026:12:41:17.916395;24/Jul/2026:12:41:18.007916,3.1627;0.1120;0.2455;0.1564;0.2483;0.0226;1.2304;0.1046;1.3101;3.4202;1.1307;0.0327;0.0337;0.0371;1.3653;0.3889;0.7458;0.8403;0.0280;1.6359;1.6354;0.6288;0.5612,bytes=113121791-114026306;bytes=691855839-691953226;bytes=693722468-694635757;bytes=749091739-749193868;bytes=699639779-699763336;bytes=782160081-782261393;bytes=583873172-584776567;bytes=772124798-773049793;bytes=471326783-471499488;bytes=15733140-15826720;bytes=668821040-669698553;bytes=806093745-806190527;bytes=801938757-802021125;bytes=794280908-794388454;bytes=430591838-430736929;bytes=698752901-699639778;bytes=751098107-752019688;bytes=692842975-693722467;bytes=855488348-855583983;bytes=675754358-675858112;bytes=679755421-679854015;bytes=779274127-780157420;bytes=797079638-797966646,af70868f;dba58923;6b5a6e5e;dd56e9ab;45675eb2;f9ea13b6;fa3c8828;2898bee2;eaae4aae;57197c6a;5f4312b2;09a400d6;22501e61;8b0b873c;15ff4549;dc815e31;efb12f6c;8ae4030e;1d7f8c1a;5ff9c4eb;6cd8b6c2;d49b3c0f;9a90ab9a
5,4,194,success,None,24/Jul/2026:12:41:18.005861,24/Jul/2026:12:41:19.196184,1.1903,21,24/Jul/2026:12:41:17.915329;24/Jul/2026:12:41:16.712340;24/Jul/2026:12:41:14.607651;24/Jul/2026:12:41:16.899917;24/Jul/2026:12:41:18.008797;24/Jul/2026:12:41:18.008191;24/Jul/2026:12:41:18.007383;24/Jul/2026:12:41:16.701229;24/Jul/2026:12:41:17.679423;24/Jul/2026:12:41:17.768876;24/Jul/2026:12:41:17.678825;24/Jul/2026:12:41:18.498618;24/Jul/2026:12:41:16.900333;24/Jul/2026:12:41:16.900845;24/Jul/2026:12:41:17.916395;24/Jul/2026:12:41:18.007916;24/Jul/2026:12:41:18.021844;24/Jul/2026:12:41:16.701830;24/Jul/2026:12:41:18.020403;24/Jul/2026:12:41:18.850388;24/Jul/2026:12:41:18.500256,0.1046;1.3101;3.4202;1.1307;0.0327;0.0337;0.0371;1.3653;0.3889;0.7458;0.8403;0.0280;1.6359;1.6354;0.6288;0.5612;0.8323;2.1526;0.8353;0.0250;0.3868,bytes=772124798-773049793;bytes=471326783-471499488;bytes=15733140-15826720;bytes=668821040-669698553;bytes=806093745-806190527;bytes=801938757-802021125;bytes=794280908-794388454;bytes=430591838-430736929;bytes=698752901-699639778;bytes=751098107-752019688;bytes=692842975-693722467;bytes=855488348-855583983;bytes=675754358-675858112;bytes=679755421-679854015;bytes=779274127-780157420;bytes=797079638-797966646;bytes=839008891-839203005;bytes=431646798-432525201;bytes=824262416-825149655;bytes=921862906-921984858;bytes=863925524-864038540,2898bee2;eaae4aae;57197c6a;5f4312b2;09a400d6;22501e61;8b0b873c;15ff4549;dc815e31;efb12f6c;8ae4030e;1d7f8c1a;5ff9c4eb;6cd8b6c2;d49b3c0f;9a90ab9a;b61cdd51;e8a0d85c;17c5fc29;351f6762;b9377a09
5,4,202,success,None,24/Jul/2026:12:41:18.018372,24/Jul/2026:12:41:19.227510,1.2091,24,24/Jul/2026:12:41:17.915329;24/Jul/2026:12:41:16.712340;24/Jul/2026:12:41:14.607651;24/Jul/2026:12:41:16.899917;24/Jul/2026:12:41:18.008797;24/Jul/2026:12:41:18.008191;24/Jul/2026:12:41:18.007383;24/Jul/2026:12:41:16.701229;24/Jul/2026:12:41:17.679423;24/Jul/2026:12:41:17.768876;24/Jul/2026:12:41:17.678825;24/Jul/2026:12:41:18.498618;24/Jul/2026:12:41:16.900333;24/Jul/2026:12:41:16.900845;24/Jul/2026:12:41:17.916395;24/Jul/2026:12:41:18.007916;24/Jul/2026:12:41:18.021844;24/Jul/2026:12:41:16.701830;24/Jul/2026:12:41:18.020403;24/Jul/2026:12:41:18.850388;24/Jul/2026:12:41:18.500256;24/Jul/2026:12:41:19.196947;24/Jul/2026:12:41:19.198395;24/Jul/2026:12:41:14.613956,0.1046;1.3101;3.4202;1.1307;0.0327;0.0337;0.0371;1.3653;0.3889;0.7458;0.8403;0.0280;1.6359;1.6354;0.6288;0.5612;0.8323;2.1526;0.8353;0.0250;0.3868;0.0089;0.0092;4.6078,bytes=772124798-773049793;bytes=471326783-471499488;bytes=15733140-15826720;bytes=668821040-669698553;bytes=806093745-806190527;bytes=801938757-802021125;bytes=794280908-794388454;bytes=430591838-430736929;bytes=698752901-699639778;bytes=751098107-752019688;bytes=692842975-693722467;bytes=855488348-855583983;bytes=675754358-675858112;bytes=679755421-679854015;bytes=779274127-780157420;bytes=797079638-797966646;bytes=839008891-839203005;bytes=431646798-432525201;bytes=824262416-825149655;bytes=921862906-921984858;bytes=863925524-864038540;bytes=939950589-940860236;bytes=949864188-949951434;bytes=127379383-128302428,2898bee2;eaae4aae;57197c6a;5f4312b2;09a400d6;22501e61;8b0b873c;15ff4549;dc815e31;efb12f6c;8ae4030e;1d7f8c1a;5ff9c4eb;6cd8b6c2;d49b3c0f;9a90ab9a;b61cdd51;e8a0d85c;17c5fc29;351f6762;b9377a09;a6eb3d42;51173bdd;65e8e17a
5,4,208,success,None,24/Jul/2026:12:41:18.497531,24/Jul/2026:12:41:19.613984,1.1164,21,24/Jul/2026:12:41:17.768876;24/Jul/2026:12:41:17.678825;24/Jul/2026:12:41:18.498618;24/Jul/2026:12:41:16.900333;24/Jul/2026:12:41:16.900845;24/Jul/2026:12:41:17.916395;24/Jul/2026:12:41:18.007916;24/Jul/2026:12:41:18.021844;24/Jul/2026:12:41:16.701830;24/Jul/2026:12:41:18.020403;24/Jul/2026:12:41:18.850388;24/Jul/2026:12:41:18.500256;24/Jul/2026:12:41:19.196947;24/Jul/2026:12:41:19.198395;24/Jul/2026:12:41:14.613956;24/Jul/2026:12:41:16.645862;24/Jul/2026:12:41:18.498689;24/Jul/2026:12:41:16.712209;24/Jul/2026:12:41:16.712471;24/Jul/2026:12:41:14.613771;24/Jul/2026:12:41:19.198279,0.7458;0.8403;0.0280;1.6359;1.6354;0.6288;0.5612;0.8323;2.1526;0.8353;0.0250;0.3868;0.0089;0.0092;4.6078;2.5945;0.7449;2.5322;2.5388;4.6413;0.0724,bytes=751098107-752019688;bytes=692842975-693722467;bytes=855488348-855583983;bytes=675754358-675858112;bytes=679755421-679854015;bytes=779274127-780157420;bytes=797079638-797966646;bytes=839008891-839203005;bytes=431646798-432525201;bytes=824262416-825149655;bytes=921862906-921984858;bytes=863925524-864038540;bytes=939950589-940860236;bytes=949864188-949951434;bytes=127379383-128302428;bytes=376452204-377361581;bytes=855583984-855671365;bytes=469291187-470216926;bytes=475291963-475400029;bytes=120932589-121020335;bytes=949773605-949864187,efb12f6c;8ae4030e;1d7f8c1a;5ff9c4eb;6cd8b6c2;d49b3c0f;9a90ab9a;b61cdd51;e8a0d85c;17c5fc29;351f6762;b9377a09;a6eb3d42;51173bdd;65e8e17a;40a2d182;6d40c3f6;ac09d74f;e6db9d28;e688d4dc;8d6e8801
5,4,216,success,None,24/Jul/2026:12:41:18.510352,24/Jul/2026:12:41:19.654542,1.1442,28,24/Jul/2026:12:41:17.768876;24/Jul/2026:12:41:17.678825;24/Jul/2026:12:41:18.498618;24/Jul/2026:12:41:16.900333;24/Jul/2026:12:41:16.900845;24/Jul/2026:12:41:17.916395;24/Jul/2026:12:41:18.007916;24/Jul/2026:12:41:18.021844;24/Jul/2026:12:41:16.701830;24/Jul/2026:12:41:18.020403;24/Jul/2026:12:41:18.850388;24/Jul/2026:12:41:18.500256;24/Jul/2026:12:41:19.196947;24/Jul/2026:12:41:19.198395;24/Jul/2026:12:41:14.613956;24/Jul/2026:12:41:16.645862;24/Jul/2026:12:41:18.498689;24/Jul/2026:12:41:16.712209;24/Jul/2026:12:41:16.712471;24/Jul/2026:12:41:14.613771;24/Jul/2026:12:41:19.198279;24/Jul/2026:12:41:01.018556;24/Jul/2026:12:41:14.607865;24/Jul/2026:12:41:16.646147;24/Jul/2026:12:41:18.020744;24/Jul/2026:12:41:18.511539;24/Jul/2026:12:41:16.900070;24/Jul/2026:12:41:14.614427,0.7458;0.8403;0.0280;1.6359;1.6354;0.6288;0.5612;0.8323;2.1526;0.8353;0.0250;0.3868;0.0089;0.0092;4.6078;2.5945;0.7449;2.5322;2.5388;4.6413;0.0724;18.6020;5.0156;2.9775;1.6050;1.1142;2.7445;5.0318,bytes=751098107-752019688;bytes=692842975-693722467;bytes=855488348-855583983;bytes=675754358-675858112;bytes=679755421-679854015;bytes=779274127-780157420;bytes=797079638-797966646;bytes=839008891-839203005;bytes=431646798-432525201;bytes=824262416-825149655;bytes=921862906-921984858;bytes=863925524-864038540;bytes=939950589-940860236;bytes=949864188-949951434;bytes=127379383-128302428;bytes=376452204-377361581;bytes=855583984-855671365;bytes=469291187-470216926;bytes=475291963-475400029;bytes=120932589-121020335;bytes=949773605-949864187;bytes=1897571414-1898451897;bytes=19624248-19703507;bytes=381516912-381619789;bytes=827264791-827353499;bytes=884707907-884805069;bytes=670606262-671515019;bytes=133768879-133955355,efb12f6c;8ae4030e;1d7f8c1a;5ff9c4eb;6cd8b6c2;d49b3c0f;9a90ab9a;b61cdd51;e8a0d85c;17c5fc29;351f6762;b9377a09;a6eb3d42;51173bdd;65e8e17a;40a2d182;6d40c3f6;ac09d74f;e6db9d28;e688d4dc;8d6e8801;fad59de1;c259e8cb;122d870f;c6e1f776;937dfa3c;d03897a1;370ca686
5,4,222,success,None,24/Jul/2026:12:41:18.848024,24/Jul/2026:12:41:19.925403,1.0774,24,24/Jul/2026:12:41:18.021844;24/Jul/2026:12:41:16.701830;24/Jul/2026:12:41:18.020403;24/Jul/2026:12:41:18.850388;24/Jul/2026:12:41:18.500256;24/Jul/2026:12:41:19.196947;24/Jul/2026:12:41:19.198395;24/Jul/2026:12:41:14.613956;24/Jul/2026:12:41:16.645862;24/Jul/2026:12:41:18.498689;24/Jul/2026:12:41:16.712209;24/Jul/2026:12:41:16.712471;24/Jul/2026:12:41:14.613771;24/Jul/2026:12:41:19.198279;24/Jul/2026:12:41:01.018556;24/Jul/2026:12:41:14.607865;24/Jul/2026:12:41:16.646147;24/Jul/2026:12:41:18.020744;24/Jul/2026:12:41:18.511539;24/Jul/2026:12:41:16.900070;24/Jul/2026:12:41:14.614427;24/Jul/2026:12:41:16.901384;24/Jul/2026:12:41:19.615224;24/Jul/2026:12:41:19.229207,0.8323;2.1526;0.8353;0.0250;0.3868;0.0089;0.0092;4.6078;2.5945;0.7449;2.5322;2.5388;4.6413;0.0724;18.6020;5.0156;2.9775;1.6050;1.1142;2.7445;5.0318;2.7622;0.0494;0.4463,bytes=839008891-839203005;bytes=431646798-432525201;bytes=824262416-825149655;bytes=921862906-921984858;bytes=863925524-864038540;bytes=939950589-940860236;bytes=949864188-949951434;bytes=127379383-128302428;bytes=376452204-377361581;bytes=855583984-855671365;bytes=469291187-470216926;bytes=475291963-475400029;bytes=120932589-121020335;bytes=949773605-949864187;bytes=1897571414-1898451897;bytes=19624248-19703507;bytes=381516912-381619789;bytes=827264791-827353499;bytes=884707907-884805069;bytes=670606262-671515019;bytes=133768879-133955355;bytes=683585728-683675932;bytes=1007629604-1007730427;bytes=966780863-966886278,b61cdd51;e8a0d85c;17c5fc29;351f6762;b9377a09;a6eb3d42;51173bdd;65e8e17a;40a2d182;6d40c3f6;ac09d74f;e6db9d28;e688d4dc;8d6e8801;fad59de1;c259e8cb;122d870f;c6e1f776;937dfa3c;d03897a1;370ca686;ed6fd21f;aa63fc81;4241565a
5,4,230,success,None,24/Jul/2026:12:41:19.196431,24/Jul/2026:12:41:20.196838,1.0004,24,24/Jul/2026:12:41:19.196947;24/Jul/2026:12:41:19.198395;24/Jul/2026:12:41:14.613956;24/Jul/2026:12:41:16.645862;24/Jul/2026:12:41:18.498689;24/Jul/2026:12:41:16.712209;24/Jul/2026:12:41:16.712471;24/Jul/2026:12:41:14.613771;24/Jul/2026:12:41:19.198279;24/Jul/2026:12:41:01.018556;24/Jul/2026:12:41:14.607865;24/Jul/2026:12:41:16.646147;24/Jul/2026:12:41:18.020744;24/Jul/2026:12:41:18.511539;24/Jul/2026:12:41:16.900070;24/Jul/2026:12:41:14.614427;24/Jul/2026:12:41:16.901384;24/Jul/2026:12:41:19.615224;24/Jul/2026:12:41:19.229207;24/Jul/2026:12:41:19.615386;24/Jul/2026:12:41:01.018999;24/Jul/2026:12:41:16.713094;24/Jul/2026:12:41:19.229527;24/Jul/2026:12:41:19.926778,0.0089;0.0092;4.6078;2.5945;0.7449;2.5322;2.5388;4.6413;0.0724;18.6020;5.0156;2.9775;1.6050;1.1142;2.7445;5.0318;2.7622;0.0494;0.4463;0.3210;18.9202;3.2357;0.7267;0.0311,bytes=939950589-940860236;bytes=949864188-949951434;bytes=127379383-128302428;bytes=376452204-377361581;bytes=855583984-855671365;bytes=469291187-470216926;bytes=475291963-475400029;bytes=120932589-121020335;bytes=949773605-949864187;bytes=1897571414-1898451897;bytes=19624248-19703507;bytes=381516912-381619789;bytes=827264791-827353499;bytes=884707907-884805069;bytes=670606262-671515019;bytes=133768879-133955355;bytes=683585728-683675932;bytes=1007629604-1007730427;bytes=966780863-966886278;bytes=1004032767-1004913911;bytes=1904639434-1904753003;bytes=475666336-475861053;bytes=966886279-967050402;bytes=1123441212-1123547576,a6eb3d42;51173bdd;65e8e17a;40a2d182;6d40c3f6;ac09d74f;e6db9d28;e688d4dc;8d6e8801;fad59de1;c259e8cb;122d870f;c6e1f776;937dfa3c;d03897a1;370ca686;ed6fd21f;aa63fc81;4241565a;f97adbf1;32a87323;9c10e204;b3b068c9;330eb246
5,4,235,success,None,24/Jul/2026:12:41:19.227796,24/Jul/2026:12:41:20.470921,1.2431,27,24/Jul/2026:12:41:16.645862;24/Jul/2026:12:41:18.498689;24/Jul/2026:12:41:16.712209;24/Jul/2026:12:41:16.712471;24/Jul/2026:12:41:14.613771;24/Jul/2026:12:41:19.198279;24/Jul/2026:12:41:01.018556;24/Jul/2026:12:41:14.607865;24/Jul/2026:12:41:16.646147;24/Jul/2026:12:41:18.020744;24/Jul/2026:12:41:18.511539;24/Jul/2026:12:41:16.900070;24/Jul/2026:12:41:14.614427;24/Jul/2026:12:41:16.901384;24/Jul/2026:12:41:19.615224;24/Jul/2026:12:41:19.229207;24/Jul/2026:12:41:19.615386;24/Jul/2026:12:41:01.018999;24/Jul/2026:12:41:16.713094;24/Jul/2026:12:41:19.229527;24/Jul/2026:12:41:19.926778;24/Jul/2026:12:41:09.182384;24/Jul/2026:12:41:19.228856;24/Jul/2026:12:41:19.197411;24/Jul/2026:12:41:19.926316;24/Jul/2026:12:41:19.927419;24/Jul/2026:12:41:20.198878,2.5945;0.7449;2.5322;2.5388;4.6413;0.0724;18.6020;5.0156;2.9775;1.6050;1.1142;2.7445;5.0318;2.7622;0.0494;0.4463;0.3210;18.9202;3.2357;0.7267;0.0311;11.0236;0.9786;1.0124;0.2962;0.2980;0.0283,bytes=376452204-377361581;bytes=855583984-855671365;bytes=469291187-470216926;bytes=475291963-475400029;bytes=120932589-121020335;bytes=949773605-949864187;bytes=1897571414-1898451897;bytes=19624248-19703507;bytes=381516912-381619789;bytes=827264791-827353499;bytes=884707907-884805069;bytes=670606262-671515019;bytes=133768879-133955355;bytes=683585728-683675932;bytes=1007629604-1007730427;bytes=966780863-966886278;bytes=1004032767-1004913911;bytes=1904639434-1904753003;bytes=475666336-475861053;bytes=966886279-967050402;bytes=1123441212-1123547576;bytes=1287968374-1288120321;bytes=960627517-961555275;bytes=942136462-943035101;bytes=1117394218-1118316890;bytes=1127411820-1127510187;bytes=1160305917-1160410984,40a2d182;6d40c3f6;ac09d74f;e6db9d28;e688d4dc;8d6e8801;fad59de1;c259e8cb;122d870f;c6e1f776;937dfa3c;d03897a1;370ca686;ed6fd21f;aa63fc81;4241565a;f97adbf1;32a87323;9c10e204;b3b068c9;330eb246;b80808e1;9c5f74a8;3e2ee6d9;11a24ae6;ce91bbfa;7752c3c2
5,4,259,success,None,24/Jul/2026:12:41:19.654781,24/Jul/2026:12:41:20.480183,0.8254,14,24/Jul/2026:12:41:16.901384;24/Jul/2026:12:41:19.615224;24/Jul/2026:12:41:19.229207;24/Jul/2026:12:41:19.615386;24/Jul/2026:12:41:01.018999;24/Jul/2026:12:41:16.713094;24/Jul/2026:12:41:19.229527;24/Jul/2026:12:41:19.926778;24/Jul/2026:12:41:09.182384;24/Jul/2026:12:41:19.228856;24/Jul/2026:12:41:19.197411;24/Jul/2026:12:41:19.926316;24/Jul/2026:12:41:19.927419;24/Jul/2026:12:41:20.198878,2.7622;0.0494;0.4463;0.3210;18.9202;3.2357;0.7267;0.0311;11.0236;0.9786;1.0124;0.2962;0.2980;0.0283,bytes=683585728-683675932;bytes=1007629604-1007730427;bytes=966780863-966886278;bytes=1004032767-1004913911;bytes=1904639434-1904753003;bytes=475666336-475861053;bytes=966886279-967050402;bytes=1123441212-1123547576;bytes=1287968374-1288120321;bytes=960627517-961555275;bytes=942136462-943035101;bytes=1117394218-1118316890;bytes=1127411820-1127510187;bytes=1160305917-1160410984,ed6fd21f;aa63fc81;4241565a;f97adbf1;32a87323;9c10e204;b3b068c9;330eb246;b80808e1;9c5f74a8;3e2ee6d9;11a24ae6;ce91bbfa;7752c3c2
5,4,245,success,None,24/Jul/2026:12:41:19.614238,24/Jul/2026:12:41:20.722697,1.1084,29,24/Jul/2026:12:41:01.018556;24/Jul/2026:12:41:14.607865;24/Jul/2026:12:41:16.646147;24/Jul/2026:12:41:18.020744;24/Jul/2026:12:41:18.511539;24/Jul/2026:12:41:16.900070;24/Jul/2026:12:41:14.614427;24/Jul/2026:12:41:16.901384;24/Jul/2026:12:41:19.615224;24/Jul/2026:12:41:19.229207;24/Jul/2026:12:41:19.615386;24/Jul/2026:12:41:01.018999;24/Jul/2026:12:41:16.713094;24/Jul/2026:12:41:19.229527;24/Jul/2026:12:41:19.926778;24/Jul/2026:12:41:09.182384;24/Jul/2026:12:41:19.228856;24/Jul/2026:12:41:19.197411;24/Jul/2026:12:41:19.926316;24/Jul/2026:12:41:19.927419;24/Jul/2026:12:41:20.198878;24/Jul/2026:12:41:15.756160;24/Jul/2026:12:41:19.229830;24/Jul/2026:12:41:03.250370;24/Jul/2026:12:41:20.471996;24/Jul/2026:12:41:19.656796;24/Jul/2026:12:41:19.228932;24/Jul/2026:12:41:20.472061;24/Jul/2026:12:41:19.197087,18.6020;5.0156;2.9775;1.6050;1.1142;2.7445;5.0318;2.7622;0.0494;0.4463;0.3210;18.9202;3.2357;0.7267;0.0311;11.0236;0.9786;1.0124;0.2962;0.2980;0.0283;4.7245;1.2514;17.2388;0.0187;0.8353;1.2633;0.0262;1.3568,bytes=1897571414-1898451897;bytes=19624248-19703507;bytes=381516912-381619789;bytes=827264791-827353499;bytes=884707907-884805069;bytes=670606262-671515019;bytes=133768879-133955355;bytes=683585728-683675932;bytes=1007629604-1007730427;bytes=966780863-966886278;bytes=1004032767-1004913911;bytes=1904639434-1904753003;bytes=475666336-475861053;bytes=966886279-967050402;bytes=1123441212-1123547576;bytes=1287968374-1288120321;bytes=960627517-961555275;bytes=942136462-943035101;bytes=1117394218-1118316890;bytes=1127411820-1127510187;bytes=1160305917-1160410984;bytes=266870600-266961274;bytes=967242961-968149249;bytes=226801956-227000490;bytes=1181175098-1181274319;bytes=1074098703-1074215422;bytes=961555276-962468536;bytes=1184843816-1185011139;bytes=941918263-942023508,fad59de1;c259e8cb;122d870f;c6e1f776;937dfa3c;d03897a1;370ca686;ed6fd21f;aa63fc81;4241565a;f97adbf1;32a87323;9c10e204;b3b068c9;330eb246;b80808e1;9c5f74a8;3e2ee6d9;11a24ae6;ce91bbfa;7752c3c2;fcb03fb9;8ba50207;6666027f;07f17c77;5fe80776;1b314a95;29139139;1c3ee7cb
5,4,273,success,None,24/Jul/2026:12:41:19.925664,24/Jul/2026:12:41:20.899551,0.9739,32,24/Jul/2026:12:41:19.615386;24/Jul/2026:12:41:01.018999;24/Jul/2026:12:41:16.713094;24/Jul/2026:12:41:19.229527;24/Jul/2026:12:41:19.926778;24/Jul/2026:12:41:09.182384;24/Jul/2026:12:41:19.228856;24/Jul/2026:12:41:19.197411;24/Jul/2026:12:41:19.926316;24/Jul/2026:12:41:19.927419;24/Jul/2026:12:41:20.198878;24/Jul/2026:12:41:15.756160;24/Jul/2026:12:41:19.229830;24/Jul/2026:12:41:03.250370;24/Jul/2026:12:41:20.471996;24/Jul/2026:12:41:19.656796;24/Jul/2026:12:41:19.228932;24/Jul/2026:12:41:20.472061;24/Jul/2026:12:41:19.197087;24/Jul/2026:12:41:16.901033;24/Jul/2026:12:41:17.916464;24/Jul/2026:12:41:14.614739;24/Jul/2026:12:41:15.922449;24/Jul/2026:12:41:19.926608;24/Jul/2026:12:41:17.678501;24/Jul/2026:12:41:19.926840;24/Jul/2026:12:41:16.699990;24/Jul/2026:12:41:17.768595;24/Jul/2026:12:41:17.679005;24/Jul/2026:12:41:20.724284;24/Jul/2026:12:41:19.615012;24/Jul/2026:12:41:20.724221,0.3210;18.9202;3.2357;0.7267;0.0311;11.0236;0.9786;1.0124;0.2962;0.2980;0.0283;4.7245;1.2514;17.2388;0.0187;0.8353;1.2633;0.0262;1.3568;3.8273;2.8157;6.1191;4.8128;0.8161;3.1895;0.9432;4.1725;3.1055;3.2086;0.1648;1.2797;0.1731,bytes=1004032767-1004913911;bytes=1904639434-1904753003;bytes=475666336-475861053;bytes=966886279-967050402;bytes=1123441212-1123547576;bytes=1287968374-1288120321;bytes=960627517-961555275;bytes=942136462-943035101;bytes=1117394218-1118316890;bytes=1127411820-1127510187;bytes=1160305917-1160410984;bytes=266870600-266961274;bytes=967242961-968149249;bytes=226801956-227000490;bytes=1181175098-1181274319;bytes=1074098703-1074215422;bytes=961555276-962468536;bytes=1184843816-1185011139;bytes=941918263-942023508;bytes=677850780-678759562;bytes=780157421-781065422;bytes=135741532-136661144;bytes=297803307-298711102;bytes=1119592314-1119721660;bytes=691750301-691855838;bytes=1119721661-1120625622;bytes=430246771-430354975;bytes=752921723-753009894;bytes=695844898-695940693;bytes=1263864705-1264059242;bytes=1003611198-1003818588;bytes=1263699455-1263864704,f97adbf1;32a87323;9c10e204;b3b068c9;330eb246;b80808e1;9c5f74a8;3e2ee6d9;11a24ae6;ce91bbfa;7752c3c2;fcb03fb9;8ba50207;6666027f;07f17c77;5fe80776;1b314a95;29139139;1c3ee7cb;30c852cf;e8ea61bb;9a953d54;bde4f6d5;181c470f;9b6d70b5;f7dd1c9f;70576d11;e5679171;3e596186;d3277a65;f4815b33;47ea9a21
5,4,281,success,None,24/Jul/2026:12:41:20.197097,24/Jul/2026:12:41:21.248013,1.0509,34,24/Jul/2026:12:41:09.182384;24/Jul/2026:12:41:19.228856;24/Jul/2026:12:41:19.197411;24/Jul/2026:12:41:19.926316;24/Jul/2026:12:41:19.927419;24/Jul/2026:12:41:20.198878;24/Jul/2026:12:41:15.756160;24/Jul/2026:12:41:19.229830;24/Jul/2026:12:41:03.250370;24/Jul/2026:12:41:20.471996;24/Jul/2026:12:41:19.656796;24/Jul/2026:12:41:19.228932;24/Jul/2026:12:41:20.472061;24/Jul/2026:12:41:19.197087;24/Jul/2026:12:41:16.901033;24/Jul/2026:12:41:17.916464;24/Jul/2026:12:41:14.614739;24/Jul/2026:12:41:15.922449;24/Jul/2026:12:41:19.926608;24/Jul/2026:12:41:17.678501;24/Jul/2026:12:41:19.926840;24/Jul/2026:12:41:16.699990;24/Jul/2026:12:41:17.768595;24/Jul/2026:12:41:17.679005;24/Jul/2026:12:41:20.724284;24/Jul/2026:12:41:19.615012;24/Jul/2026:12:41:20.724221;24/Jul/2026:12:41:19.927617;24/Jul/2026:12:41:20.481861;24/Jul/2026:12:41:18.511698;24/Jul/2026:12:41:16.712961;24/Jul/2026:12:41:20.472631;24/Jul/2026:12:41:18.512352;24/Jul/2026:12:41:20.901263,11.0236;0.9786;1.0124;0.2962;0.2980;0.0283;4.7245;1.2514;17.2388;0.0187;0.8353;1.2633;0.0262;1.3568;3.8273;2.8157;6.1191;4.8128;0.8161;3.1895;0.9432;4.1725;3.1055;3.2086;0.1648;1.2797;0.1731;0.9794;0.4290;2.3999;4.2004;0.4436;2.4044;0.0472,bytes=1287968374-1288120321;bytes=960627517-961555275;bytes=942136462-943035101;bytes=1117394218-1118316890;bytes=1127411820-1127510187;bytes=1160305917-1160410984;bytes=266870600-266961274;bytes=967242961-968149249;bytes=226801956-227000490;bytes=1181175098-1181274319;bytes=1074098703-1074215422;bytes=961555276-962468536;bytes=1184843816-1185011139;bytes=941918263-942023508;bytes=677850780-678759562;bytes=780157421-781065422;bytes=135741532-136661144;bytes=297803307-298711102;bytes=1119592314-1119721660;bytes=691750301-691855838;bytes=1119721661-1120625622;bytes=430246771-430354975;bytes=752921723-753009894;bytes=695844898-695940693;bytes=1263864705-1264059242;bytes=1003611198-1003818588;bytes=1263699455-1263864704;bytes=1125517831-1126415455;bytes=1226247208-1226344341;bytes=888578476-888747606;bytes=474388241-475291962;bytes=1189089706-1189195268;bytes=888969639-889863790;bytes=1284178329-1284289116,b80808e1;9c5f74a8;3e2ee6d9;11a24ae6;ce91bbfa;7752c3c2;fcb03fb9;8ba50207;6666027f;07f17c77;5fe80776;1b314a95;29139139;1c3ee7cb;30c852cf;e8ea61bb;9a953d54;bde4f6d5;181c470f;9b6d70b5;f7dd1c9f;70576d11;e5679171;3e596186;d3277a65;f4815b33;47ea9a21;c229b0a7;9607368d;d9eee025;4f0063ab;994de416;6c2c0e10;1382b4d0
5,4,288,success,None,24/Jul/2026:12:41:20.471178,24/Jul/2026:12:41:21.507583,1.0364,37,24/Jul/2026:12:41:15.756160;24/Jul/2026:12:41:19.229830;24/Jul/2026:12:41:03.250370;24/Jul/2026:12:41:20.471996;24/Jul/2026:12:41:19.656796;24/Jul/2026:12:41:19.228932;24/Jul/2026:12:41:20.472061;24/Jul/2026:12:41:19.197087;24/Jul/2026:12:41:16.901033;24/Jul/2026:12:41:17.916464;24/Jul/2026:12:41:14.614739;24/Jul/2026:12:41:15.922449;24/Jul/2026:12:41:19.926608;24/Jul/2026:12:41:17.678501;24/Jul/2026:12:41:19.926840;24/Jul/2026:12:41:16.699990;24/Jul/2026:12:41:17.768595;24/Jul/2026:12:41:17.679005;24/Jul/2026:12:41:20.724284;24/Jul/2026:12:41:19.615012;24/Jul/2026:12:41:20.724221;24/Jul/2026:12:41:19.927617;24/Jul/2026:12:41:20.481861;24/Jul/2026:12:41:18.511698;24/Jul/2026:12:41:16.712961;24/Jul/2026:12:41:20.472631;24/Jul/2026:12:41:18.512352;24/Jul/2026:12:41:20.901263;24/Jul/2026:12:41:19.197717;24/Jul/2026:12:41:14.612816;24/Jul/2026:12:41:20.471706;24/Jul/2026:12:41:20.724026;24/Jul/2026:12:41:21.248847;24/Jul/2026:12:41:20.481465;24/Jul/2026:12:41:14.608190;24/Jul/2026:12:41:19.197624;24/Jul/2026:12:41:18.498951,4.7245;1.2514;17.2388;0.0187;0.8353;1.2633;0.0262;1.3568;3.8273;2.8157;6.1191;4.8128;0.8161;3.1895;0.9432;4.1725;3.1055;3.2086;0.1648;1.2797;0.1731;0.9794;0.4290;2.3999;4.2004;0.4436;2.4044;0.0472;2.0575;6.6453;0.7886;0.5409;0.0179;0.7854;6.6661;2.0781;2.7832,bytes=266870600-266961274;bytes=967242961-968149249;bytes=226801956-227000490;bytes=1181175098-1181274319;bytes=1074098703-1074215422;bytes=961555276-962468536;bytes=1184843816-1185011139;bytes=941918263-942023508;bytes=677850780-678759562;bytes=780157421-781065422;bytes=135741532-136661144;bytes=297803307-298711102;bytes=1119592314-1119721660;bytes=691750301-691855838;bytes=1119721661-1120625622;bytes=430246771-430354975;bytes=752921723-753009894;bytes=695844898-695940693;bytes=1263864705-1264059242;bytes=1003611198-1003818588;bytes=1263699455-1263864704;bytes=1125517831-1126415455;bytes=1226247208-1226344341;bytes=888578476-888747606;bytes=474388241-475291962;bytes=1189089706-1189195268;bytes=888969639-889863790;bytes=1284178329-1284289116;bytes=945938518-946040321;bytes=110057073-110958630;bytes=1178006849-1178890180;bytes=1260745815-1261622240;bytes=1361576051-1362486598;bytes=1220358278-1221275791;bytes=19703508-19848010;bytes=944859053-945756147;bytes=854584028-855488347,fcb03fb9;8ba50207;6666027f;07f17c77;5fe80776;1b314a95;29139139;1c3ee7cb;30c852cf;e8ea61bb;9a953d54;bde4f6d5;181c470f;9b6d70b5;f7dd1c9f;70576d11;e5679171;3e596186;d3277a65;f4815b33;47ea9a21;c229b0a7;9607368d;d9eee025;4f0063ab;994de416;6c2c0e10;1382b4d0;7de12d56;4fd95e4a;d68e3591;0f141d87;27e790b3;069cf19a;33d87366;61cae936;57192dc4
5,4,307,success,None,24/Jul/2026:12:41:20.722938,24/Jul/2026:12:41:21.575669,0.8527,38,24/Jul/2026:12:41:16.901033;24/Jul/2026:12:41:17.916464;24/Jul/2026:12:41:14.614739;24/Jul/2026:12:41:15.922449;24/Jul/2026:12:41:19.926608;24/Jul/2026:12:41:17.678501;24/Jul/2026:12:41:19.926840;24/Jul/2026:12:41:16.699990;24/Jul/2026:12:41:17.768595;24/Jul/2026:12:41:17.679005;24/Jul/2026:12:41:20.724284;24/Jul/2026:12:41:19.615012;24/Jul/2026:12:41:20.724221;24/Jul/2026:12:41:19.927617;24/Jul/2026:12:41:20.481861;24/Jul/2026:12:41:18.511698;24/Jul/2026:12:41:16.712961;24/Jul/2026:12:41:20.472631;24/Jul/2026:12:41:18.512352;24/Jul/2026:12:41:20.901263;24/Jul/2026:12:41:19.197717;24/Jul/2026:12:41:14.612816;24/Jul/2026:12:41:20.471706;24/Jul/2026:12:41:20.724026;24/Jul/2026:12:41:21.248847;24/Jul/2026:12:41:20.481465;24/Jul/2026:12:41:14.608190;24/Jul/2026:12:41:19.197624;24/Jul/2026:12:41:18.498951;24/Jul/2026:12:41:21.248564;24/Jul/2026:12:41:17.679600;24/Jul/2026:12:40:48.909002;24/Jul/2026:12:41:14.613661;24/Jul/2026:12:41:21.509903;24/Jul/2026:12:41:18.848592;24/Jul/2026:12:41:21.508685;24/Jul/2026:12:41:21.249823;24/Jul/2026:12:41:19.926998,3.8273;2.8157;6.1191;4.8128;0.8161;3.1895;0.9432;4.1725;3.1055;3.2086;0.1648;1.2797;0.1731;0.9794;0.4290;2.3999;4.2004;0.4436;2.4044;0.0472;2.0575;6.6453;0.7886;0.5409;0.0179;0.7854;6.6661;2.0781;2.7832;0.2674;3.8385;32.6108;6.9080;0.0234;2.6852;0.0262;0.2902;1.6161,bytes=677850780-678759562;bytes=780157421-781065422;bytes=135741532-136661144;bytes=297803307-298711102;bytes=1119592314-1119721660;bytes=691750301-691855838;bytes=1119721661-1120625622;bytes=430246771-430354975;bytes=752921723-753009894;bytes=695844898-695940693;bytes=1263864705-1264059242;bytes=1003611198-1003818588;bytes=1263699455-1263864704;bytes=1125517831-1126415455;bytes=1226247208-1226344341;bytes=888578476-888747606;bytes=474388241-475291962;bytes=1189089706-1189195268;bytes=888969639-889863790;bytes=1284178329-1284289116;bytes=945938518-946040321;bytes=110057073-110958630;bytes=1178006849-1178890180;bytes=1260745815-1261622240;bytes=1361576051-1362486598;bytes=1220358278-1221275791;bytes=19703508-19848010;bytes=944859053-945756147;bytes=854584028-855488347;bytes=1358881721-1359786196;bytes=703663922-703757550;bytes=422482564-423371884;bytes=117075559-117223897;bytes=1403584185-1403680133;bytes=907318977-908256745;bytes=1391281071-1391383536;bytes=1368966774-1369873756;bytes=1121511470-1122428980,30c852cf;e8ea61bb;9a953d54;bde4f6d5;181c470f;9b6d70b5;f7dd1c9f;70576d11;e5679171;3e596186;d3277a65;f4815b33;47ea9a21;c229b0a7;9607368d;d9eee025;4f0063ab;994de416;6c2c0e10;1382b4d0;7de12d56;4fd95e4a;d68e3591;0f141d87;27e790b3;069cf19a;33d87366;61cae936;57192dc4;0718b467;5f21118a;aa62eb19;96b39769;bccd5fdc;ca44e981;1d2ddb2a;51ebcf63;495af24c
5,4,312,success,None,24/Jul/2026:12:41:20.899802,24/Jul/2026:12:41:21.683172,0.7834,29,24/Jul/2026:12:41:19.927617;24/Jul/2026:12:41:20.481861;24/Jul/2026:12:41:18.511698;24/Jul/2026:12:41:16.712961;24/Jul/2026:12:41:20.472631;24/Jul/2026:12:41:18.512352;24/Jul/2026:12:41:20.901263;24/Jul/2026:12:41:19.197717;24/Jul/2026:12:41:14.612816;24/Jul/2026:12:41:20.471706;24/Jul/2026:12:41:20.724026;24/Jul/2026:12:41:21.248847;24/Jul/2026:12:41:20.481465;24/Jul/2026:12:41:14.608190;24/Jul/2026:12:41:19.197624;24/Jul/2026:12:41:18.498951;24/Jul/2026:12:41:21.248564;24/Jul/2026:12:41:17.679600;24/Jul/2026:12:40:48.909002;24/Jul/2026:12:41:14.613661;24/Jul/2026:12:41:21.509903;24/Jul/2026:12:41:18.848592;24/Jul/2026:12:41:21.508685;24/Jul/2026:12:41:21.249823;24/Jul/2026:12:41:19.926998;24/Jul/2026:12:41:20.900575;24/Jul/2026:12:41:20.901786;24/Jul/2026:12:41:21.576577;24/Jul/2026:12:41:20.481694,0.9794;0.4290;2.3999;4.2004;0.4436;2.4044;0.0472;2.0575;6.6453;0.7886;0.5409;0.0179;0.7854;6.6661;2.0781;2.7832;0.2674;3.8385;32.6108;6.9080;0.0234;2.6852;0.0262;0.2902;1.6161;0.6812;0.6852;0.0209;1.1230,bytes=1125517831-1126415455;bytes=1226247208-1226344341;bytes=888578476-888747606;bytes=474388241-475291962;bytes=1189089706-1189195268;bytes=888969639-889863790;bytes=1284178329-1284289116;bytes=945938518-946040321;bytes=110057073-110958630;bytes=1178006849-1178890180;bytes=1260745815-1261622240;bytes=1361576051-1362486598;bytes=1220358278-1221275791;bytes=19703508-19848010;bytes=944859053-945756147;bytes=854584028-855488347;bytes=1358881721-1359786196;bytes=703663922-703757550;bytes=422482564-423371884;bytes=117075559-117223897;bytes=1403584185-1403680133;bytes=907318977-908256745;bytes=1391281071-1391383536;bytes=1368966774-1369873756;bytes=1121511470-1122428980;bytes=1278008141-1278905952;bytes=1288272862-1288385153;bytes=1416292473-1416425564;bytes=1222491658-1222581335,c229b0a7;9607368d;d9eee025;4f0063ab;994de416;6c2c0e10;1382b4d0;7de12d56;4fd95e4a;d68e3591;0f141d87;27e790b3;069cf19a;33d87366;61cae936;57192dc4;0718b467;5f21118a;aa62eb19;96b39769;bccd5fdc;ca44e981;1d2ddb2a;51ebcf63;495af24c;fdf27c04;4f4d9279;2bbb97e3;6e7a2290
5,4,332,success,None,24/Jul/2026:12:41:21.248248,24/Jul/2026:12:41:21.919003,0.6707,27,24/Jul/2026:12:41:19.197717;24/Jul/2026:12:41:14.612816;24/Jul/2026:12:41:20.471706;24/Jul/2026:12:41:20.724026;24/Jul/2026:12:41:21.248847;24/Jul/2026:12:41:20.481465;24/Jul/2026:12:41:14.608190;24/Jul/2026:12:41:19.197624;24/Jul/2026:12:41:18.498951;24/Jul/2026:12:41:21.248564;24/Jul/2026:12:41:17.679600;24/Jul/2026:12:40:48.909002;24/Jul/2026:12:41:14.613661;24/Jul/2026:12:41:21.509903;24/Jul/2026:12:41:18.848592;24/Jul/2026:12:41:21.508685;24/Jul/2026:12:41:21.249823;24/Jul/2026:12:41:19.926998;24/Jul/2026:12:41:20.900575;24/Jul/2026:12:41:20.901786;24/Jul/2026:12:41:21.576577;24/Jul/2026:12:41:20.481694;24/Jul/2026:12:41:20.472988;24/Jul/2026:12:41:21.577167;24/Jul/2026:12:41:20.482183;24/Jul/2026:12:41:19.655655;24/Jul/2026:12:41:19.656730,2.0575;6.6453;0.7886;0.5409;0.0179;0.7854;6.6661;2.0781;2.7832;0.2674;3.8385;32.6108;6.9080;0.0234;2.6852;0.0262;0.2902;1.6161;0.6812;0.6852;0.0209;1.1230;1.2178;0.1148;1.2136;2.0495;2.0588,bytes=945938518-946040321;bytes=110057073-110958630;bytes=1178006849-1178890180;bytes=1260745815-1261622240;bytes=1361576051-1362486598;bytes=1220358278-1221275791;bytes=19703508-19848010;bytes=944859053-945756147;bytes=854584028-855488347;bytes=1358881721-1359786196;bytes=703663922-703757550;bytes=422482564-423371884;bytes=117075559-117223897;bytes=1403584185-1403680133;bytes=907318977-908256745;bytes=1391281071-1391383536;bytes=1368966774-1369873756;bytes=1121511470-1122428980;bytes=1278008141-1278905952;bytes=1288272862-1288385153;bytes=1416292473-1416425564;bytes=1222491658-1222581335;bytes=1189301666-1189414011;bytes=1420456724-1420551045;bytes=1225256116-1226155840;bytes=1061896036-1062109256;bytes=1073983986-1074098702,7de12d56;4fd95e4a;d68e3591;0f141d87;27e790b3;069cf19a;33d87366;61cae936;57192dc4;0718b467;5f21118a;aa62eb19;96b39769;bccd5fdc;ca44e981;1d2ddb2a;51ebcf63;495af24c;fdf27c04;4f4d9279;2bbb97e3;6e7a2290;f27947d6;2eca0af7;b8138bcc;4b1ff337;fc48d73f
5,4,298,success,None,24/Jul/2026:12:41:20.480437,24/Jul/2026:12:41:22.171210,1.6908,59,24/Jul/2026:12:41:15.756160;24/Jul/2026:12:41:19.229830;24/Jul/2026:12:41:03.250370;24/Jul/2026:12:41:20.471996;24/Jul/2026:12:41:19.656796;24/Jul/2026:12:41:19.228932;24/Jul/2026:12:41:20.472061;24/Jul/2026:12:41:19.197087;24/Jul/2026:12:41:16.901033;24/Jul/2026:12:41:17.916464;24/Jul/2026:12:41:14.614739;24/Jul/2026:12:41:15.922449;24/Jul/2026:12:41:19.926608;24/Jul/2026:12:41:17.678501;24/Jul/2026:12:41:19.926840;24/Jul/2026:12:41:16.699990;24/Jul/2026:12:41:17.768595;24/Jul/2026:12:41:17.679005;24/Jul/2026:12:41:20.724284;24/Jul/2026:12:41:19.615012;24/Jul/2026:12:41:20.724221;24/Jul/2026:12:41:19.927617;24/Jul/2026:12:41:20.481861;24/Jul/2026:12:41:18.511698;24/Jul/2026:12:41:16.712961;24/Jul/2026:12:41:20.472631;24/Jul/2026:12:41:18.512352;24/Jul/2026:12:41:20.901263;24/Jul/2026:12:41:19.197717;24/Jul/2026:12:41:14.612816;24/Jul/2026:12:41:20.471706;24/Jul/2026:12:41:20.724026;24/Jul/2026:12:41:21.248847;24/Jul/2026:12:41:20.481465;24/Jul/2026:12:41:14.608190;24/Jul/2026:12:41:19.197624;24/Jul/2026:12:41:18.498951;24/Jul/2026:12:41:21.248564;24/Jul/2026:12:41:17.679600;24/Jul/2026:12:40:48.909002;24/Jul/2026:12:41:14.613661;24/Jul/2026:12:41:21.509903;24/Jul/2026:12:41:18.848592;24/Jul/2026:12:41:21.508685;24/Jul/2026:12:41:21.249823;24/Jul/2026:12:41:19.926998;24/Jul/2026:12:41:20.900575;24/Jul/2026:12:41:20.901786;24/Jul/2026:12:41:21.576577;24/Jul/2026:12:41:20.481694;24/Jul/2026:12:41:20.472988;24/Jul/2026:12:41:21.577167;24/Jul/2026:12:41:20.482183;24/Jul/2026:12:41:19.655655;24/Jul/2026:12:41:19.656730;24/Jul/2026:12:41:19.615741;24/Jul/2026:12:41:15.956352;24/Jul/2026:12:41:21.249122;24/Jul/2026:12:41:18.020942,4.7245;1.2514;17.2388;0.0187;0.8353;1.2633;0.0262;1.3568;3.8273;2.8157;6.1191;4.8128;0.8161;3.1895;0.9432;4.1725;3.1055;3.2086;0.1648;1.2797;0.1731;0.9794;0.4290;2.3999;4.2004;0.4436;2.4044;0.0472;2.0575;6.6453;0.7886;0.5409;0.0179;0.7854;6.6661;2.0781;2.7832;0.2674;3.8385;32.6108;6.9080;0.0234;2.6852;0.0262;0.2902;1.6161;0.6812;0.6852;0.0209;1.1230;1.2178;0.1148;1.2136;2.0495;2.0588;2.3117;5.9742;0.6830;3.9163,bytes=266870600-266961274;bytes=967242961-968149249;bytes=226801956-227000490;bytes=1181175098-1181274319;bytes=1074098703-1074215422;bytes=961555276-962468536;bytes=1184843816-1185011139;bytes=941918263-942023508;bytes=677850780-678759562;bytes=780157421-781065422;bytes=135741532-136661144;bytes=297803307-298711102;bytes=1119592314-1119721660;bytes=691750301-691855838;bytes=1119721661-1120625622;bytes=430246771-430354975;bytes=752921723-753009894;bytes=695844898-695940693;bytes=1263864705-1264059242;bytes=1003611198-1003818588;bytes=1263699455-1263864704;bytes=1125517831-1126415455;bytes=1226247208-1226344341;bytes=888578476-888747606;bytes=474388241-475291962;bytes=1189089706-1189195268;bytes=888969639-889863790;bytes=1284178329-1284289116;bytes=945938518-946040321;bytes=110057073-110958630;bytes=1178006849-1178890180;bytes=1260745815-1261622240;bytes=1361576051-1362486598;bytes=1220358278-1221275791;bytes=19703508-19848010;bytes=944859053-945756147;bytes=854584028-855488347;bytes=1358881721-1359786196;bytes=703663922-703757550;bytes=422482564-423371884;bytes=117075559-117223897;bytes=1403584185-1403680133;bytes=907318977-908256745;bytes=1391281071-1391383536;bytes=1368966774-1369873756;bytes=1121511470-1122428980;bytes=1278008141-1278905952;bytes=1288272862-1288385153;bytes=1416292473-1416425564;bytes=1222491658-1222581335;bytes=1189301666-1189414011;bytes=1420456724-1420551045;bytes=1225256116-1226155840;bytes=1061896036-1062109256;bytes=1073983986-1074098702;bytes=1008036087-1008256671;bytes=331689552-332596749;bytes=1366817063-1366926797;bytes=827353500-828260586,fcb03fb9;8ba50207;6666027f;07f17c77;5fe80776;1b314a95;29139139;1c3ee7cb;30c852cf;e8ea61bb;9a953d54;bde4f6d5;181c470f;9b6d70b5;f7dd1c9f;70576d11;e5679171;3e596186;d3277a65;f4815b33;47ea9a21;c229b0a7;9607368d;d9eee025;4f0063ab;994de416;6c2c0e10;1382b4d0;7de12d56;4fd95e4a;d68e3591;0f141d87;27e790b3;069cf19a;33d87366;61cae936;57192dc4;0718b467;5f21118a;aa62eb19;96b39769;bccd5fdc;ca44e981;1d2ddb2a;51ebcf63;495af24c;fdf27c04;4f4d9279;2bbb97e3;6e7a2290;f27947d6;2eca0af7;b8138bcc;4b1ff337;fc48d73f;38df8607;85042a49;dfb73dfd;c988851a
5,4,345,success,None,24/Jul/2026:12:41:21.575904,24/Jul/2026:12:41:22.444967,0.8691,17,24/Jul/2026:12:41:20.900575;24/Jul/2026:12:41:20.901786;24/Jul/2026:12:41:21.576577;24/Jul/2026:12:41:20.481694;24/Jul/2026:12:41:20.472988;24/Jul/2026:12:41:21.577167;24/Jul/2026:12:41:20.482183;24/Jul/2026:12:41:19.655655;24/Jul/2026:12:41:19.656730;24/Jul/2026:12:41:19.615741;24/Jul/2026:12:41:15.956352;24/Jul/2026:12:41:21.249122;24/Jul/2026:12:41:18.020942;24/Jul/2026:12:41:21.684737;24/Jul/2026:12:41:20.199142;24/Jul/2026:12:41:19.656423;24/Jul/2026:12:41:19.230094,0.6812;0.6852;0.0209;1.1230;1.2178;0.1148;1.2136;2.0495;2.0588;2.3117;5.9742;0.6830;3.9163;0.5087;2.0101;2.6209;3.0606,bytes=1278008141-1278905952;bytes=1288272862-1288385153;bytes=1416292473-1416425564;bytes=1222491658-1222581335;bytes=1189301666-1189414011;bytes=1420456724-1420551045;bytes=1225256116-1226155840;bytes=1061896036-1062109256;bytes=1073983986-1074098702;bytes=1008036087-1008256671;bytes=331689552-332596749;bytes=1366817063-1366926797;bytes=827353500-828260586;bytes=1457161496-1457279875;bytes=1159275301-1160189422;bytes=1067210269-1068090588;bytes=971076047-971200230,fdf27c04;4f4d9279;2bbb97e3;6e7a2290;f27947d6;2eca0af7;b8138bcc;4b1ff337;fc48d73f;38df8607;85042a49;dfb73dfd;c988851a;7ebee3b1;3347d90b;795162c8;ef0724fe
5,4,339,success,None,24/Jul/2026:12:41:21.507839,24/Jul/2026:12:41:22.537451,1.0296,34,24/Jul/2026:12:41:21.248564;24/Jul/2026:12:41:17.679600;24/Jul/2026:12:40:48.909002;24/Jul/2026:12:41:14.613661;24/Jul/2026:12:41:21.509903;24/Jul/2026:12:41:18.848592;24/Jul/2026:12:41:21.508685;24/Jul/2026:12:41:21.249823;24/Jul/2026:12:41:19.926998;24/Jul/2026:12:41:20.900575;24/Jul/2026:12:41:20.901786;24/Jul/2026:12:41:21.576577;24/Jul/2026:12:41:20.481694;24/Jul/2026:12:41:20.472988;24/Jul/2026:12:41:21.577167;24/Jul/2026:12:41:20.482183;24/Jul/2026:12:41:19.655655;24/Jul/2026:12:41:19.656730;24/Jul/2026:12:41:19.615741;24/Jul/2026:12:41:15.956352;24/Jul/2026:12:41:21.249122;24/Jul/2026:12:41:18.020942;24/Jul/2026:12:41:21.684737;24/Jul/2026:12:41:20.199142;24/Jul/2026:12:41:19.656423;24/Jul/2026:12:41:19.230094;24/Jul/2026:12:41:17.915467;24/Jul/2026:12:41:20.198257;24/Jul/2026:12:41:20.481619;24/Jul/2026:12:41:19.228998;24/Jul/2026:12:41:20.472197;24/Jul/2026:12:41:22.445928;24/Jul/2026:12:41:20.199329;24/Jul/2026:12:41:19.656236,0.2674;3.8385;32.6108;6.9080;0.0234;2.6852;0.0262;0.2902;1.6161;0.6812;0.6852;0.0209;1.1230;1.2178;0.1148;1.2136;2.0495;2.0588;2.3117;5.9742;0.6830;3.9163;0.5087;2.0101;2.6209;3.0606;4.5371;2.2563;1.9741;3.2276;1.9883;0.0270;2.2833;2.8624,bytes=1358881721-1359786196;bytes=703663922-703757550;bytes=422482564-423371884;bytes=117075559-117223897;bytes=1403584185-1403680133;bytes=907318977-908256745;bytes=1391281071-1391383536;bytes=1368966774-1369873756;bytes=1121511470-1122428980;bytes=1278008141-1278905952;bytes=1288272862-1288385153;bytes=1416292473-1416425564;bytes=1222491658-1222581335;bytes=1189301666-1189414011;bytes=1420456724-1420551045;bytes=1225256116-1226155840;bytes=1061896036-1062109256;bytes=1073983986-1074098702;bytes=1008036087-1008256671;bytes=331689552-332596749;bytes=1366817063-1366926797;bytes=827353500-828260586;bytes=1457161496-1457279875;bytes=1159275301-1160189422;bytes=1067210269-1068090588;bytes=971076047-971200230;bytes=774162234-774270380;bytes=1155966324-1156067607;bytes=1222401494-1222491657;bytes=962689840-962868607;bytes=1181274320-1182162348;bytes=1536026049-1536141400;bytes=1164386203-1164503490;bytes=1069925889-1070045802,0718b467;5f21118a;aa62eb19;96b39769;bccd5fdc;ca44e981;1d2ddb2a;51ebcf63;495af24c;fdf27c04;4f4d9279;2bbb97e3;6e7a2290;f27947d6;2eca0af7;b8138bcc;4b1ff337;fc48d73f;38df8607;85042a49;dfb73dfd;c988851a;7ebee3b1;3347d90b;795162c8;ef0724fe;7d9b989e;2b5f9e5a;eaad8584;660eb571;cddf8ead;1c39336f;9de475e2;aa8988f6
5,4,353,success,None,24/Jul/2026:12:41:21.683412,24/Jul/2026:12:41:22.814048,1.1306,23,24/Jul/2026:12:41:20.472988;24/Jul/2026:12:41:21.577167;24/Jul/2026:12:41:20.482183;24/Jul/2026:12:41:19.655655;24/Jul/2026:12:41:19.656730;24/Jul/2026:12:41:19.615741;24/Jul/2026:12:41:15.956352;24/Jul/2026:12:41:21.249122;24/Jul/2026:12:41:18.020942;24/Jul/2026:12:41:21.684737;24/Jul/2026:12:41:20.199142;24/Jul/2026:12:41:19.656423;24/Jul/2026:12:41:19.230094;24/Jul/2026:12:41:17.915467;24/Jul/2026:12:41:20.198257;24/Jul/2026:12:41:20.481619;24/Jul/2026:12:41:19.228998;24/Jul/2026:12:41:20.472197;24/Jul/2026:12:41:22.445928;24/Jul/2026:12:41:20.199329;24/Jul/2026:12:41:19.656236;24/Jul/2026:12:41:18.020883;24/Jul/2026:12:41:22.447113,1.2178;0.1148;1.2136;2.0495;2.0588;2.3117;5.9742;0.6830;3.9163;0.5087;2.0101;2.6209;3.0606;4.5371;2.2563;1.9741;3.2276;1.9883;0.0270;2.2833;2.8624;4.5234;0.1476,bytes=1189301666-1189414011;bytes=1420456724-1420551045;bytes=1225256116-1226155840;bytes=1061896036-1062109256;bytes=1073983986-1074098702;bytes=1008036087-1008256671;bytes=331689552-332596749;bytes=1366817063-1366926797;bytes=827353500-828260586;bytes=1457161496-1457279875;bytes=1159275301-1160189422;bytes=1067210269-1068090588;bytes=971076047-971200230;bytes=774162234-774270380;bytes=1155966324-1156067607;bytes=1222401494-1222491657;bytes=962689840-962868607;bytes=1181274320-1182162348;bytes=1536026049-1536141400;bytes=1164386203-1164503490;bytes=1069925889-1070045802;bytes=831033455-831132033;bytes=1548137257-1548236610,f27947d6;2eca0af7;b8138bcc;4b1ff337;fc48d73f;38df8607;85042a49;dfb73dfd;c988851a;7ebee3b1;3347d90b;795162c8;ef0724fe;7d9b989e;2b5f9e5a;eaad8584;660eb571;cddf8ead;1c39336f;9de475e2;aa8988f6;3926aec7;b92c2b83
5,4,359,success,None,24/Jul/2026:12:41:21.919243,24/Jul/2026:12:41:22.937954,1.0187,20,24/Jul/2026:12:41:19.615741;24/Jul/2026:12:41:15.956352;24/Jul/2026:12:41:21.249122;24/Jul/2026:12:41:18.020942;24/Jul/2026:12:41:21.684737;24/Jul/2026:12:41:20.199142;24/Jul/2026:12:41:19.656423;24/Jul/2026:12:41:19.230094;24/Jul/2026:12:41:17.915467;24/Jul/2026:12:41:20.198257;24/Jul/2026:12:41:20.481619;24/Jul/2026:12:41:19.228998;24/Jul/2026:12:41:20.472197;24/Jul/2026:12:41:22.445928;24/Jul/2026:12:41:20.199329;24/Jul/2026:12:41:19.656236;24/Jul/2026:12:41:18.020883;24/Jul/2026:12:41:22.447113;24/Jul/2026:12:41:21.250008;24/Jul/2026:12:41:20.901469,2.3117;5.9742;0.6830;3.9163;0.5087;2.0101;2.6209;3.0606;4.5371;2.2563;1.9741;3.2276;1.9883;0.0270;2.2833;2.8624;4.5234;0.1476;1.5741;1.9236,bytes=1008036087-1008256671;bytes=331689552-332596749;bytes=1366817063-1366926797;bytes=827353500-828260586;bytes=1457161496-1457279875;bytes=1159275301-1160189422;bytes=1067210269-1068090588;bytes=971076047-971200230;bytes=774162234-774270380;bytes=1155966324-1156067607;bytes=1222401494-1222491657;bytes=962689840-962868607;bytes=1181274320-1182162348;bytes=1536026049-1536141400;bytes=1164386203-1164503490;bytes=1069925889-1070045802;bytes=831033455-831132033;bytes=1548137257-1548236610;bytes=1371084386-1371186797;bytes=1288120322-1288269205,38df8607;85042a49;dfb73dfd;c988851a;7ebee3b1;3347d90b;795162c8;ef0724fe;7d9b989e;2b5f9e5a;eaad8584;660eb571;cddf8ead;1c39336f;9de475e2;aa8988f6;3926aec7;b92c2b83;d7c04015;a5bf5d93
5,4,374,success,None,24/Jul/2026:12:41:22.445213,24/Jul/2026:12:41:23.243963,0.7987,13,24/Jul/2026:12:41:17.915467;24/Jul/2026:12:41:20.198257;24/Jul/2026:12:41:20.481619;24/Jul/2026:12:41:19.228998;24/Jul/2026:12:41:20.472197;24/Jul/2026:12:41:22.445928;24/Jul/2026:12:41:20.199329;24/Jul/2026:12:41:19.656236;24/Jul/2026:12:41:18.020883;24/Jul/2026:12:41:22.447113;24/Jul/2026:12:41:21.250008;24/Jul/2026:12:41:20.901469;24/Jul/2026:12:41:20.482648,4.5371;2.2563;1.9741;3.2276;1.9883;0.0270;2.2833;2.8624;4.5234;0.1476;1.5741;1.9236;2.4864,bytes=774162234-774270380;bytes=1155966324-1156067607;bytes=1222401494-1222491657;bytes=962689840-962868607;bytes=1181274320-1182162348;bytes=1536026049-1536141400;bytes=1164386203-1164503490;bytes=1069925889-1070045802;bytes=831033455-831132033;bytes=1548137257-1548236610;bytes=1371084386-1371186797;bytes=1288120322-1288269205;bytes=1227440496-1228321107,7d9b989e;2b5f9e5a;eaad8584;660eb571;cddf8ead;1c39336f;9de475e2;aa8988f6;3926aec7;b92c2b83;d7c04015;a5bf5d93;96cd6204
5,4,368,success,None,24/Jul/2026:12:41:22.171450,24/Jul/2026:12:41:23.316122,1.1447,25,24/Jul/2026:12:41:21.684737;24/Jul/2026:12:41:20.199142;24/Jul/2026:12:41:19.656423;24/Jul/2026:12:41:19.230094;24/Jul/2026:12:41:17.915467;24/Jul/2026:12:41:20.198257;24/Jul/2026:12:41:20.481619;24/Jul/2026:12:41:19.228998;24/Jul/2026:12:41:20.472197;24/Jul/2026:12:41:22.445928;24/Jul/2026:12:41:20.199329;24/Jul/2026:12:41:19.656236;24/Jul/2026:12:41:18.020883;24/Jul/2026:12:41:22.447113;24/Jul/2026:12:41:21.250008;24/Jul/2026:12:41:20.901469;24/Jul/2026:12:41:20.482648;24/Jul/2026:12:41:15.921555;24/Jul/2026:12:41:22.172699;24/Jul/2026:12:41:16.646917;24/Jul/2026:12:41:20.901402;24/Jul/2026:12:41:22.815749;24/Jul/2026:12:41:22.940229;24/Jul/2026:12:41:23.245494;24/Jul/2026:12:41:14.606819,0.5087;2.0101;2.6209;3.0606;4.5371;2.2563;1.9741;3.2276;1.9883;0.0270;2.2833;2.8624;4.5234;0.1476;1.5741;1.9236;2.4864;7.3293;1.0819;6.6133;2.3603;0.4466;0.3305;0.0262;8.6713,bytes=1457161496-1457279875;bytes=1159275301-1160189422;bytes=1067210269-1068090588;bytes=971076047-971200230;bytes=774162234-774270380;bytes=1155966324-1156067607;bytes=1222401494-1222491657;bytes=962689840-962868607;bytes=1181274320-1182162348;bytes=1536026049-1536141400;bytes=1164386203-1164503490;bytes=1069925889-1070045802;bytes=831033455-831132033;bytes=1548137257-1548236610;bytes=1371084386-1371186797;bytes=1288120322-1288269205;bytes=1227440496-1228321107;bytes=292077097-292969385;bytes=1512539870-1513418447;bytes=380610563-381516911;bytes=1287968374-1288120321;bytes=1623287240-1623391613;bytes=1656502451-1656618240;bytes=1685372158-1685487326;bytes=9744492-10652386,7ebee3b1;3347d90b;795162c8;ef0724fe;7d9b989e;2b5f9e5a;eaad8584;660eb571;cddf8ead;1c39336f;9de475e2;aa8988f6;3926aec7;b92c2b83;d7c04015;a5bf5d93;96cd6204;8de39ede;62851c3c;baa68310;dedf94fd;1da56129;6b5bc878;7b1d4445;2b5ac467
5,4,383,success,None,24/Jul/2026:12:41:22.537684,24/Jul/2026:12:41:23.447925,0.9102,16,24/Jul/2026:12:41:18.020883;24/Jul/2026:12:41:22.447113;24/Jul/2026:12:41:21.250008;24/Jul/2026:12:41:20.901469;24/Jul/2026:12:41:20.482648;24/Jul/2026:12:41:15.921555;24/Jul/2026:12:41:22.172699;24/Jul/2026:12:41:16.646917;24/Jul/2026:12:41:20.901402;24/Jul/2026:12:41:22.815749;24/Jul/2026:12:41:22.940229;24/Jul/2026:12:41:23.245494;24/Jul/2026:12:41:14.606819;24/Jul/2026:12:41:23.245089;24/Jul/2026:12:41:20.482579;24/Jul/2026:12:41:20.472566,4.5234;0.1476;1.5741;1.9236;2.4864;7.3293;1.0819;6.6133;2.3603;0.4466;0.3305;0.0262;8.6713;0.1137;2.8825;2.8936,bytes=831033455-831132033;bytes=1548137257-1548236610;bytes=1371084386-1371186797;bytes=1288120322-1288269205;bytes=1227440496-1228321107;bytes=292077097-292969385;bytes=1512539870-1513418447;bytes=380610563-381516911;bytes=1287968374-1288120321;bytes=1623287240-1623391613;bytes=1656502451-1656618240;bytes=1685372158-1685487326;bytes=9744492-10652386;bytes=1685171916-1685262768;bytes=1226545540-1227440495;bytes=1188967182-1189089705,3926aec7;b92c2b83;d7c04015;a5bf5d93;96cd6204;8de39ede;62851c3c;baa68310;dedf94fd;1da56129;6b5bc878;7b1d4445;2b5ac467;65fe740f;b9c03f68;0f2d1f07
5,4,400,success,None,24/Jul/2026:12:41:22.938183,24/Jul/2026:12:41:23.717333,0.7791,13,24/Jul/2026:12:41:20.482648;24/Jul/2026:12:41:15.921555;24/Jul/2026:12:41:22.172699;24/Jul/2026:12:41:16.646917;24/Jul/2026:12:41:20.901402;24/Jul/2026:12:41:22.815749;24/Jul/2026:12:41:22.940229;24/Jul/2026:12:41:23.245494;24/Jul/2026:12:41:14.606819;24/Jul/2026:12:41:23.245089;24/Jul/2026:12:41:20.482579;24/Jul/2026:12:41:20.472566;24/Jul/2026:12:41:22.173595,2.4864;7.3293;1.0819;6.6133;2.3603;0.4466;0.3305;0.0262;8.6713;0.1137;2.8825;2.8936;1.3102,bytes=1227440496-1228321107;bytes=292077097-292969385;bytes=1512539870-1513418447;bytes=380610563-381516911;bytes=1287968374-1288120321;bytes=1623287240-1623391613;bytes=1656502451-1656618240;bytes=1685372158-1685487326;bytes=9744492-10652386;bytes=1685171916-1685262768;bytes=1226545540-1227440495;bytes=1188967182-1189089705;bytes=1523499286-1523608447,96cd6204;8de39ede;62851c3c;baa68310;dedf94fd;1da56129;6b5bc878;7b1d4445;2b5ac467;65fe740f;b9c03f68;0f2d1f07;7aaa7aba
5,4,394,success,None,24/Jul/2026:12:41:22.814295,24/Jul/2026:12:41:23.776121,0.9618,23,24/Jul/2026:12:41:21.250008;24/Jul/2026:12:41:20.901469;24/Jul/2026:12:41:20.482648;24/Jul/2026:12:41:15.921555;24/Jul/2026:12:41:22.172699;24/Jul/2026:12:41:16.646917;24/Jul/2026:12:41:20.901402;24/Jul/2026:12:41:22.815749;24/Jul/2026:12:41:22.940229;24/Jul/2026:12:41:23.245494;24/Jul/2026:12:41:14.606819;24/Jul/2026:12:41:23.245089;24/Jul/2026:12:41:20.482579;24/Jul/2026:12:41:20.472566;24/Jul/2026:12:41:22.173595;24/Jul/2026:12:41:21.920564;24/Jul/2026:12:41:21.920759;24/Jul/2026:12:41:15.955290;24/Jul/2026:12:41:17.915250;24/Jul/2026:12:41:19.228303;24/Jul/2026:12:41:16.712796;24/Jul/2026:12:41:23.719697;24/Jul/2026:12:41:20.472694,1.5741;1.9236;2.4864;7.3293;1.0819;6.6133;2.3603;0.4466;0.3305;0.0262;8.6713;0.1137;2.8825;2.8936;1.3102;1.8040;1.8063;7.7736;5.8175;4.5098;7.0304;0.0317;3.2989,bytes=1371084386-1371186797;bytes=1288120322-1288269205;bytes=1227440496-1228321107;bytes=292077097-292969385;bytes=1512539870-1513418447;bytes=380610563-381516911;bytes=1287968374-1288120321;bytes=1623287240-1623391613;bytes=1656502451-1656618240;bytes=1685372158-1685487326;bytes=9744492-10652386;bytes=1685171916-1685262768;bytes=1226545540-1227440495;bytes=1188967182-1189089705;bytes=1523499286-1523608447;bytes=1478041720-1478154240;bytes=1482043846-1482223600;bytes=324468075-324655798;bytes=771247303-772124797;bytes=958866360-959747614;bytes=472580560-473463475;bytes=1772396262-1772498628;bytes=1185387124-1186289766,d7c04015;a5bf5d93;96cd6204;8de39ede;62851c3c;baa68310;dedf94fd;1da56129;6b5bc878;7b1d4445;2b5ac467;65fe740f;b9c03f68;0f2d1f07;7aaa7aba;5d5f1d86;19147327;2a07a3e0;01c855a1;a6291e01;345c048d;b19c2cfe;e4c7862f
5,4,419,success,None,24/Jul/2026:12:41:23.316348,24/Jul/2026:12:41:23.985664,0.6693,20,24/Jul/2026:12:41:23.245089;24/Jul/2026:12:41:20.482579;24/Jul/2026:12:41:20.472566;24/Jul/2026:12:41:22.173595;24/Jul/2026:12:41:21.920564;24/Jul/2026:12:41:21.920759;24/Jul/2026:12:41:15.955290;24/Jul/2026:12:41:17.915250;24/Jul/2026:12:41:19.228303;24/Jul/2026:12:41:16.712796;24/Jul/2026:12:41:23.719697;24/Jul/2026:12:41:20.472694;24/Jul/2026:12:41:23.719796;24/Jul/2026:12:41:23.245291;24/Jul/2026:12:41:22.815341;24/Jul/2026:12:41:23.720433;24/Jul/2026:12:41:20.482712;24/Jul/2026:12:41:22.939143;24/Jul/2026:12:41:23.778121;24/Jul/2026:12:41:23.777213,0.1137;2.8825;2.8936;1.3102;1.8040;1.8063;7.7736;5.8175;4.5098;7.0304;0.0317;3.2989;0.0647;0.5395;0.9703;0.0652;3.3037;0.8490;0.0223;0.0320,bytes=1685171916-1685262768;bytes=1226545540-1227440495;bytes=1188967182-1189089705;bytes=1523499286-1523608447;bytes=1478041720-1478154240;bytes=1482043846-1482223600;bytes=324468075-324655798;bytes=771247303-772124797;bytes=958866360-959747614;bytes=472580560-473463475;bytes=1772396262-1772498628;bytes=1185387124-1186289766;bytes=1776050424-1776269551;bytes=1683283601-1684190021;bytes=1623075604-1623171853;bytes=1780298576-1780390516;bytes=1228321108-1229225231;bytes=1644277103-1645163149;bytes=1833897375-1833995285;bytes=1825977453-1826089895,65fe740f;b9c03f68;0f2d1f07;7aaa7aba;5d5f1d86;19147327;2a07a3e0;01c855a1;a6291e01;345c048d;b19c2cfe;e4c7862f;1cc920c1;cbad75a4;ef49d401;ac5c2f20;cd1d7376;fab41681;33b915e9;93fdc2c6
5,4,425,success,None,24/Jul/2026:12:41:23.448152,24/Jul/2026:12:41:24.038576,0.5904,22,24/Jul/2026:12:41:22.173595;24/Jul/2026:12:41:21.920564;24/Jul/2026:12:41:21.920759;24/Jul/2026:12:41:15.955290;24/Jul/2026:12:41:17.915250;24/Jul/2026:12:41:19.228303;24/Jul/2026:12:41:16.712796;24/Jul/2026:12:41:23.719697;24/Jul/2026:12:41:20.472694;24/Jul/2026:12:41:23.719796;24/Jul/2026:12:41:23.245291;24/Jul/2026:12:41:22.815341;24/Jul/2026:12:41:23.720433;24/Jul/2026:12:41:20.482712;24/Jul/2026:12:41:22.939143;24/Jul/2026:12:41:23.778121;24/Jul/2026:12:41:23.777213;24/Jul/2026:12:41:16.711530;24/Jul/2026:12:41:22.539678;24/Jul/2026:12:40:55.316267;24/Jul/2026:12:41:16.701409;24/Jul/2026:12:41:23.449069,1.3102;1.8040;1.8063;7.7736;5.8175;4.5098;7.0304;0.0317;3.2989;0.0647;0.5395;0.9703;0.0652;3.3037;0.8490;0.0223;0.0320;7.2838;1.4648;28.6943;7.3137;0.5774,bytes=1523499286-1523608447;bytes=1478041720-1478154240;bytes=1482043846-1482223600;bytes=324468075-324655798;bytes=771247303-772124797;bytes=958866360-959747614;bytes=472580560-473463475;bytes=1772396262-1772498628;bytes=1185387124-1186289766;bytes=1776050424-1776269551;bytes=1683283601-1684190021;bytes=1623075604-1623171853;bytes=1780298576-1780390516;bytes=1228321108-1229225231;bytes=1644277103-1645163149;bytes=1833897375-1833995285;bytes=1825977453-1826089895;bytes=467295866-467516813;bytes=1581797740-1581917340;bytes=1263699455-1263864704;bytes=434424201-434522248;bytes=1747685626-1748566001,7aaa7aba;5d5f1d86;19147327;2a07a3e0;01c855a1;a6291e01;345c048d;b19c2cfe;e4c7862f;1cc920c1;cbad75a4;ef49d401;ac5c2f20;cd1d7376;fab41681;33b915e9;93fdc2c6;32b7b770;8835f623;787e0cd1;78a13c6c;26ae932a
5,4,409,success,None,24/Jul/2026:12:41:23.244205,24/Jul/2026:12:41:24.296677,1.0525,35,24/Jul/2026:12:41:15.921555;24/Jul/2026:12:41:22.172699;24/Jul/2026:12:41:16.646917;24/Jul/2026:12:41:20.901402;24/Jul/2026:12:41:22.815749;24/Jul/2026:12:41:22.940229;24/Jul/2026:12:41:23.245494;24/Jul/2026:12:41:14.606819;24/Jul/2026:12:41:23.245089;24/Jul/2026:12:41:20.482579;24/Jul/2026:12:41:20.472566;24/Jul/2026:12:41:22.173595;24/Jul/2026:12:41:21.920564;24/Jul/2026:12:41:21.920759;24/Jul/2026:12:41:15.955290;24/Jul/2026:12:41:17.915250;24/Jul/2026:12:41:19.228303;24/Jul/2026:12:41:16.712796;24/Jul/2026:12:41:23.719697;24/Jul/2026:12:41:20.472694;24/Jul/2026:12:41:23.719796;24/Jul/2026:12:41:23.245291;24/Jul/2026:12:41:22.815341;24/Jul/2026:12:41:23.720433;24/Jul/2026:12:41:20.482712;24/Jul/2026:12:41:22.939143;24/Jul/2026:12:41:23.778121;24/Jul/2026:12:41:23.777213;24/Jul/2026:12:41:16.711530;24/Jul/2026:12:41:22.539678;24/Jul/2026:12:40:55.316267;24/Jul/2026:12:41:16.701409;24/Jul/2026:12:41:23.449069;24/Jul/2026:12:41:23.318314;24/Jul/2026:12:41:23.986710,7.3293;1.0819;6.6133;2.3603;0.4466;0.3305;0.0262;8.6713;0.1137;2.8825;2.8936;1.3102;1.8040;1.8063;7.7736;5.8175;4.5098;7.0304;0.0317;3.2989;0.0647;0.5395;0.9703;0.0652;3.3037;0.8490;0.0223;0.0320;7.2838;1.4648;28.6943;7.3137;0.5774;0.7334;0.0707,bytes=292077097-292969385;bytes=1512539870-1513418447;bytes=380610563-381516911;bytes=1287968374-1288120321;bytes=1623287240-1623391613;bytes=1656502451-1656618240;bytes=1685372158-1685487326;bytes=9744492-10652386;bytes=1685171916-1685262768;bytes=1226545540-1227440495;bytes=1188967182-1189089705;bytes=1523499286-1523608447;bytes=1478041720-1478154240;bytes=1482043846-1482223600;bytes=324468075-324655798;bytes=771247303-772124797;bytes=958866360-959747614;bytes=472580560-473463475;bytes=1772396262-1772498628;bytes=1185387124-1186289766;bytes=1776050424-1776269551;bytes=1683283601-1684190021;bytes=1623075604-1623171853;bytes=1780298576-1780390516;bytes=1228321108-1229225231;bytes=1644277103-1645163149;bytes=1833897375-1833995285;bytes=1825977453-1826089895;bytes=467295866-467516813;bytes=1581797740-1581917340;bytes=1263699455-1263864704;bytes=434424201-434522248;bytes=1747685626-1748566001;bytes=1727917933-1728806130;bytes=1850676765-1850889748,8de39ede;62851c3c;baa68310;dedf94fd;1da56129;6b5bc878;7b1d4445;2b5ac467;65fe740f;b9c03f68;0f2d1f07;7aaa7aba;5d5f1d86;19147327;2a07a3e0;01c855a1;a6291e01;345c048d;b19c2cfe;e4c7862f;1cc920c1;cbad75a4;ef49d401;ac5c2f20;cd1d7376;fab41681;33b915e9;93fdc2c6;32b7b770;8835f623;787e0cd1;78a13c6c;26ae932a;3baa4ee6;0641e75b
5,4,430,success,None,24/Jul/2026:12:41:23.717590,24/Jul/2026:12:41:24.386691,0.6691,23,24/Jul/2026:12:41:21.920564;24/Jul/2026:12:41:21.920759;24/Jul/2026:12:41:15.955290;24/Jul/2026:12:41:17.915250;24/Jul/2026:12:41:19.228303;24/Jul/2026:12:41:16.712796;24/Jul/2026:12:41:23.719697;24/Jul/2026:12:41:20.472694;24/Jul/2026:12:41:23.719796;24/Jul/2026:12:41:23.245291;24/Jul/2026:12:41:22.815341;24/Jul/2026:12:41:23.720433;24/Jul/2026:12:41:20.482712;24/Jul/2026:12:41:22.939143;24/Jul/2026:12:41:23.778121;24/Jul/2026:12:41:23.777213;24/Jul/2026:12:41:16.711530;24/Jul/2026:12:41:22.539678;24/Jul/2026:12:40:55.316267;24/Jul/2026:12:41:16.701409;24/Jul/2026:12:41:23.449069;24/Jul/2026:12:41:23.318314;24/Jul/2026:12:41:23.986710,1.8040;1.8063;7.7736;5.8175;4.5098;7.0304;0.0317;3.2989;0.0647;0.5395;0.9703;0.0652;3.3037;0.8490;0.0223;0.0320;7.2838;1.4648;28.6943;7.3137;0.5774;0.7334;0.0707,bytes=1478041720-1478154240;bytes=1482043846-1482223600;bytes=324468075-324655798;bytes=771247303-772124797;bytes=958866360-959747614;bytes=472580560-473463475;bytes=1772396262-1772498628;bytes=1185387124-1186289766;bytes=1776050424-1776269551;bytes=1683283601-1684190021;bytes=1623075604-1623171853;bytes=1780298576-1780390516;bytes=1228321108-1229225231;bytes=1644277103-1645163149;bytes=1833897375-1833995285;bytes=1825977453-1826089895;bytes=467295866-467516813;bytes=1581797740-1581917340;bytes=1263699455-1263864704;bytes=434424201-434522248;bytes=1747685626-1748566001;bytes=1727917933-1728806130;bytes=1850676765-1850889748,5d5f1d86;19147327;2a07a3e0;01c855a1;a6291e01;345c048d;b19c2cfe;e4c7862f;1cc920c1;cbad75a4;ef49d401;ac5c2f20;cd1d7376;fab41681;33b915e9;93fdc2c6;32b7b770;8835f623;787e0cd1;78a13c6c;26ae932a;3baa4ee6;0641e75b
5,4,444,success,None,24/Jul/2026:12:41:23.776398,24/Jul/2026:12:41:24.826908,1.0505,15,24/Jul/2026:12:41:23.719796;24/Jul/2026:12:41:23.245291;24/Jul/2026:12:41:22.815341;24/Jul/2026:12:41:23.720433;24/Jul/2026:12:41:20.482712;24/Jul/2026:12:41:22.939143;24/Jul/2026:12:41:23.778121;24/Jul/2026:12:41:23.777213;24/Jul/2026:12:41:16.711530;24/Jul/2026:12:41:22.539678;24/Jul/2026:12:40:55.316267;24/Jul/2026:12:41:16.701409;24/Jul/2026:12:41:23.449069;24/Jul/2026:12:41:23.318314;24/Jul/2026:12:41:23.986710,0.0647;0.5395;0.9703;0.0652;3.3037;0.8490;0.0223;0.0320;7.2838;1.4648;28.6943;7.3137;0.5774;0.7334;0.0707,bytes=1776050424-1776269551;bytes=1683283601-1684190021;bytes=1623075604-1623171853;bytes=1780298576-1780390516;bytes=1228321108-1229225231;bytes=1644277103-1645163149;bytes=1833897375-1833995285;bytes=1825977453-1826089895;bytes=467295866-467516813;bytes=1581797740-1581917340;bytes=1263699455-1263864704;bytes=434424201-434522248;bytes=1747685626-1748566001;bytes=1727917933-1728806130;bytes=1850676765-1850889748,1cc920c1;cbad75a4;ef49d401;ac5c2f20;cd1d7376;fab41681;33b915e9;93fdc2c6;32b7b770;8835f623;787e0cd1;78a13c6c;26ae932a;3baa4ee6;0641e75b
5,4,450,success,None,24/Jul/2026:12:41:23.985897,24/Jul/2026:12:41:25.017074,1.0312,7,24/Jul/2026:12:41:16.711530;24/Jul/2026:12:41:22.539678;24/Jul/2026:12:40:55.316267;24/Jul/2026:12:41:16.701409;24/Jul/2026:12:41:23.449069;24/Jul/2026:12:41:23.318314;24/Jul/2026:12:41:23.986710,7.2838;1.4648;28.6943;7.3137;0.5774;0.7334;0.0707,bytes=467295866-467516813;bytes=1581797740-1581917340;bytes=1263699455-1263864704;bytes=434424201-434522248;bytes=1747685626-1748566001;bytes=1727917933-1728806130;bytes=1850676765-1850889748,32b7b770;8835f623;787e0cd1;78a13c6c;26ae932a;3baa4ee6;0641e75b
5,4,462,success,None,24/Jul/2026:12:41:24.038827,24/Jul/2026:12:41:25.027832,0.9890,2,24/Jul/2026:12:41:23.318314;24/Jul/2026:12:41:23.986710,0.7334;0.0707,bytes=1727917933-1728806130;bytes=1850676765-1850889748,3baa4ee6;0641e75b
15,4,47,success,None,24/Jul/2026:12:41:25.043115,24/Jul/2026:12:41:26.396047,1.3529,52,24/Jul/2026:12:41:10.011710;24/Jul/2026:12:41:25.046430;24/Jul/2026:12:40:59.151552;24/Jul/2026:12:40:48.000776;24/Jul/2026:12:41:13.743491;24/Jul/2026:12:41:25.050449;24/Jul/2026:12:41:10.011774;24/Jul/2026:12:41:25.051641;24/Jul/2026:12:41:05.773790;24/Jul/2026:12:41:25.046369;24/Jul/2026:12:41:25.046545;24/Jul/2026:12:41:25.052316;24/Jul/2026:12:41:25.046490;24/Jul/2026:12:41:25.051707;24/Jul/2026:12:41:25.051521;24/Jul/2026:12:41:25.048447;24/Jul/2026:12:41:14.611923;24/Jul/2026:12:41:25.049916;24/Jul/2026:12:41:18.498466;24/Jul/2026:12:41:25.049766;24/Jul/2026:12:41:13.399982;24/Jul/2026:12:41:25.049087;24/Jul/2026:12:41:25.051912;24/Jul/2026:12:41:07.596106;24/Jul/2026:12:41:25.046309;24/Jul/2026:12:41:25.046772;24/Jul/2026:12:41:25.059649;24/Jul/2026:12:41:13.742907;24/Jul/2026:12:41:07.905772;24/Jul/2026:12:41:10.338659;24/Jul/2026:12:41:25.056116;24/Jul/2026:12:41:10.339441;24/Jul/2026:12:41:25.046830;24/Jul/2026:12:41:25.048722;24/Jul/2026:12:41:25.053534;24/Jul/2026:12:41:25.054328;24/Jul/2026:12:41:25.059315;24/Jul/2026:12:41:25.050096;24/Jul/2026:12:41:25.061076;24/Jul/2026:12:41:25.047312;24/Jul/2026:12:41:14.614383;24/Jul/2026:12:41:13.504129;24/Jul/2026:12:41:10.338307;24/Jul/2026:12:41:25.060112;24/Jul/2026:12:41:25.050746;24/Jul/2026:12:41:25.062032;24/Jul/2026:12:41:13.742973;24/Jul/2026:12:41:21.508618;24/Jul/2026:12:41:25.045532;24/Jul/2026:12:41:13.503254;24/Jul/2026:12:41:13.743297;24/Jul/2026:12:41:25.060619,15.0962;0.0786;25.9796;37.1307;11.3888;0.1124;15.1724;0.1766;19.4623;0.2099;0.2314;0.2488;0.2641;0.2856;0.2872;0.3270;10.8109;0.4574;7.0882;0.5933;12.2582;0.6223;0.6537;18.1510;0.8535;0.8567;0.8541;12.1904;18.0311;15.6025;0.8972;15.6301;0.9711;0.9968;0.9967;0.9970;1.0065;1.0502;1.0485;1.1059;11.5772;12.7148;15.9209;1.2077;1.2210;1.2111;12.5960;4.8318;1.3056;12.8606;12.6250;1.3330,bytes=1397390444-1398323025;bytes=48500568-48584353;bytes=1682395239-1683283600;bytes=299946572-300050268;bytes=1909191569-1909395905;bytes=113023754-113121790;bytes=1398323026-1399232346;bytes=133498418-133596014;bytes=742225899-743121807;bytes=48411820-48500567;bytes=52289427-52399040;bytes=193413919-194301900;bytes=52138481-52289426;bytes=130690295-131568698;bytes=129421908-129600871;bytes=92992578-93079692;bytes=100736163-100823178;bytes=108956847-109060684;bytes=851465819-851662793;bytes=106946312-107864873;bytes=1827097822-1827979339;bytes=100736163-100823178;bytes=137658425-137758749;bytes=965756734-966664808;bytes=47344469-48235896;bytes=51261479-52138480;bytes=331689552-332596749;bytes=1904753004-1904972355;bytes=1068090589-1069016958;bytes=1453024520-1453122933;bytes=324655799-324853181;bytes=1456245763-1457161495;bytes=52399041-52496406;bytes=94089059-94982248;bytes=230812358-230973919;bytes=259142263-260042119;bytes=326623524-327540731;bytes=112848800-112934026;bytes=433433879-434331015;bytes=54370984-55273864;bytes=133596015-133768878;bytes=1858011978-1858924779;bytes=1446822380-1447754490;bytes=379686938-380610562;bytes=114924634-115845252;bytes=585970367-586062657;bytes=1904972356-1905177879;bytes=1391182386-1391281070;bytes=19546918-19624247;bytes=1854703605-1854822451;bytes=1906942765-1907854265;bytes=425177400-426088926,84305418;ecc52b7e;1e45b0bd;3fe5fa12;fcc91e8b;45a03cb3;d79ec135;f42becb6;fb8872d1;911b4742;02ad15fd;e0b404bc;2bd31005;3d2ba02b;e7db412c;b282342a;161c8ab7;3ac99a86;44a03c64;28120f32;860570f0;e912758f;417649e5;267a20e7;cf3a2431;46d22a6f;e449035d;331372d8;221f1a09;4b932f9a;bf73e9fb;b3ca5d2d;2bb3354a;771a04b9;57a66011;ed346088;9f0524c8;75f71268;5a704265;6099504f;8eebf620;19558d6d;80c78a70;2940511a;1868d08e;75600af7;7966d28b;22ea3a21;0ddb4b00;e180253f;4967cf03;103a5a53
15,4,26,success,None,24/Jul/2026:12:41:25.042738,24/Jul/2026:12:41:26.464781,1.4220,56,24/Jul/2026:12:41:10.011710;24/Jul/2026:12:41:25.046430;24/Jul/2026:12:40:59.151552;24/Jul/2026:12:40:48.000776;24/Jul/2026:12:41:13.743491;24/Jul/2026:12:41:25.050449;24/Jul/2026:12:41:10.011774;24/Jul/2026:12:41:25.051641;24/Jul/2026:12:41:05.773790;24/Jul/2026:12:41:25.046369;24/Jul/2026:12:41:25.046545;24/Jul/2026:12:41:25.052316;24/Jul/2026:12:41:25.046490;24/Jul/2026:12:41:25.051707;24/Jul/2026:12:41:25.051521;24/Jul/2026:12:41:25.048447;24/Jul/2026:12:41:14.611923;24/Jul/2026:12:41:25.049916;24/Jul/2026:12:41:18.498466;24/Jul/2026:12:41:25.049766;24/Jul/2026:12:41:13.399982;24/Jul/2026:12:41:25.049087;24/Jul/2026:12:41:25.051912;24/Jul/2026:12:41:07.596106;24/Jul/2026:12:41:25.046309;24/Jul/2026:12:41:25.046772;24/Jul/2026:12:41:25.059649;24/Jul/2026:12:41:13.742907;24/Jul/2026:12:41:07.905772;24/Jul/2026:12:41:10.338659;24/Jul/2026:12:41:25.056116;24/Jul/2026:12:41:10.339441;24/Jul/2026:12:41:25.046830;24/Jul/2026:12:41:25.048722;24/Jul/2026:12:41:25.053534;24/Jul/2026:12:41:25.054328;24/Jul/2026:12:41:25.059315;24/Jul/2026:12:41:25.050096;24/Jul/2026:12:41:25.061076;24/Jul/2026:12:41:25.047312;24/Jul/2026:12:41:14.614383;24/Jul/2026:12:41:13.504129;24/Jul/2026:12:41:10.338307;24/Jul/2026:12:41:25.060112;24/Jul/2026:12:41:25.050746;24/Jul/2026:12:41:25.062032;24/Jul/2026:12:41:13.742973;24/Jul/2026:12:41:21.508618;24/Jul/2026:12:41:25.045532;24/Jul/2026:12:41:13.503254;24/Jul/2026:12:41:13.743297;24/Jul/2026:12:41:25.060619;24/Jul/2026:12:41:01.019184;24/Jul/2026:12:41:25.060901;24/Jul/2026:12:41:25.054418;24/Jul/2026:12:41:22.446601,15.0962;0.0786;25.9796;37.1307;11.3888;0.1124;15.1724;0.1766;19.4623;0.2099;0.2314;0.2488;0.2641;0.2856;0.2872;0.3270;10.8109;0.4574;7.0882;0.5933;12.2582;0.6223;0.6537;18.1510;0.8535;0.8567;0.8541;12.1904;18.0311;15.6025;0.8972;15.6301;0.9711;0.9968;0.9967;0.9970;1.0065;1.0502;1.0485;1.1059;11.5772;12.7148;15.9209;1.2077;1.2210;1.2111;12.5960;4.8318;1.3056;12.8606;12.6250;1.3330;25.3866;1.3634;1.3945;4.0086,bytes=1397390444-1398323025;bytes=48500568-48584353;bytes=1682395239-1683283600;bytes=299946572-300050268;bytes=1909191569-1909395905;bytes=113023754-113121790;bytes=1398323026-1399232346;bytes=133498418-133596014;bytes=742225899-743121807;bytes=48411820-48500567;bytes=52289427-52399040;bytes=193413919-194301900;bytes=52138481-52289426;bytes=130690295-131568698;bytes=129421908-129600871;bytes=92992578-93079692;bytes=100736163-100823178;bytes=108956847-109060684;bytes=851465819-851662793;bytes=106946312-107864873;bytes=1827097822-1827979339;bytes=100736163-100823178;bytes=137658425-137758749;bytes=965756734-966664808;bytes=47344469-48235896;bytes=51261479-52138480;bytes=331689552-332596749;bytes=1904753004-1904972355;bytes=1068090589-1069016958;bytes=1453024520-1453122933;bytes=324655799-324853181;bytes=1456245763-1457161495;bytes=52399041-52496406;bytes=94089059-94982248;bytes=230812358-230973919;bytes=259142263-260042119;bytes=326623524-327540731;bytes=112848800-112934026;bytes=433433879-434331015;bytes=54370984-55273864;bytes=133596015-133768878;bytes=1858011978-1858924779;bytes=1446822380-1447754490;bytes=379686938-380610562;bytes=114924634-115845252;bytes=585970367-586062657;bytes=1904972356-1905177879;bytes=1391182386-1391281070;bytes=19546918-19624247;bytes=1854703605-1854822451;bytes=1906942765-1907854265;bytes=425177400-426088926;bytes=1901816945-1902691092;bytes=430591838-430736929;bytes=261864661-262764447;bytes=1543906327-1543997920,84305418;ecc52b7e;1e45b0bd;3fe5fa12;fcc91e8b;45a03cb3;d79ec135;f42becb6;fb8872d1;911b4742;02ad15fd;e0b404bc;2bd31005;3d2ba02b;e7db412c;b282342a;161c8ab7;3ac99a86;44a03c64;28120f32;860570f0;e912758f;417649e5;267a20e7;cf3a2431;46d22a6f;e449035d;331372d8;221f1a09;4b932f9a;bf73e9fb;b3ca5d2d;2bb3354a;771a04b9;57a66011;ed346088;9f0524c8;75f71268;5a704265;6099504f;8eebf620;19558d6d;80c78a70;2940511a;1868d08e;75600af7;7966d28b;22ea3a21;0ddb4b00;e180253f;4967cf03;103a5a53;859f0616;c06c4502;962ea3d8;bfbc068a
15,4,11,success,None,24/Jul/2026:12:41:25.042326,24/Jul/2026:12:41:26.551319,1.5090,61,24/Jul/2026:12:41:10.011710;24/Jul/2026:12:41:25.046430;24/Jul/2026:12:40:59.151552;24/Jul/2026:12:40:48.000776;24/Jul/2026:12:41:13.743491;24/Jul/2026:12:41:25.050449;24/Jul/2026:12:41:10.011774;24/Jul/2026:12:41:25.051641;24/Jul/2026:12:41:05.773790;24/Jul/2026:12:41:25.046369;24/Jul/2026:12:41:25.046545;24/Jul/2026:12:41:25.052316;24/Jul/2026:12:41:25.046490;24/Jul/2026:12:41:25.051707;24/Jul/2026:12:41:25.051521;24/Jul/2026:12:41:25.048447;24/Jul/2026:12:41:14.611923;24/Jul/2026:12:41:25.049916;24/Jul/2026:12:41:18.498466;24/Jul/2026:12:41:25.049766;24/Jul/2026:12:41:13.399982;24/Jul/2026:12:41:25.049087;24/Jul/2026:12:41:25.051912;24/Jul/2026:12:41:07.596106;24/Jul/2026:12:41:25.046309;24/Jul/2026:12:41:25.046772;24/Jul/2026:12:41:25.059649;24/Jul/2026:12:41:13.742907;24/Jul/2026:12:41:07.905772;24/Jul/2026:12:41:10.338659;24/Jul/2026:12:41:25.056116;24/Jul/2026:12:41:10.339441;24/Jul/2026:12:41:25.046830;24/Jul/2026:12:41:25.048722;24/Jul/2026:12:41:25.053534;24/Jul/2026:12:41:25.054328;24/Jul/2026:12:41:25.059315;24/Jul/2026:12:41:25.050096;24/Jul/2026:12:41:25.061076;24/Jul/2026:12:41:25.047312;24/Jul/2026:12:41:14.614383;24/Jul/2026:12:41:13.504129;24/Jul/2026:12:41:10.338307;24/Jul/2026:12:41:25.060112;24/Jul/2026:12:41:25.050746;24/Jul/2026:12:41:25.062032;24/Jul/2026:12:41:13.742973;24/Jul/2026:12:41:21.508618;24/Jul/2026:12:41:25.045532;24/Jul/2026:12:41:13.503254;24/Jul/2026:12:41:13.743297;24/Jul/2026:12:41:25.060619;24/Jul/2026:12:41:01.019184;24/Jul/2026:12:41:25.060901;24/Jul/2026:12:41:25.054418;24/Jul/2026:12:41:22.446601;24/Jul/2026:12:41:25.047747;24/Jul/2026:12:41:22.938708;24/Jul/2026:12:41:25.051161;24/Jul/2026:12:41:10.339249;24/Jul/2026:12:41:25.050216,15.0962;0.0786;25.9796;37.1307;11.3888;0.1124;15.1724;0.1766;19.4623;0.2099;0.2314;0.2488;0.2641;0.2856;0.2872;0.3270;10.8109;0.4574;7.0882;0.5933;12.2582;0.6223;0.6537;18.1510;0.8535;0.8567;0.8541;12.1904;18.0311;15.6025;0.8972;15.6301;0.9711;0.9968;0.9967;0.9970;1.0065;1.0502;1.0485;1.1059;11.5772;12.7148;15.9209;1.2077;1.2210;1.2111;12.5960;4.8318;1.3056;12.8606;12.6250;1.3330;25.3866;1.3634;1.3945;4.0086;1.4257;3.5558;1.4520;16.1643;1.4599,bytes=1397390444-1398323025;bytes=48500568-48584353;bytes=1682395239-1683283600;bytes=299946572-300050268;bytes=1909191569-1909395905;bytes=113023754-113121790;bytes=1398323026-1399232346;bytes=133498418-133596014;bytes=742225899-743121807;bytes=48411820-48500567;bytes=52289427-52399040;bytes=193413919-194301900;bytes=52138481-52289426;bytes=130690295-131568698;bytes=129421908-129600871;bytes=92992578-93079692;bytes=100736163-100823178;bytes=108956847-109060684;bytes=851465819-851662793;bytes=106946312-107864873;bytes=1827097822-1827979339;bytes=100736163-100823178;bytes=137658425-137758749;bytes=965756734-966664808;bytes=47344469-48235896;bytes=51261479-52138480;bytes=331689552-332596749;bytes=1904753004-1904972355;bytes=1068090589-1069016958;bytes=1453024520-1453122933;bytes=324655799-324853181;bytes=1456245763-1457161495;bytes=52399041-52496406;bytes=94089059-94982248;bytes=230812358-230973919;bytes=259142263-260042119;bytes=326623524-327540731;bytes=112848800-112934026;bytes=433433879-434331015;bytes=54370984-55273864;bytes=133596015-133768878;bytes=1858011978-1858924779;bytes=1446822380-1447754490;bytes=379686938-380610562;bytes=114924634-115845252;bytes=585970367-586062657;bytes=1904972356-1905177879;bytes=1391182386-1391281070;bytes=19546918-19624247;bytes=1854703605-1854822451;bytes=1906942765-1907854265;bytes=425177400-426088926;bytes=1901816945-1902691092;bytes=430591838-430736929;bytes=261864661-262764447;bytes=1543906327-1543997920;bytes=85130458-86033739;bytes=1641852588-1642770736;bytes=120847528-120932588;bytes=1453549916-1454431325;bytes=110057073-110958630,84305418;ecc52b7e;1e45b0bd;3fe5fa12;fcc91e8b;45a03cb3;d79ec135;f42becb6;fb8872d1;911b4742;02ad15fd;e0b404bc;2bd31005;3d2ba02b;e7db412c;b282342a;161c8ab7;3ac99a86;44a03c64;28120f32;860570f0;e912758f;417649e5;267a20e7;cf3a2431;46d22a6f;e449035d;331372d8;221f1a09;4b932f9a;bf73e9fb;b3ca5d2d;2bb3354a;771a04b9;57a66011;ed346088;9f0524c8;75f71268;5a704265;6099504f;8eebf620;19558d6d;80c78a70;2940511a;1868d08e;75600af7;7966d28b;22ea3a21;0ddb4b00;e180253f;4967cf03;103a5a53;859f0616;c06c4502;962ea3d8;bfbc068a;dcd62574;99850dc4;2240bcf2;672307e8;f5583dfe
15,4,55,success,None,24/Jul/2026:12:41:25.043217,24/Jul/2026:12:41:26.580169,1.5369,64,24/Jul/2026:12:41:10.011710;24/Jul/2026:12:41:25.046430;24/Jul/2026:12:40:59.151552;24/Jul/2026:12:40:48.000776;24/Jul/2026:12:41:13.743491;24/Jul/2026:12:41:25.050449;24/Jul/2026:12:41:10.011774;24/Jul/2026:12:41:25.051641;24/Jul/2026:12:41:05.773790;24/Jul/2026:12:41:25.046369;24/Jul/2026:12:41:25.046545;24/Jul/2026:12:41:25.052316;24/Jul/2026:12:41:25.046490;24/Jul/2026:12:41:25.051707;24/Jul/2026:12:41:25.051521;24/Jul/2026:12:41:25.048447;24/Jul/2026:12:41:14.611923;24/Jul/2026:12:41:25.049916;24/Jul/2026:12:41:18.498466;24/Jul/2026:12:41:25.049766;24/Jul/2026:12:41:13.399982;24/Jul/2026:12:41:25.049087;24/Jul/2026:12:41:25.051912;24/Jul/2026:12:41:07.596106;24/Jul/2026:12:41:25.046309;24/Jul/2026:12:41:25.046772;24/Jul/2026:12:41:25.059649;24/Jul/2026:12:41:13.742907;24/Jul/2026:12:41:07.905772;24/Jul/2026:12:41:10.338659;24/Jul/2026:12:41:25.056116;24/Jul/2026:12:41:10.339441;24/Jul/2026:12:41:25.046830;24/Jul/2026:12:41:25.048722;24/Jul/2026:12:41:25.053534;24/Jul/2026:12:41:25.054328;24/Jul/2026:12:41:25.059315;24/Jul/2026:12:41:25.050096;24/Jul/2026:12:41:25.061076;24/Jul/2026:12:41:25.047312;24/Jul/2026:12:41:14.614383;24/Jul/2026:12:41:13.504129;24/Jul/2026:12:41:10.338307;24/Jul/2026:12:41:25.060112;24/Jul/2026:12:41:25.050746;24/Jul/2026:12:41:25.062032;24/Jul/2026:12:41:13.742973;24/Jul/2026:12:41:21.508618;24/Jul/2026:12:41:25.045532;24/Jul/2026:12:41:13.503254;24/Jul/2026:12:41:13.743297;24/Jul/2026:12:41:25.060619;24/Jul/2026:12:41:01.019184;24/Jul/2026:12:41:25.060901;24/Jul/2026:12:41:25.054418;24/Jul/2026:12:41:22.446601;24/Jul/2026:12:41:25.047747;24/Jul/2026:12:41:22.938708;24/Jul/2026:12:41:25.051161;24/Jul/2026:12:41:10.339249;24/Jul/2026:12:41:25.050216;24/Jul/2026:12:41:25.051280;24/Jul/2026:12:41:26.397911;24/Jul/2026:12:41:25.061044,15.0962;0.0786;25.9796;37.1307;11.3888;0.1124;15.1724;0.1766;19.4623;0.2099;0.2314;0.2488;0.2641;0.2856;0.2872;0.3270;10.8109;0.4574;7.0882;0.5933;12.2582;0.6223;0.6537;18.1510;0.8535;0.8567;0.8541;12.1904;18.0311;15.6025;0.8972;15.6301;0.9711;0.9968;0.9967;0.9970;1.0065;1.0502;1.0485;1.1059;11.5772;12.7148;15.9209;1.2077;1.2210;1.2111;12.5960;4.8318;1.3056;12.8606;12.6250;1.3330;25.3866;1.3634;1.3945;4.0086;1.4257;3.5558;1.4520;16.1643;1.4599;1.5133;0.1717;1.5168,bytes=1397390444-1398323025;bytes=48500568-48584353;bytes=1682395239-1683283600;bytes=299946572-300050268;bytes=1909191569-1909395905;bytes=113023754-113121790;bytes=1398323026-1399232346;bytes=133498418-133596014;bytes=742225899-743121807;bytes=48411820-48500567;bytes=52289427-52399040;bytes=193413919-194301900;bytes=52138481-52289426;bytes=130690295-131568698;bytes=129421908-129600871;bytes=92992578-93079692;bytes=100736163-100823178;bytes=108956847-109060684;bytes=851465819-851662793;bytes=106946312-107864873;bytes=1827097822-1827979339;bytes=100736163-100823178;bytes=137658425-137758749;bytes=965756734-966664808;bytes=47344469-48235896;bytes=51261479-52138480;bytes=331689552-332596749;bytes=1904753004-1904972355;bytes=1068090589-1069016958;bytes=1453024520-1453122933;bytes=324655799-324853181;bytes=1456245763-1457161495;bytes=52399041-52496406;bytes=94089059-94982248;bytes=230812358-230973919;bytes=259142263-260042119;bytes=326623524-327540731;bytes=112848800-112934026;bytes=433433879-434331015;bytes=54370984-55273864;bytes=133596015-133768878;bytes=1858011978-1858924779;bytes=1446822380-1447754490;bytes=379686938-380610562;bytes=114924634-115845252;bytes=585970367-586062657;bytes=1904972356-1905177879;bytes=1391182386-1391281070;bytes=19546918-19624247;bytes=1854703605-1854822451;bytes=1906942765-1907854265;bytes=425177400-426088926;bytes=1901816945-1902691092;bytes=430591838-430736929;bytes=261864661-262764447;bytes=1543906327-1543997920;bytes=85130458-86033739;bytes=1641852588-1642770736;bytes=120847528-120932588;bytes=1453549916-1454431325;bytes=110057073-110958630;bytes=125611313-126492675;bytes=699842702-699932936;bytes=432525202-433433878,84305418;ecc52b7e;1e45b0bd;3fe5fa12;fcc91e8b;45a03cb3;d79ec135;f42becb6;fb8872d1;911b4742;02ad15fd;e0b404bc;2bd31005;3d2ba02b;e7db412c;b282342a;161c8ab7;3ac99a86;44a03c64;28120f32;860570f0;e912758f;417649e5;267a20e7;cf3a2431;46d22a6f;e449035d;331372d8;221f1a09;4b932f9a;bf73e9fb;b3ca5d2d;2bb3354a;771a04b9;57a66011;ed346088;9f0524c8;75f71268;5a704265;6099504f;8eebf620;19558d6d;80c78a70;2940511a;1868d08e;75600af7;7966d28b;22ea3a21;0ddb4b00;e180253f;4967cf03;103a5a53;859f0616;c06c4502;962ea3d8;bfbc068a;dcd62574;99850dc4;2240bcf2;672307e8;f5583dfe;fa962423;66a15bf0;c7bb9907
15,4,31,success,None,24/Jul/2026:12:41:25.042857,24/Jul/2026:12:41:26.589443,1.5466,64,24/Jul/2026:12:41:10.011710;24/Jul/2026:12:41:25.046430;24/Jul/2026:12:40:59.151552;24/Jul/2026:12:40:48.000776;24/Jul/2026:12:41:13.743491;24/Jul/2026:12:41:25.050449;24/Jul/2026:12:41:10.011774;24/Jul/2026:12:41:25.051641;24/Jul/2026:12:41:05.773790;24/Jul/2026:12:41:25.046369;24/Jul/2026:12:41:25.046545;24/Jul/2026:12:41:25.052316;24/Jul/2026:12:41:25.046490;24/Jul/2026:12:41:25.051707;24/Jul/2026:12:41:25.051521;24/Jul/2026:12:41:25.048447;24/Jul/2026:12:41:14.611923;24/Jul/2026:12:41:25.049916;24/Jul/2026:12:41:18.498466;24/Jul/2026:12:41:25.049766;24/Jul/2026:12:41:13.399982;24/Jul/2026:12:41:25.049087;24/Jul/2026:12:41:25.051912;24/Jul/2026:12:41:07.596106;24/Jul/2026:12:41:25.046309;24/Jul/2026:12:41:25.046772;24/Jul/2026:12:41:25.059649;24/Jul/2026:12:41:13.742907;24/Jul/2026:12:41:07.905772;24/Jul/2026:12:41:10.338659;24/Jul/2026:12:41:25.056116;24/Jul/2026:12:41:10.339441;24/Jul/2026:12:41:25.046830;24/Jul/2026:12:41:25.048722;24/Jul/2026:12:41:25.053534;24/Jul/2026:12:41:25.054328;24/Jul/2026:12:41:25.059315;24/Jul/2026:12:41:25.050096;24/Jul/2026:12:41:25.061076;24/Jul/2026:12:41:25.047312;24/Jul/2026:12:41:14.614383;24/Jul/2026:12:41:13.504129;24/Jul/2026:12:41:10.338307;24/Jul/2026:12:41:25.060112;24/Jul/2026:12:41:25.050746;24/Jul/2026:12:41:25.062032;24/Jul/2026:12:41:13.742973;24/Jul/2026:12:41:21.508618;24/Jul/2026:12:41:25.045532;24/Jul/2026:12:41:13.503254;24/Jul/2026:12:41:13.743297;24/Jul/2026:12:41:25.060619;24/Jul/2026:12:41:01.019184;24/Jul/2026:12:41:25.060901;24/Jul/2026:12:41:25.054418;24/Jul/2026:12:41:22.446601;24/Jul/2026:12:41:25.047747;24/Jul/2026:12:41:22.938708;24/Jul/2026:12:41:25.051161;24/Jul/2026:12:41:10.339249;24/Jul/2026:12:41:25.050216;24/Jul/2026:12:41:25.051280;24/Jul/2026:12:41:26.397911;24/Jul/2026:12:41:25.061044,15.0962;0.0786;25.9796;37.1307;11.3888;0.1124;15.1724;0.1766;19.4623;0.2099;0.2314;0.2488;0.2641;0.2856;0.2872;0.3270;10.8109;0.4574;7.0882;0.5933;12.2582;0.6223;0.6537;18.1510;0.8535;0.8567;0.8541;12.1904;18.0311;15.6025;0.8972;15.6301;0.9711;0.9968;0.9967;0.9970;1.0065;1.0502;1.0485;1.1059;11.5772;12.7148;15.9209;1.2077;1.2210;1.2111;12.5960;4.8318;1.3056;12.8606;12.6250;1.3330;25.3866;1.3634;1.3945;4.0086;1.4257;3.5558;1.4520;16.1643;1.4599;1.5133;0.1717;1.5168,bytes=1397390444-1398323025;bytes=48500568-48584353;bytes=1682395239-1683283600;bytes=299946572-300050268;bytes=1909191569-1909395905;bytes=113023754-113121790;bytes=1398323026-1399232346;bytes=133498418-133596014;bytes=742225899-743121807;bytes=48411820-48500567;bytes=52289427-52399040;bytes=193413919-194301900;bytes=52138481-52289426;bytes=130690295-131568698;bytes=129421908-129600871;bytes=92992578-93079692;bytes=100736163-100823178;bytes=108956847-109060684;bytes=851465819-851662793;bytes=106946312-107864873;bytes=1827097822-1827979339;bytes=100736163-100823178;bytes=137658425-137758749;bytes=965756734-966664808;bytes=47344469-48235896;bytes=51261479-52138480;bytes=331689552-332596749;bytes=1904753004-1904972355;bytes=1068090589-1069016958;bytes=1453024520-1453122933;bytes=324655799-324853181;bytes=1456245763-1457161495;bytes=52399041-52496406;bytes=94089059-94982248;bytes=230812358-230973919;bytes=259142263-260042119;bytes=326623524-327540731;bytes=112848800-112934026;bytes=433433879-434331015;bytes=54370984-55273864;bytes=133596015-133768878;bytes=1858011978-1858924779;bytes=1446822380-1447754490;bytes=379686938-380610562;bytes=114924634-115845252;bytes=585970367-586062657;bytes=1904972356-1905177879;bytes=1391182386-1391281070;bytes=19546918-19624247;bytes=1854703605-1854822451;bytes=1906942765-1907854265;bytes=425177400-426088926;bytes=1901816945-1902691092;bytes=430591838-430736929;bytes=261864661-262764447;bytes=1543906327-1543997920;bytes=85130458-86033739;bytes=1641852588-1642770736;bytes=120847528-120932588;bytes=1453549916-1454431325;bytes=110057073-110958630;bytes=125611313-126492675;bytes=699842702-699932936;bytes=432525202-433433878,84305418;ecc52b7e;1e45b0bd;3fe5fa12;fcc91e8b;45a03cb3;d79ec135;f42becb6;fb8872d1;911b4742;02ad15fd;e0b404bc;2bd31005;3d2ba02b;e7db412c;b282342a;161c8ab7;3ac99a86;44a03c64;28120f32;860570f0;e912758f;417649e5;267a20e7;cf3a2431;46d22a6f;e449035d;331372d8;221f1a09;4b932f9a;bf73e9fb;b3ca5d2d;2bb3354a;771a04b9;57a66011;ed346088;9f0524c8;75f71268;5a704265;6099504f;8eebf620;19558d6d;80c78a70;2940511a;1868d08e;75600af7;7966d28b;22ea3a21;0ddb4b00;e180253f;4967cf03;103a5a53;859f0616;c06c4502;962ea3d8;bfbc068a;dcd62574;99850dc4;2240bcf2;672307e8;f5583dfe;fa962423;66a15bf0;c7bb9907
15,4,2,success,None,24/Jul/2026:12:41:25.042120,24/Jul/2026:12:41:26.640220,1.5981,66,24/Jul/2026:12:41:10.011710;24/Jul/2026:12:41:25.046430;24/Jul/2026:12:40:59.151552;24/Jul/2026:12:40:48.000776;24/Jul/2026:12:41:13.743491;24/Jul/2026:12:41:25.050449;24/Jul/2026:12:41:10.011774;24/Jul/2026:12:41:25.051641;24/Jul/2026:12:41:05.773790;24/Jul/2026:12:41:25.046369;24/Jul/2026:12:41:25.046545;24/Jul/2026:12:41:25.052316;24/Jul/2026:12:41:25.046490;24/Jul/2026:12:41:25.051707;24/Jul/2026:12:41:25.051521;24/Jul/2026:12:41:25.048447;24/Jul/2026:12:41:14.611923;24/Jul/2026:12:41:25.049916;24/Jul/2026:12:41:18.498466;24/Jul/2026:12:41:25.049766;24/Jul/2026:12:41:13.399982;24/Jul/2026:12:41:25.049087;24/Jul/2026:12:41:25.051912;24/Jul/2026:12:41:07.596106;24/Jul/2026:12:41:25.046309;24/Jul/2026:12:41:25.046772;24/Jul/2026:12:41:25.059649;24/Jul/2026:12:41:13.742907;24/Jul/2026:12:41:07.905772;24/Jul/2026:12:41:10.338659;24/Jul/2026:12:41:25.056116;24/Jul/2026:12:41:10.339441;24/Jul/2026:12:41:25.046830;24/Jul/2026:12:41:25.048722;24/Jul/2026:12:41:25.053534;24/Jul/2026:12:41:25.054328;24/Jul/2026:12:41:25.059315;24/Jul/2026:12:41:25.050096;24/Jul/2026:12:41:25.061076;24/Jul/2026:12:41:25.047312;24/Jul/2026:12:41:14.614383;24/Jul/2026:12:41:13.504129;24/Jul/2026:12:41:10.338307;24/Jul/2026:12:41:25.060112;24/Jul/2026:12:41:25.050746;24/Jul/2026:12:41:25.062032;24/Jul/2026:12:41:13.742973;24/Jul/2026:12:41:21.508618;24/Jul/2026:12:41:25.045532;24/Jul/2026:12:41:13.503254;24/Jul/2026:12:41:13.743297;24/Jul/2026:12:41:25.060619;24/Jul/2026:12:41:01.019184;24/Jul/2026:12:41:25.060901;24/Jul/2026:12:41:25.054418;24/Jul/2026:12:41:22.446601;24/Jul/2026:12:41:25.047747;24/Jul/2026:12:41:22.938708;24/Jul/2026:12:41:25.051161;24/Jul/2026:12:41:10.339249;24/Jul/2026:12:41:25.050216;24/Jul/2026:12:41:25.051280;24/Jul/2026:12:41:26.397911;24/Jul/2026:12:41:25.061044;24/Jul/2026:12:41:25.061593;24/Jul/2026:12:41:13.400683,15.0962;0.0786;25.9796;37.1307;11.3888;0.1124;15.1724;0.1766;19.4623;0.2099;0.2314;0.2488;0.2641;0.2856;0.2872;0.3270;10.8109;0.4574;7.0882;0.5933;12.2582;0.6223;0.6537;18.1510;0.8535;0.8567;0.8541;12.1904;18.0311;15.6025;0.8972;15.6301;0.9711;0.9968;0.9967;0.9970;1.0065;1.0502;1.0485;1.1059;11.5772;12.7148;15.9209;1.2077;1.2210;1.2111;12.5960;4.8318;1.3056;12.8606;12.6250;1.3330;25.3866;1.3634;1.3945;4.0086;1.4257;3.5558;1.4520;16.1643;1.4599;1.5133;0.1717;1.5168;1.5407;13.2291,bytes=1397390444-1398323025;bytes=48500568-48584353;bytes=1682395239-1683283600;bytes=299946572-300050268;bytes=1909191569-1909395905;bytes=113023754-113121790;bytes=1398323026-1399232346;bytes=133498418-133596014;bytes=742225899-743121807;bytes=48411820-48500567;bytes=52289427-52399040;bytes=193413919-194301900;bytes=52138481-52289426;bytes=130690295-131568698;bytes=129421908-129600871;bytes=92992578-93079692;bytes=100736163-100823178;bytes=108956847-109060684;bytes=851465819-851662793;bytes=106946312-107864873;bytes=1827097822-1827979339;bytes=100736163-100823178;bytes=137658425-137758749;bytes=965756734-966664808;bytes=47344469-48235896;bytes=51261479-52138480;bytes=331689552-332596749;bytes=1904753004-1904972355;bytes=1068090589-1069016958;bytes=1453024520-1453122933;bytes=324655799-324853181;bytes=1456245763-1457161495;bytes=52399041-52496406;bytes=94089059-94982248;bytes=230812358-230973919;bytes=259142263-260042119;bytes=326623524-327540731;bytes=112848800-112934026;bytes=433433879-434331015;bytes=54370984-55273864;bytes=133596015-133768878;bytes=1858011978-1858924779;bytes=1446822380-1447754490;bytes=379686938-380610562;bytes=114924634-115845252;bytes=585970367-586062657;bytes=1904972356-1905177879;bytes=1391182386-1391281070;bytes=19546918-19624247;bytes=1854703605-1854822451;bytes=1906942765-1907854265;bytes=425177400-426088926;bytes=1901816945-1902691092;bytes=430591838-430736929;bytes=261864661-262764447;bytes=1543906327-1543997920;bytes=85130458-86033739;bytes=1641852588-1642770736;bytes=120847528-120932588;bytes=1453549916-1454431325;bytes=110057073-110958630;bytes=125611313-126492675;bytes=699842702-699932936;bytes=432525202-433433878;bytes=471499489-471695438;bytes=1837904930-1837991558,84305418;ecc52b7e;1e45b0bd;3fe5fa12;fcc91e8b;45a03cb3;d79ec135;f42becb6;fb8872d1;911b4742;02ad15fd;e0b404bc;2bd31005;3d2ba02b;e7db412c;b282342a;161c8ab7;3ac99a86;44a03c64;28120f32;860570f0;e912758f;417649e5;267a20e7;cf3a2431;46d22a6f;e449035d;331372d8;221f1a09;4b932f9a;bf73e9fb;b3ca5d2d;2bb3354a;771a04b9;57a66011;ed346088;9f0524c8;75f71268;5a704265;6099504f;8eebf620;19558d6d;80c78a70;2940511a;1868d08e;75600af7;7966d28b;22ea3a21;0ddb4b00;e180253f;4967cf03;103a5a53;859f0616;c06c4502;962ea3d8;bfbc068a;dcd62574;99850dc4;2240bcf2;672307e8;f5583dfe;fa962423;66a15bf0;c7bb9907;f4a63dde;a639f8cb
15,4,63,success,None,24/Jul/2026:12:41:25.043503,24/Jul/2026:12:41:26.648375,1.6049,67,24/Jul/2026:12:41:10.011710;24/Jul/2026:12:41:25.046430;24/Jul/2026:12:40:59.151552;24/Jul/2026:12:40:48.000776;24/Jul/2026:12:41:13.743491;24/Jul/2026:12:41:25.050449;24/Jul/2026:12:41:10.011774;24/Jul/2026:12:41:25.051641;24/Jul/2026:12:41:05.773790;24/Jul/2026:12:41:25.046369;24/Jul/2026:12:41:25.046545;24/Jul/2026:12:41:25.052316;24/Jul/2026:12:41:25.046490;24/Jul/2026:12:41:25.051707;24/Jul/2026:12:41:25.051521;24/Jul/2026:12:41:25.048447;24/Jul/2026:12:41:14.611923;24/Jul/2026:12:41:25.049916;24/Jul/2026:12:41:18.498466;24/Jul/2026:12:41:25.049766;24/Jul/2026:12:41:13.399982;24/Jul/2026:12:41:25.049087;24/Jul/2026:12:41:25.051912;24/Jul/2026:12:41:07.596106;24/Jul/2026:12:41:25.046309;24/Jul/2026:12:41:25.046772;24/Jul/2026:12:41:25.059649;24/Jul/2026:12:41:13.742907;24/Jul/2026:12:41:07.905772;24/Jul/2026:12:41:10.338659;24/Jul/2026:12:41:25.056116;24/Jul/2026:12:41:10.339441;24/Jul/2026:12:41:25.046830;24/Jul/2026:12:41:25.048722;24/Jul/2026:12:41:25.053534;24/Jul/2026:12:41:25.054328;24/Jul/2026:12:41:25.059315;24/Jul/2026:12:41:25.050096;24/Jul/2026:12:41:25.061076;24/Jul/2026:12:41:25.047312;24/Jul/2026:12:41:14.614383;24/Jul/2026:12:41:13.504129;24/Jul/2026:12:41:10.338307;24/Jul/2026:12:41:25.060112;24/Jul/2026:12:41:25.050746;24/Jul/2026:12:41:25.062032;24/Jul/2026:12:41:13.742973;24/Jul/2026:12:41:21.508618;24/Jul/2026:12:41:25.045532;24/Jul/2026:12:41:13.503254;24/Jul/2026:12:41:13.743297;24/Jul/2026:12:41:25.060619;24/Jul/2026:12:41:01.019184;24/Jul/2026:12:41:25.060901;24/Jul/2026:12:41:25.054418;24/Jul/2026:12:41:22.446601;24/Jul/2026:12:41:25.047747;24/Jul/2026:12:41:22.938708;24/Jul/2026:12:41:25.051161;24/Jul/2026:12:41:10.339249;24/Jul/2026:12:41:25.050216;24/Jul/2026:12:41:25.051280;24/Jul/2026:12:41:26.397911;24/Jul/2026:12:41:25.061044;24/Jul/2026:12:41:25.061593;24/Jul/2026:12:41:13.400683;24/Jul/2026:12:41:21.684008,15.0962;0.0786;25.9796;37.1307;11.3888;0.1124;15.1724;0.1766;19.4623;0.2099;0.2314;0.2488;0.2641;0.2856;0.2872;0.3270;10.8109;0.4574;7.0882;0.5933;12.2582;0.6223;0.6537;18.1510;0.8535;0.8567;0.8541;12.1904;18.0311;15.6025;0.8972;15.6301;0.9711;0.9968;0.9967;0.9970;1.0065;1.0502;1.0485;1.1059;11.5772;12.7148;15.9209;1.2077;1.2210;1.2111;12.5960;4.8318;1.3056;12.8606;12.6250;1.3330;25.3866;1.3634;1.3945;4.0086;1.4257;3.5558;1.4520;16.1643;1.4599;1.5133;0.1717;1.5168;1.5407;13.2291;4.9598,bytes=1397390444-1398323025;bytes=48500568-48584353;bytes=1682395239-1683283600;bytes=299946572-300050268;bytes=1909191569-1909395905;bytes=113023754-113121790;bytes=1398323026-1399232346;bytes=133498418-133596014;bytes=742225899-743121807;bytes=48411820-48500567;bytes=52289427-52399040;bytes=193413919-194301900;bytes=52138481-52289426;bytes=130690295-131568698;bytes=129421908-129600871;bytes=92992578-93079692;bytes=100736163-100823178;bytes=108956847-109060684;bytes=851465819-851662793;bytes=106946312-107864873;bytes=1827097822-1827979339;bytes=100736163-100823178;bytes=137658425-137758749;bytes=965756734-966664808;bytes=47344469-48235896;bytes=51261479-52138480;bytes=331689552-332596749;bytes=1904753004-1904972355;bytes=1068090589-1069016958;bytes=1453024520-1453122933;bytes=324655799-324853181;bytes=1456245763-1457161495;bytes=52399041-52496406;bytes=94089059-94982248;bytes=230812358-230973919;bytes=259142263-260042119;bytes=326623524-327540731;bytes=112848800-112934026;bytes=433433879-434331015;bytes=54370984-55273864;bytes=133596015-133768878;bytes=1858011978-1858924779;bytes=1446822380-1447754490;bytes=379686938-380610562;bytes=114924634-115845252;bytes=585970367-586062657;bytes=1904972356-1905177879;bytes=1391182386-1391281070;bytes=19546918-19624247;bytes=1854703605-1854822451;bytes=1906942765-1907854265;bytes=425177400-426088926;bytes=1901816945-1902691092;bytes=430591838-430736929;bytes=261864661-262764447;bytes=1543906327-1543997920;bytes=85130458-86033739;bytes=1641852588-1642770736;bytes=120847528-120932588;bytes=1453549916-1454431325;bytes=110057073-110958630;bytes=125611313-126492675;bytes=699842702-699932936;bytes=432525202-433433878;bytes=471499489-471695438;bytes=1837904930-1837991558;bytes=1447754491-1448667937,84305418;ecc52b7e;1e45b0bd;3fe5fa12;fcc91e8b;45a03cb3;d79ec135;f42becb6;fb8872d1;911b4742;02ad15fd;e0b404bc;2bd31005;3d2ba02b;e7db412c;b282342a;161c8ab7;3ac99a86;44a03c64;28120f32;860570f0;e912758f;417649e5;267a20e7;cf3a2431;46d22a6f;e449035d;331372d8;221f1a09;4b932f9a;bf73e9fb;b3ca5d2d;2bb3354a;771a04b9;57a66011;ed346088;9f0524c8;75f71268;5a704265;6099504f;8eebf620;19558d6d;80c78a70;2940511a;1868d08e;75600af7;7966d28b;22ea3a21;0ddb4b00;e180253f;4967cf03;103a5a53;859f0616;c06c4502;962ea3d8;bfbc068a;dcd62574;99850dc4;2240bcf2;672307e8;f5583dfe;fa962423;66a15bf0;c7bb9907;f4a63dde;a639f8cb;d7bded73
15,4,21,success,None,24/Jul/2026:12:41:25.042506,24/Jul/2026:12:41:26.682543,1.6400,69,24/Jul/2026:12:41:10.011710;24/Jul/2026:12:41:25.046430;24/Jul/2026:12:40:59.151552;24/Jul/2026:12:40:48.000776;24/Jul/2026:12:41:13.743491;24/Jul/2026:12:41:25.050449;24/Jul/2026:12:41:10.011774;24/Jul/2026:12:41:25.051641;24/Jul/2026:12:41:05.773790;24/Jul/2026:12:41:25.046369;24/Jul/2026:12:41:25.046545;24/Jul/2026:12:41:25.052316;24/Jul/2026:12:41:25.046490;24/Jul/2026:12:41:25.051707;24/Jul/2026:12:41:25.051521;24/Jul/2026:12:41:25.048447;24/Jul/2026:12:41:14.611923;24/Jul/2026:12:41:25.049916;24/Jul/2026:12:41:18.498466;24/Jul/2026:12:41:25.049766;24/Jul/2026:12:41:13.399982;24/Jul/2026:12:41:25.049087;24/Jul/2026:12:41:25.051912;24/Jul/2026:12:41:07.596106;24/Jul/2026:12:41:25.046309;24/Jul/2026:12:41:25.046772;24/Jul/2026:12:41:25.059649;24/Jul/2026:12:41:13.742907;24/Jul/2026:12:41:07.905772;24/Jul/2026:12:41:10.338659;24/Jul/2026:12:41:25.056116;24/Jul/2026:12:41:10.339441;24/Jul/2026:12:41:25.046830;24/Jul/2026:12:41:25.048722;24/Jul/2026:12:41:25.053534;24/Jul/2026:12:41:25.054328;24/Jul/2026:12:41:25.059315;24/Jul/2026:12:41:25.050096;24/Jul/2026:12:41:25.061076;24/Jul/2026:12:41:25.047312;24/Jul/2026:12:41:14.614383;24/Jul/2026:12:41:13.504129;24/Jul/2026:12:41:10.338307;24/Jul/2026:12:41:25.060112;24/Jul/2026:12:41:25.050746;24/Jul/2026:12:41:25.062032;24/Jul/2026:12:41:13.742973;24/Jul/2026:12:41:21.508618;24/Jul/2026:12:41:25.045532;24/Jul/2026:12:41:13.503254;24/Jul/2026:12:41:13.743297;24/Jul/2026:12:41:25.060619;24/Jul/2026:12:41:01.019184;24/Jul/2026:12:41:25.060901;24/Jul/2026:12:41:25.054418;24/Jul/2026:12:41:22.446601;24/Jul/2026:12:41:25.047747;24/Jul/2026:12:41:22.938708;24/Jul/2026:12:41:25.051161;24/Jul/2026:12:41:10.339249;24/Jul/2026:12:41:25.050216;24/Jul/2026:12:41:25.051280;24/Jul/2026:12:41:26.397911;24/Jul/2026:12:41:25.061044;24/Jul/2026:12:41:25.061593;24/Jul/2026:12:41:13.400683;24/Jul/2026:12:41:21.684008;24/Jul/2026:12:41:25.049622;24/Jul/2026:12:41:25.052652,15.0962;0.0786;25.9796;37.1307;11.3888;0.1124;15.1724;0.1766;19.4623;0.2099;0.2314;0.2488;0.2641;0.2856;0.2872;0.3270;10.8109;0.4574;7.0882;0.5933;12.2582;0.6223;0.6537;18.1510;0.8535;0.8567;0.8541;12.1904;18.0311;15.6025;0.8972;15.6301;0.9711;0.9968;0.9967;0.9970;1.0065;1.0502;1.0485;1.1059;11.5772;12.7148;15.9209;1.2077;1.2210;1.2111;12.5960;4.8318;1.3056;12.8606;12.6250;1.3330;25.3866;1.3634;1.3945;4.0086;1.4257;3.5558;1.4520;16.1643;1.4599;1.5133;0.1717;1.5168;1.5407;13.2291;4.9598;1.6162;1.6214,bytes=1397390444-1398323025;bytes=48500568-48584353;bytes=1682395239-1683283600;bytes=299946572-300050268;bytes=1909191569-1909395905;bytes=113023754-113121790;bytes=1398323026-1399232346;bytes=133498418-133596014;bytes=742225899-743121807;bytes=48411820-48500567;bytes=52289427-52399040;bytes=193413919-194301900;bytes=52138481-52289426;bytes=130690295-131568698;bytes=129421908-129600871;bytes=92992578-93079692;bytes=100736163-100823178;bytes=108956847-109060684;bytes=851465819-851662793;bytes=106946312-107864873;bytes=1827097822-1827979339;bytes=100736163-100823178;bytes=137658425-137758749;bytes=965756734-966664808;bytes=47344469-48235896;bytes=51261479-52138480;bytes=331689552-332596749;bytes=1904753004-1904972355;bytes=1068090589-1069016958;bytes=1453024520-1453122933;bytes=324655799-324853181;bytes=1456245763-1457161495;bytes=52399041-52496406;bytes=94089059-94982248;bytes=230812358-230973919;bytes=259142263-260042119;bytes=326623524-327540731;bytes=112848800-112934026;bytes=433433879-434331015;bytes=54370984-55273864;bytes=133596015-133768878;bytes=1858011978-1858924779;bytes=1446822380-1447754490;bytes=379686938-380610562;bytes=114924634-115845252;bytes=585970367-586062657;bytes=1904972356-1905177879;bytes=1391182386-1391281070;bytes=19546918-19624247;bytes=1854703605-1854822451;bytes=1906942765-1907854265;bytes=425177400-426088926;bytes=1901816945-1902691092;bytes=430591838-430736929;bytes=261864661-262764447;bytes=1543906327-1543997920;bytes=85130458-86033739;bytes=1641852588-1642770736;bytes=120847528-120932588;bytes=1453549916-1454431325;bytes=110057073-110958630;bytes=125611313-126492675;bytes=699842702-699932936;bytes=432525202-433433878;bytes=471499489-471695438;bytes=1837904930-1837991558;bytes=1447754491-1448667937;bytes=105164290-106057566;bytes=194669978-195569361,84305418;ecc52b7e;1e45b0bd;3fe5fa12;fcc91e8b;45a03cb3;d79ec135;f42becb6;fb8872d1;911b4742;02ad15fd;e0b404bc;2bd31005;3d2ba02b;e7db412c;b282342a;161c8ab7;3ac99a86;44a03c64;28120f32;860570f0;e912758f;417649e5;267a20e7;cf3a2431;46d22a6f;e449035d;331372d8;221f1a09;4b932f9a;bf73e9fb;b3ca5d2d;2bb3354a;771a04b9;57a66011;ed346088;9f0524c8;75f71268;5a704265;6099504f;8eebf620;19558d6d;80c78a70;2940511a;1868d08e;75600af7;7966d28b;22ea3a21;0ddb4b00;e180253f;4967cf03;103a5a53;859f0616;c06c4502;962ea3d8;bfbc068a;dcd62574;99850dc4;2240bcf2;672307e8;f5583dfe;fa962423;66a15bf0;c7bb9907;f4a63dde;a639f8cb;d7bded73;b254b278;f383ae72
15,4,71,success,None,24/Jul/2026:12:41:25.043682,24/Jul/2026:12:41:26.691681,1.6480,69,24/Jul/2026:12:41:10.011710;24/Jul/2026:12:41:25.046430;24/Jul/2026:12:40:59.151552;24/Jul/2026:12:40:48.000776;24/Jul/2026:12:41:13.743491;24/Jul/2026:12:41:25.050449;24/Jul/2026:12:41:10.011774;24/Jul/2026:12:41:25.051641;24/Jul/2026:12:41:05.773790;24/Jul/2026:12:41:25.046369;24/Jul/2026:12:41:25.046545;24/Jul/2026:12:41:25.052316;24/Jul/2026:12:41:25.046490;24/Jul/2026:12:41:25.051707;24/Jul/2026:12:41:25.051521;24/Jul/2026:12:41:25.048447;24/Jul/2026:12:41:14.611923;24/Jul/2026:12:41:25.049916;24/Jul/2026:12:41:18.498466;24/Jul/2026:12:41:25.049766;24/Jul/2026:12:41:13.399982;24/Jul/2026:12:41:25.049087;24/Jul/2026:12:41:25.051912;24/Jul/2026:12:41:07.596106;24/Jul/2026:12:41:25.046309;24/Jul/2026:12:41:25.046772;24/Jul/2026:12:41:25.059649;24/Jul/2026:12:41:13.742907;24/Jul/2026:12:41:07.905772;24/Jul/2026:12:41:10.338659;24/Jul/2026:12:41:25.056116;24/Jul/2026:12:41:10.339441;24/Jul/2026:12:41:25.046830;24/Jul/2026:12:41:25.048722;24/Jul/2026:12:41:25.053534;24/Jul/2026:12:41:25.054328;24/Jul/2026:12:41:25.059315;24/Jul/2026:12:41:25.050096;24/Jul/2026:12:41:25.061076;24/Jul/2026:12:41:25.047312;24/Jul/2026:12:41:14.614383;24/Jul/2026:12:41:13.504129;24/Jul/2026:12:41:10.338307;24/Jul/2026:12:41:25.060112;24/Jul/2026:12:41:25.050746;24/Jul/2026:12:41:25.062032;24/Jul/2026:12:41:13.742973;24/Jul/2026:12:41:21.508618;24/Jul/2026:12:41:25.045532;24/Jul/2026:12:41:13.503254;24/Jul/2026:12:41:13.743297;24/Jul/2026:12:41:25.060619;24/Jul/2026:12:41:01.019184;24/Jul/2026:12:41:25.060901;24/Jul/2026:12:41:25.054418;24/Jul/2026:12:41:22.446601;24/Jul/2026:12:41:25.047747;24/Jul/2026:12:41:22.938708;24/Jul/2026:12:41:25.051161;24/Jul/2026:12:41:10.339249;24/Jul/2026:12:41:25.050216;24/Jul/2026:12:41:25.051280;24/Jul/2026:12:41:26.397911;24/Jul/2026:12:41:25.061044;24/Jul/2026:12:41:25.061593;24/Jul/2026:12:41:13.400683;24/Jul/2026:12:41:21.684008;24/Jul/2026:12:41:25.049622;24/Jul/2026:12:41:25.052652,15.0962;0.0786;25.9796;37.1307;11.3888;0.1124;15.1724;0.1766;19.4623;0.2099;0.2314;0.2488;0.2641;0.2856;0.2872;0.3270;10.8109;0.4574;7.0882;0.5933;12.2582;0.6223;0.6537;18.1510;0.8535;0.8567;0.8541;12.1904;18.0311;15.6025;0.8972;15.6301;0.9711;0.9968;0.9967;0.9970;1.0065;1.0502;1.0485;1.1059;11.5772;12.7148;15.9209;1.2077;1.2210;1.2111;12.5960;4.8318;1.3056;12.8606;12.6250;1.3330;25.3866;1.3634;1.3945;4.0086;1.4257;3.5558;1.4520;16.1643;1.4599;1.5133;0.1717;1.5168;1.5407;13.2291;4.9598;1.6162;1.6214,bytes=1397390444-1398323025;bytes=48500568-48584353;bytes=1682395239-1683283600;bytes=299946572-300050268;bytes=1909191569-1909395905;bytes=113023754-113121790;bytes=1398323026-1399232346;bytes=133498418-133596014;bytes=742225899-743121807;bytes=48411820-48500567;bytes=52289427-52399040;bytes=193413919-194301900;bytes=52138481-52289426;bytes=130690295-131568698;bytes=129421908-129600871;bytes=92992578-93079692;bytes=100736163-100823178;bytes=108956847-109060684;bytes=851465819-851662793;bytes=106946312-107864873;bytes=1827097822-1827979339;bytes=100736163-100823178;bytes=137658425-137758749;bytes=965756734-966664808;bytes=47344469-48235896;bytes=51261479-52138480;bytes=331689552-332596749;bytes=1904753004-1904972355;bytes=1068090589-1069016958;bytes=1453024520-1453122933;bytes=324655799-324853181;bytes=1456245763-1457161495;bytes=52399041-52496406;bytes=94089059-94982248;bytes=230812358-230973919;bytes=259142263-260042119;bytes=326623524-327540731;bytes=112848800-112934026;bytes=433433879-434331015;bytes=54370984-55273864;bytes=133596015-133768878;bytes=1858011978-1858924779;bytes=1446822380-1447754490;bytes=379686938-380610562;bytes=114924634-115845252;bytes=585970367-586062657;bytes=1904972356-1905177879;bytes=1391182386-1391281070;bytes=19546918-19624247;bytes=1854703605-1854822451;bytes=1906942765-1907854265;bytes=425177400-426088926;bytes=1901816945-1902691092;bytes=430591838-430736929;bytes=261864661-262764447;bytes=1543906327-1543997920;bytes=85130458-86033739;bytes=1641852588-1642770736;bytes=120847528-120932588;bytes=1453549916-1454431325;bytes=110057073-110958630;bytes=125611313-126492675;bytes=699842702-699932936;bytes=432525202-433433878;bytes=471499489-471695438;bytes=1837904930-1837991558;bytes=1447754491-1448667937;bytes=105164290-106057566;bytes=194669978-195569361,84305418;ecc52b7e;1e45b0bd;3fe5fa12;fcc91e8b;45a03cb3;d79ec135;f42becb6;fb8872d1;911b4742;02ad15fd;e0b404bc;2bd31005;3d2ba02b;e7db412c;b282342a;161c8ab7;3ac99a86;44a03c64;28120f32;860570f0;e912758f;417649e5;267a20e7;cf3a2431;46d22a6f;e449035d;331372d8;221f1a09;4b932f9a;bf73e9fb;b3ca5d2d;2bb3354a;771a04b9;57a66011;ed346088;9f0524c8;75f71268;5a704265;6099504f;8eebf620;19558d6d;80c78a70;2940511a;1868d08e;75600af7;7966d28b;22ea3a21;0ddb4b00;e180253f;4967cf03;103a5a53;859f0616;c06c4502;962ea3d8;bfbc068a;dcd62574;99850dc4;2240bcf2;672307e8;f5583dfe;fa962423;66a15bf0;c7bb9907;f4a63dde;a639f8cb;d7bded73;b254b278;f383ae72
15,4,79,success,None,24/Jul/2026:12:41:25.043893,24/Jul/2026:12:41:27.089982,2.0461,84,24/Jul/2026:12:41:10.011710;24/Jul/2026:12:41:25.046430;24/Jul/2026:12:40:59.151552;24/Jul/2026:12:40:48.000776;24/Jul/2026:12:41:13.743491;24/Jul/2026:12:41:25.050449;24/Jul/2026:12:41:10.011774;24/Jul/2026:12:41:25.051641;24/Jul/2026:12:41:05.773790;24/Jul/2026:12:41:25.046369;24/Jul/2026:12:41:25.046545;24/Jul/2026:12:41:25.052316;24/Jul/2026:12:41:25.046490;24/Jul/2026:12:41:25.051707;24/Jul/2026:12:41:25.051521;24/Jul/2026:12:41:25.048447;24/Jul/2026:12:41:14.611923;24/Jul/2026:12:41:25.049916;24/Jul/2026:12:41:18.498466;24/Jul/2026:12:41:25.049766;24/Jul/2026:12:41:13.399982;24/Jul/2026:12:41:25.049087;24/Jul/2026:12:41:25.051912;24/Jul/2026:12:41:07.596106;24/Jul/2026:12:41:25.046309;24/Jul/2026:12:41:25.046772;24/Jul/2026:12:41:25.059649;24/Jul/2026:12:41:13.742907;24/Jul/2026:12:41:07.905772;24/Jul/2026:12:41:10.338659;24/Jul/2026:12:41:25.056116;24/Jul/2026:12:41:10.339441;24/Jul/2026:12:41:25.046830;24/Jul/2026:12:41:25.048722;24/Jul/2026:12:41:25.053534;24/Jul/2026:12:41:25.054328;24/Jul/2026:12:41:25.059315;24/Jul/2026:12:41:25.050096;24/Jul/2026:12:41:25.061076;24/Jul/2026:12:41:25.047312;24/Jul/2026:12:41:14.614383;24/Jul/2026:12:41:13.504129;24/Jul/2026:12:41:10.338307;24/Jul/2026:12:41:25.060112;24/Jul/2026:12:41:25.050746;24/Jul/2026:12:41:25.062032;24/Jul/2026:12:41:13.742973;24/Jul/2026:12:41:21.508618;24/Jul/2026:12:41:25.045532;24/Jul/2026:12:41:13.503254;24/Jul/2026:12:41:13.743297;24/Jul/2026:12:41:25.060619;24/Jul/2026:12:41:01.019184;24/Jul/2026:12:41:25.060901;24/Jul/2026:12:41:25.054418;24/Jul/2026:12:41:22.446601;24/Jul/2026:12:41:25.047747;24/Jul/2026:12:41:22.938708;24/Jul/2026:12:41:25.051161;24/Jul/2026:12:41:10.339249;24/Jul/2026:12:41:25.050216;24/Jul/2026:12:41:25.051280;24/Jul/2026:12:41:26.397911;24/Jul/2026:12:41:25.061044;24/Jul/2026:12:41:25.061593;24/Jul/2026:12:41:13.400683;24/Jul/2026:12:41:21.684008;24/Jul/2026:12:41:25.049622;24/Jul/2026:12:41:25.052652;24/Jul/2026:12:41:12.436186;24/Jul/2026:12:41:25.048614;24/Jul/2026:12:41:25.060820;24/Jul/2026:12:41:25.049981;24/Jul/2026:12:41:22.939336;24/Jul/2026:12:41:25.059188;24/Jul/2026:12:41:25.051844;24/Jul/2026:12:41:25.059899;24/Jul/2026:12:41:25.045904;24/Jul/2026:12:41:13.399758;24/Jul/2026:12:41:11.989035;24/Jul/2026:12:41:24.040882;24/Jul/2026:12:41:25.045843;24/Jul/2026:12:41:24.040311;24/Jul/2026:12:41:24.040245,15.0962;0.0786;25.9796;37.1307;11.3888;0.1124;15.1724;0.1766;19.4623;0.2099;0.2314;0.2488;0.2641;0.2856;0.2872;0.3270;10.8109;0.4574;7.0882;0.5933;12.2582;0.6223;0.6537;18.1510;0.8535;0.8567;0.8541;12.1904;18.0311;15.6025;0.8972;15.6301;0.9711;0.9968;0.9967;0.9970;1.0065;1.0502;1.0485;1.1059;11.5772;12.7148;15.9209;1.2077;1.2210;1.2111;12.5960;4.8318;1.3056;12.8606;12.6250;1.3330;25.3866;1.3634;1.3945;4.0086;1.4257;3.5558;1.4520;16.1643;1.4599;1.5133;0.1717;1.5168;1.5407;13.2291;4.9598;1.6162;1.6214;14.2650;1.6756;1.6922;1.7160;3.9716;1.8771;1.8934;1.8947;1.9582;13.6116;15.0631;3.0157;2.0290;3.0365;3.0422,bytes=1397390444-1398323025;bytes=48500568-48584353;bytes=1682395239-1683283600;bytes=299946572-300050268;bytes=1909191569-1909395905;bytes=113023754-113121790;bytes=1398323026-1399232346;bytes=133498418-133596014;bytes=742225899-743121807;bytes=48411820-48500567;bytes=52289427-52399040;bytes=193413919-194301900;bytes=52138481-52289426;bytes=130690295-131568698;bytes=129421908-129600871;bytes=92992578-93079692;bytes=100736163-100823178;bytes=108956847-109060684;bytes=851465819-851662793;bytes=106946312-107864873;bytes=1827097822-1827979339;bytes=100736163-100823178;bytes=137658425-137758749;bytes=965756734-966664808;bytes=47344469-48235896;bytes=51261479-52138480;bytes=331689552-332596749;bytes=1904753004-1904972355;bytes=1068090589-1069016958;bytes=1453024520-1453122933;bytes=324655799-324853181;bytes=1456245763-1457161495;bytes=52399041-52496406;bytes=94089059-94982248;bytes=230812358-230973919;bytes=259142263-260042119;bytes=326623524-327540731;bytes=112848800-112934026;bytes=433433879-434331015;bytes=54370984-55273864;bytes=133596015-133768878;bytes=1858011978-1858924779;bytes=1446822380-1447754490;bytes=379686938-380610562;bytes=114924634-115845252;bytes=585970367-586062657;bytes=1904972356-1905177879;bytes=1391182386-1391281070;bytes=19546918-19624247;bytes=1854703605-1854822451;bytes=1906942765-1907854265;bytes=425177400-426088926;bytes=1901816945-1902691092;bytes=430591838-430736929;bytes=261864661-262764447;bytes=1543906327-1543997920;bytes=85130458-86033739;bytes=1641852588-1642770736;bytes=120847528-120932588;bytes=1453549916-1454431325;bytes=110057073-110958630;bytes=125611313-126492675;bytes=699842702-699932936;bytes=432525202-433433878;bytes=471499489-471695438;bytes=1837904930-1837991558;bytes=1447754491-1448667937;bytes=105164290-106057566;bytes=194669978-195569361;bytes=1755511311-1755633324;bytes=96873784-96964377;bytes=428420649-429342131;bytes=109060685-109160291;bytes=1646991576-1647897672;bytes=328561211-328660518;bytes=133768879-133955355;bytes=376452204-377361581;bytes=19703508-19848010;bytes=1826089896-1826199659;bytes=1647897673-1647994059;bytes=1905177880-1906065185;bytes=18648160-19546917;bytes=1904639434-1904753003;bytes=1904514815-1904639433,84305418;ecc52b7e;1e45b0bd;3fe5fa12;fcc91e8b;45a03cb3;d79ec135;f42becb6;fb8872d1;911b4742;02ad15fd;e0b404bc;2bd31005;3d2ba02b;e7db412c;b282342a;161c8ab7;3ac99a86;44a03c64;28120f32;860570f0;e912758f;417649e5;267a20e7;cf3a2431;46d22a6f;e449035d;331372d8;221f1a09;4b932f9a;bf73e9fb;b3ca5d2d;2bb3354a;771a04b9;57a66011;ed346088;9f0524c8;75f71268;5a704265;6099504f;8eebf620;19558d6d;80c78a70;2940511a;1868d08e;75600af7;7966d28b;22ea3a21;0ddb4b00;e180253f;4967cf03;103a5a53;859f0616;c06c4502;962ea3d8;bfbc068a;dcd62574;99850dc4;2240bcf2;672307e8;f5583dfe;fa962423;66a15bf0;c7bb9907;f4a63dde;a639f8cb;d7bded73;b254b278;f383ae72;d5af8aec;cef88e08;b0203fee;924bf618;2afd3f47;a91a2d9a;daf4790f;91026a59;d42a7b06;48a27f15;ca79de9f;794d61ff;8b240055;a85e5127;eedc7562
15,4,92,success,None,24/Jul/2026:12:41:25.044078,24/Jul/2026:12:41:27.096422,2.0523,84,24/Jul/2026:12:41:10.011710;24/Jul/2026:12:41:25.046430;24/Jul/2026:12:40:59.151552;24/Jul/2026:12:40:48.000776;24/Jul/2026:12:41:13.743491;24/Jul/2026:12:41:25.050449;24/Jul/2026:12:41:10.011774;24/Jul/2026:12:41:25.051641;24/Jul/2026:12:41:05.773790;24/Jul/2026:12:41:25.046369;24/Jul/2026:12:41:25.046545;24/Jul/2026:12:41:25.052316;24/Jul/2026:12:41:25.046490;24/Jul/2026:12:41:25.051707;24/Jul/2026:12:41:25.051521;24/Jul/2026:12:41:25.048447;24/Jul/2026:12:41:14.611923;24/Jul/2026:12:41:25.049916;24/Jul/2026:12:41:18.498466;24/Jul/2026:12:41:25.049766;24/Jul/2026:12:41:13.399982;24/Jul/2026:12:41:25.049087;24/Jul/2026:12:41:25.051912;24/Jul/2026:12:41:07.596106;24/Jul/2026:12:41:25.046309;24/Jul/2026:12:41:25.046772;24/Jul/2026:12:41:25.059649;24/Jul/2026:12:41:13.742907;24/Jul/2026:12:41:07.905772;24/Jul/2026:12:41:10.338659;24/Jul/2026:12:41:25.056116;24/Jul/2026:12:41:10.339441;24/Jul/2026:12:41:25.046830;24/Jul/2026:12:41:25.048722;24/Jul/2026:12:41:25.053534;24/Jul/2026:12:41:25.054328;24/Jul/2026:12:41:25.059315;24/Jul/2026:12:41:25.050096;24/Jul/2026:12:41:25.061076;24/Jul/2026:12:41:25.047312;24/Jul/2026:12:41:14.614383;24/Jul/2026:12:41:13.504129;24/Jul/2026:12:41:10.338307;24/Jul/2026:12:41:25.060112;24/Jul/2026:12:41:25.050746;24/Jul/2026:12:41:25.062032;24/Jul/2026:12:41:13.742973;24/Jul/2026:12:41:21.508618;24/Jul/2026:12:41:25.045532;24/Jul/2026:12:41:13.503254;24/Jul/2026:12:41:13.743297;24/Jul/2026:12:41:25.060619;24/Jul/2026:12:41:01.019184;24/Jul/2026:12:41:25.060901;24/Jul/2026:12:41:25.054418;24/Jul/2026:12:41:22.446601;24/Jul/2026:12:41:25.047747;24/Jul/2026:12:41:22.938708;24/Jul/2026:12:41:25.051161;24/Jul/2026:12:41:10.339249;24/Jul/2026:12:41:25.050216;24/Jul/2026:12:41:25.051280;24/Jul/2026:12:41:26.397911;24/Jul/2026:12:41:25.061044;24/Jul/2026:12:41:25.061593;24/Jul/2026:12:41:13.400683;24/Jul/2026:12:41:21.684008;24/Jul/2026:12:41:25.049622;24/Jul/2026:12:41:25.052652;24/Jul/2026:12:41:12.436186;24/Jul/2026:12:41:25.048614;24/Jul/2026:12:41:25.060820;24/Jul/2026:12:41:25.049981;24/Jul/2026:12:41:22.939336;24/Jul/2026:12:41:25.059188;24/Jul/2026:12:41:25.051844;24/Jul/2026:12:41:25.059899;24/Jul/2026:12:41:25.045904;24/Jul/2026:12:41:13.399758;24/Jul/2026:12:41:11.989035;24/Jul/2026:12:41:24.040882;24/Jul/2026:12:41:25.045843;24/Jul/2026:12:41:24.040311;24/Jul/2026:12:41:24.040245,15.0962;0.0786;25.9796;37.1307;11.3888;0.1124;15.1724;0.1766;19.4623;0.2099;0.2314;0.2488;0.2641;0.2856;0.2872;0.3270;10.8109;0.4574;7.0882;0.5933;12.2582;0.6223;0.6537;18.1510;0.8535;0.8567;0.8541;12.1904;18.0311;15.6025;0.8972;15.6301;0.9711;0.9968;0.9967;0.9970;1.0065;1.0502;1.0485;1.1059;11.5772;12.7148;15.9209;1.2077;1.2210;1.2111;12.5960;4.8318;1.3056;12.8606;12.6250;1.3330;25.3866;1.3634;1.3945;4.0086;1.4257;3.5558;1.4520;16.1643;1.4599;1.5133;0.1717;1.5168;1.5407;13.2291;4.9598;1.6162;1.6214;14.2650;1.6756;1.6922;1.7160;3.9716;1.8771;1.8934;1.8947;1.9582;13.6116;15.0631;3.0157;2.0290;3.0365;3.0422,bytes=1397390444-1398323025;bytes=48500568-48584353;bytes=1682395239-1683283600;bytes=299946572-300050268;bytes=1909191569-1909395905;bytes=113023754-113121790;bytes=1398323026-1399232346;bytes=133498418-133596014;bytes=742225899-743121807;bytes=48411820-48500567;bytes=52289427-52399040;bytes=193413919-194301900;bytes=52138481-52289426;bytes=130690295-131568698;bytes=129421908-129600871;bytes=92992578-93079692;bytes=100736163-100823178;bytes=108956847-109060684;bytes=851465819-851662793;bytes=106946312-107864873;bytes=1827097822-1827979339;bytes=100736163-100823178;bytes=137658425-137758749;bytes=965756734-966664808;bytes=47344469-48235896;bytes=51261479-52138480;bytes=331689552-332596749;bytes=1904753004-1904972355;bytes=1068090589-1069016958;bytes=1453024520-1453122933;bytes=324655799-324853181;bytes=1456245763-1457161495;bytes=52399041-52496406;bytes=94089059-94982248;bytes=230812358-230973919;bytes=259142263-260042119;bytes=326623524-327540731;bytes=112848800-112934026;bytes=433433879-434331015;bytes=54370984-55273864;bytes=133596015-133768878;bytes=1858011978-1858924779;bytes=1446822380-1447754490;bytes=379686938-380610562;bytes=114924634-115845252;bytes=585970367-586062657;bytes=1904972356-1905177879;bytes=1391182386-1391281070;bytes=19546918-19624247;bytes=1854703605-1854822451;bytes=1906942765-1907854265;bytes=425177400-426088926;bytes=1901816945-1902691092;bytes=430591838-430736929;bytes=261864661-262764447;bytes=1543906327-1543997920;bytes=85130458-86033739;bytes=1641852588-1642770736;bytes=120847528-120932588;bytes=1453549916-1454431325;bytes=110057073-110958630;bytes=125611313-126492675;bytes=699842702-699932936;bytes=432525202-433433878;bytes=471499489-471695438;bytes=1837904930-1837991558;bytes=1447754491-1448667937;bytes=105164290-106057566;bytes=194669978-195569361;bytes=1755511311-1755633324;bytes=96873784-96964377;bytes=428420649-429342131;bytes=109060685-109160291;bytes=1646991576-1647897672;bytes=328561211-328660518;bytes=133768879-133955355;bytes=376452204-377361581;bytes=19703508-19848010;bytes=1826089896-1826199659;bytes=1647897673-1647994059;bytes=1905177880-1906065185;bytes=18648160-19546917;bytes=1904639434-1904753003;bytes=1904514815-1904639433,84305418;ecc52b7e;1e45b0bd;3fe5fa12;fcc91e8b;45a03cb3;d79ec135;f42becb6;fb8872d1;911b4742;02ad15fd;e0b404bc;2bd31005;3d2ba02b;e7db412c;b282342a;161c8ab7;3ac99a86;44a03c64;28120f32;860570f0;e912758f;417649e5;267a20e7;cf3a2431;46d22a6f;e449035d;331372d8;221f1a09;4b932f9a;bf73e9fb;b3ca5d2d;2bb3354a;771a04b9;57a66011;ed346088;9f0524c8;75f71268;5a704265;6099504f;8eebf620;19558d6d;80c78a70;2940511a;1868d08e;75600af7;7966d28b;22ea3a21;0ddb4b00;e180253f;4967cf03;103a5a53;859f0616;c06c4502;962ea3d8;bfbc068a;dcd62574;99850dc4;2240bcf2;672307e8;f5583dfe;fa962423;66a15bf0;c7bb9907;f4a63dde;a639f8cb;d7bded73;b254b278;f383ae72;d5af8aec;cef88e08;b0203fee;924bf618;2afd3f47;a91a2d9a;daf4790f;91026a59;d42a7b06;48a27f15;ca79de9f;794d61ff;8b240055;a85e5127;eedc7562
15,4,114,success,None,24/Jul/2026:12:41:25.044435,24/Jul/2026:12:41:27.126320,2.0819,85,24/Jul/2026:12:41:10.011710;24/Jul/2026:12:41:25.046430;24/Jul/2026:12:40:59.151552;24/Jul/2026:12:40:48.000776;24/Jul/2026:12:41:13.743491;24/Jul/2026:12:41:25.050449;24/Jul/2026:12:41:10.011774;24/Jul/2026:12:41:25.051641;24/Jul/2026:12:41:05.773790;24/Jul/2026:12:41:25.046369;24/Jul/2026:12:41:25.046545;24/Jul/2026:12:41:25.052316;24/Jul/2026:12:41:25.046490;24/Jul/2026:12:41:25.051707;24/Jul/2026:12:41:25.051521;24/Jul/2026:12:41:25.048447;24/Jul/2026:12:41:14.611923;24/Jul/2026:12:41:25.049916;24/Jul/2026:12:41:18.498466;24/Jul/2026:12:41:25.049766;24/Jul/2026:12:41:13.399982;24/Jul/2026:12:41:25.049087;24/Jul/2026:12:41:25.051912;24/Jul/2026:12:41:07.596106;24/Jul/2026:12:41:25.046309;24/Jul/2026:12:41:25.046772;24/Jul/2026:12:41:25.059649;24/Jul/2026:12:41:13.742907;24/Jul/2026:12:41:07.905772;24/Jul/2026:12:41:10.338659;24/Jul/2026:12:41:25.056116;24/Jul/2026:12:41:10.339441;24/Jul/2026:12:41:25.046830;24/Jul/2026:12:41:25.048722;24/Jul/2026:12:41:25.053534;24/Jul/2026:12:41:25.054328;24/Jul/2026:12:41:25.059315;24/Jul/2026:12:41:25.050096;24/Jul/2026:12:41:25.061076;24/Jul/2026:12:41:25.047312;24/Jul/2026:12:41:14.614383;24/Jul/2026:12:41:13.504129;24/Jul/2026:12:41:10.338307;24/Jul/2026:12:41:25.060112;24/Jul/2026:12:41:25.050746;24/Jul/2026:12:41:25.062032;24/Jul/2026:12:41:13.742973;24/Jul/2026:12:41:21.508618;24/Jul/2026:12:41:25.045532;24/Jul/2026:12:41:13.503254;24/Jul/2026:12:41:13.743297;24/Jul/2026:12:41:25.060619;24/Jul/2026:12:41:01.019184;24/Jul/2026:12:41:25.060901;24/Jul/2026:12:41:25.054418;24/Jul/2026:12:41:22.446601;24/Jul/2026:12:41:25.047747;24/Jul/2026:12:41:22.938708;24/Jul/2026:12:41:25.051161;24/Jul/2026:12:41:10.339249;24/Jul/2026:12:41:25.050216;24/Jul/2026:12:41:25.051280;24/Jul/2026:12:41:26.397911;24/Jul/2026:12:41:25.061044;24/Jul/2026:12:41:25.061593;24/Jul/2026:12:41:13.400683;24/Jul/2026:12:41:21.684008;24/Jul/2026:12:41:25.049622;24/Jul/2026:12:41:25.052652;24/Jul/2026:12:41:12.436186;24/Jul/2026:12:41:25.048614;24/Jul/2026:12:41:25.060820;24/Jul/2026:12:41:25.049981;24/Jul/2026:12:41:22.939336;24/Jul/2026:12:41:25.059188;24/Jul/2026:12:41:25.051844;24/Jul/2026:12:41:25.059899;24/Jul/2026:12:41:25.045904;24/Jul/2026:12:41:13.399758;24/Jul/2026:12:41:11.989035;24/Jul/2026:12:41:24.040882;24/Jul/2026:12:41:25.045843;24/Jul/2026:12:41:24.040311;24/Jul/2026:12:41:24.040245;24/Jul/2026:12:41:13.742159,15.0962;0.0786;25.9796;37.1307;11.3888;0.1124;15.1724;0.1766;19.4623;0.2099;0.2314;0.2488;0.2641;0.2856;0.2872;0.3270;10.8109;0.4574;7.0882;0.5933;12.2582;0.6223;0.6537;18.1510;0.8535;0.8567;0.8541;12.1904;18.0311;15.6025;0.8972;15.6301;0.9711;0.9968;0.9967;0.9970;1.0065;1.0502;1.0485;1.1059;11.5772;12.7148;15.9209;1.2077;1.2210;1.2111;12.5960;4.8318;1.3056;12.8606;12.6250;1.3330;25.3866;1.3634;1.3945;4.0086;1.4257;3.5558;1.4520;16.1643;1.4599;1.5133;0.1717;1.5168;1.5407;13.2291;4.9598;1.6162;1.6214;14.2650;1.6756;1.6922;1.7160;3.9716;1.8771;1.8934;1.8947;1.9582;13.6116;15.0631;3.0157;2.0290;3.0365;3.0422;13.3573,bytes=1397390444-1398323025;bytes=48500568-48584353;bytes=1682395239-1683283600;bytes=299946572-300050268;bytes=1909191569-1909395905;bytes=113023754-113121790;bytes=1398323026-1399232346;bytes=133498418-133596014;bytes=742225899-743121807;bytes=48411820-48500567;bytes=52289427-52399040;bytes=193413919-194301900;bytes=52138481-52289426;bytes=130690295-131568698;bytes=129421908-129600871;bytes=92992578-93079692;bytes=100736163-100823178;bytes=108956847-109060684;bytes=851465819-851662793;bytes=106946312-107864873;bytes=1827097822-1827979339;bytes=100736163-100823178;bytes=137658425-137758749;bytes=965756734-966664808;bytes=47344469-48235896;bytes=51261479-52138480;bytes=331689552-332596749;bytes=1904753004-1904972355;bytes=1068090589-1069016958;bytes=1453024520-1453122933;bytes=324655799-324853181;bytes=1456245763-1457161495;bytes=52399041-52496406;bytes=94089059-94982248;bytes=230812358-230973919;bytes=259142263-260042119;bytes=326623524-327540731;bytes=112848800-112934026;bytes=433433879-434331015;bytes=54370984-55273864;bytes=133596015-133768878;bytes=1858011978-1858924779;bytes=1446822380-1447754490;bytes=379686938-380610562;bytes=114924634-115845252;bytes=585970367-586062657;bytes=1904972356-1905177879;bytes=1391182386-1391281070;bytes=19546918-19624247;bytes=1854703605-1854822451;bytes=1906942765-1907854265;bytes=425177400-426088926;bytes=1901816945-1902691092;bytes=430591838-430736929;bytes=261864661-262764447;bytes=1543906327-1543997920;bytes=85130458-86033739;bytes=1641852588-1642770736;bytes=120847528-120932588;bytes=1453549916-1454431325;bytes=110057073-110958630;bytes=125611313-126492675;bytes=699842702-699932936;bytes=432525202-433433878;bytes=471499489-471695438;bytes=1837904930-1837991558;bytes=1447754491-1448667937;bytes=105164290-106057566;bytes=194669978-195569361;bytes=1755511311-1755633324;bytes=96873784-96964377;bytes=428420649-429342131;bytes=109060685-109160291;bytes=1646991576-1647897672;bytes=328561211-328660518;bytes=133768879-133955355;bytes=376452204-377361581;bytes=19703508-19848010;bytes=1826089896-1826199659;bytes=1647897673-1647994059;bytes=1905177880-1906065185;bytes=18648160-19546917;bytes=1904639434-1904753003;bytes=1904514815-1904639433;bytes=1897571414-1898451897,84305418;ecc52b7e;1e45b0bd;3fe5fa12;fcc91e8b;45a03cb3;d79ec135;f42becb6;fb8872d1;911b4742;02ad15fd;e0b404bc;2bd31005;3d2ba02b;e7db412c;b282342a;161c8ab7;3ac99a86;44a03c64;28120f32;860570f0;e912758f;417649e5;267a20e7;cf3a2431;46d22a6f;e449035d;331372d8;221f1a09;4b932f9a;bf73e9fb;b3ca5d2d;2bb3354a;771a04b9;57a66011;ed346088;9f0524c8;75f71268;5a704265;6099504f;8eebf620;19558d6d;80c78a70;2940511a;1868d08e;75600af7;7966d28b;22ea3a21;0ddb4b00;e180253f;4967cf03;103a5a53;859f0616;c06c4502;962ea3d8;bfbc068a;dcd62574;99850dc4;2240bcf2;672307e8;f5583dfe;fa962423;66a15bf0;c7bb9907;f4a63dde;a639f8cb;d7bded73;b254b278;f383ae72;d5af8aec;cef88e08;b0203fee;924bf618;2afd3f47;a91a2d9a;daf4790f;91026a59;d42a7b06;48a27f15;ca79de9f;794d61ff;8b240055;a85e5127;eedc7562;d7f393cd
15,4,104,success,None,24/Jul/2026:12:41:25.044261,24/Jul/2026:12:41:27.336047,2.2918,95,24/Jul/2026:12:41:10.011710;24/Jul/2026:12:41:25.046430;24/Jul/2026:12:40:59.151552;24/Jul/2026:12:40:48.000776;24/Jul/2026:12:41:13.743491;24/Jul/2026:12:41:25.050449;24/Jul/2026:12:41:10.011774;24/Jul/2026:12:41:25.051641;24/Jul/2026:12:41:05.773790;24/Jul/2026:12:41:25.046369;24/Jul/2026:12:41:25.046545;24/Jul/2026:12:41:25.052316;24/Jul/2026:12:41:25.046490;24/Jul/2026:12:41:25.051707;24/Jul/2026:12:41:25.051521;24/Jul/2026:12:41:25.048447;24/Jul/2026:12:41:14.611923;24/Jul/2026:12:41:25.049916;24/Jul/2026:12:41:18.498466;24/Jul/2026:12:41:25.049766;24/Jul/2026:12:41:13.399982;24/Jul/2026:12:41:25.049087;24/Jul/2026:12:41:25.051912;24/Jul/2026:12:41:07.596106;24/Jul/2026:12:41:25.046309;24/Jul/2026:12:41:25.046772;24/Jul/2026:12:41:25.059649;24/Jul/2026:12:41:13.742907;24/Jul/2026:12:41:07.905772;24/Jul/2026:12:41:10.338659;24/Jul/2026:12:41:25.056116;24/Jul/2026:12:41:10.339441;24/Jul/2026:12:41:25.046830;24/Jul/2026:12:41:25.048722;24/Jul/2026:12:41:25.053534;24/Jul/2026:12:41:25.054328;24/Jul/2026:12:41:25.059315;24/Jul/2026:12:41:25.050096;24/Jul/2026:12:41:25.061076;24/Jul/2026:12:41:25.047312;24/Jul/2026:12:41:14.614383;24/Jul/2026:12:41:13.504129;24/Jul/2026:12:41:10.338307;24/Jul/2026:12:41:25.060112;24/Jul/2026:12:41:25.050746;24/Jul/2026:12:41:25.062032;24/Jul/2026:12:41:13.742973;24/Jul/2026:12:41:21.508618;24/Jul/2026:12:41:25.045532;24/Jul/2026:12:41:13.503254;24/Jul/2026:12:41:13.743297;24/Jul/2026:12:41:25.060619;24/Jul/2026:12:41:01.019184;24/Jul/2026:12:41:25.060901;24/Jul/2026:12:41:25.054418;24/Jul/2026:12:41:22.446601;24/Jul/2026:12:41:25.047747;24/Jul/2026:12:41:22.938708;24/Jul/2026:12:41:25.051161;24/Jul/2026:12:41:10.339249;24/Jul/2026:12:41:25.050216;24/Jul/2026:12:41:25.051280;24/Jul/2026:12:41:26.397911;24/Jul/2026:12:41:25.061044;24/Jul/2026:12:41:25.061593;24/Jul/2026:12:41:13.400683;24/Jul/2026:12:41:21.684008;24/Jul/2026:12:41:25.049622;24/Jul/2026:12:41:25.052652;24/Jul/2026:12:41:12.436186;24/Jul/2026:12:41:25.048614;24/Jul/2026:12:41:25.060820;24/Jul/2026:12:41:25.049981;24/Jul/2026:12:41:22.939336;24/Jul/2026:12:41:25.059188;24/Jul/2026:12:41:25.051844;24/Jul/2026:12:41:25.059899;24/Jul/2026:12:41:25.045904;24/Jul/2026:12:41:13.399758;24/Jul/2026:12:41:11.989035;24/Jul/2026:12:41:24.040882;24/Jul/2026:12:41:25.045843;24/Jul/2026:12:41:24.040311;24/Jul/2026:12:41:24.040245;24/Jul/2026:12:41:13.742159;24/Jul/2026:12:41:11.019169;24/Jul/2026:12:41:25.053785;24/Jul/2026:12:41:23.986588;24/Jul/2026:12:41:14.614548;24/Jul/2026:12:41:25.046997;24/Jul/2026:12:41:25.060022;24/Jul/2026:12:41:25.061017;24/Jul/2026:12:41:25.059993;24/Jul/2026:12:41:24.041144;24/Jul/2026:12:41:25.050273,15.0962;0.0786;25.9796;37.1307;11.3888;0.1124;15.1724;0.1766;19.4623;0.2099;0.2314;0.2488;0.2641;0.2856;0.2872;0.3270;10.8109;0.4574;7.0882;0.5933;12.2582;0.6223;0.6537;18.1510;0.8535;0.8567;0.8541;12.1904;18.0311;15.6025;0.8972;15.6301;0.9711;0.9968;0.9967;0.9970;1.0065;1.0502;1.0485;1.1059;11.5772;12.7148;15.9209;1.2077;1.2210;1.2111;12.5960;4.8318;1.3056;12.8606;12.6250;1.3330;25.3866;1.3634;1.3945;4.0086;1.4257;3.5558;1.4520;16.1643;1.4599;1.5133;0.1717;1.5168;1.5407;13.2291;4.9598;1.6162;1.6214;14.2650;1.6756;1.6922;1.7160;3.9716;1.8771;1.8934;1.8947;1.9582;13.6116;15.0631;3.0157;2.0290;3.0365;3.0422;13.3573;16.1205;2.1402;3.2293;12.6071;2.1877;2.1818;2.1853;2.2021;3.2351;2.2376,bytes=1397390444-1398323025;bytes=48500568-48584353;bytes=1682395239-1683283600;bytes=299946572-300050268;bytes=1909191569-1909395905;bytes=113023754-113121790;bytes=1398323026-1399232346;bytes=133498418-133596014;bytes=742225899-743121807;bytes=48411820-48500567;bytes=52289427-52399040;bytes=193413919-194301900;bytes=52138481-52289426;bytes=130690295-131568698;bytes=129421908-129600871;bytes=92992578-93079692;bytes=100736163-100823178;bytes=108956847-109060684;bytes=851465819-851662793;bytes=106946312-107864873;bytes=1827097822-1827979339;bytes=100736163-100823178;bytes=137658425-137758749;bytes=965756734-966664808;bytes=47344469-48235896;bytes=51261479-52138480;bytes=331689552-332596749;bytes=1904753004-1904972355;bytes=1068090589-1069016958;bytes=1453024520-1453122933;bytes=324655799-324853181;bytes=1456245763-1457161495;bytes=52399041-52496406;bytes=94089059-94982248;bytes=230812358-230973919;bytes=259142263-260042119;bytes=326623524-327540731;bytes=112848800-112934026;bytes=433433879-434331015;bytes=54370984-55273864;bytes=133596015-133768878;bytes=1858011978-1858924779;bytes=1446822380-1447754490;bytes=379686938-380610562;bytes=114924634-115845252;bytes=585970367-586062657;bytes=1904972356-1905177879;bytes=1391182386-1391281070;bytes=19546918-19624247;bytes=1854703605-1854822451;bytes=1906942765-1907854265;bytes=425177400-426088926;bytes=1901816945-1902691092;bytes=430591838-430736929;bytes=261864661-262764447;bytes=1543906327-1543997920;bytes=85130458-86033739;bytes=1641852588-1642770736;bytes=120847528-120932588;bytes=1453549916-1454431325;bytes=110057073-110958630;bytes=125611313-126492675;bytes=699842702-699932936;bytes=432525202-433433878;bytes=471499489-471695438;bytes=1837904930-1837991558;bytes=1447754491-1448667937;bytes=105164290-106057566;bytes=194669978-195569361;bytes=1755511311-1755633324;bytes=96873784-96964377;bytes=428420649-429342131;bytes=109060685-109160291;bytes=1646991576-1647897672;bytes=328561211-328660518;bytes=133768879-133955355;bytes=376452204-377361581;bytes=19703508-19848010;bytes=1826089896-1826199659;bytes=1647897673-1647994059;bytes=1905177880-1906065185;bytes=18648160-19546917;bytes=1904639434-1904753003;bytes=1904514815-1904639433;bytes=1897571414-1898451897;bytes=1542077527-1543008563;bytes=234844687-234959608;bytes=1849541407-1850459017;bytes=133955356-134855393;bytes=56304529-56371233;bytes=381619790-381723899;bytes=431646798-432525201;bytes=381516912-381619789;bytes=1909010456-1909191568;bytes=110958631-111862687,84305418;ecc52b7e;1e45b0bd;3fe5fa12;fcc91e8b;45a03cb3;d79ec135;f42becb6;fb8872d1;911b4742;02ad15fd;e0b404bc;2bd31005;3d2ba02b;e7db412c;b282342a;161c8ab7;3ac99a86;44a03c64;28120f32;860570f0;e912758f;417649e5;267a20e7;cf3a2431;46d22a6f;e449035d;331372d8;221f1a09;4b932f9a;bf73e9fb;b3ca5d2d;2bb3354a;771a04b9;57a66011;ed346088;9f0524c8;75f71268;5a704265;6099504f;8eebf620;19558d6d;80c78a70;2940511a;1868d08e;75600af7;7966d28b;22ea3a21;0ddb4b00;e180253f;4967cf03;103a5a53;859f0616;c06c4502;962ea3d8;bfbc068a;dcd62574;99850dc4;2240bcf2;672307e8;f5583dfe;fa962423;66a15bf0;c7bb9907;f4a63dde;a639f8cb;d7bded73;b254b278;f383ae72;d5af8aec;cef88e08;b0203fee;924bf618;2afd3f47;a91a2d9a;daf4790f;91026a59;d42a7b06;48a27f15;ca79de9f;794d61ff;8b240055;a85e5127;eedc7562;d7f393cd;579263a9;20def7f1;44e62608;a3629d06;38a0a331;f2e97842;d099a5a8;ec4e8dbb;3adf50d0;56f82111
15,4,143,success,None,24/Jul/2026:12:41:25.044617,24/Jul/2026:12:41:27.390037,2.3454,97,24/Jul/2026:12:41:10.011710;24/Jul/2026:12:41:25.046430;24/Jul/2026:12:40:59.151552;24/Jul/2026:12:40:48.000776;24/Jul/2026:12:41:13.743491;24/Jul/2026:12:41:25.050449;24/Jul/2026:12:41:10.011774;24/Jul/2026:12:41:25.051641;24/Jul/2026:12:41:05.773790;24/Jul/2026:12:41:25.046369;24/Jul/2026:12:41:25.046545;24/Jul/2026:12:41:25.052316;24/Jul/2026:12:41:25.046490;24/Jul/2026:12:41:25.051707;24/Jul/2026:12:41:25.051521;24/Jul/2026:12:41:25.048447;24/Jul/2026:12:41:14.611923;24/Jul/2026:12:41:25.049916;24/Jul/2026:12:41:18.498466;24/Jul/2026:12:41:25.049766;24/Jul/2026:12:41:13.399982;24/Jul/2026:12:41:25.049087;24/Jul/2026:12:41:25.051912;24/Jul/2026:12:41:07.596106;24/Jul/2026:12:41:25.046309;24/Jul/2026:12:41:25.046772;24/Jul/2026:12:41:25.059649;24/Jul/2026:12:41:13.742907;24/Jul/2026:12:41:07.905772;24/Jul/2026:12:41:10.338659;24/Jul/2026:12:41:25.056116;24/Jul/2026:12:41:10.339441;24/Jul/2026:12:41:25.046830;24/Jul/2026:12:41:25.048722;24/Jul/2026:12:41:25.053534;24/Jul/2026:12:41:25.054328;24/Jul/2026:12:41:25.059315;24/Jul/2026:12:41:25.050096;24/Jul/2026:12:41:25.061076;24/Jul/2026:12:41:25.047312;24/Jul/2026:12:41:14.614383;24/Jul/2026:12:41:13.504129;24/Jul/2026:12:41:10.338307;24/Jul/2026:12:41:25.060112;24/Jul/2026:12:41:25.050746;24/Jul/2026:12:41:25.062032;24/Jul/2026:12:41:13.742973;24/Jul/2026:12:41:21.508618;24/Jul/2026:12:41:25.045532;24/Jul/2026:12:41:13.503254;24/Jul/2026:12:41:13.743297;24/Jul/2026:12:41:25.060619;24/Jul/2026:12:41:01.019184;24/Jul/2026:12:41:25.060901;24/Jul/2026:12:41:25.054418;24/Jul/2026:12:41:22.446601;24/Jul/2026:12:41:25.047747;24/Jul/2026:12:41:22.938708;24/Jul/2026:12:41:25.051161;24/Jul/2026:12:41:10.339249;24/Jul/2026:12:41:25.050216;24/Jul/2026:12:41:25.051280;24/Jul/2026:12:41:26.397911;24/Jul/2026:12:41:25.061044;24/Jul/2026:12:41:25.061593;24/Jul/2026:12:41:13.400683;24/Jul/2026:12:41:21.684008;24/Jul/2026:12:41:25.049622;24/Jul/2026:12:41:25.052652;24/Jul/2026:12:41:12.436186;24/Jul/2026:12:41:25.048614;24/Jul/2026:12:41:25.060820;24/Jul/2026:12:41:25.049981;24/Jul/2026:12:41:22.939336;24/Jul/2026:12:41:25.059188;24/Jul/2026:12:41:25.051844;24/Jul/2026:12:41:25.059899;24/Jul/2026:12:41:25.045904;24/Jul/2026:12:41:13.399758;24/Jul/2026:12:41:11.989035;24/Jul/2026:12:41:24.040882;24/Jul/2026:12:41:25.045843;24/Jul/2026:12:41:24.040311;24/Jul/2026:12:41:24.040245;24/Jul/2026:12:41:13.742159;24/Jul/2026:12:41:11.019169;24/Jul/2026:12:41:25.053785;24/Jul/2026:12:41:23.986588;24/Jul/2026:12:41:14.614548;24/Jul/2026:12:41:25.046997;24/Jul/2026:12:41:25.060022;24/Jul/2026:12:41:25.061017;24/Jul/2026:12:41:25.059993;24/Jul/2026:12:41:24.041144;24/Jul/2026:12:41:25.050273;24/Jul/2026:12:41:21.576648;24/Jul/2026:12:41:25.059962,15.0962;0.0786;25.9796;37.1307;11.3888;0.1124;15.1724;0.1766;19.4623;0.2099;0.2314;0.2488;0.2641;0.2856;0.2872;0.3270;10.8109;0.4574;7.0882;0.5933;12.2582;0.6223;0.6537;18.1510;0.8535;0.8567;0.8541;12.1904;18.0311;15.6025;0.8972;15.6301;0.9711;0.9968;0.9967;0.9970;1.0065;1.0502;1.0485;1.1059;11.5772;12.7148;15.9209;1.2077;1.2210;1.2111;12.5960;4.8318;1.3056;12.8606;12.6250;1.3330;25.3866;1.3634;1.3945;4.0086;1.4257;3.5558;1.4520;16.1643;1.4599;1.5133;0.1717;1.5168;1.5407;13.2291;4.9598;1.6162;1.6214;14.2650;1.6756;1.6922;1.7160;3.9716;1.8771;1.8934;1.8947;1.9582;13.6116;15.0631;3.0157;2.0290;3.0365;3.0422;13.3573;16.1205;2.1402;3.2293;12.6071;2.1877;2.1818;2.1853;2.2021;3.2351;2.2376;5.7670;2.3143,bytes=1397390444-1398323025;bytes=48500568-48584353;bytes=1682395239-1683283600;bytes=299946572-300050268;bytes=1909191569-1909395905;bytes=113023754-113121790;bytes=1398323026-1399232346;bytes=133498418-133596014;bytes=742225899-743121807;bytes=48411820-48500567;bytes=52289427-52399040;bytes=193413919-194301900;bytes=52138481-52289426;bytes=130690295-131568698;bytes=129421908-129600871;bytes=92992578-93079692;bytes=100736163-100823178;bytes=108956847-109060684;bytes=851465819-851662793;bytes=106946312-107864873;bytes=1827097822-1827979339;bytes=100736163-100823178;bytes=137658425-137758749;bytes=965756734-966664808;bytes=47344469-48235896;bytes=51261479-52138480;bytes=331689552-332596749;bytes=1904753004-1904972355;bytes=1068090589-1069016958;bytes=1453024520-1453122933;bytes=324655799-324853181;bytes=1456245763-1457161495;bytes=52399041-52496406;bytes=94089059-94982248;bytes=230812358-230973919;bytes=259142263-260042119;bytes=326623524-327540731;bytes=112848800-112934026;bytes=433433879-434331015;bytes=54370984-55273864;bytes=133596015-133768878;bytes=1858011978-1858924779;bytes=1446822380-1447754490;bytes=379686938-380610562;bytes=114924634-115845252;bytes=585970367-586062657;bytes=1904972356-1905177879;bytes=1391182386-1391281070;bytes=19546918-19624247;bytes=1854703605-1854822451;bytes=1906942765-1907854265;bytes=425177400-426088926;bytes=1901816945-1902691092;bytes=430591838-430736929;bytes=261864661-262764447;bytes=1543906327-1543997920;bytes=85130458-86033739;bytes=1641852588-1642770736;bytes=120847528-120932588;bytes=1453549916-1454431325;bytes=110057073-110958630;bytes=125611313-126492675;bytes=699842702-699932936;bytes=432525202-433433878;bytes=471499489-471695438;bytes=1837904930-1837991558;bytes=1447754491-1448667937;bytes=105164290-106057566;bytes=194669978-195569361;bytes=1755511311-1755633324;bytes=96873784-96964377;bytes=428420649-429342131;bytes=109060685-109160291;bytes=1646991576-1647897672;bytes=328561211-328660518;bytes=133768879-133955355;bytes=376452204-377361581;bytes=19703508-19848010;bytes=1826089896-1826199659;bytes=1647897673-1647994059;bytes=1905177880-1906065185;bytes=18648160-19546917;bytes=1904639434-1904753003;bytes=1904514815-1904639433;bytes=1897571414-1898451897;bytes=1542077527-1543008563;bytes=234844687-234959608;bytes=1849541407-1850459017;bytes=133955356-134855393;bytes=56304529-56371233;bytes=381619790-381723899;bytes=431646798-432525201;bytes=381516912-381619789;bytes=1909010456-1909191568;bytes=110958631-111862687;bytes=1416425565-1416558525;bytes=377713662-377909505,84305418;ecc52b7e;1e45b0bd;3fe5fa12;fcc91e8b;45a03cb3;d79ec135;f42becb6;fb8872d1;911b4742;02ad15fd;e0b404bc;2bd31005;3d2ba02b;e7db412c;b282342a;161c8ab7;3ac99a86;44a03c64;28120f32;860570f0;e912758f;417649e5;267a20e7;cf3a2431;46d22a6f;e449035d;331372d8;221f1a09;4b932f9a;bf73e9fb;b3ca5d2d;2bb3354a;771a04b9;57a66011;ed346088;9f0524c8;75f71268;5a704265;6099504f;8eebf620;19558d6d;80c78a70;2940511a;1868d08e;75600af7;7966d28b;22ea3a21;0ddb4b00;e180253f;4967cf03;103a5a53;859f0616;c06c4502;962ea3d8;bfbc068a;dcd62574;99850dc4;2240bcf2;672307e8;f5583dfe;fa962423;66a15bf0;c7bb9907;f4a63dde;a639f8cb;d7bded73;b254b278;f383ae72;d5af8aec;cef88e08;b0203fee;924bf618;2afd3f47;a91a2d9a;daf4790f;91026a59;d42a7b06;48a27f15;ca79de9f;794d61ff;8b240055;a85e5127;eedc7562;d7f393cd;579263a9;20def7f1;44e62608;a3629d06;38a0a331;f2e97842;d099a5a8;ec4e8dbb;3adf50d0;56f82111;e7365c3b;3df04851
15,4,169,success,None,24/Jul/2026:12:41:26.396297,24/Jul/2026:12:41:27.513842,1.1175,49,24/Jul/2026:12:41:01.019184;24/Jul/2026:12:41:25.060901;24/Jul/2026:12:41:25.054418;24/Jul/2026:12:41:22.446601;24/Jul/2026:12:41:25.047747;24/Jul/2026:12:41:22.938708;24/Jul/2026:12:41:25.051161;24/Jul/2026:12:41:10.339249;24/Jul/2026:12:41:25.050216;24/Jul/2026:12:41:25.051280;24/Jul/2026:12:41:26.397911;24/Jul/2026:12:41:25.061044;24/Jul/2026:12:41:25.061593;24/Jul/2026:12:41:13.400683;24/Jul/2026:12:41:21.684008;24/Jul/2026:12:41:25.049622;24/Jul/2026:12:41:25.052652;24/Jul/2026:12:41:12.436186;24/Jul/2026:12:41:25.048614;24/Jul/2026:12:41:25.060820;24/Jul/2026:12:41:25.049981;24/Jul/2026:12:41:22.939336;24/Jul/2026:12:41:25.059188;24/Jul/2026:12:41:25.051844;24/Jul/2026:12:41:25.059899;24/Jul/2026:12:41:25.045904;24/Jul/2026:12:41:13.399758;24/Jul/2026:12:41:11.989035;24/Jul/2026:12:41:24.040882;24/Jul/2026:12:41:25.045843;24/Jul/2026:12:41:24.040311;24/Jul/2026:12:41:24.040245;24/Jul/2026:12:41:13.742159;24/Jul/2026:12:41:11.019169;24/Jul/2026:12:41:25.053785;24/Jul/2026:12:41:23.986588;24/Jul/2026:12:41:14.614548;24/Jul/2026:12:41:25.046997;24/Jul/2026:12:41:25.060022;24/Jul/2026:12:41:25.061017;24/Jul/2026:12:41:25.059993;24/Jul/2026:12:41:24.041144;24/Jul/2026:12:41:25.050273;24/Jul/2026:12:41:21.576648;24/Jul/2026:12:41:25.059962;24/Jul/2026:12:41:25.060929;24/Jul/2026:12:41:25.054081;24/Jul/2026:12:41:25.053715;24/Jul/2026:12:41:26.466190,25.3866;1.3634;1.3945;4.0086;1.4257;3.5558;1.4520;16.1643;1.4599;1.5133;0.1717;1.5168;1.5407;13.2291;4.9598;1.6162;1.6214;14.2650;1.6756;1.6922;1.7160;3.9716;1.8771;1.8934;1.8947;1.9582;13.6116;15.0631;3.0157;2.0290;3.0365;3.0422;13.3573;16.1205;2.1402;3.2293;12.6071;2.1877;2.1818;2.1853;2.2021;3.2351;2.2376;5.7670;2.3143;2.3967;2.4132;2.4164;1.0074,bytes=1901816945-1902691092;bytes=430591838-430736929;bytes=261864661-262764447;bytes=1543906327-1543997920;bytes=85130458-86033739;bytes=1641852588-1642770736;bytes=120847528-120932588;bytes=1453549916-1454431325;bytes=110057073-110958630;bytes=125611313-126492675;bytes=699842702-699932936;bytes=432525202-433433878;bytes=471499489-471695438;bytes=1837904930-1837991558;bytes=1447754491-1448667937;bytes=105164290-106057566;bytes=194669978-195569361;bytes=1755511311-1755633324;bytes=96873784-96964377;bytes=428420649-429342131;bytes=109060685-109160291;bytes=1646991576-1647897672;bytes=328561211-328660518;bytes=133768879-133955355;bytes=376452204-377361581;bytes=19703508-19848010;bytes=1826089896-1826199659;bytes=1647897673-1647994059;bytes=1905177880-1906065185;bytes=18648160-19546917;bytes=1904639434-1904753003;bytes=1904514815-1904639433;bytes=1897571414-1898451897;bytes=1542077527-1543008563;bytes=234844687-234959608;bytes=1849541407-1850459017;bytes=133955356-134855393;bytes=56304529-56371233;bytes=381619790-381723899;bytes=431646798-432525201;bytes=381516912-381619789;bytes=1909010456-1909191568;bytes=110958631-111862687;bytes=1416425565-1416558525;bytes=377713662-377909505;bytes=434331016-434424200;bytes=255137809-256033692;bytes=230973920-231144478;bytes=752921723-753009894,859f0616;c06c4502;962ea3d8;bfbc068a;dcd62574;99850dc4;2240bcf2;672307e8;f5583dfe;fa962423;66a15bf0;c7bb9907;f4a63dde;a639f8cb;d7bded73;b254b278;f383ae72;d5af8aec;cef88e08;b0203fee;924bf618;2afd3f47;a91a2d9a;daf4790f;91026a59;d42a7b06;48a27f15;ca79de9f;794d61ff;8b240055;a85e5127;eedc7562;d7f393cd;579263a9;20def7f1;44e62608;a3629d06;38a0a331;f2e97842;d099a5a8;ec4e8dbb;3adf50d0;56f82111;e7365c3b;3df04851;3def25f0;4fa29608;31c04042;8528d40f
15,4,164,success,None,24/Jul/2026:12:41:25.044791,24/Jul/2026:12:41:27.636937,2.5921,101,24/Jul/2026:12:41:10.011710;24/Jul/2026:12:41:25.046430;24/Jul/2026:12:40:59.151552;24/Jul/2026:12:40:48.000776;24/Jul/2026:12:41:13.743491;24/Jul/2026:12:41:25.050449;24/Jul/2026:12:41:10.011774;24/Jul/2026:12:41:25.051641;24/Jul/2026:12:41:05.773790;24/Jul/2026:12:41:25.046369;24/Jul/2026:12:41:25.046545;24/Jul/2026:12:41:25.052316;24/Jul/2026:12:41:25.046490;24/Jul/2026:12:41:25.051707;24/Jul/2026:12:41:25.051521;24/Jul/2026:12:41:25.048447;24/Jul/2026:12:41:14.611923;24/Jul/2026:12:41:25.049916;24/Jul/2026:12:41:18.498466;24/Jul/2026:12:41:25.049766;24/Jul/2026:12:41:13.399982;24/Jul/2026:12:41:25.049087;24/Jul/2026:12:41:25.051912;24/Jul/2026:12:41:07.596106;24/Jul/2026:12:41:25.046309;24/Jul/2026:12:41:25.046772;24/Jul/2026:12:41:25.059649;24/Jul/2026:12:41:13.742907;24/Jul/2026:12:41:07.905772;24/Jul/2026:12:41:10.338659;24/Jul/2026:12:41:25.056116;24/Jul/2026:12:41:10.339441;24/Jul/2026:12:41:25.046830;24/Jul/2026:12:41:25.048722;24/Jul/2026:12:41:25.053534;24/Jul/2026:12:41:25.054328;24/Jul/2026:12:41:25.059315;24/Jul/2026:12:41:25.050096;24/Jul/2026:12:41:25.061076;24/Jul/2026:12:41:25.047312;24/Jul/2026:12:41:14.614383;24/Jul/2026:12:41:13.504129;24/Jul/2026:12:41:10.338307;24/Jul/2026:12:41:25.060112;24/Jul/2026:12:41:25.050746;24/Jul/2026:12:41:25.062032;24/Jul/2026:12:41:13.742973;24/Jul/2026:12:41:21.508618;24/Jul/2026:12:41:25.045532;24/Jul/2026:12:41:13.503254;24/Jul/2026:12:41:13.743297;24/Jul/2026:12:41:25.060619;24/Jul/2026:12:41:01.019184;24/Jul/2026:12:41:25.060901;24/Jul/2026:12:41:25.054418;24/Jul/2026:12:41:22.446601;24/Jul/2026:12:41:25.047747;24/Jul/2026:12:41:22.938708;24/Jul/2026:12:41:25.051161;24/Jul/2026:12:41:10.339249;24/Jul/2026:12:41:25.050216;24/Jul/2026:12:41:25.051280;24/Jul/2026:12:41:26.397911;24/Jul/2026:12:41:25.061044;24/Jul/2026:12:41:25.061593;24/Jul/2026:12:41:13.400683;24/Jul/2026:12:41:21.684008;24/Jul/2026:12:41:25.049622;24/Jul/2026:12:41:25.052652;24/Jul/2026:12:41:12.436186;24/Jul/2026:12:41:25.048614;24/Jul/2026:12:41:25.060820;24/Jul/2026:12:41:25.049981;24/Jul/2026:12:41:22.939336;24/Jul/2026:12:41:25.059188;24/Jul/2026:12:41:25.051844;24/Jul/2026:12:41:25.059899;24/Jul/2026:12:41:25.045904;24/Jul/2026:12:41:13.399758;24/Jul/2026:12:41:11.989035;24/Jul/2026:12:41:24.040882;24/Jul/2026:12:41:25.045843;24/Jul/2026:12:41:24.040311;24/Jul/2026:12:41:24.040245;24/Jul/2026:12:41:13.742159;24/Jul/2026:12:41:11.019169;24/Jul/2026:12:41:25.053785;24/Jul/2026:12:41:23.986588;24/Jul/2026:12:41:14.614548;24/Jul/2026:12:41:25.046997;24/Jul/2026:12:41:25.060022;24/Jul/2026:12:41:25.061017;24/Jul/2026:12:41:25.059993;24/Jul/2026:12:41:24.041144;24/Jul/2026:12:41:25.050273;24/Jul/2026:12:41:21.576648;24/Jul/2026:12:41:25.059962;24/Jul/2026:12:41:25.060929;24/Jul/2026:12:41:25.054081;24/Jul/2026:12:41:25.053715;24/Jul/2026:12:41:26.466190,15.0962;0.0786;25.9796;37.1307;11.3888;0.1124;15.1724;0.1766;19.4623;0.2099;0.2314;0.2488;0.2641;0.2856;0.2872;0.3270;10.8109;0.4574;7.0882;0.5933;12.2582;0.6223;0.6537;18.1510;0.8535;0.8567;0.8541;12.1904;18.0311;15.6025;0.8972;15.6301;0.9711;0.9968;0.9967;0.9970;1.0065;1.0502;1.0485;1.1059;11.5772;12.7148;15.9209;1.2077;1.2210;1.2111;12.5960;4.8318;1.3056;12.8606;12.6250;1.3330;25.3866;1.3634;1.3945;4.0086;1.4257;3.5558;1.4520;16.1643;1.4599;1.5133;0.1717;1.5168;1.5407;13.2291;4.9598;1.6162;1.6214;14.2650;1.6756;1.6922;1.7160;3.9716;1.8771;1.8934;1.8947;1.9582;13.6116;15.0631;3.0157;2.0290;3.0365;3.0422;13.3573;16.1205;2.1402;3.2293;12.6071;2.1877;2.1818;2.1853;2.2021;3.2351;2.2376;5.7670;2.3143;2.3967;2.4132;2.4164;1.0074,bytes=1397390444-1398323025;bytes=48500568-48584353;bytes=1682395239-1683283600;bytes=299946572-300050268;bytes=1909191569-1909395905;bytes=113023754-113121790;bytes=1398323026-1399232346;bytes=133498418-133596014;bytes=742225899-743121807;bytes=48411820-48500567;bytes=52289427-52399040;bytes=193413919-194301900;bytes=52138481-52289426;bytes=130690295-131568698;bytes=129421908-129600871;bytes=92992578-93079692;bytes=100736163-100823178;bytes=108956847-109060684;bytes=851465819-851662793;bytes=106946312-107864873;bytes=1827097822-1827979339;bytes=100736163-100823178;bytes=137658425-137758749;bytes=965756734-966664808;bytes=47344469-48235896;bytes=51261479-52138480;bytes=331689552-332596749;bytes=1904753004-1904972355;bytes=1068090589-1069016958;bytes=1453024520-1453122933;bytes=324655799-324853181;bytes=1456245763-1457161495;bytes=52399041-52496406;bytes=94089059-94982248;bytes=230812358-230973919;bytes=259142263-260042119;bytes=326623524-327540731;bytes=112848800-112934026;bytes=433433879-434331015;bytes=54370984-55273864;bytes=133596015-133768878;bytes=1858011978-1858924779;bytes=1446822380-1447754490;bytes=379686938-380610562;bytes=114924634-115845252;bytes=585970367-586062657;bytes=1904972356-1905177879;bytes=1391182386-1391281070;bytes=19546918-19624247;bytes=1854703605-1854822451;bytes=1906942765-1907854265;bytes=425177400-426088926;bytes=1901816945-1902691092;bytes=430591838-430736929;bytes=261864661-262764447;bytes=1543906327-1543997920;bytes=85130458-86033739;bytes=1641852588-1642770736;bytes=120847528-120932588;bytes=1453549916-1454431325;bytes=110057073-110958630;bytes=125611313-126492675;bytes=699842702-699932936;bytes=432525202-433433878;bytes=471499489-471695438;bytes=1837904930-1837991558;bytes=1447754491-1448667937;bytes=105164290-106057566;bytes=194669978-195569361;bytes=1755511311-1755633324;bytes=96873784-96964377;bytes=428420649-429342131;bytes=109060685-109160291;bytes=1646991576-1647897672;bytes=328561211-328660518;bytes=133768879-133955355;bytes=376452204-377361581;bytes=19703508-19848010;bytes=1826089896-1826199659;bytes=1647897673-1647994059;bytes=1905177880-1906065185;bytes=18648160-19546917;bytes=1904639434-1904753003;bytes=1904514815-1904639433;bytes=1897571414-1898451897;bytes=1542077527-1543008563;bytes=234844687-234959608;bytes=1849541407-1850459017;bytes=133955356-134855393;bytes=56304529-56371233;bytes=381619790-381723899;bytes=431646798-432525201;bytes=381516912-381619789;bytes=1909010456-1909191568;bytes=110958631-111862687;bytes=1416425565-1416558525;bytes=377713662-377909505;bytes=434331016-434424200;bytes=255137809-256033692;bytes=230973920-231144478;bytes=752921723-753009894,84305418;ecc52b7e;1e45b0bd;3fe5fa12;fcc91e8b;45a03cb3;d79ec135;f42becb6;fb8872d1;911b4742;02ad15fd;e0b404bc;2bd31005;3d2ba02b;e7db412c;b282342a;161c8ab7;3ac99a86;44a03c64;28120f32;860570f0;e912758f;417649e5;267a20e7;cf3a2431;46d22a6f;e449035d;331372d8;221f1a09;4b932f9a;bf73e9fb;b3ca5d2d;2bb3354a;771a04b9;57a66011;ed346088;9f0524c8;75f71268;5a704265;6099504f;8eebf620;19558d6d;80c78a70;2940511a;1868d08e;75600af7;7966d28b;22ea3a21;0ddb4b00;e180253f;4967cf03;103a5a53;859f0616;c06c4502;962ea3d8;bfbc068a;dcd62574;99850dc4;2240bcf2;672307e8;f5583dfe;fa962423;66a15bf0;c7bb9907;f4a63dde;a639f8cb;d7bded73;b254b278;f383ae72;d5af8aec;cef88e08;b0203fee;924bf618;2afd3f47;a91a2d9a;daf4790f;91026a59;d42a7b06;48a27f15;ca79de9f;794d61ff;8b240055;a85e5127;eedc7562;d7f393cd;579263a9;20def7f1;44e62608;a3629d06;38a0a331;f2e97842;d099a5a8;ec4e8dbb;3adf50d0;56f82111;e7365c3b;3df04851;3def25f0;4fa29608;31c04042;8528d40f
15,4,182,success,None,24/Jul/2026:12:41:26.465034,24/Jul/2026:12:41:27.789149,1.3241,49,24/Jul/2026:12:41:25.047747;24/Jul/2026:12:41:22.938708;24/Jul/2026:12:41:25.051161;24/Jul/2026:12:41:10.339249;24/Jul/2026:12:41:25.050216;24/Jul/2026:12:41:25.051280;24/Jul/2026:12:41:26.397911;24/Jul/2026:12:41:25.061044;24/Jul/2026:12:41:25.061593;24/Jul/2026:12:41:13.400683;24/Jul/2026:12:41:21.684008;24/Jul/2026:12:41:25.049622;24/Jul/2026:12:41:25.052652;24/Jul/2026:12:41:12.436186;24/Jul/2026:12:41:25.048614;24/Jul/2026:12:41:25.060820;24/Jul/2026:12:41:25.049981;24/Jul/2026:12:41:22.939336;24/Jul/2026:12:41:25.059188;24/Jul/2026:12:41:25.051844;24/Jul/2026:12:41:25.059899;24/Jul/2026:12:41:25.045904;24/Jul/2026:12:41:13.399758;24/Jul/2026:12:41:11.989035;24/Jul/2026:12:41:24.040882;24/Jul/2026:12:41:25.045843;24/Jul/2026:12:41:24.040311;24/Jul/2026:12:41:24.040245;24/Jul/2026:12:41:13.742159;24/Jul/2026:12:41:11.019169;24/Jul/2026:12:41:25.053785;24/Jul/2026:12:41:23.986588;24/Jul/2026:12:41:14.614548;24/Jul/2026:12:41:25.046997;24/Jul/2026:12:41:25.060022;24/Jul/2026:12:41:25.061017;24/Jul/2026:12:41:25.059993;24/Jul/2026:12:41:24.041144;24/Jul/2026:12:41:25.050273;24/Jul/2026:12:41:21.576648;24/Jul/2026:12:41:25.059962;24/Jul/2026:12:41:25.060929;24/Jul/2026:12:41:25.054081;24/Jul/2026:12:41:25.053715;24/Jul/2026:12:41:26.466190;24/Jul/2026:12:41:23.719297;24/Jul/2026:12:41:23.448645;24/Jul/2026:12:41:25.051461;24/Jul/2026:12:41:26.651656,1.4257;3.5558;1.4520;16.1643;1.4599;1.5133;0.1717;1.5168;1.5407;13.2291;4.9598;1.6162;1.6214;14.2650;1.6756;1.6922;1.7160;3.9716;1.8771;1.8934;1.8947;1.9582;13.6116;15.0631;3.0157;2.0290;3.0365;3.0422;13.3573;16.1205;2.1402;3.2293;12.6071;2.1877;2.1818;2.1853;2.2021;3.2351;2.2376;5.7670;2.3143;2.3967;2.4132;2.4164;1.0074;4.0152;4.2861;2.6866;1.1008,bytes=85130458-86033739;bytes=1641852588-1642770736;bytes=120847528-120932588;bytes=1453549916-1454431325;bytes=110057073-110958630;bytes=125611313-126492675;bytes=699842702-699932936;bytes=432525202-433433878;bytes=471499489-471695438;bytes=1837904930-1837991558;bytes=1447754491-1448667937;bytes=105164290-106057566;bytes=194669978-195569361;bytes=1755511311-1755633324;bytes=96873784-96964377;bytes=428420649-429342131;bytes=109060685-109160291;bytes=1646991576-1647897672;bytes=328561211-328660518;bytes=133768879-133955355;bytes=376452204-377361581;bytes=19703508-19848010;bytes=1826089896-1826199659;bytes=1647897673-1647994059;bytes=1905177880-1906065185;bytes=18648160-19546917;bytes=1904639434-1904753003;bytes=1904514815-1904639433;bytes=1897571414-1898451897;bytes=1542077527-1543008563;bytes=234844687-234959608;bytes=1849541407-1850459017;bytes=133955356-134855393;bytes=56304529-56371233;bytes=381619790-381723899;bytes=431646798-432525201;bytes=381516912-381619789;bytes=1909010456-1909191568;bytes=110958631-111862687;bytes=1416425565-1416558525;bytes=377713662-377909505;bytes=434331016-434424200;bytes=255137809-256033692;bytes=230973920-231144478;bytes=752921723-753009894;bytes=1768455344-1769358614;bytes=1745182189-1746117439;bytes=128302429-129216602;bytes=888578476-888747606,dcd62574;99850dc4;2240bcf2;672307e8;f5583dfe;fa962423;66a15bf0;c7bb9907;f4a63dde;a639f8cb;d7bded73;b254b278;f383ae72;d5af8aec;cef88e08;b0203fee;924bf618;2afd3f47;a91a2d9a;daf4790f;91026a59;d42a7b06;48a27f15;ca79de9f;794d61ff;8b240055;a85e5127;eedc7562;d7f393cd;579263a9;20def7f1;44e62608;a3629d06;38a0a331;f2e97842;d099a5a8;ec4e8dbb;3adf50d0;56f82111;e7365c3b;3df04851;3def25f0;4fa29608;31c04042;8528d40f;840c829f;5dc70b94;e997aa74;c5170824
15,4,194,success,None,24/Jul/2026:12:41:26.580476,24/Jul/2026:12:41:27.935123,1.3546,45,24/Jul/2026:12:41:25.061593;24/Jul/2026:12:41:13.400683;24/Jul/2026:12:41:21.684008;24/Jul/2026:12:41:25.049622;24/Jul/2026:12:41:25.052652;24/Jul/2026:12:41:12.436186;24/Jul/2026:12:41:25.048614;24/Jul/2026:12:41:25.060820;24/Jul/2026:12:41:25.049981;24/Jul/2026:12:41:22.939336;24/Jul/2026:12:41:25.059188;24/Jul/2026:12:41:25.051844;24/Jul/2026:12:41:25.059899;24/Jul/2026:12:41:25.045904;24/Jul/2026:12:41:13.399758;24/Jul/2026:12:41:11.989035;24/Jul/2026:12:41:24.040882;24/Jul/2026:12:41:25.045843;24/Jul/2026:12:41:24.040311;24/Jul/2026:12:41:24.040245;24/Jul/2026:12:41:13.742159;24/Jul/2026:12:41:11.019169;24/Jul/2026:12:41:25.053785;24/Jul/2026:12:41:23.986588;24/Jul/2026:12:41:14.614548;24/Jul/2026:12:41:25.046997;24/Jul/2026:12:41:25.060022;24/Jul/2026:12:41:25.061017;24/Jul/2026:12:41:25.059993;24/Jul/2026:12:41:24.041144;24/Jul/2026:12:41:25.050273;24/Jul/2026:12:41:21.576648;24/Jul/2026:12:41:25.059962;24/Jul/2026:12:41:25.060929;24/Jul/2026:12:41:25.054081;24/Jul/2026:12:41:25.053715;24/Jul/2026:12:41:26.466190;24/Jul/2026:12:41:23.719297;24/Jul/2026:12:41:23.448645;24/Jul/2026:12:41:25.051461;24/Jul/2026:12:41:26.651656;24/Jul/2026:12:41:25.045232;24/Jul/2026:12:41:25.059574;24/Jul/2026:12:41:25.060875;24/Jul/2026:12:41:26.647706,1.5407;13.2291;4.9598;1.6162;1.6214;14.2650;1.6756;1.6922;1.7160;3.9716;1.8771;1.8934;1.8947;1.9582;13.6116;15.0631;3.0157;2.0290;3.0365;3.0422;13.3573;16.1205;2.1402;3.2293;12.6071;2.1877;2.1818;2.1853;2.2021;3.2351;2.2376;5.7670;2.3143;2.3967;2.4132;2.4164;1.0074;4.0152;4.2861;2.6866;1.1008;2.7800;2.7736;2.8119;1.2816,bytes=471499489-471695438;bytes=1837904930-1837991558;bytes=1447754491-1448667937;bytes=105164290-106057566;bytes=194669978-195569361;bytes=1755511311-1755633324;bytes=96873784-96964377;bytes=428420649-429342131;bytes=109060685-109160291;bytes=1646991576-1647897672;bytes=328561211-328660518;bytes=133768879-133955355;bytes=376452204-377361581;bytes=19703508-19848010;bytes=1826089896-1826199659;bytes=1647897673-1647994059;bytes=1905177880-1906065185;bytes=18648160-19546917;bytes=1904639434-1904753003;bytes=1904514815-1904639433;bytes=1897571414-1898451897;bytes=1542077527-1543008563;bytes=234844687-234959608;bytes=1849541407-1850459017;bytes=133955356-134855393;bytes=56304529-56371233;bytes=381619790-381723899;bytes=431646798-432525201;bytes=381516912-381619789;bytes=1909010456-1909191568;bytes=110958631-111862687;bytes=1416425565-1416558525;bytes=377713662-377909505;bytes=434331016-434424200;bytes=255137809-256033692;bytes=230973920-231144478;bytes=752921723-753009894;bytes=1768455344-1769358614;bytes=1745182189-1746117439;bytes=128302429-129216602;bytes=888578476-888747606;bytes=14670926-15553834;bytes=329887366-330775036;bytes=430463925-430591837;bytes=859702063-859807910,f4a63dde;a639f8cb;d7bded73;b254b278;f383ae72;d5af8aec;cef88e08;b0203fee;924bf618;2afd3f47;a91a2d9a;daf4790f;91026a59;d42a7b06;48a27f15;ca79de9f;794d61ff;8b240055;a85e5127;eedc7562;d7f393cd;579263a9;20def7f1;44e62608;a3629d06;38a0a331;f2e97842;d099a5a8;ec4e8dbb;3adf50d0;56f82111;e7365c3b;3df04851;3def25f0;4fa29608;31c04042;8528d40f;840c829f;5dc70b94;e997aa74;c5170824;f5ff7079;329e68cc;d7440fd4;ee25afe7
15,4,189,success,None,24/Jul/2026:12:41:26.551589,24/Jul/2026:12:41:27.989650,1.4380,51,24/Jul/2026:12:41:25.051280;24/Jul/2026:12:41:26.397911;24/Jul/2026:12:41:25.061044;24/Jul/2026:12:41:25.061593;24/Jul/2026:12:41:13.400683;24/Jul/2026:12:41:21.684008;24/Jul/2026:12:41:25.049622;24/Jul/2026:12:41:25.052652;24/Jul/2026:12:41:12.436186;24/Jul/2026:12:41:25.048614;24/Jul/2026:12:41:25.060820;24/Jul/2026:12:41:25.049981;24/Jul/2026:12:41:22.939336;24/Jul/2026:12:41:25.059188;24/Jul/2026:12:41:25.051844;24/Jul/2026:12:41:25.059899;24/Jul/2026:12:41:25.045904;24/Jul/2026:12:41:13.399758;24/Jul/2026:12:41:11.989035;24/Jul/2026:12:41:24.040882;24/Jul/2026:12:41:25.045843;24/Jul/2026:12:41:24.040311;24/Jul/2026:12:41:24.040245;24/Jul/2026:12:41:13.742159;24/Jul/2026:12:41:11.019169;24/Jul/2026:12:41:25.053785;24/Jul/2026:12:41:23.986588;24/Jul/2026:12:41:14.614548;24/Jul/2026:12:41:25.046997;24/Jul/2026:12:41:25.060022;24/Jul/2026:12:41:25.061017;24/Jul/2026:12:41:25.059993;24/Jul/2026:12:41:24.041144;24/Jul/2026:12:41:25.050273;24/Jul/2026:12:41:21.576648;24/Jul/2026:12:41:25.059962;24/Jul/2026:12:41:25.060929;24/Jul/2026:12:41:25.054081;24/Jul/2026:12:41:25.053715;24/Jul/2026:12:41:26.466190;24/Jul/2026:12:41:23.719297;24/Jul/2026:12:41:23.448645;24/Jul/2026:12:41:25.051461;24/Jul/2026:12:41:26.651656;24/Jul/2026:12:41:25.045232;24/Jul/2026:12:41:25.059574;24/Jul/2026:12:41:25.060875;24/Jul/2026:12:41:26.647706;24/Jul/2026:12:41:25.053752;24/Jul/2026:12:41:27.338309;24/Jul/2026:12:41:25.060471,1.5133;0.1717;1.5168;1.5407;13.2291;4.9598;1.6162;1.6214;14.2650;1.6756;1.6922;1.7160;3.9716;1.8771;1.8934;1.8947;1.9582;13.6116;15.0631;3.0157;2.0290;3.0365;3.0422;13.3573;16.1205;2.1402;3.2293;12.6071;2.1877;2.1818;2.1853;2.2021;3.2351;2.2376;5.7670;2.3143;2.3967;2.4132;2.4164;1.0074;4.0152;4.2861;2.6866;1.1008;2.7800;2.7736;2.8119;1.2816;2.8852;0.6255;2.9197,bytes=125611313-126492675;bytes=699842702-699932936;bytes=432525202-433433878;bytes=471499489-471695438;bytes=1837904930-1837991558;bytes=1447754491-1448667937;bytes=105164290-106057566;bytes=194669978-195569361;bytes=1755511311-1755633324;bytes=96873784-96964377;bytes=428420649-429342131;bytes=109060685-109160291;bytes=1646991576-1647897672;bytes=328561211-328660518;bytes=133768879-133955355;bytes=376452204-377361581;bytes=19703508-19848010;bytes=1826089896-1826199659;bytes=1647897673-1647994059;bytes=1905177880-1906065185;bytes=18648160-19546917;bytes=1904639434-1904753003;bytes=1904514815-1904639433;bytes=1897571414-1898451897;bytes=1542077527-1543008563;bytes=234844687-234959608;bytes=1849541407-1850459017;bytes=133955356-134855393;bytes=56304529-56371233;bytes=381619790-381723899;bytes=431646798-432525201;bytes=381516912-381619789;bytes=1909010456-1909191568;bytes=110958631-111862687;bytes=1416425565-1416558525;bytes=377713662-377909505;bytes=434331016-434424200;bytes=255137809-256033692;bytes=230973920-231144478;bytes=752921723-753009894;bytes=1768455344-1769358614;bytes=1745182189-1746117439;bytes=128302429-129216602;bytes=888578476-888747606;bytes=14670926-15553834;bytes=329887366-330775036;bytes=430463925-430591837;bytes=859702063-859807910;bytes=234745544-234844686;bytes=1125517831-1126415455;bytes=389466135-389551735,fa962423;66a15bf0;c7bb9907;f4a63dde;a639f8cb;d7bded73;b254b278;f383ae72;d5af8aec;cef88e08;b0203fee;924bf618;2afd3f47;a91a2d9a;daf4790f;91026a59;d42a7b06;48a27f15;ca79de9f;794d61ff;8b240055;a85e5127;eedc7562;d7f393cd;579263a9;20def7f1;44e62608;a3629d06;38a0a331;f2e97842;d099a5a8;ec4e8dbb;3adf50d0;56f82111;e7365c3b;3df04851;3def25f0;4fa29608;31c04042;8528d40f;840c829f;5dc70b94;e997aa74;c5170824;f5ff7079;329e68cc;d7440fd4;ee25afe7;d0674eb9;b46f91b2;0e2c6252
15,4,202,success,None,24/Jul/2026:12:41:26.589706,24/Jul/2026:12:41:28.018198,1.4285,48,24/Jul/2026:12:41:25.061593;24/Jul/2026:12:41:13.400683;24/Jul/2026:12:41:21.684008;24/Jul/2026:12:41:25.049622;24/Jul/2026:12:41:25.052652;24/Jul/2026:12:41:12.436186;24/Jul/2026:12:41:25.048614;24/Jul/2026:12:41:25.060820;24/Jul/2026:12:41:25.049981;24/Jul/2026:12:41:22.939336;24/Jul/2026:12:41:25.059188;24/Jul/2026:12:41:25.051844;24/Jul/2026:12:41:25.059899;24/Jul/2026:12:41:25.045904;24/Jul/2026:12:41:13.399758;24/Jul/2026:12:41:11.989035;24/Jul/2026:12:41:24.040882;24/Jul/2026:12:41:25.045843;24/Jul/2026:12:41:24.040311;24/Jul/2026:12:41:24.040245;24/Jul/2026:12:41:13.742159;24/Jul/2026:12:41:11.019169;24/Jul/2026:12:41:25.053785;24/Jul/2026:12:41:23.986588;24/Jul/2026:12:41:14.614548;24/Jul/2026:12:41:25.046997;24/Jul/2026:12:41:25.060022;24/Jul/2026:12:41:25.061017;24/Jul/2026:12:41:25.059993;24/Jul/2026:12:41:24.041144;24/Jul/2026:12:41:25.050273;24/Jul/2026:12:41:21.576648;24/Jul/2026:12:41:25.059962;24/Jul/2026:12:41:25.060929;24/Jul/2026:12:41:25.054081;24/Jul/2026:12:41:25.053715;24/Jul/2026:12:41:26.466190;24/Jul/2026:12:41:23.719297;24/Jul/2026:12:41:23.448645;24/Jul/2026:12:41:25.051461;24/Jul/2026:12:41:26.651656;24/Jul/2026:12:41:25.045232;24/Jul/2026:12:41:25.059574;24/Jul/2026:12:41:25.060875;24/Jul/2026:12:41:26.647706;24/Jul/2026:12:41:25.053752;24/Jul/2026:12:41:27.338309;24/Jul/2026:12:41:25.060471,1.5407;13.2291;4.9598;1.6162;1.6214;14.2650;1.6756;1.6922;1.7160;3.9716;1.8771;1.8934;1.8947;1.9582;13.6116;15.0631;3.0157;2.0290;3.0365;3.0422;13.3573;16.1205;2.1402;3.2293;12.6071;2.1877;2.1818;2.1853;2.2021;3.2351;2.2376;5.7670;2.3143;2.3967;2.4132;2.4164;1.0074;4.0152;4.2861;2.6866;1.1008;2.7800;2.7736;2.8119;1.2816;2.8852;0.6255;2.9197,bytes=471499489-471695438;bytes=1837904930-1837991558;bytes=1447754491-1448667937;bytes=105164290-106057566;bytes=194669978-195569361;bytes=1755511311-1755633324;bytes=96873784-96964377;bytes=428420649-429342131;bytes=109060685-109160291;bytes=1646991576-1647897672;bytes=328561211-328660518;bytes=133768879-133955355;bytes=376452204-377361581;bytes=19703508-19848010;bytes=1826089896-1826199659;bytes=1647897673-1647994059;bytes=1905177880-1906065185;bytes=18648160-19546917;bytes=1904639434-1904753003;bytes=1904514815-1904639433;bytes=1897571414-1898451897;bytes=1542077527-1543008563;bytes=234844687-234959608;bytes=1849541407-1850459017;bytes=133955356-134855393;bytes=56304529-56371233;bytes=381619790-381723899;bytes=431646798-432525201;bytes=381516912-381619789;bytes=1909010456-1909191568;bytes=110958631-111862687;bytes=1416425565-1416558525;bytes=377713662-377909505;bytes=434331016-434424200;bytes=255137809-256033692;bytes=230973920-231144478;bytes=752921723-753009894;bytes=1768455344-1769358614;bytes=1745182189-1746117439;bytes=128302429-129216602;bytes=888578476-888747606;bytes=14670926-15553834;bytes=329887366-330775036;bytes=430463925-430591837;bytes=859702063-859807910;bytes=234745544-234844686;bytes=1125517831-1126415455;bytes=389466135-389551735,f4a63dde;a639f8cb;d7bded73;b254b278;f383ae72;d5af8aec;cef88e08;b0203fee;924bf618;2afd3f47;a91a2d9a;daf4790f;91026a59;d42a7b06;48a27f15;ca79de9f;794d61ff;8b240055;a85e5127;eedc7562;d7f393cd;579263a9;20def7f1;44e62608;a3629d06;38a0a331;f2e97842;d099a5a8;ec4e8dbb;3adf50d0;56f82111;e7365c3b;3df04851;3def25f0;4fa29608;31c04042;8528d40f;840c829f;5dc70b94;e997aa74;c5170824;f5ff7079;329e68cc;d7440fd4;ee25afe7;d0674eb9;b46f91b2;0e2c6252
15,4,208,success,None,24/Jul/2026:12:41:26.640777,24/Jul/2026:12:41:28.124031,1.4832,46,24/Jul/2026:12:41:21.684008;24/Jul/2026:12:41:25.049622;24/Jul/2026:12:41:25.052652;24/Jul/2026:12:41:12.436186;24/Jul/2026:12:41:25.048614;24/Jul/2026:12:41:25.060820;24/Jul/2026:12:41:25.049981;24/Jul/2026:12:41:22.939336;24/Jul/2026:12:41:25.059188;24/Jul/2026:12:41:25.051844;24/Jul/2026:12:41:25.059899;24/Jul/2026:12:41:25.045904;24/Jul/2026:12:41:13.399758;24/Jul/2026:12:41:11.989035;24/Jul/2026:12:41:24.040882;24/Jul/2026:12:41:25.045843;24/Jul/2026:12:41:24.040311;24/Jul/2026:12:41:24.040245;24/Jul/2026:12:41:13.742159;24/Jul/2026:12:41:11.019169;24/Jul/2026:12:41:25.053785;24/Jul/2026:12:41:23.986588;24/Jul/2026:12:41:14.614548;24/Jul/2026:12:41:25.046997;24/Jul/2026:12:41:25.060022;24/Jul/2026:12:41:25.061017;24/Jul/2026:12:41:25.059993;24/Jul/2026:12:41:24.041144;24/Jul/2026:12:41:25.050273;24/Jul/2026:12:41:21.576648;24/Jul/2026:12:41:25.059962;24/Jul/2026:12:41:25.060929;24/Jul/2026:12:41:25.054081;24/Jul/2026:12:41:25.053715;24/Jul/2026:12:41:26.466190;24/Jul/2026:12:41:23.719297;24/Jul/2026:12:41:23.448645;24/Jul/2026:12:41:25.051461;24/Jul/2026:12:41:26.651656;24/Jul/2026:12:41:25.045232;24/Jul/2026:12:41:25.059574;24/Jul/2026:12:41:25.060875;24/Jul/2026:12:41:26.647706;24/Jul/2026:12:41:25.053752;24/Jul/2026:12:41:27.338309;24/Jul/2026:12:41:25.060471,4.9598;1.6162;1.6214;14.2650;1.6756;1.6922;1.7160;3.9716;1.8771;1.8934;1.8947;1.9582;13.6116;15.0631;3.0157;2.0290;3.0365;3.0422;13.3573;16.1205;2.1402;3.2293;12.6071;2.1877;2.1818;2.1853;2.2021;3.2351;2.2376;5.7670;2.3143;2.3967;2.4132;2.4164;1.0074;4.0152;4.2861;2.6866;1.1008;2.7800;2.7736;2.8119;1.2816;2.8852;0.6255;2.9197,bytes=1447754491-1448667937;bytes=105164290-106057566;bytes=194669978-195569361;bytes=1755511311-1755633324;bytes=96873784-96964377;bytes=428420649-429342131;bytes=109060685-109160291;bytes=1646991576-1647897672;bytes=328561211-328660518;bytes=133768879-133955355;bytes=376452204-377361581;bytes=19703508-19848010;bytes=1826089896-1826199659;bytes=1647897673-1647994059;bytes=1905177880-1906065185;bytes=18648160-19546917;bytes=1904639434-1904753003;bytes=1904514815-1904639433;bytes=1897571414-1898451897;bytes=1542077527-1543008563;bytes=234844687-234959608;bytes=1849541407-1850459017;bytes=133955356-134855393;bytes=56304529-56371233;bytes=381619790-381723899;bytes=431646798-432525201;bytes=381516912-381619789;bytes=1909010456-1909191568;bytes=110958631-111862687;bytes=1416425565-1416558525;bytes=377713662-377909505;bytes=434331016-434424200;bytes=255137809-256033692;bytes=230973920-231144478;bytes=752921723-753009894;bytes=1768455344-1769358614;bytes=1745182189-1746117439;bytes=128302429-129216602;bytes=888578476-888747606;bytes=14670926-15553834;bytes=329887366-330775036;bytes=430463925-430591837;bytes=859702063-859807910;bytes=234745544-234844686;bytes=1125517831-1126415455;bytes=389466135-389551735,d7bded73;b254b278;f383ae72;d5af8aec;cef88e08;b0203fee;924bf618;2afd3f47;a91a2d9a;daf4790f;91026a59;d42a7b06;48a27f15;ca79de9f;794d61ff;8b240055;a85e5127;eedc7562;d7f393cd;579263a9;20def7f1;44e62608;a3629d06;38a0a331;f2e97842;d099a5a8;ec4e8dbb;3adf50d0;56f82111;e7365c3b;3df04851;3def25f0;4fa29608;31c04042;8528d40f;840c829f;5dc70b94;e997aa74;c5170824;f5ff7079;329e68cc;d7440fd4;ee25afe7;d0674eb9;b46f91b2;0e2c6252
15,4,222,success,None,24/Jul/2026:12:41:26.682819,24/Jul/2026:12:41:28.293308,1.6105,48,24/Jul/2026:12:41:12.436186;24/Jul/2026:12:41:25.048614;24/Jul/2026:12:41:25.060820;24/Jul/2026:12:41:25.049981;24/Jul/2026:12:41:22.939336;24/Jul/2026:12:41:25.059188;24/Jul/2026:12:41:25.051844;24/Jul/2026:12:41:25.059899;24/Jul/2026:12:41:25.045904;24/Jul/2026:12:41:13.399758;24/Jul/2026:12:41:11.989035;24/Jul/2026:12:41:24.040882;24/Jul/2026:12:41:25.045843;24/Jul/2026:12:41:24.040311;24/Jul/2026:12:41:24.040245;24/Jul/2026:12:41:13.742159;24/Jul/2026:12:41:11.019169;24/Jul/2026:12:41:25.053785;24/Jul/2026:12:41:23.986588;24/Jul/2026:12:41:14.614548;24/Jul/2026:12:41:25.046997;24/Jul/2026:12:41:25.060022;24/Jul/2026:12:41:25.061017;24/Jul/2026:12:41:25.059993;24/Jul/2026:12:41:24.041144;24/Jul/2026:12:41:25.050273;24/Jul/2026:12:41:21.576648;24/Jul/2026:12:41:25.059962;24/Jul/2026:12:41:25.060929;24/Jul/2026:12:41:25.054081;24/Jul/2026:12:41:25.053715;24/Jul/2026:12:41:26.466190;24/Jul/2026:12:41:23.719297;24/Jul/2026:12:41:23.448645;24/Jul/2026:12:41:25.051461;24/Jul/2026:12:41:26.651656;24/Jul/2026:12:41:25.045232;24/Jul/2026:12:41:25.059574;24/Jul/2026:12:41:25.060875;24/Jul/2026:12:41:26.647706;24/Jul/2026:12:41:25.053752;24/Jul/2026:12:41:27.338309;24/Jul/2026:12:41:25.060471;24/Jul/2026:12:41:25.054269;24/Jul/2026:12:41:27.391026;24/Jul/2026:12:41:25.052798;24/Jul/2026:12:41:25.053476;24/Jul/2026:12:41:26.601136,14.2650;1.6756;1.6922;1.7160;3.9716;1.8771;1.8934;1.8947;1.9582;13.6116;15.0631;3.0157;2.0290;3.0365;3.0422;13.3573;16.1205;2.1402;3.2293;12.6071;2.1877;2.1818;2.1853;2.2021;3.2351;2.2376;5.7670;2.3143;2.3967;2.4132;2.4164;1.0074;4.0152;4.2861;2.6866;1.1008;2.7800;2.7736;2.8119;1.2816;2.8852;0.6255;2.9197;3.1773;0.8418;3.1828;3.1985;1.6535,bytes=1755511311-1755633324;bytes=96873784-96964377;bytes=428420649-429342131;bytes=109060685-109160291;bytes=1646991576-1647897672;bytes=328561211-328660518;bytes=133768879-133955355;bytes=376452204-377361581;bytes=19703508-19848010;bytes=1826089896-1826199659;bytes=1647897673-1647994059;bytes=1905177880-1906065185;bytes=18648160-19546917;bytes=1904639434-1904753003;bytes=1904514815-1904639433;bytes=1897571414-1898451897;bytes=1542077527-1543008563;bytes=234844687-234959608;bytes=1849541407-1850459017;bytes=133955356-134855393;bytes=56304529-56371233;bytes=381619790-381723899;bytes=431646798-432525201;bytes=381516912-381619789;bytes=1909010456-1909191568;bytes=110958631-111862687;bytes=1416425565-1416558525;bytes=377713662-377909505;bytes=434331016-434424200;bytes=255137809-256033692;bytes=230973920-231144478;bytes=752921723-753009894;bytes=1768455344-1769358614;bytes=1745182189-1746117439;bytes=128302429-129216602;bytes=888578476-888747606;bytes=14670926-15553834;bytes=329887366-330775036;bytes=430463925-430591837;bytes=859702063-859807910;bytes=234745544-234844686;bytes=1125517831-1126415455;bytes=389466135-389551735;bytes=262764448-262842984;bytes=1156067608-1156165204;bytes=198387230-198481386;bytes=228771174-229689336;bytes=828260587-829140935,d5af8aec;cef88e08;b0203fee;924bf618;2afd3f47;a91a2d9a;daf4790f;91026a59;d42a7b06;48a27f15;ca79de9f;794d61ff;8b240055;a85e5127;eedc7562;d7f393cd;579263a9;20def7f1;44e62608;a3629d06;38a0a331;f2e97842;d099a5a8;ec4e8dbb;3adf50d0;56f82111;e7365c3b;3df04851;3def25f0;4fa29608;31c04042;8528d40f;840c829f;5dc70b94;e997aa74;c5170824;f5ff7079;329e68cc;d7440fd4;ee25afe7;d0674eb9;b46f91b2;0e2c6252;49cfce01;5c453812;9a7f7adf;d6f01b51;29c090d7
15,4,216,success,None,24/Jul/2026:12:41:26.648674,24/Jul/2026:12:41:28.405476,1.7568,53,24/Jul/2026:12:41:25.049622;24/Jul/2026:12:41:25.052652;24/Jul/2026:12:41:12.436186;24/Jul/2026:12:41:25.048614;24/Jul/2026:12:41:25.060820;24/Jul/2026:12:41:25.049981;24/Jul/2026:12:41:22.939336;24/Jul/2026:12:41:25.059188;24/Jul/2026:12:41:25.051844;24/Jul/2026:12:41:25.059899;24/Jul/2026:12:41:25.045904;24/Jul/2026:12:41:13.399758;24/Jul/2026:12:41:11.989035;24/Jul/2026:12:41:24.040882;24/Jul/2026:12:41:25.045843;24/Jul/2026:12:41:24.040311;24/Jul/2026:12:41:24.040245;24/Jul/2026:12:41:13.742159;24/Jul/2026:12:41:11.019169;24/Jul/2026:12:41:25.053785;24/Jul/2026:12:41:23.986588;24/Jul/2026:12:41:14.614548;24/Jul/2026:12:41:25.046997;24/Jul/2026:12:41:25.060022;24/Jul/2026:12:41:25.061017;24/Jul/2026:12:41:25.059993;24/Jul/2026:12:41:24.041144;24/Jul/2026:12:41:25.050273;24/Jul/2026:12:41:21.576648;24/Jul/2026:12:41:25.059962;24/Jul/2026:12:41:25.060929;24/Jul/2026:12:41:25.054081;24/Jul/2026:12:41:25.053715;24/Jul/2026:12:41:26.466190;24/Jul/2026:12:41:23.719297;24/Jul/2026:12:41:23.448645;24/Jul/2026:12:41:25.051461;24/Jul/2026:12:41:26.651656;24/Jul/2026:12:41:25.045232;24/Jul/2026:12:41:25.059574;24/Jul/2026:12:41:25.060875;24/Jul/2026:12:41:26.647706;24/Jul/2026:12:41:25.053752;24/Jul/2026:12:41:27.338309;24/Jul/2026:12:41:25.060471;24/Jul/2026:12:41:25.054269;24/Jul/2026:12:41:27.391026;24/Jul/2026:12:41:25.052798;24/Jul/2026:12:41:25.053476;24/Jul/2026:12:41:26.601136;24/Jul/2026:12:41:25.061256;24/Jul/2026:12:41:26.465987;24/Jul/2026:12:41:26.586038,1.6162;1.6214;14.2650;1.6756;1.6922;1.7160;3.9716;1.8771;1.8934;1.8947;1.9582;13.6116;15.0631;3.0157;2.0290;3.0365;3.0422;13.3573;16.1205;2.1402;3.2293;12.6071;2.1877;2.1818;2.1853;2.2021;3.2351;2.2376;5.7670;2.3143;2.3967;2.4132;2.4164;1.0074;4.0152;4.2861;2.6866;1.1008;2.7800;2.7736;2.8119;1.2816;2.8852;0.6255;2.9197;3.1773;0.8418;3.1828;3.1985;1.6535;3.2790;1.8866;1.8148,bytes=105164290-106057566;bytes=194669978-195569361;bytes=1755511311-1755633324;bytes=96873784-96964377;bytes=428420649-429342131;bytes=109060685-109160291;bytes=1646991576-1647897672;bytes=328561211-328660518;bytes=133768879-133955355;bytes=376452204-377361581;bytes=19703508-19848010;bytes=1826089896-1826199659;bytes=1647897673-1647994059;bytes=1905177880-1906065185;bytes=18648160-19546917;bytes=1904639434-1904753003;bytes=1904514815-1904639433;bytes=1897571414-1898451897;bytes=1542077527-1543008563;bytes=234844687-234959608;bytes=1849541407-1850459017;bytes=133955356-134855393;bytes=56304529-56371233;bytes=381619790-381723899;bytes=431646798-432525201;bytes=381516912-381619789;bytes=1909010456-1909191568;bytes=110958631-111862687;bytes=1416425565-1416558525;bytes=377713662-377909505;bytes=434331016-434424200;bytes=255137809-256033692;bytes=230973920-231144478;bytes=752921723-753009894;bytes=1768455344-1769358614;bytes=1745182189-1746117439;bytes=128302429-129216602;bytes=888578476-888747606;bytes=14670926-15553834;bytes=329887366-330775036;bytes=430463925-430591837;bytes=859702063-859807910;bytes=234745544-234844686;bytes=1125517831-1126415455;bytes=389466135-389551735;bytes=262764448-262842984;bytes=1156067608-1156165204;bytes=198387230-198481386;bytes=228771174-229689336;bytes=828260587-829140935;bytes=464183330-465071913;bytes=745317825-746221053;bytes=794280908-794388454,b254b278;f383ae72;d5af8aec;cef88e08;b0203fee;924bf618;2afd3f47;a91a2d9a;daf4790f;91026a59;d42a7b06;48a27f15;ca79de9f;794d61ff;8b240055;a85e5127;eedc7562;d7f393cd;579263a9;20def7f1;44e62608;a3629d06;38a0a331;f2e97842;d099a5a8;ec4e8dbb;3adf50d0;56f82111;e7365c3b;3df04851;3def25f0;4fa29608;31c04042;8528d40f;840c829f;5dc70b94;e997aa74;c5170824;f5ff7079;329e68cc;d7440fd4;ee25afe7;d0674eb9;b46f91b2;0e2c6252;49cfce01;5c453812;9a7f7adf;d6f01b51;29c090d7;41963729;7c45c129;339ddb9d
15,4,230,success,None,24/Jul/2026:12:41:26.691927,24/Jul/2026:12:41:28.421364,1.7294,51,24/Jul/2026:12:41:12.436186;24/Jul/2026:12:41:25.048614;24/Jul/2026:12:41:25.060820;24/Jul/2026:12:41:25.049981;24/Jul/2026:12:41:22.939336;24/Jul/2026:12:41:25.059188;24/Jul/2026:12:41:25.051844;24/Jul/2026:12:41:25.059899;24/Jul/2026:12:41:25.045904;24/Jul/2026:12:41:13.399758;24/Jul/2026:12:41:11.989035;24/Jul/2026:12:41:24.040882;24/Jul/2026:12:41:25.045843;24/Jul/2026:12:41:24.040311;24/Jul/2026:12:41:24.040245;24/Jul/2026:12:41:13.742159;24/Jul/2026:12:41:11.019169;24/Jul/2026:12:41:25.053785;24/Jul/2026:12:41:23.986588;24/Jul/2026:12:41:14.614548;24/Jul/2026:12:41:25.046997;24/Jul/2026:12:41:25.060022;24/Jul/2026:12:41:25.061017;24/Jul/2026:12:41:25.059993;24/Jul/2026:12:41:24.041144;24/Jul/2026:12:41:25.050273;24/Jul/2026:12:41:21.576648;24/Jul/2026:12:41:25.059962;24/Jul/2026:12:41:25.060929;24/Jul/2026:12:41:25.054081;24/Jul/2026:12:41:25.053715;24/Jul/2026:12:41:26.466190;24/Jul/2026:12:41:23.719297;24/Jul/2026:12:41:23.448645;24/Jul/2026:12:41:25.051461;24/Jul/2026:12:41:26.651656;24/Jul/2026:12:41:25.045232;24/Jul/2026:12:41:25.059574;24/Jul/2026:12:41:25.060875;24/Jul/2026:12:41:26.647706;24/Jul/2026:12:41:25.053752;24/Jul/2026:12:41:27.338309;24/Jul/2026:12:41:25.060471;24/Jul/2026:12:41:25.054269;24/Jul/2026:12:41:27.391026;24/Jul/2026:12:41:25.052798;24/Jul/2026:12:41:25.053476;24/Jul/2026:12:41:26.601136;24/Jul/2026:12:41:25.061256;24/Jul/2026:12:41:26.465987;24/Jul/2026:12:41:26.586038,14.2650;1.6756;1.6922;1.7160;3.9716;1.8771;1.8934;1.8947;1.9582;13.6116;15.0631;3.0157;2.0290;3.0365;3.0422;13.3573;16.1205;2.1402;3.2293;12.6071;2.1877;2.1818;2.1853;2.2021;3.2351;2.2376;5.7670;2.3143;2.3967;2.4132;2.4164;1.0074;4.0152;4.2861;2.6866;1.1008;2.7800;2.7736;2.8119;1.2816;2.8852;0.6255;2.9197;3.1773;0.8418;3.1828;3.1985;1.6535;3.2790;1.8866;1.8148,bytes=1755511311-1755633324;bytes=96873784-96964377;bytes=428420649-429342131;bytes=109060685-109160291;bytes=1646991576-1647897672;bytes=328561211-328660518;bytes=133768879-133955355;bytes=376452204-377361581;bytes=19703508-19848010;bytes=1826089896-1826199659;bytes=1647897673-1647994059;bytes=1905177880-1906065185;bytes=18648160-19546917;bytes=1904639434-1904753003;bytes=1904514815-1904639433;bytes=1897571414-1898451897;bytes=1542077527-1543008563;bytes=234844687-234959608;bytes=1849541407-1850459017;bytes=133955356-134855393;bytes=56304529-56371233;bytes=381619790-381723899;bytes=431646798-432525201;bytes=381516912-381619789;bytes=1909010456-1909191568;bytes=110958631-111862687;bytes=1416425565-1416558525;bytes=377713662-377909505;bytes=434331016-434424200;bytes=255137809-256033692;bytes=230973920-231144478;bytes=752921723-753009894;bytes=1768455344-1769358614;bytes=1745182189-1746117439;bytes=128302429-129216602;bytes=888578476-888747606;bytes=14670926-15553834;bytes=329887366-330775036;bytes=430463925-430591837;bytes=859702063-859807910;bytes=234745544-234844686;bytes=1125517831-1126415455;bytes=389466135-389551735;bytes=262764448-262842984;bytes=1156067608-1156165204;bytes=198387230-198481386;bytes=228771174-229689336;bytes=828260587-829140935;bytes=464183330-465071913;bytes=745317825-746221053;bytes=794280908-794388454,d5af8aec;cef88e08;b0203fee;924bf618;2afd3f47;a91a2d9a;daf4790f;91026a59;d42a7b06;48a27f15;ca79de9f;794d61ff;8b240055;a85e5127;eedc7562;d7f393cd;579263a9;20def7f1;44e62608;a3629d06;38a0a331;f2e97842;d099a5a8;ec4e8dbb;3adf50d0;56f82111;e7365c3b;3df04851;3def25f0;4fa29608;31c04042;8528d40f;840c829f;5dc70b94;e997aa74;c5170824;f5ff7079;329e68cc;d7440fd4;ee25afe7;d0674eb9;b46f91b2;0e2c6252;49cfce01;5c453812;9a7f7adf;d6f01b51;29c090d7;41963729;7c45c129;339ddb9d
15,4,245,success,None,24/Jul/2026:12:41:27.096693,24/Jul/2026:12:41:28.531905,1.4352,42,24/Jul/2026:12:41:13.742159;24/Jul/2026:12:41:11.019169;24/Jul/2026:12:41:25.053785;24/Jul/2026:12:41:23.986588;24/Jul/2026:12:41:14.614548;24/Jul/2026:12:41:25.046997;24/Jul/2026:12:41:25.060022;24/Jul/2026:12:41:25.061017;24/Jul/2026:12:41:25.059993;24/Jul/2026:12:41:24.041144;24/Jul/2026:12:41:25.050273;24/Jul/2026:12:41:21.576648;24/Jul/2026:12:41:25.059962;24/Jul/2026:12:41:25.060929;24/Jul/2026:12:41:25.054081;24/Jul/2026:12:41:25.053715;24/Jul/2026:12:41:26.466190;24/Jul/2026:12:41:23.719297;24/Jul/2026:12:41:23.448645;24/Jul/2026:12:41:25.051461;24/Jul/2026:12:41:26.651656;24/Jul/2026:12:41:25.045232;24/Jul/2026:12:41:25.059574;24/Jul/2026:12:41:25.060875;24/Jul/2026:12:41:26.647706;24/Jul/2026:12:41:25.053752;24/Jul/2026:12:41:27.338309;24/Jul/2026:12:41:25.060471;24/Jul/2026:12:41:25.054269;24/Jul/2026:12:41:27.391026;24/Jul/2026:12:41:25.052798;24/Jul/2026:12:41:25.053476;24/Jul/2026:12:41:26.601136;24/Jul/2026:12:41:25.061256;24/Jul/2026:12:41:26.465987;24/Jul/2026:12:41:26.586038;24/Jul/2026:12:41:12.217977;24/Jul/2026:12:41:27.338120;24/Jul/2026:12:41:02.013921;24/Jul/2026:12:41:25.063032;24/Jul/2026:12:41:25.062603;24/Jul/2026:12:41:26.397629,13.3573;16.1205;2.1402;3.2293;12.6071;2.1877;2.1818;2.1853;2.2021;3.2351;2.2376;5.7670;2.3143;2.3967;2.4132;2.4164;1.0074;4.0152;4.2861;2.6866;1.1008;2.7800;2.7736;2.8119;1.2816;2.8852;0.6255;2.9197;3.1773;0.8418;3.1828;3.1985;1.6535;3.2790;1.8866;1.8148;16.2332;1.1418;26.4750;3.4480;3.4489;2.1251,bytes=1897571414-1898451897;bytes=1542077527-1543008563;bytes=234844687-234959608;bytes=1849541407-1850459017;bytes=133955356-134855393;bytes=56304529-56371233;bytes=381619790-381723899;bytes=431646798-432525201;bytes=381516912-381619789;bytes=1909010456-1909191568;bytes=110958631-111862687;bytes=1416425565-1416558525;bytes=377713662-377909505;bytes=434331016-434424200;bytes=255137809-256033692;bytes=230973920-231144478;bytes=752921723-753009894;bytes=1768455344-1769358614;bytes=1745182189-1746117439;bytes=128302429-129216602;bytes=888578476-888747606;bytes=14670926-15553834;bytes=329887366-330775036;bytes=430463925-430591837;bytes=859702063-859807910;bytes=234745544-234844686;bytes=1125517831-1126415455;bytes=389466135-389551735;bytes=262764448-262842984;bytes=1156067608-1156165204;bytes=198387230-198481386;bytes=228771174-229689336;bytes=828260587-829140935;bytes=464183330-465071913;bytes=745317825-746221053;bytes=794280908-794388454;bytes=1689105612-1689195282;bytes=1127316507-1127411819;bytes=112934027-113023753;bytes=676058942-676969141;bytes=668821040-669698553;bytes=695844898-695940693,d7f393cd;579263a9;20def7f1;44e62608;a3629d06;38a0a331;f2e97842;d099a5a8;ec4e8dbb;3adf50d0;56f82111;e7365c3b;3df04851;3def25f0;4fa29608;31c04042;8528d40f;840c829f;5dc70b94;e997aa74;c5170824;f5ff7079;329e68cc;d7440fd4;ee25afe7;d0674eb9;b46f91b2;0e2c6252;49cfce01;5c453812;9a7f7adf;d6f01b51;29c090d7;41963729;7c45c129;339ddb9d;83250634;93537d1b;f6bf790e;e86ee1bf;d3999d44;174ca07a
15,4,235,success,None,24/Jul/2026:12:41:27.090263,24/Jul/2026:12:41:28.669374,1.5791,50,24/Jul/2026:12:41:13.742159;24/Jul/2026:12:41:11.019169;24/Jul/2026:12:41:25.053785;24/Jul/2026:12:41:23.986588;24/Jul/2026:12:41:14.614548;24/Jul/2026:12:41:25.046997;24/Jul/2026:12:41:25.060022;24/Jul/2026:12:41:25.061017;24/Jul/2026:12:41:25.059993;24/Jul/2026:12:41:24.041144;24/Jul/2026:12:41:25.050273;24/Jul/2026:12:41:21.576648;24/Jul/2026:12:41:25.059962;24/Jul/2026:12:41:25.060929;24/Jul/2026:12:41:25.054081;24/Jul/2026:12:41:25.053715;24/Jul/2026:12:41:26.466190;24/Jul/2026:12:41:23.719297;24/Jul/2026:12:41:23.448645;24/Jul/2026:12:41:25.051461;24/Jul/2026:12:41:26.651656;24/Jul/2026:12:41:25.045232;24/Jul/2026:12:41:25.059574;24/Jul/2026:12:41:25.060875;24/Jul/2026:12:41:26.647706;24/Jul/2026:12:41:25.053752;24/Jul/2026:12:41:27.338309;24/Jul/2026:12:41:25.060471;24/Jul/2026:12:41:25.054269;24/Jul/2026:12:41:27.391026;24/Jul/2026:12:41:25.052798;24/Jul/2026:12:41:25.053476;24/Jul/2026:12:41:26.601136;24/Jul/2026:12:41:25.061256;24/Jul/2026:12:41:26.465987;24/Jul/2026:12:41:26.586038;24/Jul/2026:12:41:12.217977;24/Jul/2026:12:41:27.338120;24/Jul/2026:12:41:02.013921;24/Jul/2026:12:41:25.063032;24/Jul/2026:12:41:25.062603;24/Jul/2026:12:41:26.397629;24/Jul/2026:12:41:26.554620;24/Jul/2026:12:41:25.052215;24/Jul/2026:12:41:26.397879;24/Jul/2026:12:41:27.991316;24/Jul/2026:12:41:11.704882;24/Jul/2026:12:41:25.060679;24/Jul/2026:12:41:27.936851;24/Jul/2026:12:41:23.718256,13.3573;16.1205;2.1402;3.2293;12.6071;2.1877;2.1818;2.1853;2.2021;3.2351;2.2376;5.7670;2.3143;2.3967;2.4132;2.4164;1.0074;4.0152;4.2861;2.6866;1.1008;2.7800;2.7736;2.8119;1.2816;2.8852;0.6255;2.9197;3.1773;0.8418;3.1828;3.1985;1.6535;3.2790;1.8866;1.8148;16.2332;1.1418;26.4750;3.4480;3.4489;2.1251;1.9926;3.5164;2.1821;0.5996;16.8919;3.5594;0.7126;4.9464,bytes=1897571414-1898451897;bytes=1542077527-1543008563;bytes=234844687-234959608;bytes=1849541407-1850459017;bytes=133955356-134855393;bytes=56304529-56371233;bytes=381619790-381723899;bytes=431646798-432525201;bytes=381516912-381619789;bytes=1909010456-1909191568;bytes=110958631-111862687;bytes=1416425565-1416558525;bytes=377713662-377909505;bytes=434331016-434424200;bytes=255137809-256033692;bytes=230973920-231144478;bytes=752921723-753009894;bytes=1768455344-1769358614;bytes=1745182189-1746117439;bytes=128302429-129216602;bytes=888578476-888747606;bytes=14670926-15553834;bytes=329887366-330775036;bytes=430463925-430591837;bytes=859702063-859807910;bytes=234745544-234844686;bytes=1125517831-1126415455;bytes=389466135-389551735;bytes=262764448-262842984;bytes=1156067608-1156165204;bytes=198387230-198481386;bytes=228771174-229689336;bytes=828260587-829140935;bytes=464183330-465071913;bytes=745317825-746221053;bytes=794280908-794388454;bytes=1689105612-1689195282;bytes=1127316507-1127411819;bytes=112934027-113023753;bytes=676058942-676969141;bytes=668821040-669698553;bytes=695844898-695940693;bytes=774162234-774270380;bytes=190706827-191620224;bytes=698752901-699639778;bytes=1370873809-1370986062;bytes=1623391614-1623490235;bytes=426473201-426640966;bytes=1284392425-1285284857;bytes=1765336985-1766216718,d7f393cd;579263a9;20def7f1;44e62608;a3629d06;38a0a331;f2e97842;d099a5a8;ec4e8dbb;3adf50d0;56f82111;e7365c3b;3df04851;3def25f0;4fa29608;31c04042;8528d40f;840c829f;5dc70b94;e997aa74;c5170824;f5ff7079;329e68cc;d7440fd4;ee25afe7;d0674eb9;b46f91b2;0e2c6252;49cfce01;5c453812;9a7f7adf;d6f01b51;29c090d7;41963729;7c45c129;339ddb9d;83250634;93537d1b;f6bf790e;e86ee1bf;d3999d44;174ca07a;005bfab3;0e470b98;f5f9b969;47f0b3f6;70d3f575;19e46ac3;bc6fc19f;27858394
15,4,259,success,None,24/Jul/2026:12:41:27.126667,24/Jul/2026:12:41:28.841068,1.7144,56,24/Jul/2026:12:41:11.019169;24/Jul/2026:12:41:25.053785;24/Jul/2026:12:41:23.986588;24/Jul/2026:12:41:14.614548;24/Jul/2026:12:41:25.046997;24/Jul/2026:12:41:25.060022;24/Jul/2026:12:41:25.061017;24/Jul/2026:12:41:25.059993;24/Jul/2026:12:41:24.041144;24/Jul/2026:12:41:25.050273;24/Jul/2026:12:41:21.576648;24/Jul/2026:12:41:25.059962;24/Jul/2026:12:41:25.060929;24/Jul/2026:12:41:25.054081;24/Jul/2026:12:41:25.053715;24/Jul/2026:12:41:26.466190;24/Jul/2026:12:41:23.719297;24/Jul/2026:12:41:23.448645;24/Jul/2026:12:41:25.051461;24/Jul/2026:12:41:26.651656;24/Jul/2026:12:41:25.045232;24/Jul/2026:12:41:25.059574;24/Jul/2026:12:41:25.060875;24/Jul/2026:12:41:26.647706;24/Jul/2026:12:41:25.053752;24/Jul/2026:12:41:27.338309;24/Jul/2026:12:41:25.060471;24/Jul/2026:12:41:25.054269;24/Jul/2026:12:41:27.391026;24/Jul/2026:12:41:25.052798;24/Jul/2026:12:41:25.053476;24/Jul/2026:12:41:26.601136;24/Jul/2026:12:41:25.061256;24/Jul/2026:12:41:26.465987;24/Jul/2026:12:41:26.586038;24/Jul/2026:12:41:12.217977;24/Jul/2026:12:41:27.338120;24/Jul/2026:12:41:02.013921;24/Jul/2026:12:41:25.063032;24/Jul/2026:12:41:25.062603;24/Jul/2026:12:41:26.397629;24/Jul/2026:12:41:26.554620;24/Jul/2026:12:41:25.052215;24/Jul/2026:12:41:26.397879;24/Jul/2026:12:41:27.991316;24/Jul/2026:12:41:11.704882;24/Jul/2026:12:41:25.060679;24/Jul/2026:12:41:27.936851;24/Jul/2026:12:41:23.718256;24/Jul/2026:12:41:12.218370;24/Jul/2026:12:41:27.391123;24/Jul/2026:12:41:25.060766;24/Jul/2026:12:41:27.991053;24/Jul/2026:12:41:28.406554;24/Jul/2026:12:41:13.503099;24/Jul/2026:12:41:26.600635,16.1205;2.1402;3.2293;12.6071;2.1877;2.1818;2.1853;2.2021;3.2351;2.2376;5.7670;2.3143;2.3967;2.4132;2.4164;1.0074;4.0152;4.2861;2.6866;1.1008;2.7800;2.7736;2.8119;1.2816;2.8852;0.6255;2.9197;3.1773;0.8418;3.1828;3.1985;1.6535;3.2790;1.8866;1.8148;16.2332;1.1418;26.4750;3.4480;3.4489;2.1251;1.9926;3.5164;2.1821;0.5996;16.8919;3.5594;0.7126;4.9464;16.4571;1.2914;3.6681;0.8003;0.3998;15.3069;2.2375,bytes=1542077527-1543008563;bytes=234844687-234959608;bytes=1849541407-1850459017;bytes=133955356-134855393;bytes=56304529-56371233;bytes=381619790-381723899;bytes=431646798-432525201;bytes=381516912-381619789;bytes=1909010456-1909191568;bytes=110958631-111862687;bytes=1416425565-1416558525;bytes=377713662-377909505;bytes=434331016-434424200;bytes=255137809-256033692;bytes=230973920-231144478;bytes=752921723-753009894;bytes=1768455344-1769358614;bytes=1745182189-1746117439;bytes=128302429-129216602;bytes=888578476-888747606;bytes=14670926-15553834;bytes=329887366-330775036;bytes=430463925-430591837;bytes=859702063-859807910;bytes=234745544-234844686;bytes=1125517831-1126415455;bytes=389466135-389551735;bytes=262764448-262842984;bytes=1156067608-1156165204;bytes=198387230-198481386;bytes=228771174-229689336;bytes=828260587-829140935;bytes=464183330-465071913;bytes=745317825-746221053;bytes=794280908-794388454;bytes=1689105612-1689195282;bytes=1127316507-1127411819;bytes=112934027-113023753;bytes=676058942-676969141;bytes=668821040-669698553;bytes=695844898-695940693;bytes=774162234-774270380;bytes=190706827-191620224;bytes=698752901-699639778;bytes=1370873809-1370986062;bytes=1623391614-1623490235;bytes=426473201-426640966;bytes=1284392425-1285284857;bytes=1765336985-1766216718;bytes=1687285371-1688210042;bytes=1154122776-1155051557;bytes=426640967-427535995;bytes=1364026105-1364900579;bytes=1471909921-1472818690;bytes=1850676765-1850889748;bytes=824262416-825149655,579263a9;20def7f1;44e62608;a3629d06;38a0a331;f2e97842;d099a5a8;ec4e8dbb;3adf50d0;56f82111;e7365c3b;3df04851;3def25f0;4fa29608;31c04042;8528d40f;840c829f;5dc70b94;e997aa74;c5170824;f5ff7079;329e68cc;d7440fd4;ee25afe7;d0674eb9;b46f91b2;0e2c6252;49cfce01;5c453812;9a7f7adf;d6f01b51;29c090d7;41963729;7c45c129;339ddb9d;83250634;93537d1b;f6bf790e;e86ee1bf;d3999d44;174ca07a;005bfab3;0e470b98;f5f9b969;47f0b3f6;70d3f575;19e46ac3;bc6fc19f;27858394;b055d534;e170e71a;31361196;b1878506;098aa3d5;b1fba0c0;717552ad
15,4,273,success,None,24/Jul/2026:12:41:27.336361,24/Jul/2026:12:41:28.955531,1.6192,51,24/Jul/2026:12:41:21.576648;24/Jul/2026:12:41:25.059962;24/Jul/2026:12:41:25.060929;24/Jul/2026:12:41:25.054081;24/Jul/2026:12:41:25.053715;24/Jul/2026:12:41:26.466190;24/Jul/2026:12:41:23.719297;24/Jul/2026:12:41:23.448645;24/Jul/2026:12:41:25.051461;24/Jul/2026:12:41:26.651656;24/Jul/2026:12:41:25.045232;24/Jul/2026:12:41:25.059574;24/Jul/2026:12:41:25.060875;24/Jul/2026:12:41:26.647706;24/Jul/2026:12:41:25.053752;24/Jul/2026:12:41:27.338309;24/Jul/2026:12:41:25.060471;24/Jul/2026:12:41:25.054269;24/Jul/2026:12:41:27.391026;24/Jul/2026:12:41:25.052798;24/Jul/2026:12:41:25.053476;24/Jul/2026:12:41:26.601136;24/Jul/2026:12:41:25.061256;24/Jul/2026:12:41:26.465987;24/Jul/2026:12:41:26.586038;24/Jul/2026:12:41:12.217977;24/Jul/2026:12:41:27.338120;24/Jul/2026:12:41:02.013921;24/Jul/2026:12:41:25.063032;24/Jul/2026:12:41:25.062603;24/Jul/2026:12:41:26.397629;24/Jul/2026:12:41:26.554620;24/Jul/2026:12:41:25.052215;24/Jul/2026:12:41:26.397879;24/Jul/2026:12:41:27.991316;24/Jul/2026:12:41:11.704882;24/Jul/2026:12:41:25.060679;24/Jul/2026:12:41:27.936851;24/Jul/2026:12:41:23.718256;24/Jul/2026:12:41:12.218370;24/Jul/2026:12:41:27.391123;24/Jul/2026:12:41:25.060766;24/Jul/2026:12:41:27.991053;24/Jul/2026:12:41:28.406554;24/Jul/2026:12:41:13.503099;24/Jul/2026:12:41:26.600635;24/Jul/2026:12:41:26.397305;24/Jul/2026:12:41:25.055681;24/Jul/2026:12:41:25.051975;24/Jul/2026:12:41:25.061703;24/Jul/2026:12:41:25.050332,5.7670;2.3143;2.3967;2.4132;2.4164;1.0074;4.0152;4.2861;2.6866;1.1008;2.7800;2.7736;2.8119;1.2816;2.8852;0.6255;2.9197;3.1773;0.8418;3.1828;3.1985;1.6535;3.2790;1.8866;1.8148;16.2332;1.1418;26.4750;3.4480;3.4489;2.1251;1.9926;3.5164;2.1821;0.5996;16.8919;3.5594;0.7126;4.9464;16.4571;1.2914;3.6681;0.8003;0.3998;15.3069;2.2375;2.4544;3.8099;3.8285;3.8202;3.8547,bytes=1416425565-1416558525;bytes=377713662-377909505;bytes=434331016-434424200;bytes=255137809-256033692;bytes=230973920-231144478;bytes=752921723-753009894;bytes=1768455344-1769358614;bytes=1745182189-1746117439;bytes=128302429-129216602;bytes=888578476-888747606;bytes=14670926-15553834;bytes=329887366-330775036;bytes=430463925-430591837;bytes=859702063-859807910;bytes=234745544-234844686;bytes=1125517831-1126415455;bytes=389466135-389551735;bytes=262764448-262842984;bytes=1156067608-1156165204;bytes=198387230-198481386;bytes=228771174-229689336;bytes=828260587-829140935;bytes=464183330-465071913;bytes=745317825-746221053;bytes=794280908-794388454;bytes=1689105612-1689195282;bytes=1127316507-1127411819;bytes=112934027-113023753;bytes=676058942-676969141;bytes=668821040-669698553;bytes=695844898-695940693;bytes=774162234-774270380;bytes=190706827-191620224;bytes=698752901-699639778;bytes=1370873809-1370986062;bytes=1623391614-1623490235;bytes=426473201-426640966;bytes=1284392425-1285284857;bytes=1765336985-1766216718;bytes=1687285371-1688210042;bytes=1154122776-1155051557;bytes=426640967-427535995;bytes=1364026105-1364900579;bytes=1471909921-1472818690;bytes=1850676765-1850889748;bytes=824262416-825149655;bytes=691855839-691953226;bytes=299798266-299946571;bytes=134855394-135741531;bytes=472580560-473463475;bytes=111862688-112758630,e7365c3b;3df04851;3def25f0;4fa29608;31c04042;8528d40f;840c829f;5dc70b94;e997aa74;c5170824;f5ff7079;329e68cc;d7440fd4;ee25afe7;d0674eb9;b46f91b2;0e2c6252;49cfce01;5c453812;9a7f7adf;d6f01b51;29c090d7;41963729;7c45c129;339ddb9d;83250634;93537d1b;f6bf790e;e86ee1bf;d3999d44;174ca07a;005bfab3;0e470b98;f5f9b969;47f0b3f6;70d3f575;19e46ac3;bc6fc19f;27858394;b055d534;e170e71a;31361196;b1878506;098aa3d5;b1fba0c0;717552ad;3ef8c155;4bd48fd8;110affcb;30efbf25;35d7235d
15,4,281,success,None,24/Jul/2026:12:41:27.390277,24/Jul/2026:12:41:29.133424,1.7431,56,24/Jul/2026:12:41:25.060929;24/Jul/2026:12:41:25.054081;24/Jul/2026:12:41:25.053715;24/Jul/2026:12:41:26.466190;24/Jul/2026:12:41:23.719297;24/Jul/2026:12:41:23.448645;24/Jul/2026:12:41:25.051461;24/Jul/2026:12:41:26.651656;24/Jul/2026:12:41:25.045232;24/Jul/2026:12:41:25.059574;24/Jul/2026:12:41:25.060875;24/Jul/2026:12:41:26.647706;24/Jul/2026:12:41:25.053752;24/Jul/2026:12:41:27.338309;24/Jul/2026:12:41:25.060471;24/Jul/2026:12:41:25.054269;24/Jul/2026:12:41:27.391026;24/Jul/2026:12:41:25.052798;24/Jul/2026:12:41:25.053476;24/Jul/2026:12:41:26.601136;24/Jul/2026:12:41:25.061256;24/Jul/2026:12:41:26.465987;24/Jul/2026:12:41:26.586038;24/Jul/2026:12:41:12.217977;24/Jul/2026:12:41:27.338120;24/Jul/2026:12:41:02.013921;24/Jul/2026:12:41:25.063032;24/Jul/2026:12:41:25.062603;24/Jul/2026:12:41:26.397629;24/Jul/2026:12:41:26.554620;24/Jul/2026:12:41:25.052215;24/Jul/2026:12:41:26.397879;24/Jul/2026:12:41:27.991316;24/Jul/2026:12:41:11.704882;24/Jul/2026:12:41:25.060679;24/Jul/2026:12:41:27.936851;24/Jul/2026:12:41:23.718256;24/Jul/2026:12:41:12.218370;24/Jul/2026:12:41:27.391123;24/Jul/2026:12:41:25.060766;24/Jul/2026:12:41:27.991053;24/Jul/2026:12:41:28.406554;24/Jul/2026:12:41:13.503099;24/Jul/2026:12:41:26.600635;24/Jul/2026:12:41:26.397305;24/Jul/2026:12:41:25.055681;24/Jul/2026:12:41:25.051975;24/Jul/2026:12:41:25.061703;24/Jul/2026:12:41:25.050332;24/Jul/2026:12:41:28.294388;24/Jul/2026:12:41:25.051810;24/Jul/2026:12:41:25.051877;24/Jul/2026:12:41:20.471859;24/Jul/2026:12:41:25.052619;24/Jul/2026:12:41:25.054389;24/Jul/2026:12:41:27.515190,2.3967;2.4132;2.4164;1.0074;4.0152;4.2861;2.6866;1.1008;2.7800;2.7736;2.8119;1.2816;2.8852;0.6255;2.9197;3.1773;0.8418;3.1828;3.1985;1.6535;3.2790;1.8866;1.8148;16.2332;1.1418;26.4750;3.4480;3.4489;2.1251;1.9926;3.5164;2.1821;0.5996;16.8919;3.5594;0.7126;4.9464;16.4571;1.2914;3.6681;0.8003;0.3998;15.3069;2.2375;2.4544;3.8099;3.8285;3.8202;3.8547;0.6747;3.9427;3.9492;8.5432;4.0053;4.0157;1.6167,bytes=434331016-434424200;bytes=255137809-256033692;bytes=230973920-231144478;bytes=752921723-753009894;bytes=1768455344-1769358614;bytes=1745182189-1746117439;bytes=128302429-129216602;bytes=888578476-888747606;bytes=14670926-15553834;bytes=329887366-330775036;bytes=430463925-430591837;bytes=859702063-859807910;bytes=234745544-234844686;bytes=1125517831-1126415455;bytes=389466135-389551735;bytes=262764448-262842984;bytes=1156067608-1156165204;bytes=198387230-198481386;bytes=228771174-229689336;bytes=828260587-829140935;bytes=464183330-465071913;bytes=745317825-746221053;bytes=794280908-794388454;bytes=1689105612-1689195282;bytes=1127316507-1127411819;bytes=112934027-113023753;bytes=676058942-676969141;bytes=668821040-669698553;bytes=695844898-695940693;bytes=774162234-774270380;bytes=190706827-191620224;bytes=698752901-699639778;bytes=1370873809-1370986062;bytes=1623391614-1623490235;bytes=426473201-426640966;bytes=1284392425-1285284857;bytes=1765336985-1766216718;bytes=1687285371-1688210042;bytes=1154122776-1155051557;bytes=426640967-427535995;bytes=1364026105-1364900579;bytes=1471909921-1472818690;bytes=1850676765-1850889748;bytes=824262416-825149655;bytes=691855839-691953226;bytes=299798266-299946571;bytes=134855394-135741531;bytes=472580560-473463475;bytes=111862688-112758630;bytes=1453122934-1453329839;bytes=133596015-133768878;bytes=137561855-137658424;bytes=1179798088-1180699053;bytes=198316801-198387229;bytes=260947117-261864660;bytes=1183952771-1184843815,3def25f0;4fa29608;31c04042;8528d40f;840c829f;5dc70b94;e997aa74;c5170824;f5ff7079;329e68cc;d7440fd4;ee25afe7;d0674eb9;b46f91b2;0e2c6252;49cfce01;5c453812;9a7f7adf;d6f01b51;29c090d7;41963729;7c45c129;339ddb9d;83250634;93537d1b;f6bf790e;e86ee1bf;d3999d44;174ca07a;005bfab3;0e470b98;f5f9b969;47f0b3f6;70d3f575;19e46ac3;bc6fc19f;27858394;b055d534;e170e71a;31361196;b1878506;098aa3d5;b1fba0c0;717552ad;3ef8c155;4bd48fd8;110affcb;30efbf25;35d7235d;b8461963;57cc248a;6dfe2ea5;29eb2b10;8caf2259;3fe09743;4fcc2c3d
15,4,288,success,None,24/Jul/2026:12:41:27.514097,24/Jul/2026:12:41:29.236921,1.7228,54,24/Jul/2026:12:41:23.719297;24/Jul/2026:12:41:23.448645;24/Jul/2026:12:41:25.051461;24/Jul/2026:12:41:26.651656;24/Jul/2026:12:41:25.045232;24/Jul/2026:12:41:25.059574;24/Jul/2026:12:41:25.060875;24/Jul/2026:12:41:26.647706;24/Jul/2026:12:41:25.053752;24/Jul/2026:12:41:27.338309;24/Jul/2026:12:41:25.060471;24/Jul/2026:12:41:25.054269;24/Jul/2026:12:41:27.391026;24/Jul/2026:12:41:25.052798;24/Jul/2026:12:41:25.053476;24/Jul/2026:12:41:26.601136;24/Jul/2026:12:41:25.061256;24/Jul/2026:12:41:26.465987;24/Jul/2026:12:41:26.586038;24/Jul/2026:12:41:12.217977;24/Jul/2026:12:41:27.338120;24/Jul/2026:12:41:02.013921;24/Jul/2026:12:41:25.063032;24/Jul/2026:12:41:25.062603;24/Jul/2026:12:41:26.397629;24/Jul/2026:12:41:26.554620;24/Jul/2026:12:41:25.052215;24/Jul/2026:12:41:26.397879;24/Jul/2026:12:41:27.991316;24/Jul/2026:12:41:11.704882;24/Jul/2026:12:41:25.060679;24/Jul/2026:12:41:27.936851;24/Jul/2026:12:41:23.718256;24/Jul/2026:12:41:12.218370;24/Jul/2026:12:41:27.391123;24/Jul/2026:12:41:25.060766;24/Jul/2026:12:41:27.991053;24/Jul/2026:12:41:28.406554;24/Jul/2026:12:41:13.503099;24/Jul/2026:12:41:26.600635;24/Jul/2026:12:41:26.397305;24/Jul/2026:12:41:25.055681;24/Jul/2026:12:41:25.051975;24/Jul/2026:12:41:25.061703;24/Jul/2026:12:41:25.050332;24/Jul/2026:12:41:28.294388;24/Jul/2026:12:41:25.051810;24/Jul/2026:12:41:25.051877;24/Jul/2026:12:41:20.471859;24/Jul/2026:12:41:25.052619;24/Jul/2026:12:41:25.054389;24/Jul/2026:12:41:27.515190;24/Jul/2026:12:41:26.556153;24/Jul/2026:12:41:27.099068,4.0152;4.2861;2.6866;1.1008;2.7800;2.7736;2.8119;1.2816;2.8852;0.6255;2.9197;3.1773;0.8418;3.1828;3.1985;1.6535;3.2790;1.8866;1.8148;16.2332;1.1418;26.4750;3.4480;3.4489;2.1251;1.9926;3.5164;2.1821;0.5996;16.8919;3.5594;0.7126;4.9464;16.4571;1.2914;3.6681;0.8003;0.3998;15.3069;2.2375;2.4544;3.8099;3.8285;3.8202;3.8547;0.6747;3.9427;3.9492;8.5432;4.0053;4.0157;1.6167;2.6310;2.1272,bytes=1768455344-1769358614;bytes=1745182189-1746117439;bytes=128302429-129216602;bytes=888578476-888747606;bytes=14670926-15553834;bytes=329887366-330775036;bytes=430463925-430591837;bytes=859702063-859807910;bytes=234745544-234844686;bytes=1125517831-1126415455;bytes=389466135-389551735;bytes=262764448-262842984;bytes=1156067608-1156165204;bytes=198387230-198481386;bytes=228771174-229689336;bytes=828260587-829140935;bytes=464183330-465071913;bytes=745317825-746221053;bytes=794280908-794388454;bytes=1689105612-1689195282;bytes=1127316507-1127411819;bytes=112934027-113023753;bytes=676058942-676969141;bytes=668821040-669698553;bytes=695844898-695940693;bytes=774162234-774270380;bytes=190706827-191620224;bytes=698752901-699639778;bytes=1370873809-1370986062;bytes=1623391614-1623490235;bytes=426473201-426640966;bytes=1284392425-1285284857;bytes=1765336985-1766216718;bytes=1687285371-1688210042;bytes=1154122776-1155051557;bytes=426640967-427535995;bytes=1364026105-1364900579;bytes=1471909921-1472818690;bytes=1850676765-1850889748;bytes=824262416-825149655;bytes=691855839-691953226;bytes=299798266-299946571;bytes=134855394-135741531;bytes=472580560-473463475;bytes=111862688-112758630;bytes=1453122934-1453329839;bytes=133596015-133768878;bytes=137561855-137658424;bytes=1179798088-1180699053;bytes=198316801-198387229;bytes=260947117-261864660;bytes=1183952771-1184843815;bytes=782261394-782354766;bytes=1012286159-1012497707,840c829f;5dc70b94;e997aa74;c5170824;f5ff7079;329e68cc;d7440fd4;ee25afe7;d0674eb9;b46f91b2;0e2c6252;49cfce01;5c453812;9a7f7adf;d6f01b51;29c090d7;41963729;7c45c129;339ddb9d;83250634;93537d1b;f6bf790e;e86ee1bf;d3999d44;174ca07a;005bfab3;0e470b98;f5f9b969;47f0b3f6;70d3f575;19e46ac3;bc6fc19f;27858394;b055d534;e170e71a;31361196;b1878506;098aa3d5;b1fba0c0;717552ad;3ef8c155;4bd48fd8;110affcb;30efbf25;35d7235d;b8461963;57cc248a;6dfe2ea5;29eb2b10;8caf2259;3fe09743;4fcc2c3d;4686bd04;2c250a3c
15,4,298,success,None,24/Jul/2026:12:41:27.637295,24/Jul/2026:12:41:29.286757,1.6494,54,24/Jul/2026:12:41:23.719297;24/Jul/2026:12:41:23.448645;24/Jul/2026:12:41:25.051461;24/Jul/2026:12:41:26.651656;24/Jul/2026:12:41:25.045232;24/Jul/2026:12:41:25.059574;24/Jul/2026:12:41:25.060875;24/Jul/2026:12:41:26.647706;24/Jul/2026:12:41:25.053752;24/Jul/2026:12:41:27.338309;24/Jul/2026:12:41:25.060471;24/Jul/2026:12:41:25.054269;24/Jul/2026:12:41:27.391026;24/Jul/2026:12:41:25.052798;24/Jul/2026:12:41:25.053476;24/Jul/2026:12:41:26.601136;24/Jul/2026:12:41:25.061256;24/Jul/2026:12:41:26.465987;24/Jul/2026:12:41:26.586038;24/Jul/2026:12:41:12.217977;24/Jul/2026:12:41:27.338120;24/Jul/2026:12:41:02.013921;24/Jul/2026:12:41:25.063032;24/Jul/2026:12:41:25.062603;24/Jul/2026:12:41:26.397629;24/Jul/2026:12:41:26.554620;24/Jul/2026:12:41:25.052215;24/Jul/2026:12:41:26.397879;24/Jul/2026:12:41:27.991316;24/Jul/2026:12:41:11.704882;24/Jul/2026:12:41:25.060679;24/Jul/2026:12:41:27.936851;24/Jul/2026:12:41:23.718256;24/Jul/2026:12:41:12.218370;24/Jul/2026:12:41:27.391123;24/Jul/2026:12:41:25.060766;24/Jul/2026:12:41:27.991053;24/Jul/2026:12:41:28.406554;24/Jul/2026:12:41:13.503099;24/Jul/2026:12:41:26.600635;24/Jul/2026:12:41:26.397305;24/Jul/2026:12:41:25.055681;24/Jul/2026:12:41:25.051975;24/Jul/2026:12:41:25.061703;24/Jul/2026:12:41:25.050332;24/Jul/2026:12:41:28.294388;24/Jul/2026:12:41:25.051810;24/Jul/2026:12:41:25.051877;24/Jul/2026:12:41:20.471859;24/Jul/2026:12:41:25.052619;24/Jul/2026:12:41:25.054389;24/Jul/2026:12:41:27.515190;24/Jul/2026:12:41:26.556153;24/Jul/2026:12:41:27.099068,4.0152;4.2861;2.6866;1.1008;2.7800;2.7736;2.8119;1.2816;2.8852;0.6255;2.9197;3.1773;0.8418;3.1828;3.1985;1.6535;3.2790;1.8866;1.8148;16.2332;1.1418;26.4750;3.4480;3.4489;2.1251;1.9926;3.5164;2.1821;0.5996;16.8919;3.5594;0.7126;4.9464;16.4571;1.2914;3.6681;0.8003;0.3998;15.3069;2.2375;2.4544;3.8099;3.8285;3.8202;3.8547;0.6747;3.9427;3.9492;8.5432;4.0053;4.0157;1.6167;2.6310;2.1272,bytes=1768455344-1769358614;bytes=1745182189-1746117439;bytes=128302429-129216602;bytes=888578476-888747606;bytes=14670926-15553834;bytes=329887366-330775036;bytes=430463925-430591837;bytes=859702063-859807910;bytes=234745544-234844686;bytes=1125517831-1126415455;bytes=389466135-389551735;bytes=262764448-262842984;bytes=1156067608-1156165204;bytes=198387230-198481386;bytes=228771174-229689336;bytes=828260587-829140935;bytes=464183330-465071913;bytes=745317825-746221053;bytes=794280908-794388454;bytes=1689105612-1689195282;bytes=1127316507-1127411819;bytes=112934027-113023753;bytes=676058942-676969141;bytes=668821040-669698553;bytes=695844898-695940693;bytes=774162234-774270380;bytes=190706827-191620224;bytes=698752901-699639778;bytes=1370873809-1370986062;bytes=1623391614-1623490235;bytes=426473201-426640966;bytes=1284392425-1285284857;bytes=1765336985-1766216718;bytes=1687285371-1688210042;bytes=1154122776-1155051557;bytes=426640967-427535995;bytes=1364026105-1364900579;bytes=1471909921-1472818690;bytes=1850676765-1850889748;bytes=824262416-825149655;bytes=691855839-691953226;bytes=299798266-299946571;bytes=134855394-135741531;bytes=472580560-473463475;bytes=111862688-112758630;bytes=1453122934-1453329839;bytes=133596015-133768878;bytes=137561855-137658424;bytes=1179798088-1180699053;bytes=198316801-198387229;bytes=260947117-261864660;bytes=1183952771-1184843815;bytes=782261394-782354766;bytes=1012286159-1012497707,840c829f;5dc70b94;e997aa74;c5170824;f5ff7079;329e68cc;d7440fd4;ee25afe7;d0674eb9;b46f91b2;0e2c6252;49cfce01;5c453812;9a7f7adf;d6f01b51;29c090d7;41963729;7c45c129;339ddb9d;83250634;93537d1b;f6bf790e;e86ee1bf;d3999d44;174ca07a;005bfab3;0e470b98;f5f9b969;47f0b3f6;70d3f575;19e46ac3;bc6fc19f;27858394;b055d534;e170e71a;31361196;b1878506;098aa3d5;b1fba0c0;717552ad;3ef8c155;4bd48fd8;110affcb;30efbf25;35d7235d;b8461963;57cc248a;6dfe2ea5;29eb2b10;8caf2259;3fe09743;4fcc2c3d;4686bd04;2c250a3c
15,4,307,success,None,24/Jul/2026:12:41:27.789413,24/Jul/2026:12:41:29.378704,1.5893,52,24/Jul/2026:12:41:25.045232;24/Jul/2026:12:41:25.059574;24/Jul/2026:12:41:25.060875;24/Jul/2026:12:41:26.647706;24/Jul/2026:12:41:25.053752;24/Jul/2026:12:41:27.338309;24/Jul/2026:12:41:25.060471;24/Jul/2026:12:41:25.054269;24/Jul/2026:12:41:27.391026;24/Jul/2026:12:41:25.052798;24/Jul/2026:12:41:25.053476;24/Jul/2026:12:41:26.601136;24/Jul/2026:12:41:25.061256;24/Jul/2026:12:41:26.465987;24/Jul/2026:12:41:26.586038;24/Jul/2026:12:41:12.217977;24/Jul/2026:12:41:27.338120;24/Jul/2026:12:41:02.013921;24/Jul/2026:12:41:25.063032;24/Jul/2026:12:41:25.062603;24/Jul/2026:12:41:26.397629;24/Jul/2026:12:41:26.554620;24/Jul/2026:12:41:25.052215;24/Jul/2026:12:41:26.397879;24/Jul/2026:12:41:27.991316;24/Jul/2026:12:41:11.704882;24/Jul/2026:12:41:25.060679;24/Jul/2026:12:41:27.936851;24/Jul/2026:12:41:23.718256;24/Jul/2026:12:41:12.218370;24/Jul/2026:12:41:27.391123;24/Jul/2026:12:41:25.060766;24/Jul/2026:12:41:27.991053;24/Jul/2026:12:41:28.406554;24/Jul/2026:12:41:13.503099;24/Jul/2026:12:41:26.600635;24/Jul/2026:12:41:26.397305;24/Jul/2026:12:41:25.055681;24/Jul/2026:12:41:25.051975;24/Jul/2026:12:41:25.061703;24/Jul/2026:12:41:25.050332;24/Jul/2026:12:41:28.294388;24/Jul/2026:12:41:25.051810;24/Jul/2026:12:41:25.051877;24/Jul/2026:12:41:20.471859;24/Jul/2026:12:41:25.052619;24/Jul/2026:12:41:25.054389;24/Jul/2026:12:41:27.515190;24/Jul/2026:12:41:26.556153;24/Jul/2026:12:41:27.099068;24/Jul/2026:12:41:27.337273;24/Jul/2026:12:41:26.684324,2.7800;2.7736;2.8119;1.2816;2.8852;0.6255;2.9197;3.1773;0.8418;3.1828;3.1985;1.6535;3.2790;1.8866;1.8148;16.2332;1.1418;26.4750;3.4480;3.4489;2.1251;1.9926;3.5164;2.1821;0.5996;16.8919;3.5594;0.7126;4.9464;16.4571;1.2914;3.6681;0.8003;0.3998;15.3069;2.2375;2.4544;3.8099;3.8285;3.8202;3.8547;0.6747;3.9427;3.9492;8.5432;4.0053;4.0157;1.6167;2.6310;2.1272;1.9544;2.6369,bytes=14670926-15553834;bytes=329887366-330775036;bytes=430463925-430591837;bytes=859702063-859807910;bytes=234745544-234844686;bytes=1125517831-1126415455;bytes=389466135-389551735;bytes=262764448-262842984;bytes=1156067608-1156165204;bytes=198387230-198481386;bytes=228771174-229689336;bytes=828260587-829140935;bytes=464183330-465071913;bytes=745317825-746221053;bytes=794280908-794388454;bytes=1689105612-1689195282;bytes=1127316507-1127411819;bytes=112934027-113023753;bytes=676058942-676969141;bytes=668821040-669698553;bytes=695844898-695940693;bytes=774162234-774270380;bytes=190706827-191620224;bytes=698752901-699639778;bytes=1370873809-1370986062;bytes=1623391614-1623490235;bytes=426473201-426640966;bytes=1284392425-1285284857;bytes=1765336985-1766216718;bytes=1687285371-1688210042;bytes=1154122776-1155051557;bytes=426640967-427535995;bytes=1364026105-1364900579;bytes=1471909921-1472818690;bytes=1850676765-1850889748;bytes=824262416-825149655;bytes=691855839-691953226;bytes=299798266-299946571;bytes=134855394-135741531;bytes=472580560-473463475;bytes=111862688-112758630;bytes=1453122934-1453329839;bytes=133596015-133768878;bytes=137561855-137658424;bytes=1179798088-1180699053;bytes=198316801-198387229;bytes=260947117-261864660;bytes=1183952771-1184843815;bytes=782261394-782354766;bytes=1012286159-1012497707;bytes=1115611117-1116508122;bytes=917785464-917957361,f5ff7079;329e68cc;d7440fd4;ee25afe7;d0674eb9;b46f91b2;0e2c6252;49cfce01;5c453812;9a7f7adf;d6f01b51;29c090d7;41963729;7c45c129;339ddb9d;83250634;93537d1b;f6bf790e;e86ee1bf;d3999d44;174ca07a;005bfab3;0e470b98;f5f9b969;47f0b3f6;70d3f575;19e46ac3;bc6fc19f;27858394;b055d534;e170e71a;31361196;b1878506;098aa3d5;b1fba0c0;717552ad;3ef8c155;4bd48fd8;110affcb;30efbf25;35d7235d;b8461963;57cc248a;6dfe2ea5;29eb2b10;8caf2259;3fe09743;4fcc2c3d;4686bd04;2c250a3c;edce2ee9;499c4f56
15,4,312,success,None,24/Jul/2026:12:41:27.935386,24/Jul/2026:12:41:29.476764,1.5414,54,24/Jul/2026:12:41:25.053752;24/Jul/2026:12:41:27.338309;24/Jul/2026:12:41:25.060471;24/Jul/2026:12:41:25.054269;24/Jul/2026:12:41:27.391026;24/Jul/2026:12:41:25.052798;24/Jul/2026:12:41:25.053476;24/Jul/2026:12:41:26.601136;24/Jul/2026:12:41:25.061256;24/Jul/2026:12:41:26.465987;24/Jul/2026:12:41:26.586038;24/Jul/2026:12:41:12.217977;24/Jul/2026:12:41:27.338120;24/Jul/2026:12:41:02.013921;24/Jul/2026:12:41:25.063032;24/Jul/2026:12:41:25.062603;24/Jul/2026:12:41:26.397629;24/Jul/2026:12:41:26.554620;24/Jul/2026:12:41:25.052215;24/Jul/2026:12:41:26.397879;24/Jul/2026:12:41:27.991316;24/Jul/2026:12:41:11.704882;24/Jul/2026:12:41:25.060679;24/Jul/2026:12:41:27.936851;24/Jul/2026:12:41:23.718256;24/Jul/2026:12:41:12.218370;24/Jul/2026:12:41:27.391123;24/Jul/2026:12:41:25.060766;24/Jul/2026:12:41:27.991053;24/Jul/2026:12:41:28.406554;24/Jul/2026:12:41:13.503099;24/Jul/2026:12:41:26.600635;24/Jul/2026:12:41:26.397305;24/Jul/2026:12:41:25.055681;24/Jul/2026:12:41:25.051975;24/Jul/2026:12:41:25.061703;24/Jul/2026:12:41:25.050332;24/Jul/2026:12:41:28.294388;24/Jul/2026:12:41:25.051810;24/Jul/2026:12:41:25.051877;24/Jul/2026:12:41:20.471859;24/Jul/2026:12:41:25.052619;24/Jul/2026:12:41:25.054389;24/Jul/2026:12:41:27.515190;24/Jul/2026:12:41:26.556153;24/Jul/2026:12:41:27.099068;24/Jul/2026:12:41:27.337273;24/Jul/2026:12:41:26.684324;24/Jul/2026:12:41:28.422614;24/Jul/2026:12:41:10.168842;24/Jul/2026:12:41:28.125631;24/Jul/2026:12:41:25.053360;24/Jul/2026:12:41:28.842754;24/Jul/2026:12:41:24.040691,2.8852;0.6255;2.9197;3.1773;0.8418;3.1828;3.1985;1.6535;3.2790;1.8866;1.8148;16.2332;1.1418;26.4750;3.4480;3.4489;2.1251;1.9926;3.5164;2.1821;0.5996;16.8919;3.5594;0.7126;4.9464;16.4571;1.2914;3.6681;0.8003;0.3998;15.3069;2.2375;2.4544;3.8099;3.8285;3.8202;3.8547;0.6747;3.9427;3.9492;8.5432;4.0053;4.0157;1.6167;2.6310;2.1272;1.9544;2.6369;0.9726;19.2327;1.2866;4.3766;0.5906;5.4338,bytes=234745544-234844686;bytes=1125517831-1126415455;bytes=389466135-389551735;bytes=262764448-262842984;bytes=1156067608-1156165204;bytes=198387230-198481386;bytes=228771174-229689336;bytes=828260587-829140935;bytes=464183330-465071913;bytes=745317825-746221053;bytes=794280908-794388454;bytes=1689105612-1689195282;bytes=1127316507-1127411819;bytes=112934027-113023753;bytes=676058942-676969141;bytes=668821040-669698553;bytes=695844898-695940693;bytes=774162234-774270380;bytes=190706827-191620224;bytes=698752901-699639778;bytes=1370873809-1370986062;bytes=1623391614-1623490235;bytes=426473201-426640966;bytes=1284392425-1285284857;bytes=1765336985-1766216718;bytes=1687285371-1688210042;bytes=1154122776-1155051557;bytes=426640967-427535995;bytes=1364026105-1364900579;bytes=1471909921-1472818690;bytes=1850676765-1850889748;bytes=824262416-825149655;bytes=691855839-691953226;bytes=299798266-299946571;bytes=134855394-135741531;bytes=472580560-473463475;bytes=111862688-112758630;bytes=1453122934-1453329839;bytes=133596015-133768878;bytes=137561855-137658424;bytes=1179798088-1180699053;bytes=198316801-198387229;bytes=260947117-261864660;bytes=1183952771-1184843815;bytes=782261394-782354766;bytes=1012286159-1012497707;bytes=1115611117-1116508122;bytes=917785464-917957361;bytes=1514342521-1515253992;bytes=1419253503-1420154834;bytes=1424354691-1424456687;bytes=230599640-230710874;bytes=1631518880-1631706528;bytes=1904972356-1905177879,d0674eb9;b46f91b2;0e2c6252;49cfce01;5c453812;9a7f7adf;d6f01b51;29c090d7;41963729;7c45c129;339ddb9d;83250634;93537d1b;f6bf790e;e86ee1bf;d3999d44;174ca07a;005bfab3;0e470b98;f5f9b969;47f0b3f6;70d3f575;19e46ac3;bc6fc19f;27858394;b055d534;e170e71a;31361196;b1878506;098aa3d5;b1fba0c0;717552ad;3ef8c155;4bd48fd8;110affcb;30efbf25;35d7235d;b8461963;57cc248a;6dfe2ea5;29eb2b10;8caf2259;3fe09743;4fcc2c3d;4686bd04;2c250a3c;edce2ee9;499c4f56;dbd09a59;78f03fd4;593c8f1d;e6047b51;2c190241;2244cad8
15,4,339,success,None,24/Jul/2026:12:41:28.018484,24/Jul/2026:12:41:29.753737,1.7352,60,24/Jul/2026:12:41:25.054269;24/Jul/2026:12:41:27.391026;24/Jul/2026:12:41:25.052798;24/Jul/2026:12:41:25.053476;24/Jul/2026:12:41:26.601136;24/Jul/2026:12:41:25.061256;24/Jul/2026:12:41:26.465987;24/Jul/2026:12:41:26.586038;24/Jul/2026:12:41:12.217977;24/Jul/2026:12:41:27.338120;24/Jul/2026:12:41:02.013921;24/Jul/2026:12:41:25.063032;24/Jul/2026:12:41:25.062603;24/Jul/2026:12:41:26.397629;24/Jul/2026:12:41:26.554620;24/Jul/2026:12:41:25.052215;24/Jul/2026:12:41:26.397879;24/Jul/2026:12:41:27.991316;24/Jul/2026:12:41:11.704882;24/Jul/2026:12:41:25.060679;24/Jul/2026:12:41:27.936851;24/Jul/2026:12:41:23.718256;24/Jul/2026:12:41:12.218370;24/Jul/2026:12:41:27.391123;24/Jul/2026:12:41:25.060766;24/Jul/2026:12:41:27.991053;24/Jul/2026:12:41:28.406554;24/Jul/2026:12:41:13.503099;24/Jul/2026:12:41:26.600635;24/Jul/2026:12:41:26.397305;24/Jul/2026:12:41:25.055681;24/Jul/2026:12:41:25.051975;24/Jul/2026:12:41:25.061703;24/Jul/2026:12:41:25.050332;24/Jul/2026:12:41:28.294388;24/Jul/2026:12:41:25.051810;24/Jul/2026:12:41:25.051877;24/Jul/2026:12:41:20.471859;24/Jul/2026:12:41:25.052619;24/Jul/2026:12:41:25.054389;24/Jul/2026:12:41:27.515190;24/Jul/2026:12:41:26.556153;24/Jul/2026:12:41:27.099068;24/Jul/2026:12:41:27.337273;24/Jul/2026:12:41:26.684324;24/Jul/2026:12:41:28.422614;24/Jul/2026:12:41:10.168842;24/Jul/2026:12:41:28.125631;24/Jul/2026:12:41:25.053360;24/Jul/2026:12:41:28.842754;24/Jul/2026:12:41:24.040691;24/Jul/2026:12:41:29.238086;24/Jul/2026:12:41:27.937022;24/Jul/2026:12:41:29.239074;24/Jul/2026:12:41:28.533137;24/Jul/2026:12:41:26.651415;24/Jul/2026:12:41:25.061224;24/Jul/2026:12:41:29.135151;24/Jul/2026:12:41:12.436508;24/Jul/2026:12:41:27.097911,3.1773;0.8418;3.1828;3.1985;1.6535;3.2790;1.8866;1.8148;16.2332;1.1418;26.4750;3.4480;3.4489;2.1251;1.9926;3.5164;2.1821;0.5996;16.8919;3.5594;0.7126;4.9464;16.4571;1.2914;3.6681;0.8003;0.3998;15.3069;2.2375;2.4544;3.8099;3.8285;3.8202;3.8547;0.6747;3.9427;3.9492;8.5432;4.0053;4.0157;1.6167;2.6310;2.1272;1.9544;2.6369;0.9726;19.2327;1.2866;4.3766;0.5906;5.4338;0.3544;1.6686;0.3999;1.1078;2.9964;4.5975;0.5721;17.2730;2.6341,bytes=262764448-262842984;bytes=1156067608-1156165204;bytes=198387230-198481386;bytes=228771174-229689336;bytes=828260587-829140935;bytes=464183330-465071913;bytes=745317825-746221053;bytes=794280908-794388454;bytes=1689105612-1689195282;bytes=1127316507-1127411819;bytes=112934027-113023753;bytes=676058942-676969141;bytes=668821040-669698553;bytes=695844898-695940693;bytes=774162234-774270380;bytes=190706827-191620224;bytes=698752901-699639778;bytes=1370873809-1370986062;bytes=1623391614-1623490235;bytes=426473201-426640966;bytes=1284392425-1285284857;bytes=1765336985-1766216718;bytes=1687285371-1688210042;bytes=1154122776-1155051557;bytes=426640967-427535995;bytes=1364026105-1364900579;bytes=1471909921-1472818690;bytes=1850676765-1850889748;bytes=824262416-825149655;bytes=691855839-691953226;bytes=299798266-299946571;bytes=134855394-135741531;bytes=472580560-473463475;bytes=111862688-112758630;bytes=1453122934-1453329839;bytes=133596015-133768878;bytes=137561855-137658424;bytes=1179798088-1180699053;bytes=198316801-198387229;bytes=260947117-261864660;bytes=1183952771-1184843815;bytes=782261394-782354766;bytes=1012286159-1012497707;bytes=1115611117-1116508122;bytes=917785464-917957361;bytes=1514342521-1515253992;bytes=1419253503-1420154834;bytes=1424354691-1424456687;bytes=230599640-230710874;bytes=1631518880-1631706528;bytes=1904972356-1905177879;bytes=1718915264-1719814526;bytes=1286175266-1287078885;bytes=1734825344-1734910513;bytes=1543997921-1544084197;bytes=884601011-884707906;bytes=463302669-464183329;bytes=1689195283-1689288063;bytes=1754602557-1755511310;bytes=1000692090-1001583116,49cfce01;5c453812;9a7f7adf;d6f01b51;29c090d7;41963729;7c45c129;339ddb9d;83250634;93537d1b;f6bf790e;e86ee1bf;d3999d44;174ca07a;005bfab3;0e470b98;f5f9b969;47f0b3f6;70d3f575;19e46ac3;bc6fc19f;27858394;b055d534;e170e71a;31361196;b1878506;098aa3d5;b1fba0c0;717552ad;3ef8c155;4bd48fd8;110affcb;30efbf25;35d7235d;b8461963;57cc248a;6dfe2ea5;29eb2b10;8caf2259;3fe09743;4fcc2c3d;4686bd04;2c250a3c;edce2ee9;499c4f56;dbd09a59;78f03fd4;593c8f1d;e6047b51;2c190241;2244cad8;9c623ec5;27438e3f;a70e85e9;2f7885fd;43823a07;7d622f25;94aa3e15;dbfa88d7;d157e0a7
15,4,359,success,None,24/Jul/2026:12:41:28.405748,24/Jul/2026:12:41:29.922793,1.5170,65,24/Jul/2026:12:41:12.217977;24/Jul/2026:12:41:27.338120;24/Jul/2026:12:41:02.013921;24/Jul/2026:12:41:25.063032;24/Jul/2026:12:41:25.062603;24/Jul/2026:12:41:26.397629;24/Jul/2026:12:41:26.554620;24/Jul/2026:12:41:25.052215;24/Jul/2026:12:41:26.397879;24/Jul/2026:12:41:27.991316;24/Jul/2026:12:41:11.704882;24/Jul/2026:12:41:25.060679;24/Jul/2026:12:41:27.936851;24/Jul/2026:12:41:23.718256;24/Jul/2026:12:41:12.218370;24/Jul/2026:12:41:27.391123;24/Jul/2026:12:41:25.060766;24/Jul/2026:12:41:27.991053;24/Jul/2026:12:41:28.406554;24/Jul/2026:12:41:13.503099;24/Jul/2026:12:41:26.600635;24/Jul/2026:12:41:26.397305;24/Jul/2026:12:41:25.055681;24/Jul/2026:12:41:25.051975;24/Jul/2026:12:41:25.061703;24/Jul/2026:12:41:25.050332;24/Jul/2026:12:41:28.294388;24/Jul/2026:12:41:25.051810;24/Jul/2026:12:41:25.051877;24/Jul/2026:12:41:20.471859;24/Jul/2026:12:41:25.052619;24/Jul/2026:12:41:25.054389;24/Jul/2026:12:41:27.515190;24/Jul/2026:12:41:26.556153;24/Jul/2026:12:41:27.099068;24/Jul/2026:12:41:27.337273;24/Jul/2026:12:41:26.684324;24/Jul/2026:12:41:28.422614;24/Jul/2026:12:41:10.168842;24/Jul/2026:12:41:28.125631;24/Jul/2026:12:41:25.053360;24/Jul/2026:12:41:28.842754;24/Jul/2026:12:41:24.040691;24/Jul/2026:12:41:29.238086;24/Jul/2026:12:41:27.937022;24/Jul/2026:12:41:29.239074;24/Jul/2026:12:41:28.533137;24/Jul/2026:12:41:26.651415;24/Jul/2026:12:41:25.061224;24/Jul/2026:12:41:29.135151;24/Jul/2026:12:41:12.436508;24/Jul/2026:12:41:27.097911;24/Jul/2026:12:41:25.053984;24/Jul/2026:12:41:25.062719;24/Jul/2026:12:41:26.397670;24/Jul/2026:12:41:26.556113;24/Jul/2026:12:41:25.050800;24/Jul/2026:12:41:29.379722;24/Jul/2026:12:41:26.553571;24/Jul/2026:12:41:21.577429;24/Jul/2026:12:41:20.197596;24/Jul/2026:12:41:27.514973;24/Jul/2026:12:41:28.532777;24/Jul/2026:12:41:25.048665;24/Jul/2026:12:41:28.842686,16.2332;1.1418;26.4750;3.4480;3.4489;2.1251;1.9926;3.5164;2.1821;0.5996;16.8919;3.5594;0.7126;4.9464;16.4571;1.2914;3.6681;0.8003;0.3998;15.3069;2.2375;2.4544;3.8099;3.8285;3.8202;3.8547;0.6747;3.9427;3.9492;8.5432;4.0053;4.0157;1.6167;2.6310;2.1272;1.9544;2.6369;0.9726;19.2327;1.2866;4.3766;0.5906;5.4338;0.3544;1.6686;0.3999;1.1078;2.9964;4.5975;0.5721;17.2730;2.6341;4.7043;4.7306;3.3975;3.2498;4.7711;0.4599;3.2939;8.2821;9.6656;2.3570;1.3715;4.8575;1.0791,bytes=1689105612-1689195282;bytes=1127316507-1127411819;bytes=112934027-113023753;bytes=676058942-676969141;bytes=668821040-669698553;bytes=695844898-695940693;bytes=774162234-774270380;bytes=190706827-191620224;bytes=698752901-699639778;bytes=1370873809-1370986062;bytes=1623391614-1623490235;bytes=426473201-426640966;bytes=1284392425-1285284857;bytes=1765336985-1766216718;bytes=1687285371-1688210042;bytes=1154122776-1155051557;bytes=426640967-427535995;bytes=1364026105-1364900579;bytes=1471909921-1472818690;bytes=1850676765-1850889748;bytes=824262416-825149655;bytes=691855839-691953226;bytes=299798266-299946571;bytes=134855394-135741531;bytes=472580560-473463475;bytes=111862688-112758630;bytes=1453122934-1453329839;bytes=133596015-133768878;bytes=137561855-137658424;bytes=1179798088-1180699053;bytes=198316801-198387229;bytes=260947117-261864660;bytes=1183952771-1184843815;bytes=782261394-782354766;bytes=1012286159-1012497707;bytes=1115611117-1116508122;bytes=917785464-917957361;bytes=1514342521-1515253992;bytes=1419253503-1420154834;bytes=1424354691-1424456687;bytes=230599640-230710874;bytes=1631518880-1631706528;bytes=1904972356-1905177879;bytes=1718915264-1719814526;bytes=1286175266-1287078885;bytes=1734825344-1734910513;bytes=1543997921-1544084197;bytes=884601011-884707906;bytes=463302669-464183329;bytes=1689195283-1689288063;bytes=1754602557-1755511310;bytes=1000692090-1001583116;bytes=235056924-235160816;bytes=671887942-672069898;bytes=695940694-696035108;bytes=782160081-782261393;bytes=115845253-116739248;bytes=1768255795-1768351293;bytes=770351812-771247302;bytes=1421456988-1422337868;bytes=1148106083-1149008867;bytes=1181175098-1181274319;bytes=1536141401-1536262502;bytes=93177729-94089058;bytes=1627592323-1627709244,83250634;93537d1b;f6bf790e;e86ee1bf;d3999d44;174ca07a;005bfab3;0e470b98;f5f9b969;47f0b3f6;70d3f575;19e46ac3;bc6fc19f;27858394;b055d534;e170e71a;31361196;b1878506;098aa3d5;b1fba0c0;717552ad;3ef8c155;4bd48fd8;110affcb;30efbf25;35d7235d;b8461963;57cc248a;6dfe2ea5;29eb2b10;8caf2259;3fe09743;4fcc2c3d;4686bd04;2c250a3c;edce2ee9;499c4f56;dbd09a59;78f03fd4;593c8f1d;e6047b51;2c190241;2244cad8;9c623ec5;27438e3f;a70e85e9;2f7885fd;43823a07;7d622f25;94aa3e15;dbfa88d7;d157e0a7;fedf5f6e;cb2e7fe5;7bf7a479;e21b158b;170228b6;3ceb4e27;550330fa;82324f98;7cc6caa7;26b64d72;ff007ef0;75e39812;8e0bbead
15,4,353,success,None,24/Jul/2026:12:41:28.293557,24/Jul/2026:12:41:29.967744,1.6742,72,24/Jul/2026:12:41:25.061256;24/Jul/2026:12:41:26.465987;24/Jul/2026:12:41:26.586038;24/Jul/2026:12:41:12.217977;24/Jul/2026:12:41:27.338120;24/Jul/2026:12:41:02.013921;24/Jul/2026:12:41:25.063032;24/Jul/2026:12:41:25.062603;24/Jul/2026:12:41:26.397629;24/Jul/2026:12:41:26.554620;24/Jul/2026:12:41:25.052215;24/Jul/2026:12:41:26.397879;24/Jul/2026:12:41:27.991316;24/Jul/2026:12:41:11.704882;24/Jul/2026:12:41:25.060679;24/Jul/2026:12:41:27.936851;24/Jul/2026:12:41:23.718256;24/Jul/2026:12:41:12.218370;24/Jul/2026:12:41:27.391123;24/Jul/2026:12:41:25.060766;24/Jul/2026:12:41:27.991053;24/Jul/2026:12:41:28.406554;24/Jul/2026:12:41:13.503099;24/Jul/2026:12:41:26.600635;24/Jul/2026:12:41:26.397305;24/Jul/2026:12:41:25.055681;24/Jul/2026:12:41:25.051975;24/Jul/2026:12:41:25.061703;24/Jul/2026:12:41:25.050332;24/Jul/2026:12:41:28.294388;24/Jul/2026:12:41:25.051810;24/Jul/2026:12:41:25.051877;24/Jul/2026:12:41:20.471859;24/Jul/2026:12:41:25.052619;24/Jul/2026:12:41:25.054389;24/Jul/2026:12:41:27.515190;24/Jul/2026:12:41:26.556153;24/Jul/2026:12:41:27.099068;24/Jul/2026:12:41:27.337273;24/Jul/2026:12:41:26.684324;24/Jul/2026:12:41:28.422614;24/Jul/2026:12:41:10.168842;24/Jul/2026:12:41:28.125631;24/Jul/2026:12:41:25.053360;24/Jul/2026:12:41:28.842754;24/Jul/2026:12:41:24.040691;24/Jul/2026:12:41:29.238086;24/Jul/2026:12:41:27.937022;24/Jul/2026:12:41:29.239074;24/Jul/2026:12:41:28.533137;24/Jul/2026:12:41:26.651415;24/Jul/2026:12:41:25.061224;24/Jul/2026:12:41:29.135151;24/Jul/2026:12:41:12.436508;24/Jul/2026:12:41:27.097911;24/Jul/2026:12:41:25.053984;24/Jul/2026:12:41:25.062719;24/Jul/2026:12:41:26.397670;24/Jul/2026:12:41:26.556113;24/Jul/2026:12:41:25.050800;24/Jul/2026:12:41:29.379722;24/Jul/2026:12:41:26.553571;24/Jul/2026:12:41:21.577429;24/Jul/2026:12:41:20.197596;24/Jul/2026:12:41:27.514973;24/Jul/2026:12:41:28.532777;24/Jul/2026:12:41:25.048665;24/Jul/2026:12:41:28.842686;24/Jul/2026:12:41:25.060533;24/Jul/2026:12:41:27.936534;24/Jul/2026:12:41:23.318565;24/Jul/2026:12:41:27.790730,3.2790;1.8866;1.8148;16.2332;1.1418;26.4750;3.4480;3.4489;2.1251;1.9926;3.5164;2.1821;0.5996;16.8919;3.5594;0.7126;4.9464;16.4571;1.2914;3.6681;0.8003;0.3998;15.3069;2.2375;2.4544;3.8099;3.8285;3.8202;3.8547;0.6747;3.9427;3.9492;8.5432;4.0053;4.0157;1.6167;2.6310;2.1272;1.9544;2.6369;0.9726;19.2327;1.2866;4.3766;0.5906;5.4338;0.3544;1.6686;0.3999;1.1078;2.9964;4.5975;0.5721;17.2730;2.6341;4.7043;4.7306;3.3975;3.2498;4.7711;0.4599;3.2939;8.2821;9.6656;2.3570;1.3715;4.8575;1.0791;4.8641;1.9974;6.6181;2.1627,bytes=464183330-465071913;bytes=745317825-746221053;bytes=794280908-794388454;bytes=1689105612-1689195282;bytes=1127316507-1127411819;bytes=112934027-113023753;bytes=676058942-676969141;bytes=668821040-669698553;bytes=695844898-695940693;bytes=774162234-774270380;bytes=190706827-191620224;bytes=698752901-699639778;bytes=1370873809-1370986062;bytes=1623391614-1623490235;bytes=426473201-426640966;bytes=1284392425-1285284857;bytes=1765336985-1766216718;bytes=1687285371-1688210042;bytes=1154122776-1155051557;bytes=426640967-427535995;bytes=1364026105-1364900579;bytes=1471909921-1472818690;bytes=1850676765-1850889748;bytes=824262416-825149655;bytes=691855839-691953226;bytes=299798266-299946571;bytes=134855394-135741531;bytes=472580560-473463475;bytes=111862688-112758630;bytes=1453122934-1453329839;bytes=133596015-133768878;bytes=137561855-137658424;bytes=1179798088-1180699053;bytes=198316801-198387229;bytes=260947117-261864660;bytes=1183952771-1184843815;bytes=782261394-782354766;bytes=1012286159-1012497707;bytes=1115611117-1116508122;bytes=917785464-917957361;bytes=1514342521-1515253992;bytes=1419253503-1420154834;bytes=1424354691-1424456687;bytes=230599640-230710874;bytes=1631518880-1631706528;bytes=1904972356-1905177879;bytes=1718915264-1719814526;bytes=1286175266-1287078885;bytes=1734825344-1734910513;bytes=1543997921-1544084197;bytes=884601011-884707906;bytes=463302669-464183329;bytes=1689195283-1689288063;bytes=1754602557-1755511310;bytes=1000692090-1001583116;bytes=235056924-235160816;bytes=671887942-672069898;bytes=695940694-696035108;bytes=782160081-782261393;bytes=115845253-116739248;bytes=1768255795-1768351293;bytes=770351812-771247302;bytes=1421456988-1422337868;bytes=1148106083-1149008867;bytes=1181175098-1181274319;bytes=1536141401-1536262502;bytes=93177729-94089058;bytes=1627592323-1627709244;bytes=422482564-423371884;bytes=1281237338-1282119680;bytes=1731011213-1731129848;bytes=1268026567-1268180234,41963729;7c45c129;339ddb9d;83250634;93537d1b;f6bf790e;e86ee1bf;d3999d44;174ca07a;005bfab3;0e470b98;f5f9b969;47f0b3f6;70d3f575;19e46ac3;bc6fc19f;27858394;b055d534;e170e71a;31361196;b1878506;098aa3d5;b1fba0c0;717552ad;3ef8c155;4bd48fd8;110affcb;30efbf25;35d7235d;b8461963;57cc248a;6dfe2ea5;29eb2b10;8caf2259;3fe09743;4fcc2c3d;4686bd04;2c250a3c;edce2ee9;499c4f56;dbd09a59;78f03fd4;593c8f1d;e6047b51;2c190241;2244cad8;9c623ec5;27438e3f;a70e85e9;2f7885fd;43823a07;7d622f25;94aa3e15;dbfa88d7;d157e0a7;fedf5f6e;cb2e7fe5;7bf7a479;e21b158b;170228b6;3ceb4e27;550330fa;82324f98;7cc6caa7;26b64d72;ff007ef0;75e39812;8e0bbead;092e8340;97797253;ec1b9a91;1fa52ee0
15,4,332,success,None,24/Jul/2026:12:41:27.989924,24/Jul/2026:12:41:29.973845,1.9839,78,24/Jul/2026:12:41:25.054269;24/Jul/2026:12:41:27.391026;24/Jul/2026:12:41:25.052798;24/Jul/2026:12:41:25.053476;24/Jul/2026:12:41:26.601136;24/Jul/2026:12:41:25.061256;24/Jul/2026:12:41:26.465987;24/Jul/2026:12:41:26.586038;24/Jul/2026:12:41:12.217977;24/Jul/2026:12:41:27.338120;24/Jul/2026:12:41:02.013921;24/Jul/2026:12:41:25.063032;24/Jul/2026:12:41:25.062603;24/Jul/2026:12:41:26.397629;24/Jul/2026:12:41:26.554620;24/Jul/2026:12:41:25.052215;24/Jul/2026:12:41:26.397879;24/Jul/2026:12:41:27.991316;24/Jul/2026:12:41:11.704882;24/Jul/2026:12:41:25.060679;24/Jul/2026:12:41:27.936851;24/Jul/2026:12:41:23.718256;24/Jul/2026:12:41:12.218370;24/Jul/2026:12:41:27.391123;24/Jul/2026:12:41:25.060766;24/Jul/2026:12:41:27.991053;24/Jul/2026:12:41:28.406554;24/Jul/2026:12:41:13.503099;24/Jul/2026:12:41:26.600635;24/Jul/2026:12:41:26.397305;24/Jul/2026:12:41:25.055681;24/Jul/2026:12:41:25.051975;24/Jul/2026:12:41:25.061703;24/Jul/2026:12:41:25.050332;24/Jul/2026:12:41:28.294388;24/Jul/2026:12:41:25.051810;24/Jul/2026:12:41:25.051877;24/Jul/2026:12:41:20.471859;24/Jul/2026:12:41:25.052619;24/Jul/2026:12:41:25.054389;24/Jul/2026:12:41:27.515190;24/Jul/2026:12:41:26.556153;24/Jul/2026:12:41:27.099068;24/Jul/2026:12:41:27.337273;24/Jul/2026:12:41:26.684324;24/Jul/2026:12:41:28.422614;24/Jul/2026:12:41:10.168842;24/Jul/2026:12:41:28.125631;24/Jul/2026:12:41:25.053360;24/Jul/2026:12:41:28.842754;24/Jul/2026:12:41:24.040691;24/Jul/2026:12:41:29.238086;24/Jul/2026:12:41:27.937022;24/Jul/2026:12:41:29.239074;24/Jul/2026:12:41:28.533137;24/Jul/2026:12:41:26.651415;24/Jul/2026:12:41:25.061224;24/Jul/2026:12:41:29.135151;24/Jul/2026:12:41:12.436508;24/Jul/2026:12:41:27.097911;24/Jul/2026:12:41:25.053984;24/Jul/2026:12:41:25.062719;24/Jul/2026:12:41:26.397670;24/Jul/2026:12:41:26.556113;24/Jul/2026:12:41:25.050800;24/Jul/2026:12:41:29.379722;24/Jul/2026:12:41:26.553571;24/Jul/2026:12:41:21.577429;24/Jul/2026:12:41:20.197596;24/Jul/2026:12:41:27.514973;24/Jul/2026:12:41:28.532777;24/Jul/2026:12:41:25.048665;24/Jul/2026:12:41:28.842686;24/Jul/2026:12:41:25.060533;24/Jul/2026:12:41:27.936534;24/Jul/2026:12:41:23.318565;24/Jul/2026:12:41:27.790730;24/Jul/2026:12:41:25.054050,3.1773;0.8418;3.1828;3.1985;1.6535;3.2790;1.8866;1.8148;16.2332;1.1418;26.4750;3.4480;3.4489;2.1251;1.9926;3.5164;2.1821;0.5996;16.8919;3.5594;0.7126;4.9464;16.4571;1.2914;3.6681;0.8003;0.3998;15.3069;2.2375;2.4544;3.8099;3.8285;3.8202;3.8547;0.6747;3.9427;3.9492;8.5432;4.0053;4.0157;1.6167;2.6310;2.1272;1.9544;2.6369;0.9726;19.2327;1.2866;4.3766;0.5906;5.4338;0.3544;1.6686;0.3999;1.1078;2.9964;4.5975;0.5721;17.2730;2.6341;4.7043;4.7306;3.3975;3.2498;4.7711;0.4599;3.2939;8.2821;9.6656;2.3570;1.3715;4.8575;1.0791;4.8641;1.9974;6.6181;2.1627;4.9166,bytes=262764448-262842984;bytes=1156067608-1156165204;bytes=198387230-198481386;bytes=228771174-229689336;bytes=828260587-829140935;bytes=464183330-465071913;bytes=745317825-746221053;bytes=794280908-794388454;bytes=1689105612-1689195282;bytes=1127316507-1127411819;bytes=112934027-113023753;bytes=676058942-676969141;bytes=668821040-669698553;bytes=695844898-695940693;bytes=774162234-774270380;bytes=190706827-191620224;bytes=698752901-699639778;bytes=1370873809-1370986062;bytes=1623391614-1623490235;bytes=426473201-426640966;bytes=1284392425-1285284857;bytes=1765336985-1766216718;bytes=1687285371-1688210042;bytes=1154122776-1155051557;bytes=426640967-427535995;bytes=1364026105-1364900579;bytes=1471909921-1472818690;bytes=1850676765-1850889748;bytes=824262416-825149655;bytes=691855839-691953226;bytes=299798266-299946571;bytes=134855394-135741531;bytes=472580560-473463475;bytes=111862688-112758630;bytes=1453122934-1453329839;bytes=133596015-133768878;bytes=137561855-137658424;bytes=1179798088-1180699053;bytes=198316801-198387229;bytes=260947117-261864660;bytes=1183952771-1184843815;bytes=782261394-782354766;bytes=1012286159-1012497707;bytes=1115611117-1116508122;bytes=917785464-917957361;bytes=1514342521-1515253992;bytes=1419253503-1420154834;bytes=1424354691-1424456687;bytes=230599640-230710874;bytes=1631518880-1631706528;bytes=1904972356-1905177879;bytes=1718915264-1719814526;bytes=1286175266-1287078885;bytes=1734825344-1734910513;bytes=1543997921-1544084197;bytes=884601011-884707906;bytes=463302669-464183329;bytes=1689195283-1689288063;bytes=1754602557-1755511310;bytes=1000692090-1001583116;bytes=235056924-235160816;bytes=671887942-672069898;bytes=695940694-696035108;bytes=782160081-782261393;bytes=115845253-116739248;bytes=1768255795-1768351293;bytes=770351812-771247302;bytes=1421456988-1422337868;bytes=1148106083-1149008867;bytes=1181175098-1181274319;bytes=1536141401-1536262502;bytes=93177729-94089058;bytes=1627592323-1627709244;bytes=422482564-423371884;bytes=1281237338-1282119680;bytes=1731011213-1731129848;bytes=1268026567-1268180234;bytes=238849892-238943532,49cfce01;5c453812;9a7f7adf;d6f01b51;29c090d7;41963729;7c45c129;339ddb9d;83250634;93537d1b;f6bf790e;e86ee1bf;d3999d44;174ca07a;005bfab3;0e470b98;f5f9b969;47f0b3f6;70d3f575;19e46ac3;bc6fc19f;27858394;b055d534;e170e71a;31361196;b1878506;098aa3d5;b1fba0c0;717552ad;3ef8c155;4bd48fd8;110affcb;30efbf25;35d7235d;b8461963;57cc248a;6dfe2ea5;29eb2b10;8caf2259;3fe09743;4fcc2c3d;4686bd04;2c250a3c;edce2ee9;499c4f56;dbd09a59;78f03fd4;593c8f1d;e6047b51;2c190241;2244cad8;9c623ec5;27438e3f;a70e85e9;2f7885fd;43823a07;7d622f25;94aa3e15;dbfa88d7;d157e0a7;fedf5f6e;cb2e7fe5;7bf7a479;e21b158b;170228b6;3ceb4e27;550330fa;82324f98;7cc6caa7;26b64d72;ff007ef0;75e39812;8e0bbead;092e8340;97797253;ec1b9a91;1fa52ee0;46f491f1
15,4,345,failed,"429, message='Too Many Requests', url='https://esgf.ceda.ac.uk/thredds/fileServer/esg_cmip6/CMIP6/AerChemMIP/MOHC/UKESM1-0-LL/ssp370SST-lowNTCF/r1i1p1f2/Amon/cl/gn/latest/cl_Amon_UKESM1-0-LL_ssp370SST-lowNTCF_r1i1p1f2_gn_205001-209912.nc'",24/Jul/2026:12:41:28.124297,24/Jul/2026:12:41:30.010939,1.8866,80,24/Jul/2026:12:41:25.054269;24/Jul/2026:12:41:27.391026;24/Jul/2026:12:41:25.052798;24/Jul/2026:12:41:25.053476;24/Jul/2026:12:41:26.601136;24/Jul/2026:12:41:25.061256;24/Jul/2026:12:41:26.465987;24/Jul/2026:12:41:26.586038;24/Jul/2026:12:41:12.217977;24/Jul/2026:12:41:27.338120;24/Jul/2026:12:41:02.013921;24/Jul/2026:12:41:25.063032;24/Jul/2026:12:41:25.062603;24/Jul/2026:12:41:26.397629;24/Jul/2026:12:41:26.554620;24/Jul/2026:12:41:25.052215;24/Jul/2026:12:41:26.397879;24/Jul/2026:12:41:27.991316;24/Jul/2026:12:41:11.704882;24/Jul/2026:12:41:25.060679;24/Jul/2026:12:41:27.936851;24/Jul/2026:12:41:23.718256;24/Jul/2026:12:41:12.218370;24/Jul/2026:12:41:27.391123;24/Jul/2026:12:41:25.060766;24/Jul/2026:12:41:27.991053;24/Jul/2026:12:41:28.406554;24/Jul/2026:12:41:13.503099;24/Jul/2026:12:41:26.600635;24/Jul/2026:12:41:26.397305;24/Jul/2026:12:41:25.055681;24/Jul/2026:12:41:25.051975;24/Jul/2026:12:41:25.061703;24/Jul/2026:12:41:25.050332;24/Jul/2026:12:41:28.294388;24/Jul/2026:12:41:25.051810;24/Jul/2026:12:41:25.051877;24/Jul/2026:12:41:20.471859;24/Jul/2026:12:41:25.052619;24/Jul/2026:12:41:25.054389;24/Jul/2026:12:41:27.515190;24/Jul/2026:12:41:26.556153;24/Jul/2026:12:41:27.099068;24/Jul/2026:12:41:27.337273;24/Jul/2026:12:41:26.684324;24/Jul/2026:12:41:28.422614;24/Jul/2026:12:41:10.168842;24/Jul/2026:12:41:28.125631;24/Jul/2026:12:41:25.053360;24/Jul/2026:12:41:28.842754;24/Jul/2026:12:41:24.040691;24/Jul/2026:12:41:29.238086;24/Jul/2026:12:41:27.937022;24/Jul/2026:12:41:29.239074;24/Jul/2026:12:41:28.533137;24/Jul/2026:12:41:26.651415;24/Jul/2026:12:41:25.061224;24/Jul/2026:12:41:29.135151;24/Jul/2026:12:41:12.436508;24/Jul/2026:12:41:27.097911;24/Jul/2026:12:41:25.053984;24/Jul/2026:12:41:25.062719;24/Jul/2026:12:41:26.397670;24/Jul/2026:12:41:26.556113;24/Jul/2026:12:41:25.050800;24/Jul/2026:12:41:29.379722;24/Jul/2026:12:41:26.553571;24/Jul/2026:12:41:21.577429;24/Jul/2026:12:41:20.197596;24/Jul/2026:12:41:27.514973;24/Jul/2026:12:41:28.532777;24/Jul/2026:12:41:25.048665;24/Jul/2026:12:41:28.842686;24/Jul/2026:12:41:25.060533;24/Jul/2026:12:41:27.936534;24/Jul/2026:12:41:23.318565;24/Jul/2026:12:41:27.790730;24/Jul/2026:12:41:25.054050;24/Jul/2026:12:41:22.939614;24/Jul/2026:12:41:21.684548,3.1773;0.8418;3.1828;3.1985;1.6535;3.2790;1.8866;1.8148;16.2332;1.1418;26.4750;3.4480;3.4489;2.1251;1.9926;3.5164;2.1821;0.5996;16.8919;3.5594;0.7126;4.9464;16.4571;1.2914;3.6681;0.8003;0.3998;15.3069;2.2375;2.4544;3.8099;3.8285;3.8202;3.8547;0.6747;3.9427;3.9492;8.5432;4.0053;4.0157;1.6167;2.6310;2.1272;1.9544;2.6369;0.9726;19.2327;1.2866;4.3766;0.5906;5.4338;0.3544;1.6686;0.3999;1.1078;2.9964;4.5975;0.5721;17.2730;2.6341;4.7043;4.7306;3.3975;3.2498;4.7711;0.4599;3.2939;8.2821;9.6656;2.3570;1.3715;4.8575;1.0791;4.8641;1.9974;6.6181;2.1627;4.9166;7.0392;8.3044,bytes=262764448-262842984;bytes=1156067608-1156165204;bytes=198387230-198481386;bytes=228771174-229689336;bytes=828260587-829140935;bytes=464183330-465071913;bytes=745317825-746221053;bytes=794280908-794388454;bytes=1689105612-1689195282;bytes=1127316507-1127411819;bytes=112934027-113023753;bytes=676058942-676969141;bytes=668821040-669698553;bytes=695844898-695940693;bytes=774162234-774270380;bytes=190706827-191620224;bytes=698752901-699639778;bytes=1370873809-1370986062;bytes=1623391614-1623490235;bytes=426473201-426640966;bytes=1284392425-1285284857;bytes=1765336985-1766216718;bytes=1687285371-1688210042;bytes=1154122776-1155051557;bytes=426640967-427535995;bytes=1364026105-1364900579;bytes=1471909921-1472818690;bytes=1850676765-1850889748;bytes=824262416-825149655;bytes=691855839-691953226;bytes=299798266-299946571;bytes=134855394-135741531;bytes=472580560-473463475;bytes=111862688-112758630;bytes=1453122934-1453329839;bytes=133596015-133768878;bytes=137561855-137658424;bytes=1179798088-1180699053;bytes=198316801-198387229;bytes=260947117-261864660;bytes=1183952771-1184843815;bytes=782261394-782354766;bytes=1012286159-1012497707;bytes=1115611117-1116508122;bytes=917785464-917957361;bytes=1514342521-1515253992;bytes=1419253503-1420154834;bytes=1424354691-1424456687;bytes=230599640-230710874;bytes=1631518880-1631706528;bytes=1904972356-1905177879;bytes=1718915264-1719814526;bytes=1286175266-1287078885;bytes=1734825344-1734910513;bytes=1543997921-1544084197;bytes=884601011-884707906;bytes=463302669-464183329;bytes=1689195283-1689288063;bytes=1754602557-1755511310;bytes=1000692090-1001583116;bytes=235056924-235160816;bytes=671887942-672069898;bytes=695940694-696035108;bytes=782160081-782261393;bytes=115845253-116739248;bytes=1768255795-1768351293;bytes=770351812-771247302;bytes=1421456988-1422337868;bytes=1148106083-1149008867;bytes=1181175098-1181274319;bytes=1536141401-1536262502;bytes=93177729-94089058;bytes=1627592323-1627709244;bytes=422482564-423371884;bytes=1281237338-1282119680;bytes=1731011213-1731129848;bytes=1268026567-1268180234;bytes=238849892-238943532;bytes=1652157320-1652269896;bytes=1452005270-1452920191,49cfce01;5c453812;9a7f7adf;d6f01b51;29c090d7;41963729;7c45c129;339ddb9d;83250634;93537d1b;f6bf790e;e86ee1bf;d3999d44;174ca07a;005bfab3;0e470b98;f5f9b969;47f0b3f6;70d3f575;19e46ac3;bc6fc19f;27858394;b055d534;e170e71a;31361196;b1878506;098aa3d5;b1fba0c0;717552ad;3ef8c155;4bd48fd8;110affcb;30efbf25;35d7235d;b8461963;57cc248a;6dfe2ea5;29eb2b10;8caf2259;3fe09743;4fcc2c3d;4686bd04;2c250a3c;edce2ee9;499c4f56;dbd09a59;78f03fd4;593c8f1d;e6047b51;2c190241;2244cad8;9c623ec5;27438e3f;a70e85e9;2f7885fd;43823a07;7d622f25;94aa3e15;dbfa88d7;d157e0a7;fedf5f6e;cb2e7fe5;7bf7a479;e21b158b;170228b6;3ceb4e27;550330fa;82324f98;7cc6caa7;26b64d72;ff007ef0;75e39812;8e0bbead;092e8340;97797253;ec1b9a91;1fa52ee0;46f491f1;25a84887;859c7f81
15,4,368,success,None,24/Jul/2026:12:41:28.421613,24/Jul/2026:12:41:30.196124,1.7745,84,24/Jul/2026:12:41:12.217977;24/Jul/2026:12:41:27.338120;24/Jul/2026:12:41:02.013921;24/Jul/2026:12:41:25.063032;24/Jul/2026:12:41:25.062603;24/Jul/2026:12:41:26.397629;24/Jul/2026:12:41:26.554620;24/Jul/2026:12:41:25.052215;24/Jul/2026:12:41:26.397879;24/Jul/2026:12:41:27.991316;24/Jul/2026:12:41:11.704882;24/Jul/2026:12:41:25.060679;24/Jul/2026:12:41:27.936851;24/Jul/2026:12:41:23.718256;24/Jul/2026:12:41:12.218370;24/Jul/2026:12:41:27.391123;24/Jul/2026:12:41:25.060766;24/Jul/2026:12:41:27.991053;24/Jul/2026:12:41:28.406554;24/Jul/2026:12:41:13.503099;24/Jul/2026:12:41:26.600635;24/Jul/2026:12:41:26.397305;24/Jul/2026:12:41:25.055681;24/Jul/2026:12:41:25.051975;24/Jul/2026:12:41:25.061703;24/Jul/2026:12:41:25.050332;24/Jul/2026:12:41:28.294388;24/Jul/2026:12:41:25.051810;24/Jul/2026:12:41:25.051877;24/Jul/2026:12:41:20.471859;24/Jul/2026:12:41:25.052619;24/Jul/2026:12:41:25.054389;24/Jul/2026:12:41:27.515190;24/Jul/2026:12:41:26.556153;24/Jul/2026:12:41:27.099068;24/Jul/2026:12:41:27.337273;24/Jul/2026:12:41:26.684324;24/Jul/2026:12:41:28.422614;24/Jul/2026:12:41:10.168842;24/Jul/2026:12:41:28.125631;24/Jul/2026:12:41:25.053360;24/Jul/2026:12:41:28.842754;24/Jul/2026:12:41:24.040691;24/Jul/2026:12:41:29.238086;24/Jul/2026:12:41:27.937022;24/Jul/2026:12:41:29.239074;24/Jul/2026:12:41:28.533137;24/Jul/2026:12:41:26.651415;24/Jul/2026:12:41:25.061224;24/Jul/2026:12:41:29.135151;24/Jul/2026:12:41:12.436508;24/Jul/2026:12:41:27.097911;24/Jul/2026:12:41:25.053984;24/Jul/2026:12:41:25.062719;24/Jul/2026:12:41:26.397670;24/Jul/2026:12:41:26.556113;24/Jul/2026:12:41:25.050800;24/Jul/2026:12:41:29.379722;24/Jul/2026:12:41:26.553571;24/Jul/2026:12:41:21.577429;24/Jul/2026:12:41:20.197596;24/Jul/2026:12:41:27.514973;24/Jul/2026:12:41:28.532777;24/Jul/2026:12:41:25.048665;24/Jul/2026:12:41:28.842686;24/Jul/2026:12:41:25.060533;24/Jul/2026:12:41:27.936534;24/Jul/2026:12:41:23.318565;24/Jul/2026:12:41:27.790730;24/Jul/2026:12:41:25.054050;24/Jul/2026:12:41:22.939614;24/Jul/2026:12:41:21.684548;24/Jul/2026:12:41:27.091915;24/Jul/2026:12:41:23.318381;24/Jul/2026:12:41:29.754696;24/Jul/2026:12:41:27.937167;24/Jul/2026:12:41:27.638678;24/Jul/2026:12:41:29.287937;24/Jul/2026:12:41:25.047488;24/Jul/2026:12:41:27.937073;24/Jul/2026:12:41:27.515405;24/Jul/2026:12:41:28.956524;24/Jul/2026:12:41:06.803992;24/Jul/2026:12:41:14.609940,16.2332;1.1418;26.4750;3.4480;3.4489;2.1251;1.9926;3.5164;2.1821;0.5996;16.8919;3.5594;0.7126;4.9464;16.4571;1.2914;3.6681;0.8003;0.3998;15.3069;2.2375;2.4544;3.8099;3.8285;3.8202;3.8547;0.6747;3.9427;3.9492;8.5432;4.0053;4.0157;1.6167;2.6310;2.1272;1.9544;2.6369;0.9726;19.2327;1.2866;4.3766;0.5906;5.4338;0.3544;1.6686;0.3999;1.1078;2.9964;4.5975;0.5721;17.2730;2.6341;4.7043;4.7306;3.3975;3.2498;4.7711;0.4599;3.2939;8.2821;9.6656;2.3570;1.3715;4.8575;1.0791;4.8641;1.9974;6.6181;2.1627;4.9166;7.0392;8.3044;2.9240;6.7048;0.2753;2.0940;2.4223;0.8100;5.1010;2.2116;2.6362;1.2105;23.3698;15.5827,bytes=1689105612-1689195282;bytes=1127316507-1127411819;bytes=112934027-113023753;bytes=676058942-676969141;bytes=668821040-669698553;bytes=695844898-695940693;bytes=774162234-774270380;bytes=190706827-191620224;bytes=698752901-699639778;bytes=1370873809-1370986062;bytes=1623391614-1623490235;bytes=426473201-426640966;bytes=1284392425-1285284857;bytes=1765336985-1766216718;bytes=1687285371-1688210042;bytes=1154122776-1155051557;bytes=426640967-427535995;bytes=1364026105-1364900579;bytes=1471909921-1472818690;bytes=1850676765-1850889748;bytes=824262416-825149655;bytes=691855839-691953226;bytes=299798266-299946571;bytes=134855394-135741531;bytes=472580560-473463475;bytes=111862688-112758630;bytes=1453122934-1453329839;bytes=133596015-133768878;bytes=137561855-137658424;bytes=1179798088-1180699053;bytes=198316801-198387229;bytes=260947117-261864660;bytes=1183952771-1184843815;bytes=782261394-782354766;bytes=1012286159-1012497707;bytes=1115611117-1116508122;bytes=917785464-917957361;bytes=1514342521-1515253992;bytes=1419253503-1420154834;bytes=1424354691-1424456687;bytes=230599640-230710874;bytes=1631518880-1631706528;bytes=1904972356-1905177879;bytes=1718915264-1719814526;bytes=1286175266-1287078885;bytes=1734825344-1734910513;bytes=1543997921-1544084197;bytes=884601011-884707906;bytes=463302669-464183329;bytes=1689195283-1689288063;bytes=1754602557-1755511310;bytes=1000692090-1001583116;bytes=235056924-235160816;bytes=671887942-672069898;bytes=695940694-696035108;bytes=782160081-782261393;bytes=115845253-116739248;bytes=1768255795-1768351293;bytes=770351812-771247302;bytes=1421456988-1422337868;bytes=1148106083-1149008867;bytes=1181175098-1181274319;bytes=1536141401-1536262502;bytes=93177729-94089058;bytes=1627592323-1627709244;bytes=422482564-423371884;bytes=1281237338-1282119680;bytes=1731011213-1731129848;bytes=1268026567-1268180234;bytes=238849892-238943532;bytes=1652157320-1652269896;bytes=1452005270-1452920191;bytes=966664809-966780862;bytes=1728806131-1729710489;bytes=1850676765-1850889748;bytes=1288385154-1288499519;bytes=1234447122-1234621463;bytes=1750373392-1751288029;bytes=56468680-56567129;bytes=1287078886-1287968373;bytes=1186289767-1187185378;bytes=1647897673-1647994059;bytes=884601011-884707906;bytes=60118164-60193157,83250634;93537d1b;f6bf790e;e86ee1bf;d3999d44;174ca07a;005bfab3;0e470b98;f5f9b969;47f0b3f6;70d3f575;19e46ac3;bc6fc19f;27858394;b055d534;e170e71a;31361196;b1878506;098aa3d5;b1fba0c0;717552ad;3ef8c155;4bd48fd8;110affcb;30efbf25;35d7235d;b8461963;57cc248a;6dfe2ea5;29eb2b10;8caf2259;3fe09743;4fcc2c3d;4686bd04;2c250a3c;edce2ee9;499c4f56;dbd09a59;78f03fd4;593c8f1d;e6047b51;2c190241;2244cad8;9c623ec5;27438e3f;a70e85e9;2f7885fd;43823a07;7d622f25;94aa3e15;dbfa88d7;d157e0a7;fedf5f6e;cb2e7fe5;7bf7a479;e21b158b;170228b6;3ceb4e27;550330fa;82324f98;7cc6caa7;26b64d72;ff007ef0;75e39812;8e0bbead;092e8340;97797253;ec1b9a91;1fa52ee0;46f491f1;25a84887;859c7f81;2c228d31;968a6569;6210f014;93fb5ec0;e6539a8f;edf21865;eef3afc8;9358f36f;06e5b9e2;ced960a7;f254b746;c746e67c
15,4,374,success,None,24/Jul/2026:12:41:28.532132,24/Jul/2026:12:41:30.357934,1.8258,78,24/Jul/2026:12:41:26.554620;24/Jul/2026:12:41:25.052215;24/Jul/2026:12:41:26.397879;24/Jul/2026:12:41:27.991316;24/Jul/2026:12:41:11.704882;24/Jul/2026:12:41:25.060679;24/Jul/2026:12:41:27.936851;24/Jul/2026:12:41:23.718256;24/Jul/2026:12:41:12.218370;24/Jul/2026:12:41:27.391123;24/Jul/2026:12:41:25.060766;24/Jul/2026:12:41:27.991053;24/Jul/2026:12:41:28.406554;24/Jul/2026:12:41:13.503099;24/Jul/2026:12:41:26.600635;24/Jul/2026:12:41:26.397305;24/Jul/2026:12:41:25.055681;24/Jul/2026:12:41:25.051975;24/Jul/2026:12:41:25.061703;24/Jul/2026:12:41:25.050332;24/Jul/2026:12:41:28.294388;24/Jul/2026:12:41:25.051810;24/Jul/2026:12:41:25.051877;24/Jul/2026:12:41:20.471859;24/Jul/2026:12:41:25.052619;24/Jul/2026:12:41:25.054389;24/Jul/2026:12:41:27.515190;24/Jul/2026:12:41:26.556153;24/Jul/2026:12:41:27.099068;24/Jul/2026:12:41:27.337273;24/Jul/2026:12:41:26.684324;24/Jul/2026:12:41:28.422614;24/Jul/2026:12:41:10.168842;24/Jul/2026:12:41:28.125631;24/Jul/2026:12:41:25.053360;24/Jul/2026:12:41:28.842754;24/Jul/2026:12:41:24.040691;24/Jul/2026:12:41:29.238086;24/Jul/2026:12:41:27.937022;24/Jul/2026:12:41:29.239074;24/Jul/2026:12:41:28.533137;24/Jul/2026:12:41:26.651415;24/Jul/2026:12:41:25.061224;24/Jul/2026:12:41:29.135151;24/Jul/2026:12:41:12.436508;24/Jul/2026:12:41:27.097911;24/Jul/2026:12:41:25.053984;24/Jul/2026:12:41:25.062719;24/Jul/2026:12:41:26.397670;24/Jul/2026:12:41:26.556113;24/Jul/2026:12:41:25.050800;24/Jul/2026:12:41:29.379722;24/Jul/2026:12:41:26.553571;24/Jul/2026:12:41:21.577429;24/Jul/2026:12:41:20.197596;24/Jul/2026:12:41:27.514973;24/Jul/2026:12:41:28.532777;24/Jul/2026:12:41:25.048665;24/Jul/2026:12:41:28.842686;24/Jul/2026:12:41:25.060533;24/Jul/2026:12:41:27.936534;24/Jul/2026:12:41:23.318565;24/Jul/2026:12:41:27.790730;24/Jul/2026:12:41:25.054050;24/Jul/2026:12:41:22.939614;24/Jul/2026:12:41:21.684548;24/Jul/2026:12:41:27.091915;24/Jul/2026:12:41:23.318381;24/Jul/2026:12:41:29.754696;24/Jul/2026:12:41:27.937167;24/Jul/2026:12:41:27.638678;24/Jul/2026:12:41:29.287937;24/Jul/2026:12:41:25.047488;24/Jul/2026:12:41:27.937073;24/Jul/2026:12:41:27.515405;24/Jul/2026:12:41:28.956524;24/Jul/2026:12:41:06.803992;24/Jul/2026:12:41:14.609940,1.9926;3.5164;2.1821;0.5996;16.8919;3.5594;0.7126;4.9464;16.4571;1.2914;3.6681;0.8003;0.3998;15.3069;2.2375;2.4544;3.8099;3.8285;3.8202;3.8547;0.6747;3.9427;3.9492;8.5432;4.0053;4.0157;1.6167;2.6310;2.1272;1.9544;2.6369;0.9726;19.2327;1.2866;4.3766;0.5906;5.4338;0.3544;1.6686;0.3999;1.1078;2.9964;4.5975;0.5721;17.2730;2.6341;4.7043;4.7306;3.3975;3.2498;4.7711;0.4599;3.2939;8.2821;9.6656;2.3570;1.3715;4.8575;1.0791;4.8641;1.9974;6.6181;2.1627;4.9166;7.0392;8.3044;2.9240;6.7048;0.2753;2.0940;2.4223;0.8100;5.1010;2.2116;2.6362;1.2105;23.3698;15.5827,bytes=774162234-774270380;bytes=190706827-191620224;bytes=698752901-699639778;bytes=1370873809-1370986062;bytes=1623391614-1623490235;bytes=426473201-426640966;bytes=1284392425-1285284857;bytes=1765336985-1766216718;bytes=1687285371-1688210042;bytes=1154122776-1155051557;bytes=426640967-427535995;bytes=1364026105-1364900579;bytes=1471909921-1472818690;bytes=1850676765-1850889748;bytes=824262416-825149655;bytes=691855839-691953226;bytes=299798266-299946571;bytes=134855394-135741531;bytes=472580560-473463475;bytes=111862688-112758630;bytes=1453122934-1453329839;bytes=133596015-133768878;bytes=137561855-137658424;bytes=1179798088-1180699053;bytes=198316801-198387229;bytes=260947117-261864660;bytes=1183952771-1184843815;bytes=782261394-782354766;bytes=1012286159-1012497707;bytes=1115611117-1116508122;bytes=917785464-917957361;bytes=1514342521-1515253992;bytes=1419253503-1420154834;bytes=1424354691-1424456687;bytes=230599640-230710874;bytes=1631518880-1631706528;bytes=1904972356-1905177879;bytes=1718915264-1719814526;bytes=1286175266-1287078885;bytes=1734825344-1734910513;bytes=1543997921-1544084197;bytes=884601011-884707906;bytes=463302669-464183329;bytes=1689195283-1689288063;bytes=1754602557-1755511310;bytes=1000692090-1001583116;bytes=235056924-235160816;bytes=671887942-672069898;bytes=695940694-696035108;bytes=782160081-782261393;bytes=115845253-116739248;bytes=1768255795-1768351293;bytes=770351812-771247302;bytes=1421456988-1422337868;bytes=1148106083-1149008867;bytes=1181175098-1181274319;bytes=1536141401-1536262502;bytes=93177729-94089058;bytes=1627592323-1627709244;bytes=422482564-423371884;bytes=1281237338-1282119680;bytes=1731011213-1731129848;bytes=1268026567-1268180234;bytes=238849892-238943532;bytes=1652157320-1652269896;bytes=1452005270-1452920191;bytes=966664809-966780862;bytes=1728806131-1729710489;bytes=1850676765-1850889748;bytes=1288385154-1288499519;bytes=1234447122-1234621463;bytes=1750373392-1751288029;bytes=56468680-56567129;bytes=1287078886-1287968373;bytes=1186289767-1187185378;bytes=1647897673-1647994059;bytes=884601011-884707906;bytes=60118164-60193157,005bfab3;0e470b98;f5f9b969;47f0b3f6;70d3f575;19e46ac3;bc6fc19f;27858394;b055d534;e170e71a;31361196;b1878506;098aa3d5;b1fba0c0;717552ad;3ef8c155;4bd48fd8;110affcb;30efbf25;35d7235d;b8461963;57cc248a;6dfe2ea5;29eb2b10;8caf2259;3fe09743;4fcc2c3d;4686bd04;2c250a3c;edce2ee9;499c4f56;dbd09a59;78f03fd4;593c8f1d;e6047b51;2c190241;2244cad8;9c623ec5;27438e3f;a70e85e9;2f7885fd;43823a07;7d622f25;94aa3e15;dbfa88d7;d157e0a7;fedf5f6e;cb2e7fe5;7bf7a479;e21b158b;170228b6;3ceb4e27;550330fa;82324f98;7cc6caa7;26b64d72;ff007ef0;75e39812;8e0bbead;092e8340;97797253;ec1b9a91;1fa52ee0;46f491f1;25a84887;859c7f81;2c228d31;968a6569;6210f014;93fb5ec0;e6539a8f;edf21865;eef3afc8;9358f36f;06e5b9e2;ced960a7;f254b746;c746e67c
15,4,383,success,None,24/Jul/2026:12:41:28.669606,24/Jul/2026:12:41:30.417952,1.7483,70,24/Jul/2026:12:41:12.218370;24/Jul/2026:12:41:27.391123;24/Jul/2026:12:41:25.060766;24/Jul/2026:12:41:27.991053;24/Jul/2026:12:41:28.406554;24/Jul/2026:12:41:13.503099;24/Jul/2026:12:41:26.600635;24/Jul/2026:12:41:26.397305;24/Jul/2026:12:41:25.055681;24/Jul/2026:12:41:25.051975;24/Jul/2026:12:41:25.061703;24/Jul/2026:12:41:25.050332;24/Jul/2026:12:41:28.294388;24/Jul/2026:12:41:25.051810;24/Jul/2026:12:41:25.051877;24/Jul/2026:12:41:20.471859;24/Jul/2026:12:41:25.052619;24/Jul/2026:12:41:25.054389;24/Jul/2026:12:41:27.515190;24/Jul/2026:12:41:26.556153;24/Jul/2026:12:41:27.099068;24/Jul/2026:12:41:27.337273;24/Jul/2026:12:41:26.684324;24/Jul/2026:12:41:28.422614;24/Jul/2026:12:41:10.168842;24/Jul/2026:12:41:28.125631;24/Jul/2026:12:41:25.053360;24/Jul/2026:12:41:28.842754;24/Jul/2026:12:41:24.040691;24/Jul/2026:12:41:29.238086;24/Jul/2026:12:41:27.937022;24/Jul/2026:12:41:29.239074;24/Jul/2026:12:41:28.533137;24/Jul/2026:12:41:26.651415;24/Jul/2026:12:41:25.061224;24/Jul/2026:12:41:29.135151;24/Jul/2026:12:41:12.436508;24/Jul/2026:12:41:27.097911;24/Jul/2026:12:41:25.053984;24/Jul/2026:12:41:25.062719;24/Jul/2026:12:41:26.397670;24/Jul/2026:12:41:26.556113;24/Jul/2026:12:41:25.050800;24/Jul/2026:12:41:29.379722;24/Jul/2026:12:41:26.553571;24/Jul/2026:12:41:21.577429;24/Jul/2026:12:41:20.197596;24/Jul/2026:12:41:27.514973;24/Jul/2026:12:41:28.532777;24/Jul/2026:12:41:25.048665;24/Jul/2026:12:41:28.842686;24/Jul/2026:12:41:25.060533;24/Jul/2026:12:41:27.936534;24/Jul/2026:12:41:23.318565;24/Jul/2026:12:41:27.790730;24/Jul/2026:12:41:25.054050;24/Jul/2026:12:41:22.939614;24/Jul/2026:12:41:21.684548;24/Jul/2026:12:41:27.091915;24/Jul/2026:12:41:23.318381;24/Jul/2026:12:41:29.754696;24/Jul/2026:12:41:27.937167;24/Jul/2026:12:41:27.638678;24/Jul/2026:12:41:29.287937;24/Jul/2026:12:41:25.047488;24/Jul/2026:12:41:27.937073;24/Jul/2026:12:41:27.515405;24/Jul/2026:12:41:28.956524;24/Jul/2026:12:41:06.803992;24/Jul/2026:12:41:14.609940,16.4571;1.2914;3.6681;0.8003;0.3998;15.3069;2.2375;2.4544;3.8099;3.8285;3.8202;3.8547;0.6747;3.9427;3.9492;8.5432;4.0053;4.0157;1.6167;2.6310;2.1272;1.9544;2.6369;0.9726;19.2327;1.2866;4.3766;0.5906;5.4338;0.3544;1.6686;0.3999;1.1078;2.9964;4.5975;0.5721;17.2730;2.6341;4.7043;4.7306;3.3975;3.2498;4.7711;0.4599;3.2939;8.2821;9.6656;2.3570;1.3715;4.8575;1.0791;4.8641;1.9974;6.6181;2.1627;4.9166;7.0392;8.3044;2.9240;6.7048;0.2753;2.0940;2.4223;0.8100;5.1010;2.2116;2.6362;1.2105;23.3698;15.5827,bytes=1687285371-1688210042;bytes=1154122776-1155051557;bytes=426640967-427535995;bytes=1364026105-1364900579;bytes=1471909921-1472818690;bytes=1850676765-1850889748;bytes=824262416-825149655;bytes=691855839-691953226;bytes=299798266-299946571;bytes=134855394-135741531;bytes=472580560-473463475;bytes=111862688-112758630;bytes=1453122934-1453329839;bytes=133596015-133768878;bytes=137561855-137658424;bytes=1179798088-1180699053;bytes=198316801-198387229;bytes=260947117-261864660;bytes=1183952771-1184843815;bytes=782261394-782354766;bytes=1012286159-1012497707;bytes=1115611117-1116508122;bytes=917785464-917957361;bytes=1514342521-1515253992;bytes=1419253503-1420154834;bytes=1424354691-1424456687;bytes=230599640-230710874;bytes=1631518880-1631706528;bytes=1904972356-1905177879;bytes=1718915264-1719814526;bytes=1286175266-1287078885;bytes=1734825344-1734910513;bytes=1543997921-1544084197;bytes=884601011-884707906;bytes=463302669-464183329;bytes=1689195283-1689288063;bytes=1754602557-1755511310;bytes=1000692090-1001583116;bytes=235056924-235160816;bytes=671887942-672069898;bytes=695940694-696035108;bytes=782160081-782261393;bytes=115845253-116739248;bytes=1768255795-1768351293;bytes=770351812-771247302;bytes=1421456988-1422337868;bytes=1148106083-1149008867;bytes=1181175098-1181274319;bytes=1536141401-1536262502;bytes=93177729-94089058;bytes=1627592323-1627709244;bytes=422482564-423371884;bytes=1281237338-1282119680;bytes=1731011213-1731129848;bytes=1268026567-1268180234;bytes=238849892-238943532;bytes=1652157320-1652269896;bytes=1452005270-1452920191;bytes=966664809-966780862;bytes=1728806131-1729710489;bytes=1850676765-1850889748;bytes=1288385154-1288499519;bytes=1234447122-1234621463;bytes=1750373392-1751288029;bytes=56468680-56567129;bytes=1287078886-1287968373;bytes=1186289767-1187185378;bytes=1647897673-1647994059;bytes=884601011-884707906;bytes=60118164-60193157,b055d534;e170e71a;31361196;b1878506;098aa3d5;b1fba0c0;717552ad;3ef8c155;4bd48fd8;110affcb;30efbf25;35d7235d;b8461963;57cc248a;6dfe2ea5;29eb2b10;8caf2259;3fe09743;4fcc2c3d;4686bd04;2c250a3c;edce2ee9;499c4f56;dbd09a59;78f03fd4;593c8f1d;e6047b51;2c190241;2244cad8;9c623ec5;27438e3f;a70e85e9;2f7885fd;43823a07;7d622f25;94aa3e15;dbfa88d7;d157e0a7;fedf5f6e;cb2e7fe5;7bf7a479;e21b158b;170228b6;3ceb4e27;550330fa;82324f98;7cc6caa7;26b64d72;ff007ef0;75e39812;8e0bbead;092e8340;97797253;ec1b9a91;1fa52ee0;46f491f1;25a84887;859c7f81;2c228d31;968a6569;6210f014;93fb5ec0;e6539a8f;edf21865;eef3afc8;9358f36f;06e5b9e2;ced960a7;f254b746;c746e67c
15,4,400,success,None,24/Jul/2026:12:41:28.955777,24/Jul/2026:12:41:30.444869,1.4891,58,24/Jul/2026:12:41:28.294388;24/Jul/2026:12:41:25.051810;24/Jul/2026:12:41:25.051877;24/Jul/2026:12:41:20.471859;24/Jul/2026:12:41:25.052619;24/Jul/2026:12:41:25.054389;24/Jul/2026:12:41:27.515190;24/Jul/2026:12:41:26.556153;24/Jul/2026:12:41:27.099068;24/Jul/2026:12:41:27.337273;24/Jul/2026:12:41:26.684324;24/Jul/2026:12:41:28.422614;24/Jul/2026:12:41:10.168842;24/Jul/2026:12:41:28.125631;24/Jul/2026:12:41:25.053360;24/Jul/2026:12:41:28.842754;24/Jul/2026:12:41:24.040691;24/Jul/2026:12:41:29.238086;24/Jul/2026:12:41:27.937022;24/Jul/2026:12:41:29.239074;24/Jul/2026:12:41:28.533137;24/Jul/2026:12:41:26.651415;24/Jul/2026:12:41:25.061224;24/Jul/2026:12:41:29.135151;24/Jul/2026:12:41:12.436508;24/Jul/2026:12:41:27.097911;24/Jul/2026:12:41:25.053984;24/Jul/2026:12:41:25.062719;24/Jul/2026:12:41:26.397670;24/Jul/2026:12:41:26.556113;24/Jul/2026:12:41:25.050800;24/Jul/2026:12:41:29.379722;24/Jul/2026:12:41:26.553571;24/Jul/2026:12:41:21.577429;24/Jul/2026:12:41:20.197596;24/Jul/2026:12:41:27.514973;24/Jul/2026:12:41:28.532777;24/Jul/2026:12:41:25.048665;24/Jul/2026:12:41:28.842686;24/Jul/2026:12:41:25.060533;24/Jul/2026:12:41:27.936534;24/Jul/2026:12:41:23.318565;24/Jul/2026:12:41:27.790730;24/Jul/2026:12:41:25.054050;24/Jul/2026:12:41:22.939614;24/Jul/2026:12:41:21.684548;24/Jul/2026:12:41:27.091915;24/Jul/2026:12:41:23.318381;24/Jul/2026:12:41:29.754696;24/Jul/2026:12:41:27.937167;24/Jul/2026:12:41:27.638678;24/Jul/2026:12:41:29.287937;24/Jul/2026:12:41:25.047488;24/Jul/2026:12:41:27.937073;24/Jul/2026:12:41:27.515405;24/Jul/2026:12:41:28.956524;24/Jul/2026:12:41:06.803992;24/Jul/2026:12:41:14.609940,0.6747;3.9427;3.9492;8.5432;4.0053;4.0157;1.6167;2.6310;2.1272;1.9544;2.6369;0.9726;19.2327;1.2866;4.3766;0.5906;5.4338;0.3544;1.6686;0.3999;1.1078;2.9964;4.5975;0.5721;17.2730;2.6341;4.7043;4.7306;3.3975;3.2498;4.7711;0.4599;3.2939;8.2821;9.6656;2.3570;1.3715;4.8575;1.0791;4.8641;1.9974;6.6181;2.1627;4.9166;7.0392;8.3044;2.9240;6.7048;0.2753;2.0940;2.4223;0.8100;5.1010;2.2116;2.6362;1.2105;23.3698;15.5827,bytes=1453122934-1453329839;bytes=133596015-133768878;bytes=137561855-137658424;bytes=1179798088-1180699053;bytes=198316801-198387229;bytes=260947117-261864660;bytes=1183952771-1184843815;bytes=782261394-782354766;bytes=1012286159-1012497707;bytes=1115611117-1116508122;bytes=917785464-917957361;bytes=1514342521-1515253992;bytes=1419253503-1420154834;bytes=1424354691-1424456687;bytes=230599640-230710874;bytes=1631518880-1631706528;bytes=1904972356-1905177879;bytes=1718915264-1719814526;bytes=1286175266-1287078885;bytes=1734825344-1734910513;bytes=1543997921-1544084197;bytes=884601011-884707906;bytes=463302669-464183329;bytes=1689195283-1689288063;bytes=1754602557-1755511310;bytes=1000692090-1001583116;bytes=235056924-235160816;bytes=671887942-672069898;bytes=695940694-696035108;bytes=782160081-782261393;bytes=115845253-116739248;bytes=1768255795-1768351293;bytes=770351812-771247302;bytes=1421456988-1422337868;bytes=1148106083-1149008867;bytes=1181175098-1181274319;bytes=1536141401-1536262502;bytes=93177729-94089058;bytes=1627592323-1627709244;bytes=422482564-423371884;bytes=1281237338-1282119680;bytes=1731011213-1731129848;bytes=1268026567-1268180234;bytes=238849892-238943532;bytes=1652157320-1652269896;bytes=1452005270-1452920191;bytes=966664809-966780862;bytes=1728806131-1729710489;bytes=1850676765-1850889748;bytes=1288385154-1288499519;bytes=1234447122-1234621463;bytes=1750373392-1751288029;bytes=56468680-56567129;bytes=1287078886-1287968373;bytes=1186289767-1187185378;bytes=1647897673-1647994059;bytes=884601011-884707906;bytes=60118164-60193157,b8461963;57cc248a;6dfe2ea5;29eb2b10;8caf2259;3fe09743;4fcc2c3d;4686bd04;2c250a3c;edce2ee9;499c4f56;dbd09a59;78f03fd4;593c8f1d;e6047b51;2c190241;2244cad8;9c623ec5;27438e3f;a70e85e9;2f7885fd;43823a07;7d622f25;94aa3e15;dbfa88d7;d157e0a7;fedf5f6e;cb2e7fe5;7bf7a479;e21b158b;170228b6;3ceb4e27;550330fa;82324f98;7cc6caa7;26b64d72;ff007ef0;75e39812;8e0bbead;092e8340;97797253;ec1b9a91;1fa52ee0;46f491f1;25a84887;859c7f81;2c228d31;968a6569;6210f014;93fb5ec0;e6539a8f;edf21865;eef3afc8;9358f36f;06e5b9e2;ced960a7;f254b746;c746e67c
15,4,394,success,None,24/Jul/2026:12:41:28.841275,24/Jul/2026:12:41:30.476969,1.6357,63,24/Jul/2026:12:41:26.397305;24/Jul/2026:12:41:25.055681;24/Jul/2026:12:41:25.051975;24/Jul/2026:12:41:25.061703;24/Jul/2026:12:41:25.050332;24/Jul/2026:12:41:28.294388;24/Jul/2026:12:41:25.051810;24/Jul/2026:12:41:25.051877;24/Jul/2026:12:41:20.471859;24/Jul/2026:12:41:25.052619;24/Jul/2026:12:41:25.054389;24/Jul/2026:12:41:27.515190;24/Jul/2026:12:41:26.556153;24/Jul/2026:12:41:27.099068;24/Jul/2026:12:41:27.337273;24/Jul/2026:12:41:26.684324;24/Jul/2026:12:41:28.422614;24/Jul/2026:12:41:10.168842;24/Jul/2026:12:41:28.125631;24/Jul/2026:12:41:25.053360;24/Jul/2026:12:41:28.842754;24/Jul/2026:12:41:24.040691;24/Jul/2026:12:41:29.238086;24/Jul/2026:12:41:27.937022;24/Jul/2026:12:41:29.239074;24/Jul/2026:12:41:28.533137;24/Jul/2026:12:41:26.651415;24/Jul/2026:12:41:25.061224;24/Jul/2026:12:41:29.135151;24/Jul/2026:12:41:12.436508;24/Jul/2026:12:41:27.097911;24/Jul/2026:12:41:25.053984;24/Jul/2026:12:41:25.062719;24/Jul/2026:12:41:26.397670;24/Jul/2026:12:41:26.556113;24/Jul/2026:12:41:25.050800;24/Jul/2026:12:41:29.379722;24/Jul/2026:12:41:26.553571;24/Jul/2026:12:41:21.577429;24/Jul/2026:12:41:20.197596;24/Jul/2026:12:41:27.514973;24/Jul/2026:12:41:28.532777;24/Jul/2026:12:41:25.048665;24/Jul/2026:12:41:28.842686;24/Jul/2026:12:41:25.060533;24/Jul/2026:12:41:27.936534;24/Jul/2026:12:41:23.318565;24/Jul/2026:12:41:27.790730;24/Jul/2026:12:41:25.054050;24/Jul/2026:12:41:22.939614;24/Jul/2026:12:41:21.684548;24/Jul/2026:12:41:27.091915;24/Jul/2026:12:41:23.318381;24/Jul/2026:12:41:29.754696;24/Jul/2026:12:41:27.937167;24/Jul/2026:12:41:27.638678;24/Jul/2026:12:41:29.287937;24/Jul/2026:12:41:25.047488;24/Jul/2026:12:41:27.937073;24/Jul/2026:12:41:27.515405;24/Jul/2026:12:41:28.956524;24/Jul/2026:12:41:06.803992;24/Jul/2026:12:41:14.609940,2.4544;3.8099;3.8285;3.8202;3.8547;0.6747;3.9427;3.9492;8.5432;4.0053;4.0157;1.6167;2.6310;2.1272;1.9544;2.6369;0.9726;19.2327;1.2866;4.3766;0.5906;5.4338;0.3544;1.6686;0.3999;1.1078;2.9964;4.5975;0.5721;17.2730;2.6341;4.7043;4.7306;3.3975;3.2498;4.7711;0.4599;3.2939;8.2821;9.6656;2.3570;1.3715;4.8575;1.0791;4.8641;1.9974;6.6181;2.1627;4.9166;7.0392;8.3044;2.9240;6.7048;0.2753;2.0940;2.4223;0.8100;5.1010;2.2116;2.6362;1.2105;23.3698;15.5827,bytes=691855839-691953226;bytes=299798266-299946571;bytes=134855394-135741531;bytes=472580560-473463475;bytes=111862688-112758630;bytes=1453122934-1453329839;bytes=133596015-133768878;bytes=137561855-137658424;bytes=1179798088-1180699053;bytes=198316801-198387229;bytes=260947117-261864660;bytes=1183952771-1184843815;bytes=782261394-782354766;bytes=1012286159-1012497707;bytes=1115611117-1116508122;bytes=917785464-917957361;bytes=1514342521-1515253992;bytes=1419253503-1420154834;bytes=1424354691-1424456687;bytes=230599640-230710874;bytes=1631518880-1631706528;bytes=1904972356-1905177879;bytes=1718915264-1719814526;bytes=1286175266-1287078885;bytes=1734825344-1734910513;bytes=1543997921-1544084197;bytes=884601011-884707906;bytes=463302669-464183329;bytes=1689195283-1689288063;bytes=1754602557-1755511310;bytes=1000692090-1001583116;bytes=235056924-235160816;bytes=671887942-672069898;bytes=695940694-696035108;bytes=782160081-782261393;bytes=115845253-116739248;bytes=1768255795-1768351293;bytes=770351812-771247302;bytes=1421456988-1422337868;bytes=1148106083-1149008867;bytes=1181175098-1181274319;bytes=1536141401-1536262502;bytes=93177729-94089058;bytes=1627592323-1627709244;bytes=422482564-423371884;bytes=1281237338-1282119680;bytes=1731011213-1731129848;bytes=1268026567-1268180234;bytes=238849892-238943532;bytes=1652157320-1652269896;bytes=1452005270-1452920191;bytes=966664809-966780862;bytes=1728806131-1729710489;bytes=1850676765-1850889748;bytes=1288385154-1288499519;bytes=1234447122-1234621463;bytes=1750373392-1751288029;bytes=56468680-56567129;bytes=1287078886-1287968373;bytes=1186289767-1187185378;bytes=1647897673-1647994059;bytes=884601011-884707906;bytes=60118164-60193157,3ef8c155;4bd48fd8;110affcb;30efbf25;35d7235d;b8461963;57cc248a;6dfe2ea5;29eb2b10;8caf2259;3fe09743;4fcc2c3d;4686bd04;2c250a3c;edce2ee9;499c4f56;dbd09a59;78f03fd4;593c8f1d;e6047b51;2c190241;2244cad8;9c623ec5;27438e3f;a70e85e9;2f7885fd;43823a07;7d622f25;94aa3e15;dbfa88d7;d157e0a7;fedf5f6e;cb2e7fe5;7bf7a479;e21b158b;170228b6;3ceb4e27;550330fa;82324f98;7cc6caa7;26b64d72;ff007ef0;75e39812;8e0bbead;092e8340;97797253;ec1b9a91;1fa52ee0;46f491f1;25a84887;859c7f81;2c228d31;968a6569;6210f014;93fb5ec0;e6539a8f;edf21865;eef3afc8;9358f36f;06e5b9e2;ced960a7;f254b746;c746e67c
15,4,419,success,None,24/Jul/2026:12:41:29.237200,24/Jul/2026:12:41:30.661305,1.4241,49,24/Jul/2026:12:41:27.337273;24/Jul/2026:12:41:26.684324;24/Jul/2026:12:41:28.422614;24/Jul/2026:12:41:10.168842;24/Jul/2026:12:41:28.125631;24/Jul/2026:12:41:25.053360;24/Jul/2026:12:41:28.842754;24/Jul/2026:12:41:24.040691;24/Jul/2026:12:41:29.238086;24/Jul/2026:12:41:27.937022;24/Jul/2026:12:41:29.239074;24/Jul/2026:12:41:28.533137;24/Jul/2026:12:41:26.651415;24/Jul/2026:12:41:25.061224;24/Jul/2026:12:41:29.135151;24/Jul/2026:12:41:12.436508;24/Jul/2026:12:41:27.097911;24/Jul/2026:12:41:25.053984;24/Jul/2026:12:41:25.062719;24/Jul/2026:12:41:26.397670;24/Jul/2026:12:41:26.556113;24/Jul/2026:12:41:25.050800;24/Jul/2026:12:41:29.379722;24/Jul/2026:12:41:26.553571;24/Jul/2026:12:41:21.577429;24/Jul/2026:12:41:20.197596;24/Jul/2026:12:41:27.514973;24/Jul/2026:12:41:28.532777;24/Jul/2026:12:41:25.048665;24/Jul/2026:12:41:28.842686;24/Jul/2026:12:41:25.060533;24/Jul/2026:12:41:27.936534;24/Jul/2026:12:41:23.318565;24/Jul/2026:12:41:27.790730;24/Jul/2026:12:41:25.054050;24/Jul/2026:12:41:22.939614;24/Jul/2026:12:41:21.684548;24/Jul/2026:12:41:27.091915;24/Jul/2026:12:41:23.318381;24/Jul/2026:12:41:29.754696;24/Jul/2026:12:41:27.937167;24/Jul/2026:12:41:27.638678;24/Jul/2026:12:41:29.287937;24/Jul/2026:12:41:25.047488;24/Jul/2026:12:41:27.937073;24/Jul/2026:12:41:27.515405;24/Jul/2026:12:41:28.956524;24/Jul/2026:12:41:06.803992;24/Jul/2026:12:41:14.609940,1.9544;2.6369;0.9726;19.2327;1.2866;4.3766;0.5906;5.4338;0.3544;1.6686;0.3999;1.1078;2.9964;4.5975;0.5721;17.2730;2.6341;4.7043;4.7306;3.3975;3.2498;4.7711;0.4599;3.2939;8.2821;9.6656;2.3570;1.3715;4.8575;1.0791;4.8641;1.9974;6.6181;2.1627;4.9166;7.0392;8.3044;2.9240;6.7048;0.2753;2.0940;2.4223;0.8100;5.1010;2.2116;2.6362;1.2105;23.3698;15.5827,bytes=1115611117-1116508122;bytes=917785464-917957361;bytes=1514342521-1515253992;bytes=1419253503-1420154834;bytes=1424354691-1424456687;bytes=230599640-230710874;bytes=1631518880-1631706528;bytes=1904972356-1905177879;bytes=1718915264-1719814526;bytes=1286175266-1287078885;bytes=1734825344-1734910513;bytes=1543997921-1544084197;bytes=884601011-884707906;bytes=463302669-464183329;bytes=1689195283-1689288063;bytes=1754602557-1755511310;bytes=1000692090-1001583116;bytes=235056924-235160816;bytes=671887942-672069898;bytes=695940694-696035108;bytes=782160081-782261393;bytes=115845253-116739248;bytes=1768255795-1768351293;bytes=770351812-771247302;bytes=1421456988-1422337868;bytes=1148106083-1149008867;bytes=1181175098-1181274319;bytes=1536141401-1536262502;bytes=93177729-94089058;bytes=1627592323-1627709244;bytes=422482564-423371884;bytes=1281237338-1282119680;bytes=1731011213-1731129848;bytes=1268026567-1268180234;bytes=238849892-238943532;bytes=1652157320-1652269896;bytes=1452005270-1452920191;bytes=966664809-966780862;bytes=1728806131-1729710489;bytes=1850676765-1850889748;bytes=1288385154-1288499519;bytes=1234447122-1234621463;bytes=1750373392-1751288029;bytes=56468680-56567129;bytes=1287078886-1287968373;bytes=1186289767-1187185378;bytes=1647897673-1647994059;bytes=884601011-884707906;bytes=60118164-60193157,edce2ee9;499c4f56;dbd09a59;78f03fd4;593c8f1d;e6047b51;2c190241;2244cad8;9c623ec5;27438e3f;a70e85e9;2f7885fd;43823a07;7d622f25;94aa3e15;dbfa88d7;d157e0a7;fedf5f6e;cb2e7fe5;7bf7a479;e21b158b;170228b6;3ceb4e27;550330fa;82324f98;7cc6caa7;26b64d72;ff007ef0;75e39812;8e0bbead;092e8340;97797253;ec1b9a91;1fa52ee0;46f491f1;25a84887;859c7f81;2c228d31;968a6569;6210f014;93fb5ec0;e6539a8f;edf21865;eef3afc8;9358f36f;06e5b9e2;ced960a7;f254b746;c746e67c
15,4,409,success,None,24/Jul/2026:12:41:29.133663,24/Jul/2026:12:41:30.677192,1.5435,51,24/Jul/2026:12:41:26.556153;24/Jul/2026:12:41:27.099068;24/Jul/2026:12:41:27.337273;24/Jul/2026:12:41:26.684324;24/Jul/2026:12:41:28.422614;24/Jul/2026:12:41:10.168842;24/Jul/2026:12:41:28.125631;24/Jul/2026:12:41:25.053360;24/Jul/2026:12:41:28.842754;24/Jul/2026:12:41:24.040691;24/Jul/2026:12:41:29.238086;24/Jul/2026:12:41:27.937022;24/Jul/2026:12:41:29.239074;24/Jul/2026:12:41:28.533137;24/Jul/2026:12:41:26.651415;24/Jul/2026:12:41:25.061224;24/Jul/2026:12:41:29.135151;24/Jul/2026:12:41:12.436508;24/Jul/2026:12:41:27.097911;24/Jul/2026:12:41:25.053984;24/Jul/2026:12:41:25.062719;24/Jul/2026:12:41:26.397670;24/Jul/2026:12:41:26.556113;24/Jul/2026:12:41:25.050800;24/Jul/2026:12:41:29.379722;24/Jul/2026:12:41:26.553571;24/Jul/2026:12:41:21.577429;24/Jul/2026:12:41:20.197596;24/Jul/2026:12:41:27.514973;24/Jul/2026:12:41:28.532777;24/Jul/2026:12:41:25.048665;24/Jul/2026:12:41:28.842686;24/Jul/2026:12:41:25.060533;24/Jul/2026:12:41:27.936534;24/Jul/2026:12:41:23.318565;24/Jul/2026:12:41:27.790730;24/Jul/2026:12:41:25.054050;24/Jul/2026:12:41:22.939614;24/Jul/2026:12:41:21.684548;24/Jul/2026:12:41:27.091915;24/Jul/2026:12:41:23.318381;24/Jul/2026:12:41:29.754696;24/Jul/2026:12:41:27.937167;24/Jul/2026:12:41:27.638678;24/Jul/2026:12:41:29.287937;24/Jul/2026:12:41:25.047488;24/Jul/2026:12:41:27.937073;24/Jul/2026:12:41:27.515405;24/Jul/2026:12:41:28.956524;24/Jul/2026:12:41:06.803992;24/Jul/2026:12:41:14.609940,2.6310;2.1272;1.9544;2.6369;0.9726;19.2327;1.2866;4.3766;0.5906;5.4338;0.3544;1.6686;0.3999;1.1078;2.9964;4.5975;0.5721;17.2730;2.6341;4.7043;4.7306;3.3975;3.2498;4.7711;0.4599;3.2939;8.2821;9.6656;2.3570;1.3715;4.8575;1.0791;4.8641;1.9974;6.6181;2.1627;4.9166;7.0392;8.3044;2.9240;6.7048;0.2753;2.0940;2.4223;0.8100;5.1010;2.2116;2.6362;1.2105;23.3698;15.5827,bytes=782261394-782354766;bytes=1012286159-1012497707;bytes=1115611117-1116508122;bytes=917785464-917957361;bytes=1514342521-1515253992;bytes=1419253503-1420154834;bytes=1424354691-1424456687;bytes=230599640-230710874;bytes=1631518880-1631706528;bytes=1904972356-1905177879;bytes=1718915264-1719814526;bytes=1286175266-1287078885;bytes=1734825344-1734910513;bytes=1543997921-1544084197;bytes=884601011-884707906;bytes=463302669-464183329;bytes=1689195283-1689288063;bytes=1754602557-1755511310;bytes=1000692090-1001583116;bytes=235056924-235160816;bytes=671887942-672069898;bytes=695940694-696035108;bytes=782160081-782261393;bytes=115845253-116739248;bytes=1768255795-1768351293;bytes=770351812-771247302;bytes=1421456988-1422337868;bytes=1148106083-1149008867;bytes=1181175098-1181274319;bytes=1536141401-1536262502;bytes=93177729-94089058;bytes=1627592323-1627709244;bytes=422482564-423371884;bytes=1281237338-1282119680;bytes=1731011213-1731129848;bytes=1268026567-1268180234;bytes=238849892-238943532;bytes=1652157320-1652269896;bytes=1452005270-1452920191;bytes=966664809-966780862;bytes=1728806131-1729710489;bytes=1850676765-1850889748;bytes=1288385154-1288499519;bytes=1234447122-1234621463;bytes=1750373392-1751288029;bytes=56468680-56567129;bytes=1287078886-1287968373;bytes=1186289767-1187185378;bytes=1647897673-1647994059;bytes=884601011-884707906;bytes=60118164-60193157,4686bd04;2c250a3c;edce2ee9;499c4f56;dbd09a59;78f03fd4;593c8f1d;e6047b51;2c190241;2244cad8;9c623ec5;27438e3f;a70e85e9;2f7885fd;43823a07;7d622f25;94aa3e15;dbfa88d7;d157e0a7;fedf5f6e;cb2e7fe5;7bf7a479;e21b158b;170228b6;3ceb4e27;550330fa;82324f98;7cc6caa7;26b64d72;ff007ef0;75e39812;8e0bbead;092e8340;97797253;ec1b9a91;1fa52ee0;46f491f1;25a84887;859c7f81;2c228d31;968a6569;6210f014;93fb5ec0;e6539a8f;edf21865;eef3afc8;9358f36f;06e5b9e2;ced960a7;f254b746;c746e67c
15,4,430,success,None,24/Jul/2026:12:41:29.378965,24/Jul/2026:12:41:30.820943,1.4420,47,24/Jul/2026:12:41:28.422614;24/Jul/2026:12:41:10.168842;24/Jul/2026:12:41:28.125631;24/Jul/2026:12:41:25.053360;24/Jul/2026:12:41:28.842754;24/Jul/2026:12:41:24.040691;24/Jul/2026:12:41:29.238086;24/Jul/2026:12:41:27.937022;24/Jul/2026:12:41:29.239074;24/Jul/2026:12:41:28.533137;24/Jul/2026:12:41:26.651415;24/Jul/2026:12:41:25.061224;24/Jul/2026:12:41:29.135151;24/Jul/2026:12:41:12.436508;24/Jul/2026:12:41:27.097911;24/Jul/2026:12:41:25.053984;24/Jul/2026:12:41:25.062719;24/Jul/2026:12:41:26.397670;24/Jul/2026:12:41:26.556113;24/Jul/2026:12:41:25.050800;24/Jul/2026:12:41:29.379722;24/Jul/2026:12:41:26.553571;24/Jul/2026:12:41:21.577429;24/Jul/2026:12:41:20.197596;24/Jul/2026:12:41:27.514973;24/Jul/2026:12:41:28.532777;24/Jul/2026:12:41:25.048665;24/Jul/2026:12:41:28.842686;24/Jul/2026:12:41:25.060533;24/Jul/2026:12:41:27.936534;24/Jul/2026:12:41:23.318565;24/Jul/2026:12:41:27.790730;24/Jul/2026:12:41:25.054050;24/Jul/2026:12:41:22.939614;24/Jul/2026:12:41:21.684548;24/Jul/2026:12:41:27.091915;24/Jul/2026:12:41:23.318381;24/Jul/2026:12:41:29.754696;24/Jul/2026:12:41:27.937167;24/Jul/2026:12:41:27.638678;24/Jul/2026:12:41:29.287937;24/Jul/2026:12:41:25.047488;24/Jul/2026:12:41:27.937073;24/Jul/2026:12:41:27.515405;24/Jul/2026:12:41:28.956524;24/Jul/2026:12:41:06.803992;24/Jul/2026:12:41:14.609940,0.9726;19.2327;1.2866;4.3766;0.5906;5.4338;0.3544;1.6686;0.3999;1.1078;2.9964;4.5975;0.5721;17.2730;2.6341;4.7043;4.7306;3.3975;3.2498;4.7711;0.4599;3.2939;8.2821;9.6656;2.3570;1.3715;4.8575;1.0791;4.8641;1.9974;6.6181;2.1627;4.9166;7.0392;8.3044;2.9240;6.7048;0.2753;2.0940;2.4223;0.8100;5.1010;2.2116;2.6362;1.2105;23.3698;15.5827,bytes=1514342521-1515253992;bytes=1419253503-1420154834;bytes=1424354691-1424456687;bytes=230599640-230710874;bytes=1631518880-1631706528;bytes=1904972356-1905177879;bytes=1718915264-1719814526;bytes=1286175266-1287078885;bytes=1734825344-1734910513;bytes=1543997921-1544084197;bytes=884601011-884707906;bytes=463302669-464183329;bytes=1689195283-1689288063;bytes=1754602557-1755511310;bytes=1000692090-1001583116;bytes=235056924-235160816;bytes=671887942-672069898;bytes=695940694-696035108;bytes=782160081-782261393;bytes=115845253-116739248;bytes=1768255795-1768351293;bytes=770351812-771247302;bytes=1421456988-1422337868;bytes=1148106083-1149008867;bytes=1181175098-1181274319;bytes=1536141401-1536262502;bytes=93177729-94089058;bytes=1627592323-1627709244;bytes=422482564-423371884;bytes=1281237338-1282119680;bytes=1731011213-1731129848;bytes=1268026567-1268180234;bytes=238849892-238943532;bytes=1652157320-1652269896;bytes=1452005270-1452920191;bytes=966664809-966780862;bytes=1728806131-1729710489;bytes=1850676765-1850889748;bytes=1288385154-1288499519;bytes=1234447122-1234621463;bytes=1750373392-1751288029;bytes=56468680-56567129;bytes=1287078886-1287968373;bytes=1186289767-1187185378;bytes=1647897673-1647994059;bytes=884601011-884707906;bytes=60118164-60193157,dbd09a59;78f03fd4;593c8f1d;e6047b51;2c190241;2244cad8;9c623ec5;27438e3f;a70e85e9;2f7885fd;43823a07;7d622f25;94aa3e15;dbfa88d7;d157e0a7;fedf5f6e;cb2e7fe5;7bf7a479;e21b158b;170228b6;3ceb4e27;550330fa;82324f98;7cc6caa7;26b64d72;ff007ef0;75e39812;8e0bbead;092e8340;97797253;ec1b9a91;1fa52ee0;46f491f1;25a84887;859c7f81;2c228d31;968a6569;6210f014;93fb5ec0;e6539a8f;edf21865;eef3afc8;9358f36f;06e5b9e2;ced960a7;f254b746;c746e67c
15,4,450,success,None,24/Jul/2026:12:41:29.753983,24/Jul/2026:12:41:30.891145,1.1372,32,24/Jul/2026:12:41:25.053984;24/Jul/2026:12:41:25.062719;24/Jul/2026:12:41:26.397670;24/Jul/2026:12:41:26.556113;24/Jul/2026:12:41:25.050800;24/Jul/2026:12:41:29.379722;24/Jul/2026:12:41:26.553571;24/Jul/2026:12:41:21.577429;24/Jul/2026:12:41:20.197596;24/Jul/2026:12:41:27.514973;24/Jul/2026:12:41:28.532777;24/Jul/2026:12:41:25.048665;24/Jul/2026:12:41:28.842686;24/Jul/2026:12:41:25.060533;24/Jul/2026:12:41:27.936534;24/Jul/2026:12:41:23.318565;24/Jul/2026:12:41:27.790730;24/Jul/2026:12:41:25.054050;24/Jul/2026:12:41:22.939614;24/Jul/2026:12:41:21.684548;24/Jul/2026:12:41:27.091915;24/Jul/2026:12:41:23.318381;24/Jul/2026:12:41:29.754696;24/Jul/2026:12:41:27.937167;24/Jul/2026:12:41:27.638678;24/Jul/2026:12:41:29.287937;24/Jul/2026:12:41:25.047488;24/Jul/2026:12:41:27.937073;24/Jul/2026:12:41:27.515405;24/Jul/2026:12:41:28.956524;24/Jul/2026:12:41:06.803992;24/Jul/2026:12:41:14.609940,4.7043;4.7306;3.3975;3.2498;4.7711;0.4599;3.2939;8.2821;9.6656;2.3570;1.3715;4.8575;1.0791;4.8641;1.9974;6.6181;2.1627;4.9166;7.0392;8.3044;2.9240;6.7048;0.2753;2.0940;2.4223;0.8100;5.1010;2.2116;2.6362;1.2105;23.3698;15.5827,bytes=235056924-235160816;bytes=671887942-672069898;bytes=695940694-696035108;bytes=782160081-782261393;bytes=115845253-116739248;bytes=1768255795-1768351293;bytes=770351812-771247302;bytes=1421456988-1422337868;bytes=1148106083-1149008867;bytes=1181175098-1181274319;bytes=1536141401-1536262502;bytes=93177729-94089058;bytes=1627592323-1627709244;bytes=422482564-423371884;bytes=1281237338-1282119680;bytes=1731011213-1731129848;bytes=1268026567-1268180234;bytes=238849892-238943532;bytes=1652157320-1652269896;bytes=1452005270-1452920191;bytes=966664809-966780862;bytes=1728806131-1729710489;bytes=1850676765-1850889748;bytes=1288385154-1288499519;bytes=1234447122-1234621463;bytes=1750373392-1751288029;bytes=56468680-56567129;bytes=1287078886-1287968373;bytes=1186289767-1187185378;bytes=1647897673-1647994059;bytes=884601011-884707906;bytes=60118164-60193157,fedf5f6e;cb2e7fe5;7bf7a479;e21b158b;170228b6;3ceb4e27;550330fa;82324f98;7cc6caa7;26b64d72;ff007ef0;75e39812;8e0bbead;092e8340;97797253;ec1b9a91;1fa52ee0;46f491f1;25a84887;859c7f81;2c228d31;968a6569;6210f014;93fb5ec0;e6539a8f;edf21865;eef3afc8;9358f36f;06e5b9e2;ced960a7;f254b746;c746e67c
15,4,444,success,None,24/Jul/2026:12:41:29.477019,24/Jul/2026:12:41:30.913582,1.4366,41,24/Jul/2026:12:41:29.238086;24/Jul/2026:12:41:27.937022;24/Jul/2026:12:41:29.239074;24/Jul/2026:12:41:28.533137;24/Jul/2026:12:41:26.651415;24/Jul/2026:12:41:25.061224;24/Jul/2026:12:41:29.135151;24/Jul/2026:12:41:12.436508;24/Jul/2026:12:41:27.097911;24/Jul/2026:12:41:25.053984;24/Jul/2026:12:41:25.062719;24/Jul/2026:12:41:26.397670;24/Jul/2026:12:41:26.556113;24/Jul/2026:12:41:25.050800;24/Jul/2026:12:41:29.379722;24/Jul/2026:12:41:26.553571;24/Jul/2026:12:41:21.577429;24/Jul/2026:12:41:20.197596;24/Jul/2026:12:41:27.514973;24/Jul/2026:12:41:28.532777;24/Jul/2026:12:41:25.048665;24/Jul/2026:12:41:28.842686;24/Jul/2026:12:41:25.060533;24/Jul/2026:12:41:27.936534;24/Jul/2026:12:41:23.318565;24/Jul/2026:12:41:27.790730;24/Jul/2026:12:41:25.054050;24/Jul/2026:12:41:22.939614;24/Jul/2026:12:41:21.684548;24/Jul/2026:12:41:27.091915;24/Jul/2026:12:41:23.318381;24/Jul/2026:12:41:29.754696;24/Jul/2026:12:41:27.937167;24/Jul/2026:12:41:27.638678;24/Jul/2026:12:41:29.287937;24/Jul/2026:12:41:25.047488;24/Jul/2026:12:41:27.937073;24/Jul/2026:12:41:27.515405;24/Jul/2026:12:41:28.956524;24/Jul/2026:12:41:06.803992;24/Jul/2026:12:41:14.609940,0.3544;1.6686;0.3999;1.1078;2.9964;4.5975;0.5721;17.2730;2.6341;4.7043;4.7306;3.3975;3.2498;4.7711;0.4599;3.2939;8.2821;9.6656;2.3570;1.3715;4.8575;1.0791;4.8641;1.9974;6.6181;2.1627;4.9166;7.0392;8.3044;2.9240;6.7048;0.2753;2.0940;2.4223;0.8100;5.1010;2.2116;2.6362;1.2105;23.3698;15.5827,bytes=1718915264-1719814526;bytes=1286175266-1287078885;bytes=1734825344-1734910513;bytes=1543997921-1544084197;bytes=884601011-884707906;bytes=463302669-464183329;bytes=1689195283-1689288063;bytes=1754602557-1755511310;bytes=1000692090-1001583116;bytes=235056924-235160816;bytes=671887942-672069898;bytes=695940694-696035108;bytes=782160081-782261393;bytes=115845253-116739248;bytes=1768255795-1768351293;bytes=770351812-771247302;bytes=1421456988-1422337868;bytes=1148106083-1149008867;bytes=1181175098-1181274319;bytes=1536141401-1536262502;bytes=93177729-94089058;bytes=1627592323-1627709244;bytes=422482564-423371884;bytes=1281237338-1282119680;bytes=1731011213-1731129848;bytes=1268026567-1268180234;bytes=238849892-238943532;bytes=1652157320-1652269896;bytes=1452005270-1452920191;bytes=966664809-966780862;bytes=1728806131-1729710489;bytes=1850676765-1850889748;bytes=1288385154-1288499519;bytes=1234447122-1234621463;bytes=1750373392-1751288029;bytes=56468680-56567129;bytes=1287078886-1287968373;bytes=1186289767-1187185378;bytes=1647897673-1647994059;bytes=884601011-884707906;bytes=60118164-60193157,9c623ec5;27438e3f;a70e85e9;2f7885fd;43823a07;7d622f25;94aa3e15;dbfa88d7;d157e0a7;fedf5f6e;cb2e7fe5;7bf7a479;e21b158b;170228b6;3ceb4e27;550330fa;82324f98;7cc6caa7;26b64d72;ff007ef0;75e39812;8e0bbead;092e8340;97797253;ec1b9a91;1fa52ee0;46f491f1;25a84887;859c7f81;2c228d31;968a6569;6210f014;93fb5ec0;e6539a8f;edf21865;eef3afc8;9358f36f;06e5b9e2;ced960a7;f254b746;c746e67c
15,4,425,success,None,24/Jul/2026:12:41:29.286993,24/Jul/2026:12:41:30.922475,1.6355,49,24/Jul/2026:12:41:27.337273;24/Jul/2026:12:41:26.684324;24/Jul/2026:12:41:28.422614;24/Jul/2026:12:41:10.168842;24/Jul/2026:12:41:28.125631;24/Jul/2026:12:41:25.053360;24/Jul/2026:12:41:28.842754;24/Jul/2026:12:41:24.040691;24/Jul/2026:12:41:29.238086;24/Jul/2026:12:41:27.937022;24/Jul/2026:12:41:29.239074;24/Jul/2026:12:41:28.533137;24/Jul/2026:12:41:26.651415;24/Jul/2026:12:41:25.061224;24/Jul/2026:12:41:29.135151;24/Jul/2026:12:41:12.436508;24/Jul/2026:12:41:27.097911;24/Jul/2026:12:41:25.053984;24/Jul/2026:12:41:25.062719;24/Jul/2026:12:41:26.397670;24/Jul/2026:12:41:26.556113;24/Jul/2026:12:41:25.050800;24/Jul/2026:12:41:29.379722;24/Jul/2026:12:41:26.553571;24/Jul/2026:12:41:21.577429;24/Jul/2026:12:41:20.197596;24/Jul/2026:12:41:27.514973;24/Jul/2026:12:41:28.532777;24/Jul/2026:12:41:25.048665;24/Jul/2026:12:41:28.842686;24/Jul/2026:12:41:25.060533;24/Jul/2026:12:41:27.936534;24/Jul/2026:12:41:23.318565;24/Jul/2026:12:41:27.790730;24/Jul/2026:12:41:25.054050;24/Jul/2026:12:41:22.939614;24/Jul/2026:12:41:21.684548;24/Jul/2026:12:41:27.091915;24/Jul/2026:12:41:23.318381;24/Jul/2026:12:41:29.754696;24/Jul/2026:12:41:27.937167;24/Jul/2026:12:41:27.638678;24/Jul/2026:12:41:29.287937;24/Jul/2026:12:41:25.047488;24/Jul/2026:12:41:27.937073;24/Jul/2026:12:41:27.515405;24/Jul/2026:12:41:28.956524;24/Jul/2026:12:41:06.803992;24/Jul/2026:12:41:14.609940,1.9544;2.6369;0.9726;19.2327;1.2866;4.3766;0.5906;5.4338;0.3544;1.6686;0.3999;1.1078;2.9964;4.5975;0.5721;17.2730;2.6341;4.7043;4.7306;3.3975;3.2498;4.7711;0.4599;3.2939;8.2821;9.6656;2.3570;1.3715;4.8575;1.0791;4.8641;1.9974;6.6181;2.1627;4.9166;7.0392;8.3044;2.9240;6.7048;0.2753;2.0940;2.4223;0.8100;5.1010;2.2116;2.6362;1.2105;23.3698;15.5827,bytes=1115611117-1116508122;bytes=917785464-917957361;bytes=1514342521-1515253992;bytes=1419253503-1420154834;bytes=1424354691-1424456687;bytes=230599640-230710874;bytes=1631518880-1631706528;bytes=1904972356-1905177879;bytes=1718915264-1719814526;bytes=1286175266-1287078885;bytes=1734825344-1734910513;bytes=1543997921-1544084197;bytes=884601011-884707906;bytes=463302669-464183329;bytes=1689195283-1689288063;bytes=1754602557-1755511310;bytes=1000692090-1001583116;bytes=235056924-235160816;bytes=671887942-672069898;bytes=695940694-696035108;bytes=782160081-782261393;bytes=115845253-116739248;bytes=1768255795-1768351293;bytes=770351812-771247302;bytes=1421456988-1422337868;bytes=1148106083-1149008867;bytes=1181175098-1181274319;bytes=1536141401-1536262502;bytes=93177729-94089058;bytes=1627592323-1627709244;bytes=422482564-423371884;bytes=1281237338-1282119680;bytes=1731011213-1731129848;bytes=1268026567-1268180234;bytes=238849892-238943532;bytes=1652157320-1652269896;bytes=1452005270-1452920191;bytes=966664809-966780862;bytes=1728806131-1729710489;bytes=1850676765-1850889748;bytes=1288385154-1288499519;bytes=1234447122-1234621463;bytes=1750373392-1751288029;bytes=56468680-56567129;bytes=1287078886-1287968373;bytes=1186289767-1187185378;bytes=1647897673-1647994059;bytes=884601011-884707906;bytes=60118164-60193157,edce2ee9;499c4f56;dbd09a59;78f03fd4;593c8f1d;e6047b51;2c190241;2244cad8;9c623ec5;27438e3f;a70e85e9;2f7885fd;43823a07;7d622f25;94aa3e15;dbfa88d7;d157e0a7;fedf5f6e;cb2e7fe5;7bf7a479;e21b158b;170228b6;3ceb4e27;550330fa;82324f98;7cc6caa7;26b64d72;ff007ef0;75e39812;8e0bbead;092e8340;97797253;ec1b9a91;1fa52ee0;46f491f1;25a84887;859c7f81;2c228d31;968a6569;6210f014;93fb5ec0;e6539a8f;edf21865;eef3afc8;9358f36f;06e5b9e2;ced960a7;f254b746;c746e67c
15,4,462,success,None,24/Jul/2026:12:41:29.923069,24/Jul/2026:12:41:31.146836,1.2238,19,24/Jul/2026:12:41:25.060533;24/Jul/2026:12:41:27.936534;24/Jul/2026:12:41:23.318565;24/Jul/2026:12:41:27.790730;24/Jul/2026:12:41:25.054050;24/Jul/2026:12:41:22.939614;24/Jul/2026:12:41:21.684548;24/Jul/2026:12:41:27.091915;24/Jul/2026:12:41:23.318381;24/Jul/2026:12:41:29.754696;24/Jul/2026:12:41:27.937167;24/Jul/2026:12:41:27.638678;24/Jul/2026:12:41:29.287937;24/Jul/2026:12:41:25.047488;24/Jul/2026:12:41:27.937073;24/Jul/2026:12:41:27.515405;24/Jul/2026:12:41:28.956524;24/Jul/2026:12:41:06.803992;24/Jul/2026:12:41:14.609940,4.8641;1.9974;6.6181;2.1627;4.9166;7.0392;8.3044;2.9240;6.7048;0.2753;2.0940;2.4223;0.8100;5.1010;2.2116;2.6362;1.2105;23.3698;15.5827,bytes=422482564-423371884;bytes=1281237338-1282119680;bytes=1731011213-1731129848;bytes=1268026567-1268180234;bytes=238849892-238943532;bytes=1652157320-1652269896;bytes=1452005270-1452920191;bytes=966664809-966780862;bytes=1728806131-1729710489;bytes=1850676765-1850889748;bytes=1288385154-1288499519;bytes=1234447122-1234621463;bytes=1750373392-1751288029;bytes=56468680-56567129;bytes=1287078886-1287968373;bytes=1186289767-1187185378;bytes=1647897673-1647994059;bytes=884601011-884707906;bytes=60118164-60193157,092e8340;97797253;ec1b9a91;1fa52ee0;46f491f1;25a84887;859c7f81;2c228d31;968a6569;6210f014;93fb5ec0;e6539a8f;edf21865;eef3afc8;9358f36f;06e5b9e2;ced960a7;f254b746;c746e67c
